employee_id	first_name	last_name	email	hire_date	termination_date	employment_status	job_title	management_tier	department_id	base_salary	performance_rating	gender	ethnicity	age
1	Tonya	Williams	kimberlyingram@example.org	2021-08-31	NULL	Active	Associate - Supply Chain	Associate	12	49029.13	5	Other	Two or More	35
2	Juan	Turner	marykelley@example.net	2023-04-25	NULL	Active	Assistant Manager - People Operations	Assistant Manager	4	95178.25	4	Male	Hispanic	47
3	Nicholas	Martin	bethanymoore@example.com	2021-12-18	NULL	Active	Associate - Customer Success	Associate	9	51981.85	3	Other	Two or More	35
4	Kenneth	Anderson	nmoore@example.net	2021-12-06	NULL	Active	Supervisor/Lead - People Operations	Supervisor/Lead	4	64834.07	3	Male	Asian	41
5	Tammy	Roman	christopher14@example.net	2025-04-01	NULL	Active	Associate - IT Support	Associate	10	60349.33	3	Other	Hispanic	38
6	Kevin	Ford	david33@example.org	2022-10-11	2024-12-26	Terminated	Domain Director - Security	Domain Director	11	-155047.65	4	Other	Asian	51
7	Patricia	Clark	roachnicole@example.com	2022-02-28	NULL	Active	Associate - Internal Communications	Associate	15	73433.69	5	Female	Caucasian	35
8	Daniel	Watson	scottking@example.net	2022-06-05	NULL	Active	Associate - IT Support	Associate	10	70017.38	4	Other	Hispanic	23
9	Barbara	Mills	krystalvasquez@example.com	2025-02-28	NULL	Active	Associate - Supply Chain	Associate	12	65379.35	3	Other	Hispanic	40
10	Michael	Cisneros	evanmurray@example.com	2025-07-21	NULL	Active	Associate - IT Support	Associate	10	71566.27	1	Other	Hispanic	48
11	Kevin	Dean	wnunez@example.org	2025-02-24	NULL	Active	Supervisor/Lead - Supply Chain	Supervisor/Lead	12	56040.32	4	Male	Hispanic	39
12	Natalie	King	garciawayne@example.com	2025-04-23	2026-04-18	Terminated	Associate - Security	Associate	11	49298.39	3	Female	Asian	37
13	Christopher	Wilson	susan93@example.net	2023-06-25	NULL	Active	Associate - IT Support	Associate	10	50410.35	3	Other	African American	59
14	Matthew	Gaines	martinmendoza@example.com	2023-09-19	NULL	Active	Associate - Data Science	Associate	3	54003.91	3	Non-Binary	Caucasian	40
15	David	Cantrell	teresa58@example.com	2021-11-11	NULL	Active	Associate - Engineering	Associate	1	53215.23	3	Male	African American	41
16	  Thomas	Wright	hansonjenna@example.com	2022-11-27	NULL	Active	Associate - Sales	Associate	8	52390.23	3	Other	Two or More	32
17	Samuel	Ball	achambers@example.com	2025-05-30	NULL	Active	Associate - Supply Chain	Associate	12	66389.8	2	Male	African American	32
18	Peter	Malone	john83@example.com	2025-10-21	2026-04-07	Terminated	Associate - Marketing	Associate	7	46118.51	4	Male	Hispanic	38
19	Adam	Harris	tinariggs@example.org	2025-11-01	NULL	Active	Associate - Supply Chain	Associate	12	49825.39	3	Non-Binary	Two or More	41
20	Anna	Smith	tcobb@example.org	2021-11-06	2023-05-20	Terminated	Associate - Supply Chain	Associate	12	74813.49	1	Other	Hispanic	38
21	Stacey	Smith	sarah04@example.org	2025-05-27	NULL	Active	Associate - Finance	Associate	5	42546.66	3	Female	Hispanic	24
22	Brandon	White	charles04@example.org	2021-11-19	NULL	Active	Associate - Facilities	Associate	13	71044.1	2	Male	African American	34
23	Gina	Miller	clarkfrank@example.net	2022-09-30	NULL	Active	Associate - Legal	Associate	6	42706.49	5	Female	Hispanic	30
24	Nancy	Richardson	grosscindy@example.com	09/12/2024	NULL	Active	Associate - Corporate Strategy	Associate	14	42367.58	2	Female	Asian	44
25	Carolyn	Soto	okelley@example.net	2023-05-07	NULL	Active	Associate - Engineering	Associate	1	69751.39	4	Other	Asian	58
26	Zachary	Martin	williamcunningham@example.net	2023-03-27	2025-06-01	Terminated	Associate - Corporate Strategy	Associate	14	57436.81	3	Non-Binary	NULL	30
27	Brenda	Parker	cwilson@example.org	2026-06-08	NULL	Active	Supervisor/Lead - Marketing	Supervisor/Lead	7	66735.77	3	Non-Binary	Caucasian	35
28	Ronald	Hensley	murphyscott@example.com	2024-01-13	NULL	Active	Supervisor/Lead - IT Support	Supervisor/Lead	10	76513.85	1	Male	Caucasian	43
29	Sara	Lewis	nguyenpaula@example.net	2022-10-04	NULL	Active	Supervisor/Lead - Security	Supervisor/Lead	11	71659.99	2	Female	Hispanic	41
30	Kenneth	Mcintosh	holtcheryl@example.net	2025-05-13	NULL	Active	Supervisor/Lead - People Operations	Supervisor/Lead	4	55916.65	NULL	Non-Binary	Asian	37
31	Nathaniel	Gilbert	ashleyramirez@example.org	2023-11-28	NULL	Active	Associate - Corporate Strategy	Associate	14	59956.36	3	Male	Hispanic	59
32	Derrick	Anderson	josephhernandez@example.net	2023-09-27	2024-04-19	Terminated	Associate - Sales	Associate	8	69842.75	4	Male	NULL	48
33	Justin	Mills	mackenzie14@example.org	10/07/2025	NULL	Active	Associate - Finance	Associate	5	72406.55	4	NULL	Asian	47
34	Robert	Smith	henrysheri@example.com	2026-04-08	NULL	Active	Associate - Supply Chain	Associate	12	45178.85	5	Male	Caucasian	43
35	James	Green	cameroncontreras@example.net	2025-06-30	NULL	Active	Associate - Supply Chain	Associate	12	50814.91	4	Non-Binary	Hispanic	41
36	Robert	Young	colemanjared@example.net	2023-10-28	NULL	Active	Associate - Marketing	Associate	7	70702.1	3	Other	Two or More	21
37	Amanda	Lawrence	pfisher@example.net	2021-11-17	NULL	Active	Associate - Supply Chain	Associate	12	74550.2	3	Non-Binary	Caucasian	35
38	  Pamela	Russell	david11@example.net	2026-05-19	NULL	Active	Associate - Customer Success	Associate	9	41418.19	2	Non-Binary	Hispanic	38
39	Danny	Gonzales	charris@example.org	2022-12-10	NULL	Active	Associate - Internal Communications	Associate	15	65841.46	3	Male	Hispanic	36
40	Gerald	Smith	veronica00@example.org	2025-07-02	NULL	Active	Associate - Legal	Associate	6	50253.21	2	Non-Binary	Asian	56
41	Kaitlyn	Jones	tylertaylor@example.org	2025-02-03	NULL	Active	Supervisor/Lead - Corporate Strategy	Supervisor/Lead	14	81765.55	3	Other	Asian	39
42	Daniel	Banks	thorntonjerry@example.org	2023-12-13	NULL	Active	Supervisor/Lead - Legal	Supervisor/Lead	6	65694.33	3	NULL	Two or More	42
43	Valerie	Mccormick	arivas@example.org	2025-04-27	NULL	Active	Associate - Customer Success	Associate	9	NULL	3	Non-Binary	NULL	24
44	Danielle	Wright	coltonholland@example.com	2024-04-07	NULL	Active	Associate - Sales	Associate	8	41003.0	3	Female	African American	24
45	Teresa	Rodgers	daviswilliam@example.org	2024-06-27	2025-08-18	Terminated	Associate - Sales	Associate	8	68080.21	3	Other	Asian	42
46	Willie	Kane	lawrencejonathan@example.net	2023-07-15	NULL	Active	Associate - Finance	Associate	5	72060.39	3	Male	Two or More	47
47	Lauren	Cross	hillpamela@example.org	2025-02-12	NULL	Active	Associate - Security	Associate	11	59012.09	3	Other	Two or More	43
48	Linda	Powell	obates@example.com	2022-09-03	NULL	Active	Associate - Product	Associate	2	53737.84	3	Female	Caucasian	42
49	Wendy	Ward	jenniferserrano@example.net	2024-08-14	2025-02-04	Terminated	Associate - Internal Communications	Associate	15	46678.15	3	Female	Hispanic	46
50	Anthony	CHAVEZ	howardsabrina@example.com	2026-04-18	NULL	Active	Associate - IT Support	Associate	10	71225.26	1	Male	Two or More	25
51	Matthew	Rodriguez	theodorethomas@example.net	2023-12-13	NULL	Active	Associate - Finance	Associate	5	43850.11	5	Male	Caucasian	32
52	Victoria	Andrews	salazaralex@example.org	2021-10-24	NULL	Active	Associate - Customer Success	Associate	9	71586.4	4	Female	NULL	22
53	Eric	Alexander	james67@example.com	2025-12-06	NULL	Active	Associate - Internal Communications	Associate	15	43756.99	2	Non-Binary	Caucasian	39
54	Luis	Black	michellereese@example.net	2022-07-31	NULL	Active	Associate - IT Support	Associate	10	NULL	4	Male	Caucasian	48
55	Edward	Medina	olopez@example.com	2024-05-26	NULL	Active	Supervisor/Lead - Corporate Strategy	Supervisor/Lead	14	79818.49	3	Other	Caucasian	50
56	John	Hurst	vasquezmichael@example.com	2022-12-26	NULL	Active	Associate - People Operations	Associate	4	58569.68	4	Other	African American	43
57	William	Welch	treid@example.org	2023-03-07	NULL	Active	Associate - Security	Associate	11	65354.39	1	Other	Two or More	30
58	Philip	Lloyd	MARK27@EXAMPLE.COM	02/27/2026	NULL	Active	Associate - Facilities	Associate	13	67562.01	4	Non-Binary	NULL	41
59	Allison	Smith	wellsjordan@example.net	2025-02-19	NULL	Active	Associate - Sales	Associate	8	55900.34	3	Non-Binary	Caucasian	21
60	Lisa	Walker	carrie06@example.com	2025-03-16	NULL	Active	Associate - People Operations	Associate	4	49078.01	2	Other	African American	29
61	Bonnie	Abbott	ojohnson@example.org	2022-02-03	NULL	Active	Supervisor/Lead - Corporate Strategy	Supervisor/Lead	14	NULL	3	Other	African American	35
62	James	Burgess	zespinoza@example.com	2025-05-01	NULL	Active	Associate - Data Science	Associate	3	72604.98	3	Male	NULL	53
63	Shannon	Stewart	ypeterson@example.net	2024-08-20	2024-11-27	Terminated	Associate - Marketing	Associate	7	74123.61	3	Female	African American	57
64	Krystal	Blake	brandon79@example.com	2021-09-05	NULL	Active	Associate - Supply Chain	Associate	12	41317.17	4	Non-Binary	Caucasian	25
65	 Joyce	Glenn	cooksteven@example.com	2025-11-29	NULL	Active	Associate - Customer Success	Associate	9	63033.79	2	Female	Asian	59
66	Nicholas	Raymond	penny91@example.com	2026-02-10	NULL	Active	Associate - Security	Associate	11	57823.63	3	Male	Hispanic	61
67	David	Goodwin	gchapman@example.net	2023-02-08	2024-12-11	Terminated	Supervisor/Lead - Facilities	Supervisor/Lead	13	73196.32	4	Non-Binary	African American	48
68	Stephanie	Summers	williamsdavid@example.org	2021-12-23	2025-11-18	Terminated	Associate - Finance	Associate	5	66835.29	4	Other	Hispanic	35
69	Jonathan	Young	hendersonisaac@example.com	2023-08-01	NULL	Active	Manager - Engineering	Manager	1	89355.03	3	Other	Asian	27
70	Lisa	Miller	lisamontgomery@example.net	2022-03-03	NULL	Active	Supervisor/Lead - Corporate Strategy	Supervisor/Lead	14	85989.9	4	Female	Two or More	21
71	Kristina	Schmitt	michellehart@example.org	2024-03-06	NULL	Active	Associate - Marketing	Associate	7	56290.66	3	Female	African American	51
72	Selena	Clarke	lesliecooley@example.net	2024-09-29	NULL	Active	Associate - People Operations	Associate	4	65268.41	3	Female	Caucasian	47
73	Cynthia	Hernandez	cooperdeborah@example.net	2025-06-04	2026-06-26	Terminated	Associate - Security	Associate	11	53287.69	5	Other	Caucasian	46
74	Amber	Bishop	davidmaynard@example.net	06/14/2026	NULL	Active	Associate - Security	Associate	11	64250.75	4	Female	African American	27
75	Garrett	Acosta	nancy44@example.org	2021-09-14	NULL	Active	Associate - Security	Associate	11	46595.06	4	Non-Binary	Hispanic	37
76	Justin	Stewart	brittany35@example.net	2026-04-04	NULL	Active	Supervisor/Lead - Quality Assurance	Supervisor/Lead	16	83839.59	3	Non-Binary	Caucasian	23
77	Gail	Jackson	elizabethhouston@example.com	2021-11-10	NULL	Active	Associate - Engineering	Associate	1	59904.19	4	Other	African American	32
78	Andrea	Crawford	michaelhorn@example.com	2022-05-26	NULL	Active	Associate - Facilities	Associate	13	72913.25	4	Other	Asian	32
79	Glenda	Hart	denisegilmore@example.org	2026-02-25	NULL	Active	Associate - Customer Success	Associate	9	44182.97	2	Other	African American	28
80	Erin	Shelton	davidreyes@example.net	2022-08-27	NULL	Active	Associate - Legal	Associate	6	52150.95	3	Female	Hispanic	44
81	Marcus	Coffey	amcintosh@example.net	2026-03-28	NULL	Active	Associate - Security	Associate	11	52319.52	4	Male	Asian	34
82	Catherine	Kelley	brandon65@example.net	2026-06-01	NULL	Active	Associate - Quality Assurance	Associate	16	67493.61	2	Non-Binary	African American	34
83	Edward	Navarro	lisajones@example.net	2023-11-23	NULL	Active	Associate - Legal	Associate	6	56939.19	4	NULL	Caucasian	47
84	Eric	Figueroa	barbara41@example.net	2023-12-22	NULL	Active	Associate - Engineering	Associate	1	68723.69	3	Non-Binary	Asian	41
85	Tony	Reese	robert27@example.org	2023-12-06	NULL	Active	Associate - Sales	Associate	8	70165.74	5	Non-Binary	Caucasian	50
86	Rachel	Bell	hoffmanfrank@example.net	2022-05-19	NULL	Active	Associate - Customer Success	Associate	9	68316.74	4	Female	Hispanic	51
87	Michael	Berg	michaelduffy@example.net	2024-04-25	NULL	Active	Associate - Product	Associate	2	66399.11	4	Other	Two or More	40
88	Christine	Yang	hannah51@example.net	2022-09-24	NULL	Active	Supervisor/Lead - Internal Communications	Supervisor/Lead	15	77640.83	5	Female	Asian	47
89	Joseph	Cooley	aliciawilliamson@example.org	2024-05-14	NULL	Active	Associate - Legal	Associate	6	43127.38	3	Male	Hispanic	52
90	Sarah	Barker	matthew20@example.com	2024-11-04	2024-12-16	Terminated	Associate - Supply Chain	Associate	12	61887.82	4	Other	Caucasian	55
91	Jennifer	Buck	armstrongmary@example.org	2024-12-03	NULL	Active	Associate - Sales	Associate	8	63199.01	3	Female	Two or More	36
92	Meghan	Thomas	nmartinez@example.org	2023-02-18	NULL	Active	Associate - Product	Associate	2	58413.73	3	Female	Caucasian	43
93	Shawn	Thomas	monicaaguilar@example.org	2021-07-27	2021-10-02	Terminated	Assistant Manager - Product	Assistant Manager	2	71647.04	4	Other	Asian	31
94	Katherine	Moss	lorraine49@example.org	2025-10-10	NULL	Active	Associate - Corporate Strategy	Associate	14	52021.31	1	Non-Binary	Hispanic	48
95	Michael	Johnson	michaellawson@example.com	2024-05-27	NULL	Active	Associate - IT Support	Associate	10	46001.36	3	Male	Two or More	41
96	Linda	Duffy	pwalsh@example.net	2024-02-13	NULL	Active	Associate - Legal	Associate	6	45013.27	3	Non-Binary	Hispanic	31
97	Bernard	Mccullough	chungrobin@example.net	2022-09-23	NULL	Active	Associate - Internal Communications	Associate	15	44173.75	3	Other	Caucasian	29
98	Jacob	Church	sgarcia@example.net	2023-12-22	NULL	Active	Supervisor/Lead - Customer Success	Supervisor/Lead	9	81291.37	1	Non-Binary	Asian	45
99	Tonya	Roberson	aliciaandrews@example.net	08/07/2021	NULL	Active	Supervisor/Lead - Engineering	Supervisor/Lead	1	77176.74	1	Other	Two or More	39
100	Mary	Thomas	dallen@example.net	2025-09-18	NULL	Active	Associate - Finance	Associate	5	51692.28	3	Female	Caucasian	51
101	Aimee	Perez	kellymelissa@example.org	2022-12-17	NULL	Active	Associate - Corporate Strategy	Associate	14	43039.16	3	Female	Asian	26
102	Michael	Smith	vargasamber@example.com	2024-02-11	NULL	Active	Associate - Marketing	Associate	7	45202.94	NULL	Other	Hispanic	48
103	Heather	Hall	shannondavid@example.com	2026-06-27	NULL	Active	Associate - Data Science	Associate	3	50266.01	3	Female	Asian	49
104	Nicholas	Simpson	jennifergarcia@example.net	2023-06-21	NULL	Active	Associate - Internal Communications	Associate	15	70209.05	3	Male	Caucasian	57
105	Caleb	Harris	wgregory@example.net	11/15/2023	NULL	Active	Associate - Quality Assurance	Associate	16	44642.24	3	Male	Asian	46
106	Fernando	Thompson	joseph06@example.net	2023-10-30	2026-01-02	Terminated	Associate - Sales	Associate	8	47238.67	3	Male	Caucasian	32
107	Andrew	Olson	whitejohn@example.org	2022-06-03	2024-11-01	Terminated	Supervisor/Lead - Internal Communications	Supervisor/Lead	15	87416.29	3	Male	Caucasian	41
108	April	Little	paynemitchell@example.com	2022-12-24	NULL	Active	Associate - Supply Chain	Associate	12	66720.31	4	Non-Binary	African American	43
109	Scott	Mendoza	frank98@example.com	2026-01-03	NULL	Active	Associate - Engineering	Associate	1	66316.26	2	Male	African American	44
110	Sarah	Bowen	clarkkenneth@example.org	2023-01-29	NULL	Active	Associate - Security	Associate	11	41066.8	5	NULL	Two or More	38
111	Robert	Chen	rbrown@example.org	2023-01-29	NULL	Active	Associate - Engineering	Associate	1	51033.86	2	Male	Caucasian	40
112	Rachel	Reilly	davidreynolds@example.org	2023-09-14	NULL	Active	Associate - Product	Associate	2	56737.4	3	Female	Two or More	21
113	Scott	Miller	michaelrodriguez@example.net	2023-12-14	NULL	Active	Supervisor/Lead - Internal Communications	Supervisor/Lead	15	57746.17	3	Other	African American	38
114	Veronica	Williams	cannonraymond@example.org	2021-08-27	NULL	Active	Associate - Customer Success	Associate	9	64242.94	4	Female	Hispanic	45
115	Gregory	Jackson	brownjulia@example.net	2022-11-01	NULL	Active	Associate - Data Science	Associate	3	52612.68	NULL	Male	African American	28
116	Frederick	Ramirez	probertson@example.net	2024-09-19	NULL	Active	Associate - People Operations	Associate	4	42924.85	4	Male	Caucasian	44
117	Kristi	Sanford	gonzalezderek@example.net	2022-03-19	NULL	Active	Associate - IT Support	Associate	10	56261.41	3	Female	Two or More	43
118	Nicole	Rodriguez	hannahjohnson@example.net	03/23/2022	NULL	Active	Associate - Supply Chain	Associate	12	62444.65	2	Female	Caucasian	31
119	Richard	Myers	ucameron@example.net	2024-11-15	NULL	Active	Supervisor/Lead - Quality Assurance	Supervisor/Lead	16	80484.92	1	Non-Binary	Asian	38
120	Krista	Weaver	donaldflynn@example.org	2025-11-19	NULL	Active	Associate - Sales	Associate	8	67823.77	5	Other	Caucasian	44
121	Michelle	Wright	meghan92@example.org	2023-08-09	NULL	Active	Associate - Supply Chain	Associate	12	45277.34	3	Other	Caucasian	44
122	Donna	Bailey	holly56@example.org	2022-12-12	NULL	Active	Supervisor/Lead - Security	Supervisor/Lead	11	61375.79	2	Other	African American	55
123	Sherri	Richardson	anthonyrichardson@example.com	2025-10-12	NULL	Active	Associate - Customer Success	Associate	9	50701.89	4	Female	African American	56
124	Kaylee	Leon	nicholaspadilla@example.org	12/20/2024	NULL	Active	Assistant Manager - Internal Communications	Assistant Manager	15	72790.27	4	Other	African American	42
125	Donna	Gallagher	ronaldpotts@example.net	2023-04-28	NULL	Active	Associate - Finance	Associate	5	51106.04	3	Non-Binary	Caucasian	28
126	Miguel	Houston	zgarcia@example.net	2024-04-07	NULL	Active	Associate - Sales	Associate	8	50619.8	4	Non-Binary	Two or More	51
127	Carol	Braun	dawnmiller@example.com	2023-07-23	NULL	Active	Associate - Facilities	Associate	13	69690.75	3	Other	Two or More	35
128	Nicole	Rogers	benjamin58@example.net	2021-11-28	NULL	Active	Assistant Manager - Internal Communications	Assistant Manager	15	83253.46	3	Other	Asian	41
129	Amanda	Reid	brian35@example.com	2024-06-14	NULL	Active	Associate - People Operations	Associate	4	74422.69	1	Female	African American	30
130	Brittany	Guerra	oliverashley@example.com	2022-12-02	NULL	Active	Associate - IT Support	Associate	10	55716.01	3	Non-Binary	Two or More	33
131	William	Glass	william21@example.org	2024-12-16	NULL	Active	Associate - Sales	Associate	8	45877.24	3	Male	Two or More	32
132	Crystal	Johnson	mannerika@example.com	04/06/2024	NULL	Active	Associate - Security	Associate	11	73995.24	3	Non-Binary	Hispanic	49
133	Timothy	  Lopez	kenneth77@example.net	2024-02-13	NULL	Active	Associate - Quality Assurance	Associate	16	47917.44	4	Non-Binary	African American	40
134	Shelby	Phillips	emily03@example.org	2024-07-09	NULL	Active	Associate - Supply Chain	Associate	12	50700.79	3	Female	Caucasian	54
135	Shannon	Duran	richmondthomas@example.org	2022-03-16	NULL	Active	Associate - Quality Assurance	Associate	16	49446.92	5	Other	Caucasian	52
136	Teresa	Williams	gomezmichael@example.com	2024-09-26	NULL	Active	Supervisor/Lead - Data Science	Supervisor/Lead	3	71251.3	5	Other	Two or More	29
137	Rebecca	Carroll	adam49@example.net	2025-01-03	NULL	Active	Manager - Legal	Manager	6	79362.71	4	Non-Binary	Caucasian	45
138	Bobby	White	leahhill@example.com	2025-07-23	NULL	Active	Supervisor/Lead - IT Support	Supervisor/Lead	10	72336.73	4	Male	African American	39
139	Benjamin	Wilson	skinnersabrina@example.org	2025-01-24	NULL	Active	Associate - Supply Chain	Associate	12	48278.94	5	Other	African American	46
140	Shawn	Clay	rachelayala@example.net	2023-06-13	NULL	Active	Domain Director - Finance	Domain Director	5	113093.38	2	Male	African American	47
141	Juan	Davidson	isanders@example.org	2021-11-21	NULL	Active	Associate - Marketing	Associate	7	59604.03	5	Male	Caucasian	44
142	Francisco	Peters	davidmartinez@example.com	2021-11-03	2024-02-20	Terminated	Associate - Legal	Associate	6	65492.0	3	Other	Hispanic	60
143	Jessica	Miller	johnreyes@example.net	2023-02-05	2024-04-27	Active	Associate - People Operations	Associate	4	60238.73	3	Non-Binary	Two or More	46
144	Claire	Scott	gayeric@example.org	2021-08-07	NULL	Active	Associate - Supply Chain	Associate	12	58432.96	2	Other	Hispanic	45
145	Adam	Calhoun	susan40@example.org	2023-06-06	NULL	Active	Manager - Supply Chain	Manager	12	115886.53	4	Non-Binary	NULL	27
146	Amber	Wade	catherinemarshall@example.com	2024-06-19	NULL	Active	Associate - Finance	Associate	5	69212.37	3	Other	Caucasian	41
147	Tyler	Perry	scott70@example.org	12/22/2022	NULL	Active	Associate - Data Science	Associate	3	55625.68	3	Other	Hispanic	39
148	Ashley	Johnson	idennis@example.com	03/08/2024	NULL	Active	Associate - Internal Communications	Associate	15	67513.61	2	Female	Caucasian	40
149	Daniel	Carroll	tli@example.net	2021-12-19	NULL	Active	Associate - Quality Assurance	Associate	16	52823.68	4	Male	African American	38
150	Candace	Wong	sarah84@example.net	2025-09-23	NULL	Active	Associate - Supply Chain	Associate	12	50227.64	2	Female	African American	48
151	Brandon	Martinez	alexblack@example.org	2022-02-07	NULL	Active	Associate - Internal Communications	Associate	15	50548.57	3	Other	NULL	31
152	Jeffrey	Wade	mercadoamanda@example.org	2021-12-25	2025-06-10	Terminated	Supervisor/Lead - Data Science	Supervisor/Lead	3	80167.6	3	Male	Hispanic	46
153	Mary	Stewart	hortongabriel@example.org	2024-03-02	2025-10-31	Terminated	Associate - Supply Chain	Associate	12	42628.66	3	Female	Caucasian	29
154	Eugene	Romero	brandon36@example.com	2025-01-03	NULL	Active	Associate - Product	Associate	2	54423.52	4	Male	African American	26
155	Zachary	Lopez	kanderson@example.org	2023-12-29	2025-09-15	Active	Supervisor/Lead - Security	Supervisor/Lead	11	80965.12	3	Non-Binary	Hispanic	37
156	Jacqueline	Wilson	flewis@example.net	2024-12-21	NULL	Active	Associate - Security	Associate	11	57241.92	4	Non-Binary	Hispanic	36
157	Tony	Williams	johnbradley@example.org	2025-05-03	NULL	Active	Associate - Legal	Associate	6	63414.17	5	NULL	African American	53
158	Jake	Harris	lindsay30@example.net	2023-04-11	2024-01-13	Terminated	Associate - IT Support	Associate	10	62544.44	3	Other	African American	38
159	Samantha	Waller	walexander@example.org	2022-03-07	NULL	Active	Assistant Manager - IT Support	Assistant Manager	10	79493.18	4	Female	Caucasian	33
160	Kathy	Scott	jennifer84@example.com	2022-07-11	2025-12-19	Terminated	Associate - Customer Success	Associate	9	57537.28	2	Other	NULL	42
161	Brian	Humphrey	wernerlauren@example.net	2024-10-29	2025-11-03	Terminated	Associate - Sales	Associate	8	58829.18	2	Male	Hispanic	51
162	Valerie	Fisher	qsmith@example.net	2025-05-26	NULL	Active	Associate - Sales	Associate	8	54565.71	4	Female	African American	48
163	Linda	Thompson	mark85@example.net	2024-02-11	NULL	Active	Associate - Product	Associate	2	48132.2	3	Non-Binary	Hispanic	42
164	Eric	Garcia	katherinerobbins@example.org	2021-08-01	2024-06-19	Terminated	Associate - Engineering	Associate	1	59819.64	3	Non-Binary	Hispanic	31
165	Danielle	Jackson	mwalls@example.com	2022-05-23	NULL	Active	Supervisor/Lead - Customer Success	Supervisor/Lead	9	82177.67	1	Other	African American	48
166	Justin	Pugh	ifrench@example.org	2026-06-11	NULL	Active	Associate - Internal Communications	Associate	15	47039.9	5	Other	Asian	55
167	Kimberly	Gordon	tamarachambers@example.com	2025-09-17	NULL	Active	Supervisor/Lead - Supply Chain	Supervisor/Lead	12	77718.99	1	Female	Hispanic	37
168	David	Martin	jerryrichard@example.com	2024-07-26	NULL	Active	Associate - IT Support	Associate	10	66141.87	2	Non-Binary	Caucasian	46
169	Kelly	Thompson	garcialori@example.org	2025-02-28	NULL	Active	Associate - Customer Success	Associate	9	59402.53	2	Other	Hispanic	54
170	Cody	Boyd	robert73@example.net	2025-04-17	NULL	Active	Supervisor/Lead - Facilities	Supervisor/Lead	13	88269.6	3	Male	NULL	54
171	Mark	Garcia	mbeck@example.org	2023-04-10	NULL	Active	Assistant Manager - Facilities	Assistant Manager	13	76190.14	3	Male	Asian	48
172	Jacqueline	Odom	cpowell@example.net	2023-11-13	NULL	Active	Associate - Product	Associate	2	54324.17	3	Non-Binary	Two or More	49
173	Shelly	Wall	oconnellpaul@example.net	2025-11-14	NULL	Active	Associate - Product	Associate	2	53676.74	1	Other	Asian	21
174	Pamela	Cobb	johnleach@example.org	2022-10-21	NULL	Active	Associate - Data Science	Associate	3	47516.31	2	Other	African American	46
175	Stephanie	Gonzalez	brent43@example.com	2024-10-29	NULL	Active	Associate - Customer Success	Associate	9	42414.25	3	Non-Binary	African American	46
176	Richard	Boyd	vanessa31@example.org	2023-06-25	NULL	Active	Associate - Finance	Associate	5	74685.05	3	Male	Caucasian	46
177	Stephen	Hernandez	fraziersteven@example.net	2023-11-29	NULL	Active	Associate - People Operations	Associate	4	66022.78	3	Other	Asian	45
178	James	Kerr	qmills@example.org	2022-09-30	NULL	Active	Associate - Finance	Associate	5	40333.24	3	Other	African American	40
179	Randy	Lewis	uwood@example.com	2024-01-25	2025-10-05	Terminated	Supervisor/Lead - Data Science	Supervisor/Lead	3	83626.67	4	Other	Caucasian	41
180	Kyle	Francis	ferrellkatie@example.org	2026-06-05	NULL	Active	Associate - Corporate Strategy	Associate	14	67164.49	2	Other	Two or More	29
181	Jeffrey	Duran	sheila88@example.org	2026-07-10	NULL	Active	Associate - Internal Communications	Associate	15	60963.98	3	Non-Binary	Two or More	39
182	Elizabeth	Mcknight	eric28@example.org	2022-10-28	NULL	Active	Associate - Marketing	Associate	7	69791.92	3	Other	African American	42
183	Gina	Lawrence	lauren27@example.com	2021-12-11	NULL	Active	Associate - Legal	Associate	6	58235.25	4	Female	Hispanic	21
184	John	Mcbride	ggarcia@example.com	2023-12-07	NULL	Active	Associate - Engineering	Associate	1	70365.57	4	Male	Hispanic	36
185	Christopher	Jackson	jared71@example.com	2023-02-16	NULL	Active	Associate - Data Science	Associate	3	58289.02	3	Male	Asian	58
186	Edward	Hernandez	judith50@example.net	2021-11-27	NULL	Active	Associate - Legal	Associate	6	NULL	1	Male	Two or More	43
187	Jeremy	Mcclain	victoria24@example.org	2022-05-24	NULL	Active	Associate - Data Science	Associate	3	50061.82	4	Other	African American	22
188	Andrew	Gentry	jenniferchang@example.net	2023-07-10	2025-06-26	Terminated	Associate - Customer Success	Associate	9	40881.88	3	Other	Asian	35
189	Juan	Lewis	jasonwoods@example.com	2025-05-04	NULL	Active	Associate - Security	Associate	11	62431.07	NULL	Male	African American	43
190	Molly	Preston	adodson@example.net	2023-05-15	NULL	Active	Associate - Security	Associate	11	66590.99	3	Other	NULL	45
191	Sierra	Potter	gregory45@example.net	2021-10-07	NULL	Active	Associate - Internal Communications	Associate	15	73860.64	2	Other	African American	23
192	Samuel	Ewing	shepherdtimothy@example.com	2022-03-13	NULL	Active	Associate - Sales	Associate	8	74864.41	4	Other	Asian	30
193	Thomas	Johnson	robertsjoshua@example.net	2022-03-04	NULL	Active	Supervisor/Lead - Engineering	Supervisor/Lead	1	89032.95	3	Other	African American	35
194	Gwendolyn	Johnson	qbarnett@example.net	2024-02-11	NULL	Active	Associate - Supply Chain	Associate	12	62683.35	3	Non-Binary	Asian	56
195	Samantha	Warren	josereynolds@example.com	2026-01-13	NULL	Active	Associate - Engineering	Associate	1	65902.93	1	Non-Binary	Asian	30
196	Curtis	Gray	stephanie96@example.org	2026-09-06	NULL	Active	Associate - Sales	Associate	8	72877.67	5	Male	Asian	57
197	Alicia	Rodriguez	williamthompson@example.net	2025-05-16	NULL	Active	Associate - Engineering	Associate	1	48730.87	4	Non-Binary	Caucasian	37
198	Jennifer	Aguirre	coxdaniel@example.com	2025-05-19	NULL	Active	Assistant Manager - Data Science	Assistant Manager	3	86038.33	4	Female	Asian	39
199	Dwayne	Massey	elizabeth72@example.org	2025-04-22	NULL	Active	Supervisor/Lead - Marketing	Supervisor/Lead	7	84909.29	3	Male	Asian	56
200	Charles	Jensen	mortongregory@example.org	2021-07-25	NULL	Active	Associate - Security	Associate	11	50959.9	5	Male	Caucasian	36
201	Michael	Beltran	hutchinsonconnor@example.com	2025-01-15	2025-10-17	Terminated	Associate - Data Science	Associate	3	50970.47	5	Non-Binary	Hispanic	43
202	Austin	Chavez	hendersonlindsey@example.org	2024-09-04	NULL	Active	Associate - Supply Chain	Associate	12	53221.33	3	Male	African American	47
203	John	Nichols	haleedward@example.com	2022-06-24	NULL	Active	Associate - Sales	Associate	8	55757.29	4	Other	Two or More	42
204	Sara	Nelson	cristiangarza@example.net	2023-12-28	NULL	Active	Associate - Facilities	Associate	13	55654.78	3	Other	Asian	28
205	Michael	Russo	ekeith@example.org	2024-09-07	NULL	Active	Associate - Corporate Strategy	Associate	14	45839.3	3	Male	Hispanic	48
206	Michael	Garcia	sarah39@example.com	2022-02-25	NULL	Active	Associate - Product	Associate	2	44012.92	2	Male	Two or More	35
207	Andrew	Chung	williambutler@example.com	2023-05-13	2024-12-05	Terminated	Supervisor/Lead - Facilities	Supervisor/Lead	13	88262.29	3	Male	Hispanic	26
208	Joshua	Petersen	moorecorey@example.net	2022-05-15	NULL	Active	Associate - Sales	Associate	8	68580.43	3	Other	Hispanic	33
209	Vickie	Jones	donald86@example.net	2021-10-29	2023-11-07	Terminated	Associate - People Operations	Associate	4	49049.09	3	Female	African American	29
210	Jennifer	Wilson	crystal43@example.net	2023-04-01	2025-03-24	Terminated	Assistant Manager - Data Science	Assistant Manager	3	75024.25	4	Female	Asian	26
211	Diamond	Walsh	jessica92@example.org	2025-05-31	NULL	Active	Supervisor/Lead - Supply Chain	Supervisor/Lead	12	85502.86	5	Female	Caucasian	57
212	Courtney	Lopez	mbennett@example.org	2022-03-10	NULL	Active	Associate - People Operations	Associate	4	69452.67	4	Female	African American	47
213	Courtney	Harris	clarkbrenda@example.net	2023-12-24	2024-06-26	Terminated	Associate - People Operations	Associate	4	42296.1	4	Non-Binary	Asian	36
214	Donna	Thomas	kathleen07@example.org	2025-08-11	NULL	Active	Associate - Marketing	Associate	7	57129.35	3	Other	Caucasian	30
215	Nicole	Glenn	SBARTON@EXAMPLE.ORG	2022-12-04	2026-02-10	Terminated	Supervisor/Lead - Facilities	Supervisor/Lead	13	79128.86	4	Female	Two or More	33
216	Jonathan	Jensen	wjackson@example.com	2024-08-02	NULL	Active	Associate - Quality Assurance	Associate	16	47155.83	4	Male	Caucasian	59
217	Cheyenne	Conway	gomezjessica@example.org	2022-01-06	2023-11-24	Terminated	Associate - Data Science	Associate	3	52075.31	3	Female	African American	48
218	Michele	Ferguson	cynthiawarner@example.org	2022-01-21	NULL	Active	Associate - Marketing	Associate	7	61739.45	2	Female	African American	38
219	Amanda	Simpson	tinacharles@example.net	2023-09-15	NULL	Active	Associate - Customer Success	Associate	9	44550.03	4	Female	Two or More	37
220	John	Long	bcarr@example.org	2024-05-12	NULL	Active	Supervisor/Lead - Legal	Supervisor/Lead	6	56415.8	2	Male	Two or More	40
221	Laura	Hayes	kellydavis@example.org	2022-01-09	NULL	Active	Associate - Finance	Associate	5	62622.36	3	Female	Asian	36
222	Tiffany	Brady	uriddle@example.net	2022-11-23	2023-08-04	Terminated	Associate - Engineering	Associate	1	63444.96	4	Female	Hispanic	54
223	Carlos	Zimmerman	martha13@example.org	2022-11-06	NULL	Active	Associate - Legal	Associate	6	57490.7	3	Non-Binary	Hispanic	38
224	Theresa	Vance	kheath@example.org	2021-08-09	NULL	Active	Associate - Customer Success	Associate	9	67846.3	4	Female	Asian	42
225	Michael	Webster	patrickjordan@example.com	2022-02-18	NULL	Active	Supervisor/Lead - Marketing	Supervisor/Lead	7	78780.11	3	Non-Binary	Caucasian	35
226	Ashley	Gonzales	zbrown@example.net	2021-11-02	NULL	Active	Supervisor/Lead - Quality Assurance	Supervisor/Lead	16	76312.89	NULL	Non-Binary	Two or More	45
227	Andrew	Rodriguez	kwilson@example.com	2022-12-06	NULL	Active	Associate - IT Support	Associate	10	55249.08	4	Non-Binary	Hispanic	29
228	Robert	Smith	qlowe@example.net	2023-08-07	NULL	Active	Associate - Finance	Associate	5	59128.11	5	Male	NULL	55
229	Robert	Steele	gwhite@example.org	2022-09-20	NULL	Active	Supervisor/Lead - Finance	Supervisor/Lead	5	56541.31	3	Non-Binary	NULL	46
230	Alexandra	Hood	qwalker@example.net	2026-07-02	NULL	Active	Associate - Supply Chain	Associate	12	73278.4	4	Female	Hispanic	41
231	Michael	Nguyen	vfields@example.net	2024-08-04	NULL	Active	Associate - Product	Associate	2	53416.62	5	Non-Binary	Caucasian	45
232	Carolyn	Williams	ghernandez@example.org	2024-01-08	NULL	Active	Associate - Corporate Strategy	Associate	14	54815.19	4	Non-Binary	Caucasian	29
233	Peggy	Rich	allen71@example.org	2024-12-24	NULL	Active	Associate - Internal Communications	Associate	15	66686.36	NULL	Other	African American	29
234	Monica	Jones	carol77@example.org	2023-11-12	NULL	Active	Associate - Security	Associate	11	41391.39	3	Female	Caucasian	40
235	Carrie	Jones	sara29@example.com	2022-05-19	NULL	Active	Associate - Marketing	Associate	7	50863.72	5	Female	Two or More	30
236	Elizabeth	Diaz	roberto73@example.net	2023-11-30	NULL	Active	Associate - IT Support	Associate	10	67060.86	2	Female	African American	60
237	Jim	Melendez	gutierrezrichard@example.net	2022-01-25	NULL	Active	Associate - Customer Success	Associate	9	51768.32	5	Other	African American	48
238	Alan	Rivera	nfrazier@example.com	2021-07-25	NULL	Active	Associate - Supply Chain	Associate	12	53705.2	4	Male	African American	23
239	Matthew	Yu	david50@example.org	2025-09-13	NULL	Active	Associate - Facilities	Associate	13	54052.0	3	Other	Caucasian	41
240	Anthony	Cunningham	dkirby@example.org	2023-12-01	NULL	Active	Associate - Marketing	Associate	7	44527.26	2	NULL	Asian	51
241	Jack	Shaw	pshelton@example.net	2023-05-15	NULL	Active	Associate - Data Science	Associate	3	69984.45	NULL	Non-Binary	Asian	43
242	Elizabeth	Jones	natasha95@example.net	2024-01-03	NULL	Active	Associate - Data Science	Associate	3	63390.95	3	Female	Asian	29
243	Corey	Mcguire	brownkristin@example.net	2022-05-11	NULL	Active	Associate - People Operations	Associate	4	40539.61	3	Male	Asian	31
244	Rachel	Scott	esmith@example.org	2024-06-21	NULL	Active	Associate - Internal Communications	Associate	15	68787.95	4	Female	Two or More	48
245	Angela	Hutchinson	dcunningham@example.org	2026-04-10	NULL	Active	Associate - People Operations	Associate	4	58552.36	4	NULL	African American	27
246	Kathy	Gill	michaelriggs@example.net	2024-07-03	NULL	Active	Associate - Facilities	Associate	13	62773.07	1	Female	African American	44
247	Vincent	Black	osborndana@example.com	2022-07-02	NULL	Active	Associate - People Operations	Associate	4	54005.5	5	Non-Binary	Two or More	36
248	Jennifer	Patton	meganbaker@example.com	2025-01-27	NULL	Active	Associate - Engineering	Associate	1	44940.46	3	Female	NULL	39
249	Charles	Nelson	lgonzales@example.org	07/28/2026	NULL	Active	Associate - IT Support	Associate	10	51578.08	2	Other	Asian	29
250	Matthew	Smith	vvasquez@example.com	2026-01-03	NULL	Active	Associate - Quality Assurance	Associate	16	71508.43	4	Non-Binary	Asian	43
251	Robin	Torres	cavery@example.net	2023-08-27	NULL	Active	Associate - Sales	Associate	8	58942.43	3	Female	Two or More	25
252	Roger	Thomas	samuel98@example.org	2021-07-06	NULL	Active	Supervisor/Lead - Product	Supervisor/Lead	2	72813.78	2	Other	Asian	38
253	Carly	Costa	danielgarcia@example.net	2025-06-17	NULL	Active	Associate - IT Support	Associate	10	46976.59	3	Female	Two or More	28
254	Tammy	Sanchez	carlaparker@example.net	2023-09-05	2023-12-07	Terminated	Assistant Manager - IT Support	Assistant Manager	10	72601.89	3	Other	Two or More	26
255	Amanda	Mcgee	jonesnicole@example.com	2025-09-13	NULL	Active	Manager - Security	Manager	11	106443.36	3	Non-Binary	Caucasian	40
256	Jose	Campbell	summerpierce@example.com	2021-07-02	NULL	Active	Supervisor/Lead - Sales	Supervisor/Lead	8	70660.13	2	Male	Caucasian	42
257	Jose	Rodgers	kim81@example.org	2023-04-13	NULL	Active	Associate - Customer Success	Associate	9	62646.42	4	Male	Hispanic	51
258	Jamie	Robertson	zadams@example.org	2025-06-05	NULL	Active	Associate - Facilities	Associate	13	59350.49	5	Female	Caucasian	NULL
259	Jessica	Donaldson	paula39@example.net	2025-03-26	NULL	Active	Associate - Data Science	Associate	3	59898.4	4	Female	Two or More	39
260	Christopher	Day	nathan53@example.org	2026-07-01	NULL	Active	Associate - Product	Associate	2	66824.44	2	Other	Two or More	41
261	Leah	Martinez	fletchermatthew@example.net	2022-05-19	NULL	Active	Supervisor/Lead - Security	Supervisor/Lead	11	70907.93	3	Other	African American	39
262	Dawn	Rush	kimberly54@example.net	2022-02-17	NULL	Active	Associate - Engineering	Associate	1	62307.69	5	Female	Hispanic	41
263	Craig	Stephens	sullivanbrian@example.org	2025-01-31	NULL	Active	Associate - IT Support	Associate	10	51792.42	4	Non-Binary	Two or More	50
264	Lori	Jimenez	jamiewest@example.net	2024-02-07	NULL	Active	Manager - Legal	Manager	6	118324.81	2	Female	Two or More	45
265	Sarah	Mendez	fwoods@example.com	2022-01-30	2022-11-09	Terminated	Domain Director - Finance	Domain Director	5	137234.86	1	Female	Asian	47
266	Megan	Franco	reedgregory@example.org	2022-04-24	NULL	Active	Associate - Engineering	Associate	1	74962.32	3	Non-Binary	African American	43
267	Alicia	Bowers	danieltaylor@example.net	2022-11-29	2025-09-09	Terminated	Associate - Legal	Associate	6	51528.29	1	Female	Two or More	42
268	Stephen	Barrera	sgonzalez@example.org	2025-08-29	NULL	Active	Manager - Product	Manager	2	113680.4	2	Non-Binary	Caucasian	37
269	Ann	Proctor	xjohnson@example.com	2025-07-16	NULL	Active	Associate - Sales	Associate	8	42352.37	3	Female	Two or More	49
270	Maria	Bryan	johnsonalyssa@example.net	2025-03-10	NULL	Active	Associate - Internal Communications	Associate	15	70715.82	4	Female	Hispanic	40
271	Daniel	Shields	ellisjoseph@example.com	2025-06-08	NULL	Active	Supervisor/Lead - Internal Communications	Supervisor/Lead	15	89528.97	4	Non-Binary	Caucasian	30
272	George	Dean	valdezmichael@example.net	2023-04-13	NULL	Active	Supervisor/Lead - Sales	Supervisor/Lead	8	60804.24	2	Male	Asian	29
273	 Robert 	Rojas	marymathis@example.net	2023-08-29	NULL	Active	Supervisor/Lead - Legal	Supervisor/Lead	6	62084.07	4	Male	Hispanic	39
274	Brandon	Stuart	imueller@example.org	2022-01-07	NULL	Active	Associate - Security	Associate	11	62093.58	2	Other	NULL	31
275	Blake	Simmons	shanecasey@example.net	2024-11-10	2025-07-01	Terminated	Associate - Corporate Strategy	Associate	14	49715.83	2	Male	Asian	25
276	Timothy	Peters	moorechristopher@example.org	2022-10-21	NULL	Active	Associate - Product	Associate	2	42169.06	4	Male	African American	32
277	Christopher	Scott	benjamin04@example.net	08/21/2024	2026-04-10	Terminated	Associate - Sales	Associate	8	66010.19	4	Male	Asian	46
278	Nicole	Hickman	fhouse@example.net	11/06/2025	NULL	Active	Associate - Sales	Associate	8	43457.76	3	NULL	Asian	43
279	Richard	Klein	ryanclark@example.com	2023-08-20	NULL	Active	Associate - Corporate Strategy	Associate	14	42121.07	3	Male	Caucasian	51
280	Michael	Cross	gallagherjessica@example.net	2024-02-11	NULL	Active	Associate - Quality Assurance	Associate	16	54565.16	2	Male	Caucasian	37
281	Julian	Bullock	tkeller@example.org	2023-04-24	NULL	Active	Manager - Corporate Strategy	Manager	14	100164.19	3	Male	African American	43
282	Mary	Brown	robertsscott@example.net	2022-07-16	2022-11-06	Active	Associate - Supply Chain	Associate	12	67713.73	NULL	Other	Asian	42
283	 Lindsey	Graves	muellerdaniel@example.com	2021-11-13	NULL	Active	Associate - Marketing	Associate	7	41621.14	1	NULL	African American	42
284	Dawn	 Hunter 	kristinaadams@example.com	2022-10-08	2023-09-08	Terminated	Associate - Finance	Associate	5	64412.98	4	Female	African American	43
285	Andrea	Phillips	jennifer09@example.com	2024-06-05	NULL	Active	Associate - Corporate Strategy	Associate	14	56016.55	2	Other	Asian	41
286	Brenda	Chavez	bensonangela@example.net	2025-07-25	NULL	Active	Associate - Corporate Strategy	Associate	14	42608.49	2	Female	Hispanic	38
287	Christie	West	whitneyelizabeth@example.net	2025-12-14	NULL	Active	Associate - IT Support	Associate	10	74368.89	3	Female	African American	51
288	Megan	Jones	twolf@example.org	2024-08-09	NULL	Active	Associate - Sales	Associate	8	71905.39	3	Other	Hispanic	29
289	Jennifer	Smith	smithheather@example.net	2022-10-03	NULL	Active	Domain Director - Security	Domain Director	11	142399.71	5	Female	Two or More	31
290	Brett	James	victorwolfe@example.com	2025-12-17	NULL	Active	Supervisor/Lead - Customer Success	Supervisor/Lead	9	85308.36	3	Other	Hispanic	48
291	Brian	Curtis	fernandezsavannah@example.net	2022-10-24	NULL	Active	Associate - Facilities	Associate	13	43284.97	4	Male	Hispanic	45
292	Jennifer	Spence	stevengray@example.net	2024-08-30	NULL	Active	Associate - Finance	Associate	5	NULL	5	Female	Two or More	38
293	Matthew	Obrien	schmittbrenda@example.com	2024-09-18	NULL	Active	Associate - Engineering	Associate	1	52215.75	3	Male	African American	41
294	Kyle	Schwartz	rossshawn@example.net	2022-04-05	NULL	Active	Supervisor/Lead - Engineering	Supervisor/Lead	1	84052.23	2	Non-Binary	Two or More	45
295	Brooke	Hardin	brownbrittney@example.net	11/10/2024	2026-01-19	Terminated	Associate - Finance	Associate	5	52289.59	4	Other	Two or More	46
296	Tyler	Tran	renee48@example.com	2026-03-20	NULL	Active	Associate - Engineering	Associate	1	72510.49	3	Other	NULL	34
297	Mark	Everett	johnwilliams@example.net	11/09/2023	NULL	Active	Associate - Supply Chain	Associate	12	64562.17	1	Male	Two or More	49
298	Charlotte	Kim	normanpatrick@example.org	2021-12-01	2024-08-27	Terminated	Assistant Manager - People Operations	Assistant Manager	4	79997.76	5	Female	NULL	26
299	Larry	Mann	calderonheather@example.net	2025-01-07	NULL	Active	Assistant Manager - IT Support	Assistant Manager	10	98107.04	3	Other	NULL	34
300	Johnny	Brown	fitzgeraldkimberly@example.net	2024-07-20	NULL	Active	Associate - Quality Assurance	Associate	16	45437.06	4	Male	Two or More	27
301	Cody	Soto	sonyahoffman@example.org	2023-02-09	NULL	Active	Associate - Sales	Associate	8	49782.84	4	Male	African American	42
302	David	Skinner	daniel18@example.com	2024-09-06	NULL	Active	Associate - Facilities	Associate	13	43424.85	3	Male	African American	39
303	Amy	Joseph	johnstonpaul@example.net	2024-06-17	2025-09-16	Terminated	Associate - Facilities	Associate	13	43212.82	3	Non-Binary	Caucasian	30
304	Jennifer	Young	nancy60@example.org	2026-06-04	NULL	Active	Associate - Product	Associate	2	50227.23	4	Other	Asian	28
305	Luis	May	david24@example.org	2021-08-05	NULL	Active	Assistant Manager - People Operations	Assistant Manager	4	94670.59	3	Other	Two or More	35
306	Kimberly	Campbell	nathanparker@example.net	2026-07-30	NULL	Active	Associate - IT Support	Associate	10	65826.05	4	Female	Two or More	36
307	Sydney	Small	garciamark@example.org	2024-12-02	NULL	Active	Associate - Customer Success	Associate	9	40362.32	3	Non-Binary	Caucasian	35
308	Tracy	Calhoun	zachary76@example.org	2023-06-16	2024-11-29	Terminated	Associate - Data Science	Associate	3	69310.33	4	Male	Hispanic	35
309	Sara	Alexander	goodwinchristopher@example.org	2021-10-17	2022-10-28	Terminated	Associate - Data Science	Associate	3	73094.49	4	Non-Binary	African American	50
310	Julie	Bishop	patrick03@example.com	2024-05-28	2026-03-01	Terminated	Associate - Legal	Associate	6	46432.48	4	Other	Two or More	54
311	Victoria	West	matthewparker@example.com	2026-05-05	NULL	Active	Associate - Marketing	Associate	7	70964.25	1	Female	Hispanic	50
312	Sean	Arroyo	jennifer842@example.com	03/15/2025	NULL	Active	Supervisor/Lead - Security	Supervisor/Lead	11	74880.81	3	Other	African American	36
313	Patrick	Arnold	ifoster@example.org	2023-06-14	2025-02-02	Terminated	Supervisor/Lead - Supply Chain	Supervisor/Lead	12	82292.47	2	Male	Caucasian	43
314	Austin	Hill	zbowen@example.net	2024-06-22	NULL	Active	Supervisor/Lead - Supply Chain	Supervisor/Lead	12	74755.13	4	Male	African American	28
315	Christopher	Terry	johnpadilla@example.com	2025-10-30	NULL	Active	Associate - Supply Chain	Associate	12	69139.61	3	Non-Binary	Hispanic	49
316	Barbara	Martin	heather25@example.com	2025-05-05	NULL	Active	Associate - IT Support	Associate	10	53221.04	3	Female	Two or More	46
317	Brianna	Johnson	conradalyssa@example.net	2022-09-19	NULL	Active	Associate - Facilities	Associate	13	67891.06	5	Non-Binary	African American	31
318	Derek	Collins	charlesmann@example.org	2022-05-25	12/12/2025	Terminated	Associate - Sales	Associate	8	66339.37	2	Other	Two or More	44
319	Wendy	Daniels	zbarajas@example.com	2025-06-09	NULL	Active	Associate - People Operations	Associate	4	67942.21	3	Female	Caucasian	51
320	Kimberly	Mora	jacksonsherry@example.net	2026-06-29	NULL	Active	Manager - Marketing	Manager	7	71739.35	4	NULL	African American	32
321	Mackenzie	Hall	brendamacdonald@example.net	2026-03-19	NULL	Active	Associate - Corporate Strategy	Associate	14	40024.08	3	Female	Hispanic	26
322	Robert	Harris	melissaclark@example.com	2023-09-08	2024-09-02	Terminated	Associate - Marketing	Associate	7	54962.3	4	Non-Binary	African American	33
323	Stephanie	Brewer	umartinez@example.org	2022-02-24	NULL	Active	Supervisor/Lead - Product	Supervisor/Lead	2	84311.9	4	Non-Binary	Asian	44
324	Nicholas	Hall	amyhodges@example.com	2026-07-26	NULL	Active	Manager - Engineering	Manager	1	114604.72	3	Male	Caucasian	47
325	Jeffrey	Lee	janet60@example.net	2024-11-17	2026-03-01	Terminated	Associate - Legal	Associate	6	65955.99	1	Other	Caucasian	59
326	Beth	Morgan	jordanjermaine@example.net	2024-05-20	NULL	Active	associate - sales	Associate	8	42496.26	NULL	Other	Asian	53
327	Joanne	Young	ashleyrobinson@example.org	2025-05-05	NULL	Active	Associate - Legal	Associate	6	59263.39	2	Female	Hispanic	33
1122	John	Bauer	leesteven@example.net	2022-02-13	NULL	Active	Associate - Facilities	Associate	13	42671.65	3	Male	African American	41
328	Michael	Henderson	sguerrero@example.net	2023-11-22	NULL	Active	Associate - Marketing	Associate	7	47452.02	5	Male	Hispanic	54
329	Robert	Thompson	deborah24@example.org	2022-08-20	NULL	Active	Associate - Customer Success	Associate	9	54488.69	2	Male	Caucasian	44
330	Anthony	Patel	joseph26@example.org	2023-03-20	2025-09-25	Terminated	Associate - Internal Communications	Associate	15	61914.97	4	Male	Asian	41
331	Elizabeth	Brown	heather16@example.com	2024-04-14	NULL	Active	Associate - People Operations	Associate	4	41198.95	5	Other	Caucasian	36
332	Kyle	Smith	cgarcia@example.org	2022-05-31	NULL	Active	Assistant Manager - Product	Assistant Manager	2	90722.15	4	Male	African American	26
333	Wanda	Santos	jamesjames@example.com	2024-12-30	NULL	Active	Associate - Legal	Associate	6	64631.18	4	Other	Hispanic	43
1640	Cheryl	Nelson	bradley50@example.org	2022-09-23	NULL	Active	Associate - Sales	Associate	8	68263.98	4	Female	Asian	37
334	Christopher	Edwards	davidbowers@example.net	2026-05-05	NULL	Active	Supervisor/Lead - Internal Communications	Supervisor/Lead	15	75084.53	3	Male	Two or More	35
335	Cassidy	Hughes	hernandezdaisy@example.net	2025-06-21	NULL	Active	Supervisor/Lead - IT Support	Supervisor/Lead	10	73881.32	4	Female	Asian	29
336	Denise	Jones	leonardkatherine@example.com	2021-12-26	NULL	Active	Associate - Product	Associate	2	72601.93	4	Other	Asian	51
337	Jennifer	Wells	donna20@example.net	2021-12-18	NULL	Active	Associate - Marketing	Associate	7	67790.23	3	Female	Hispanic	44
338	Samuel	 Henry 	kchen@example.org	2024-10-12	NULL	Active	Associate - Facilities	Associate	13	69189.65	5	Non-Binary	NULL	36
339	Deborah	Barrett	daviddixon@example.com	2021-11-03	NULL	Active	Supervisor/Lead - Product	Supervisor/Lead	2	62636.05	2	Female	Hispanic	31
340	Roy	Kemp 	pvalentine@example.net	2026-05-05	NULL	Active	Supervisor/Lead - IT Support	Supervisor/Lead	10	65885.64	3	Other	Caucasian	32
341	Bruce	Alexander	brian87@example.org	2022-11-07	NULL	Active	Associate - Supply Chain	Associate	12	70284.27	2	Non-Binary	Two or More	62
342	Curtis	Foley	youngdwayne@example.org	02/01/2022	NULL	Active	Supervisor/Lead - Supply Chain	Supervisor/Lead	12	72666.68	3	Other	African American	59
343	Chad	Hughes	edward26@example.com	2021-12-24	2023-03-06	Terminated	Associate - Sales	Associate	8	49490.9	3	Male	Two or More	36
344	Kimberly	Hickman	ethan38@example.net	06/28/2025	NULL	Active	Associate - Finance	Associate	5	63641.58	3	NULL	Asian	45
345	Lindsay	Pearson	elopez@example.com	2022-12-02	2023-04-10	Terminated	Associate - Facilities	Associate	13	73597.95	3	Female	African American	46
346	Keith	Moss	alanjohnston@example.com	2021-08-22	NULL	Active	Associate - Product	Associate	2	48066.93	4	Male	Caucasian	34
347	Betty	Williams	kaylahall@example.org	2021-07-06	NULL	Active	Associate - Engineering	Associate	1	53311.75	2	Non-Binary	Hispanic	42
348	Stephanie	French	jacobbaker@example.com	2025-01-02	NULL	Active	Associate - Product	Associate	2	52212.42	5	Other	African American	38
349	Andrew	Flores  	hartchristina@example.net	2024-11-07	2025-10-13	Terminated	Associate - Engineering	Associate	1	52873.71	3	Male	Caucasian	39
350	  Caroline	Collins	kruiz@example.net	2025-04-09	NULL	Active	Assistant Manager - People Operations	Assistant Manager	4	63863.72	3	Non-Binary	Hispanic	33
351	Katie	Wood	edwardosborn@example.org	2023-10-23	NULL	Active	Executive Director - Sales	Executive Director	8	194281.83	3	Other	African American	31
352	Albert	Mccarthy	allison19@example.com	2022-03-04	NULL	Active	Associate - Engineering	Associate	1	74332.78	3	Other	Hispanic	53
353	Alan	Johnson	mgray@example.net	2024-06-17	NULL	Active	Associate - Legal	Associate	6	40103.03	4	Male	African American	32
354	Zachary	English	bakerlauren@example.com	2022-05-28	NULL	Active	Supervisor/Lead - Sales	Supervisor/Lead	8	86408.82	4	Male	Caucasian	48
355	Jacqueline	Fitzgerald	sanchezjulie@example.com	2025-07-30	2026-06-12	Terminated	Associate - Customer Success	Associate	9	64454.78	4	Non-Binary	Caucasian	44
356	Tammy	Meyer	gardnerbrandon@example.com	2026-04-13	NULL	Active	Associate - Facilities	Associate	13	51644.57	3	Female	Caucasian	33
357	Anthony	Smith	canderson@example.com	2025-05-19	NULL	Active	Associate - Legal	Associate	6	58661.71	2	Male	African American	28
358	Cynthia	Tate	obrown@example.net	2025-06-08	NULL	Active	Associate - Data Science	Associate	3	50083.46	2	Female	Two or More	37
359	Garrett	Wilson	ryan91@example.org	11/11/2021	NULL	Active	Associate - Supply Chain	Associate	12	69875.07	3	Non-Binary	Two or More	26
360	Jeffery	Wright	wendy77@example.net	2024-07-10	NULL	Active	Associate - Sales	Associate	8	54527.59	3	Other	Two or More	37
361	Andrew	Moreno	susan17@example.org	2026-01-19	NULL	Active	Associate - Supply Chain	Associate	12	64751.21	4	Non-Binary	Two or More	54
362	Trevor	Soto	patrick81@example.net	2025-02-28	2026-07-16	Terminated	Associate - Security	Associate	11	67834.34	3	Male	Asian	29
363	Tamara	Miller	natalie88@example.com	2022-12-22	2023-10-22	Terminated	Associate - Sales	Associate	8	50658.35	5	Female	African American	35
364	Timothy	Chan	jcox@example.org	2023-11-14	NULL	Active	Supervisor/Lead - Legal	Supervisor/Lead	6	73345.68	2	Other	Asian	21
365	Daniel	Thomas	uacevedo@example.net	2021-10-25	NULL	Active	Associate - Quality Assurance	Associate	16	71386.85	2	Other	Caucasian	32
366	Phyllis	Camacho	alvaradomatthew@example.net	2023-08-14	2024-09-24	Terminated	Associate - Security	Associate	11	70549.16	4	Female	Two or More	37
367	Todd	Harris	nking@example.org	2023-08-10	NULL	Active	Associate - Supply Chain	Associate	12	52299.44	2	Male	African American	45
368	Brooke	Parker	pjones@example.net	2021-07-26	2023-11-12	Terminated	Associate - Sales	Associate	8	64442.7	2	Female	Hispanic	24
369	Ernest	Murphy	jeffreywebb@example.org	2025-06-06	NULL	Active	Associate - Quality Assurance	Associate	16	74436.07	5	Non-Binary	Hispanic	40
370	Ashley	Blackwell	masseykevin@example.com	2024-05-26	NULL	Active	Associate - Marketing	Associate	7	58065.14	3	Female	Asian	23
371	Bianca	Waller	chavezrenee@example.com	2023-02-08	NULL	Active	Associate - Legal	Associate	6	53840.35	3	Other	African American	34
372	Samantha	Garcia	john02@example.net	2023-08-19	2026-03-22	Terminated	Associate - Legal	Associate	6	54718.94	1	Non-Binary	Two or More	55
373	David	Miller	sheila26@example.org	2025-03-10	NULL	Active	Supervisor/Lead - Quality Assurance	Supervisor/Lead	16	81369.8	3	Non-Binary	Two or More	39
374	Wendy	Phillips	alexandria10@example.org	2022-05-10	NULL	Active	Associate - Marketing	Associate	7	67034.76	4	Other	African American	42
375	Craig	Richmond	pettyjulie@example.net	2024-03-27	NULL	Active	Supervisor/Lead - Engineering	Supervisor/Lead	1	55400.0	2	Non-Binary	Caucasian	40
376	Deanna	Hernandez	jamie74@example.org	2024-06-22	NULL	Active	Associate - Internal Communications	Associate	15	63394.11	3	Non-Binary	Caucasian	40
377	Joyce	Gonzales	bellheather@example.com	2023-06-04	NULL	Active	Associate - People Operations	Associate	4	55776.97	5	Female	Caucasian	58
378	Andrea	Thomas	jody22@example.net	2022-05-11	NULL	Active	Associate - Quality Assurance	Associate	16	46000.64	2	Female	Hispanic	31
379	Eddie	Jimenez	adam45@example.com	2023-01-25	NULL	Active	Associate - Internal Communications	Associate	15	69055.84	5	Other	Hispanic	34
380	Sophia	Wong	umclean@example.com	2023-10-15	NULL	Active	Associate - Marketing	Associate	7	56351.87	5	Other	African American	47
381	Yvette	Adams	jennifercox@example.com	2022-02-15	NULL	Active	Domain Director - Customer Success	Domain Director	9	160244.44	3	Female	Hispanic	35
382	Melissa	Curtis	patriciasmith@example.com	2022-03-06	NULL	Active	Associate - Finance	Associate	5	74070.87	4	Non-Binary	African American	57
383	Paul  	Cherry	katherinewilliams@example.net	2026-01-13	NULL	Active	Associate - Facilities	Associate	13	40064.64	4	Male	African American	45
384	Jeffrey	Robinson	mcdonaldjasmine@example.org	2025-09-18	NULL	Active	Associate - Product	Associate	2	63197.52	3	Male	Caucasian	47
385	Megan	Conway	clarkjacob@example.org	2022-10-20	NULL	Active	Associate - Legal	Associate	6	56500.66	5	Other	Hispanic	51
386	Oscar	Cardenas	pittmanjames@example.com	2023-01-26	NULL	Active	Associate - Legal	Associate	6	62604.32	3	Male	African American	28
387	Scott	Johnston	nicole20@example.org	2024-01-23	NULL	Active	Associate - Sales	Associate	8	41918.91	2	Other	Caucasian	43
388	Austin	Wilkinson	shannongarcia@example.net	2026-02-10	NULL	Active	Associate - Sales	Associate	8	50008.91	3	Other	Two or More	55
389	Brandi	Leon	cassandra50@example.com	2023-12-27	NULL	Active	Associate - Quality Assurance	Associate	16	73032.37	4	Other	NULL	45
390	Joshua	Blair	carlabanks@example.org	2026-05-12	NULL	Active	Associate - Customer Success	Associate	9	53882.66	3	Male	Hispanic	39
391	Michelle	Ortiz	katelyn23@example.net	2025-03-12	NULL	Active	Associate - Supply Chain	Associate	12	48146.59	4	Female	Two or More	54
392	Robert	Dougherty	nicoleashley@example.com	2022-11-09	NULL	Active	Associate - Corporate Strategy	Associate	14	58328.94	3	Male	Asian	42
393	Leslie	Cole	moorenathaniel@example.com	2024-05-05	NULL	Active	Associate - Sales	Associate	8	64769.64	4	Other	African American	58
394	Amber	Thomas	wilsonkristen@example.org	2022-08-24	NULL	Active	Associate - Finance	Associate	5	73147.7	2	Female	NULL	29
395	Samantha	 Matthews 	lucasgriffin@example.net	2022-01-15	NULL	Active	Supervisor/Lead - IT Support	Supervisor/Lead	10	72982.28	5	Female	Asian	46
396	Kim	Abbott	pollardlydia@example.com	2025-10-01	NULL	Active	Associate - IT Support	Associate	10	56593.47	3	Female	Asian	41
397	Cynthia	Johnson	olopez2@example.com	2025-03-18	NULL	Active	Associate - Facilities	Associate	13	54573.59	1	Non-Binary	African American	33
398	Katie	Jones	paul33@example.com	2026-04-12	NULL	Active	Associate - IT Support	Associate	10	51515.85	4	Female	NULL	47
399	Kimberly	Parsons	briangarza@example.net	2022-12-01	NULL	Active	Associate - Quality Assurance	Associate	16	57650.08	4	Other	Asian	34
400	Cameron	White	robert98@example.net	2024-03-30	NULL	Active	Associate - Facilities	Associate	13	71015.54	3	Male	Asian	21
401	Vanessa	Webb	ygould@example.com	2022-04-28	2026-04-24	Terminated	Associate - Sales	Associate	8	65666.89	5	Female	Caucasian	26
402	Jermaine	Huang	timothyhunter@example.net	2022-03-28	NULL	Active	Associate - Quality Assurance	Associate	16	41179.6	3	Non-Binary	Two or More	65
403	Chelsea	Rogers	castilloashley@example.com	2023-11-28	2024-07-06	Terminated	Associate - Sales	Associate	8	52140.75	4	Female	African American	47
404	Steve	Delgado	hoganjustin@example.net	2023-09-12	2024-03-12	Terminated	Supervisor/Lead - Security	Supervisor/Lead	11	56707.93	2	Other	Two or More	55
405	Jacob	Henderson	xmoore@example.com	2024-06-22	NULL	Active	Associate - IT Support	Associate	10	49099.71	3	Male	Hispanic	32
406	Sarah	Webb	jelliott@example.com	2022-01-28	NULL	Active	Supervisor/Lead - Marketing	Supervisor/Lead	7	71582.78	4	Female	Hispanic	50
407	Donna	Matthews	derrick82@example.org	2025-09-10	NULL	Active	Assistant Manager - Engineering	Assistant Manager	1	67931.21	3	Other	Hispanic	36
408	Taylor	Herrera	bsaunders@example.net	2022-03-06	NULL	Active	Associate - Supply Chain	Associate	12	44944.16	2	Female	Asian	36
409	Robert	Smith	valdezjohn@example.com	2022-08-07	NULL	Active	Associate - Security	Associate	11	55389.48	4	Male	Two or More	30
410	Monica	Schneider	velazquezchristian@example.org	2021-10-19	2025-03-19	Terminated	Associate - Finance	Associate	5	74356.88	3	Non-Binary	Two or More	29
411	Andrew	Johnson	jonathanvelasquez@example.org	2025-04-24	NULL	Active	Manager - Finance	Manager	5	114013.95	5	Male	Hispanic	36
412	Anthony	Austin	daniellenguyen@example.com	2022-04-06	NULL	Active	Associate - Product	Associate	2	49015.58	4	Other	Caucasian	34
413	Terry	Brown	jenniferjames@example.net	2022-11-28	NULL	Active	Associate - Security	Associate	11	49249.44	2	Male	Two or More	34
414	Kristina	Lam	lopezalexandra@example.net	2024-03-28	2024-07-10	Terminated	Supervisor/Lead - IT Support	Supervisor/Lead	10	76753.0	3	Female	Hispanic	NULL
415	Benjamin	Davis	ashleyramos@example.net	2026-05-15	NULL	Active	Associate - Product	Associate	2	55229.3	5	Non-Binary	Two or More	37
416	Shelly	Bennett	figueroamorgan@example.com	2021-07-04	NULL	Active	Supervisor/Lead - Customer Success	Supervisor/Lead	9	78429.04	3	Other	Asian	21
417	Keith	Evans	ofernandez@example.org	2023-12-19	NULL	Active	Associate - Customer Success	Associate	9	62279.11	5	Non-Binary	Two or More	NULL
418	Kara	Cruz	vanessa57@example.org	2022-01-09	NULL	Active	Associate - Product	Associate	2	53000.28	3	Female	African American	30
419	Jennifer	Hodges	jenny97@example.org	2025-10-15	NULL	Active	Associate - Product	Associate	2	53268.72	5	Female	African American	40
420	Michelle	Mahoney	anthonygregory@example.org	2025-03-30	NULL	Active	Associate - Corporate Strategy	Associate	14	-49158.88	3	Other	Two or More	29
421	Diane	Lawson	thickman@example.com	2022-03-26	NULL	Active	Associate - Finance	Associate	5	69992.79	3	Female	Caucasian	47
422	Thomas	Kelley	meredith70@example.com	2023-04-01	NULL	Active	Associate - Security	Associate	11	68955.14	5	Male	Caucasian	34
423	Isaac	Garner	nicolehawkins@example.com	2025-06-19	NULL	Active	Associate - Customer Success	Associate	9	59810.99	5	Male	Asian	49
424	Margaret	Moore	gford@example.com	2025-04-08	NULL	Active	Associate - Engineering	Associate	1	49904.59	4	Non-Binary	Hispanic	37
425	Karen	Jackson	brooksgary@example.com	2021-11-13	NULL	Active	Associate - IT Support	Associate	10	52089.01	3	Female	African American	58
426	Janet	White	anthony59@example.net	2023-02-19	2025-11-22	Terminated	Associate - Quality Assurance	Associate	16	62222.02	4	Female	Asian	36
427	Kenneth	Banks	vsheppard@example.com	2024-02-10	NULL	Active	Supervisor/Lead - Corporate Strategy	Supervisor/Lead	14	NULL	3	Non-Binary	Caucasian	31
428	Cory	Chavez	ujones@example.org	2025-09-22	NULL	Active	Associate - Sales	Associate	8	66716.63	3	Male	Two or More	40
429	Robert	Moore	qhorton@example.org	2026-07-18	NULL	Active	Associate - Corporate Strategy	Associate	14	72590.27	4	Other	Hispanic	44
430	William	Thomas	brownchristopher@example.org	2023-02-05	NULL	Active	Associate - Marketing	Associate	7	68957.29	NULL	Other	Caucasian	45
431	Dennis	Hernandez	patrickcarter@example.org	2021-09-08	NULL	Active	Associate - Supply Chain	Associate	12	71260.83	1	Male	Asian	36
432	Cassandra	Pierce	erica21@example.org	2024-04-24	NULL	Active	Domain Director - Legal	Domain Director	6	133578.52	4	NULL	Caucasian	43
433	Jennifer	Nicholson	johnsimpson@example.com	2022-01-12	NULL	Active	Associate - Internal Communications	Associate	15	65271.12	3	Other	African American	22
434	Kristen	simmons	nancy74@example.com	2024-03-28	NULL	Active	Supervisor/Lead - Sales	Supervisor/Lead	8	64563.6	5	Female	Asian	40
435	Walter	Logan	jimmy68@example.com	2025-12-05	NULL	Active	Associate - Customer Success	Associate	9	65261.92	3	Male	African American	25
436	Rebecca	Branch	oashley@example.com	2026-02-06	NULL	Active	Associate - Facilities	Associate	13	62948.98	4	Female	Hispanic	37
437	Yvonne	Santiago	elozano@example.com	2022-02-16	NULL	Active	Associate - Product	Associate	2	66055.8	4	Other	Hispanic	44
438	Leslie	Johnson	njackson@example.net	2022-09-08	NULL	Active	Associate - Customer Success	Associate	9	47584.97	3	Female	African American	44
439	Debra	Mays	brookejackson@example.com	2026-03-17	NULL	Active	Associate - Sales	Associate	8	52111.95	NULL	Female	Caucasian	37
440	Lindsay	Myers	epierce@example.net	2025-11-25	2026-01-30	Terminated	Associate - IT Support	Associate	10	64973.98	5	Other	Two or More	52
441	Jessica	Russell	smithgary@example.com	2021-08-19	NULL	Active	Associate - People Operations	Associate	4	45007.31	3	Female	Asian	62
442	Patricia	Payne	sean02@example.net	2025-04-28	NULL	Active	Domain Director - Supply Chain	Domain Director	12	168544.34	1	Female	Caucasian	35
443	Kathy	Mendoza	jeremy15@example.com	2022-12-05	2025-01-30	Terminated	Associate - Engineering	Associate	1	42990.02	2	Female	NULL	21
444	Antonio	Byrd	dhughes@example.com	2025-07-12	NULL	Active	Associate - Corporate Strategy	Associate	14	50239.5	2	Male	African American	39
445	Alexa	Griffith	morgan09@example.net	2023-12-01	NULL	Active	Associate - Quality Assurance	Associate	16	58674.72	3	Female	Hispanic	30
446	Jordan	Dominguez	veronicaking@example.net	2021-11-05	NULL	Active	Associate - Finance	Associate	5	65109.91	5	Female	Caucasian	44
447	Desiree	Johnson	gonzalezashley@example.com	2024-12-13	NULL	Active	Associate - Customer Success	Associate	9	45970.21	1	Female	Hispanic	51
448	Samuel	Small	rosalesernest@example.org	2021-12-09	NULL	Active	Associate - IT Support	Associate	10	66296.41	5	NULL	Hispanic	41
449	Robin	Frye	david89@example.net	2022-07-22	NULL	Active	Associate - Legal	Associate	6	47812.22	5	Non-Binary	African American	34
450	Michael	Anderson	amanda62@example.com	2023-07-02	2024-07-18	Terminated	Manager - Engineering	Manager	1	70704.35	5	Male	Two or More	51
451	Renee	Barker	bmyers@example.net	2025-06-03	NULL	Active	Associate - IT Support	Associate	10	45030.67	3	Non-Binary	Caucasian	45
452	Christine	Werner	dustin39@example.net	2024-01-23	NULL	Active	Associate - Facilities	Associate	13	46390.8	2	Other	African American	45
453	John	Reeves	zflores@example.net	2025-03-07	NULL	Active	Supervisor/Lead - Security	Supervisor/Lead	11	88354.17	1	Male	Asian	52
454	Wendy	Yoder	scurtis@example.net	2024-04-16	2026-07-10	Terminated	Associate - Quality Assurance	Associate	16	41431.55	3	Non-Binary	Asian	34
455	Matthew	Cole	irodriguez@example.net	2021-07-31	NULL	Active	Associate - Product	Associate	2	42177.54	2	Male	Two or More	34
456	Joshua	Sanchez	callen@example.net	2024-11-08	NULL	Active	Associate - Engineering	Associate	1	69833.95	2	Male	Hispanic	28
457	Trevor	Norris	wcollins@example.net	2021-10-13	NULL	Active	Associate - Finance	Associate	5	62365.28	3	Non-Binary	Hispanic	33
458	Beth	Soto	michelle24@example.com	2024-12-28	NULL	Active	Supervisor/Lead - IT Support	Supervisor/Lead	10	63368.45	3	Non-Binary	African American	23
459	Andrew	Archer	erinrollins@example.org	2023-04-25	NULL	Active	Associate - Quality Assurance	Associate	16	55313.73	3	Other	African American	32
460	Margaret	Carter	wadekatie@example.com	2023-12-08	NULL	Active	Associate - Finance	Associate	5	50386.75	4	Female	Hispanic	48
461	Brandon	Drake	carolmccall@example.com	2022-05-27	NULL	Active	Supervisor/Lead - Product	Supervisor/Lead	2	86167.6	5	Male	African American	47
462	Gregory	Leonard	mooremaria@example.net	2022-11-01	2023-06-29	Terminated	Associate - Sales	Associate	8	57147.12	4	Male	NULL	28
463	Stephen	Crosby	ihunter@example.org	2025-07-10	NULL	Active	Associate - Supply Chain	Associate	12	70160.25	3	Male	Caucasian	33
464	Rachel	Watkins	porterheather@example.net	2026-01-17	NULL	Active	Associate - Customer Success	Associate	9	64902.47	3	Female	Two or More	29
465	Travis	Lang	laurieking@example.org	2023-08-19	NULL	Active	Associate - Data Science	Associate	3	45630.01	3	Male	Caucasian	44
466	Brian	Gill	ywyatt@example.net	2024-10-06	2025-08-25	Terminated	Associate - Quality Assurance	Associate	16	47153.59	3	Other	Asian	36
467	Jenna	Bennett	james03@example.com	2023-01-03	NULL	Active	Associate - People Operations	Associate	4	55802.27	4	Non-Binary	Asian	33
468	Aaron	Peterson	kennedylogan@example.org	2021-12-18	2022-05-02	Terminated	Associate - Legal	Associate	6	55439.21	2	Male	African American	54
469	Jack	Shaw	henrygilbert@example.com	2026-03-18	NULL	Active	Associate - Supply Chain	Associate	12	70754.03	3	Male	African American	45
470	William	Freeman	phillipsspencer@example.org	11/27/2021	NULL	Active	Associate - Facilities	Associate	13	67237.3	3	Male	Asian	50
471	Jeremy	Johnson	penabrenda@example.net	2022-01-24	2025-05-13	Terminated	Supervisor/Lead - Supply Chain	Supervisor/Lead	12	66125.67	3	Non-Binary	African American	29
472	Jonathan	Jones	jenglish@example.com	2022-09-13	NULL	Active	Associate - Internal Communications	Associate	15	53414.47	3	Other	Hispanic	29
473	Dustin	Castillo	michaelalexander@example.org	2024-07-18	NULL	Active	Associate - Marketing	Associate	7	43867.48	3	Male	Asian	35
474	Bruce	Peterson	samanthalewis@example.net	2026-04-06	NULL	Active	Assistant Manager - Security	Assistant Manager	11	64875.21	3	Other	Hispanic	53
475	Anthony	Moore	jonathan58@example.net	2026-04-03	NULL	Active	Associate - Data Science	Associate	3	52747.06	3	Male	Asian	32
476	Cody	Stewart	daniel19@example.com	2023-12-17	NULL	Active	Associate - Quality Assurance	Associate	16	55656.62	4	Male	Two or More	24
477	Patricia	Cameron	melinda09@example.org	2022-06-30	NULL	Active	Associate - Data Science	Associate	3	68973.19	3	Female	African American	51
478	Sheryl	Pearson	william98@example.com	09/04/2023	NULL	Active	Associate - Internal Communications	Associate	15	58177.39	1	Non-Binary	African American	30
479	Brooke	Goodwin	zachary53@example.net	2026-03-28	NULL	Active	Associate - Facilities	Associate	13	69393.05	3	Female	Hispanic	31
480	Joshua	Johnson	cartermegan@example.net	2022-03-05	NULL	Active	Associate - Supply Chain	Associate	12	70950.05	3	Male	African American	45
481	William	Lin	douglasfleming@example.org	2022-03-17	NULL	Active	Associate - People Operations	Associate	4	50816.82	3	Other	Asian	53
482	Paula	Garza	livingstoncynthia@example.com	2024-11-17	NULL	Active	Associate - Supply Chain	Associate	12	64559.2	3	Female	Two or More	31
483	Mark	Kennedy	cherylsampson@example.net	2024-03-12	NULL	Active	Associate - IT Support	Associate	10	71647.74	2	Male	Hispanic	30
484	Mary	Lang	christopherberger@example.net	2025-12-10	2026-03-29	Active	Supervisor/Lead - Engineering	Supervisor/Lead	1	85952.52	5	Female	Two or More	31
485	Samuel	Mueller	jonesmeghan@example.net	2021-11-25	NULL	Active	Supervisor/Lead - People Operations	Supervisor/Lead	4	83560.32	3	Male	Caucasian	26
486	Paige	Vance	vgiles@example.net	2021-08-28	NULL	Active	Supervisor/Lead - IT Support	Supervisor/Lead	10	84974.99	4	NULL	Caucasian	46
487	Kathryn	Palmer	christopherdrake@example.org	07/13/2022	2023-09-22	Terminated	Supervisor/Lead - Data Science	Supervisor/Lead	3	66725.38	5	Other	Caucasian	66
488	Maxwell	Carter	earlmcdonald@example.org	2021-09-17	NULL	Active	Associate - Marketing	Associate	7	47337.05	4	Male	Hispanic	52
489	Johnathan	Harmon	mrowe@example.net	2023-02-10	NULL	Active	Associate - People Operations	Associate	4	68504.62	4	Male	African American	38
490	Melissa	Mcdonald	sarahspencer@example.com	2025-03-26	NULL	Active	Supervisor/Lead - Marketing	Supervisor/Lead	7	78070.13	1	Non-Binary	Two or More	40
491	Jessica	Williams	alexanderdavid@example.net	2022-01-30	NULL	Active	Associate - Internal Communications	Associate	15	50937.78	4	Non-Binary	Two or More	32
492	John	Robinson	diane20@example.org	2022-06-12	NULL	Active	Supervisor/Lead - Finance	Supervisor/Lead	5	61980.41	3	Non-Binary	African American	21
493	Jeffrey	Robertson	nicolebeard@example.org	2024-01-28	NULL	Active	Associate - IT Support	Associate	10	40805.12	5	Male	Hispanic	32
494	James	Martinez	mweaver@example.net	2025-09-17	NULL	Active	Associate - Customer Success	Associate	9	52361.11	4	Other	Two or More	46
495	Christopher	Luna	denise96@example.org	2022-04-25	NULL	Active	Associate - Finance	Associate	5	74948.21	5	Male	Hispanic	21
496	Joseph	Murphy	ramossarah@example.net	2024-03-24	NULL	Active	Associate - Supply Chain	Associate	12	69798.32	3	Other	African American	52
497	Timothy	Sherman	stacy78@example.net	2023-11-29	NULL	Active	Associate - Product	Associate	2	59397.93	2	Other	African American	39
498	Carol	Douglas	gjohnson@example.org	2025-08-15	NULL	Active	Associate - Data Science	Associate	3	63512.02	4	Other	African American	39
499	David  	Vaughn	molly12@example.com	2024-02-07	2024-09-27	Terminated	Associate - Security	Associate	11	71797.2	2	Male	African American	49
500	Jennifer	Bird	amberevans@example.net	2024-02-17	2025-10-17	Terminated	Associate - Data Science	Associate	3	70464.37	2	Female	Two or More	26
501	Amy	Krause	michael56@example.com	2025-07-22	NULL	Active	Associate - Product	Associate	2	41970.74	4	Female	Hispanic	46
502	Shane	Dodson	caroljones@example.org	2026-02-18	NULL	Active	Associate - Corporate Strategy	Associate	14	59144.29	4	NULL	Asian	43
503	Charles	Hernandez	lopezbryan@example.com	2026-03-13	NULL	Active	Associate - Quality Assurance	Associate	16	63187.53	5	Male	African American	30
504	Carrie	Clayton	wcox@example.org	2025-12-03	NULL	Active	Supervisor/Lead - Marketing	Supervisor/Lead	7	55664.92	3	Female	Asian	41
505	Nicholas	Watson	shawmelanie@example.org	2022-10-07	NULL	Active	Associate - Data Science	Associate	3	44899.19	1	Other	African American	46
506	Dillon	Arnold	swilson@example.org	2026-03-17	NULL	Active	Associate - Internal Communications	Associate	15	59588.24	1	Male	NULL	34
507	Matthew	Powers	jonathan80@example.org	2022-01-12	NULL	Active	Associate - Product	Associate	2	57184.19	5	Other	African American	32
508	Bailey	Harrison	adamvelez@example.com	2024-02-21	NULL	Active	Associate - Engineering	Associate	1	63613.73	4	Female	Caucasian	62
509	Robert	Williams 	qmeadows@example.org	12/27/2025	NULL	Active	Associate - Marketing	Associate	7	53758.44	3	Non-Binary	African American	37
510	Charles	Allison	marshjamie@example.net	2024-09-02	NULL	Active	Associate - Finance	Associate	5	66000.93	3	Male	Two or More	55
511	Michael	Mata	rosejason@example.net	2022-08-24	NULL	Active	Supervisor/Lead - Engineering	Supervisor/Lead	1	72301.63	4	Male	African American	29
512	Joseph	Gay	garellano@example.com	2022-07-20	NULL	Active	Associate - Sales	Associate	8	56972.91	4	Other	Two or More	31
513	Ralph	Byrd	rachelwolfe@example.com	2023-06-15	NULL	Active	Associate - Legal	Associate	6	63845.26	3	Other	Caucasian	42
514	Jasmine	Lewis	edward96@example.net	2024-07-19	NULL	Active	Associate - Product	Associate	2	51634.94	5	Other	Caucasian	34
515	Amanda	Li	stephen15@example.com	2023-03-06	NULL	Active	Supervisor/Lead - Sales	Supervisor/Lead	8	87632.18	1	Female	Hispanic	25
516	Matthew	Collins	donaldharrison@example.com	2025-05-14	NULL	Active	Associate - Data Science	Associate	3	61054.06	5	Other	Hispanic	43
517	Michael	Roberts	davidmorton@example.com	2026-02-17	NULL	Active	Associate - Marketing	Associate	7	62939.56	4	Other	NULL	29
518	Linda  	Mercer	smithcollin@example.com	2022-02-17	NULL	Active	Associate - Corporate Strategy	Associate	14	63380.03	1	Female	Caucasian	39
519	Matthew	Hamilton	ibarr@example.org	2022-08-04	NULL	Active	Supervisor/Lead - Supply Chain	Supervisor/Lead	12	57771.49	3	Other	Caucasian	39
520	Diana	Hooper	kenneth84@example.org	2021-08-24	NULL	Active	Supervisor/Lead - Data Science	Supervisor/Lead	3	64784.22	2	Non-Binary	African American	38
521	Patricia	Key	dodsondaniel@example.org	2024-06-23	2026-08-02	Terminated	Associate - Sales	Associate	8	45006.73	NULL	Other	NULL	58
522	Tyler	Fuller	xmitchell@example.net	2022-09-17	NULL	Active	Associate - Finance	Associate	5	50839.77	3	Male	Asian	33
523	David	Garcia	ydennis@example.org	2022-12-27	NULL	Active	Associate - Sales	Associate	8	62514.48	3	Male	Two or More	59
524	Kyle	Kramer	sarahcannon@example.com	2026-01-29	2026-03-22	Terminated	Associate - Facilities	Associate	13	58249.83	2	Other	African American	32
525	Ruth	Frye	deanlisa@example.net	2021-10-19	NULL	Active	Supervisor/Lead - Product	Supervisor/Lead	2	89867.88	4	Female	Hispanic	41
526	Michael	Taylor	hermanjohn@example.org	2025-10-17	NULL	Active	Supervisor/Lead - Quality Assurance	Supervisor/Lead	16	70509.72	NULL	Other	African American	31
527	Melissa	Wood	justin83@example.net	2023-02-10	NULL	Active	Supervisor/Lead - Security	Supervisor/Lead	11	88453.64	3	Other	Caucasian	46
528	Joseph	Johnson	serranojasmine@example.org	2022-03-24	NULL	Active	Associate - Internal Communications	Associate	15	62828.37	3	Male	Asian	28
529	Kristin	Hill	christophermullins@example.net	07/19/2022	NULL	Active	Associate - Engineering	Associate	1	69580.69	5	Female	African American	28
530	Steven	Anderson	zcooley@example.org	2023-12-03	NULL	Active	Associate - Sales	Associate	8	68737.43	1	Other	Two or More	52
531	Charles	Nelson	haley67@example.net	2022-12-24	NULL	Active	Associate - Facilities	Associate	13	51622.25	3	Male	Two or More	28
532	Nicholas	Brown	laura51@example.org	2025-05-15	NULL	Active	Associate - Corporate Strategy	Associate	14	60010.83	3	Non-Binary	African American	39
533	Wyatt	Huang	brandonwallace@example.com	2025-10-05	NULL	Active	Supervisor/Lead - Supply Chain	Supervisor/Lead	12	61126.23	4	NULL	African American	33
534	Jonathan	Ward	crystal62@example.com	2022-10-16	2026-03-19	Terminated	Associate - Security	Associate	11	40654.6	3	Male	Asian	37
535	Jennifer	Dean	christopher22@example.org	2023-05-22	NULL	Active	Associate - Finance	Associate	5	51519.02	5	Other	Asian	48
536	Terry	Johnson	dlopez@example.com	2022-09-04	NULL	Active	Associate - Engineering	Associate	1	50781.2	5	Male	NULL	54
537	Robert	Arnold	kennethjenkins@example.net	2025-06-08	NULL	Active	Associate - Data Science	Associate	3	40593.49	4	Non-Binary	Caucasian	36
538	Angela	Powers	audrey02@example.org	2021-10-11	NULL	Active	Associate - Customer Success	Associate	9	51699.27	3	Non-Binary	Asian	39
539	Oscar	Scott	johnbarnes@example.org	2023-11-02	2025-12-26	Terminated	Supervisor/Lead - Finance	Supervisor/Lead	5	56217.3	1	Other	Asian	53
540	Linda	Young	emily54@example.net	2022-01-22	NULL	Active	Associate - Internal Communications	Associate	15	45275.93	3	Other	Caucasian	40
541	Zachary	Green	haleyjones@example.net	2023-03-10	NULL	Active	Manager - Sales	Manager	8	104352.94	4	Male	Hispanic	21
542	Amy	Miller	marypollard@example.org	2025-08-26	NULL	Active	Associate - Facilities	Associate	13	41764.89	4	NULL	Two or More	44
543	Michael	Cantu	lyonswendy@example.net	2025-12-26	NULL	Active	Associate - People Operations	Associate	4	74563.31	NULL	Other	Caucasian	54
544	Sarah	Adams	catherinemendoza@example.org	2025-04-01	NULL	Active	Associate - Facilities	Associate	13	47769.98	3	Non-Binary	Hispanic	39
545	Laura	Holmes	kproctor@example.net	2022-11-27	NULL	Active	Associate - People Operations	Associate	4	63979.94	3	Other	African American	31
546	Jeffery	Powell	silvachristine@example.org	2025-02-28	04/03/2026	Terminated	Associate - IT Support	Associate	10	57060.24	4	Male	Two or More	38
547	Michael	Delgado	ygreen@example.net	2022-11-10	NULL	Active	Supervisor/Lead - Engineering	Supervisor/Lead	1	60840.64	1	Male	Asian	31
548	Linda	Young	pbryant@example.com	2023-07-10	2026-01-19	Terminated	Associate - Internal Communications	Associate	15	55973.38	5	Female	Two or More	22
549	Laura	Tucker	michellemcdaniel@example.org	2023-03-01	NULL	Active	Associate - Sales	Associate	8	63195.11	2	Female	Hispanic	53
550	David	Castro	pamela11@example.org	2025-08-13	NULL	Active	Associate - Quality Assurance	Associate	16	43262.99	2	Non-Binary	African American	46
551	Timothy	Lee	millerrobert@example.com	2025-03-10	NULL	Active	Associate - Supply Chain	Associate	12	74612.98	3	Male	NULL	38
552	Tara	Potts	stewartanthony@example.com	2025-12-18	NULL	Active	Associate - IT Support	Associate	10	55631.09	5	Other	African American	39
553	Andrew	Woods	smoran@example.net	2023-11-28	NULL	Active	Associate - Data Science	Associate	3	53206.42	1	Non-Binary	Hispanic	44
554	Katherine	Miller	albertmann@example.com	2025-04-12	2025-05-16	Terminated	Associate - IT Support	Associate	10	60073.83	2	Female	Asian	63
555	Aaron	Miller	qjohnson@example.com	2025-06-04	NULL	Active	Manager - Legal	Manager	6	98322.88	4	Other	Hispanic	21
556	Philip	Hart	edward262@example.com	2023-04-01	NULL	Active	Associate - Sales	Associate	8	NULL	4	Non-Binary	Caucasian	39
557	Susan	Guerra	barrleroy@example.com	2023-02-16	NULL	Active	Associate - People Operations	Associate	4	51696.16	3	Female	Asian	21
558	Cynthia	Berry	dhines@example.org	2023-11-03	NULL	Active	Associate - Finance	Associate	5	74910.23	5	Other	Caucasian	33
559	Robert	Chang	terrence83@example.net	2021-11-19	NULL	Active	Associate - People Operations	Associate	4	72093.46	3	Non-Binary	Two or More	41
560	Jerry	Hoffman	theresawilliams@example.net	2022-07-08	NULL	Active	Associate - Legal	Associate	6	47152.42	3	Male	African American	42
561	Jeffery	Vega	martinashley@example.net	2022-07-31	NULL	Active	Associate - Customer Success	Associate	9	71967.42	3	Non-Binary	Caucasian	43
562	Patricia	Smith	donald39@example.com	2022-05-22	2023-03-21	Terminated	Supervisor/Lead - Quality Assurance	Supervisor/Lead	16	74201.84	4	Female	Two or More	23
563	Philip	Nelson	timothy09@example.org	2025-02-26	NULL	Active	Associate - People Operations	Associate	4	50307.89	3	Male	African American	44
564	Steven	Davis	jennifer30@example.org	2025-04-15	NULL	Active	Associate - Customer Success	Associate	9	NULL	4	Male	Asian	39
565	Barbara	Washington	heatherellis@example.org	2021-08-31	NULL	Active	Associate - Product	Associate	2	49530.86	3	Non-Binary	NULL	45
566	Ruben	Strickland	sarahstanley@example.com	2024-01-21	NULL	Active	Supervisor/Lead - People Operations	Supervisor/Lead	4	58842.64	2	Male	Two or More	36
567	Charles	Erickson	jack85@example.org	07/05/2026	NULL	Active	Associate - Engineering	Associate	1	73512.46	2	Male	Caucasian	52
568	Brenda	Hudson	ronaldparker@example.org	2026-07-06	NULL	Active	Associate - Customer Success	Associate	9	62069.16	2	Female	Caucasian	27
569	Donald	Owens	gentrydaniel@example.com	2024-02-19	NULL	Active	Supervisor/Lead - People Operations	Supervisor/Lead	4	65765.2	3	Male	Caucasian	28
570	Karla	Walters	vleblanc@example.net	2026-06-24	NULL	Active	Associate - Supply Chain	Associate	12	70008.8	2	Female	Asian	40
571	Michael	Riggs	chris04@example.com	2022-11-24	NULL	Active	Associate - IT Support	Associate	10	68298.22	4	Male	African American	56
572	Ashley	Dean	terrencesimpson@example.com	2024-02-06	NULL	Active	Associate - Legal	Associate	6	54731.42	4	Female	Caucasian	NULL
573	Daniel	Martinez	justinhensley@example.com	2026-06-10	NULL	Active	Associate - Engineering	Associate	1	50614.84	3	Non-Binary	African American	37
574	Rachel	Dunlap	davidgillespie@example.com	2024-09-30	NULL	Active	Assistant Manager - Sales	Assistant Manager	8	90230.24	3	Other	African American	43
575	Lindsey	Bell	fmarsh@example.com	2022-12-03	NULL	Active	Assistant Manager - Internal Communications	Assistant Manager	15	80126.89	1	Female	Asian	45
576	Catherine	Jacobs	saracolon@example.org	2022-11-18	2025-01-02	Terminated	Associate - Internal Communications	Associate	15	56940.23	5	Female	Two or More	36
577	Danielle	Singh	jessewilkerson@example.net	2025-06-11	NULL	Active	Associate - Facilities	Associate	13	49267.82	4	Non-Binary	Caucasian	43
578	Mark	Myers	russellhelen@example.net	2026-01-16	NULL	Active	Associate - Legal	Associate	6	53753.25	1	Non-Binary	Hispanic	39
579	Mario	Baird	websterstephanie@example.net	2021-09-24	NULL	Active	Supervisor/Lead - People Operations	Supervisor/Lead	4	76514.38	3	Male	Asian	45
580	Hector	Brown	chavezadrienne@example.net	2025-06-27	NULL	Active	Assistant Manager - Product	Assistant Manager	2	62808.47	4	Male	NULL	32
581	William	Wilkinson	mthompson@example.net	2021-10-12	NULL	Active	Associate - People Operations	Associate	4	67217.1	3	Male	Asian	38
582	Daniel	Rodriguez	robertmills@example.org	2024-09-30	NULL	Active	Associate - Finance	Associate	5	46508.11	4	Male	African American	39
583	Erik	Harrington	stevenpeterson@example.com	2022-11-25	NULL	Active	Associate - Engineering	Associate	1	72440.36	2	Male	Asian	37
584	Nancy	Walsh	steeledanielle@example.com	2022-05-19	NULL	Active	Associate - People Operations	Associate	4	55296.75	3	Female	Asian	56
585	Matthew	Beck	patrickrobertson@example.com	05/26/2024	NULL	Active	Associate - Security	Associate	11	56528.84	5	Other	Hispanic	NULL
586	  April  	Ramirez	chrisbrown@example.net	2023-11-09	2025-04-30	Terminated	Associate - Corporate Strategy	Associate	14	63199.46	3	Non-Binary	African American	39
587	John	Oliver	xgates@example.net	2021-09-20	NULL	Active	Associate - Security	Associate	11	72263.53	5	Other	Caucasian	58
588	Kenneth	Ibarra	hannahhuffman@example.net	2023-09-05	2024-12-17	Terminated	Associate - Sales	Associate	8	50467.4	3	Male	Asian	63
589	Vincent	Campbell	connershirley@example.net	2022-07-28	2025-10-13	Terminated	Associate - Sales	Associate	8	60014.44	2	Male	Two or More	47
590	Jessica	Oliver	tracibrown@example.com	2026-02-06	NULL	Active	Associate - IT Support	Associate	10	61983.0	4	Female	NULL	37
591	Robert	Snyder	wpierce@example.net	01/19/2022	NULL	Active	Associate - Quality Assurance	Associate	16	63499.09	3	Non-Binary	African American	36
592	Dominique	Smith	jamespatrick@example.net	2022-12-16	NULL	Active	Associate - Facilities	Associate	13	74587.61	2	Other	Asian	47
593	Melissa	Meyers	mcguirepaul@example.net	2026-01-03	NULL	Active	Associate - Supply Chain	Associate	12	53980.23	3	Female	Asian	46
594	Lisa	White	uhall@example.com	2023-10-24	NULL	Active	Associate - Data Science	Associate	3	50130.62	4	Female	African American	35
595	Richard	Morrison	lawrencejennifer@example.org	2025-10-15	NULL	Active	Associate - Engineering	Associate	1	58669.84	2	Male	African American	39
596	Sheena	Norris	lisa99@example.com	2025-06-09	NULL	Active	Associate - Facilities	Associate	13	59016.7	2	Female	NULL	49
597	Collin	Lewis	privera@example.com	2022-01-08	NULL	Active	Associate - Corporate Strategy	Associate	14	67228.95	4	Male	Asian	35
598	William	Hall	ronaldhendricks@example.com	2024-05-02	NULL	Active	Associate - Customer Success	Associate	9	53897.53	4	Non-Binary	African American	36
599	Tanner	Gutierrez	bartonalyssa@example.com	2025-11-15	NULL	Active	Associate - Quality Assurance	Associate	16	50101.46	3	Male	African American	57
600	Jennifer	Smith	nelsonmiguel@example.net	2022-08-20	NULL	Active	Associate - Customer Success	Associate	9	71211.21	2	Non-Binary	African American	21
601	Darren	Harrell	timothybutler@example.net	2021-12-09	NULL	Active	Associate - Data Science	Associate	3	56870.03	3	Other	Asian	56
602	Michael	Liu	troach@example.com	2022-04-26	NULL	Active	Associate - Finance	Associate	5	51029.26	3	Other	Asian	38
603	Deanna	Bishop	wpowell@example.org	2026-04-19	NULL	Active	Associate - Product	Associate	2	61512.19	3	Non-Binary	Hispanic	52
604	Savannah	Webb	lharrison@example.net	2024-01-25	NULL	Active	Assistant Manager - Marketing	Assistant Manager	7	62463.69	3	Non-Binary	Asian	39
605	Kristin	PIERCE	kaiserjanice@example.net	2021-11-22	2023-01-14	Terminated	Supervisor/Lead - Sales	Supervisor/Lead	8	75155.49	4	Other	Two or More	21
606	Paul	Miller	matthew63@example.com	2022-12-14	NULL	Active	Associate - Finance	Associate	5	62421.75	3	Male	Asian	51
607	Tasha	Steele	wardkarla@example.org	2025-09-25	NULL	Active	Associate - People Operations	Associate	4	61942.41	5	Female	NULL	45
608	Joshua	Bullock	marellano@example.org	2023-03-21	NULL	Active	Associate - Marketing	Associate	7	54465.99	4	Male	Hispanic	42
609	Kenneth	Escobar	jacksonlisa@example.com	2026-03-04	NULL	Active	Associate - Sales	Associate	8	58741.36	2	Other	African American	41
610	Jill	Good	patricia83@example.com	2025-05-15	NULL	Active	Associate - Corporate Strategy	Associate	14	52999.87	5	Female	African American	45
611	Travis	Fisher	brittneywheeler@example.com	2025-06-21	NULL	Active	Supervisor/Lead - Customer Success	Supervisor/Lead	9	68383.58	3	Male	African American	39
612	Paula	Berry	lrodriguez@example.net	2023-06-02	NULL	Active	Supervisor/Lead - Finance	Supervisor/Lead	5	70818.7	5	Female	African American	21
613	Aaron	Ferguson	williamschristopher@example.net	2024-03-23	NULL	Active	Associate - Customer Success	Associate	9	62302.72	NULL	Male	Hispanic	38
614	Bonnie	Merritt	raymondjohnson@example.net	2025-06-09	2025-12-24	Terminated	Assistant Manager - Data Science	Assistant Manager	3	65763.76	4	Female	Caucasian	21
615	Michelle	Fields	matthewsjohn@example.com	2022-01-30	2026-06-28	Terminated	Associate - Product	Associate	2	58634.98	4	Other	Two or More	48
616	Alan	Lin	pauljohnson@example.com	2021-07-01	2025-04-23	Terminated	Supervisor/Lead - Product	Supervisor/Lead	2	NULL	4	Male	Caucasian	40
617	Alejandra	Adams	tsmith@example.net	2025-12-23	NULL	Active	Associate - Marketing	Associate	7	59764.49	4	Female	Caucasian	30
618	James	Horn	steven33@example.org	2022-05-26	2024-07-31	Terminated	Associate - Security	Associate	11	56241.52	2	Male	African American	21
619	Erin	Wheeler	sherrymartin@example.com	2023-09-04	NULL	Active	Associate - Marketing	Associate	7	41181.89	1	Other	Two or More	21
620	Kayla	Randolph	taramiller@example.com	2022-05-30	2026-07-04	Terminated	Associate - Security	Associate	11	55196.93	3	Female	Caucasian	40
621	Savannah	Brown	hjacobs@example.com	2026-06-05	NULL	Active	Associate - People Operations	Associate	4	73406.48	3	Female	Two or More	34
622	Casey	Patrick	wolfkyle@example.com	2022-02-21	NULL	Active	Associate - Finance	Associate	5	40593.42	4	Male	Asian	21
623	Roger	Holmes	cameron03@example.net	2021-10-13	NULL	Active	Supervisor/Lead - Security	Supervisor/Lead	11	69192.39	1	Male	African American	48
624	Monica	Welch	yolanda42@example.com	2025-08-30	NULL	Active	Associate - IT Support	Associate	10	57856.6	3	Non-Binary	African American	41
625	Michael	Butler	vickismith@example.net	2024-01-12	NULL	Active	Associate - Customer Success	Associate	9	56178.85	3	Other	African American	43
626	Nicholas	Nunez	ulang@example.net	2024-05-03	2026-03-10	Terminated	Associate - Corporate Strategy	Associate	14	69327.49	4	Male	Two or More	46
627	Kyle	Smith	cmorgan@example.net	2025-04-22	NULL	Active	Associate - IT Support	Associate	10	66460.42	NULL	Male	Hispanic	50
628	Laura	Cummings	sarah18@example.com	2026-02-24	NULL	Active	Assistant Manager - Corporate Strategy	Assistant Manager	14	82473.84	3	Other	Caucasian	53
629	Michelle	Hawkins	monica52@example.net	2023-04-30	2025-05-09	Terminated	Assistant Manager - Data Science	Assistant Manager	3	60191.68	3	Non-Binary	Caucasian	38
630	Andrew	Ferrell	michael09@example.com	2024-08-05	2026-05-25	Terminated	Manager - Quality Assurance	Manager	16	116011.04	2	Other	Two or More	41
631	Ethan	Munoz	jenniferburns@example.net	2026-06-23	NULL	Active	Associate - Security	Associate	11	74739.98	3	Non-Binary	Caucasian	38
632	Misty	Gomez	gregory30@example.org	2024-07-26	NULL	Active	Associate - People Operations	Associate	4	62271.8	1	Non-Binary	Caucasian	31
633	Joel	Johnson	cookchristine@example.org	2021-09-29	NULL	Active	Associate - Sales	Associate	8	59918.08	4	Non-Binary	Hispanic	38
634	Karen	Ryan	villanuevaanthony@example.net	2025-11-21	NULL	Active	Supervisor/Lead - Internal Communications	Supervisor/Lead	15	59381.86	3	Female	Two or More	49
635	Natasha	Greene	xsimmons@example.net	2025-01-17	2025-07-11	Terminated	Associate - Facilities	Associate	13	57084.48	4	Female	Hispanic	25
636	Marc	Sanders	glong@example.org	2026-04-03	NULL	Active	Associate - Quality Assurance	Associate	16	48817.16	5	Male	Hispanic	36
637	Nicholas	Horn	medinajeffery@example.net	2023-03-25	NULL	Active	Associate - Security	Associate	11	70330.48	1	Male	Asian	65
638	Alexis	Li	timothyjohnson@example.net	2025-04-14	NULL	Active	Associate - Quality Assurance	Associate	16	71040.4	3	Other	Two or More	49
639	Frederick	Miller	wardtimothy@example.org	2025-07-07	2025-12-06	Terminated	associate - it support	Associate	10	71830.44	3	Other	Caucasian	49
640	Tammy	Mason	suzannejones@example.org	2024-10-10	NULL	Active	Supervisor/Lead - Facilities	Supervisor/Lead	13	58254.67	4	Non-Binary	Caucasian	57
641	Johnny	Becker	darrenduke@example.org	2022-01-12	2023-09-07	Terminated	Manager - Customer Success	Manager	9	75438.37	3	Non-Binary	African American	33
642	John	Peters	ballen@example.com	2024-09-27	NULL	Active	Associate - Facilities	Associate	13	60206.5	3	Other	NULL	46
643	Crystal	Wright	matthewedwards@example.net	2023-06-01	2024-05-14	Terminated	Associate - Supply Chain	Associate	12	52255.22	3	Female	Caucasian	41
644	Corey	Hill	tanyahayes@example.net	2025-08-03	NULL	Active	Associate - Facilities	Associate	13	57037.32	1	Non-Binary	Hispanic	40
645	Kari	Bradford	elizabeth45@example.net	2023-07-28	NULL	Active	Associate - Facilities	Associate	13	64267.53	3	Other	Asian	42
646	Joseph	Hernandez	jeromeedwards@example.org	2022-11-06	NULL	Active	Associate - Facilities	Associate	13	67221.42	1	Other	Two or More	26
647	Jacob	Grant	jasonmartin@example.org	2021-11-06	2022-05-15	Active	Associate - IT Support	Associate	10	56536.81	3	Male	Hispanic	32
648	Kristen	Moore	martinezdale@example.com	2022-01-10	NULL	Active	Associate - Marketing	Associate	7	68899.6	3	Female	Asian	27
649	Stephanie	Esparza	jason21@example.org	2024-06-14	NULL	Active	Associate - People Operations	Associate	4	59397.71	1	Female	Hispanic	51
650	David	White	jeffery94@example.org	2024-08-01	NULL	Active	Associate - Quality Assurance	Associate	16	71237.42	3	Other	Asian	NULL
651	James	Turner	staceycraig@example.org	2023-01-18	NULL	Active	Associate - Supply Chain	Associate	12	40078.03	1	Non-Binary	Hispanic	47
652	Katrina	Barker	rreyes@example.org	2023-08-06	NULL	Active	Supervisor/Lead - Data Science	Supervisor/Lead	3	87759.53	4	Non-Binary	African American	33
653	Paul	Mcdonald	scott08@example.net	2024-12-17	NULL	Active	Associate - Customer Success	Associate	9	53536.26	4	Other	Hispanic	43
654	Edward	Munoz	zcarter@example.com	2021-08-04	2022-08-21	Terminated	Associate - Sales	Associate	8	74686.22	5	Other	Two or More	46
655	Joshua	Holland	martinjonathan@example.org	2025-04-27	NULL	Active	Associate - Customer Success	Associate	9	52871.26	1	Other	Two or More	40
656	Todd	Freeman	megan88@example.net	2026-05-15	2026-06-14	Terminated	Associate - Legal	Associate	6	48954.96	2	Non-Binary	Hispanic	34
657	Stephanie	Lee	dpineda@example.com	2023-08-20	NULL	Active	Associate - People Operations	Associate	4	53925.49	3	Female	Hispanic	43
658	Brian	Moreno	hmartin@example.net	01/11/2026	NULL	Active	Supervisor/Lead - Data Science	Supervisor/Lead	3	56470.01	3	Other	Hispanic	40
659	Amy	Gonzales	lisa48@example.org	2024-02-20	NULL	Active	Associate - Corporate Strategy	Associate	14	69082.64	5	NULL	Caucasian	46
660	Melanie	Fleming	rebeccacox@example.com	2021-10-02	NULL	Active	Associate - People Operations	Associate	4	50322.36	3	Female	Two or More	51
661	Raymond	Travis	david47@example.org	2022-01-26	NULL	Active	Supervisor/Lead - Product	Supervisor/Lead	2	55357.91	3	Male	Asian	40
662	Katherine	Peterson	kanderson2@example.org	2025-07-30	NULL	Active	Associate - Facilities	Associate	13	74429.36	4	Female	Hispanic	34
663	Ryan	Thomas	xgillespie@example.net	2025-10-18	NULL	Active	Associate - People Operations	Associate	4	52193.3	2	Male	Hispanic	23
664	Seth	Soto	frank86@example.com	2025-09-08	NULL	Active	Associate - Corporate Strategy	Associate	14	NULL	4	Non-Binary	Asian	33
665	Lance	Stewart	stevemartin@example.com	2021-09-21	NULL	Active	Associate - Security	Associate	11	72667.02	3	Male	Hispanic	30
666	Holly	Smith	uhuffman@example.org	2024-12-12	NULL	Active	Associate - Security	Associate	11	58829.24	4	Other	Asian	38
667	Alan	Moore	terrance43@example.com	2023-10-10	NULL	Active	Supervisor/Lead - People Operations	Supervisor/Lead	4	70176.34	3	Other	African American	24
668	Brandi	Hughes	myersanna@example.org	2025-04-05	NULL	Active	Associate - IT Support	Associate	10	59032.63	2	Female	Caucasian	36
669	Jason	Nelson	elliskathryn@example.com	2024-06-30	NULL	Active	Associate - Facilities	Associate	13	41861.97	5	Male	African American	44
670	Mathew	Gonzalez	bentonlaura@example.org	2023-06-01	NULL	Active	Associate - Product	Associate	2	60982.25	3	Other	Hispanic	49
671	Dylan	Warner	david76@example.net	2022-09-27	NULL	Active	Associate - Supply Chain	Associate	12	61077.29	4	Male	Caucasian	46
672	Stephen	Flores	chelseaross@example.org	2024-03-23	NULL	Active	Associate - Corporate Strategy	Associate	14	44655.07	5	Non-Binary	Asian	49
673	Desiree	Salazar	vmiller@example.com	2026-04-30	NULL	Active	Associate - Security	Associate	11	66263.02	3	Female	African American	21
674	 John 	Novak	vanessacalderon@example.net	2022-06-14	NULL	Active	Associate - Engineering	Associate	1	55993.9	4	Male	Hispanic	44
675	Amanda	Ramos	ian48@example.net	2023-11-20	NULL	Active	Associate - Sales	Associate	8	56970.07	3	Other	Asian	41
676	Jose	Keller	baldwinsherri@example.org	04/21/2022	NULL	Active	Associate - People Operations	Associate	4	55962.26	3	Male	African American	66
677	Jonathan	Webb	tylermorris@example.net	2026-01-31	NULL	Active	Associate - Quality Assurance	Associate	16	52880.19	3	Other	Asian	40
678	Katie	Steele	courtney61@example.net	2024-12-02	NULL	Active	Associate - Data Science	Associate	3	45041.24	5	Female	Caucasian	44
679	Brenda	Guzman	riveraderek@example.org	2022-10-29	NULL	Active	Associate - People Operations	Associate	4	60069.6	2	Female	Two or More	40
680	Thomas	Nelson	leejeffrey@example.com	2021-11-24	NULL	Active	Supervisor/Lead - Customer Success	Supervisor/Lead	9	63188.16	3	Male	Caucasian	33
681	Richard	Chaney	roachantonio@example.com	2025-11-10	NULL	Active	Associate - Sales	Associate	8	55981.05	4	Male	Two or More	39
682	Benjamin	Roberts	briggsjames@example.net	04/26/2023	NULL	Active	Associate - Security	Associate	11	56308.37	1	Non-Binary	Hispanic	50
683	Calvin	Campbell	johnnyparker@example.org	2024-11-19	NULL	Active	Associate - Supply Chain	Associate	12	60979.06	3	Other	African American	36
684	Dawn	Alvarez	warrentracy@example.org	2024-12-12	NULL	Active	Domain Director - Legal	Domain Director	6	135733.45	3	Female	Two or More	47
685	Marie	Vargas	lori09@example.org	2022-07-19	NULL	Active	Associate - Internal Communications	Associate	15	49217.76	3	Non-Binary	Hispanic	56
686	Karina	Smith	steven29@example.org	2023-02-21	NULL	Active	Associate - IT Support	Associate	10	41672.61	3	Female	African American	32
687	Abigail	Morgan	mwiley@example.net	2025-08-15	NULL	Active	Associate - Marketing	Associate	7	50641.57	3	Female	Caucasian	44
688	Patrick	Woodward	bhoward@example.net	2025-02-01	2025-04-18	Active	Supervisor/Lead - People Operations	Supervisor/Lead	4	70135.65	2	Male	Asian	47
689	Allison	Stein	everettemma@example.org	2023-04-07	NULL	Active	Associate - Finance	Associate	5	41214.45	2	Non-Binary	Asian	21
690	Paul	Davis	cookamanda@example.net	2026-03-04	NULL	Active	Associate - Internal Communications	Associate	15	67468.47	4	Male	African American	33
691	Mark	Jackson	sarah48@example.net	2024-11-26	2025-03-26	Terminated	Associate - Supply Chain	Associate	12	69592.94	3	Male	Hispanic	33
692	Russell	Stewart	harryrivas@example.org	2021-09-17	NULL	Active	Associate - Customer Success	Associate	9	52457.62	4	Male	Asian	41
693	Jeffrey	Stewart	owenschristina@example.net	2024-11-14	NULL	Active	Associate - Security	Associate	11	45672.88	4	Non-Binary	Asian	61
694	Michelle	Dillon	pricealexander@example.org	2022-03-30	NULL	Active	Supervisor/Lead - Product	Supervisor/Lead	2	78750.06	3	Female	Hispanic	41
695	Kevin	White	ehicks@example.org	2024-11-08	NULL	Active	Associate - Sales	Associate	8	62203.89	3	Male	Two or More	41
696	John	Beck	hcosta@example.net	2023-08-22	NULL	Active	Supervisor/Lead - Engineering	Supervisor/Lead	1	83461.17	3	Male	African American	41
697	Michael	Thompson	baileychristopher@example.org	2024-05-13	NULL	Active	Associate - Engineering	Associate	1	54393.56	4	Male	Two or More	43
698	Latoya	Huang	gonzalesrobert@example.org	2023-01-29	NULL	Active	Associate - Quality Assurance	Associate	16	67928.08	3	Non-Binary	African American	36
699	Toni	Lewis	sschwartz@example.com	2025-08-23	NULL	Active	Associate - Marketing	Associate	7	43798.46	5	Female	Asian	55
700	Jordan	Morgan	carrie59@example.com	2026-06-24	NULL	Active	Associate - IT Support	Associate	10	56152.4	3	Male	Two or More	43
701	Barbara	Vazquez	dillonjenny@example.com	2025-06-09	NULL	Active	Associate - Facilities	Associate	13	51151.21	1	Other	Caucasian	54
702	Sarah	Ward	cpetty@example.org	2022-06-22	NULL	Active	Associate - Security	Associate	11	59625.96	2	Female	Caucasian	36
703	Whitney	Werner	brownnicole@example.net	2023-12-12	2025-11-10	Terminated	Associate - Data Science	Associate	3	48934.2	4	Other	Caucasian	39
704	Samantha	Perry	johnsonnancy@example.net	01/01/2023	NULL	Active	Supervisor/Lead - Internal Communications	Supervisor/Lead	15	79586.97	2	NULL	Asian	51
705	Michael	Smith	martinezvanessa@example.org	03/24/2026	NULL	Active	Associate - Data Science	Associate	3	45168.91	2	Male	African American	58
706	Samantha	Jones	theresahickman@example.net	2022-01-13	NULL	Active	Associate - Product	Associate	2	68085.39	4	Non-Binary	Hispanic	36
707	Tonya	Young	emedina@example.net	2021-12-30	NULL	Active	Supervisor/Lead - Quality Assurance	Supervisor/Lead	16	81707.41	3	Female	African American	32
708	Kelsey	Contreras	janicemiller@example.net	2026-03-25	NULL	Active	Associate - Sales	Associate	8	50357.85	4	Other	Asian	37
709	Eric	Reed	tyler31@example.org	2022-03-11	NULL	Active	Supervisor/Lead - Sales	Supervisor/Lead	8	58262.99	3	Male	Hispanic	54
710	Brenda	Burns	jessica62@example.com	2025-06-06	NULL	Active	Associate - Marketing	Associate	7	43937.36	2	Non-Binary	Two or More	30
711	Michael	Jackson	hsims@example.net	2024-11-24	NULL	Active	Associate - Corporate Strategy	Associate	14	60844.18	3	Male	Two or More	44
712	Edward	Bates	marshtracy@example.org	2023-06-27	2026-04-07	Terminated	Associate - People Operations	Associate	4	57506.29	3	Male	Caucasian	24
713	Robert	Perez	cannonrichard@example.org	2022-04-23	NULL	Active	Associate - Data Science	Associate	3	49658.71	3	Male	African American	55
714	Vincent 	Lindsey	teresa44@example.org	2025-06-07	2025-10-16	Terminated	Associate - Marketing	Associate	7	71776.83	2	Male	Two or More	44
715	John	Hill	mcphersonbrittany@example.net	2025-05-04	NULL	Active	Associate - Sales	Associate	8	71117.1	5	Other	Hispanic	37
716	Cheryl	Mendoza	robert56@example.com	2025-12-28	NULL	Active	Associate - Facilities	Associate	13	41610.96	3	Other	Caucasian	46
717	Kevin	Trujillo	tsmith@example.com	2022-05-17	NULL	Active	Associate - Corporate Strategy	Associate	14	72325.83	3	Other	Caucasian	57
718	Angela	Garcia	melissawagner@example.com	2022-07-13	NULL	Active	Associate - People Operations	Associate	4	47086.43	3	Female	African American	51
719	Laurie	Webb	samanthahoward@example.net	2023-11-07	NULL	Active	Associate - Sales	Associate	8	57335.03	1	Other	Two or More	37
720	Melanie  	Beasley	hamptonbriana@example.org	2025-09-12	07/04/2026	Terminated	Assistant Manager - Supply Chain	Assistant Manager	12	64542.99	3	Non-Binary	Hispanic	21
721	Tara	Allen	carlgarcia@example.com	10/11/2025	NULL	Active	Associate - Engineering	Associate	1	74786.07	4	Non-Binary	African American	27
722	Kellie	Jackson	lroman@example.org	2026-02-20	NULL	Active	Supervisor/Lead - Sales	Supervisor/Lead	8	78870.37	5	Other	Two or More	27
723	Michelle	Howard	powelllauren@example.net	2024-06-27	2025-11-21	Terminated	Associate - Internal Communications	Associate	15	52652.42	1	Female	Asian	27
724	Christine	Townsend	colejessica@example.org	2023-08-07	NULL	Active	Associate - Finance	Associate	5	51398.49	4	Non-Binary	Caucasian	36
725	Jacqueline	Allen	tonyagriffin@example.net	2023-09-13	NULL	Active	Associate - Sales	Associate	8	50576.98	2	Non-Binary	Caucasian	38
726	John	Daniel	amy57@example.org	2024-12-19	NULL	Active	Associate - Sales	Associate	8	51855.83	5	Other	Two or More	46
727	Jason	Mckinney	danielle54@example.net	2023-03-27	NULL	Active	Assistant Manager - Engineering	Assistant Manager	1	89197.09	NULL	Other	Hispanic	41
728	Andrew	Lynch	luceromichelle@example.net	2025-06-13	NULL	Active	Associate - People Operations	Associate	4	52887.43	2	Non-Binary	Hispanic	37
729	Luis	Johnson	rowlandjames@example.com	2024-07-10	2025-05-22	Terminated	Associate - Corporate Strategy	Associate	14	68491.96	2	Other	Asian	31
730	Sheryl	Jacobson	rachel61@example.com	2023-03-25	NULL	Active	Associate - Supply Chain	Associate	12	67238.76	3	Female	African American	31
731	Andrew	Boyd	pamelalee@example.org	2023-08-15	2026-06-09	Terminated	Associate - IT Support	Associate	10	51023.1	3	Non-Binary	Two or More	35
732	Matthew	Abbott	adamthomas@example.net	2022-11-06	NULL	Active	Associate - Engineering	Associate	1	65294.98	2	Other	African American	52
733	Bryan	Ramirez	lauren50@example.com	2021-09-03	NULL	Active	Associate - Engineering	Associate	1	57794.86	1	NULL	Two or More	35
734	Penny	Ramirez	david85@example.net	2026-03-14	NULL	Active	Supervisor/Lead - Customer Success	Supervisor/Lead	9	59428.98	4	NULL	African American	27
735	Diana	Bowman	russellvasquez@example.org	2025-10-08	NULL	Active	Manager - Data Science	Manager	3	81289.5	4	Female	Caucasian	28
736	Teresa	Nelson	oconnorjessica@example.org	2024-01-18	NULL	Active	Associate - Product	Associate	2	69833.98	3	Female	Hispanic	54
737	Julie	Schwartz	reillyemma@example.org	2026-06-24	NULL	Active	Associate - Product	Associate	2	65940.92	3	Non-Binary	Caucasian	45
738	Anthony	Brown	qhernandez@example.com	2025-01-08	NULL	Active	Supervisor/Lead - Finance	Supervisor/Lead	5	58136.01	3	Male	Asian	49
739	Troy	Calhoun	christina52@example.org	2023-10-15	NULL	Active	Supervisor/Lead - Facilities	Supervisor/Lead	13	82834.74	3	Other	Hispanic	42
740	Levi	Collins	mcdonalderic@example.com	2021-09-30	NULL	Active	Associate - Sales	Associate	8	44774.65	4	Male	Hispanic	53
741	Emily	Duke	masonjohn@example.org	03/09/2023	NULL	Active	Associate - People Operations	Associate	4	74704.16	4	Female	Hispanic	36
742	Rebecca	Haynes	jennifermolina@example.org	2024-01-15	NULL	Active	Associate - Quality Assurance	Associate	16	40455.0	3	Female	Caucasian	45
743	Rachael	Roth	jamie93@example.net	2024-05-10	NULL	Active	Associate - Supply Chain	Associate	12	63960.32	2	Female	Caucasian	32
744	Annette	Johnson	sheliajackson@example.net	2023-03-22	NULL	Active	Associate - Internal Communications	Associate	15	43369.8	4	Non-Binary	Hispanic	28
745	Donald	Garza	james89@example.net	2025-08-14	NULL	Active	Associate - Finance	Associate	5	71745.56	4	Male	Caucasian	46
746	Erin	Patrick	mhurley@example.com	2023-02-25	NULL	Active	Associate - IT Support	Associate	10	48712.22	4	Female	Two or More	31
747	Bradley	Jackson	amy64@example.com	2025-07-16	NULL	Active	Manager - Security	Manager	11	81203.09	3	Male	Two or More	34
748	Daniel	Carter	evan65@example.net	2024-03-13	NULL	Active	Supervisor/Lead - Engineering	Supervisor/Lead	1	69109.4	4	Male	African American	34
749	Melissa	Grant	fryashley@example.org	2023-05-15	NULL	Active	Associate - Customer Success	Associate	9	53953.65	3	Female	Caucasian	41
750	Doris	Henry	joseph47@example.org	2023-12-08	NULL	Active	Supervisor/Lead - IT Support	Supervisor/Lead	10	58250.38	4	Female	Two or More	28
751	Rachel	Rodriguez	zbooth@example.org	2025-02-14	NULL	Active	Associate - Finance	Associate	5	42698.64	2	Female	Asian	40
752	Aaron	Mcclure	kaylaphillips@example.org	2024-08-07	NULL	Active	Associate - Corporate Strategy	Associate	14	41843.69	3	Non-Binary	Two or More	40
753	Jordan	Johnson	CHRISTOPHER00@EXAMPLE.NET	2026-03-21	NULL	Active	Supervisor/Lead - Customer Success	Supervisor/Lead	9	56031.47	4	Male	Asian	43
754	John	Mcknight	williamsjoseph@example.com	2023-01-03	NULL	Active	Supervisor/Lead - Data Science	Supervisor/Lead	3	82590.57	3	Male	Hispanic	24
755	Bridget	Branch	tgonzalez@example.com	2024-06-17	NULL	Active	Associate - Customer Success	Associate	9	NULL	3	Female	African American	46
756	Lisa	Ortiz	fjones@example.org	2022-09-27	NULL	Active	Associate - Security	Associate	11	63884.92	3	Female	Hispanic	40
757	Kathryn	Morris	lowejohn@example.net	2022-08-28	NULL	Active	Associate - Supply Chain	Associate	12	52979.01	3	Non-Binary	Asian	36
758	Johnny	Fowler	holly02@example.net	2023-05-08	NULL	Active	Associate - Finance	Associate	5	63585.49	1	Male	African American	40
759	Edwin	Barnes	ucarter@example.net	2021-09-07	NULL	Active	Assistant Manager - Data Science	Assistant Manager	3	78037.01	3	Non-Binary	Hispanic	21
760	Phillip	Torres	washingtonwendy@example.net	2022-06-02	NULL	Active	Associate - Internal Communications	Associate	15	44298.61	2	Non-Binary	African American	41
761	Clifford	Johnson	cynthiadavis@example.net	2024-12-14	NULL	Active	Manager - People Operations	Manager	4	106880.1	5	Male	Hispanic	50
762	Sherry	Wilkerson	robertmccormick@example.org	2021-12-13	NULL	Active	Associate - Data Science	Associate	3	74771.88	4	Female	African American	45
763	Jessica	Bowman	nnelson@example.com	2025-01-02	NULL	Active	Supervisor/Lead - Internal Communications	Supervisor/Lead	15	72892.21	1	Female	Asian	47
764	Mary	Maldonado	josehenderson@example.com	2023-11-10	NULL	Active	Associate - Internal Communications	Associate	15	43473.08	2	Non-Binary	Caucasian	34
765	Robert	Lopez	courtney96@example.org	2022-12-21	NULL	Active	Associate - IT Support	Associate	10	57505.0	2	Male	Hispanic	56
766	James	Martinez	teresakennedy@example.org	2022-04-09	2023-09-05	Terminated	Associate - Engineering	Associate	1	71632.75	4	Male	Asian	43
767	Christopher	Horton	dean86@example.net	2021-07-10	NULL	Active	Associate - Supply Chain	Associate	12	60153.25	3	Male	Asian	33
768	Joshua	Murphy	jacqueline50@example.org	2022-06-03	NULL	Active	Associate - Corporate Strategy	Associate	14	40671.83	NULL	Male	Two or More	36
769	Joshua	Morton	ortegalynn@example.net	2025-09-26	NULL	Active	Associate - Facilities	Associate	13	51455.62	3	Male	Hispanic	33
770	Samuel	White	kirbyrobert@example.net	2023-12-15	NULL	Active	Associate - Sales	Associate	8	70223.98	3	Non-Binary	Caucasian	NULL
771	Cynthia 	Thomas	olsonchristy@example.net	2024-04-03	2026-02-14	Terminated	Assistant Manager - Marketing	Assistant Manager	7	64840.37	1	Other	African American	55
772	Brett	Robbins	schroedervicki@example.org	2022-04-18	NULL	Active	Associate - Legal	Associate	6	40578.75	5	Non-Binary	Caucasian	43
773	Heidi	Smith	cwatts@example.org	2021-10-06	2025-03-25	Terminated	Associate - Sales	Associate	8	68167.67	4	Female	African American	48
774	Gregory	Clark	graycarrie@example.org	2025-10-03	NULL	Active	Supervisor/Lead - Sales	Supervisor/Lead	8	66298.96	3	Other	Asian	35
775	John	Reeves	jwest@example.net	2021-12-01	NULL	Active	Supervisor/Lead - Internal Communications	Supervisor/Lead	15	87181.98	5	Male	African American	25
776	Ryan	Robinson	shannon14@example.com	2021-12-06	NULL	Active	Associate - Supply Chain	Associate	12	58491.31	NULL	Male	Hispanic	21
777	Casey	Shields	anthonymills@example.org	2025-05-18	NULL	Active	Associate - Legal	Associate	6	63866.49	2	Female	Asian	29
778	Steven	Johnson	jonesconnie@example.net	2021-12-05	NULL	Active	Assistant Manager - Engineering	Assistant Manager	1	68591.61	5	Male	Two or More	63
779	Patrick	Prince	pachecosherry@example.net	2024-08-09	NULL	Active	Associate - Sales	Associate	8	52037.14	5	Non-Binary	NULL	49
780	Michelle	Carney	donnalopez@example.org	2025-12-21	NULL	Active	associate - people operations	Associate	4	46431.67	4	Female	Caucasian	58
781	Sean	Burnett	walkersamuel@example.net	2021-08-02	2026-03-11	Terminated	Associate - Product	Associate	2	66279.45	4	Male	African American	24
782	Carolyn	Lin	kristen93@example.net	2021-09-23	2022-04-12	Terminated	Associate - Supply Chain	Associate	12	58734.45	2	Female	Two or More	54
783	Rachel	Thomas	kristenbauer@example.org	2023-08-23	2024-06-22	Terminated	Associate - Security	Associate	11	57699.49	3	Female	African American	42
784	Scott	Wolfe	jfrazier@example.net	2022-01-23	2025-06-20	Terminated	Associate - Supply Chain	Associate	12	45454.63	2	Male	Two or More	24
785	Shannon	Byrd	manuel46@example.com	2022-08-01	NULL	Active	Associate - People Operations	Associate	4	45696.04	3	Female	Hispanic	50
786	Jennifer	Andrews	stephen83@example.net	2023-06-16	NULL	Active	Supervisor/Lead - People Operations	Supervisor/Lead	4	74089.47	3	Other	Asian	37
787	Shelley	Stewart	diazmary@example.org	2022-12-09	NULL	Active	Supervisor/Lead - Supply Chain	Supervisor/Lead	12	56105.47	4	Female	Hispanic	21
788	Robert	Gonzalez	paul31@example.org	2024-08-24	NULL	Active	Associate - Marketing	Associate	7	65487.8	3	Non-Binary	Asian	24
789	Brian	Park	christinecox@example.com	2024-02-01	NULL	Active	Associate - Legal	Associate	6	74909.93	3	Male	Caucasian	40
790	Linda	Taylor	uharris@example.com	2024-01-26	NULL	Active	Associate - Sales	Associate	8	56150.58	3	Non-Binary	African American	34
791	Robin	Foster	ashleydecker@example.org	2023-12-01	NULL	Active	Supervisor/Lead - Supply Chain	Supervisor/Lead	12	68785.05	4	Other	Caucasian	45
792	Sean	Suarez	mtrevino@example.com	2025-10-16	NULL	Active	Associate - Engineering	Associate	1	70503.25	2	Other	Asian	38
793	Nicole	Baker	ehicks2@example.org	2022-01-20	2023-07-19	Terminated	Associate - People Operations	Associate	4	45523.8	1	Female	African American	26
794	Gary	Jones	nathanlara@example.org	2024-01-21	2026-06-12	Terminated	Supervisor/Lead - Data Science	Supervisor/Lead	3	87236.77	5	Male	Two or More	38
795	Jessica	Fields	wdavies@example.net	2026-06-22	NULL	Active	Associate - Corporate Strategy	Associate	14	64754.03	3	Non-Binary	Two or More	30
796	Jay	Carr	douglasruiz@example.net	2025-09-29	NULL	Active	Associate - Corporate Strategy	Associate	14	60292.15	4	NULL	Caucasian	44
797	Michael	Liu	ebailey@example.org	2025-09-14	NULL	Active	Associate - People Operations	Associate	4	74320.47	5	Male	Two or More	39
798	Katelyn	Norton	vwright@example.com	2023-07-19	NULL	Active	Associate - People Operations	Associate	4	NULL	5	Other	Two or More	29
799	Edward	FLORES	christopher54@example.net	2024-02-08	NULL	Active	Associate - People Operations	Associate	4	51407.88	2	Male	African American	27
800	Julie	Powers	rmcmahon@example.com	2022-11-10	NULL	Active	Associate - Product	Associate	2	44098.19	4	Non-Binary	African American	50
801	Sandra	Leach	nicholas02@example.org	2023-09-02	NULL	Active	Associate - Legal	Associate	6	43072.19	3	Other	Hispanic	46
802	Brenda	Sanchez	richardstafford@example.com	2026-03-22	NULL	Active	Manager - Internal Communications	Manager	15	78456.8	3	Female	Two or More	54
803	Michael	Melendez	robinsonmary@example.com	2024-11-08	NULL	Active	Associate - Supply Chain	Associate	12	65583.43	3	Other	Asian	45
804	Brian	Phillips	herringalex@example.com	2025-08-16	NULL	Active	Supervisor/Lead - Internal Communications	Supervisor/Lead	15	76821.1	2	Other	Caucasian	42
805	Katelyn	Calderon	christinewolfe@example.com	2026-06-05	NULL	Active	Associate - Quality Assurance	Associate	16	56061.52	2	Female	African American	42
806	Chelsey	Howard	amanda96@example.net	2026-06-01	NULL	Active	Associate - Security	Associate	11	73294.05	5	Non-Binary	Hispanic	48
807	Brian	Arellano	timothysnyder@example.net	10/25/2022	NULL	Active	Associate - Quality Assurance	Associate	16	55902.67	3	Non-Binary	Caucasian	47
808	Teresa	Smith	elizabethbarnes@example.org	2022-03-07	2026-08-03	Terminated	Supervisor/Lead - Facilities	Supervisor/Lead	13	74820.19	3	Female	Hispanic	50
809	Donald	Burke	lindsey59@example.net	2025-03-28	NULL	Active	Supervisor/Lead - Finance	Supervisor/Lead	5	56678.23	4	Male	African American	48
810	Claudia	Carpenter	andersonwilliam@example.com	2025-06-03	NULL	Active	Associate - Marketing	Associate	7	53072.07	3	Female	Asian	32
811	Stacey	Hernandez	coryrobinson@example.org	2026-06-01	NULL	Active	Associate - Product	Associate	2	67444.75	5	Female	African American	24
812	Walter	Kennedy	moorerebecca@example.org	2021-08-03	NULL	Active	Associate - Facilities	Associate	13	58202.07	4	Male	Asian	46
813	Brendan	Hurst	samantha79@example.com	2025-05-19	NULL	Active	Associate - Finance	Associate	5	67414.58	3	Male	African American	38
814	Alyssa	Gentry	ashley24@example.net	2024-06-13	NULL	Active	Associate - Corporate Strategy	Associate	14	41004.17	3	Other	Asian	45
815	John	Hoffman	lance85@example.com	2026-06-02	NULL	Active	Associate - Sales	Associate	8	43751.0	5	Male	Hispanic	47
816	Amy	Cox	eric57@example.com	2025-02-09	NULL	Active	Associate - Product	Associate	2	64357.32	4	Non-Binary	Hispanic	46
817	James	Price	juliereed@example.net	2021-09-07	NULL	Active	Associate - IT Support	Associate	10	47465.56	2	Male	Hispanic	56
818	Jessica	Clark	moranlinda@example.net	2021-11-30	NULL	Active	Associate - Engineering	Associate	1	65996.0	5	Female	African American	40
819	Brittany	Dunn	wandaballard@example.net	2024-09-03	NULL	Active	Associate - Customer Success	Associate	9	41968.12	3	Non-Binary	Hispanic	36
820	Nicole	Kelly	amberlevy@example.org	2023-12-03	NULL	Active	Associate - Customer Success	Associate	9	58865.77	3	Female	Asian	46
821	Katherine	Edwards	andrewortiz@example.org	2023-07-19	NULL	Active	Associate - Sales	Associate	8	44168.2	1	Female	African American	43
822	Dana	Patterson	jamesthompson@example.net	2022-11-25	NULL	Active	Associate - Security	Associate	11	44199.53	4	Female	Caucasian	44
823	William	Scott	ariel94@example.net	2022-06-18	NULL	Active	Associate - Supply Chain	Associate	12	59136.7	2	Male	Hispanic	54
824	Mario	Brown	kelly71@example.org	2024-11-28	NULL	Active	Associate - People Operations	Associate	4	70488.38	5	Other	Asian	27
825	Kristina	Gardner	alexiswalker@example.net	2021-08-06	NULL	Active	Associate - Data Science	Associate	3	51633.93	3	Female	African American	36
826	Anthony	Riley	pwilliams@example.net	2022-10-25	NULL	Active	Associate - Sales	Associate	8	66277.43	5	Non-Binary	African American	28
827	Evan	Ross	bobby31@example.com	2022-09-07	NULL	Active	Associate - Internal Communications	Associate	15	41275.24	4	Male	African American	55
828	John	Frye	xmartin@example.net	2022-07-26	NULL	Active	Associate - Internal Communications	Associate	15	56092.22	2	Male	African American	44
829	Alexander	Braun	cruiz@example.com	2022-07-29	NULL	Active	Associate - Facilities	Associate	13	50599.44	4	Male	Hispanic	44
830	Daniel	Peterson	nkrause@example.org	2021-12-01	2025-02-05	Terminated	Associate - People Operations	Associate	4	70237.74	4	Non-Binary	Hispanic	35
831	Alison	Wolf	garywolf@example.org	2022-12-20	NULL	Active	Associate - Engineering	Associate	1	43484.77	4	Female	Hispanic	39
832	Jason	Watson	hancockmelissa@example.org	2022-10-28	2025-11-07	Terminated	Associate - People Operations	Associate	4	65258.26	3	Other	Asian	27
833	John	Delgado	penadenise@example.org	2023-08-14	NULL	Active	Supervisor/Lead - Security	Supervisor/Lead	11	83711.59	4	Other	African American	32
834	Miguel	Williams	juan21@example.net	2022-03-12	NULL	Active	Associate - Data Science	Associate	3	66564.95	4	Male	Asian	34
835	Gary	Ortega	christina02@example.org	2022-02-20	NULL	Active	Associate - Marketing	Associate	7	44762.47	3	Other	Two or More	47
836	Bridget	Diaz	pennyrichardson@example.com	2025-05-26	NULL	Active	Associate - Sales	Associate	8	67894.93	4	Female	Caucasian	33
837	Patricia	Delgado	whitecindy@example.net	2024-06-29	NULL	Active	Associate - Supply Chain	Associate	12	51801.44	3	Other	Hispanic	38
838	Jessica	Jones	donald89@example.net	2024-10-29	NULL	Active	Associate - Engineering	Associate	1	54742.86	2	Non-Binary	Two or More	42
839	Kathryn	Hanson	lauren89@example.com	2023-08-01	NULL	Active	Associate - Marketing	Associate	7	48055.72	3	Other	Caucasian	31
840	Jessica	Peterson	amberwalker@example.com	2026-01-23	NULL	Active	Associate - Data Science	Associate	3	68248.39	3	Female	Hispanic	23
841	Terry	Clark	mauricevelasquez@example.org	2024-10-09	NULL	Active	Associate - Legal	Associate	6	46856.96	3	Female	Two or More	45
842	Glenn	Massey	gillespiejeffery@example.org	06/11/2024	NULL	Active	Manager - Sales	Manager	8	111514.05	3	Non-Binary	Asian	46
843	Jeffrey	Roman	espinozaveronica@example.net	2024-02-14	NULL	Active	Associate - Quality Assurance	Associate	16	40120.64	5	Non-Binary	NULL	32
844	Patrick	Howell	dcollins@example.com	2023-01-08	NULL	Active	Associate - Data Science	Associate	3	64160.59	5	Other	African American	37
845	Denise	Smith	steelemary@example.com	2024-10-25	NULL	Active	Associate - Facilities	Associate	13	67374.64	2	Other	Asian	34
846	Michael	Wilson	ogardner@example.com	2022-08-04	NULL	Active	Manager - Data Science	Manager	3	98222.07	2	Other	Two or More	45
847	Linda	Greene	kimberlynoble@example.com	2026-04-04	NULL	Active	Supervisor/Lead - Customer Success	Supervisor/Lead	9	72596.48	3	Female	NULL	24
848	Laura	Washington	morganjamie@example.net	2021-11-09	NULL	Active	Associate - Finance	Associate	5	67368.49	2	Non-Binary	Hispanic	32
849	Tyrone	Williams	vdudley@example.net	2024-06-16	NULL	Active	Associate - People Operations	Associate	4	55496.51	3	Other	Two or More	26
850	Stacy	Hill	whall@example.net	2026-05-04	NULL	Active	Supervisor/Lead - Facilities	Supervisor/Lead	13	82817.34	4	Non-Binary	Hispanic	52
851	Michael	Smith	gardnernicholas@example.org	2023-08-03	NULL	Active	Supervisor/Lead - Marketing	Supervisor/Lead	7	68535.24	4	Other	African American	37
852	Jessica	Campbell	wmccullough@example.org	2025-05-12	NULL	Active	Associate - Product	Associate	2	67274.35	3	Female	Two or More	28
853	Paul	Jones	olloyd@example.net	2024-03-27	NULL	Active	Associate - Facilities	Associate	13	70295.43	4	Male	African American	34
854	Robert	Carlson	gravesjames@example.org	2026-01-27	NULL	Active	Associate - IT Support	Associate	10	68663.09	5	Male	Hispanic	41
855	Laura	Lowe	lori01@example.com	11/27/2025	NULL	Active	Associate - IT Support	Associate	10	43526.38	3	Non-Binary	Asian	36
856	Jamie	Anderson	melissa54@example.com	2022-04-25	NULL	Active	Supervisor/Lead - Facilities	Supervisor/Lead	13	NULL	3	Female	Caucasian	42
857	Betty	Smith	srobertson@example.org	2022-05-30	NULL	Active	Associate - Customer Success	Associate	9	45446.13	3	Other	Caucasian	35
858	Stephen	Miller	ijohnson@example.org	2025-03-29	NULL	Active	Manager - Customer Success	Manager	9	86151.03	1	Non-Binary	Asian	44
859	Richard	Compton	paul86@example.org	2024-08-15	NULL	Active	Associate - Product	Associate	2	60766.15	3	Male	African American	50
860	Julie	Robles	smithlaura@example.com	2022-07-23	2023-10-27	Terminated	Associate - Corporate Strategy	Associate	14	53348.4	3	Female	African American	35
861	Alyssa	Mitchell	maxwelltracy@example.net	2024-04-11	NULL	Active	Associate - Finance	Associate	5	60026.1	3	Female	African American	58
862	Tyler	Velez	irwincarrie@example.com	2025-12-08	NULL	Active	Associate - Sales	Associate	8	NULL	5	Other	Caucasian	41
863	Tracey	Lane	miajones@example.com	2024-11-23	NULL	Active	Assistant Manager - Security	Assistant Manager	11	75387.04	5	Female	Caucasian	45
864	Jonathan	Kaufman	shannon97@example.net	2024-08-09	NULL	Active	Associate - Customer Success	Associate	9	74405.41	3	Male	Caucasian	37
865	Amy	Valdez	vball@example.net	2023-06-18	NULL	Active	Associate - Product	Associate	2	70355.14	5	Female	Hispanic	32
866	Leslie	Barrera	thompsonjoshua@example.net	2023-05-07	NULL	Active	Supervisor/Lead - Facilities	Supervisor/Lead	13	78193.24	2	Non-Binary	African American	41
867	Christopher	Ford	llove@example.com	2022-02-07	NULL	Active	Associate - Engineering	Associate	1	67436.29	5	Non-Binary	Two or More	21
868	Joel	Jenkins	sethlee@example.com	2025-10-21	NULL	Active	Associate - Corporate Strategy	Associate	14	41836.62	3	Male	Hispanic	41
869	Walter	Calderon	elizabethhale@example.net	2021-09-25	NULL	Active	Associate - Product	Associate	2	49816.35	3	Male	Caucasian	24
870	Barbara	 Brown	marklove@example.net	2024-06-16	NULL	Active	Associate - Finance	Associate	5	69322.09	2	Non-Binary	Caucasian	29
871	James	Atkins	andrewterry@example.org	2026-04-13	NULL	Active	Associate - Finance	Associate	5	63559.99	4	Non-Binary	African American	47
872	Catherine	Wolfe	morganrice@example.net	2025-01-03	NULL	Active	Supervisor/Lead - IT Support	Supervisor/Lead	10	79538.35	4	Non-Binary	Two or More	48
873	Jacob	Henry	denisestewart@example.net	2025-05-31	NULL	Active	Associate - Customer Success	Associate	9	51575.01	1	Non-Binary	African American	29
874	Jamie	Bright	eterry@example.org	2022-05-24	NULL	Active	Supervisor/Lead - Facilities	Supervisor/Lead	13	61327.53	3	Female	Two or More	38
875	Shawn	Ross	gdominguez@example.com	2024-08-22	2025-01-18	Terminated	Associate - Customer Success	Associate	9	53456.74	4	Male	African American	41
876	Timothy	Anderson	johnsoncrystal@example.com	2025-08-26	2026-03-14	Terminated	Associate - Internal Communications	Associate	15	69707.95	3	Male	Caucasian	53
877	Troy	Shaffer	estradaandrew@example.com	2024-08-28	NULL	Active	Manager - Internal Communications	Manager	15	103982.58	5	Male	Hispanic	27
878	Kelsey	Tran	sanderskimberly@example.com	2022-09-11	NULL	Active	Supervisor/Lead - Marketing	Supervisor/Lead	7	59505.34	4	Female	NULL	47
879	Christopher	Cantrell	delacruzchristine@example.net	2025-08-19	NULL	Active	Associate - Customer Success	Associate	9	55247.79	2	Male	Caucasian	32
880	Samuel	Anderson	dennisthompson@example.org	2024-03-26	NULL	Active	Associate - Supply Chain	Associate	12	67422.28	2	Other	Hispanic	45
881	Carol	King	andrew55@example.net	2023-02-13	2026-07-30	Terminated	Associate - Quality Assurance	Associate	16	54314.49	3	Non-Binary	Hispanic	22
882	Valerie	Holland	kathleen14@example.com	2024-08-13	NULL	Active	Associate - Data Science	Associate	3	43853.16	1	Non-Binary	Hispanic	28
883	Justin	Smith	brenda95@example.com	2023-11-19	NULL	Active	Associate - Internal Communications	Associate	15	68748.13	1	Male	Caucasian	32
884	Michael	Mills	aharris@example.net	2025-03-14	NULL	Active	Associate - Finance	Associate	5	47642.62	4	Male	Two or More	34
885	Mary	Perez	courtneyprice@example.org	2025-06-15	NULL	Active	Associate - Corporate Strategy	Associate	14	NULL	3	Female	Asian	46
886	Jon	Shannon	davidsilva@example.org	2025-10-06	NULL	Active	Associate - Supply Chain	Associate	12	57821.25	2	Male	Asian	44
887	Melissa	Jones	alan46@example.org	2023-01-17	NULL	Active	Associate - Corporate Strategy	Associate	14	40809.29	2	Other	Asian	53
888	David	Campos	ricky36@example.com	2026-03-20	NULL	Active	Associate - Product	Associate	2	74750.02	3	Male	Hispanic	51
889	Amanda	Phillips	stacierose@example.org	2025-08-06	NULL	Active	Associate - Product	Associate	2	40562.01	4	Female	African American	47
890	Brett	walters	jjohnson@example.org	2022-10-03	NULL	Active	Associate - Corporate Strategy	Associate	14	57319.37	4	Male	Hispanic	51
891	Kristen	Good	greendebbie@example.net	2026-06-06	NULL	Active	Associate - Internal Communications	Associate	15	61721.4	4	Female	Asian	38
892	Shawn	Duarte	joseph56@example.com	2023-11-22	NULL	Active	Associate - Product	Associate	2	40493.05	3	Male	Asian	34
893	Rebekah	Walker	kevin62@example.net	2022-11-02	NULL	Active	Associate - Data Science	Associate	3	63215.89	2	Female	Caucasian	24
894	Robert	Osborne	pattersonsuzanne@example.net	2022-11-12	NULL	Active	Associate - Quality Assurance	Associate	16	49799.8	4	Male	Asian	45
895	Cassidy 	Hahn	victormorgan@example.org	2023-10-30	NULL	Active	Associate - IT Support	Associate	10	53147.1	4	Female	Caucasian	39
896	Michael	Huffman	pricechristina@example.org	2023-03-28	NULL	Active	Associate - Data Science	Associate	3	51430.91	4	Male	Caucasian	40
897	Jeffrey	Gibson	simmonsjeremiah@example.com	2026-04-17	NULL	Active	Associate - Product	Associate	2	57627.97	4	Other	Hispanic	40
898	Michael	Clarke	kjames@example.org	2022-06-02	NULL	Active	Associate - Engineering	Associate	1	55368.6	4	Male	Caucasian	33
899	George	Wells	amartin@example.net	2024-09-18	NULL	Active	Associate - Marketing	Associate	7	43800.79	3	Non-Binary	Asian	21
900	Scott 	Chandler	sharonhughes@example.org	2023-08-31	NULL	Active	Associate - IT Support	Associate	10	44266.35	4	Male	Two or More	37
901	Meagan	Kim	garrett66@example.com	2024-08-29	NULL	Active	Associate - People Operations	Associate	4	46883.07	4	Non-Binary	Hispanic	29
902	Anthony	Martin	jennifer77@example.com	2022-02-26	NULL	Active	Associate - Data Science	Associate	3	57013.67	5	Other	Caucasian	30
903	Ryan	Norris	fblack@example.com	2023-06-26	NULL	Active	Assistant Manager - Marketing	Assistant Manager	7	72018.21	3	Non-Binary	African American	48
904	Rachel	Moore	vwarren@example.net	2025-05-03	NULL	Active	Associate - People Operations	Associate	4	51200.56	2	Other	Asian	30
905	Dylan	Patel	robertsonrobert@example.net	2022-12-28	NULL	Active	Associate - Sales	Associate	8	45970.65	4	Other	Asian	30
906	Joseph	Johnson	hannahsoto@example.net	2024-04-05	NULL	Active	Associate - Data Science	Associate	3	71677.28	4	Other	Two or More	NULL
907	Sarah	Brooks	nicolethomas@example.net	2023-11-15	NULL	Active	Associate - People Operations	Associate	4	65747.89	3	Female	African American	42
908	Sally	Hays	johnjohnson@example.com	2026-01-12	NULL	Active	Associate - Marketing	Associate	7	46988.22	3	Female	African American	39
909	Bryan	Parker	mosschristopher@example.org	2026-05-06	NULL	Active	Associate - Customer Success	Associate	9	63057.78	4	Non-Binary	Caucasian	46
910	Jennifer	Ellis	ggarcia2@example.com	2026-05-29	NULL	Active	Associate - Corporate Strategy	Associate	14	43996.78	3	Other	Two or More	40
911	William	Moon	jerrybrown@example.com	2023-10-19	NULL	Active	Associate - People Operations	Associate	4	57288.1	3	Male	African American	40
912	Peter	Booth	lunasteve@example.net	2023-11-09	2024-09-01	Terminated	Supervisor/Lead - Customer Success	Supervisor/Lead	9	84836.54	4	Non-Binary	Asian	30
913	Kelly	Haas	andrea45@example.com	2026-01-15	NULL	Active	Associate - Corporate Strategy	Associate	14	61960.1	5	Non-Binary	Hispanic	43
914	Brittney	Simpson	kimberly31@example.com	2022-01-17	NULL	Active	Assistant Manager - Security	Assistant Manager	11	93497.39	2	Female	NULL	44
915	Nicole	Valencia	bryantapia@example.org	2023-10-24	NULL	Active	Associate - Engineering	Associate	1	70938.62	2	Female	African American	43
916	Harold	Vance	oreynolds@example.com	2026-06-05	NULL	Active	Manager - Sales	Manager	8	94849.34	5	Male	Asian	34
917	Amanda	Lopez	cartershawn@example.com	2026-07-27	NULL	Active	Associate - IT Support	Associate	10	64386.7	2	Other	Asian	33
918	Danielle	Lewis	fgraham@example.org	2024-09-14	NULL	Active	Supervisor/Lead - Internal Communications	Supervisor/Lead	15	84768.52	3	Female	African American	39
919	Christopher	Moore	michaelhall@example.net	2022-11-19	NULL	Active	Associate - Facilities	Associate	13	46824.49	5	Other	Two or More	36
920	Robin	Moore	amydurham@example.com	2025-04-08	2026-04-11	Terminated	Associate - IT Support	Associate	10	65031.2	3	Female	Two or More	35
921	John	Smith	donnadonaldson@example.org	2025-06-30	NULL	Active	Supervisor/Lead - Supply Chain	Supervisor/Lead	12	69139.34	3	Other	African American	25
922	Tyler	Nicholson	jessicalutz@example.com	2025-10-26	NULL	Active	Associate - Internal Communications	Associate	15	71049.76	2	Male	Asian	28
923	Diana	Baker	dsutton@example.net	2022-01-09	NULL	Active	Associate - Finance	Associate	5	64439.94	4	Other	Hispanic	34
924	 Billy 	Lee	xcallahan@example.com	2024-12-16	2025-02-22	Terminated	Associate - Customer Success	Associate	9	68810.74	2	Male	Caucasian	41
925	Dale	Sandoval	eriley@example.com	2024-09-03	NULL	Active	Manager - Engineering	Manager	1	85329.19	5	Male	African American	49
926	Jason	Freeman	xharper@example.org	2023-12-13	NULL	Active	Associate - IT Support	Associate	10	50177.27	4	Other	Caucasian	58
927	Rebekah	Kelly	pthompson@example.org	2022-12-07	NULL	Active	Associate - Data Science	Associate	3	58199.33	4	Female	Asian	48
928	Whitney	Preston	hunteranderson@example.com	2021-12-14	NULL	Active	Associate - Sales	Associate	8	43903.19	4	Other	Hispanic	41
929	Christopher	Jenkins	edwardhall@example.com	2023-03-29	NULL	Active	Associate - Product	Associate	2	70104.89	4	Other	African American	41
930	Charles	White	danielvelez@example.net	2025-06-28	NULL	Active	Associate - People Operations	Associate	4	42495.95	2	Male	Two or More	33
931	Sabrina	Rice	michaelwilson@example.net	2025-06-16	NULL	Active	Assistant Manager - People Operations	Assistant Manager	4	-72640.55	5	Non-Binary	Asian	39
932	Jay	Greene	melissa40@example.org	2025-09-19	NULL	Active	Supervisor/Lead - Quality Assurance	Supervisor/Lead	16	62116.33	2	Male	Hispanic	33
933	Thomas	Murray	jbell@example.net	2022-06-28	NULL	Active	Associate - Sales	Associate	8	70095.1	4	Other	Asian	45
934	Michael	Baker	langralph@example.com	2024-06-28	NULL	Active	Associate - People Operations	Associate	4	61966.65	3	Male	Asian	41
935	Kelly	Ortega	jennifer92@example.com	2025-08-01	NULL	Active	Associate - Data Science	Associate	3	71037.48	2	Male	Two or More	38
936	Scott	Rodriguez	crystalrice@example.org	2025-03-05	NULL	Active	Associate - Engineering	Associate	1	72264.47	2	Other	Asian	32
937	Brandon	Scott	kylehall@example.org	2024-04-22	NULL	Active	Associate - Sales	Associate	8	70458.98	3	Male	Caucasian	56
938	Allison	Rowe	matthew91@example.com	2025-01-10	NULL	Active	Associate - Sales	Associate	8	43913.17	3	Female	Asian	44
939	Scott	Knox	lfuller@example.net	2023-04-29	NULL	Active	Associate - Quality Assurance	Associate	16	65320.68	4	Other	Two or More	46
940	Francisco	Booker	benjaminrobinson@example.org	2025-01-05	NULL	Active	Associate - Security	Associate	11	57549.24	3	Other	African American	36
941	Linda	Smith	richardsonsamantha@example.net	2024-11-01	NULL	Active	Associate - Facilities	Associate	13	54794.37	2	Female	Two or More	54
942	Benjamin	Robinson	billyholloway@example.com	2024-01-16	2026-05-13	Terminated	Associate - Sales	Associate	8	67072.41	3	Male	Hispanic	48
943	  Brian  	Perez	abuchanan@example.com	05/21/2022	NULL	Active	Associate - Internal Communications	Associate	15	54646.85	4	Male	African American	22
944	Jacob	Moore	anna30@example.net	2025-05-27	NULL	Active	Associate - Product	Associate	2	44518.28	3	Other	Asian	51
945	Marcus	Lamb	kgonzalez@example.org	2025-04-07	NULL	Active	Associate - IT Support	Associate	10	43202.87	4	Non-Binary	Hispanic	49
946	Phillip	Kaiser	jessicabrown@example.com	2021-12-13	NULL	Active	Associate - IT Support	Associate	10	67746.33	3	Male	Caucasian	61
947	Rebecca	Butler	holderjonathan@example.org	2024-06-16	NULL	Active	Associate - Customer Success	Associate	9	40122.87	3	Female	NULL	25
948	Jennifer	Thomas	dwilliams@example.net	2023-07-07	NULL	Active	Associate - Finance	Associate	5	44545.71	NULL	Female	Two or More	41
949	Olivia	Flynn	yolson@example.net	2023-07-23	NULL	Active	Associate - People Operations	Associate	4	54837.53	4	Non-Binary	Hispanic	33
950	Marcus	Baker	connermike@example.com	02/27/2026	NULL	Active	Associate - Internal Communications	Associate	15	59620.87	3	Other	African American	30
951	Monica	Gates	andersonrichard@example.net	2024-08-22	NULL	Active	Associate - Customer Success	Associate	9	68070.71	4	Female	African American	50
952	Jennifer	Jones	alyssa82@example.net	2021-12-11	NULL	Active	Associate - Security	Associate	11	41617.93	2	Other	Hispanic	31
953	Nicole	Price	ywalker@example.org	2022-06-22	NULL	Active	Associate - Product	Associate	2	70406.45	3	Female	African American	35
954	Judy	York	urodriguez@example.org	2021-08-02	NULL	Active	Associate - Finance	Associate	5	54392.8	4	Other	Two or More	31
955	Angela	Forbes	jenniferclements@example.org	2022-11-02	NULL	Active	Associate - Quality Assurance	Associate	16	69283.86	3	Female	Hispanic	40
956	Amanda	Howell	donaldgregory@example.net	2021-10-21	NULL	Active	Associate - People Operations	Associate	4	69713.41	3	Other	Two or More	44
957	Tammy	Russo	helenwoodard@example.org	2023-11-11	NULL	Active	Associate - Supply Chain	Associate	12	62995.21	4	Female	Hispanic	50
958	Keith	Smith	antoniotorres@example.org	2023-10-31	2025-04-20	Terminated	Associate - Facilities	Associate	13	48565.38	3	Other	Two or More	40
959	Valerie	Moore	shirley77@example.org	2026-04-28	NULL	Active	Associate - Sales	Associate	8	68018.4	2	Other	Two or More	32
960	Deborah	Neal	melvin99@example.net	2021-07-06	NULL	Active	Supervisor/Lead - Sales	Supervisor/Lead	8	71822.79	4	Female	African American	48
961	Samantha	Norris	valeriehood@example.net	2025-04-11	NULL	Active	associate - legal	Associate	6	43501.0	4	Other	Hispanic	30
962	Adam	Foster	johnsonallison@example.org	2023-02-02	2026-04-24	Terminated	Supervisor/Lead - Facilities	Supervisor/Lead	13	77184.18	1	Non-Binary	Asian	29
963	Ana	Brown	stephenthompson@example.net	2026-07-23	NULL	Active	Domain Director - Finance	Domain Director	5	147755.46	3	Female	Two or More	51
964	Steven	Vasquez	robertgarcia@example.net	2025-04-05	NULL	Active	Associate - Engineering	Associate	1	59985.16	4	Other	African American	31
965	Jessica	Reid	lori23@example.net	2023-04-06	NULL	Active	Associate - Supply Chain	Associate	12	58829.59	NULL	Non-Binary	Hispanic	NULL
966	Brian	Hicks	marywright@example.org	2022-07-28	NULL	Active	Associate - Marketing	Associate	7	62074.64	1	Other	Hispanic	NULL
967	Jennifer	Jones	yzamora@example.com	2024-04-01	NULL	Active	Supervisor/Lead - Marketing	Supervisor/Lead	7	65756.58	4	Female	Caucasian	30
968	Kelly	Miller	erica59@example.com	2024-05-08	NULL	Active	Associate - Sales	Associate	8	64558.7	1	Non-Binary	Two or More	33
969	Justin	Jones	huffmichael@example.org	2025-06-02	NULL	Active	Associate - People Operations	Associate	4	46080.47	2	Male	Asian	32
970	Vanessa	Tran	belltravis@example.org	2022-11-24	NULL	Active	Associate - Product	Associate	2	50363.18	4	Non-Binary	Hispanic	37
971	Megan	Christensen	garybanks@example.org	2023-07-23	NULL	Active	Associate - Security	Associate	11	48378.31	4	Female	Caucasian	40
972	Benjamin	Cantu	alexis21@example.org	2025-10-26	NULL	Active	Associate - Sales	Associate	8	65824.96	4	Non-Binary	Hispanic	62
973	Adrienne	Garcia	philiphawkins@example.net	2021-09-14	2023-12-13	Terminated	Associate - Facilities	Associate	13	59477.08	3	Non-Binary	Asian	46
974	Lisa	Adams	ijones@example.org	2025-05-07	NULL	Active	Associate - Marketing	Associate	7	63976.05	3	Other	African American	46
975	Kimberly	Aguilar	michael95@example.org	2025-02-25	NULL	Active	Associate - IT Support	Associate	10	69673.94	3	Female	Caucasian	47
976	John	Gardner	autumn92@example.com	2024-04-16	NULL	Active	Domain Director - Marketing	Domain Director	7	145047.34	3	Male	African American	52
977	Matthew	Parker	aprilhall@example.org	2023-06-26	NULL	Active	Associate - Security	Associate	11	42972.76	3	Other	Asian	21
978	Stacy	Bryant	nathaniel90@example.com	2026-07-01	NULL	Active	Associate - IT Support	Associate	10	53029.56	5	Female	Caucasian	40
979	Kyle	Martin	lewiselizabeth@example.net	2022-10-16	NULL	Active	Associate - Corporate Strategy	Associate	14	63796.41	2	Other	Caucasian	26
980	Danielle	Hampton	briggsmaria@example.com	2024-06-04	2025-09-30	Terminated	Associate - Sales	Associate	8	64405.7	1	Non-Binary	Two or More	38
981	David	Garcia	jdavis@example.net	2026-03-05	NULL	Active	Associate - Customer Success	Associate	9	70805.28	4	Male	African American	29
982	Mario	Schwartz	ynichols@example.com	2024-03-04	NULL	Active	Associate - Product	Associate	2	68867.0	3	Male	African American	54
983	Edward	Jackson	amanda52@example.org	2023-02-24	2024-02-04	Terminated	Associate - Data Science	Associate	3	61483.73	4	Other	Caucasian	33
984	Jonathan	Brown	phillipscharles@example.org	2024-12-05	NULL	Active	Associate - IT Support	Associate	10	59673.82	3	Male	Caucasian	35
985	Kristi	Stevens	rmathews@example.org	2026-03-13	NULL	Active	Associate - Internal Communications	Associate	15	68425.92	4	Non-Binary	Asian	36
986	Beverly	Jones	nicholas06@example.net	05/11/2022	NULL	Active	Supervisor/Lead - Corporate Strategy	Supervisor/Lead	14	70524.41	2	Female	Asian	61
987	Scott	Cain	andrea12@example.com	2024-06-04	NULL	Active	Associate - Data Science	Associate	3	66369.77	5	Male	Hispanic	52
988	Patricia	Diaz	margaret15@example.com	2022-01-20	NULL	Active	Assistant Manager - IT Support	Assistant Manager	10	95344.95	5	Other	African American	52
989	Katelyn	Frey	michelle96@example.net	2021-10-27	NULL	Active	Associate - Security	Associate	11	66792.78	3	Other	Caucasian	43
990	Melissa	Foster	stevenrivera@example.com	2022-01-15	2024-03-30	Terminated	Associate - Finance	Associate	5	59564.12	3	Other	Two or More	47
991	Vicki	Walker	alejandro05@example.com	2025-02-05	NULL	Active	Associate - Security	Associate	11	73524.63	3	Other	Caucasian	40
992	Michael	Parker	morrowchristopher@example.com	2022-12-10	NULL	Active	Associate - Legal	Associate	6	46776.13	3	Non-Binary	Asian	40
993	Amanda	Rush	anthonyyoung@example.com	2021-08-05	NULL	Active	Associate - Product	Associate	2	41815.96	4	Other	African American	36
994	James	Wilson	stacey28@example.com	2022-03-21	NULL	Active	Associate - Customer Success	Associate	9	57059.47	4	Other	African American	21
995	Robert	Ford	kathleenwalton@example.com	2024-01-15	2025-02-20	Terminated	Associate - IT Support	Associate	10	65958.31	5	Male	Asian	42
996	Karl	Todd	uoconnor@example.org	2023-09-19	NULL	Active	Associate - Corporate Strategy	Associate	14	45726.33	3	Other	Asian	37
997	John	Brown	wilsonangela@example.com	2023-10-20	NULL	Active	Associate - Corporate Strategy	Associate	14	62451.96	4	Other	African American	46
998	Nicholas	Parks	ltrevino@example.org	2023-11-28	NULL	Active	Associate - Supply Chain	Associate	12	59539.13	3	Non-Binary	Asian	42
999	Tyler	Escobar	paul83@example.net	2022-08-14	NULL	Active	Associate - Security	Associate	11	50705.55	5	NULL	African American	21
1000	Kelly	Foster	jefferycohen@example.org	2025-12-01	NULL	Active	Associate - IT Support	Associate	10	50085.01	5	Non-Binary	Two or More	48
1001	Donald	Freeman	waltonlisa@example.org	2024-04-01	NULL	Active	Associate - Facilities	Associate	13	68763.64	4	Male	African American	42
1002	Matthew	Medina	sara71@example.net	2022-06-10	NULL	Active	Supervisor/Lead - Finance	Supervisor/Lead	5	57059.28	3	Non-Binary	Hispanic	25
1003	Anthony	Love	garykline@example.net	2024-10-14	NULL	Active	Associate - Engineering	Associate	1	42887.32	4	Male	Hispanic	36
1004	Savannah	James	vanderson@example.org	2022-12-07	NULL	Active	Supervisor/Lead - Engineering	Supervisor/Lead	1	75577.06	3	Female	Caucasian	46
1005	Eric	Smith	christina27@example.net	2024-11-13	NULL	Active	Associate - Finance	Associate	5	47853.35	3	Male	Hispanic	41
1006	Pamela	Jimenez	jacksonjulie@example.org	2022-05-22	NULL	Active	Associate - Supply Chain	Associate	12	67050.13	3	Female	Hispanic	41
1007	Brandon	Miles	theodoreweaver@example.com	2022-02-18	NULL	Active	Associate - Internal Communications	Associate	15	64707.13	3	Non-Binary	Caucasian	40
1008	Megan	Morgan	campostroy@example.org	2023-12-15	NULL	Active	Associate - IT Support	Associate	10	69515.49	5	Female	African American	36
1009	Stephanie	Barker	alyssahill@example.org	2021-11-25	NULL	Active	Associate - IT Support	Associate	10	60938.54	2	Non-Binary	Hispanic	43
1010	Traci	Hernandez	jjacobs@example.org	2026-07-12	NULL	Active	Associate - Corporate Strategy	Associate	14	40764.97	5	Female	Hispanic	37
1011	Jason	Young	smithlaura2@example.com	2025-11-16	NULL	Active	Associate - People Operations	Associate	4	60319.26	4	Non-Binary	African American	37
1012	Heidi	Anderson	williamrose@example.com	2024-08-02	NULL	Active	Associate - People Operations	Associate	4	74776.4	4	Non-Binary	African American	35
1013	Christy	Berry	patrick39@example.net	2025-05-06	NULL	Active	Associate - Marketing	Associate	7	55165.0	4	Female	Hispanic	54
1014	Elizabeth	Richardson	navarrodennis@example.net	2024-03-15	NULL	Active	Associate - Engineering	Associate	1	63605.84	4	Other	Asian	43
1015	Amy	Reynolds	howardschmidt@example.org	2025-12-21	NULL	Active	Associate - Internal Communications	Associate	15	41555.08	3	Other	African American	30
1016	Nathan	Ross	huertarichard@example.net	2023-09-07	NULL	Active	Associate - People Operations	Associate	4	43532.22	4	Other	Hispanic	54
1017	Kenneth	Garcia	jthompson@example.org	2023-01-13	NULL	Active	Associate - Facilities	Associate	13	61531.97	4	Non-Binary	Asian	47
1018	Kevin	Sheppard	antonio10@example.org	2021-09-23	NULL	Active	Associate - Customer Success	Associate	9	47009.45	1	Male	Hispanic	31
1019	Paul	Flores	qwalker@example.org	2023-01-01	NULL	Active	Associate - IT Support	Associate	10	56664.09	4	Male	African American	45
1020	Tyler	Thompson	angela67@example.net	2021-07-24	NULL	Active	Associate - Data Science	Associate	3	45288.77	3	Other	Caucasian	32
1021	Tyler	Nichols	shelby12@example.org	2025-05-09	NULL	Active	Associate - IT Support	Associate	10	48900.95	5	Other	Two or More	42
1022	Jennifer	Johnson	jamesshelton@example.net	2025-04-29	NULL	Active	Supervisor/Lead - Finance	Supervisor/Lead	5	76531.74	NULL	Other	Hispanic	35
1023	Linda	Byrd	loriwilson@example.com	2024-04-03	NULL	Active	Associate - IT Support	Associate	10	71315.4	4	Female	Hispanic	31
1024	Brenda	White	amy50@example.net	2026-03-06	NULL	Active	Associate - Internal Communications	Associate	15	63359.16	4	Other	African American	27
1025	Mary	Long	ybowers@example.org	2025-07-23	NULL	Active	Associate - Facilities	Associate	13	74301.77	5	Female	Two or More	34
1026	Lisa	Mack	anna45@example.net	2023-05-15	NULL	Active	Associate - Legal	Associate	6	65278.2	3	Female	Two or More	45
1027	Benjamin	Kelly	marywolfe@example.net	2024-06-27	2025-10-22	Terminated	Associate - Customer Success	Associate	9	65179.75	4	Non-Binary	Hispanic	61
1028	Monica	Gates	qsteele@example.net	2023-03-25	NULL	Active	Associate - People Operations	Associate	4	73018.29	4	Female	African American	48
1029	Teresa	Kelly	beckashley@example.com	2022-08-01	NULL	Active	Associate - Engineering	Associate	1	48438.54	4	Non-Binary	Caucasian	45
1030	David	Rodriguez	holmesdarren@example.net	2022-05-27	NULL	Active	Associate - Supply Chain	Associate	12	51325.98	3	Male	Asian	29
1031	Joshua	Franklin	johnsonwayne@example.org	2026-07-08	NULL	Active	ASSOCIATE - QUALITY ASSURANCE	Associate	16	40149.23	2	NULL	Two or More	35
1032	John	Robinson	nsuarez@example.com	2026-06-15	NULL	Active	Assistant Manager - People Operations	Assistant Manager	4	93176.28	2	Male	Caucasian	43
1033	Joshua	Graham	valenzuelabrittany@example.org	2025-01-05	NULL	Active	Supervisor/Lead - Marketing	Supervisor/Lead	7	89657.57	4	Other	African American	39
1034	Michael	Kelley	timothy87@example.com	2025-09-25	NULL	Active	Associate - Finance	Associate	5	60924.86	NULL	Other	Asian	38
1035	Jason	Orozco	laura86@example.com	2022-12-31	NULL	Active	Associate - Product	Associate	2	40498.93	3	Other	Caucasian	38
1036	Erica	Rodriguez	langkimberly@example.net	2024-09-04	NULL	Active	Domain Director - Engineering	Domain Director	1	157762.2	3	Female	Caucasian	41
1037	Julie	Lopez	ericchavez@example.net	2022-04-07	NULL	Active	Associate - Legal	Associate	6	47824.84	5	Other	Two or More	31
1038	Michael	Gibson	hudsonbrian@example.net	2024-05-22	NULL	Active	Associate - Finance	Associate	5	64767.71	4	Non-Binary	Asian	38
1039	  Steven  	 Clay	ronaldcrawford@example.com	2023-02-26	NULL	Active	Associate - Supply Chain	Associate	12	48696.68	2	Other	Asian	41
1040	Laura	Landry	youngrita@example.net	2026-01-21	2026-02-28	Terminated	Associate - People Operations	Associate	4	67620.44	4	Female	Asian	49
1041	James	Branch	amanda08@example.com	2022-09-23	NULL	Active	Associate - Supply Chain	Associate	12	66189.98	3	Male	Two or More	47
1042	Jasmine	Maddox	cnewton@example.org	2024-01-03	NULL	Active	Associate - Internal Communications	Associate	15	74323.27	2	Female	NULL	36
1043	Charles	Buchanan	roberthahn@example.net	2024-02-13	NULL	Active	Associate - People Operations	Associate	4	68596.62	4	Male	Caucasian	51
1044	Michelle	Perry	ashleyvargas@example.org	2022-05-23	NULL	Active	Associate - People Operations	Associate	4	66554.73	3	Female	Caucasian	44
1045	Teresa	Miller	qanderson@example.net	2021-10-07	NULL	Active	Associate - Product	Associate	2	70307.53	3	Other	Caucasian	36
1046	Kimberly	Roberts	tristanlawson@example.com	2021-10-20	NULL	Active	Associate - Data Science	Associate	3	65218.22	3	Female	African American	55
1047	Andrew	King	carterjorge@example.org	2025-03-14	NULL	Active	Associate - Quality Assurance	Associate	16	58894.7	3	Other	Asian	35
1048	Daniel	Gonzalez	richardkirby@example.org	2022-05-12	NULL	Active	Associate - Facilities	Associate	13	65011.99	3	Male	Two or More	43
1049	Jason	Haney	tsutton@example.org	2023-09-12	NULL	Active	Associate - People Operations	Associate	4	70645.47	3	Male	African American	45
1050	William	Wright	kristopher83@example.com	2021-10-15	2023-09-25	Terminated	Supervisor/Lead - Security	Supervisor/Lead	11	78968.24	4	Other	African American	50
1051	Amanda	Gomez	michael94@example.com	2025-04-05	NULL	Active	Associate - People Operations	Associate	4	74628.17	5	Non-Binary	African American	37
1052	Kristopher	Mills	carol53@example.org	2024-07-05	NULL	Active	Associate - Supply Chain	Associate	12	58848.72	3	Male	African American	43
1053	Michael	Long	keith37@example.org	2025-04-03	NULL	Active	Associate - Finance	Associate	5	53300.97	3	Other	Asian	29
1054	Helen	Williams	michellebryant@example.org	2022-10-22	NULL	Active	Associate - Sales	Associate	8	60667.82	5	Other	Two or More	55
1055	Katherine	Fuller	brian20@example.net	2021-12-12	NULL	Active	Supervisor/Lead - Finance	Supervisor/Lead	5	68176.08	3	Other	African American	46
1056	Rachel	Johnson	jeanettenelson@example.org	2024-05-11	2025-10-11	Terminated	Associate - Sales	Associate	8	60791.07	5	Non-Binary	Hispanic	48
1057	Tara	Rodriguez	utaylor@example.com	2024-03-12	NULL	Active	Associate - Security	Associate	11	60107.47	5	Female	African American	35
1058	John	Johnson	kylegarner@example.net	2026-07-30	NULL	Active	Supervisor/Lead - Sales	Supervisor/Lead	8	82814.07	2	Male	Hispanic	45
1059	Mark	Garcia	oknight@example.org	2023-10-12	2025-09-15	Terminated	Associate - Product	Associate	2	60760.72	3	Male	African American	23
1060	David	Wilson	rebecca52@example.com	2023-11-03	NULL	Active	Supervisor/Lead - Internal Communications	Supervisor/Lead	15	82758.96	2	Male	Caucasian	37
1061	Jeffery	Robbins	hickscheryl@example.net	2021-10-06	NULL	Active	Associate - Data Science	Associate	3	72755.55	4	Non-Binary	Caucasian	45
3290	Carrie	Thompson	chelsea31@example.com	2025-11-20	NULL	Active	Associate - Legal	Associate	6	68028.1	3	Female	African American	36
1062	Tony	Nguyen	nunezjennifer@example.net	2021-07-22	NULL	Active	Associate - Marketing	Associate	7	47974.37	3	Non-Binary	Hispanic	48
1063	Hannah	Hammond	joseph24@example.com	2022-05-01	2024-11-13	Terminated	Manager - Customer Success	Manager	9	112381.17	2	Female	Two or More	63
1064	Daniel	Parsons	liuscott@example.net	2024-03-22	NULL	Active	Associate - People Operations	Associate	4	64175.15	3	Other	Caucasian	56
1065	Melissa	Mathews	brandysmith@example.org	2025-09-30	NULL	Active	Supervisor/Lead - Product	Supervisor/Lead	2	74883.17	NULL	Female	African American	34
1066	Taylor	Adams	robertscristina@example.net	2024-11-28	NULL	Active	Supervisor/Lead - Supply Chain	Supervisor/Lead	12	88324.93	1	NULL	Two or More	49
1067	Sarah	Mathis	walkerkrystal@example.net	2026-01-22	NULL	Active	Associate - Customer Success	Associate	9	47876.63	3	Other	Caucasian	38
1068	John	Peterson	taylor26@example.net	2025-03-02	NULL	Active	Supervisor/Lead - Legal	Supervisor/Lead	6	89881.21	3	Non-Binary	African American	38
1069	Jonathan	Thompson	johnwilson@example.com	2026-05-30	NULL	Active	Associate - Supply Chain	Associate	12	45570.32	2	Male	Two or More	39
1070	Donna	Lewis	josephfrank@example.com	2025-06-07	NULL	Active	Associate - Marketing	Associate	7	55515.83	3	Non-Binary	Hispanic	50
1071	James	Lopez	fredericknorman@example.org	2025-03-20	NULL	Active	Associate - Sales	Associate	8	41886.73	3	Male	African American	NULL
1072	Darren	Wilson	xaguirre@example.net	2023-09-16	2026-07-08	Terminated	Associate - Legal	Associate	6	63538.64	3	Other	Hispanic	35
1073	Sharon	Byrd	jacksonmargaret@example.org	2024-01-14	NULL	Active	Associate - Sales	Associate	8	73503.69	4	Female	Hispanic	38
1074	James	Myers	danielortiz@example.org	2024-04-22	NULL	Active	Associate - Quality Assurance	Associate	16	40467.49	3	Non-Binary	Caucasian	26
1075	Richard	Walters	rhonda59@example.org	2025-10-29	NULL	Active	Associate - Product	Associate	2	74555.51	3	Other	Two or More	42
1076	Timothy	Rogers	tdiaz@example.net	2023-06-23	NULL	Active	Associate - Supply Chain	Associate	12	61819.81	3	Other	Asian	34
1077	Monica	Hill	kendra28@example.com	2025-09-11	NULL	Active	Associate - Sales	Associate	8	57089.75	2	Female	African American	35
1078	Jonathan	Hanson	denisemejia@example.org	2023-08-29	NULL	Active	Supervisor/Lead - Supply Chain	Supervisor/Lead	12	56015.51	5	Male	Two or More	40
1079	Debra	Vasquez	tammy62@example.com	2021-10-19	NULL	Active	Associate - Legal	Associate	6	55278.45	4	Non-Binary	Asian	42
1080	Lori	Torres	hectorjones@example.org	2025-05-20	NULL	Active	Associate - Sales	Associate	8	54798.74	4	Other	Hispanic	48
1081	Michael	Flores	sandra91@example.com	2025-01-15	NULL	Active	Associate - IT Support	Associate	10	44894.22	3	Non-Binary	Asian	36
1082	Stephen	Mills	amandamata@example.net	2022-11-03	NULL	Active	Manager - Finance	Manager	5	98849.29	3	Non-Binary	Asian	39
1083	Mercedes	Woods	ericbranch@example.net	2025-10-09	NULL	Active	Associate - Customer Success	Associate	9	41798.51	5	Female	Caucasian	51
1084	Shirley	Wells	jason32@example.org	2025-12-18	NULL	Active	Associate - Engineering	Associate	1	68143.28	3	Other	NULL	43
1085	Shelly	Lopez	sonya57@example.net	2021-10-11	NULL	Active	Associate - Legal	Associate	6	51370.23	3	Female	African American	22
1086	Alec	Chen	michaelhayes@example.org	2021-09-13	NULL	Active	Associate - Security	Associate	11	47257.53	5	Other	Caucasian	36
1087	April	Edwards	carlsonrandy@example.org	2026-02-10	NULL	Active	Associate - Facilities	Associate	13	57261.71	3	Other	Hispanic	49
1088	Jeffery	Pearson	stephaniesaunders@example.com	2021-10-14	NULL	Active	Associate - Supply Chain	Associate	12	48000.51	3	Non-Binary	Caucasian	45
1089	Alexis	Harrison	xlawson@example.com	2021-08-01	NULL	Active	Associate - Finance	Associate	5	71509.39	4	Non-Binary	Caucasian	38
1090	David	Freeman	abbottjillian@example.com	2022-12-30	NULL	Active	Associate - IT Support	Associate	10	70049.54	4	Male	Hispanic	37
1091	Samantha	Sanchez	ugreen@example.com	2024-06-23	NULL	Active	Associate - Corporate Strategy	Associate	14	57767.33	4	Female	Asian	37
1092	James	Santana	orozcobrittany@example.org	2021-09-27	NULL	Active	Associate - Supply Chain	Associate	12	59974.01	4	Male	Hispanic	29
1093	Larry	Guerrero	michaelcooley@example.net	2026-01-31	NULL	Active	Associate - Customer Success	Associate	9	43011.02	4	Male	Hispanic	39
1094	Brittany	Duncan	cynthiapatrick@example.com	2026-06-29	2026-07-29	Terminated	Associate - Engineering	Associate	1	48517.48	3	Other	African American	51
1095	Bryan	Martin	kellythomas@example.org	2023-05-19	NULL	Active	Associate - Internal Communications	Associate	15	71182.84	4	Male	Asian	48
1096	Cody	Nguyen	csmith@example.net	2025-06-09	NULL	Active	Associate - People Operations	Associate	4	62526.9	4	Male	Hispanic	37
1097	Cindy	King	huntroger@example.net	2022-11-16	NULL	Active	Associate - Sales	Associate	8	73253.79	NULL	Other	Asian	44
1098	Brian	 Potter 	james79@example.net	2024-09-16	NULL	Active	Associate - Product	Associate	2	58193.97	2	Male	Two or More	41
1099	Jessica	Blair	stacey282@example.com	2022-01-25	NULL	Active	Associate - Product	Associate	2	49329.81	2	Female	Two or More	42
1100	Yolanda	Ford	nguyencaleb@example.com	2023-06-03	NULL	Active	Associate - People Operations	Associate	4	71545.4	4	Female	Two or More	28
1101	Jeffrey	Mcdaniel	robertsdeborah@example.com	2023-04-05	2025-10-10	Terminated	Supervisor/Lead - People Operations	Supervisor/Lead	4	83639.46	1	Male	Two or More	45
1102	Emma	Moran	amandavalenzuela@example.com	2026-03-12	NULL	Active	Associate - Customer Success	Associate	9	71954.97	4	Female	Asian	34
1103	Steven	Green	bakerrhonda@example.com	2024-08-22	NULL	Active	Associate - Finance	Associate	5	57257.17	3	Male	Two or More	58
1104	Jordan	Lang 	mark98@example.org	2021-12-11	NULL	Active	Associate - Product	Associate	2	73480.78	4	Male	Two or More	38
1105	Susan	Ramirez	juliesnow@example.org	2022-11-04	NULL	Active	Associate - Engineering	Associate	1	50358.54	1	Other	African American	43
1106	Patricia	Palmer	iwade@example.org	2023-12-23	2024-08-08	Terminated	Supervisor/Lead - Product	Supervisor/Lead	2	64509.27	3	Other	Asian	41
1107	Bradley	Mckay	BJOHNSON@EXAMPLE.NET	2024-07-27	NULL	Active	Associate - People Operations	Associate	4	45529.62	3	Non-Binary	Asian	43
1108	Steven	Cooper	tamarajuarez@example.net	09/16/2025	NULL	Active	Executive Director - Sales	Executive Director	8	213940.6	2	Other	Caucasian	39
1109	Aaron	Brown	smithmary@example.org	2021-10-22	NULL	Active	Associate - Security	Associate	11	52897.78	3	Non-Binary	Asian	37
1110	Brandon	Gentry	estesdavid@example.net	2022-09-05	NULL	Active	Assistant Manager - People Operations	Assistant Manager	4	96171.77	4	Other	Asian	21
1111	John	Smith	patriciasutton@example.net	2023-07-01	NULL	Active	Supervisor/Lead - Supply Chain	Supervisor/Lead	12	72478.04	3	Non-Binary	Asian	48
1112	Emily	Silva	christine39@example.org	2022-05-27	NULL	Active	Supervisor/Lead - Finance	Supervisor/Lead	5	75475.24	3	Other	Two or More	40
1113	Nancy	Bradley	sweeneyjoyce@example.org	2023-11-11	NULL	Active	Associate - Security	Associate	11	72236.5	2	Female	Hispanic	43
1114	Rebecca	Mcpherson	nicholas68@example.org	2023-09-01	NULL	Active	Associate - Sales	Associate	8	43140.64	3	Other	Caucasian	46
1115	William	Pratt	kmayer@example.com	2021-07-27	NULL	Terminated	Associate - Supply Chain	Associate	12	65155.75	3	Male	African American	34
1116	Elizabeth	Randall	hannah49@example.com	2023-02-26	NULL	Active	Associate - Corporate Strategy	Associate	14	48364.97	3	Non-Binary	Caucasian	50
1117	Suzanne	Day	michael25@example.net	2021-08-25	NULL	Active	Associate - Engineering	Associate	1	64994.15	3	Female	Asian	56
1118	Jacob	Irwin	browneric@example.net	2023-04-17	NULL	Active	Assistant Manager - Product	Assistant Manager	2	77048.16	2	Male	Asian	38
1119	Brian	Gibson	katherine77@example.net	2025-09-16	NULL	Active	Supervisor/Lead - Quality Assurance	Supervisor/Lead	16	84530.01	5	Other	Two or More	27
1120	Amanda	Rich	rodgersmark@example.org	2025-01-29	NULL	Active	Associate - Data Science	Associate	3	59613.49	5	Other	Asian	30
1121	Kendra	Woods	jessicasmith@example.net	2026-02-07	NULL	Active	Associate - Legal	Associate	6	70437.45	3	Female	Two or More	42
1122	John	Bauer	leesteven@example.net	2022-02-13	NULL	Active	Associate - Facilities	Associate	13	42671.65	3	Male	African American	41
1123	Kara	Bernard	rprince@example.net	2024-06-07	NULL	Active	Associate - Product	Associate	2	-70609.46	3	Female	Hispanic	38
1124	Brandon	Nguyen	katherinegoodman@example.net	2025-02-11	NULL	Active	Associate - Customer Success	Associate	9	47157.88	4	Other	African American	44
1125	Alexis	Perkins	seandixon@example.net	2025-10-31	2026-07-17	Terminated	Associate - Product	Associate	2	61616.81	1	Female	Two or More	32
1126	Tammy	Curtis	vcarter@example.org	2024-10-02	NULL	Active	Associate - Engineering	Associate	1	52018.85	4	Other	Two or More	40
1127	Michael	Allen	danamarquez@example.org	2022-08-25	2025-02-24	Terminated	Associate - Facilities	Associate	13	41451.19	3	Non-Binary	Asian	48
1128	Angela	Williams	ryanmoss@example.org	2022-10-04	NULL	Active	Associate - Marketing	Associate	7	55347.67	3	Female	Hispanic	34
1129	Frederick	Mahoney	bruce84@example.net	2025-02-18	NULL	Active	Associate - Data Science	Associate	3	52475.17	3	Non-Binary	Caucasian	27
1130	Brianna	Hale	emiller@example.net	04/17/2025	NULL	Active	Associate - Corporate Strategy	Associate	14	68137.28	3	Non-Binary	Asian	23
1131	Angela	Figueroa	ginagalvan@example.net	2023-03-03	NULL	Active	Associate - Corporate Strategy	Associate	14	61691.29	4	Non-Binary	African American	25
1132	Destiny	Williams	rmolina@example.net	2024-07-29	NULL	Active	Associate - People Operations	Associate	4	46289.61	1	Female	Hispanic	39
1133	Stephen	Mahoney	katherine94@example.net	2023-02-01	NULL	Active	Supervisor/Lead - Customer Success	Supervisor/Lead	9	80994.09	3	Male	Two or More	35
1134	Cristina	Smith	jpatton@example.com	2025-09-05	NULL	Active	Supervisor/Lead - Finance	Supervisor/Lead	5	57053.08	3	Female	Hispanic	36
1135	Sarah	Carrillo	andreabailey@example.net	2025-10-20	NULL	Active	Associate - People Operations	Associate	4	69517.68	5	Female	Caucasian	32
1136	Kelly	Wheeler	hawkinsjoanne@example.net	2025-03-16	NULL	Active	Associate - Sales	Associate	8	50653.4	4	Female	Hispanic	27
1137	Jennifer	Stanton	aaronprince@example.net	2023-04-26	NULL	Active	Associate - Corporate Strategy	Associate	14	74730.59	3	Non-Binary	Asian	58
1138	Jason	Daugherty	katherinehawkins@example.com	2023-06-21	2024-11-22	Terminated	Associate - Marketing	Associate	7	57422.67	4	Male	Asian	44
1139	Kevin	Smith	scott37@example.com	2023-05-16	NULL	Active	Associate - Corporate Strategy	Associate	14	42410.62	2	Other	Asian	46
1140	Sabrina	Richardson	steven49@example.org	2026-07-16	NULL	Active	Associate - Data Science	Associate	3	70024.06	3	Non-Binary	Hispanic	51
1141	Thomas	Douglas	morrissara@example.org	2022-01-09	NULL	Active	Associate - Engineering	Associate	1	50232.66	4	Non-Binary	African American	NULL
1142	Clinton	jarvis	gallowayrachel@example.net	2024-05-09	NULL	Active	Associate - Sales	Associate	8	61687.35	3	Male	Two or More	37
1143	Leslie	Daniels	stephensmichael@example.org	2023-06-27	NULL	Active	Associate - Marketing	Associate	7	46758.93	NULL	Non-Binary	Asian	44
1144	Heather	Foley	roymichael@example.net	2021-08-21	NULL	Active	Assistant Manager - Corporate Strategy	Assistant Manager	14	81555.67	4	Female	Hispanic	36
1145	Wendy	Hunter	crosbyvincent@example.org	2026-01-23	NULL	Active	Associate - Product	Associate	2	63366.84	4	Female	African American	41
1146	Amy	Anderson	acobb@example.org	2021-11-18	2024-04-23	Terminated	Supervisor/Lead - Facilities	Supervisor/Lead	13	69761.74	4	Female	Two or More	56
1147	Robert	Chambers	gdavis@example.com	2026-05-08	NULL	Active	Associate - Security	Associate	11	42800.31	3	Other	Caucasian	34
1148	Kenneth	Houston	sheilamoran@example.org	2025-02-13	NULL	Active	Supervisor/Lead - Sales	Supervisor/Lead	8	89078.41	4	Male	African American	40
1149	Shannon	Robinson	pbrooks@example.net	2022-11-16	NULL	Active	Associate - Security	Associate	11	63035.92	3	Female	African American	56
1150	Victor	Summers	kknight@example.org	2022-06-19	NULL	Active	Associate - Legal	Associate	6	71678.17	5	Male	Two or More	31
1151	Kenneth	Myers	alexis95@example.com	2024-03-06	NULL	Active	Associate - Customer Success	Associate	9	50324.98	4	Other	Caucasian	41
1152	Laura	Keller	michael23@example.com	2022-05-14	NULL	Active	Associate - People Operations	Associate	4	74870.34	4	Non-Binary	Caucasian	47
1153	Mary	Bryant	jennifermeyer@example.com	2026-05-22	NULL	Active	Associate - Corporate Strategy	Associate	14	43658.66	5	Female	Asian	38
1154	Chris	Price	dennismichelle@example.com	2023-05-03	2026-05-08	Terminated	Associate - IT Support	Associate	10	72427.75	1	Non-Binary	Two or More	36
1155	Richard	Stevens	whitney01@example.org	2024-08-20	NULL	Active	Associate - Corporate Strategy	Associate	14	43628.03	5	Male	African American	21
1156	Michelle	Powell	doris32@example.net	2022-10-27	NULL	Active	Supervisor/Lead - People Operations	Supervisor/Lead	4	86900.11	3	Female	Two or More	28
1157	Parker	Miller	ashleyfigueroa@example.org	2025-09-21	NULL	Active	Assistant Manager - Internal Communications	Assistant Manager	15	97851.75	2	Male	Two or More	35
1158	Earl	Phillips	sanchezjames@example.net	2024-03-25	NULL	Active	Associate - Customer Success	Associate	9	62234.57	3	Male	Two or More	33
1159	Katherine	Ortiz	perezmargaret@example.com	2024-12-26	NULL	Active	Assistant Manager - Customer Success	Assistant Manager	9	83149.91	3	Female	African American	39
1160	Rebecca	Armstrong	teresajohnson@example.org	2021-11-18	NULL	Active	Domain Director - Facilities	Domain Director	13	120723.02	4	Non-Binary	Caucasian	53
1161	John	Weiss	stephen82@example.net	2026-05-22	NULL	Active	Associate - Product	Associate	2	60558.77	4	Male	Asian	45
1162	Robert	Cochran	lesliesalazar@example.com	2022-01-24	2025-02-21	Terminated	Associate - Product	Associate	2	67220.13	4	Male	Asian	38
1163	Claudia	Barnes	russellgregory@example.org	2021-07-13	NULL	Active	Supervisor/Lead - People Operations	Supervisor/Lead	4	61883.39	5	Other	African American	35
1164	Kristen	Valenzuela	blake04@example.com	09/16/2025	NULL	Active	Associate - Sales	Associate	8	40393.96	4	Female	Asian	34
1165	Melissa	Berry	vkim@example.org	2025-09-08	NULL	Active	Associate - Engineering	Associate	1	57239.75	NULL	Other	Hispanic	39
1166	Lonnie	Carney	ginasaunders@example.com	2025-01-21	2025-07-26	Terminated	Associate - Quality Assurance	Associate	16	61345.33	4	Male	Caucasian	32
1167	Eric	Smith	bcross@example.net	2022-08-29	NULL	Active	Associate - Legal	Associate	6	42482.06	5	Other	Hispanic	41
1168	Michael	Hernandez	ubrown@example.com	2023-11-03	NULL	Active	Associate - Security	Associate	11	56451.88	4	Male	Asian	32
1169	Anthony	Young	anneclark@example.com	2023-05-16	NULL	Active	Associate - Supply Chain	Associate	12	42768.3	1	Non-Binary	Asian	36
1170	Andrew	Ayers	cody22@example.com	2024-07-11	NULL	Active	Associate - Facilities	Associate	13	47568.11	3	Male	Two or More	28
1171	Valerie	Garza	pjones@example.com	2022-01-10	NULL	Active	Associate - Security	Associate	11	65621.25	4	Other	African American	31
1466	Melissa	Wagner	ihenderson@example.org	2023-01-30	NULL	Active	Supervisor/Lead - Product	Supervisor/Lead	2	56874.64	3	Female	African American	35
1172	Juan	Galloway	charlesperez@example.net	2025-04-16	NULL	Active	Supervisor/Lead - Customer Success	Supervisor/Lead	9	69935.8	3	Other	Asian	47
1173	Pamela	Brown	robert61@example.org	2021-11-08	NULL	Active	Associate - IT Support	Associate	10	65183.69	4	Female	Two or More	54
1174	Daniel	Henry	patriciahouston@example.com	2025-04-07	NULL	Active	Associate - Security	Associate	11	48782.53	4	Male	African American	42
1175	Kiara	Johnson	trocha@example.com	2025-04-10	NULL	Active	Associate - Supply Chain	Associate	12	59290.68	4	Other	NULL	50
1176	Tina	Winters	georgedenise@example.net	2024-08-11	NULL	Active	Associate - Corporate Strategy	Associate	14	45575.6	1	Female	African American	46
1177	David	Williams	hwilliams@example.net	2024-12-19	NULL	Active	Associate - IT Support	Associate	10	40501.99	4	Male	African American	36
1178	Joel	Gaines	jdaniel@example.com	2024-09-15	NULL	Active	Associate - Marketing	Associate	7	47246.78	4	Non-Binary	Caucasian	27
1179	Kayla	Blair	hollandtonya@example.net	2024-04-18	NULL	Active	Associate - Legal	Associate	6	41666.68	2	Female	Two or More	35
1180	Jasmine	Allen	christophercarter@example.net	2022-01-21	NULL	Active	Supervisor/Lead - Finance	Supervisor/Lead	5	62122.49	4	Non-Binary	Hispanic	56
1181	Carolyn	Kane	deborahwilson@example.org	2025-12-21	NULL	Active	Associate - Corporate Strategy	Associate	14	41480.4	3	Female	African American	54
1182	Steven	Schmidt	ryan13@example.com	2025-10-08	NULL	Active	Associate - Customer Success	Associate	9	55848.05	4	Other	African American	NULL
1183	Nicole	Turner	brandonsmith@example.net	2022-10-10	NULL	Active	Associate - Sales	Associate	8	62859.21	3	Female	Hispanic	36
1184	Vanessa	Bates	hayleysmith@example.com	2023-08-19	NULL	Active	Associate - Facilities	Associate	13	51955.13	3	Other	African American	24
1185	Vincent	Decker	heathertorres@example.net	2022-04-06	2022-12-06	Terminated	Associate - IT Support	Associate	10	41380.49	5	Other	Asian	47
1186	Kari	Jenkins	lisa69@example.com	2023-05-14	NULL	Active	Associate - Security	Associate	11	53198.83	4	Female	Caucasian	34
1187	Christopher	Schmidt	sperry@example.org	2024-02-16	2025-05-27	Terminated	Associate - IT Support	Associate	10	50481.28	2	Male	Asian	31
1188	Tammy	Lambert	david52@example.org	2024-01-19	NULL	Active	Associate - Sales	Associate	8	60124.27	1	Other	Caucasian	21
1189	Grant	Rodriguez	vasqueztaylor@example.net	2026-07-05	NULL	Active	Associate - Sales	Associate	8	65402.25	4	Male	Asian	38
1190	Charles	Schultz	shortdanielle@example.org	2023-11-08	NULL	Active	Manager - Security	Manager	11	114751.42	5	Male	Caucasian	42
1191	Ryan	Day	vmitchell@example.com	2026-03-05	NULL	Active	Associate - Security	Associate	11	40526.57	4	Other	Two or More	34
1192	Dawn	Salas	melendezlevi@example.net	2025-01-15	NULL	Active	Associate - Customer Success	Associate	9	40881.77	3	Female	Asian	46
1193	Erik	Baker	jimenezerin@example.org	2023-11-17	NULL	Active	Supervisor/Lead - Finance	Supervisor/Lead	5	79204.0	2	Non-Binary	Asian	37
1194	Terry	Jackson	codybrown@example.com	2024-10-07	NULL	Active	Associate - Finance	Associate	5	68266.25	3	Other	African American	53
1195	Timothy	Morales	alyssa55@example.net	2024-07-05	2025-02-20	Terminated	Associate - Supply Chain	Associate	12	66149.46	5	Non-Binary	Asian	53
1196	Jennifer	Taylor	woodandrew@example.com	2025-01-07	NULL	Active	Associate - Internal Communications	Associate	15	58576.29	4	Other	Two or More	54
1197	Stephanie	York	ortizbrenda@example.com	2022-05-30	NULL	Active	Associate - Sales	Associate	8	61895.93	4	Female	African American	40
1198	Laura	Parker	igallagher@example.net	2025-10-24	2026-06-26	Terminated	Associate - Facilities	Associate	13	44859.37	3	Female	Hispanic	29
1199	Jeffery	Mcpherson	denise22@example.net	2024-06-09	NULL	Active	Associate - IT Support	Associate	10	57822.02	4	Male	Two or More	31
1200	Brenda	Castro	ngriffin@example.org	2023-11-12	2025-05-18	Terminated	Associate - Corporate Strategy	Associate	14	64095.96	4	Female	Hispanic	40
1201	Tiffany	Coleman	marcusrose@example.net	2025-11-16	NULL	Active	Associate - Corporate Strategy	Associate	14	72183.75	3	Other	Hispanic	30
1202	Trevor	Patterson	zgilmore@example.net	2024-10-30	2026-05-23	Terminated	Supervisor/Lead - Legal	Supervisor/Lead	6	64720.54	3	Male	Asian	38
1203	Daniel	Abbott	CARLOSCALDWELL@EXAMPLE.ORG	2025-12-28	NULL	Active	Associate - Finance	Associate	5	41924.07	5	Male	African American	41
1204	Elizabeth	Reed	anthonytaylor@example.org	2023-10-05	2024-11-04	Terminated	Associate - Corporate Strategy	Associate	14	46892.51	3	Female	Caucasian	41
1205	Kevin  	Brooks	vblack@example.net	2025-04-19	NULL	Active	Associate - Product	Associate	2	60806.59	4	NULL	Caucasian	24
1206	Ashley	Patton	chris28@example.net	2025-03-09	NULL	Active	Associate - Customer Success	Associate	9	44977.52	5	Female	Two or More	43
1207	Sarah	Gilbert	zacharygraves@example.com	2026-06-27	NULL	Active	Associate - Facilities	Associate	13	52023.83	NULL	Non-Binary	Hispanic	32
1208	Deborah	Bennett	mahoneytina@example.com	2024-04-10	NULL	Active	Associate - Facilities	Associate	13	61499.83	2	Female	Hispanic	43
1209	Mindy	Morris	nromero@example.com	2023-04-27	NULL	Active	Associate - Customer Success	Associate	9	54424.2	3	Non-Binary	Two or More	45
1210	Robert	Atkins	fgraham@example.com	2023-09-10	NULL	Active	Manager - Engineering	Manager	1	113290.69	1	Non-Binary	Hispanic	33
1211	 Paul	Newton	esparzareginald@example.org	2024-03-09	NULL	Active	Associate - Engineering	Associate	1	62969.44	4	Male	African American	49
1212	Jason	Nguyen	jordannicole@example.com	2023-08-02	NULL	Active	Associate - Product	Associate	2	72728.37	2	Male	Two or More	39
1213	Stacey	Stevens	cruzgregory@example.org	2023-05-18	NULL	Active	Associate - Finance	Associate	5	62617.86	5	Female	Two or More	37
1214	Robert	Leblanc	gallen@example.org	2024-12-31	NULL	Active	Assistant Manager - IT Support	Assistant Manager	10	73660.72	3	NULL	Asian	43
1215	Paula	Jimenez	wendy30@example.com	2022-06-05	NULL	Active	Associate - Facilities	Associate	13	70841.21	4	Female	Asian	34
1216	John	Medina	howardkimberly@example.com	2021-07-11	2025-01-21	Terminated	Supervisor/Lead - Facilities	Supervisor/Lead	13	63998.18	1	Other	Caucasian	46
1217	Misty	Lewis	ecallahan@example.net	2024-05-15	NULL	Active	Manager - IT Support	Manager	10	101092.72	3	Non-Binary	Hispanic	31
1218	John	Pitts	cmoore@example.net	2026-05-22	2026-06-28	Terminated	Associate - Facilities	Associate	13	60551.52	NULL	Male	African American	21
1219	Veronica	Gutierrez	hduran@example.net	2024-03-01	2026-07-08	Terminated	Associate - Customer Success	Associate	9	48867.27	3	Non-Binary	Asian	39
1220	Derrick	Bishop	reeseanthony@example.net	2024-10-23	NULL	Active	Associate - People Operations	Associate	4	65282.1	1	Male	Asian	51
1221	Tracy	Baldwin	iclark@example.net	2026-03-05	2026-04-05	Terminated	Supervisor/Lead - Legal	Supervisor/Lead	6	75795.76	3	Female	NULL	23
1222	David	Mcmillan	amanda81@example.net	2023-06-27	NULL	Active	Associate - Sales	Associate	8	48579.41	3	Male	Hispanic	21
1223	Lisa	Smith	haydenmatthew@example.net	2021-10-27	NULL	Active	ASSOCIATE - LEGAL	Associate	6	42281.75	3	Female	Asian	62
1224	Kevin	Mclaughlin	ronaldrichardson@example.net	2025-03-15	NULL	Active	Assistant Manager - Internal Communications	Assistant Manager	15	99554.54	1	Other	Asian	29
1225	Cameron	Bell	kristie68@example.net	2026-04-04	NULL	Active	Associate - People Operations	Associate	4	47906.18	3	Other	African American	34
1226	Michelle 	Hood	petersonjennifer@example.org	2022-12-25	NULL	Active	Associate - Data Science	Associate	3	47547.35	3	Female	Caucasian	42
1227	Michael	Kemp	uwagner@example.net	2024-01-25	NULL	Active	Supervisor/Lead - Internal Communications	Supervisor/Lead	15	70061.61	3	Male	Two or More	46
1228	Rebecca	Buchanan	cjacobs@example.org	2022-09-03	NULL	Active	Supervisor/Lead - Marketing	Supervisor/Lead	7	72255.44	4	Other	Asian	55
1229	Christopher	Wright	henry19@example.com	2024-02-11	10/05/2025	Terminated	Associate - Marketing	Associate	7	47328.06	4	Other	Caucasian	34
1230	Ronnie	Watkins	mcconnellashley@example.org	2025-07-13	NULL	Active	Manager - Supply Chain	Manager	12	70611.53	1	Non-Binary	Caucasian	40
1231	Jennifer	Moore	miranda23@example.com	2025-08-05	NULL	Active	Supervisor/Lead - Product	Supervisor/Lead	2	84661.65	2	Female	African American	25
1232	Jennifer	Le	royevan@example.net	2025-08-18	NULL	Active	Associate - Marketing	Associate	7	71200.98	4	Non-Binary	Two or More	37
1233	Sean	Baker	tylermelissa@example.org	2022-07-10	2026-04-22	Terminated	Associate - Marketing	Associate	7	43757.61	3	Other	Caucasian	36
1234	Travis	Johnson	tyler66@example.net	2025-02-24	NULL	Active	Supervisor/Lead - Supply Chain	Supervisor/Lead	12	82692.56	4	Other	Asian	41
1235	Bianca	Kelly	katrina15@example.com	2022-07-17	NULL	Active	Associate - Product	Associate	2	64595.39	4	Non-Binary	Asian	50
1236	Denise	Lee	krystallewis@example.org	2022-03-06	NULL	Active	Associate - Sales	Associate	8	71483.3	5	Female	Asian	51
1237	Austin	Ramirez	nblack@example.com	2025-10-16	2026-06-21	Terminated	Associate - Supply Chain	Associate	12	59542.79	4	Male	Hispanic	36
1238	Matthew	Hopkins	qcardenas@example.org	2025-09-07	NULL	Active	Associate - Engineering	Associate	1	70816.01	2	Male	Two or More	35
1239	Keith	Gray	dunnthomas@example.net	2022-06-24	NULL	Active	Associate - Engineering	Associate	1	55181.43	3	NULL	Asian	51
1240	Jeremy	Simon	ryan67@example.net	2021-11-22	NULL	Active	Associate - Customer Success	Associate	9	49058.03	5	Non-Binary	Caucasian	41
1241	Jeffrey	Rodgers	paulcampbell@example.org	2022-05-15	2026-06-19	Terminated	Supervisor/Lead - Sales	Supervisor/Lead	8	84848.15	2	Male	African American	31
1242	Jessica	Becker	andrehicks@example.org	2024-10-27	NULL	Active	Associate - People Operations	Associate	4	72634.51	3	Female	NULL	36
1243	Larry	Jones	smiththomas@example.org	2024-07-19	NULL	Active	Associate - Sales	Associate	8	72652.89	4	NULL	Asian	28
1244	Michael	Knight	moonhenry@example.com	2021-10-27	NULL	Active	Associate - Quality Assurance	Associate	16	60254.45	4	Other	NULL	42
1245	Kristen	THOMPSON	owenskaren@example.com	2023-04-26	NULL	Active	ASSISTANT MANAGER - LEGAL	Assistant Manager	6	77823.03	3	Female	Caucasian	36
1246	Richard	Sexton	johnrasmussen@example.org	2025-06-25	NULL	Active	Associate - Quality Assurance	Associate	16	64145.97	5	Other	Asian	50
1247	Charles	Lopez	randalllarry@example.com	2021-08-24	NULL	Active	Associate - Legal	Associate	6	48926.6	4	Male	Hispanic	32
1248	Adam	 Mullins	efranklin@example.net	2025-12-27	NULL	Active	Associate - People Operations	Associate	4	67580.38	4	Male	Two or More	37
1249	Kendra	Owens	kaylasmith@example.net	2024-12-03	2026-07-09	Terminated	Supervisor/Lead - Data Science	Supervisor/Lead	3	89815.96	1	Female	African American	39
1250	Martha	Davies	markcoleman@example.com	2025-06-06	NULL	Active	Associate - Customer Success	Associate	9	61672.09	4	Other	Hispanic	53
1251	Terri	Ferrell	isimon@example.com	2022-04-22	NULL	Active	Supervisor/Lead - Product	Supervisor/Lead	2	83379.7	5	Female	African American	27
1252	Crystal	Brock	qjacobs@example.com	2021-08-19	NULL	Active	Associate - Corporate Strategy	Associate	14	43312.14	3	Non-Binary	Hispanic	43
1253	Kerry	Marshall	barnesveronica@example.com	2023-09-24	2024-08-31	Terminated	Supervisor/Lead - Engineering	Supervisor/Lead	1	68632.87	3	Non-Binary	Two or More	29
1254	Nicholas	Fox	graytraci@example.net	2021-08-31	2025-07-14	Terminated	Manager - Data Science	Manager	3	89748.72	3	Male	Asian	21
1255	Michael	Jordan	imiller@example.com	2023-07-03	2023-11-09	Terminated	Supervisor/Lead - Product	Supervisor/Lead	2	56205.3	5	Other	Caucasian	38
1256	James	Patterson	gonzalezdana@example.org	2025-08-10	NULL	Active	Associate - Sales	Associate	8	65338.66	5	Male	Caucasian	28
1257	Gregory	Nelson	vancejeffrey@example.org	2026-06-15	NULL	Active	Associate - Supply Chain	Associate	12	48848.48	3	Other	Two or More	21
1258	Nancy	Flores	ywang@example.org	2026-03-01	NULL	Active	Associate - Facilities	Associate	13	56140.51	3	Female	Hispanic	39
1259	Sandra	Riley	michaelhughes@example.com	2026-06-02	NULL	Active	Associate - Sales	Associate	8	44353.87	2	Other	Caucasian	46
1260	Nancy	Hunt	susankelly@example.org	2021-11-20	NULL	Active	Associate - Facilities	Associate	13	43093.3	5	Female	Asian	45
1261	Chelsea	Mckinney	wheelerjoshua@example.com	2025-06-24	NULL	Active	Manager - People Operations	Manager	4	118063.1	2	Female	Caucasian	39
1262	Tina	vaughan	lshort@example.net	2022-11-14	2024-05-24	Terminated	Associate - Marketing	Associate	7	41918.49	3	Female	Two or More	40
1263	Eric	Gomez	jimwilliams@example.com	2023-01-16	NULL	Active	Associate - IT Support	Associate	10	71024.35	3	Male	African American	45
1264	Francis	Anderson	elizabeth07@example.com	2025-02-09	NULL	Active	Supervisor/Lead - Data Science	Supervisor/Lead	3	57834.42	3	Male	Two or More	24
1265	Steve	Johnson	ynorman@example.com	2022-03-19	NULL	Active	Associate - Product	Associate	2	70883.38	4	Other	Caucasian	21
1266	Gregory	Thomas	jessicadouglas@example.net	2022-01-23	NULL	Active	Associate - Product	Associate	2	73389.21	3	Non-Binary	African American	NULL
1267	Don	Cuevas	lorihaas@example.org	2022-05-07	2025-10-10	Active	Associate - Corporate Strategy	Associate	14	59455.71	2	Male	Two or More	46
1268	Nicole	Acosta	rebecca95@example.com	2022-01-05	NULL	Active	Associate - Data Science	Associate	3	51931.96	4	Female	Hispanic	37
1269	Jacqueline	Rodriguez	traceyphelps@example.net	2022-12-18	NULL	Active	Associate - Marketing	Associate	7	43571.53	5	Other	Caucasian	40
1270	Austin	Gonzales	floresmichelle@example.org	2024-01-20	NULL	Active	Associate - Internal Communications	Associate	15	71628.58	2	Male	African American	24
1271	Gregory	cunningham	kimkelsey@example.org	2023-11-07	NULL	Active	Supervisor/Lead - Engineering	Supervisor/Lead	1	56574.29	5	Non-Binary	Hispanic	26
1272	Rachel	Myers	damonnelson@example.net	2025-05-28	NULL	Active	Associate - Quality Assurance	Associate	16	57265.67	3	Female	Two or More	37
1273	Elizabeth	Miller	smithjoshua@example.org	2025-12-15	NULL	Active	Associate - Supply Chain	Associate	12	42091.08	3	Female	Two or More	44
1274	Abigail	Robinson	paynebeth@example.net	2023-04-21	NULL	Active	Associate - Internal Communications	Associate	15	70313.05	3	Non-Binary	Asian	45
1275	Michelle	Johnson	martingomez@example.com	2022-09-06	NULL	Active	Associate - Marketing	Associate	7	45292.7	5	Non-Binary	Two or More	32
1276	Ashley	Jones  	juliemiller@example.org	2026-07-06	NULL	Active	Associate - People Operations	Associate	4	60642.21	2	Female	Two or More	52
1277	Matthew	Long	robert25@example.net	2024-04-23	NULL	Active	Associate - Marketing	Associate	7	48232.21	3	NULL	NULL	30
1278	Connor	Graves	ronnie18@example.com	2025-09-05	NULL	Active	Associate - Facilities	Associate	13	46181.4	2	Other	African American	29
1279	Breanna	Pearson	alexandergonzalez@example.com	2024-04-09	NULL	Active	Associate - Sales	Associate	8	45195.33	5	NULL	Asian	33
1280	Robert	Clark	ojohnson@example.net	2022-12-25	NULL	Active	Associate - Facilities	Associate	13	63289.96	4	Non-Binary	Asian	29
1281	Deborah	Fletcher	brownjacqueline@example.com	2021-10-25	NULL	Active	Associate - Marketing	Associate	7	41702.17	4	Other	Hispanic	33
1282	Jonathan	Butler	dsmith@example.net	2026-03-02	NULL	Active	Associate - Data Science	Associate	3	64968.55	3	NULL	African American	60
1283	Kevin	Sharp	gbailey@example.org	2024-05-03	NULL	Active	Associate - People Operations	Associate	4	46656.05	3	Other	Asian	21
1284	Vanessa	  Lambert	larrylane@example.com	2023-10-28	2024-01-07	Terminated	ASSOCIATE - SUPPLY CHAIN	Associate	12	56199.94	5	Female	Caucasian	40
1285	Jim	Mercado	pamelagraham@example.net	2021-12-02	NULL	Active	Associate - Internal Communications	Associate	15	67162.48	2	Other	African American	34
1286	Danielle	Day	mauricehodges@example.com	2024-05-20	NULL	Active	Associate - Customer Success	Associate	9	73703.66	2	Other	Asian	21
1287	Daniel	Hubbard	wilsonwilliam@example.com	2023-04-01	NULL	Active	Associate - Security	Associate	11	50780.62	3	Male	Caucasian	49
1288	Roy	Murray	emily72@example.com	2025-08-03	NULL	Active	Associate - IT Support	Associate	10	55416.58	5	Non-Binary	African American	22
1289	William	Pham	vthomas@example.net	06/30/2025	NULL	Active	Assistant Manager - Product	Assistant Manager	2	62927.19	4	Male	African American	45
1290	Roy	Dickerson	qgutierrez@example.net	2024-05-27	NULL	Active	Associate - Sales	Associate	8	72317.63	4	Other	African American	59
1291	Brittany	Burns	nathan72@example.net	2023-08-11	NULL	Active	Associate - People Operations	Associate	4	63900.22	2	Female	Asian	53
1292	Joanna	Smith	salazarjaime@example.com	2023-09-05	2024-09-13	Terminated	Associate - Engineering	Associate	1	50068.05	4	Female	Hispanic	32
1293	Erik	Reese	jameswilliams@example.net	2024-04-19	NULL	Active	Associate - People Operations	Associate	4	52802.29	1	Other	African American	46
1294	Clayton	Schultz	joshuamarsh@example.org	07/20/2022	NULL	Active	Supervisor/Lead - Customer Success	Supervisor/Lead	9	78687.62	4	Male	African American	22
1295	Bob	  Martinez	michaellamb@example.net	10/07/2022	NULL	Active	Associate - Quality Assurance	Associate	16	56743.53	5	Other	Two or More	28
1296	Larry	Gates	sabrina23@example.com	2025-07-14	NULL	Active	Associate - IT Support	Associate	10	64910.18	4	Male	African American	50
1297	Cindy	Martin	greendavid@example.com	2022-01-15	NULL	Active	Associate - Security	Associate	11	56407.56	4	Female	African American	28
1298	Mary	Franklin	justin36@example.net	2024-02-03	2025-03-17	Terminated	Associate - Sales	Associate	8	57135.71	3	Non-Binary	Hispanic	45
1299	Edward	Hayes	lawsonbonnie@example.org	2023-11-25	NULL	Active	Supervisor/Lead - Data Science	Supervisor/Lead	3	81258.47	3	Male	Asian	40
1300	John  	Gonzalez	estradabrandy@example.com	2025-12-07	NULL	Active	Associate - Finance	Associate	5	62298.83	NULL	Male	Two or More	40
1301	Brian	Stokes	alyssajackson@example.org	2023-11-20	NULL	Active	Associate - Customer Success	Associate	9	58504.62	4	Non-Binary	Hispanic	45
1302	Carolyn	Dixon	dannysmith@example.com	2021-08-02	NULL	Active	Associate - IT Support	Associate	10	56532.0	4	Other	Asian	31
1303	Timothy	Marshall	jacobmcdonald@example.com	04/12/2023	NULL	Active	Associate - IT Support	Associate	10	53541.32	4	Male	Two or More	48
1304	James	Davidson	barnettrebecca@example.org	2024-03-11	NULL	Active	Supervisor/Lead - People Operations	Supervisor/Lead	4	87931.63	3	Male	African American	47
1305	Lisa	Garza	dianaorr@example.org	2021-10-07	NULL	Active	Associate - Sales	Associate	8	63993.98	1	Non-Binary	Caucasian	43
1306	Ashley	Lawson	jstevens@example.net	2026-02-17	2026-04-14	Terminated	Associate - Marketing	Associate	7	71904.86	3	Female	Asian	55
1307	Ronald	Kennedy	hodgesdeborah@example.net	2024-10-12	NULL	Active	Associate - Customer Success	Associate	9	73695.78	4	Non-Binary	African American	51
1308	Brianna	Ortega	mahoneyjames@example.net	2022-07-14	NULL	Active	Associate - Customer Success	Associate	9	74584.87	5	Female	Hispanic	31
1309	Joseph	Baker	cunninghamrebecca@example.org	2026-01-24	NULL	Active	Associate - Supply Chain	Associate	12	71906.19	3	Non-Binary	Hispanic	39
1310	Jonathan	Krause	kalexander@example.net	2025-02-13	NULL	Active	Supervisor/Lead - Marketing	Supervisor/Lead	7	66918.79	4	Other	Asian	41
1311	Jessica	Bender	candicesharp@example.org	2025-05-19	NULL	Active	Associate - Supply Chain	Associate	12	57296.52	3	Non-Binary	Caucasian	37
1312	Deanna	Moore	mary88@example.com	2022-06-21	NULL	Active	Associate - Quality Assurance	Associate	16	74260.53	3	Non-Binary	Asian	42
1313	Matthew	Evans	bennettjennifer@example.net	2026-03-17	NULL	Active	Associate - Security	Associate	11	47477.65	3	Male	Two or More	37
1314	Desiree	Brown	courtneymckenzie@example.net	05/26/2024	NULL	Active	Associate - Data Science	Associate	3	73149.56	2	Female	Caucasian	25
1315	Michael	Sullivan	wperez@example.net	2021-11-13	NULL	Active	Assistant Manager - Product	Assistant Manager	2	84452.07	5	NULL	Two or More	49
1316	Yvette	Leonard	xmartin2@example.net	2022-01-10	NULL	Active	Associate - Finance	Associate	5	61408.8	3	Other	Hispanic	34
1317	Blake	Porter	milleralexander@example.org	2024-11-03	NULL	Active	Assistant Manager - Supply Chain	Assistant Manager	12	89787.18	1	Other	Caucasian	37
1318	Shawn	Collier	tylerfox@example.net	2023-07-14	NULL	Active	Executive Director - Marketing	Executive Director	7	178510.72	3	Male	Asian	41
1319	Scott	Mitchell	antoniocortez@example.net	2023-02-17	NULL	Active	Supervisor/Lead - Security	Supervisor/Lead	11	77478.64	4	Other	Asian	36
1320	Terri	Rosales	zayers@example.net	2025-11-15	NULL	Active	Associate - Engineering	Associate	1	50702.53	4	Female	African American	33
1321	Carlos	Powers	manderson@example.net	2021-12-23	NULL	Active	Associate - Internal Communications	Associate	15	58314.42	2	Male	Hispanic	44
1322	Kimberly	Curtis	ronald36@example.com	2022-12-06	NULL	Active	Associate - Legal	Associate	6	56815.61	3	Other	Caucasian	32
1323	Tyler	Castro	kimberlywilliams@example.net	2024-10-12	NULL	Active	Associate - Facilities	Associate	13	53288.1	5	NULL	African American	41
1324	Paul	Johnson	dadams@example.net	2023-11-13	NULL	Active	Associate - People Operations	Associate	4	73836.72	2	Male	Asian	34
1325	Scott	Patterson	LYANG@EXAMPLE.COM	2021-08-08	NULL	Active	Associate - Finance	Associate	5	44417.72	3	Other	African American	56
1326	Glenda	Burke	alexander86@example.com	2025-12-08	2026-02-10	Terminated	Associate - Internal Communications	Associate	15	56735.52	2	Female	Asian	38
1327	James	Maxwell	harriskimberly@example.net	2026-07-09	NULL	Active	Associate - Quality Assurance	Associate	16	47479.23	2	Male	NULL	30
1328	Christina	Pacheco	lauriemorrow@example.org	2023-03-10	NULL	Active	Associate - Corporate Strategy	Associate	14	43789.17	3	Other	Asian	46
1329	Daniel	Curtis	fgarcia@example.net	2025-06-23	NULL	Active	Supervisor/Lead - Finance	Supervisor/Lead	5	84501.58	5	Male	Asian	54
1330	Nathan	Williams	ydavidson@example.com	2022-11-10	2023-07-21	Terminated	Associate - IT Support	Associate	10	59056.39	1	Other	Asian	30
1331	Rita	Petersen	perezsamantha@example.com	2025-08-04	NULL	Active	Associate - Sales	Associate	8	67468.88	3	Other	Asian	40
1332	Kayla	Gonzales	hhunt@example.com	2024-01-09	NULL	Active	Associate - Facilities	Associate	13	48980.21	3	Female	Hispanic	32
1333	Jennifer	Shea	ross21@example.com	2025-01-25	NULL	Active	Associate - Data Science	Associate	3	57325.02	4	Non-Binary	Hispanic	50
1334	Holly	Jones	dianeadams@example.net	2021-07-27	2021-12-25	Terminated	Associate - Marketing	Associate	7	53902.52	5	Other	Caucasian	44
1335	Rebecca	Farmer	shellyortiz@example.com	2022-11-01	NULL	Active	Associate - Customer Success	Associate	9	74379.27	3	Other	Hispanic	43
1336	Tony	Hammond	iwarner@example.org	11/06/2022	NULL	Active	Associate - Security	Associate	11	41750.68	4	Other	Hispanic	49
1337	Susan	Hill	lstewart@example.net	2026-01-21	NULL	Active	Associate - Marketing	Associate	7	47713.2	NULL	Female	Asian	43
1338	Lori	Obrien	joybutler@example.net	2026-01-01	NULL	Active	Associate - Engineering	Associate	1	57189.46	2	Other	Asian	31
1339	Brittany	Rose	hward@example.net	2022-05-09	NULL	Active	Associate - People Operations	Associate	4	51077.92	3	Non-Binary	Two or More	52
1340	Leslie	Savage	nathan10@example.com	2024-06-02	NULL	Active	Associate - Quality Assurance	Associate	16	49005.35	NULL	Female	Hispanic	42
1341	Joseph	Jones	ohill@example.net	2022-07-15	NULL	Active	Associate - Security	Associate	11	63967.45	3	Non-Binary	African American	43
1342	Andrew	Foley	fwilliamson@example.org	2026-04-29	NULL	Active	Supervisor/Lead - Internal Communications	Supervisor/Lead	15	56433.17	3	Other	Caucasian	50
1343	Clifford	Juarez	justin52@example.com	2026-02-13	NULL	Active	Associate - Engineering	Associate	1	40723.34	3	Non-Binary	Two or More	52
1344	Steven	Smith	qoconnell@example.org	2024-10-29	NULL	Active	Associate - Finance	Associate	5	62131.38	3	Non-Binary	Two or More	21
1345	Rebecca	Hill	jerrystrickland@example.net	2026-05-06	NULL	Active	Associate - Sales	Associate	8	54123.24	3	Other	NULL	31
1346	Brett	Payne	brianhouston@example.com	2022-01-28	NULL	Active	Associate - Marketing	Associate	7	59401.84	5	Other	Hispanic	49
1347	Tony	White	biancashaw@example.org	2025-04-04	NULL	Active	Supervisor/Lead - People Operations	Supervisor/Lead	4	82081.33	5	Male	Two or More	45
1348	 Amber 	Valencia	simskevin@example.org	2024-09-30	NULL	Active	Associate - Marketing	Associate	7	63566.25	5	Non-Binary	African American	43
1349	Scott	Wise	jessicabrown2@example.com	2024-10-03	NULL	Active	Associate - Sales	Associate	8	44199.22	2	Non-Binary	Two or More	40
1350	Jay	Patterson	monica22@example.net	2023-06-06	NULL	Active	Associate - Security	Associate	11	67338.33	3	Male	Hispanic	37
1351	Nicholas	Diaz	kingthomas@example.org	2021-11-05	NULL	Active	Associate - People Operations	Associate	4	71157.06	4	Male	African American	39
1352	Jeffrey	Hill	sdiaz@example.net	2023-04-25	NULL	Active	Associate - Customer Success	Associate	9	69474.42	3	Non-Binary	Two or More	42
1353	Lisa	Howard	kleinrobert@example.org	2024-07-17	NULL	Active	Associate - Engineering	Associate	1	66665.34	3	Female	Two or More	36
1354	Phyllis	  Barnes  	whiteangela@example.org	2025-03-30	NULL	Active	Associate - Data Science	Associate	3	44153.49	3	Female	Two or More	55
1355	Susan	Vaughn	zlindsey@example.org	2025-04-24	NULL	Active	Associate - Finance	Associate	5	45813.35	2	Female	Two or More	42
1356	Ashley	Quinn	fpatel@example.com	2026-02-27	NULL	Active	Associate - Product	Associate	2	57623.79	2	Female	Hispanic	37
1357	Omar	Allen	ROLLINSHEATHER@EXAMPLE.ORG	2022-01-10	2026-04-06	Terminated	Manager - People Operations	Manager	4	109485.2	2	Male	Caucasian	51
1358	Brett	Martin	stephanietaylor@example.org	2022-06-10	NULL	Active	Associate - Product	Associate	2	69509.17	4	Male	Hispanic	37
1359	Jennifer	Thompson	fowleramy@example.com	2025-04-04	NULL	Active	Associate - Data Science	Associate	3	48242.32	2	Female	Two or More	35
1360	Craig	Smith	amber00@example.net	2025-01-07	NULL	Active	Manager - Internal Communications	Manager	15	95496.28	3	Non-Binary	African American	39
1361	John	Garcia	matthewchristian@example.org	2026-02-18	2026-06-11	Terminated	Associate - Finance	Associate	5	40116.88	3	Male	Caucasian	55
1362	Jared	Cox	robert42@example.net	2025-03-03	NULL	Active	Associate - Customer Success	Associate	9	53755.19	4	Male	Asian	30
1363	Vicki	Hughes	harveyvanessa@example.net	2025-09-09	NULL	Active	Supervisor/Lead - Legal	Supervisor/Lead	6	76746.44	3	Other	African American	39
1364	Nicholas	Cook	brandywalker@example.org	2024-03-25	NULL	Active	Associate - Facilities	Associate	13	67599.06	5	Other	Hispanic	33
1365	Julie	Schmidt	joanne05@example.com	2022-03-13	NULL	Active	Supervisor/Lead - People Operations	Supervisor/Lead	4	82354.98	4	Other	African American	44
1366	Nathan	Johnson	dturner@example.org	2024-08-07	NULL	Active	Associate - Security	Associate	11	65485.33	3	Non-Binary	African American	48
1367	David	Flores	gerald17@example.org	2025-02-20	NULL	Active	Associate - People Operations	Associate	4	44120.26	2	Other	African American	25
1368	Kenneth	WELLS	charles09@example.org	2021-10-23	NULL	Active	Associate - Internal Communications	Associate	15	50229.81	3	Other	Caucasian	40
1369	Ashley	Kent	michelleperry@example.org	2025-02-06	NULL	Active	Associate - IT Support	Associate	10	43319.59	5	Non-Binary	Asian	54
1370	Ryan	Diaz	avelez@example.org	2021-07-12	NULL	Active	Associate - Internal Communications	Associate	15	72006.83	5	Male	Asian	47
1371	Jeffrey	Jones	kristenlopez@example.com	08/08/2025	NULL	Active	Associate - People Operations	Associate	4	55707.38	3	Male	Asian	29
1372	Kevin	James	justinstephens@example.net	2025-03-22	NULL	Active	Associate - Engineering	Associate	1	58298.53	2	Other	African American	34
1373	Derek	SNYDER	jenkinshoward@example.com	2024-06-12	NULL	Active	Supervisor/Lead - IT Support	Supervisor/Lead	10	77573.42	3	Male	Two or More	32
1374	David	Smith	lanechristina@example.org	2021-10-18	NULL	Active	Associate - Supply Chain	Associate	12	60042.17	2	Other	African American	29
1375	Jeremy	Mays	philipjohnson@example.com	2023-05-23	NULL	Active	Associate - Data Science	Associate	3	40415.54	2	Non-Binary	African American	56
1376	Dylan	Wiley	idaniels@example.net	2025-01-28	NULL	Active	Domain Director - Engineering	Domain Director	1	148116.54	3	Non-Binary	NULL	44
1377	Catherine	Harrison	millerchristopher@example.com	2021-07-24	NULL	Active	Associate - Product	Associate	2	52387.17	5	Non-Binary	African American	32
1378	Brent	Cortez	kleonard@example.com	2021-08-19	NULL	Active	Associate - Finance	Associate	5	48717.91	3	Male	Hispanic	23
1379	Patricia	Hill	combsmichael@example.org	2022-01-09	NULL	Active	Associate - People Operations	Associate	4	55015.79	5	Other	Asian	25
1380	Brianna  	Webster	batesjeff@example.com	2024-07-08	NULL	Active	Associate - Marketing	Associate	7	60326.47	5	Other	African American	43
1381	Robert	Murray	watkinsronald@example.org	2025-11-30	06/01/2026	Terminated	Associate - Facilities	Associate	13	56837.88	5	Male	African American	26
1382	Misty	Smith	alee@example.com	2021-08-23	NULL	Active	Associate - Engineering	Associate	1	40107.4	3	Other	Two or More	39
1383	Kevin	Smith	melissa21@example.net	2026-01-12	NULL	Active	Associate - Security	Associate	11	58143.36	4	Male	Two or More	58
1384	Brooke	Allen	natalierosales@example.org	2026-02-19	NULL	Active	Associate - Customer Success	Associate	9	57711.85	5	Non-Binary	Asian	44
1385	Claudia	Wolfe	collin80@example.net	2024-05-12	NULL	Active	Associate - Sales	Associate	8	73047.48	3	Female	Two or More	30
1386	Crystal	Rodriguez	chavezvictor@example.net	2025-08-10	NULL	Active	Supervisor/Lead - Corporate Strategy	Supervisor/Lead	14	63944.12	3	Other	Asian	25
1387	Patricia	Jones	christopher66@example.net	2025-02-25	2025-09-14	Terminated	Associate - Legal	Associate	6	44260.22	5	Female	Two or More	31
1388	Colin	Lam	ztrujillo@example.com	2025-11-16	NULL	Active	Associate - Facilities	Associate	13	55814.29	5	Male	Two or More	43
1389	Arthur	Martin	walkercourtney@example.org	2023-11-30	NULL	Active	Associate - Marketing	Associate	7	53591.08	2	Male	African American	23
1390	Valerie	Thomas	belldavid@example.net	2025-12-30	NULL	Active	Associate - Customer Success	Associate	9	NULL	2	Female	Two or More	33
1391	Joshua	Tucker	nwashington@example.com	2026-01-26	NULL	Active	Associate - Security	Associate	11	48850.34	2	Male	Caucasian	35
1392	Erin	Reyes	tanyaowens@example.net	2026-04-19	NULL	Active	Associate - Product	Associate	2	56670.63	4	Female	Two or More	50
1393	Andrew	Roth	phill@example.net	2024-12-23	NULL	Active	Manager - IT Support	Manager	10	79673.71	4	Male	Asian	55
1394	Dawn	Thompson	dawn66@example.net	2022-06-20	NULL	Active	Associate - Product	Associate	2	60419.5	3	Other	Caucasian	37
1395	Steven	Evans	myersjillian@example.net	2022-04-01	NULL	Active	Supervisor/Lead - Facilities	Supervisor/Lead	13	60613.41	3	Male	Asian	42
1396	Benjamin	Morgan	hollandkristin@example.org	2022-01-06	NULL	Active	Associate - IT Support	Associate	10	41567.04	4	Male	Two or More	54
1397	Kristin	Best	fryebradley@example.net	2025-08-18	NULL	Active	Associate - IT Support	Associate	10	55260.65	3	Female	Asian	38
1398	Jessica	Patrick	catherinemccann@example.com	2024-11-26	NULL	Active	Supervisor/Lead - Corporate Strategy	Supervisor/Lead	14	83372.45	5	Female	Two or More	47
1399	Jessica	Walker	emiller@example.com	2023-07-09	NULL	Active	Assistant Manager - Product	Assistant Manager	2	76076.98	3	Female	African American	53
1400	Rachel	Curry	robyn79@example.com	2022-03-17	NULL	Active	Supervisor/Lead - Customer Success	Supervisor/Lead	9	66150.01	2	Non-Binary	Two or More	49
1401	Amy	Robinson	jeffrey53@example.org	2021-12-28	NULL	Active	Associate - Customer Success	Associate	9	56608.9	3	Female	African American	30
1402	Nancy	Garrison	johnny78@example.org	2024-02-25	NULL	Active	Associate - Corporate Strategy	Associate	14	40509.66	4	Female	Asian	37
1403	Nicole	Gonzales	teresajacobson@example.net	2025-12-14	NULL	Active	Supervisor/Lead - Data Science	Supervisor/Lead	3	63645.37	NULL	Female	Two or More	50
1404	Jeffrey	Ruiz	moorelindsey@example.org	2025-08-15	NULL	Active	Associate - Product	Associate	2	55183.53	3	Male	Hispanic	45
1405	Elizabeth	Robinson	dennislopez@example.org	2025-10-19	NULL	Active	Associate - Customer Success	Associate	9	50533.15	4	Female	Asian	42
1406	John	Carr	hickmanbrandi@example.net	2022-02-03	2025-04-04	Terminated	Associate - Internal Communications	Associate	15	52203.21	1	Other	Hispanic	41
1407	Jon	Orozco	scottwashington@example.com	2023-12-19	NULL	Active	Associate - Data Science	Associate	3	56520.5	2	NULL	Asian	45
1408	Raymond	Benson	lmendez@example.org	2022-03-09	NULL	Active	Supervisor/Lead - Engineering	Supervisor/Lead	1	56747.95	3	Male	African American	38
1409	Joshua	Wright	hector72@example.com	2025-07-26	NULL	Active	Supervisor/Lead - People Operations	Supervisor/Lead	4	57111.37	4	Non-Binary	Two or More	43
1410	Jennifer	Patel	brucebeck@example.net	2025-03-29	NULL	Active	Associate - Sales	Associate	8	43416.27	3	Female	Two or More	38
1411	Brent	Medina  	kaylee76@example.com	2023-10-13	NULL	Active	Associate - Supply Chain	Associate	12	41768.17	3	Male	Asian	59
1412	Yvonne	Acosta	bowmandaniel@example.net	2026-05-10	NULL	Active	Associate - People Operations	Associate	4	42295.06	3	Female	Caucasian	52
1413	Joseph	Torres	stewartjason@example.net	2023-09-02	NULL	Active	Associate - People Operations	Associate	4	43378.36	3	Non-Binary	African American	40
1414	Curtis	Oliver	brandy92@example.net	2024-01-20	NULL	Active	Manager - Product	Manager	2	82602.82	3	Male	Asian	27
1415	Jeremy	Price	brownchristina@example.org	2022-10-31	NULL	Active	Supervisor/Lead - Engineering	Supervisor/Lead	1	81396.5	5	Other	African American	45
1416	Crystal	Casey	michaelrobbins@example.net	2021-11-20	NULL	Active	Associate - Product	Associate	2	41779.28	3	Female	Caucasian	21
1417	Tiffany	Moore	dianaramos@example.net	2022-07-24	2023-04-09	Terminated	Associate - Finance	Associate	5	61768.84	3	Female	Hispanic	46
1418	Nancy	Shaw	nguyentammy@example.com	2025-03-22	NULL	Active	Associate - Corporate Strategy	Associate	14	52807.78	3	Female	Caucasian	44
1419	Benjamin	Huynh	williamscindy@example.com	2024-11-05	NULL	Active	Associate - IT Support	Associate	10	46498.67	2	Male	Asian	39
1420	Monica	English	vanessawolfe@example.org	2024-07-03	NULL	Active	Associate - Engineering	Associate	1	55340.75	3	Other	African American	34
1421	Mitchell	Wallace	halljennifer@example.net	2023-11-01	NULL	Active	Associate - Data Science	Associate	3	46710.63	3	Non-Binary	Two or More	54
1422	Julie	Williams	jenniferriley@example.net	2026-02-28	NULL	Active	Supervisor/Lead - Product	Supervisor/Lead	2	85622.62	4	NULL	African American	46
1423	Daniel	Kelly	rjohnson@example.com	2025-09-06	NULL	Active	Associate - Corporate Strategy	Associate	14	44585.53	4	Male	Hispanic	31
1424	Edgar	Campbell	kelly28@example.net	2023-03-16	2025-02-21	Terminated	Supervisor/Lead - Legal	Supervisor/Lead	6	63317.55	2	Other	Two or More	26
1425	Sean	Rivera	stewartjennifer@example.org	2023-01-23	NULL	Active	Supervisor/Lead - Internal Communications	Supervisor/Lead	15	75091.3	5	Male	Two or More	52
1426	Thomas	Greene	mcmahongary@example.net	2025-01-23	NULL	Active	Supervisor/Lead - Security	Supervisor/Lead	11	79289.5	4	NULL	African American	40
1427	Zachary	Koch	wdavis@example.net	2023-09-26	NULL	Active	Associate - Sales	Associate	8	71718.13	3	Male	Hispanic	30
1428	Douglas	Hanson	jonesshawn@example.org	2024-12-19	2025-08-23	Terminated	Associate - Sales	Associate	8	45315.35	5	Male	Two or More	33
1429	William	Padilla	karen24@example.org	2026-01-14	NULL	Active	Associate - Customer Success	Associate	9	60922.47	5	Male	Asian	38
1430	Megan	Carter	johnritter@example.com	2023-12-26	NULL	Active	Associate - Data Science	Associate	3	50446.58	4	Female	Asian	42
1431	Tina	Green	larrycurtis@example.net	2022-08-01	NULL	Active	Associate - Sales	Associate	8	70436.77	3	Female	Caucasian	33
1432	Brian	Johnson	driddle@example.org	2024-11-02	NULL	Active	Supervisor/Lead - Sales	Supervisor/Lead	8	75890.04	4	Male	Asian	38
1433	Peter	Haynes	zhubbard@example.com	2024-11-05	NULL	Active	Assistant Manager - Supply Chain	Assistant Manager	12	87702.54	5	Male	Hispanic	53
1434	Greg	Montgomery	shane99@example.org	2022-01-01	NULL	Active	Associate - Internal Communications	Associate	15	72262.6	4	Non-Binary	Two or More	61
1435	Jessica	Hansen	nicolenelson@example.com	2026-06-17	2026-07-17	Terminated	Associate - Marketing	Associate	7	52503.65	3	Other	African American	NULL
1436	Adam	Harrington	ibrown@example.net	2023-01-28	NULL	Active	Associate - Quality Assurance	Associate	16	63115.69	NULL	NULL	Asian	55
1437	Shelley	Dickerson	zhoward@example.com	2026-01-30	NULL	Active	Associate - IT Support	Associate	10	72195.46	4	Other	African American	58
1438	Amber	Garcia	michelle57@example.com	2023-10-09	NULL	Active	Associate - Security	Associate	11	46219.9	1	Other	Asian	43
1439	Carol	Herrera	samuelbarber@example.com	2024-11-19	NULL	Active	Associate - Marketing	Associate	7	44752.47	2	Non-Binary	Caucasian	45
1440	Latoya	Marshall	tammy38@example.com	2023-12-08	2026-03-11	Terminated	Assistant Manager - Engineering	Assistant Manager	1	94341.29	2	Female	Two or More	30
1441	Kristina	Mitchell	qclarke@example.org	2022-09-12	NULL	Active	Associate - IT Support	Associate	10	63210.16	NULL	Female	Asian	47
1442	Carol	Clark	latasharoberts@example.com	2025-04-20	NULL	Active	Supervisor/Lead - Facilities	Supervisor/Lead	13	75700.55	4	Non-Binary	Hispanic	26
1443	April	Hines	pattersonzachary@example.org	2022-05-26	NULL	Active	Associate - Customer Success	Associate	9	67128.69	3	Other	Asian	37
1444	Brianna	Barr	jsmith@example.com	2025-08-31	NULL	Active	Associate - Internal Communications	Associate	15	62357.68	3	Female	African American	44
1445	Michael	Cain	maciassheila@example.com	2023-05-25	NULL	Active	Supervisor/Lead - Internal Communications	Supervisor/Lead	15	66559.9	2	Male	Asian	36
1446	Christopher	Woods	scottweaver@example.org	2026-01-15	NULL	Active	ASSOCIATE - FINANCE	Associate	5	NULL	3	Male	African American	32
1447	Michael	Blevins  	martha55@example.com	2023-10-26	NULL	Active	Associate - Quality Assurance	Associate	16	45929.05	2	Non-Binary	Two or More	28
1448	Kevin	Howard	loriroberts@example.org	2021-12-24	NULL	Active	Associate - Product	Associate	2	55395.73	2	Non-Binary	African American	42
1449	Nicholas	Hutchinson	xlamb@example.org	2026-03-26	NULL	Active	Associate - Internal Communications	Associate	15	74812.12	NULL	Male	Asian	38
1450	Amanda	Morales	stephanie60@example.org	2023-06-06	NULL	Active	ASSOCIATE - FINANCE	Associate	5	51722.21	3	Non-Binary	Two or More	48
1451	Angela	Fry	isaac07@example.com	2024-03-07	NULL	Active	Supervisor/Lead - Customer Success	Supervisor/Lead	9	82492.21	5	Female	Hispanic	28
1452	Jose	Hamilton	lsmith@example.net	2022-01-15	NULL	Active	Associate - Supply Chain	Associate	12	60328.47	4	Male	Caucasian	41
1453	Joy	Reed	gregorygillespie@example.com	2026-02-08	NULL	Active	Manager - Corporate Strategy	Manager	14	97583.49	4	Female	Asian	29
1454	Kurt	Morrison	jmarquez@example.com	2026-04-19	NULL	Active	Associate - Customer Success	Associate	9	59765.63	3	Other	Hispanic	41
1455	Jessica	Warner	dbenton@example.org	2024-02-04	NULL	Active	Manager - Security	Manager	11	70386.46	3	Female	Two or More	35
1456	John	Elliott	stevecox@example.org	2022-05-31	NULL	Active	Associate - Sales	Associate	8	59517.7	NULL	Male	African American	NULL
1457	Ernest	Hamilton	ipeters@example.org	2023-02-05	NULL	Active	Assistant Manager - Product	Assistant Manager	2	85402.41	2	Non-Binary	African American	22
1458	Joseph	Mcclure	karennielsen@example.com	2022-09-29	NULL	Active	Associate - Internal Communications	Associate	15	42862.34	5	Male	Caucasian	49
1459	Anne	Butler	ebanks@example.org	2025-11-05	NULL	Active	Associate - Engineering	Associate	1	53854.52	4	NULL	Caucasian	49
1460	Sara	Ruiz	jasonkoch@example.net	2025-12-27	2026-07-20	Terminated	Supervisor/Lead - Security	Supervisor/Lead	11	67021.52	4	Female	Caucasian	46
1461	Jeffrey	Porter	jamessmith@example.org	2022-07-07	NULL	Active	Associate - Supply Chain	Associate	12	50983.85	4	Male	Asian	38
1462	Kelly	Mcgrath	wmitchell@example.net	2024-11-27	NULL	Active	Supervisor/Lead - Corporate Strategy	Supervisor/Lead	14	86882.89	4	Female	Two or More	42
1463	Thomas	Davis	reesestacey@example.com	2022-12-08	NULL	Active	Associate - Corporate Strategy	Associate	14	61461.05	3	Male	Asian	43
1464	Michael	Griffin	ahess@example.org	2025-12-01	NULL	Active	Associate - Marketing	Associate	7	54446.99	4	Other	Two or More	52
1465	Kenneth	Williams	riverapamela@example.org	2024-01-15	NULL	Active	Associate - People Operations	Associate	4	69448.09	2	Male	Hispanic	51
1466	Melissa	Wagner	ihenderson@example.org	2023-01-30	NULL	Active	Supervisor/Lead - Product	Supervisor/Lead	2	56874.64	3	Female	African American	35
1467	Cody	Ramos	ghoward@example.org	2023-01-21	NULL	Active	Associate - Legal	Associate	6	60022.63	2	NULL	Asian	56
1468	Dana	Wise	wongrebecca@example.org	2022-04-03	NULL	Active	Associate - Product	Associate	2	66876.43	2	Female	Asian	46
1469	Keith	Holt	kristinamartin@example.com	2021-12-13	NULL	Active	Supervisor/Lead - Quality Assurance	Supervisor/Lead	16	75480.62	3	Other	Two or More	45
1470	Felicia	Ball	thomas16@example.net	2022-01-31	NULL	Active	Associate - Quality Assurance	Associate	16	42947.22	3	Other	Hispanic	39
1471	Samantha	Smith	rhinton@example.com	2025-02-12	NULL	Active	Associate - Legal	Associate	6	43458.38	1	Non-Binary	NULL	41
1472	David	Thompson	reginabaker@example.org	2025-01-05	NULL	Active	Associate - Marketing	Associate	7	62161.91	5	Male	Hispanic	48
1473	Shannon	Gregory	jhanna@example.org	2023-06-27	NULL	Active	Associate - People Operations	Associate	4	59136.1	4	Female	Asian	60
1474	Lisa	Smith	guerraterri@example.org	2023-02-03	NULL	Active	Associate - Data Science	Associate	3	49505.85	4	Female	Two or More	NULL
1475	Dawn	Morse	ronald20@example.com	2022-09-26	NULL	Active	Associate - Finance	Associate	5	57554.27	4	Other	African American	51
1476	Derek	Cook	harttiffany@example.net	2024-11-04	NULL	Active	Associate - People Operations	Associate	4	57526.02	4	Male	African American	38
1477	Jon	Morton	whitegeorge@example.org	2022-04-22	2022-12-20	Terminated	Associate - Facilities	Associate	13	62717.82	4	Non-Binary	Asian	38
1478	Lori	Pearson	leah56@example.org	2024-05-01	NULL	Active	Associate - IT Support	Associate	10	51539.25	4	Non-Binary	Caucasian	28
1479	Benjamin	Lawrence	carloslopez@example.com	2025-12-23	NULL	Active	Associate - Security	Associate	11	66292.78	5	Male	Hispanic	60
1480	Rebecca	Mcclain	sarahjohnson@example.com	2023-10-03	2026-03-05	Terminated	Associate - Internal Communications	Associate	15	46981.67	4	Female	Asian	56
1481	Barbara	Phillips	davisjonathan@example.com	2023-11-01	2024-08-31	Terminated	Associate - IT Support	Associate	10	40027.15	3	Female	Hispanic	66
1482	Benjamin	Stephens	james39@example.com	2024-04-13	NULL	Active	Associate - Security	Associate	11	74561.34	2	Other	Caucasian	47
1483	Dana	Olson	andersonrobert@example.net	2024-06-21	NULL	Active	Associate - Quality Assurance	Associate	16	70721.7	4	Other	Caucasian	26
1484	Melissa	Nelson	ganderson@example.net	2026-06-29	NULL	Active	Associate - IT Support	Associate	10	60845.96	1	Female	Two or More	37
1485	Jessica	Hodge	kimberlyherrera@example.org	2023-11-28	NULL	Active	Associate - Legal	Associate	6	43803.71	3	Non-Binary	African American	42
1486	Brian	Lewis	hayescindy@example.org	2025-10-07	NULL	Active	Supervisor/Lead - Facilities	Supervisor/Lead	13	58328.49	2	NULL	Asian	24
1487	Christopher	Williams	guzmanjessica@example.com	2022-08-21	NULL	Active	Associate - IT Support	Associate	10	68146.64	4	Non-Binary	Two or More	52
1488	Shelia	Perry	ernesthumphrey@example.org	07/03/2022	2024-03-26	Terminated	Supervisor/Lead - IT Support	Supervisor/Lead	10	55151.83	5	Other	Two or More	25
1489	Anna	Ruiz	fwheeler@example.org	2021-12-22	NULL	Active	Associate - Marketing	Associate	7	58333.82	2	Other	Asian	47
1490	Christopher	Heath	johnstonashley@example.com	2024-05-17	NULL	Active	Associate - IT Support	Associate	10	51859.66	3	Other	Two or More	42
1491	Jennifer	Dennis	ericjennings@example.org	2024-10-13	NULL	Active	Associate - Security	Associate	11	45771.46	3	Female	Caucasian	39
1492	Eric	Garcia	lewismichael@example.com	2024-10-22	NULL	Active	Associate - Marketing	Associate	7	49957.2	3	Male	Caucasian	47
1493	Sydney	Lawson	christinebarnett@example.org	2025-12-07	NULL	Active	Associate - Product	Associate	2	59117.67	3	Other	Hispanic	47
1843	Joshua	Thomas	kenneth80@example.org	2026-04-17	NULL	Active	Associate - Legal	Associate	6	40073.48	3	Male	African American	52
1494	Evan	Sullivan	cynthiacarrillo@example.com	2024-07-10	NULL	Active	Associate - Sales	Associate	8	43205.87	4	Other	Caucasian	25
1495	Megan	Allen	joanmcconnell@example.com	2022-06-16	2025-12-25	Terminated	Supervisor/Lead - Facilities	Supervisor/Lead	13	70763.56	4	Female	Hispanic	32
1496	James	Avila	gjones@example.org	2026-03-08	NULL	Active	Associate - Engineering	Associate	1	52831.78	2	Male	Two or More	33
1497	Joann	Williams	xwilson@example.net	2022-02-27	NULL	Active	Associate - Engineering	Associate	1	49784.11	5	Female	African American	42
1498	Samuel	Perez	zhowell@example.net	2026-02-19	2026-04-20	Active	Associate - Marketing	Associate	7	43135.43	NULL	Male	Two or More	37
1499	Emily	Murphy	alvin68@example.net	2022-06-14	2024-08-10	Terminated	Associate - Sales	Associate	8	48177.08	3	Non-Binary	Two or More	29
1500	Paula	Gonzalez	faulknerdavid@example.net	2022-07-11	NULL	Active	Associate - Engineering	Associate	1	46774.87	4	Female	African American	28
1501	Patty	Morgan	mariacisneros@example.org	2022-07-19	NULL	Active	Supervisor/Lead - Quality Assurance	Supervisor/Lead	16	60328.05	1	Female	Asian	43
1502	Stephen	Harris	mpayne@example.org	2025-03-15	NULL	Active	Associate - Data Science	Associate	3	45842.52	3	Male	Caucasian	45
1503	Christopher	Hanson	millerdaniel@example.net	2024-03-27	NULL	Active	Associate - Supply Chain	Associate	12	59226.26	3	Male	Hispanic	44
1504	Brandon	Harris	qhopkins@example.net	2023-10-04	NULL	Active	Manager - Product	Manager	2	74056.28	2	Male	Asian	36
1505	Edward	Reyes	sarah51@example.net	2022-08-12	NULL	Active	Associate - Finance	Associate	5	66310.6	3	Male	Caucasian	26
1506	Rebecca	Jarvis	olsonjillian@example.com	2021-08-16	2026-02-21	Terminated	Supervisor/Lead - Finance	Supervisor/Lead	5	70100.95	5	Female	Asian	33
1507	James	Hicks	jeffreyjohnson@example.com	2026-06-30	NULL	Active	Associate - Corporate Strategy	Associate	14	45734.06	4	Other	Two or More	44
1508	Dominique	Edwards	millerapril@example.org	2023-09-23	NULL	Active	Associate - Security	Associate	11	70900.7	4	Other	Asian	34
1509	  Karen  	Cole	angela70@example.net	2022-01-01	NULL	Active	Associate - Marketing	Associate	7	69587.61	3	Female	Caucasian	48
1510	Andrew	Combs	mike81@example.com	07/25/2023	NULL	Active	Associate - Legal	Associate	6	68915.75	3	Other	Hispanic	35
1511	Jason	Chan	katrina74@example.com	2026-02-11	NULL	Active	Associate - Facilities	Associate	13	67754.23	4	Male	African American	49
1512	Donald	Riley	timothymendez@example.com	2023-05-28	NULL	Active	Assistant Manager - Security	Assistant Manager	11	74709.86	4	Male	Hispanic	58
1513	Matthew	Frey	cmcgrath@example.com	2023-05-21	NULL	Active	Associate - Supply Chain	Associate	12	73220.09	4	Male	African American	35
1514	Neil	Hicks	tricia48@example.org	2021-11-19	NULL	Active	Associate - Legal	Associate	6	67968.6	1	Other	Two or More	29
1515	William	Castillo	ytownsend@example.org	2022-10-26	NULL	Active	Associate - Corporate Strategy	Associate	14	68678.86	4	Non-Binary	Two or More	23
1516	Christopher	Franco	jonathanwright@example.net	2022-04-11	NULL	Active	Associate - Sales	Associate	8	60282.45	2	Other	Two or More	41
1517	Frank	Edwards	acruz@example.org	2022-08-02	NULL	Active	Supervisor/Lead - Quality Assurance	Supervisor/Lead	16	62136.25	1	Other	Caucasian	24
1518	Marcus	Larsen	gary93@example.net	2025-06-15	2025-12-29	Terminated	Associate - Marketing	Associate	7	45756.53	4	Male	African American	30
1519	Barbara	Massey	beth80@example.net	2025-09-09	NULL	Active	Associate - Finance	Associate	5	64464.34	4	Female	Asian	NULL
1520	Brandon	Dixon	vroberts@example.org	2025-12-10	2026-02-13	Terminated	Associate - Product	Associate	2	40107.09	1	Other	Caucasian	37
1521	Lauren	Ramirez	villarrealsarah@example.org	2021-07-17	NULL	Active	Associate - Data Science	Associate	3	50837.23	5	Female	Caucasian	31
1522	Jennifer	Young	paulfields@example.net	2021-07-31	NULL	Active	Associate - Legal	Associate	6	74356.63	2	NULL	Caucasian	54
1523	Sharon	Bradley	paulajackson@example.org	2025-03-04	NULL	Active	Associate - Customer Success	Associate	9	51533.4	4	Non-Binary	Two or More	61
1524	Rebecca	Lopez	morrismary@example.com	2024-10-08	NULL	Active	Supervisor/Lead - Supply Chain	Supervisor/Lead	12	66640.6	5	Non-Binary	Asian	34
1525	Kimberly	Harris	graveschad@example.com	2025-08-30	NULL	Active	Associate - Engineering	Associate	1	46635.94	3	Other	Asian	44
1526	Maria	Fischer	seth69@example.net	2022-05-31	NULL	Active	Associate - Facilities	Associate	13	66541.46	4	Female	Caucasian	36
1527	Erin	Hunt	patriciastewart@example.org	2021-07-24	NULL	Active	Manager - Customer Success	Manager	9	86314.88	4	Other	African American	21
1528	Tyrone	Lopez	tanyamorgan@example.com	2022-01-23	NULL	Active	Associate - Product	Associate	2	73967.21	3	Male	African American	47
1529	Christopher	Washington	sethcole@example.com	2023-06-17	NULL	Active	Supervisor/Lead - Customer Success	Supervisor/Lead	9	87593.22	3	Male	Two or More	40
1530	Mark	Anderson	heatherdavis@example.net	2022-09-04	2024-06-11	Terminated	Associate - Corporate Strategy	Associate	14	65676.59	3	NULL	African American	26
1531	Zachary	Carter	joseph242@example.com	2025-01-23	NULL	Active	Associate - People Operations	Associate	4	67253.55	4	Other	Caucasian	62
1532	Karen	Griffin	tammy86@example.net	2023-07-05	NULL	Active	Associate - IT Support	Associate	10	52566.72	1	Female	Asian	34
1533	Timothy	Alvarez	derek97@example.com	2022-03-29	NULL	Active	Associate - Sales	Associate	8	65917.39	5	Non-Binary	Two or More	33
1534	Robert	Thompson	frankwilliamson@example.com	2022-11-07	2026-01-03	Terminated	Associate - Security	Associate	11	63395.28	3	Male	Hispanic	36
1535	Richard	Barry	lbennett@example.net	2025-05-15	NULL	Active	Associate - Engineering	Associate	1	63747.21	5	NULL	Hispanic	21
1536	Todd	Clark	lori31@example.org	2023-07-06	NULL	Active	Associate - Security	Associate	11	43814.52	5	Other	Asian	34
1537	Megan	Bryan	espinozacheryl@example.com	2023-04-30	NULL	Active	Associate - IT Support	Associate	10	40228.34	3	Female	African American	31
1538	Kenneth	Brewer	victorbarrett@example.com	2021-08-05	2024-11-19	Terminated	Associate - Security	Associate	11	47855.82	4	Male	Asian	49
1539	Joseph	Jackson	hoodjames@example.com	2024-06-22	NULL	Active	Supervisor/Lead - Data Science	Supervisor/Lead	3	64073.61	5	Other	Two or More	42
1540	Troy	Harris	youngstacy@example.com	2025-07-18	NULL	Active	Associate - Data Science	Associate	3	61719.83	3	Non-Binary	Hispanic	35
1541	Latoya	Welch	heather24@example.com	2022-12-04	2023-12-20	Terminated	Associate - Marketing	Associate	7	46838.91	5	Female	Two or More	44
1542	Cody	Brown	htorres@example.net	2024-11-22	2025-12-24	Terminated	Associate - Product	Associate	2	72887.99	2	Male	Asian	41
1543	James	Lee	hamiltondonald@example.org	2022-08-05	NULL	Active	Associate - Facilities	Associate	13	56182.86	NULL	Non-Binary	Two or More	38
1544	Jose	Johnson	patricia89@example.org	2023-01-03	NULL	Active	Supervisor/Lead - Security	Supervisor/Lead	11	82635.13	4	Non-Binary	African American	52
1545	Kevin	Craig	robert30@example.com	2024-10-20	NULL	Active	Associate - People Operations	Associate	4	70277.36	1	Male	Hispanic	36
1546	Todd	Blackwell	fgriffith@example.org	2026-03-08	NULL	Active	Associate - Corporate Strategy	Associate	14	53454.19	3	Other	Two or More	41
1547	Jordan	Smith	VBREWER@EXAMPLE.COM	2023-09-14	NULL	Active	Associate - Sales	Associate	8	68873.78	3	Male	Hispanic	42
1548	Valerie	Valdez	uwatson@example.com	2024-07-09	NULL	Active	Domain Director - Facilities	Domain Director	13	166559.45	3	Female	Hispanic	57
1549	Timothy	Brown	brian28@example.net	2026-02-17	NULL	Active	Supervisor/Lead - Supply Chain	Supervisor/Lead	12	63614.6	3	Male	Two or More	33
1550	Jose	Taylor	millersamantha@example.com	2022-08-26	NULL	Active	Supervisor/Lead - People Operations	Supervisor/Lead	4	65979.48	5	Other	Two or More	49
1551	Douglas	Parrish	moorechristopher@example.com	2023-04-28	NULL	Active	Associate - Supply Chain	Associate	12	60348.12	3	Male	Hispanic	23
1552	Alvin	Evans	markpennington@example.com	2023-07-10	NULL	Active	Associate - Data Science	Associate	3	63806.85	4	Male	Two or More	45
1553	Megan	Flores	shirley55@example.net	2021-09-08	NULL	Active	Associate - Sales	Associate	8	66244.28	5	Female	Caucasian	35
1554	Tamara	Barnes	ryanreeves@example.org	2023-09-15	NULL	Active	Associate - Product	Associate	2	54197.47	5	Female	Two or More	43
1555	James	Weiss	douglaswebster@example.net	2024-03-30	NULL	Active	Associate - Supply Chain	Associate	12	60403.31	NULL	Male	Two or More	38
1556	Joseph	Moss	shahandrea@example.net	2025-07-19	NULL	Active	Supervisor/Lead - IT Support	Supervisor/Lead	10	84627.8	3	NULL	NULL	37
1557	Kristopher	Garcia	scottgood@example.org	2025-10-12	NULL	Active	Associate - Quality Assurance	Associate	16	58961.67	2	Male	Two or More	46
1558	Roger	Stephenson	brian86@example.net	2021-09-17	NULL	Active	Associate - Facilities	Associate	13	68337.71	5	Non-Binary	Asian	NULL
1559	David	Harrell	lekayla@example.org	2024-07-20	2026-03-05	Terminated	Associate - People Operations	Associate	4	40301.48	1	Male	African American	33
1560	Renee	Hodges	ruizjessica@example.net	2026-01-21	NULL	Active	Associate - Facilities	Associate	13	68719.15	NULL	Non-Binary	African American	37
1561	Jennifer	 Moore	vanessaschmidt@example.org	2026-06-23	2026-07-26	Terminated	Associate - Corporate Strategy	Associate	14	45397.43	4	Female	Two or More	29
1562	Ronald	Roberts	brendabutler@example.org	2026-01-19	NULL	Active	Associate - Engineering	Associate	1	44948.39	2	Male	African American	31
1563	Nicole	Cox	doliver@example.com	2026-01-06	NULL	Active	Associate - Supply Chain	Associate	12	68169.15	4	Other	Asian	50
1564	Angela	Wilson	richardsonalexandra@example.org	2024-10-14	NULL	Active	Associate - People Operations	Associate	4	47071.15	3	Female	Asian	43
1565	Jason	Matthews	plam@example.net	2022-02-22	NULL	Active	Associate - Engineering	Associate	1	51037.16	4	Male	Asian	33
1566	Brian	Farley	cfranco@example.org	2022-11-10	NULL	Active	Supervisor/Lead - Finance	Supervisor/Lead	5	81854.82	4	Non-Binary	Caucasian	30
1567	Kim	Todd	baileyellen@example.org	2024-08-14	NULL	Active	Associate - Customer Success	Associate	9	55300.82	4	Other	African American	56
1568	Guy	Joseph	hbrooks@example.org	2025-09-21	NULL	Active	Associate - Security	Associate	11	51683.62	2	Other	NULL	40
1569	Jessica	Rodriguez	ograves@example.org	2021-12-29	2024-03-22	Terminated	Associate - Legal	Associate	6	54761.56	4	Non-Binary	Hispanic	42
1570	Justin	Rivers	pattersonrachel@example.org	2022-08-03	NULL	Active	Supervisor/Lead - Legal	Supervisor/Lead	6	56417.08	5	Male	Asian	32
1571	Brian	Webster	isabellaingram@example.net	2025-09-14	2026-01-30	Terminated	Associate - Quality Assurance	Associate	16	65332.91	2	Non-Binary	Asian	27
1572	Jason	Miller	aday@example.org	2022-12-12	NULL	Active	Associate - Corporate Strategy	Associate	14	67138.12	4	Male	African American	39
1573	Wendy	Chandler	larrybrown@example.com	2021-08-06	NULL	Active	Supervisor/Lead - Product	Supervisor/Lead	2	60354.57	3	Non-Binary	Caucasian	57
1574	Kathryn	Martin	amanda02@example.com	2025-08-29	NULL	Active	Associate - Marketing	Associate	7	67061.91	3	Other	African American	44
1575	Justin	Ray	talexander@example.com	2023-07-21	2023-12-25	Terminated	Associate - Product	Associate	2	70256.9	5	Male	Two or More	37
1576	Ashley	Gonzalez	egarrett@example.net	2021-11-20	NULL	Active	associate - people operations	Associate	4	71436.25	5	Female	African American	43
1577	Sara	Martin	denisedean@example.org	2023-03-09	NULL	Active	Associate - Sales	Associate	8	52883.67	4	Other	African American	32
1578	Bryan	Bradley	josephanderson@example.com	2024-04-29	NULL	Active	Supervisor/Lead - Facilities	Supervisor/Lead	13	55506.86	1	Male	Asian	27
1579	Steven	Becker	justinmorgan@example.org	2022-01-14	NULL	Active	Associate - Marketing	Associate	7	46822.09	4	Non-Binary	African American	35
1580	Travis	Johnson	zmaldonado@example.com	2024-08-30	NULL	Active	Associate - Supply Chain	Associate	12	69222.94	3	Male	Hispanic	34
1581	Yvonne	Bennett	jacksonpatrick@example.org	2022-03-09	NULL	Active	Domain Director - Security	Domain Director	11	144717.78	3	Female	Two or More	39
1582	Jennifer	White	joshuashepherd@example.org	2024-06-18	NULL	Active	Supervisor/Lead - Supply Chain	Supervisor/Lead	12	55713.07	1	Female	Asian	35
1583	Melissa	Mitchell	vhall@example.net	2022-07-01	NULL	Active	Manager - Product	Manager	2	97752.2	4	NULL	NULL	21
1584	Danielle	Hernandez	christopher68@example.net	2025-10-11	NULL	Active	Supervisor/Lead - Finance	Supervisor/Lead	5	70039.25	4	Female	African American	44
1585	 Lindsay 	 Munoz 	brenda44@example.com	2023-09-08	NULL	Active	Associate - Finance	Associate	5	67413.41	3	Non-Binary	Asian	35
1586	Allen	Lowe	james97@example.org	2022-04-30	NULL	Active	Supervisor/Lead - Marketing	Supervisor/Lead	7	73501.23	4	Non-Binary	Asian	21
1587	Alec	Jones	psavage@example.org	2022-02-20	NULL	Active	Associate - Legal	Associate	6	64114.89	4	Male	Caucasian	32
1588	Oscar	Valdez	oevans@example.org	2025-02-18	NULL	Active	Associate - Engineering	Associate	1	63509.97	5	Male	African American	26
1589	Sarah	Morales	janice27@example.net	2022-07-14	NULL	Active	Associate - Marketing	Associate	7	74560.95	5	Female	Asian	42
1590	Michael	Evans	aaron86@example.net	2023-10-26	NULL	Active	Associate - IT Support	Associate	10	43980.38	4	Non-Binary	Caucasian	36
1591	Dylan	Hodges	anthony29@example.com	2023-04-16	NULL	Active	Associate - Internal Communications	Associate	15	43970.57	2	Male	African American	28
1592	Rachel	Johnson	sberger@example.org	2025-08-05	NULL	Active	Supervisor/Lead - Facilities	Supervisor/Lead	13	71047.88	1	NULL	Asian	34
1593	Kevin	Parker	michelemartin@example.com	2022-09-29	NULL	Active	Associate - Finance	Associate	5	54191.61	5	Male	Two or More	22
1594	Julia	Jones	dixonsandra@example.net	2025-05-18	NULL	Active	Supervisor/Lead - People Operations	Supervisor/Lead	4	69104.59	5	Female	Asian	50
1595	Robert	Hunter	taylor72@example.net	2026-06-09	NULL	Active	Associate - Product	Associate	2	48956.96	4	Male	African American	41
1596	Angela	Patterson	donald65@example.org	2026-04-30	NULL	Active	Associate - Corporate Strategy	Associate	14	66239.12	4	Non-Binary	Asian	45
1597	Rick	Boyer	wendytorres@example.com	2026-05-12	NULL	Active	Associate - Supply Chain	Associate	12	47297.35	5	Male	Caucasian	31
1598	Autumn	Mcdowell	valdezjacob@example.net	2022-08-01	NULL	Active	Supervisor/Lead - People Operations	Supervisor/Lead	4	89276.69	4	Non-Binary	Asian	35
1599	Emily	Murillo	graydominique@example.com	2024-05-11	NULL	Active	Associate - Supply Chain	Associate	12	40941.88	3	Female	Caucasian	51
1600	Nicole	Wheeler	bennettmichael@example.org	2024-03-17	NULL	Active	Supervisor/Lead - Corporate Strategy	Supervisor/Lead	14	77779.42	4	NULL	Hispanic	30
1601	Adriana	Rodgers	whughes@example.com	2026-07-10	NULL	Active	Associate - Supply Chain	Associate	12	41262.86	4	Female	Caucasian	31
1602	Ashley	Tanner	christina48@example.net	2022-01-01	2025-04-22	Terminated	Associate - Product	Associate	2	65471.55	3	Other	Asian	NULL
1603	Molly	Miles	jasontownsend@example.com	2025-09-14	NULL	Active	Associate - Quality Assurance	Associate	16	55109.01	4	Other	African American	26
1604	Hannah	Miller	hbrown@example.net	2026-06-12	NULL	Active	Associate - Facilities	Associate	13	49961.08	3	Non-Binary	African American	28
1605	Joseph	Gregory	ann46@example.org	2025-11-18	2026-03-31	Terminated	Associate - Engineering	Associate	1	50388.17	3	Other	Hispanic	39
1606	Carol	Duncan	david96@example.com	2026-01-08	NULL	Active	Assistant Manager - Data Science	Assistant Manager	3	91911.69	5	Female	Hispanic	24
1607	Kevin	Duffy	morganchristopher@example.net	2023-10-01	NULL	Active	Associate - Legal	Associate	6	55624.94	4	Male	Hispanic	51
1608	Martin	Perez	aaron95@example.com	2024-12-23	NULL	Active	Associate - Marketing	Associate	7	60781.9	4	Male	Asian	36
1609	Andrew	Hernandez	valdezrodney@example.net	2022-11-11	NULL	Active	Associate - Engineering	Associate	1	68458.46	1	Male	Asian	21
1610	James	White	johnwagner@example.net	2022-07-20	NULL	Active	Associate - IT Support	Associate	10	59150.29	2	Male	Two or More	45
1611	Victoria	Rojas	corybaldwin@example.org	2023-10-20	NULL	Active	Associate - Customer Success	Associate	9	61962.73	3	NULL	Asian	55
1612	Scott	Franklin	marie67@example.org	2022-01-15	NULL	Active	Associate - Product	Associate	2	46473.99	3	Non-Binary	Hispanic	48
1613	Brenda	Boyd	nburton@example.net	2025-07-18	NULL	Active	Assistant Manager - People Operations	Assistant Manager	4	98031.52	3	Female	NULL	58
1614	  Michael  	Richards	bfernandez@example.org	2022-07-31	NULL	Active	Associate - Customer Success	Associate	9	56691.59	2	Male	African American	30
1615	Carolyn	Curry	cody65@example.com	2025-07-12	NULL	Active	Associate - Quality Assurance	Associate	16	41248.31	5	Female	Hispanic	40
1616	Erica	Miller	debra66@example.org	2025-03-24	2025-11-17	Active	Associate - Data Science	Associate	3	62261.73	1	Female	Asian	37
1617	Lisa	Robinson	christopherharris@example.net	2022-10-14	NULL	Active	Supervisor/Lead - People Operations	Supervisor/Lead	4	84704.04	2	Female	Two or More	46
1618	Melissa	Molina	melissasmith@example.org	2023-01-08	NULL	Active	Associate - Product	Associate	2	42536.5	4	Female	African American	48
1619	Jesse	Baker	edwardsjason@example.net	2025-12-16	NULL	Active	Associate - People Operations	Associate	4	48389.11	4	Non-Binary	Two or More	44
1620	Julie	Jones	kimberlyfoster@example.net	2022-11-21	NULL	Active	Associate - Customer Success	Associate	9	46413.14	3	Female	Caucasian	34
1621	Garrett	Snyder	amandakoch@example.org	2025-08-05	NULL	Active	Supervisor/Lead - Supply Chain	Supervisor/Lead	12	68252.49	2	Male	Asian	62
1622	Allen	Eaton	rachel83@example.net	2023-08-26	NULL	Active	Associate - Customer Success	Associate	9	46477.22	3	Male	Caucasian	39
1623	Michael	Green	carol532@example.org	2025-06-27	NULL	Active	Associate - Product	Associate	2	47356.33	NULL	Other	Hispanic	21
1624	Craig	Lee	clarkvincent@example.org	2024-11-08	NULL	Active	Associate - Engineering	Associate	1	55225.76	4	Non-Binary	Hispanic	42
1625	Calvin	Martinez	mjohnson@example.net	2022-02-09	NULL	Active	Associate - Sales	Associate	8	74985.41	4	Male	African American	23
1626	Shelby	Sandoval	mary03@example.org	2022-05-12	NULL	Active	Associate - Facilities	Associate	13	74644.78	3	Female	NULL	34
1627	Nicole	Long	carmen06@example.org	2023-06-30	NULL	Active	Associate - Marketing	Associate	7	72398.69	3	Other	Asian	50
1628	Stephen	Williams	mathewsilva@example.net	2024-08-07	NULL	Active	Supervisor/Lead - IT Support	Supervisor/Lead	10	70514.45	3	Male	Asian	33
1629	John	Gardner	jennifer90@example.org	2021-09-22	NULL	Active	Associate - Engineering	Associate	1	58714.54	2	Male	African American	45
1630	Roberto	Garcia	roberto96@example.org	2025-10-08	NULL	Active	Associate - IT Support	Associate	10	69631.24	3	Other	Asian	44
1631	Thomas	Moss	charles99@example.net	2023-07-27	NULL	Active	Domain Director - Quality Assurance	Domain Director	16	168066.16	1	Male	Hispanic	42
1632	Donald	Santos	sharonprince@example.net	2022-08-12	NULL	Active	Associate - Quality Assurance	Associate	16	58878.92	4	Other	Asian	46
1633	Christina	Howard	pguerrero@example.org	2024-07-20	NULL	Active	Supervisor/Lead - Internal Communications	Supervisor/Lead	15	77096.32	5	Female	African American	56
1634	Seth	Yang	dawnhayes@example.org	2025-07-20	NULL	Active	Associate - Corporate Strategy	Associate	14	73903.34	2	Other	Caucasian	47
1635	Jonathan	Carlson	katherinewright@example.com	2025-05-18	NULL	Active	Associate - Customer Success	Associate	9	49139.09	3	Male	Hispanic	21
1636	Donald	Shea	samanthahughes@example.org	2023-12-17	NULL	Active	Associate - IT Support	Associate	10	50580.16	4	Non-Binary	Caucasian	35
1637	Dawn	Cantu	glovermegan@example.com	2024-02-08	2024-10-25	Terminated	Associate - Marketing	Associate	7	50027.66	3	Female	Hispanic	46
1638	Patrick	Pace	joseph93@example.com	2023-03-22	NULL	Active	Associate - Sales	Associate	8	44997.77	4	Other	African American	38
1639	Erika	Haynes	christine73@example.org	2025-08-04	2026-05-22	Terminated	Associate - Engineering	Associate	1	66543.42	2	Other	Hispanic	36
1640	Cheryl	Nelson	bradley50@example.org	2022-09-23	NULL	Active	Associate - Sales	Associate	8	68263.98	4	Female	Asian	37
1641	Jack	Rodriguez	fbailey@example.com	2024-05-24	NULL	Active	Associate - People Operations	Associate	4	71291.86	3	Other	African American	35
1642	Ronald	Cain	chelsea95@example.net	2021-08-27	NULL	Active	Associate - People Operations	Associate	4	68175.95	4	Male	African American	56
1643	Mary	Bryant	deannabaker@example.net	2022-09-07	NULL	Active	Supervisor/Lead - People Operations	Supervisor/Lead	4	73339.89	4	Female	Caucasian	51
1644	Allison	Yates	lmartinez@example.com	2024-06-13	NULL	Active	Associate - Internal Communications	Associate	15	NULL	2	Female	Asian	50
1645	Cynthia	Cain	sramirez@example.com	2021-09-05	NULL	Active	Associate - Legal	Associate	6	70107.94	3	Other	African American	42
1646	Jamie	Livingston	tammie23@example.net	2025-03-17	2026-01-16	Terminated	Associate - Security	Associate	11	47332.42	3	Female	Asian	33
1647	Jessica	Smith	palmermonica@example.org	2023-08-24	2025-06-05	Terminated	Associate - Internal Communications	Associate	15	40951.34	1	Other	Asian	29
1648	Jennifer	Wilson	jennifer65@example.com	2024-04-22	NULL	Active	Supervisor/Lead - Customer Success	Supervisor/Lead	9	85999.26	4	Female	African American	49
1649	Anthony	Wilson	brandon17@example.net	2024-06-07	NULL	Active	Associate - Facilities	Associate	13	54893.18	2	Other	Two or More	43
1650	Pamela	Cohen	ejones@example.org	2023-08-10	NULL	Active	Associate - Security	Associate	11	69192.67	3	Female	Caucasian	44
1651	Richard	Cordova	joseph67@example.com	2022-01-12	NULL	Active	Associate - People Operations	Associate	4	56279.03	3	Other	Hispanic	47
1652	Deanna	Smith	rlopez@example.com	2024-09-28	NULL	Active	Supervisor/Lead - Customer Success	Supervisor/Lead	9	58864.46	3	Female	Caucasian	41
1653	Amy	Greene	erica25@example.org	2025-09-20	NULL	Active	Associate - Engineering	Associate	1	55124.11	4	Female	Asian	40
1654	Rachel	Pope	zglenn@example.com	01/01/2022	NULL	Active	Assistant Manager - Finance	Assistant Manager	5	73270.78	3	Female	Hispanic	55
1655	Dale	Bennett	fwhite@example.com	2022-08-24	NULL	Active	Associate - Corporate Strategy	Associate	14	52982.89	5	Male	African American	31
1656	Mary	Banks	jwallace@example.org	2023-10-25	2025-03-25	Terminated	Associate - Engineering	Associate	1	72595.08	2	Other	Hispanic	43
1657	Charles	Ware	bentonrebecca@example.net	2023-04-12	NULL	Active	Associate - Corporate Strategy	Associate	14	72406.19	5	Male	Caucasian	41
1658	Stanley	Fitzpatrick	dunnmelissa@example.net	2025-10-19	NULL	Active	Associate - Engineering	Associate	1	55022.74	4	Other	Two or More	32
1659	Jose	Ellis	matthewbentley@example.org	2021-09-23	NULL	Active	Assistant Manager - People Operations	Assistant Manager	4	69752.09	4	Other	African American	33
1660	Natalie	Gonzalez	stephenssharon@example.com	2023-11-23	NULL	Active	Associate - People Operations	Associate	4	69394.7	5	Other	NULL	53
1661	Michael	Johnson	carrie49@example.net	2024-02-14	2024-05-30	Terminated	Associate - Supply Chain	Associate	12	68806.66	5	Male	African American	37
1662	Tamara	Nunez	robert51@example.net	2023-05-13	2025-05-31	Terminated	Associate - Product	Associate	2	66117.28	5	Other	Asian	39
1663	Annette	Ingram	anthony24@example.org	2022-06-23	NULL	Active	Associate - Security	Associate	11	50827.31	1	Non-Binary	Two or More	40
1664	Linda	Boone	dixonjames@example.net	2026-04-28	NULL	Active	Associate - Marketing	Associate	7	47859.31	2	Other	African American	34
1665	Anna	Williams	johndouglas@example.com	2025-07-03	NULL	Active	Associate - Data Science	Associate	3	63875.4	3	Female	Two or More	52
1666	Randy	Reyes	tnelson@example.org	2026-06-30	NULL	Active	Associate - Data Science	Associate	3	57241.81	3	Male	Asian	30
1667	Adam	Romero	nguyenmadeline@example.org	2024-08-20	NULL	Active	Associate - Customer Success	Associate	9	58201.06	2	Male	African American	21
1668	Joseph	Berger	gregory65@example.com	2021-07-29	NULL	Active	Assistant Manager - Marketing	Assistant Manager	7	71656.36	4	Male	Two or More	40
1669	Amanda	Larsen	victorialeach@example.org	2023-11-08	2026-06-11	Terminated	Supervisor/Lead - Security	Supervisor/Lead	11	NULL	3	Female	Asian	32
1670	Gabriel	Jackson	malonedebbie@example.net	2023-06-26	NULL	Active	Assistant Manager - Finance	Assistant Manager	5	88779.21	3	Male	Asian	34
1671	Edgar	Davis	brittany83@example.net	2026-02-13	NULL	Active	Associate - Data Science	Associate	3	58025.81	5	Other	Asian	46
1672	Lindsey	Hines	ALEXANDERMCGUIRE@EXAMPLE.COM	2023-09-07	NULL	Active	Associate - Engineering	Associate	1	72026.23	4	Other	African American	34
1673	Melissa	Brown	jessica75@example.net	2025-07-07	NULL	Active	Supervisor/Lead - Customer Success	Supervisor/Lead	9	89048.94	2	Non-Binary	Two or More	39
1674	Greg	Case	jasminecrawford@example.com	2022-05-08	NULL	Active	Associate - Customer Success	Associate	9	55388.75	3	Male	Hispanic	40
1675	Francisco	Ball	davidleach@example.com	2022-03-30	NULL	Active	Associate - Corporate Strategy	Associate	14	43318.38	3	Other	Hispanic	48
1676	Stefanie	Owen	russellfleming@example.com	2025-08-26	NULL	Active	Associate - Marketing	Associate	7	48859.21	2	Female	Asian	43
1677	Tracy	Gomez	timothy25@example.org	2025-07-24	NULL	Active	Associate - Sales	Associate	8	58809.4	1	Other	Hispanic	42
1678	Taylor	Rodriguez	vjackson@example.net	2024-10-24	NULL	Active	ASSOCIATE - SECURITY	Associate	11	60434.29	2	Female	Hispanic	21
1679	Scott	Henson	henry97@example.net	2022-07-26	NULL	Active	Supervisor/Lead - Engineering	Supervisor/Lead	1	80624.91	4	Non-Binary	Two or More	48
1680	Steven	Obrien	careylisa@example.org	2022-07-07	NULL	Active	Manager - People Operations	Manager	4	78435.96	2	Male	Asian	48
1681	Bradley	Schultz	robinsonjessica@example.net	2022-10-17	NULL	Active	Associate - Quality Assurance	Associate	16	59923.97	3	Other	NULL	38
1682	Charles	Davis	penningtonwilliam@example.com	2025-06-19	NULL	Active	Associate - Data Science	Associate	3	53117.23	2	Male	Hispanic	23
1683	Ashley	Lee	philiphebert@example.net	2025-11-13	NULL	Active	Associate - IT Support	Associate	10	45325.86	2	Non-Binary	Hispanic	47
1684	Jaclyn	Wilson	blake91@example.com	2022-02-05	NULL	Active	Associate - Finance	Associate	5	52177.5	1	Female	Caucasian	39
1685	Sara	Lewis	johnny88@example.net	2022-05-17	NULL	Active	Associate - People Operations	Associate	4	74825.2	5	Other	African American	52
1686	Tracy	Reynolds	tranerik@example.com	2021-09-15	NULL	Active	Associate - Supply Chain	Associate	12	52464.93	3	NULL	Two or More	49
1687	Nancy	Gardner	marcia89@example.net	2025-08-05	NULL	Active	Associate - People Operations	Associate	4	51235.32	2	Female	African American	49
1688	Tammy	Terry	mitchell39@example.org	2024-04-07	NULL	Active	Associate - People Operations	Associate	4	56891.94	4	Other	Caucasian	30
1689	Amy	Thompson	cynthia73@example.net	2022-10-19	NULL	Active	Associate - Security	Associate	11	68878.47	4	Female	Hispanic	48
1690	Natasha	Abbott	sullivanrodney@example.com	2025-05-15	NULL	Active	Manager - Marketing	Manager	7	92477.79	5	Female	African American	41
1691	Isabella	Evans	juan53@example.com	2022-03-13	NULL	Active	Associate - Data Science	Associate	3	43388.88	5	Non-Binary	Hispanic	35
1692	Erica	Garrison	ubarron@example.net	2026-07-05	NULL	Active	Supervisor/Lead - Facilities	Supervisor/Lead	13	72093.87	4	Female	Hispanic	51
1693	Mark	David	crystal12@example.org	2022-06-09	NULL	Active	Associate - People Operations	Associate	4	48364.71	3	Non-Binary	African American	45
1694	Zachary	Price	shawdavid@example.net	2024-10-07	NULL	Active	Supervisor/Lead - Supply Chain	Supervisor/Lead	12	71634.31	4	Male	African American	41
1695	Carrie	Brown	dawsonsteven@example.org	2021-10-03	NULL	Active	Associate - Marketing	Associate	7	73627.01	4	Other	Asian	21
1696	Jamie	Hill	kristinamullins@example.com	2025-01-28	NULL	Active	Associate - Data Science	Associate	3	68458.13	3	Female	Hispanic	50
1697	Jamie	Rivera	egill@example.com	2022-03-03	NULL	Active	Associate - Corporate Strategy	Associate	14	46508.92	3	Non-Binary	African American	27
1698	Yvonne	Vega	hgeorge@example.net	2021-08-21	NULL	Active	Associate - Sales	Associate	8	64347.74	5	Female	NULL	48
1699	Kelly	  Thompson	kevinburton@example.org	2025-11-30	NULL	Active	Supervisor/Lead - Facilities	Supervisor/Lead	13	65254.81	5	Non-Binary	African American	58
1700	Julia	Walker	rebecca96@example.net	2025-02-04	NULL	Active	Associate - Customer Success	Associate	9	48451.58	4	Non-Binary	Asian	40
1701	Victor	Graham	tnavarro@example.com	2023-07-20	NULL	Active	Associate - Internal Communications	Associate	15	53435.28	1	Other	NULL	61
1702	Anna	James	kimberlymiller@example.net	2023-05-17	NULL	Active	Associate - Facilities	Associate	13	42283.69	3	Female	Hispanic	45
1703	Randall	Miller	james13@example.com	2022-03-20	NULL	Active	Associate - Sales	Associate	8	53794.15	3	Other	Asian	30
1704	Zachary	Conner	davidcooper@example.org	2025-11-07	NULL	Active	Supervisor/Lead - Supply Chain	Supervisor/Lead	12	62398.72	2	Other	Hispanic	33
1705	Mary	Davis	rossrobert@example.net	2025-06-27	NULL	Active	Associate - Engineering	Associate	1	41815.21	4	Other	Two or More	35
1706	Anthony	Russell	dyoung@example.net	2022-08-07	NULL	Active	Associate - Engineering	Associate	1	40850.92	3	Other	Two or More	33
1707	Allison	Lynn	walkeralbert@example.net	2023-01-02	NULL	Active	Associate - Security	Associate	11	72749.14	4	Non-Binary	Hispanic	46
1708	Jose	Smith	sabrinaroth@example.com	2024-05-14	2025-03-01	Terminated	Associate - Security	Associate	11	71513.83	3	Non-Binary	NULL	22
1709	Christopher	Ray	farleysherry@example.com	2021-12-15	NULL	Active	Supervisor/Lead - Data Science	Supervisor/Lead	3	70731.59	4	Male	African American	49
1710	Joshua	Ross	whiteheadtara@example.org	2022-04-26	NULL	Active	Associate - Product	Associate	2	47243.41	4	Other	Hispanic	51
1711	Anthony	Perez	chenrobin@example.com	2023-05-30	NULL	Active	Associate - Engineering	Associate	1	47642.49	4	Other	African American	58
1712	Brandon	Saunders	hernandezjames@example.com	2024-10-15	2024-12-22	Terminated	Associate - Marketing	Associate	7	61541.68	4	Male	African American	42
1713	Haley	Parks	acook@example.net	2024-02-27	NULL	Active	Supervisor/Lead - Finance	Supervisor/Lead	5	66197.62	3	Female	Caucasian	40
1714	Carly	Ramirez	vrandall@example.org	2024-07-27	NULL	Active	Associate - Supply Chain	Associate	12	60654.87	4	Non-Binary	African American	44
1715	Colleen	Case	stephanie84@example.org	2024-02-17	2025-04-01	Terminated	Associate - Facilities	Associate	13	70425.0	NULL	Female	Caucasian	39
1716	Terri	Richard	maryalvarado@example.com	03/13/2022	NULL	Active	Associate - Finance	Associate	5	56581.41	3	Other	Hispanic	43
1717	  Sheila	Moore	garciaalison@example.com	2022-06-29	NULL	Active	Associate - IT Support	Associate	10	69749.9	3	Female	Asian	36
1718	Jason	Shaw	thenry@example.com	2025-09-26	NULL	Active	Associate - Facilities	Associate	13	74618.7	4	Non-Binary	Hispanic	55
1719	Jennifer	Mays	davidsonkenneth@example.org	2024-02-17	NULL	Active	Supervisor/Lead - Internal Communications	Supervisor/Lead	15	66461.72	2	Female	Caucasian	45
1720	Miguel	Garcia	denise77@example.com	2026-01-17	NULL	Active	Supervisor/Lead - Internal Communications	Supervisor/Lead	15	89483.32	1	Male	Caucasian	21
1721	Jason	Walsh	navarroaimee@example.com	2023-12-21	NULL	Active	Associate - Customer Success	Associate	9	42150.18	3	Non-Binary	Two or More	43
1722	Tiffany	Mccormick	davidwallace@example.com	2022-01-30	NULL	Active	Supervisor/Lead - Quality Assurance	Supervisor/Lead	16	69065.59	3	Non-Binary	Caucasian	44
1723	Emily	Moreno	wilkinsjacqueline@example.com	2023-05-21	NULL	Active	Associate - Legal	Associate	6	47131.21	3	Other	Hispanic	51
1724	Angela	Schmidt	christopherwilliams@example.org	2024-01-31	NULL	Active	Associate - Facilities	Associate	13	63893.22	3	Non-Binary	Two or More	49
1725	Barbara	 Allen	clevine@example.org	2023-11-27	NULL	Active	Associate - Sales	Associate	8	61706.68	2	Other	Caucasian	48
1726	Megan	Scott	alyssafitzpatrick@example.org	2025-04-22	NULL	Active	Associate - Supply Chain	Associate	12	63693.16	3	Female	Hispanic	49
1727	Steven	Miller	valerierodriguez@example.net	2022-02-08	2023-05-08	Terminated	Supervisor/Lead - Internal Communications	Supervisor/Lead	15	89030.66	3	Male	Asian	36
1728	Paul	Morton	kimelizabeth@example.com	2022-03-26	2025-07-16	Terminated	Associate - Supply Chain	Associate	12	42285.67	2	Other	Asian	49
1729	Sarah	Hatfield	alicia18@example.com	2025-05-11	NULL	Active	Associate - Engineering	Associate	1	62669.14	2	Other	Hispanic	39
1730	Ryan	Knox	monica06@example.org	2024-11-20	2026-03-02	Terminated	Associate - Security	Associate	11	62567.45	4	Non-Binary	Two or More	23
1731	Michael	Williams	cameronkhan@example.com	2023-04-07	NULL	Active	Associate - Customer Success	Associate	9	73853.1	3	Male	Two or More	54
1732	Rebecca	Taylor	todddean@example.org	2024-08-13	NULL	Active	Associate - People Operations	Associate	4	54651.0	4	Female	Two or More	21
1733	Tamara	Stewart	tonyscott@example.net	2024-11-25	NULL	Active	Supervisor/Lead - Product	Supervisor/Lead	2	89219.44	3	Female	Hispanic	32
1734	Sarah	Sanchez	mwhite@example.org	2022-07-11	2023-10-01	Active	Associate - Data Science	Associate	3	71602.38	4	Female	Hispanic	42
1735	Jennifer	Savage	AARONLARA@EXAMPLE.COM	2025-08-30	NULL	Active	Associate - People Operations	Associate	4	NULL	5	Female	Hispanic	36
1736	Craig	Madden	xhoward@example.org	2021-09-22	NULL	Active	Associate - Sales	Associate	8	49546.6	4	Non-Binary	NULL	48
1737	Alan	Brooks	lee93@example.net	2025-12-04	NULL	Active	Supervisor/Lead - Security	Supervisor/Lead	11	83947.21	2	Other	Hispanic	55
1738	Derrick	Brewer	lisa66@example.org	2025-08-23	NULL	Active	Supervisor/Lead - Internal Communications	Supervisor/Lead	15	58895.61	4	Male	NULL	27
3567	Rebecca	Lewis	rrollins@example.net	2025-08-02	NULL	Active	Associate - Supply Chain	Associate	12	44473.18	5	Female	Asian	32
1739	Jeffrey	Martinez	uboone@example.com	2022-09-09	NULL	Active	Associate - Internal Communications	Associate	15	49246.68	4	Other	Two or More	35
1740	Christopher	Larson	fernandezjessica@example.com	2022-03-22	NULL	Active	Associate - Marketing	Associate	7	72400.77	3	Male	African American	49
1741	Brian	Thompson	vmorrison@example.net	2024-04-22	NULL	Active	Associate - Internal Communications	Associate	15	66134.63	5	Male	Two or More	34
1742	Kara	Wilson	wagnershannon@example.com	2025-06-15	2026-01-28	Terminated	Associate - Customer Success	Associate	9	59593.96	2	Other	Hispanic	51
1743	Michele	Moss	jerry12@example.org	2025-10-29	NULL	Active	Assistant Manager - Sales	Assistant Manager	8	73120.39	3	Other	Caucasian	47
1744	Rose	Luna	javier40@example.org	2026-06-07	NULL	Active	Supervisor/Lead - Customer Success	Supervisor/Lead	9	58901.34	3	Other	African American	24
1745	Amber	Pittman	xcarter@example.net	2026-05-10	NULL	Active	Associate - Internal Communications	Associate	15	41637.4	4	Female	Asian	31
1746	Patricia	Davis	reesekayla@example.com	2025-05-12	NULL	Active	Associate - Quality Assurance	Associate	16	41131.43	4	Non-Binary	Two or More	27
1747	Adrian	Barnett	bvance@example.org	2026-03-16	04/24/2026	Terminated	Associate - Data Science	Associate	3	46004.85	4	Male	Hispanic	46
1748	Brian	Ross	jeffrey91@example.org	2025-03-06	NULL	Active	Associate - Legal	Associate	6	42712.41	4	Male	Two or More	25
1749	Shelly	Preston	stephaniewright@example.net	2023-06-04	NULL	Active	Associate - Legal	Associate	6	57973.69	4	Other	African American	41
1750	Eugene	Perez	zmartinez@example.net	2023-12-16	2025-11-09	Terminated	Associate - Customer Success	Associate	9	59414.11	3	Male	African American	27
1751	Crystal	Evans	leematthew@example.net	10/23/2022	2024-09-13	Terminated	Associate - Customer Success	Associate	9	43525.31	4	Female	Caucasian	42
1752	Ryan 	Lara	mariahwallace@example.org	2024-07-04	NULL	Active	Associate - IT Support	Associate	10	47161.77	3	Male	African American	24
1753	Lisa	Stephenson	carrieclark@example.net	2022-03-17	NULL	Active	Associate - People Operations	Associate	4	61067.2	4	Female	Hispanic	40
1754	Jeremy	Thompson	denise23@example.com	2024-08-06	NULL	Active	Associate - Product	Associate	2	45798.38	5	Other	Hispanic	35
1755	Justin	Adams	alexiserickson@example.net	2024-12-29	NULL	Active	Associate - Customer Success	Associate	9	61155.09	3	Male	Asian	37
1756	Eric	Parker	charlesrussell@example.org	06/15/2026	NULL	Active	Associate - IT Support	Associate	10	46038.77	3	Other	Asian	59
1757	Felicia	Coleman	amber73@example.net	2022-06-28	NULL	Active	Supervisor/Lead - Supply Chain	Supervisor/Lead	12	87113.63	4	Non-Binary	Asian	46
1758	John	Wilson	rriley@example.net	2022-03-12	NULL	Active	Assistant Manager - Legal	Assistant Manager	6	99790.79	3	Male	Hispanic	44
1759	Ryan	Herring	austin14@example.net	2023-10-24	NULL	Active	Associate - Engineering	Associate	1	53503.25	4	Non-Binary	Hispanic	32
1760	Christopher	Gomez	rodney67@example.net	2025-08-14	NULL	Active	Associate - People Operations	Associate	4	66807.4	4	Male	Two or More	52
1761	Amanda	Smith	jwhite@example.org	2026-06-22	NULL	Active	Supervisor/Lead - Legal	Supervisor/Lead	6	85887.43	3	Female	African American	39
1762	Angela	Hart	rwilson@example.net	2023-08-11	NULL	Active	Supervisor/Lead - Engineering	Supervisor/Lead	1	89355.23	3	Female	Caucasian	27
1763	Lisa	Williamson	richardsoneddie@example.net	2021-09-29	2026-02-15	Terminated	Associate - Product	Associate	2	48230.4	3	Female	Hispanic	41
1764	Thomas	Lawson	christophergutierrez@example.org	2024-10-21	NULL	Active	Associate - Quality Assurance	Associate	16	40550.75	5	Other	Asian	34
1765	James	Mooney	ogonzalez@example.com	2022-07-11	NULL	Active	Associate - Customer Success	Associate	9	69095.49	3	Male	Asian	55
1766	Tanya	Gill	christina65@example.org	2026-01-30	2026-06-17	Terminated	Associate - Sales	Associate	8	63215.14	3	NULL	African American	42
1767	Jennifer	Mclaughlin	ggolden@example.com	2022-06-09	NULL	Active	Supervisor/Lead - Data Science	Supervisor/Lead	3	71391.23	3	Female	Asian	49
1768	Justin	Rivera	courtneypatterson@example.org	2024-06-08	2026-06-13	Terminated	Associate - Quality Assurance	Associate	16	47355.03	3	Non-Binary	Hispanic	39
1769	Rose	Sparks	mmunoz@example.net	2022-02-27	NULL	Active	Assistant Manager - IT Support	Assistant Manager	10	63142.26	3	Female	Hispanic	31
1770	Jeffrey	Morris	angelamalone@example.com	2022-08-01	NULL	Active	Supervisor/Lead - Security	Supervisor/Lead	11	88144.19	5	Male	African American	32
1771	Chelsea	Rogers	lisa13@example.org	2021-12-04	2022-07-13	Terminated	Associate - Data Science	Associate	3	59797.61	3	Other	Hispanic	21
1772	Jason	Smith	krystal92@example.org	2023-12-13	NULL	Active	Associate - People Operations	Associate	4	53509.5	3	Non-Binary	Hispanic	28
1773	Robert	Leach	qwilson@example.com	2023-02-18	NULL	Active	Associate - Internal Communications	Associate	15	64643.2	3	Other	Asian	40
1774	Jimmy	Wilson	wsnow@example.com	2021-12-18	NULL	Active	Supervisor/Lead - People Operations	Supervisor/Lead	4	63864.01	3	Male	Hispanic	40
1775	Jerry	Acosta	richard30@example.net	2024-02-04	NULL	Active	Associate - Product	Associate	2	46360.8	2	Other	Two or More	22
1776	Lance	Jacobson	dawn38@example.net	01/05/2025	NULL	Active	Associate - Quality Assurance	Associate	16	49902.85	2	Non-Binary	Hispanic	25
1777	Briana	Gregory	lloydchristine@example.org	06/11/2023	2025-04-29	Terminated	Associate - Sales	Associate	8	54250.08	3	Female	African American	58
1778	Lucas	Jones	gregory96@example.org	05/01/2024	NULL	Active	Supervisor/Lead - Marketing	Supervisor/Lead	7	55430.23	4	Male	Two or More	34
1779	Anthony	Hayes	jamesbrown@example.com	2024-01-20	NULL	Active	Supervisor/Lead - Corporate Strategy	Supervisor/Lead	14	62751.47	5	Male	Two or More	31
1780	Douglas	Parker	eaguirre@example.org	2021-11-21	NULL	Active	Manager - Product	Manager	2	72222.71	5	Male	Hispanic	42
1781	Scott	Meyer	samanthapark@example.org	2025-11-26	NULL	Active	Associate - Product	Associate	2	40761.68	1	Male	NULL	32
1782	Stephen	Cole	richardjones@example.com	2026-03-25	NULL	Active	Assistant Manager - Facilities	Assistant Manager	13	94581.87	2	Non-Binary	Two or More	33
1783	Andrew	Hoffman	cunninghamlouis@example.com	2022-08-21	NULL	Active	Associate - IT Support	Associate	10	61264.74	4	Male	African American	29
1784	Abigail	Calhoun	kyork@example.org	2026-03-31	NULL	Active	Assistant Manager - Engineering	Assistant Manager	1	65456.48	3	Other	Two or More	35
1785	Jeffrey	Murillo	derekli@example.com	2024-08-16	NULL	Active	Associate - IT Support	Associate	10	68758.71	3	Other	Two or More	57
1786	Todd	Adams	qchambers@example.net	2023-05-06	NULL	Active	Associate - People Operations	Associate	4	66895.23	4	Male	Caucasian	36
1787	Michele	Montoya	lisaturner@example.com	2022-05-30	NULL	Active	Associate - Product	Associate	2	41641.34	3	Female	African American	26
1788	Renee	Burke	melissa46@example.com	2024-08-28	NULL	Active	Associate - Finance	Associate	5	50822.34	4	Female	Asian	38
1789	Tyler	Bates	john08@example.org	2025-08-04	NULL	Active	Associate - Product	Associate	2	57164.94	5	Non-Binary	Hispanic	45
1790	Trevor	Williamson	jonesandrew@example.net	2025-06-17	2025-10-10	Terminated	Associate - Engineering	Associate	1	45219.65	3	Male	Asian	44
1791	Phillip	Eaton	mmoore@example.net	2022-06-18	NULL	Active	Associate - Finance	Associate	5	41510.51	5	Male	Asian	39
1792	Thomas	Martin	hgoodwin@example.org	07/09/2024	NULL	Active	Supervisor/Lead - Customer Success	Supervisor/Lead	9	82750.79	1	Male	Caucasian	42
1793	Nicole	James	andrea42@example.com	2025-08-11	2026-02-03	Terminated	Associate - People Operations	Associate	4	57124.46	3	Non-Binary	Two or More	48
1794	Lindsay	Quinn	hhernandez@example.com	2025-05-29	2026-03-24	Terminated	Associate - Legal	Associate	6	43280.82	2	Female	Caucasian	33
1795	Brandon	Chen	schmittheather@example.net	2022-03-24	NULL	Active	Associate - IT Support	Associate	10	62427.46	4	Other	Asian	44
1796	Charles	Odom	lori02@example.org	2026-02-18	NULL	Active	Associate - Legal	Associate	6	42104.56	3	Male	Two or More	35
1797	Joseph	Velez	hwhite@example.org	2025-01-13	NULL	Active	Associate - Supply Chain	Associate	12	48451.14	5	Male	Caucasian	35
1798	 Danielle	Garcia	donna75@example.com	2023-03-12	NULL	Active	Manager - People Operations	Manager	4	101668.18	5	Female	Caucasian	29
1799	Paul	Joseph	kathleen09@example.com	2026-03-07	NULL	Active	Associate - Internal Communications	Associate	15	59979.58	1	Male	Asian	38
1800	Emily	Quinn	amy54@example.net	2022-11-14	NULL	Active	Associate - IT Support	Associate	10	54561.23	4	Non-Binary	African American	62
1801	Heather	King	kevingarrett@example.com	2026-03-27	NULL	Active	Associate - People Operations	Associate	4	59865.21	4	Non-Binary	Caucasian	30
1802	Melissa	Hogan	acostakevin@example.com	2023-05-14	2024-10-05	Terminated	Associate - Corporate Strategy	Associate	14	67160.11	3	Female	Asian	28
1803	Megan	Lewis	lisachan@example.org	12/08/2025	NULL	Active	Associate - Supply Chain	Associate	12	45007.4	4	Female	African American	29
1804	Rebecca	Brown	bjohnson2@example.net	2023-09-08	NULL	Active	Associate - Engineering	Associate	1	64626.86	3	Female	Hispanic	47
1805	David	Henry	curtisabigail@example.net	2021-10-05	NULL	Active	Associate - Customer Success	Associate	9	NULL	2	Male	Two or More	48
1806	Lisa	Farley	xcordova@example.org	2025-04-16	2026-06-10	Terminated	Associate - Data Science	Associate	3	59566.63	4	Non-Binary	Caucasian	51
1807	Joshua	Wallace	michellereed@example.net	2021-07-30	NULL	Active	Associate - People Operations	Associate	4	55640.51	4	Non-Binary	Hispanic	38
1808	David	Jensen	mariamitchell@example.net	2026-05-25	NULL	Active	Supervisor/Lead - Finance	Supervisor/Lead	5	58936.95	4	Non-Binary	Asian	47
1809	Jordan	Gilmore	morganpruitt@example.org	2021-11-26	NULL	Active	Associate - Sales	Associate	8	41927.99	1	Male	Two or More	21
1810	Robert	Martin	washingtonalexander@example.org	2023-05-01	NULL	Active	Associate - Security	Associate	11	51867.42	NULL	Male	Two or More	32
1811	Jade	Santos	davisjessica@example.com	2026-05-16	NULL	Active	Associate - Product	Associate	2	54884.81	4	Non-Binary	Caucasian	42
1812	Christopher	Armstrong	rodrigueznicole@example.org	2021-10-31	NULL	Active	Supervisor/Lead - Product	Supervisor/Lead	2	72820.88	4	Male	Hispanic	54
1813	Heather	Bishop	tammybrennan@example.net	2024-11-25	NULL	Active	Manager - Security	Manager	11	87069.95	3	Non-Binary	Two or More	23
1814	Shawn	Cabrera	kathy46@example.net	2026-02-20	NULL	Active	Associate - Data Science	Associate	3	61742.71	NULL	Male	Asian	39
1815	Linda	Franklin	deanna85@example.org	2023-12-01	NULL	Active	Associate - Data Science	Associate	3	59569.39	4	Other	Two or More	44
1816	Chelsea	Andrade	courtneyfernandez@example.org	2026-05-07	NULL	Active	Associate - Marketing	Associate	7	42934.56	4	Female	Two or More	53
1817	Howard	White	denise35@example.com	2022-06-04	NULL	Active	Associate - Finance	Associate	5	45344.93	NULL	Other	African American	30
1818	Matthew	Garcia	willisjoseph@example.net	2024-06-22	NULL	Active	Associate - Finance	Associate	5	57250.51	4	Other	African American	40
1819	Beth	Howell	stephaniebean@example.com	2025-09-14	NULL	Active	Associate - Legal	Associate	6	54435.28	2	Non-Binary	Asian	49
1820	Melissa	Huerta	swansonmary@example.com	2023-05-11	NULL	Active	Supervisor/Lead - Supply Chain	Supervisor/Lead	12	56367.8	3	Non-Binary	Asian	55
1821	  Jenny	Taylor	melissamorrison@example.org	2022-10-06	2026-07-13	Terminated	Domain Director - People Operations	Domain Director	4	155951.15	2	Female	Asian	33
1822	Robert	Hancock	jwilliams@example.net	2022-04-05	2023-11-10	Terminated	Associate - Customer Success	Associate	9	57856.63	3	Male	Caucasian	26
1823	Maria	Burns	uvang@example.net	2022-03-03	NULL	Active	Associate - Customer Success	Associate	9	49467.97	5	Other	African American	43
1824	Meagan	Garcia	petersonmatthew@example.net	2023-10-06	NULL	Active	Associate - IT Support	Associate	10	50973.27	3	Other	African American	36
1825	Alexander	Estrada	igriffin@example.org	2024-12-22	NULL	Active	Assistant Manager - Engineering	Assistant Manager	1	73367.07	4	Male	Two or More	39
1826	Joel	Woods	uwatson@example.org	2023-10-17	NULL	Active	Assistant Manager - Customer Success	Assistant Manager	9	81197.0	2	Other	Caucasian	45
1827	Gary	Jackson	joseph66@example.com	2025-08-06	NULL	Active	Associate - Product	Associate	2	67640.2	2	Non-Binary	Asian	47
1828	Beth	Lopez	cmccarty@example.net	2021-09-22	NULL	Active	Associate - Corporate Strategy	Associate	14	72712.7	4	Other	African American	57
1829	Robert	Hamilton	qgrant@example.org	2023-12-26	NULL	Active	Assistant Manager - Corporate Strategy	Assistant Manager	14	71008.69	3	Male	Asian	44
1830	Anthony	Wilson	alvaradoanthony@example.com	2025-08-30	NULL	Active	Associate - Engineering	Associate	1	61513.78	3	Other	Caucasian	50
1831	Susan	  Williams	tracey14@example.net	2026-01-23	NULL	Active	Manager - IT Support	Manager	10	71184.82	2	Non-Binary	Caucasian	51
1832	Danny	Long	kathryn33@example.com	2024-02-26	2026-01-26	Terminated	Associate - Facilities	Associate	13	63173.07	3	Male	Caucasian	35
1833	Joseph	Turner	brendasutton@example.net	2023-07-06	NULL	Active	Associate - Data Science	Associate	3	61527.52	3	Other	Asian	39
1834	Eric	Morris	glennkevin@example.net	2024-04-13	NULL	Active	Associate - Facilities	Associate	13	59331.39	3	Male	Hispanic	56
1835	Debra	Patel	curtisbrittany@example.net	2024-07-16	NULL	Active	Supervisor/Lead - Product	Supervisor/Lead	2	80841.6	3	Female	Asian	40
1836	Christopher	Jones	rhonda29@example.com	2025-03-02	NULL	Active	Associate - Facilities	Associate	13	70147.16	5	Other	African American	29
1837	Jennifer	Horton	kellymatthew@example.net	2023-10-25	NULL	Active	Supervisor/Lead - Data Science	Supervisor/Lead	3	56214.5	3	Female	Two or More	36
1838	James	Sexton	gmcclure@example.net	2024-07-09	NULL	Active	Supervisor/Lead - IT Support	Supervisor/Lead	10	64201.91	3	Other	Two or More	53
1839	Daniel	Cowan	rebecca46@example.org	2025-06-08	NULL	Active	Associate - IT Support	Associate	10	54653.64	3	Non-Binary	Two or More	26
1840	Clifford	Gonzales	patricia88@example.net	2026-04-27	NULL	Active	Associate - Sales	Associate	8	73826.79	4	Male	African American	38
1841	Robert	Clark	marthacarrillo@example.net	2022-07-24	NULL	Active	Associate - Sales	Associate	8	46481.33	4	Male	Two or More	63
1842	Jennifer	Moyer	kjohnson@example.net	2022-07-31	NULL	Active	Associate - Legal	Associate	6	50968.91	2	Female	Hispanic	22
1843	Joshua	Thomas	kenneth80@example.org	2026-04-17	NULL	Active	Associate - Legal	Associate	6	40073.48	3	Male	African American	52
1844	Phillip	Smith	schwartzjacob@example.com	2022-07-27	NULL	Active	Associate - Marketing	Associate	7	69621.58	4	Other	Caucasian	34
1845	Kaitlin	Mills	jacobharper@example.org	2023-11-26	NULL	Active	Associate - Internal Communications	Associate	15	70194.25	4	Non-Binary	Hispanic	36
1846	Casey	Haynes	margaretlamb@example.net	2026-03-26	NULL	Active	Associate - Supply Chain	Associate	12	59387.1	5	Female	Hispanic	39
1847	Kevin	Dominguez	robinsoncatherine@example.com	2023-04-25	NULL	Active	Associate - Corporate Strategy	Associate	14	51794.5	3	Non-Binary	Caucasian	55
1848	Christopher	Dixon	WENDY18@EXAMPLE.ORG	2022-02-05	12/17/2024	Terminated	Assistant Manager - Customer Success	Assistant Manager	9	90669.36	4	Non-Binary	NULL	46
1849	Cole	Medina	amy48@example.org	2024-01-15	NULL	Active	Supervisor/Lead - People Operations	Supervisor/Lead	4	73197.08	4	NULL	Asian	52
1850	Amber	Hall	thomascourtney@example.net	2023-04-04	NULL	Active	Associate - Legal	Associate	6	54660.69	4	Female	African American	46
1851	Aaron	Morris	frichard@example.com	2022-11-29	NULL	Active	Supervisor/Lead - Sales	Supervisor/Lead	8	62504.44	2	Male	Asian	31
1852	Sean	Thomas	michellealexander@example.org	2025-04-07	NULL	Active	Associate - Quality Assurance	Associate	16	57213.55	4	Non-Binary	Hispanic	24
1853	Stephanie	Long	jeanbrown@example.org	2024-01-04	NULL	Active	Associate - Product	Associate	2	57934.89	3	Female	NULL	45
1854	Andrew	Walker	burnschristopher@example.org	2025-11-08	NULL	Active	Associate - Customer Success	Associate	9	46357.22	1	Male	Asian	61
1855	Nicholas	Hudson	mclaughlinjulia@example.com	2026-06-13	NULL	Active	Associate - IT Support	Associate	10	73213.57	3	Male	Hispanic	46
1856	Susan	Stevens	paguirre@example.net	11/10/2024	NULL	Active	Associate - Corporate Strategy	Associate	14	67926.35	4	Female	Two or More	44
1857	Samantha	Grant	thompsonbrandon@example.net	2023-11-10	NULL	Active	Associate - Engineering	Associate	1	40266.1	3	Non-Binary	Hispanic	42
1858	Sheila	Dean	anthonydavis@example.net	2025-03-27	NULL	Active	Associate - Legal	Associate	6	65764.13	5	Other	NULL	45
1859	David	Ramsey	bdavis@example.org	2023-10-20	2026-07-13	Terminated	Associate - Quality Assurance	Associate	16	42351.87	1	Male	Caucasian	30
1860	Brent	Burgess	yknight@example.net	2023-06-09	NULL	Active	Supervisor/Lead - Customer Success	Supervisor/Lead	9	62903.69	3	Male	Two or More	35
1861	John	Schroeder	qcollins@example.com	2025-08-17	NULL	Active	Supervisor/Lead - Quality Assurance	Supervisor/Lead	16	78811.38	3	Male	Hispanic	28
1862	Briana	Mitchell	cartersheryl@example.org	2024-10-27	NULL	Active	Associate - Sales	Associate	8	63373.48	5	Non-Binary	Two or More	42
1863	Cindy	Gomez	stephanie16@example.org	2025-03-27	NULL	Active	Manager - Facilities	Manager	13	80001.35	2	Female	Asian	45
1864	Martha	Ramos	april09@example.com	2022-02-13	NULL	Active	Assistant Manager - Customer Success	Assistant Manager	9	77067.32	3	Non-Binary	Asian	45
1865	Jacqueline	Stout	yritter@example.net	2023-02-19	NULL	Terminated	Associate - Finance	Associate	5	56121.42	4	Non-Binary	Caucasian	47
1866	Jonathan	Mendoza	uturner@example.org	01/15/2025	NULL	Active	Associate - Legal	Associate	6	43875.5	4	Male	Asian	49
1867	William	Crane	emily61@example.net	2023-07-05	NULL	Active	Supervisor/Lead - Data Science	Supervisor/Lead	3	85065.72	5	Other	Asian	35
1868	Elizabeth	Lewis	dlopez2@example.com	2025-01-22	NULL	Active	Associate - Quality Assurance	Associate	16	58874.73	3	Other	Asian	25
1869	Jerome	Hernandez	katherinecollier@example.com	2023-11-17	NULL	Active	Associate - Quality Assurance	Associate	16	69752.71	3	Male	Asian	57
1870	Mary	Garcia	patrick78@example.net	2022-09-06	NULL	Active	Associate - Security	Associate	11	52592.48	4	Other	Asian	50
1871	Jennifer	Rodriguez	sheila65@example.net	2022-10-07	NULL	Active	Associate - Product	Associate	2	69059.45	3	Female	Asian	50
1872	Christopher	Rodriguez	cherylharper@example.org	2026-04-27	NULL	Active	Associate - People Operations	Associate	4	59059.57	2	Male	Hispanic	49
1873	Robert	Garner	patrick69@example.net	2024-10-11	NULL	Active	Associate - Customer Success	Associate	9	58839.75	5	NULL	African American	38
1874	Brandon	Mcdonald  	daniel06@example.org	2026-04-16	NULL	Active	Associate - Customer Success	Associate	9	66614.61	3	Male	Hispanic	39
1875	Joseph	Hughes	pwolfe@example.com	2024-06-01	NULL	Active	Associate - Customer Success	Associate	9	46282.76	3	Non-Binary	Asian	57
1876	Keith	Ryan	mphillips@example.net	2024-03-23	2026-02-01	Terminated	Manager - Facilities	Manager	13	88997.97	3	Non-Binary	Asian	41
1877	Aaron	Burke	david02@example.org	2025-05-03	NULL	Active	Associate - Facilities	Associate	13	69646.31	3	Male	Caucasian	49
1878	Patrick	Holmes	bergsheila@example.com	2022-09-28	NULL	Active	Associate - Customer Success	Associate	9	45747.28	3	Male	African American	38
1879	 Robert 	Martinez	kingmary@example.net	2026-02-26	NULL	Active	Supervisor/Lead - Supply Chain	Supervisor/Lead	12	73199.35	3	Other	African American	21
1880	Marc	Burgess	robersoncesar@example.com	2026-07-20	NULL	Active	Associate - Finance	Associate	5	53600.32	3	Male	Two or More	41
1881	Christopher	Parker	lisa35@example.org	07/03/2025	NULL	Active	Associate - Sales	Associate	8	52507.64	3	Male	African American	35
1882	Michelle	King	jerry63@example.com	04/19/2023	NULL	Active	Associate - Finance	Associate	5	58729.56	5	Female	Asian	37
1883	Robert	Brennan	fishermelissa@example.net	2025-11-22	NULL	Active	Associate - Facilities	Associate	13	52658.47	5	Male	Asian	22
1884	Kyle	Kennedy	michelle97@example.org	2024-04-17	NULL	Active	Associate - Marketing	Associate	7	66258.08	2	Male	African American	22
1885	Dale	Williams	brownalfred@example.net	04/22/2025	NULL	Active	Associate - Customer Success	Associate	9	69245.33	5	Male	Asian	53
1886	Kristi	Rodriguez	donald97@example.com	2022-05-03	NULL	Active	Associate - Marketing	Associate	7	59107.96	2	Female	Asian	42
1887	Dakota	Perez	zmitchell@example.com	2024-03-29	NULL	Active	Associate - Engineering	Associate	1	61740.88	4	Other	NULL	45
1888	Kimberly	Martin	jerry76@example.net	2022-12-11	NULL	Active	Associate - Marketing	Associate	7	68449.0	3	Non-Binary	Asian	NULL
1889	Linda	Taylor	katiebrown@example.com	2026-04-17	2026-08-03	Terminated	Associate - Supply Chain	Associate	12	44567.39	3	Female	Caucasian	54
1890	Michael	  Santos	bwilliams@example.org	2023-12-13	NULL	Active	Associate - Legal	Associate	6	62231.57	4	Male	African American	31
1891	David	Williams	josephwallace@example.com	2026-05-04	NULL	Active	Associate - Corporate Strategy	Associate	14	60894.56	5	Male	African American	25
1892	Tiffany	Golden	creyes@example.net	2022-01-25	NULL	Terminated	Associate - Sales	Associate	8	51165.46	3	Non-Binary	Asian	30
1893	Mark	Jordan	zacharyberry@example.net	2025-06-11	NULL	Active	Associate - Internal Communications	Associate	15	62708.84	2	Male	Hispanic	38
1894	Nicholas	Ferrell	USAMPSON@EXAMPLE.COM	2026-07-26	NULL	Active	Supervisor/Lead - Quality Assurance	Supervisor/Lead	16	65278.11	2	Male	Asian	62
1895	Chelsea	Freeman	kristen32@example.com	2022-08-30	NULL	Active	Associate - Facilities	Associate	13	69607.71	3	Other	Two or More	NULL
1896	Andrea	Andrade	jamesdoyle@example.org	2026-06-15	2026-07-16	Terminated	Associate - Customer Success	Associate	9	46546.46	5	Female	Asian	42
1897	Brendan	Ibarra	stephen96@example.net	2022-02-26	NULL	Active	Supervisor/Lead - Security	Supervisor/Lead	11	55412.65	3	Non-Binary	Hispanic	39
1898	Ashley	Rodgers	shannonsmith@example.com	2024-04-22	NULL	Active	Associate - Product	Associate	2	65444.93	4	Female	Caucasian	26
1899	Susan	Underwood	joshuaanderson@example.org	2022-05-29	NULL	Active	Associate - Sales	Associate	8	57437.34	4	Female	African American	41
1900	John	Carey  	hansenjames@example.org	2025-01-25	NULL	Active	Associate - Supply Chain	Associate	12	65866.43	3	Male	Caucasian	49
1901	Heidi	Wilson	mercadojennifer@example.org	2024-08-18	NULL	Active	Associate - Security	Associate	11	56256.35	5	Non-Binary	Hispanic	33
1902	Sarah	Anthony	kimberlyfranklin@example.net	2025-04-02	NULL	Active	Associate - Supply Chain	Associate	12	64626.32	4	Female	Hispanic	43
1903	Ryan	Scott	christensenmartin@example.net	2022-10-19	NULL	Active	Associate - People Operations	Associate	4	43467.0	2	Other	Two or More	52
1904	Diane	Shaffer	lawrence34@example.org	2024-09-09	NULL	Active	Associate - Legal	Associate	6	73477.37	3	Non-Binary	African American	33
1905	Patricia	Williams	andersonharold@example.org	2024-05-26	NULL	Active	Associate - Internal Communications	Associate	15	74880.43	2	Female	Asian	33
1906	 Riley	Duffy	ucaldwell@example.org	2023-05-19	NULL	Active	Associate - Legal	Associate	6	54463.85	5	Male	African American	42
1907	John	Torres	jamie50@example.com	2025-07-10	NULL	Active	Associate - Corporate Strategy	Associate	14	64361.23	4	Male	African American	46
1908	Deborah	Rivera	victoria43@example.org	2026-07-12	NULL	Active	Associate - IT Support	Associate	10	47192.89	3	Non-Binary	African American	33
1909	Noah	Rivera	michael092@example.com	2024-06-18	2025-11-26	Terminated	Associate - Customer Success	Associate	9	67201.32	3	Male	African American	39
1910	David	Simpson	kristen57@example.net	2025-11-05	NULL	Active	Associate - People Operations	Associate	4	72525.52	5	Male	African American	31
1911	Jennifer	Reed	markdavenport@example.org	2025-09-14	NULL	Active	Executive Director - Finance	Executive Director	5	213076.1	4	Non-Binary	African American	40
1912	Justin	Smith	joel91@example.com	2022-03-18	NULL	Active	Associate - Supply Chain	Associate	12	68772.78	4	Other	Two or More	30
1913	Mark	Brown	jerryguzman@example.org	2024-11-30	NULL	Active	Associate - People Operations	Associate	4	41619.93	4	Male	Caucasian	42
1914	Pamela	Hansen	william86@example.net	2025-01-27	NULL	Active	Associate - Sales	Associate	8	49233.59	2	Non-Binary	Two or More	45
1915	Lisa	Gonzales	garciachristina@example.org	2026-06-07	NULL	Active	Associate - Marketing	Associate	7	53397.27	1	Non-Binary	Asian	40
1916	Melanie	Brown	hollysimmons@example.net	2021-10-27	NULL	Active	Associate - Marketing	Associate	7	55506.33	3	Other	African American	45
1917	David	Hughes	fharrington@example.net	2026-02-04	NULL	Active	Associate - Engineering	Associate	1	72713.5	2	Male	African American	24
1918	Tina	Johnson	rayjessica@example.org	2024-12-18	2025-11-01	Terminated	Supervisor/Lead - Sales	Supervisor/Lead	8	89743.68	4	Non-Binary	African American	33
1919	Michael	Miller	dfigueroa@example.net	2022-01-11	NULL	Active	Associate - Data Science	Associate	3	41665.2	1	Non-Binary	Two or More	39
1920	Vanessa	Obrien	castillojudy@example.com	2025-03-07	NULL	Active	Associate - Corporate Strategy	Associate	14	47599.19	5	Other	Caucasian	48
1921	James	Mccormick	rodneyking@example.com	2025-07-06	2026-07-07	Terminated	Supervisor/Lead - Corporate Strategy	Supervisor/Lead	14	58639.66	2	Non-Binary	Caucasian	47
1922	Andrea	Hunter	trujilloamber@example.org	2025-02-04	NULL	Active	Associate - Sales	Associate	8	57339.53	5	Female	Caucasian	33
1923	Kimberly	Berg	vmiller@example.org	2026-07-11	NULL	Active	Associate - Engineering	Associate	1	73985.47	3	Other	Caucasian	39
1924	Jeffrey	Valenzuela	sanderstyler@example.net	2021-10-20	NULL	Active	Associate - Legal	Associate	6	54941.23	3	Non-Binary	Caucasian	34
1925	Eric	Robertson	christinemurray@example.com	2024-09-23	NULL	Active	Associate - Corporate Strategy	Associate	14	51032.66	4	Male	Two or More	21
1926	Kenneth 	Davis	oserrano@example.com	2023-03-03	NULL	Active	Associate - Customer Success	Associate	9	52429.03	3	Male	Caucasian	33
1927	Michael	Hess	pwatson@example.org	2026-07-22	NULL	Active	Associate - Legal	Associate	6	57182.92	4	Male	African American	57
1928	Michelle	Williams	zbennett@example.com	2025-04-10	NULL	Active	Supervisor/Lead - Sales	Supervisor/Lead	8	65884.47	1	Other	African American	44
1929	Elizabeth	Martinez	garymitchell@example.com	2023-12-13	NULL	Active	Associate - Product	Associate	2	69516.56	3	Female	Asian	37
1930	John	Smith	christopher17@example.org	2025-03-26	NULL	Active	Associate - Finance	Associate	5	46921.01	4	Other	NULL	25
1931	Donald	Cooley	imartin@example.org	2024-04-01	NULL	Active	Manager - Facilities	Manager	13	78761.3	4	Male	African American	52
1932	Maria	Munoz	dhuffman@example.org	2023-10-14	NULL	Active	Associate - Facilities	Associate	13	56327.65	4	Other	Asian	43
1933	Jerry	Harmon	kimberlypeterson@example.com	2023-03-18	2025-07-24	Terminated	Associate - Corporate Strategy	Associate	14	54266.68	4	Other	Caucasian	30
1934	Jessica	Johnson	chapmanamy@example.org	2025-03-14	2026-01-12	Terminated	Associate - Customer Success	Associate	9	49005.51	5	Other	African American	47
1935	Patrick	Rodriguez	hfisher@example.com	2022-07-27	NULL	Active	Associate - Supply Chain	Associate	12	51219.88	3	Male	Caucasian	40
1936	Denise	Bishop	mcclainjeffrey@example.com	2024-09-05	2026-06-20	Terminated	Associate - Finance	Associate	5	73905.42	5	Female	Asian	39
1937	James	English	lindalevine@example.net	2024-11-07	NULL	Active	Associate - Facilities	Associate	13	63375.18	1	Male	Hispanic	40
1938	Karen	Pineda	ronaldmoyer@example.org	2026-04-09	NULL	Active	Associate - IT Support	Associate	10	71224.6	5	Non-Binary	Hispanic	42
1939	Kenneth	Mcbride	daniel04@example.net	2024-03-05	NULL	Active	Associate - Engineering	Associate	1	66137.87	3	Other	Hispanic	45
1940	Katherine	Nguyen	chelseajordan@example.org	2024-04-24	NULL	Active	Associate - IT Support	Associate	10	60759.9	4	Other	NULL	34
1941	William	Young	markrivera@example.com	2025-10-14	NULL	Active	Associate - Supply Chain	Associate	12	50362.56	2	Non-Binary	Hispanic	26
1942	Lindsay	Austin	ginakim@example.net	2025-05-31	NULL	Active	Associate - IT Support	Associate	10	57771.05	4	Non-Binary	Caucasian	46
1943	Rose	Parker	hburnett@example.org	2021-08-06	NULL	Active	Associate - Legal	Associate	6	69868.22	4	Female	Asian	44
1944	Brian	Patel	jasminegonzalez@example.net	2025-04-30	NULL	Active	Associate - Facilities	Associate	13	66563.34	3	Male	NULL	31
1945	Michael	Villarreal	ofranklin@example.net	2023-08-05	NULL	Active	Associate - People Operations	Associate	4	70802.33	5	Male	African American	41
1946	John	Anderson	nmorris@example.com	2022-09-02	NULL	Active	Associate - Quality Assurance	Associate	16	59121.92	2	Male	Two or More	34
1947	Dawn	Williams	eric49@example.net	2025-10-27	NULL	Active	Associate - Security	Associate	11	41880.15	3	Non-Binary	Caucasian	43
1948	Christopher	Nichols	zwilliams@example.com	2022-05-25	2023-12-03	Terminated	Supervisor/Lead - Customer Success	Supervisor/Lead	9	82213.8	3	Male	Hispanic	42
1949	Amanda	Clarke	paul85@example.net	2023-08-12	NULL	Active	Associate - Facilities	Associate	13	42959.23	3	Other	Asian	37
1950	Paul	Lynch	jacksonshelly@example.org	2023-06-14	NULL	Active	Associate - Engineering	Associate	1	66960.73	4	Other	Asian	39
1951	Troy	Wright	hooperaaron@example.net	2025-07-23	2025-08-22	Terminated	Associate - Data Science	Associate	3	50903.12	3	Male	Hispanic	30
1952	Steve	Mills	mistyowen@example.org	2022-12-17	NULL	Active	Supervisor/Lead - IT Support	Supervisor/Lead	10	81397.71	4	Male	Asian	35
1953	Bryan	Buck	latoyajefferson@example.com	2024-09-26	NULL	Active	Supervisor/Lead - Corporate Strategy	Supervisor/Lead	14	55666.4	4	Male	Hispanic	29
1954	Ellen	Evans	zharmon@example.org	2022-07-14	NULL	Active	Associate - Product	Associate	2	72292.98	5	Other	Two or More	37
1955	Haley	James	mitchelljessica@example.org	2025-03-29	NULL	Active	Associate - Security	Associate	11	74427.02	5	Other	Hispanic	47
1956	Melissa	Stewart	katieking@example.com	2023-10-21	NULL	Active	Assistant Manager - Sales	Assistant Manager	8	99926.31	3	Other	Asian	36
1957	Katrina	Kelley	donalddean@example.net	2022-01-24	NULL	Active	Associate - Quality Assurance	Associate	16	69202.29	4	Female	Caucasian	33
1958	Mark	Baker	jramos@example.org	2022-04-05	NULL	Active	Associate - Supply Chain	Associate	12	44712.07	3	Non-Binary	African American	37
1959	Joshua	Graves	millerebony@example.net	2024-08-18	NULL	Active	Associate - Quality Assurance	Associate	16	68129.97	1	Other	Caucasian	37
1960	Jamie	Wilson	brandonmann@example.net	2026-03-27	NULL	Active	Associate - Security	Associate	11	46043.29	4	Female	Two or More	30
1961	Evelyn	Rose	kbond@example.com	2022-10-19	NULL	Active	Associate - Security	Associate	11	54393.87	2	Female	NULL	52
1962	Jeremy	Cruz	marissagreen@example.com	2024-03-10	NULL	Active	Associate - Supply Chain	Associate	12	56763.47	2	Male	African American	42
1963	Juan	Miller	nicholsheather@example.com	2022-10-20	NULL	Active	Associate - Supply Chain	Associate	12	74965.24	3	Male	Caucasian	46
1964	Debbie	Bennett	bowerspatty@example.com	2021-12-21	NULL	Active	Associate - Facilities	Associate	13	74237.98	3	Female	Caucasian	25
1965	Louis	Franklin	jesse25@example.org	2021-11-12	NULL	Active	Supervisor/Lead - Facilities	Supervisor/Lead	13	86905.92	4	Male	Caucasian	33
1966	Jonathan	Kaufman	jpennington@example.org	2023-06-05	NULL	Active	Supervisor/Lead - Engineering	Supervisor/Lead	1	56485.19	4	Non-Binary	African American	41
1967	Anna	Mcmillan	gholland@example.com	2024-07-10	NULL	Active	Associate - Customer Success	Associate	9	47358.67	3	Female	Hispanic	32
1968	Laura	Neal	brenda62@example.com	2022-06-06	NULL	Active	Supervisor/Lead - Legal	Supervisor/Lead	6	74026.39	5	Other	Two or More	37
1969	Melissa	Combs	james50@example.com	2021-12-24	NULL	Active	Associate - Engineering	Associate	1	46118.94	4	Female	Asian	37
1970	David	Powers	brandtsamuel@example.net	2024-11-28	NULL	Active	Associate - IT Support	Associate	10	61599.5	1	Other	Two or More	42
1971	Christopher	Phillips	huntchristopher@example.org	2024-08-26	NULL	Active	Associate - IT Support	Associate	10	41914.86	4	Other	Caucasian	58
1972	Brett	Wilkerson	thompsonmalik@example.com	2022-01-08	2024-03-23	Terminated	Associate - Legal	Associate	6	53090.47	3	Non-Binary	Asian	66
1973	Diana	Mason	atkinsbarbara@example.net	2026-05-07	NULL	Active	Associate - Internal Communications	Associate	15	65612.31	2	Female	Hispanic	44
1974	Amanda	Morales	kevinthomas@example.org	2024-11-28	2026-07-04	Terminated	Associate - Legal	Associate	6	54032.15	3	Non-Binary	African American	45
1975	Donald	Miller	mathissusan@example.com	2024-11-23	NULL	Active	Associate - People Operations	Associate	4	71943.63	3	Other	Hispanic	29
1976	Stephanie	Smith	juarezlinda@example.net	2022-11-07	NULL	Active	Associate - Finance	Associate	5	40707.35	2	Other	Caucasian	32
1977	Brandon	Harris	robert47@example.com	2025-01-14	NULL	Active	Associate - Internal Communications	Associate	15	65033.78	1	Male	Caucasian	42
1978	David	Leon	jennygonzales@example.org	2025-03-17	2025-09-30	Terminated	Associate - Internal Communications	Associate	15	58782.51	4	Other	Two or More	44
1979	Rebecca	Kim	idelacruz@example.net	06/30/2025	NULL	Active	Associate - Product	Associate	2	67697.3	3	Other	Two or More	43
1980	Sabrina	Solis	pmolina@example.com	2024-08-20	2026-03-21	Terminated	Supervisor/Lead - Data Science	Supervisor/Lead	3	87841.55	2	Female	Caucasian	66
1981	Gregory	Walters	richardjackson@example.net	2024-10-27	NULL	Active	Associate - Supply Chain	Associate	12	55230.28	3	Male	Hispanic	43
1982	Steven	Richards	kennethhubbard@example.com	2026-05-03	NULL	Active	Associate - IT Support	Associate	10	42630.85	3	Other	Asian	47
1983	Patricia	Morris	hineswillie@example.org	2024-06-21	NULL	Active	Supervisor/Lead - Product	Supervisor/Lead	2	65877.86	3	Other	Asian	43
1984	Garrett	Hill	jessicarowland@example.net	2023-12-15	NULL	Active	Manager - Internal Communications	Manager	15	95503.3	5	Male	African American	43
1985	Shawn	Mack	angela13@example.com	2024-10-11	NULL	Active	Associate - Marketing	Associate	7	71577.47	2	Male	Two or More	45
1986	Arthur	Bishop	leonrobert@example.com	2024-08-14	NULL	Active	Associate - Legal	Associate	6	58323.15	2	Non-Binary	Caucasian	27
1987	Joyce	Williamson	jjackson@example.org	2025-02-05	NULL	Active	Supervisor/Lead - Sales	Supervisor/Lead	8	89384.94	2	Other	Asian	21
1988	Matthew	Crawford	timothy42@example.net	2026-05-16	NULL	Active	Associate - People Operations	Associate	4	55736.91	5	Non-Binary	Asian	39
1989	Julia	Gray	cheryl52@example.com	2026-03-17	NULL	Active	Assistant Manager - Corporate Strategy	Assistant Manager	14	67504.8	4	Other	Hispanic	52
1990	Mary	Galvan	erik02@example.org	2026-03-15	NULL	Active	Associate - Finance	Associate	5	64663.62	4	Female	Caucasian	25
1991	Shelley	Smith	ambermckee@example.net	2021-09-08	NULL	Active	Supervisor/Lead - Customer Success	Supervisor/Lead	9	76856.72	5	Other	Caucasian	57
1992	John	Butler	pperry@example.com	2026-07-16	NULL	Active	Associate - Data Science	Associate	3	60862.72	3	Non-Binary	Hispanic	32
1993	Nichole	Webster	wmyers@example.org	2026-03-27	NULL	Active	Associate - Supply Chain	Associate	12	40494.3	NULL	Female	Caucasian	26
1994	Jeremy	Jones	julianbrown@example.org	2021-09-23	NULL	Active	Associate - People Operations	Associate	4	67015.46	4	Male	Caucasian	43
1995	William	Larson	marc24@example.com	2024-12-27	NULL	Active	Supervisor/Lead - Legal	Supervisor/Lead	6	88783.31	3	Other	Hispanic	58
1996	Stephanie	Pena	jmiller@example.net	2025-11-30	NULL	Active	Associate - Supply Chain	Associate	12	74020.06	3	NULL	Caucasian	45
1997	Charles	Vaughn	ywilliams@example.net	2022-02-25	NULL	Active	Associate - Security	Associate	11	68195.46	3	Male	African American	48
1998	Chad	Johnson	fflores@example.org	2024-09-20	NULL	Active	Supervisor/Lead - Finance	Supervisor/Lead	5	65588.46	5	Male	Caucasian	40
1999	Briana	Snyder	stevenrodriguez@example.net	2024-01-24	2025-11-25	Terminated	Assistant Manager - Supply Chain	Assistant Manager	12	79418.27	5	Non-Binary	Two or More	30
2000	Tracy	Giles	thomaslewis@example.net	2023-10-09	NULL	Active	Associate - Sales	Associate	8	49015.9	3	Other	Hispanic	44
2001	Christopher	Lee	michael60@example.com	2024-08-04	NULL	Active	Associate - Finance	Associate	5	61533.3	1	Male	Two or More	25
2002	Michael	Chang	chapmanrebecca@example.org	2021-08-01	NULL	Active	Assistant Manager - Supply Chain	Assistant Manager	12	98656.73	2	Non-Binary	NULL	49
2003	Michael	Copeland	davisrachel@example.net	2024-03-05	NULL	Active	Associate - Data Science	Associate	3	56613.18	4	Non-Binary	Caucasian	45
2004	Wanda	Noble	ocarr@example.com	2024-11-25	NULL	Active	Assistant Manager - Finance	Assistant Manager	5	66650.15	NULL	Female	Caucasian	32
2005	Kevin	Mayer	wrightjohn@example.com	07/22/2023	NULL	Active	Supervisor/Lead - Finance	Supervisor/Lead	5	61172.58	2	Male	Two or More	29
2006	Melissa	Rogers	qbranch@example.net	2023-03-16	NULL	Active	Associate - Facilities	Associate	13	48006.09	2	Non-Binary	Asian	37
2007	Jacqueline  	Edwards	brookewhite@example.net	2025-03-01	NULL	Active	Associate - People Operations	Associate	4	50085.17	3	Female	NULL	32
2008	John	Perry	dsalas@example.net	2026-03-20	2026-05-31	Terminated	Assistant Manager - Internal Communications	Assistant Manager	15	93607.11	2	Non-Binary	African American	33
2009	Denise	Smith	nicholas43@example.net	2024-08-29	NULL	Active	Domain Director - Customer Success	Domain Director	9	173619.73	3	Female	Caucasian	39
2010	Jacob	Martin	hayesstacy@example.org	2025-09-23	NULL	Active	Associate - Product	Associate	2	68479.28	2	Male	Asian	21
2011	Joseph	Hill	omarcisneros@example.com	2026-06-21	NULL	Active	Manager - Corporate Strategy	Manager	14	112122.29	3	Male	African American	52
2012	Amy	Peters	peter14@example.org	2023-07-12	NULL	Active	Supervisor/Lead - Quality Assurance	Supervisor/Lead	16	55761.41	2	Female	Caucasian	26
2013	Jenna	Mcclure	jamie09@example.com	2024-08-17	NULL	Active	Associate - Engineering	Associate	1	49173.89	4	Other	Two or More	37
2014	Troy	Cobb	gjones@example.net	2025-02-26	NULL	Active	Associate - People Operations	Associate	4	47202.3	3	Male	African American	38
2015	Melissa	Hoover	angela46@example.org	2024-09-26	NULL	Active	Associate - Security	Associate	11	40879.7	3	Non-Binary	African American	33
2016	Susan	Stone	johnsondoris@example.net	2024-03-05	NULL	Active	Supervisor/Lead - Data Science	Supervisor/Lead	3	67758.92	5	Female	Hispanic	37
2017	Jennifer	Molina	zwilliams@example.net	2022-03-16	NULL	Active	Associate - Product	Associate	2	47096.12	3	Female	Two or More	41
2018	Lori	Swanson	ahudson@example.org	2024-08-02	2024-11-13	Terminated	Associate - Corporate Strategy	Associate	14	62873.31	3	Other	Caucasian	28
2019	Natalie	Brooks	padillamadison@example.net	2022-01-08	2025-01-01	Terminated	Associate - People Operations	Associate	4	54289.44	2	Other	Two or More	37
2020	Sandra	Henry	kathy84@example.com	2023-12-25	NULL	Active	Associate - Data Science	Associate	3	NULL	2	Female	Asian	39
2021	Nicole	Boyd	meganwyatt@example.com	2022-09-26	NULL	Active	Associate - Corporate Strategy	Associate	14	48814.26	4	Other	Asian	44
2022	Michael	Carr	greenjeremy@example.org	2024-01-31	NULL	Active	Associate - Legal	Associate	6	70652.21	2	Male	African American	22
2023	Dillon	Young	omccormick@example.com	2022-02-16	NULL	Active	Manager - Engineering	Manager	1	97577.65	4	Male	Caucasian	42
2024	Jose	Stafford	angelamorrison@example.com	2025-12-28	NULL	Active	Assistant Manager - IT Support	Assistant Manager	10	76290.01	4	Non-Binary	African American	41
2025	Dennis	Solis	robert56@example.org	2023-10-05	NULL	Active	Associate - Corporate Strategy	Associate	14	72086.0	NULL	Other	Asian	29
2026	Brian	Lloyd	jenny13@example.org	05/21/2023	NULL	Active	Associate - Internal Communications	Associate	15	60829.74	2	Male	African American	32
2027	Emily	Brown	ymejia@example.org	2022-07-17	NULL	Active	Associate - Legal	Associate	6	41926.04	4	Female	Hispanic	42
2028	Vincent	Brown	steven73@example.net	2022-06-03	NULL	Active	Manager - Product	Manager	2	107031.39	1	Male	Caucasian	44
2029	Jacob	Rice	tdixon@example.net	2022-02-20	2026-05-20	Terminated	Supervisor/Lead - Finance	Supervisor/Lead	5	81109.6	3	Non-Binary	African American	51
2030	Marilyn	Schroeder	colekenneth@example.com	2024-12-16	NULL	Active	Associate - IT Support	Associate	10	46505.31	2	NULL	Asian	46
2031	Michael	Martin	ldunn@example.net	2024-11-30	2025-01-22	Terminated	Associate - People Operations	Associate	4	56185.04	2	Male	Hispanic	52
2032	Barbara	Benson	mary60@example.com	2023-03-28	NULL	Active	Associate - Finance	Associate	5	45304.23	5	Female	Asian	41
2033	Amy	Richardson	EDWARDSRICHARD@EXAMPLE.COM	2024-12-07	NULL	Active	Supervisor/Lead - Marketing	Supervisor/Lead	7	67214.95	NULL	Other	Two or More	52
2034	Lisa	Malone	heidi36@example.net	2024-05-28	NULL	Active	Associate - Facilities	Associate	13	45287.09	4	Non-Binary	African American	43
2035	Randy	Ballard	jimwolfe@example.com	2022-09-17	NULL	Active	Associate - IT Support	Associate	10	63172.8	3	Non-Binary	NULL	52
2036	Miranda	Miller	perryjohn@example.net	2026-06-05	NULL	Active	Associate - Customer Success	Associate	9	51147.25	4	Non-Binary	Hispanic	22
2037	Nicholas	Martin	bradleyrichards@example.net	2024-05-17	NULL	Active	Associate - Customer Success	Associate	9	70849.82	4	Male	Caucasian	31
2038	Dwayne	Ford	vickie84@example.com	03/25/2026	2026-06-23	Terminated	Associate - Engineering	Associate	1	60586.33	2	Male	Caucasian	43
2039	David	Floyd	christopherlopez@example.com	2021-09-22	2023-03-27	Terminated	Associate - Marketing	Associate	7	65231.32	4	Male	Two or More	NULL
2040	Steven	Molina	omoore@example.com	2023-03-27	NULL	Active	Associate - Supply Chain	Associate	12	68879.95	1	Male	Asian	36
2041	Samuel	Wolf	ashleyking@example.org	2024-12-15	NULL	Active	Associate - Legal	Associate	6	46274.24	2	Male	Two or More	39
2042	Ann	Chang	pamela65@example.net	2021-10-06	NULL	Active	Associate - Customer Success	Associate	9	54911.28	5	Other	Two or More	36
2043	Jessica	Mitchell	gary14@example.org	2025-01-08	NULL	Active	Supervisor/Lead - Legal	Supervisor/Lead	6	75205.26	2	Female	Asian	41
2044	Tracy	Patterson	michael83@example.org	2024-10-09	NULL	Active	Associate - IT Support	Associate	10	43874.96	4	Female	Hispanic	42
2045	Edward	Smith	susancarrillo@example.net	2023-09-24	2026-02-17	Terminated	Supervisor/Lead - Facilities	Supervisor/Lead	13	81502.03	3	Male	Hispanic	53
2046	Tommy	Roberts	hansenwilliam@example.org	2022-02-17	2024-04-25	Terminated	Associate - Security	Associate	11	69503.58	3	Other	Caucasian	53
2047	Tyler	Myers	nwilliams@example.com	2024-02-21	NULL	Active	Associate - People Operations	Associate	4	66758.77	4	Other	Asian	44
2048	Kristin	Wells	dmolina@example.net	2022-06-09	NULL	Active	Associate - Marketing	Associate	7	49603.21	3	Female	Caucasian	46
2049	Rachel	Williams	flamb@example.net	2026-03-01	NULL	Active	Associate - Product	Associate	2	52331.08	2	Other	Hispanic	26
2050	Andre	Cole	shannon59@example.com	2025-08-19	NULL	Active	Assistant Manager - Quality Assurance	Assistant Manager	16	75741.43	1	Other	Hispanic	37
2051	Martha	Black	tuckerjoseph@example.org	2026-04-10	NULL	Active	Associate - People Operations	Associate	4	53392.3	3	Other	Caucasian	29
2052	Damon	Rojas	jennifer75@example.org	2021-09-04	NULL	Active	Associate - Marketing	Associate	7	45372.57	1	Male	Caucasian	33
2053	James	Williams	robert72@example.org	2021-10-08	NULL	Active	Associate - Corporate Strategy	Associate	14	44265.16	3	Other	Hispanic	54
2054	Haley	Lamb	pgarcia@example.net	2025-04-30	NULL	Active	Supervisor/Lead - Marketing	Supervisor/Lead	7	57624.22	4	Female	Two or More	43
2055	Kara	Clark	alexisschmidt@example.net	2022-01-24	NULL	Active	associate - customer success	Associate	9	70428.6	4	Female	African American	32
2056	Christopher	Ramos	yblanchard@example.org	2026-01-18	NULL	Active	Associate - People Operations	Associate	4	62710.26	4	Other	Asian	39
2057	Kimberly	Porter	torresbrandon@example.com	2023-04-27	2025-03-01	Terminated	Supervisor/Lead - Data Science	Supervisor/Lead	3	68543.28	4	Female	Hispanic	43
2058	Allen	Morris	stephenstracy@example.com	2023-01-17	NULL	Active	Associate - People Operations	Associate	4	58711.07	3	Other	Caucasian	42
2059	William	Jenkins	robert14@example.com	2023-08-28	2025-11-17	Terminated	Associate - Supply Chain	Associate	12	62480.07	NULL	Male	Asian	21
2060	Katie	  Miles	bcollins@example.net	2024-11-03	NULL	Active	Associate - Marketing	Associate	7	50389.14	4	Female	African American	42
2061	Kelly	Tran	emilymartinez@example.org	2022-02-09	NULL	Active	Associate - IT Support	Associate	10	40075.37	3	Female	Caucasian	42
2062	Heather	Blake	nhawkins@example.com	2022-12-26	NULL	Active	Supervisor/Lead - Quality Assurance	Supervisor/Lead	16	70056.65	3	Other	Hispanic	22
2063	Gary	Johnson	smithalexandra@example.net	2024-04-15	2024-07-22	Terminated	Supervisor/Lead - Product	Supervisor/Lead	2	67456.35	2	Male	Caucasian	44
2064	Evan	Serrano	walkerwendy@example.net	2024-02-18	2024-07-12	Terminated	Supervisor/Lead - Security	Supervisor/Lead	11	70038.82	2	Male	Two or More	38
2065	Maureen	Conner	carterrobert@example.org	2024-09-08	NULL	Active	Associate - Quality Assurance	Associate	16	67587.67	4	Female	African American	31
2066	David	Mosley	kreed@example.org	2024-11-28	NULL	Active	Associate - Engineering	Associate	1	59840.59	3	Male	Asian	36
2067	Patrick	Mcdonald	jodi58@example.net	2025-09-10	NULL	Active	Associate - IT Support	Associate	10	55681.61	4	Other	African American	50
2068	Jennifer	Curry	sandra12@example.com	2021-07-06	NULL	Active	Associate - Corporate Strategy	Associate	14	53004.94	3	Female	Asian	38
2069	Jackie	Mcfarland	donaldreyes@example.com	2023-05-13	NULL	Active	Manager - Security	Manager	11	80968.64	3	Female	Two or More	46
2070	Christopher	Jones	christina00@example.org	2025-05-27	2026-01-15	Active	Associate - Internal Communications	Associate	15	59548.26	4	Male	Caucasian	39
2071	Katie	Maynard	christina00@example.com	2025-11-20	NULL	Active	Associate - Sales	Associate	8	71833.07	3	Non-Binary	Caucasian	46
2072	Susan	Huynh	theresa41@example.net	2023-11-30	2025-10-13	Terminated	Supervisor/Lead - Corporate Strategy	Supervisor/Lead	14	67636.72	2	NULL	Two or More	49
2073	Carl	Cunningham	hughesalice@example.com	2022-03-29	NULL	Active	Associate - Engineering	Associate	1	59590.1	2	Non-Binary	Hispanic	35
2074	Jeffery	Collins	andersenronald@example.com	2023-10-27	NULL	Active	Associate - Facilities	Associate	13	70262.38	5	Other	Caucasian	49
2075	Richard	Patel	jacobbrooks@example.com	2022-06-30	NULL	Active	Associate - Facilities	Associate	13	62266.44	2	Non-Binary	Hispanic	35
2076	Samantha	Lewis	craigjohnson@example.org	2021-11-16	2023-07-20	Terminated	Associate - Legal	Associate	6	45583.04	1	Female	Asian	43
2077	Felicia	Delacruz	michellerodriguez@example.org	2023-08-17	2026-04-29	Terminated	Associate - People Operations	Associate	4	46079.82	4	Female	Two or More	48
2078	Eric	Carlson	abrowning@example.com	2021-10-07	NULL	Active	Associate - People Operations	Associate	4	62202.0	4	Other	Hispanic	34
2079	Anita	Moreno	theresa76@example.com	2021-11-10	NULL	Active	Associate - People Operations	Associate	4	50328.88	2	Other	Two or More	30
2080	Dominic	Nichols	johnsonalbert@example.net	2022-04-13	2025-02-27	Terminated	Supervisor/Lead - Sales	Supervisor/Lead	8	83953.1	3	Male	African American	47
2081	Jeffrey	Leach	robert15@example.net	2024-07-31	NULL	Active	Supervisor/Lead - Finance	Supervisor/Lead	5	84927.81	4	Male	Asian	48
2082	Donna	Smith	smontoya@example.net	2024-07-19	NULL	Active	Associate - Data Science	Associate	3	45382.86	3	Female	African American	52
2083	Robert	Silva	hilljoshua@example.net	2024-07-04	NULL	Active	Associate - People Operations	Associate	4	70309.61	2	Male	Asian	35
2084	Albert	Jackson	johnsonchris@example.org	2021-09-06	NULL	Active	Associate - IT Support	Associate	10	62634.06	1	Other	Hispanic	37
2085	Teresa	Hughes	gary35@example.net	2026-06-07	NULL	Active	Assistant Manager - Facilities	Assistant Manager	13	94792.36	3	Female	Asian	41
2086	Lisa	David	alexmurphy@example.net	2021-11-21	NULL	Active	Manager - Legal	Manager	6	95952.76	NULL	Female	Asian	NULL
2087	James	Santiago	danielking@example.com	2022-03-23	NULL	Active	associate - engineering	Associate	1	64326.51	3	Other	Caucasian	38
2088	Carlos	Stevens	marynelson@example.org	2022-03-08	NULL	Active	Associate - Legal	Associate	6	45758.0	5	Other	Caucasian	43
2089	Rebecca	Rhodes	marissa34@example.net	2022-12-10	NULL	Active	Associate - Sales	Associate	8	64378.17	3	Other	Two or More	30
2090	Margaret	Dixon	allisonjensen@example.com	2025-01-21	NULL	Active	Associate - Customer Success	Associate	9	57916.91	3	Other	Asian	49
2091	Leslie  	Le	robert13@example.com	2021-09-03	2025-05-28	Terminated	Associate - Data Science	Associate	3	55792.9	4	Female	Hispanic	41
2092	Daniel	Morrison	nguyenchloe@example.net	2023-11-24	NULL	Active	Associate - Supply Chain	Associate	12	65439.52	3	Male	Two or More	53
2093	Nancy	Norman	tony92@example.com	2023-05-23	2024-10-17	Terminated	Associate - Marketing	Associate	7	74384.54	2	Female	Hispanic	45
2094	Donna	Alvarez	iedwards@example.org	2022-08-11	NULL	Active	Supervisor/Lead - IT Support	Supervisor/Lead	10	58931.76	4	Other	Two or More	35
2095	Paul	Freeman	raymondfloyd@example.com	2026-02-10	NULL	Active	Manager - Corporate Strategy	Manager	14	110196.49	5	Non-Binary	Two or More	55
2096	Jacob	Bowman	ramosgerald@example.com	2022-07-14	2023-07-07	Terminated	Associate - Product	Associate	2	52707.09	3	Other	Two or More	31
2097	Russell	Smith	todd30@example.com	2023-12-23	NULL	Active	Associate - Internal Communications	Associate	15	47365.29	5	Male	Two or More	43
2098	Maria	Roman	gonzalezchristopher@example.com	2025-09-06	NULL	Active	Associate - Supply Chain	Associate	12	52432.8	3	Non-Binary	Asian	56
2099	Lisa	Nguyen	ghumphrey@example.com	2021-09-13	NULL	Active	Associate - People Operations	Associate	4	56225.21	3	Non-Binary	Asian	26
2100	Ronald	Mahoney	amy11@example.com	02/01/2024	NULL	Active	Supervisor/Lead - People Operations	Supervisor/Lead	4	73799.64	2	Non-Binary	Asian	45
2101	Sarah	Douglas	carla11@example.com	2021-08-23	2022-08-16	Terminated	Associate - Corporate Strategy	Associate	14	65631.92	3	Female	Two or More	29
2102	Michael	Jackson	michael37@example.com	2023-12-02	NULL	Active	Associate - People Operations	Associate	4	66341.73	2	Male	Two or More	39
2103	Rose	Marshall	williamscaitlin@example.com	2023-02-28	NULL	Active	Associate - Internal Communications	Associate	15	47679.76	3	Female	African American	54
2104	Michaela	Adams	patrickcortez@example.org	2025-10-02	NULL	Active	Supervisor/Lead - Security	Supervisor/Lead	11	79445.29	3	Non-Binary	Two or More	22
2105	Paige	Powell	lewisalyssa@example.net	2024-01-04	NULL	Active	Associate - Product	Associate	2	66142.12	3	Non-Binary	Two or More	34
2106	Lori	King	robertsjames@example.org	2025-02-20	2025-03-29	Terminated	Associate - Facilities	Associate	13	48898.46	2	NULL	African American	42
2107	Jon	Martinez	lbryan@example.org	2025-08-04	NULL	Active	Associate - Marketing	Associate	7	67521.83	3	Male	Hispanic	45
2108	Nancy	Russell	michael15@example.net	2022-01-02	2023-11-24	Terminated	Associate - Data Science	Associate	3	58338.15	2	Non-Binary	Asian	41
2109	Timothy	Thompson	ijohnson@example.net	2022-05-20	2026-05-10	Terminated	Associate - Marketing	Associate	7	65417.82	3	Male	NULL	45
2110	Kathy	Buckley	bradshawsusan@example.net	2023-07-07	NULL	Active	Associate - Product	Associate	2	71508.29	2	Female	Asian	56
2111	Spencer	Griffin	linnicholas@example.org	2024-11-11	NULL	Active	Associate - People Operations	Associate	4	61580.67	3	Male	NULL	24
2112	Robert	Taylor	joycejackson@example.com	06/19/2025	NULL	Active	Associate - Facilities	Associate	13	72448.73	3	Male	Hispanic	33
2113	Sharon	Edwards	martindonna@example.com	2023-03-25	NULL	Active	ASSOCIATE - SALES	Associate	8	43495.71	3	Female	Caucasian	33
2114	Chelsea	Davis	wbowen@example.org	2023-01-26	NULL	Active	Associate - Product	Associate	2	-44767.69	3	Female	Hispanic	38
2115	Melissa	Hensley	kaiserjacqueline@example.org	2021-12-14	NULL	Active	Manager - Internal Communications	Manager	15	79879.75	2	Female	Asian	21
2116	Jacqueline	Michael	vanderson@example.com	2023-12-26	NULL	Active	Associate - Internal Communications	Associate	15	45777.82	3	Female	African American	49
2117	Craig	Mitchell	duaneking@example.com	2026-06-02	NULL	Active	Associate - Corporate Strategy	Associate	14	48920.35	2	Male	African American	40
2118	Daniel	Hamilton	brendawilliams@example.net	2024-04-02	NULL	Active	Associate - Finance	Associate	5	70616.45	4	Other	African American	29
2119	Savannah	Moore	michael95@example.net	2024-09-07	NULL	Active	Associate - People Operations	Associate	4	71285.42	4	Female	African American	42
2120	Monique	Turner	ambervance@example.net	2026-02-08	NULL	Active	Associate - Data Science	Associate	3	61944.81	4	Other	African American	46
2121	Anthony	Thompson	qhale@example.net	2026-07-21	NULL	Active	Associate - Facilities	Associate	13	59416.88	3	Male	Hispanic	40
2122	Jason	Bullock	christinaflores@example.org	2025-06-24	NULL	Active	SUPERVISOR/LEAD - DATA SCIENCE	Supervisor/Lead	3	57545.06	3	Other	Hispanic	25
2123	Valerie	Lee	gutierrezcharles@example.org	2025-04-26	NULL	Active	Supervisor/Lead - Facilities	Supervisor/Lead	13	87469.2	2	Other	Asian	48
2124	Tina	Campbell	tamaraponce@example.org	2024-08-11	NULL	Active	Associate - Corporate Strategy	Associate	14	50294.95	3	Non-Binary	African American	25
2125	Sophia	Miller	jennifermiller@example.com	2025-01-26	NULL	Active	Associate - Supply Chain	Associate	12	42909.32	5	Female	Asian	40
2126	Tiffany	White	gallegosdebra@example.com	2024-11-01	NULL	Active	Assistant Manager - Internal Communications	Assistant Manager	15	92607.68	3	Other	Hispanic	21
2127	Paul	Williams	timothyschneider@example.org	2025-10-13	NULL	Active	Associate - IT Support	Associate	10	50647.44	4	Non-Binary	Asian	30
2128	Jerry	Larson	jennifer47@example.com	2023-08-31	NULL	Active	Manager - People Operations	Manager	4	83682.21	1	Male	Hispanic	40
2129	Debbie	Nguyen	hawkinsjohnny@example.org	2023-10-19	NULL	Active	Associate - Facilities	Associate	13	71324.48	1	Female	Hispanic	21
2130	Amanda	Fernandez	hmitchell@example.net	2024-01-23	NULL	Active	Associate - Product	Associate	2	60495.53	2	Female	African American	26
2131	Michael	Warner	kmartin@example.com	2023-01-31	NULL	Active	Associate - Engineering	Associate	1	63269.12	5	NULL	Asian	37
2132	Laura	Gibson	ana77@example.net	2021-12-02	2025-07-23	Terminated	Associate - Engineering	Associate	1	65736.68	4	Non-Binary	African American	50
2133	Johnathan	Johnson	rmoon@example.org	2026-01-23	NULL	Active	Associate - Corporate Strategy	Associate	14	54904.76	4	Male	Caucasian	43
2134	Chelsea	Smith	hconner@example.com	2022-11-17	NULL	Active	Associate - Legal	Associate	6	55756.46	1	Female	African American	32
2135	Charlene	Henderson	aguirresteven@example.org	2024-01-13	2026-01-05	Terminated	Associate - Corporate Strategy	Associate	14	64830.82	3	Female	African American	43
2136	Claire	Rice	eric32@example.com	2024-12-03	NULL	Active	Associate - Engineering	Associate	1	57702.49	4	Non-Binary	Caucasian	54
2137	Jennifer	Lewis	feliciacampbell@example.net	2022-06-06	NULL	Active	Supervisor/Lead - Facilities	Supervisor/Lead	13	61508.86	3	Female	Asian	32
2138	Carolyn	Farley	ruben54@example.net	2022-04-07	NULL	Active	Associate - Supply Chain	Associate	12	41271.79	3	Female	Hispanic	42
2139	Mary	Sharp	marypatterson@example.com	2022-12-21	NULL	Active	Associate - Facilities	Associate	13	54551.83	5	Non-Binary	Hispanic	37
2140	Janet	Combs	veronica32@example.net	2024-05-20	NULL	Active	Manager - IT Support	Manager	10	116658.36	5	Other	Caucasian	35
2141	Kelly	Turner	bporter@example.com	2021-08-20	NULL	Active	Associate - People Operations	Associate	4	50657.31	3	Female	NULL	36
2142	Madison	Gilbert	ubrown@example.org	2026-01-17	NULL	Active	Supervisor/Lead - Finance	Supervisor/Lead	5	60846.67	5	Female	African American	45
2143	Susan	Roth	joshuarichardson@example.com	2023-03-08	NULL	Active	Supervisor/Lead - Engineering	Supervisor/Lead	1	82972.44	4	Non-Binary	Asian	35
2144	Kristin	Smith	donna83@example.org	2023-09-28	NULL	Active	Assistant Manager - Finance	Assistant Manager	5	99565.03	2	Female	Hispanic	47
2145	Stephanie	Smith	chamberssean@example.com	2024-03-27	NULL	Active	Supervisor/Lead - Quality Assurance	Supervisor/Lead	16	69794.38	4	Non-Binary	Hispanic	53
2146	Daniel	Miller	hendersonluis@example.org	2021-09-03	2025-12-06	Terminated	Associate - IT Support	Associate	10	56508.96	4	Other	Asian	43
2147	Drew	White	christine97@example.org	2024-12-01	NULL	Active	Domain Director - Marketing	Domain Director	7	149258.95	3	Male	NULL	21
2148	Jared	Williams	carlhansen@example.org	2024-07-15	NULL	Active	Associate - Supply Chain	Associate	12	66119.86	5	Other	Caucasian	39
2149	Candace	Lutz	harrisshawn@example.org	2022-11-11	NULL	Active	Associate - Internal Communications	Associate	15	46544.53	3	Female	Caucasian	42
2150	Trevor	Hill	longdavid@example.com	2022-10-09	NULL	Active	Associate - Legal	Associate	6	46973.15	4	Other	Hispanic	34
2151	David	Smith	rhonda22@example.com	2024-11-12	NULL	Active	Supervisor/Lead - Corporate Strategy	Supervisor/Lead	14	58432.85	4	Male	Hispanic	30
2152	Kim	Rodriguez	ujohnson@example.org	2025-05-09	NULL	Active	Associate - Finance	Associate	5	44059.95	4	Female	Hispanic	51
2153	Brett	Small	eholder@example.net	2022-07-07	NULL	Active	Associate - People Operations	Associate	4	74143.71	5	Male	African American	39
2154	Laura	Waller	gbarr@example.net	2024-11-05	2026-04-20	Terminated	Associate - Sales	Associate	8	42869.16	1	Female	Asian	37
2155	Alan	Russo	vburton@example.org	2025-07-09	NULL	Active	Associate - Sales	Associate	8	71904.43	4	Male	Asian	31
2156	Angelica	Ramos	kevin75@example.org	2023-11-13	NULL	Active	Associate - Customer Success	Associate	9	62165.5	3	Non-Binary	NULL	38
2157	Charles	King	umorales@example.com	2022-12-20	2025-03-21	Terminated	Associate - Legal	Associate	6	44416.06	2	Other	Asian	43
2158	Cody	Bennett	john022@example.net	2022-06-02	NULL	Active	Assistant Manager - Internal Communications	Assistant Manager	15	66766.36	5	Non-Binary	Hispanic	23
2159	Cameron	Simpson	nicholasmason@example.com	2025-07-28	NULL	Active	Associate - Sales	Associate	8	74137.92	3	Non-Binary	Caucasian	47
2160	Marco	Cervantes	hjohnson@example.org	2023-07-09	NULL	Active	Associate - People Operations	Associate	4	58687.91	4	Male	African American	40
2161	Suzanne	Wilkins	wmarsh@example.net	2025-12-27	NULL	Active	Associate - Engineering	Associate	1	51912.53	3	Other	African American	30
2162	Joanne	Williams	johnscourtney@example.org	2025-07-16	NULL	Active	Associate - Quality Assurance	Associate	16	54133.96	3	Non-Binary	Hispanic	28
2163	Melissa	Rose	gpark@example.org	2022-09-09	NULL	Active	Associate - Legal	Associate	6	64802.2	4	NULL	Caucasian	36
2164	Heidi	Brooks	diazzachary@example.org	2023-12-19	NULL	Active	Associate - Data Science	Associate	3	72343.43	2	Female	Asian	44
2165	Charles	Sandoval	ERICKSONALEJANDRO@EXAMPLE.COM	2022-09-11	NULL	Active	Supervisor/Lead - Supply Chain	Supervisor/Lead	12	78607.94	3	Other	Caucasian	51
2166	Melissa	Clark	martineric@example.org	2023-09-12	NULL	Active	Associate - IT Support	Associate	10	48008.49	4	Female	Caucasian	38
2167	Madison	Anderson	kimwallace@example.net	07/07/2021	NULL	Active	Associate - Marketing	Associate	7	74532.19	3	Other	Caucasian	38
2168	Thomas	Taylor	kennethvillanueva@example.net	2021-12-24	NULL	Active	Associate - Facilities	Associate	13	55637.74	4	Male	African American	37
2169	Mary	Dillon	smithcraig@example.com	2021-09-17	2024-06-04	Terminated	Supervisor/Lead - Facilities	Supervisor/Lead	13	83667.95	5	Non-Binary	Two or More	41
2170	Stephen	Evans	jessicapeters@example.net	2022-11-09	NULL	Active	Associate - Supply Chain	Associate	12	49454.8	2	Male	Caucasian	NULL
2171	Patricia	Edwards	julie46@example.org	2021-07-02	2025-01-02	Terminated	Associate - Corporate Strategy	Associate	14	60439.31	3	Female	Two or More	41
2172	Daniel	Chavez	dhansen@example.org	2022-05-06	NULL	Active	Associate - Legal	Associate	6	65446.21	3	Male	African American	33
2173	Michelle	Martinez	darryljarvis@example.com	2024-09-16	NULL	Active	Supervisor/Lead - Security	Supervisor/Lead	11	82814.55	4	Female	Hispanic	44
2174	Leslie	Williams	davidmendez@example.net	2025-01-12	NULL	Active	Supervisor/Lead - Security	Supervisor/Lead	11	69191.38	3	Other	Asian	42
2175	Mark	Allen	ecollins@example.org	2022-10-26	NULL	Active	Supervisor/Lead - Corporate Strategy	Supervisor/Lead	14	85159.74	3	Male	Hispanic	55
2176	Misty	Blevins	kellyclarke@example.com	2023-05-16	NULL	Active	Associate - Quality Assurance	Associate	16	52412.15	4	Other	African American	60
2177	Seth	Brady	davismicheal@example.net	2022-09-17	NULL	Active	Associate - Internal Communications	Associate	15	43382.82	3	Male	Hispanic	49
2178	Sarah	Lewis	gonzalezgregory@example.net	2022-01-11	NULL	Active	Associate - Finance	Associate	5	52627.05	2	Non-Binary	Hispanic	21
2179	Jamie	Vazquez	elizabeth93@example.org	2022-03-19	07/31/2024	Terminated	Associate - Product	Associate	2	56521.33	2	Female	African American	36
2180	Mary	Humphrey	dukekaren@example.org	2021-12-18	NULL	Active	Supervisor/Lead - Sales	Supervisor/Lead	8	70378.96	3	Other	African American	22
2181	Jeremy	Barber	david89@example.org	2024-02-13	NULL	Active	Associate - Data Science	Associate	3	61056.57	2	Male	Caucasian	38
2182	Lauren	Little	tiffanyreeves@example.com	2022-07-22	2025-05-17	Terminated	Supervisor/Lead - Internal Communications	Supervisor/Lead	15	73646.72	3	NULL	Hispanic	33
2183	Dana	Webb	michaeltran@example.net	2025-05-06	NULL	Active	Associate - People Operations	Associate	4	73493.72	3	Female	Hispanic	41
2184	Jacqueline	Clark	robinjordan@example.com	2023-03-14	NULL	Active	Associate - Legal	Associate	6	40126.25	4	Other	African American	45
2185	Micheal	Phillips	madams@example.net	2022-12-09	2023-05-22	Terminated	Associate - Data Science	Associate	3	46383.06	4	Non-Binary	Asian	31
2186	Joseph	Hale	qchristian@example.com	2023-05-26	NULL	Active	Associate - People Operations	Associate	4	49766.52	2	Male	Caucasian	37
2187	Patrick	Roy	james21@example.org	2026-06-18	NULL	Active	Associate - People Operations	Associate	4	55077.76	3	Other	Hispanic	32
2188	Rebecca	Brown	parkerjeremy@example.net	2025-03-03	NULL	Active	Supervisor/Lead - Security	Supervisor/Lead	11	60404.52	3	Female	Hispanic	49
2189	Amanda	Weeks	robin76@example.net	2022-10-08	NULL	Active	Supervisor/Lead - Legal	Supervisor/Lead	6	61869.38	NULL	Female	Hispanic	66
2190	Crystal	Johnson	mark79@example.com	2024-05-21	NULL	Active	Associate - Supply Chain	Associate	12	57630.24	5	Non-Binary	Hispanic	33
2191	Eric	Ayers	brianhoward@example.net	2022-01-28	NULL	Active	Associate - Security	Associate	11	NULL	3	Non-Binary	Caucasian	55
2192	Michael	Johnston	jeremy77@example.com	2024-01-28	NULL	Active	Associate - Facilities	Associate	13	73068.55	5	Male	African American	49
2193	Manuel	White	amybecker@example.com	2025-01-12	NULL	Active	Associate - Finance	Associate	5	42343.18	4	Male	African American	51
2194	Carlos	Flores	jreed@example.net	2024-12-11	NULL	Active	Associate - Finance	Associate	5	64422.73	5	Other	Asian	51
2195	Jose	Zuniga	bpatton@example.org	06/06/2022	NULL	Active	Associate - People Operations	Associate	4	45328.87	1	Non-Binary	Asian	49
2196	Jerry	West	lflores@example.org	2023-03-26	NULL	Active	Associate - Product	Associate	2	53752.7	3	Male	Caucasian	51
2197	Jennifer	Reyes	debra59@example.com	2023-01-16	NULL	Active	Associate - Quality Assurance	Associate	16	48562.81	4	Female	Hispanic	39
2198	William	Delacruz	pricemolly@example.org	2023-05-15	NULL	Active	Supervisor/Lead - Facilities	Supervisor/Lead	13	68293.87	3	Male	Asian	27
2199	John	Murphy	lauren29@example.net	2023-01-04	NULL	Active	Associate - Marketing	Associate	7	71955.98	1	Other	Asian	36
2200	Mark	Armstrong	umcdaniel@example.net	2021-11-22	NULL	Active	Supervisor/Lead - Marketing	Supervisor/Lead	7	68738.15	2	Male	Two or More	45
2201	Carlos	Elliott	zbryant@example.net	2025-08-31	NULL	Active	Associate - Supply Chain	Associate	12	54799.43	3	Male	Hispanic	45
2202	Andrew	Hernandez	bbrown@example.com	2023-03-01	NULL	Active	Associate - Security	Associate	11	72399.82	4	Male	Hispanic	66
2203	Tyler	Tapia 	michaelballard@example.org	2023-06-09	NULL	Active	Associate - Legal	Associate	6	46150.65	4	Other	Two or More	42
2204	Timothy	Callahan	wilsonsarah@example.net	2021-09-18	NULL	Active	Associate - Internal Communications	Associate	15	71001.87	4	Other	African American	43
2205	Diana	Lam	griffithjohn@example.com	2023-10-19	05/03/2026	Terminated	Associate - Corporate Strategy	Associate	14	66333.14	3	Female	Asian	43
2206	Noah	Cohen	djennings@example.org	2025-12-24	NULL	Active	Associate - IT Support	Associate	10	73996.14	1	Male	Asian	41
2207	Cynthia	Poole	jcarlson@example.net	2026-06-21	NULL	Active	Associate - Legal	Associate	6	46377.38	3	Female	African American	40
2208	Melinda	Watts	sandra50@example.com	12/11/2025	NULL	Active	Supervisor/Lead - Corporate Strategy	Supervisor/Lead	14	82403.59	5	Female	Asian	36
2209	Ryan	Morris	jeffreymcdonald@example.com	2022-08-19	NULL	Active	Associate - Engineering	Associate	1	63506.43	2	Other	NULL	NULL
2210	Kathy	Mullins	washingtonbeth@example.net	2025-09-05	NULL	Active	Associate - Data Science	Associate	3	64236.33	3	Female	African American	41
2211	Kelly	Leach	carla31@example.net	2025-10-21	NULL	Active	Supervisor/Lead - Security	Supervisor/Lead	11	80708.99	3	Female	Caucasian	37
2212	Austin	Craig	christopherwalters@example.net	2023-07-25	NULL	Active	Associate - Sales	Associate	8	68440.33	3	Male	Hispanic	50
2213	Andrew	Castro	tmack@example.com	2022-09-03	2024-01-24	Terminated	ASSOCIATE - SECURITY	Associate	11	40183.65	3	Non-Binary	African American	25
2214	Mary	Scott	thomasstephen@example.org	2023-11-12	2024-05-09	Terminated	Associate - Corporate Strategy	Associate	14	52861.37	4	NULL	Hispanic	42
2215	John	Blair	christopherhenderson@example.com	2022-06-15	NULL	Active	Associate - IT Support	Associate	10	51200.59	3	Male	African American	47
2216	Teresa	Keller	katherinegriffith@example.com	2023-04-10	NULL	Terminated	Associate - People Operations	Associate	4	40000.21	4	Female	Asian	25
2217	Bernard	Holland	hcollins@example.org	2026-07-17	NULL	Active	Associate - Data Science	Associate	3	42191.41	3	Non-Binary	Caucasian	39
2218	Thomas	Baker	jamiebrown@example.net	2026-07-10	NULL	Active	Associate - Supply Chain	Associate	12	56159.01	4	Male	Asian	41
2219	Michelle	Bowen	rickyreyes@example.com	2023-02-09	NULL	Active	Associate - Engineering	Associate	1	57946.79	3	Female	Caucasian	34
2220	Emily	Sutton	alexandersnow@example.com	2022-02-27	NULL	Active	Associate - Quality Assurance	Associate	16	44189.15	3	Other	Asian	45
2221	Leslie	Peters	amy10@example.com	2025-06-09	NULL	Active	Supervisor/Lead - Data Science	Supervisor/Lead	3	55214.49	4	Other	Hispanic	47
2222	Amanda	Chapman	greenscott@example.com	2026-01-18	NULL	Active	Associate - Quality Assurance	Associate	16	44512.55	5	NULL	Hispanic	37
2223	Brian	Griffith	kmorgan@example.net	2024-08-23	NULL	Active	Associate - Engineering	Associate	1	70480.59	3	Non-Binary	African American	40
2224	Mark	Ellis	phensley@example.com	2026-01-05	NULL	Active	Associate - Engineering	Associate	1	67027.0	4	Male	Caucasian	46
2225	Cynthia	Reynolds	zschaefer@example.com	2022-09-02	NULL	Active	Supervisor/Lead - People Operations	Supervisor/Lead	4	81800.45	4	Female	Caucasian	28
2226	Nicholas	Boyd	ashley42@example.com	2027-05-04	NULL	Active	Associate - People Operations	Associate	4	44127.93	4	Male	Asian	44
2227	Monica	Parker	nstone@example.net	2023-05-18	NULL	Active	Associate - Internal Communications	Associate	15	50148.64	4	Female	African American	21
2228	 David	Smith	angela51@example.net	2025-04-07	NULL	Active	Associate - Quality Assurance	Associate	16	40880.28	2	Other	Caucasian	28
2229	Amy	Jones	xfletcher@example.net	2025-05-29	2025-10-30	Terminated	Associate - Sales	Associate	8	40308.85	4	Other	Caucasian	34
2230	Johnny	Jackson	wadedeanna@example.net	2023-06-11	NULL	Active	Supervisor/Lead - Sales	Supervisor/Lead	8	74816.63	4	Other	Asian	58
2231	Pamela	  Bell  	samuelsnyder@example.net	2023-11-01	NULL	Active	Associate - Security	Associate	11	55146.6	2	Female	Asian	21
2232	Anita	Robinson	jesserodriguez@example.org	2021-09-18	NULL	Active	Associate - People Operations	Associate	4	61370.0	3	Other	African American	50
2233	Janet	Carter	heather00@example.net	2026-05-17	NULL	Active	Associate - Engineering	Associate	1	59645.34	5	Female	Hispanic	38
2234	Steven	Gibson	timothylee@example.net	2025-02-15	NULL	Active	Associate - Legal	Associate	6	70406.3	3	Non-Binary	Asian	57
2235	Annette	Snyder	fhill@example.net	2026-05-19	NULL	Active	Associate - Legal	Associate	6	72853.59	4	Other	Caucasian	28
2236	Ricky	Tucker	shart@example.net	2023-05-01	2025-03-28	Terminated	Associate - Finance	Associate	5	59346.7	1	Non-Binary	NULL	58
2237	Cynthia	Dean	travisnguyen@example.net	2023-09-21	NULL	Active	Associate - Product	Associate	2	74425.59	3	Female	African American	39
2238	Erik	Turner	ryan81@example.com	2023-07-08	NULL	Active	Associate - Product	Associate	2	73277.55	3	Non-Binary	Asian	28
2239	Brittany	Boone	halerebecca@example.com	2023-05-11	NULL	Active	Associate - Sales	Associate	8	47208.69	4	Non-Binary	Caucasian	56
2240	Cheryl	Cardenas	lsullivan@example.org	2022-10-29	NULL	Active	Associate - Engineering	Associate	1	44430.27	4	Female	Hispanic	23
2241	Amanda	Stevenson	shannon27@example.net	2024-12-03	NULL	Active	Associate - Corporate Strategy	Associate	14	73053.62	4	Female	Hispanic	33
2242	Robert	Allen	richardsonheidi@example.net	2023-04-17	NULL	Active	Associate - Engineering	Associate	1	41144.34	4	NULL	African American	51
2243	Justin	Marshall	robbinssean@example.net	2025-06-07	NULL	Active	Associate - Sales	Associate	8	67894.36	4	Male	Asian	52
2244	Kathleen	Watson	tanderson@example.org	2024-02-03	NULL	Active	Associate - Finance	Associate	5	46545.13	3	Female	Caucasian	53
2245	Michael	Matthews	blacknicole@example.org	2021-12-11	NULL	Active	Associate - IT Support	Associate	10	44322.26	3	Other	African American	31
2246	Denise	Ramirez	dustin93@example.org	2024-02-13	2026-06-13	Terminated	Associate - Internal Communications	Associate	15	53787.77	4	Non-Binary	NULL	23
2247	Kathy	Cook	stewartgregory@example.org	2024-10-06	NULL	Active	Associate - IT Support	Associate	10	NULL	2	Female	African American	41
2248	Jonathan	 Daniels 	davidenglish@example.org	2024-04-15	NULL	Active	Associate - Sales	Associate	8	51042.72	3	Other	Caucasian	52
2249	Tracy	Hooper 	ogilmore@example.com	2022-01-08	NULL	Active	Associate - Finance	Associate	5	67114.83	4	Other	Caucasian	NULL
2250	John	Martin	wbarnes@example.org	2022-06-22	NULL	Active	Associate - Finance	Associate	5	67803.69	5	Male	Caucasian	35
2251	Judy	Johnson	rachelscott@example.org	2021-09-14	2022-05-01	Terminated	Associate - Product	Associate	2	42565.03	3	Female	African American	43
2252	Lauren	Sanchez	jacksonaustin@example.org	2023-04-24	NULL	Active	Associate - Supply Chain	Associate	12	41975.4	4	Female	Hispanic	52
2253	Elizabeth	Davis	johnsonamber@example.net	2021-11-19	NULL	Active	Associate - Marketing	Associate	7	59496.85	2	Non-Binary	Caucasian	50
2254	Brandy	Phillips	crystalchandler@example.net	2021-11-24	NULL	Active	Associate - IT Support	Associate	10	46831.44	4	Female	African American	38
2255	Richard	Wilson	francisjacob@example.org	2023-03-27	NULL	Active	Supervisor/Lead - Security	Supervisor/Lead	11	86446.79	3	Male	Two or More	41
2256	Michael	Ford	mary32@example.com	2022-10-29	NULL	Active	Associate - IT Support	Associate	10	53151.59	2	Male	Hispanic	31
2257	Jennifer	Phelps	kathryn71@example.com	2023-05-05	NULL	Active	Supervisor/Lead - Sales	Supervisor/Lead	8	80282.44	5	Other	Hispanic	38
2258	Sarah	Wu	ericfreeman@example.net	2021-11-02	NULL	Active	Supervisor/Lead - Engineering	Supervisor/Lead	1	68931.2	3	Female	African American	35
2259	Robert	Avery	ruizelizabeth@example.org	2023-09-10	NULL	Active	Associate - Customer Success	Associate	9	46320.83	4	Male	Caucasian	39
2260	Karen	Holland	claudiabrooks@example.net	2022-11-28	NULL	Active	Associate - Corporate Strategy	Associate	14	74541.13	4	Other	Asian	25
2261	William	Sutton	luishernandez@example.net	2025-05-24	NULL	Active	Assistant Manager - Customer Success	Assistant Manager	9	68323.01	1	Male	Caucasian	33
2262	John	Oliver	yolandamarquez@example.net	10/10/2022	NULL	Active	Associate - Finance	Associate	5	67422.37	4	Male	Asian	33
2263	Elizabeth	Blake	debbie47@example.net	2023-06-19	NULL	Active	Supervisor/Lead - IT Support	Supervisor/Lead	10	79818.02	4	Female	Caucasian	37
2264	John	Williams	danaellis@example.com	2023-08-07	NULL	Active	Supervisor/Lead - Security	Supervisor/Lead	11	72082.26	4	Male	Two or More	32
2265	Paul	Torres	pattersonbrandon@example.net	2022-09-30	NULL	Active	Associate - People Operations	Associate	4	74350.34	5	Male	African American	58
3927	Erica	Vasquez	ewilson@example.com	2023-12-27	NULL	Active	Associate - Customer Success	Associate	9	63082.12	1	Other	Asian	34
2266	Kayla	Barber	thomasgreen@example.org	2024-06-20	NULL	Active	Associate - Quality Assurance	Associate	16	48906.17	2	Female	Hispanic	41
2267	Michael	Brown	erika22@example.org	2024-01-01	NULL	Active	Supervisor/Lead - IT Support	Supervisor/Lead	10	57829.32	4	Other	Caucasian	54
2268	Anthony	Nunez	oliverbarry@example.com	2024-12-30	NULL	Active	Associate - Product	Associate	2	43869.14	3	Non-Binary	Asian	38
2269	Luke	Schmidt	davisstacey@example.org	2024-06-15	NULL	Active	Associate - People Operations	Associate	4	64591.34	4	Other	Hispanic	47
2270	Peter	Porter	nicholas56@example.com	2024-12-18	NULL	Active	Associate - Product	Associate	2	72037.68	3	Male	Asian	43
2271	Antonio	Acevedo	ffisher@example.org	2024-01-01	NULL	Active	Associate - People Operations	Associate	4	68316.29	3	Male	African American	39
2272	Thomas	Hoover	schwartzkurt@example.com	2023-04-26	NULL	Active	Associate - Marketing	Associate	7	54251.12	2	Male	Asian	62
2273	Jimmy	Mejia	paulamiller@example.com	2025-05-01	NULL	Active	Associate - Marketing	Associate	7	69449.18	2	Male	Hispanic	34
2274	Monica	Hill	millerjacob@example.org	2023-11-11	NULL	Active	Associate - Customer Success	Associate	9	51347.66	3	Other	African American	31
2275	Cynthia	Jones	johnsantana@example.org	2024-08-22	NULL	Active	Associate - Supply Chain	Associate	12	71901.36	4	Female	Hispanic	43
2276	Thomas	Kennedy	riggsjoseph@example.org	2023-04-28	NULL	Active	Associate - Corporate Strategy	Associate	14	64102.86	2	Male	Two or More	46
2277	Jennifer	Murray	qmiller@example.net	2026-03-17	NULL	Active	Associate - Data Science	Associate	3	41636.87	5	Other	Asian	46
2278	William	Escobar	agross@example.org	2024-01-27	NULL	Active	Supervisor/Lead - Engineering	Supervisor/Lead	1	55248.38	5	Male	Asian	29
2279	Jessica	Clark	qwhite@example.net	2026-03-07	NULL	Active	Associate - Data Science	Associate	3	41423.44	3	Female	Asian	37
2280	Jennifer	Anderson	pjohnson@example.org	2025-05-16	NULL	Active	Associate - Quality Assurance	Associate	16	49465.49	2	Female	African American	36
2281	Margaret	Webster	victoriahayes@example.net	2023-02-12	NULL	Active	Associate - Corporate Strategy	Associate	14	55293.76	3	Non-Binary	Two or More	43
2282	Amanda	Mitchell	daniel062@example.org	2023-01-11	NULL	Active	Associate - Security	Associate	11	48135.81	2	Non-Binary	African American	64
2283	Amanda	Bennett	monicamorales@example.org	2025-01-31	NULL	Active	Associate - Data Science	Associate	3	41396.26	4	Female	Hispanic	44
2284	Debra	Fisher	umyers@example.com	2024-06-05	NULL	Active	Associate - Internal Communications	Associate	15	51892.87	3	Female	Asian	43
2285	Frank	Rodriguez	raymond04@example.org	2024-05-31	NULL	Active	Associate - Sales	Associate	8	70553.08	3	Other	African American	32
2286	Carmen	Obrien	walkeramy@example.org	2021-08-30	NULL	Active	ASSOCIATE - FACILITIES	Associate	13	45307.58	3	Female	African American	32
2287	Shannon	Lewis	williamsannette@example.com	2021-12-27	NULL	Active	Associate - Data Science	Associate	3	61704.84	1	Female	Two or More	21
2288	Cassidy	Torres	davischad@example.com	2025-02-14	NULL	Active	Associate - Facilities	Associate	13	66060.01	4	Female	Two or More	33
2289	Katherine	Griffin	carlos65@example.net	2024-09-21	NULL	Active	Supervisor/Lead - Security	Supervisor/Lead	11	72201.59	2	Non-Binary	African American	34
2290	Edward	Wilson	williamstephens@example.net	2026-07-19	NULL	Active	Domain Director - Facilities	Domain Director	13	151867.43	4	Other	Two or More	39
2291	Gina	George	lopeztiffany@example.org	2025-04-09	NULL	Active	Associate - Facilities	Associate	13	40478.06	3	Other	Hispanic	24
2292	Catherine	Perez	laurie46@example.org	2024-11-20	NULL	Active	Supervisor/Lead - Marketing	Supervisor/Lead	7	55855.74	4	Other	Caucasian	39
2293	Nicholas	Salazar	michellepacheco@example.org	2022-05-01	NULL	Active	Associate - Data Science	Associate	3	48396.82	3	Non-Binary	Hispanic	38
2294	Bryan	Jones	wendydixon@example.org	2021-09-29	NULL	Active	Associate - People Operations	Associate	4	53013.43	4	Other	Asian	54
2295	Francisco	Barnett	kimberlyterry@example.com	2022-02-17	NULL	Active	Associate - Product	Associate	2	59257.68	3	Other	African American	40
2296	Dwayne	Martin	patricia12@example.org	2021-07-08	2023-04-27	Terminated	Associate - Corporate Strategy	Associate	14	68522.82	4	Male	Caucasian	56
2297	Joseph	Juarez	joy16@example.org	2022-08-29	2024-04-26	Terminated	Associate - Facilities	Associate	13	62518.63	3	Non-Binary	Two or More	33
2298	Drew	Bell	swalker@example.org	2024-11-06	NULL	Active	Associate - Quality Assurance	Associate	16	61340.11	3	Other	Two or More	21
2299	April	Pierce	andersonjonathan@example.org	2026-07-10	NULL	Active	Supervisor/Lead - Product	Supervisor/Lead	2	76873.59	2	Other	Asian	41
2300	Lori	Bennett	ana51@example.com	2025-02-21	NULL	Active	Associate - Marketing	Associate	7	60073.22	5	Other	African American	27
2301	Shawn 	Medina	ajackson@example.org	2023-10-05	NULL	Active	Supervisor/Lead - Marketing	Supervisor/Lead	7	69470.18	1	Male	African American	40
2302	Amy	Wolf	ksaunders@example.com	2026-03-18	NULL	Active	Supervisor/Lead - People Operations	Supervisor/Lead	4	58002.93	3	Female	Hispanic	34
2303	Daniel	Baker	cynthiacastillo@example.org	2025-04-29	NULL	Active	Associate - Engineering	Associate	1	56021.47	4	Non-Binary	Asian	41
2304	Amber	Tanner	kyle71@example.com	2024-11-08	NULL	Active	Associate - IT Support	Associate	10	52616.37	5	Other	Two or More	31
2305	Ronald	Doyle	imorgan@example.org	2025-10-13	NULL	Active	Associate - Sales	Associate	8	50584.62	3	Male	African American	42
2306	Wesley	Ray	katiedavis@example.net	2025-09-18	NULL	Active	Associate - Marketing	Associate	7	41323.59	3	Male	Caucasian	46
2307	Brenda	Olson	CAROL80@EXAMPLE.NET	2021-09-14	NULL	Active	Associate - Data Science	Associate	3	42695.5	3	Other	Asian	52
2308	Melissa	Adams	thomasmosley@example.net	2026-07-06	NULL	Active	Associate - Corporate Strategy	Associate	14	46875.16	2	NULL	Two or More	32
2309	Jordan	Horn	ksanchez@example.org	2025-05-06	NULL	Active	Supervisor/Lead - Facilities	Supervisor/Lead	13	59836.53	3	Other	African American	33
2310	Michael	Lozano	bmiller@example.net	2024-03-17	NULL	Active	Associate - Corporate Strategy	Associate	14	60462.79	3	Male	Caucasian	48
2311	Kelly	Garcia	rodriguezmichelle@example.net	2024-04-19	NULL	Active	Associate - IT Support	Associate	10	73419.52	3	Non-Binary	Caucasian	23
2312	Brandon	Murray	qchase@example.net	2024-06-03	NULL	Active	Associate - Customer Success	Associate	9	61910.85	4	Male	Caucasian	55
2313	Pamela	Martin	walkercharles@example.com	2022-08-27	NULL	Active	Associate - Supply Chain	Associate	12	57771.64	2	Other	Hispanic	25
2314	Karen	Adams	toninorton@example.com	2025-03-10	NULL	Active	Associate - Facilities	Associate	13	68753.39	4	Other	Asian	44
2315	Cameron	Ferguson	emoore@example.org	2024-07-06	NULL	Active	Associate - Product	Associate	2	47615.04	4	Other	Two or More	38
2316	Patrick	Hood	kgregory@example.com	2022-04-15	NULL	Active	Associate - IT Support	Associate	10	43777.54	3	Male	Caucasian	49
2317	Debbie	Young	jamesmarquez@example.com	2025-06-19	NULL	Active	Associate - Customer Success	Associate	9	70527.69	5	Non-Binary	Caucasian	48
2318	Scott	Hudson	jeremy98@example.org	2022-07-02	NULL	Active	Associate - Product	Associate	2	48153.28	2	Other	Hispanic	42
2319	Christian	Carlson	angelamccullough@example.com	2021-10-17	NULL	Active	Associate - People Operations	Associate	4	74958.84	4	Other	Two or More	36
2320	Mason	Bautista	jonathanhall@example.net	2022-12-20	NULL	Active	Supervisor/Lead - Internal Communications	Supervisor/Lead	15	58502.97	1	Male	Two or More	41
2321	Shannon	Sanchez	allennicole@example.net	2026-04-09	NULL	Active	Associate - Corporate Strategy	Associate	14	53168.87	3	Female	Caucasian	25
2322	Melissa	Gonzales	tammy10@example.net	2024-05-13	NULL	Active	Associate - Corporate Strategy	Associate	14	66197.81	3	Non-Binary	Hispanic	54
2323	Donald	Smith	amberbryant@example.org	2022-10-28	NULL	Active	Supervisor/Lead - Facilities	Supervisor/Lead	13	84011.93	2	Other	African American	29
2324	David	Elliott	leejacob@example.net	2022-01-16	NULL	Active	Associate - Internal Communications	Associate	15	48881.73	4	Male	Two or More	35
2325	Matthew	Carlson	smithdevin@example.org	2026-03-05	NULL	Active	Associate - Marketing	Associate	7	53713.1	1	NULL	African American	41
2326	Paula	Smith	greenhayden@example.org	2022-07-15	2022-11-15	Terminated	Associate - People Operations	Associate	4	72397.4	5	Non-Binary	African American	45
2327	Karen	Kelley	goodwincharles@example.net	2023-04-08	NULL	Active	Associate - Marketing	Associate	7	71058.91	3	Female	Caucasian	44
2328	Lisa	  White	anthony71@example.net	2026-03-22	NULL	Active	Associate - Engineering	Associate	1	72871.78	3	Female	African American	21
2329	Frank	Lopez	evelynhamilton@example.com	2021-12-06	NULL	Active	Associate - Marketing	Associate	7	40211.52	3	Other	Two or More	32
2330	Hunter	Smith	grodriguez@example.net	2023-07-31	NULL	Active	Associate - Data Science	Associate	3	72213.47	4	Male	Asian	29
2331	Donna	Lewis	brittneyhayes@example.com	2024-09-13	NULL	Active	Associate - People Operations	Associate	4	66117.53	2	Female	Hispanic	30
2332	William	Pena	jheath@example.org	2026-03-16	NULL	Active	Associate - Internal Communications	Associate	15	62925.02	2	Non-Binary	Hispanic	49
2333	Isabella	White	brandibennett@example.net	2021-07-31	NULL	Active	Associate - Sales	Associate	8	48209.06	4	Other	Asian	28
2334	Laurie	Smith	davidmorgan@example.net	2025-03-14	2026-04-19	Terminated	Supervisor/Lead - Finance	Supervisor/Lead	5	64465.88	2	Female	Hispanic	35
2335	Steven	Brock	kdonaldson@example.net	2022-02-20	NULL	Active	Associate - Product	Associate	2	65584.15	5	Male	African American	45
2336	Alexander	Reyes	rking@example.com	2023-08-20	NULL	Active	Associate - Corporate Strategy	Associate	14	48695.15	2	Non-Binary	Asian	32
2337	Jennifer	Torres	christinafrost@example.net	2023-11-28	NULL	Active	Associate - Finance	Associate	5	73600.27	4	Non-Binary	Two or More	44
2338	John	Lawrence	gmorris@example.org	08/28/2022	NULL	Active	Supervisor/Lead - IT Support	Supervisor/Lead	10	87668.83	5	Non-Binary	NULL	41
2339	Martin	Morales	yfrench@example.net	2025-02-11	NULL	Active	Associate - Internal Communications	Associate	15	51503.61	1	Male	African American	42
2340	Bonnie	Austin	rodneybuck@example.com	2021-09-04	NULL	Active	Supervisor/Lead - Sales	Supervisor/Lead	8	80315.15	3	Non-Binary	African American	40
2341	Timothy	West	bradley67@example.com	2021-10-15	NULL	Active	Associate - People Operations	Associate	4	41413.91	3	Male	Caucasian	56
2342	Anthony	Walton	brianblair@example.com	2024-10-12	NULL	Active	Associate - Quality Assurance	Associate	16	49510.45	3	Non-Binary	Caucasian	31
2343	Leah	Strickland	morandiana@example.org	2022-04-13	2024-10-14	Terminated	Associate - Legal	Associate	6	44904.19	1	Non-Binary	Asian	39
2344	Lisa	Thomas	davisandrew@example.com	2024-02-11	NULL	Active	Domain Director - IT Support	Domain Director	10	145963.52	4	Female	Hispanic	36
2345	Aaron	Gomez	nbarnett@example.net	2023-11-02	NULL	Active	Supervisor/Lead - People Operations	Supervisor/Lead	4	84157.53	5	Male	Caucasian	51
2346	Jo	Johnson	samuel85@example.com	2023-01-25	NULL	Active	Supervisor/Lead - Customer Success	Supervisor/Lead	9	77951.38	2	Other	Caucasian	47
2347	Jeffery	Schultz	martinezdennis@example.net	2024-04-03	NULL	Active	Associate - Finance	Associate	5	70118.2	4	Male	Hispanic	54
2348	Justin	Anderson	hannah55@example.net	2026-07-04	NULL	Active	Supervisor/Lead - Marketing	Supervisor/Lead	7	69317.06	3	Male	African American	37
2349	Donald	Thompson	chad72@example.com	2022-08-24	NULL	Active	Supervisor/Lead - Legal	Supervisor/Lead	6	59476.22	3	Male	African American	39
2350	Michael	Hughes	fcuevas@example.org	2024-09-10	NULL	Active	Associate - Marketing	Associate	7	69081.47	4	Male	African American	40
2351	Kimberly	Alvarez	shopkins@example.net	2021-09-26	NULL	Active	Associate - Security	Associate	11	53230.52	3	Non-Binary	NULL	31
2352	Thomas	Russell	kristinapage@example.net	2024-08-26	NULL	Active	Associate - Legal	Associate	6	70617.43	3	Male	African American	46
2353	Cynthia	Morales	zmay@example.net	2025-06-13	2026-01-12	Terminated	Associate - People Operations	Associate	4	44072.46	4	Other	African American	36
2354	Derrick	Neal	burnettlinda@example.org	04/21/2024	NULL	Active	Manager - Marketing	Manager	7	87493.03	2	Male	Caucasian	NULL
2355	David	Bradley	dominiquekim@example.com	2022-08-17	NULL	Active	Assistant Manager - Facilities	Assistant Manager	13	60897.48	3	Other	Hispanic	54
2356	Harold	Rivera	smithjohn@example.org	2024-06-05	NULL	Active	Supervisor/Lead - IT Support	Supervisor/Lead	10	55491.08	3	Male	Caucasian	45
2357	Anthony	Griffith	patricialewis@example.net	2022-09-27	NULL	Active	Associate - People Operations	Associate	4	52179.31	5	Other	African American	51
2358	Shawn	Brown	emcdonald@example.org	2025-02-12	NULL	Active	Associate - Internal Communications	Associate	15	57386.07	4	Other	Hispanic	41
2359	Jordan	Jacobs	qellis@example.org	2025-04-24	NULL	Active	Associate - Corporate Strategy	Associate	14	72953.06	4	Male	African American	34
2360	John	Moyer	dluna@example.net	2025-12-22	NULL	Active	Associate - Marketing	Associate	7	67623.92	3	Male	Two or More	35
2361	Melvin	Morgan	mccarthyvirginia@example.net	2024-03-17	NULL	Active	Associate - IT Support	Associate	10	55122.79	4	Male	Caucasian	38
2362	Matthew	Love	jennifer20@example.net	2023-08-25	2024-06-13	Terminated	Associate - Security	Associate	11	40251.6	2	Non-Binary	Two or More	37
2363	Erik	Flores	andrew52@example.org	2024-05-15	NULL	Active	Associate - Finance	Associate	5	42854.13	3	Male	Asian	35
2364	Robert	Johnson	amandastewart@example.net	2023-05-20	NULL	Active	Supervisor/Lead - Marketing	Supervisor/Lead	7	79155.62	5	Male	Two or More	21
2365	Tanner	Burton	jeremyconner@example.net	2022-05-07	NULL	Active	Associate - Security	Associate	11	58146.51	3	Male	Asian	48
2366	Elizabeth	Willis	johntaylor@example.net	2022-03-19	NULL	Active	Supervisor/Lead - Product	Supervisor/Lead	2	72633.07	3	Female	African American	39
2367	Lance	Bartlett	molinaangelica@example.net	2025-01-10	NULL	Active	Associate - Marketing	Associate	7	56962.87	2	Male	Two or More	38
2368	Victoria	Watkins	ashley79@example.org	2022-11-30	NULL	Active	Associate - Legal	Associate	6	49739.21	3	Non-Binary	Caucasian	37
2369	Sarah	Garcia	patricia16@example.com	2026-07-21	NULL	Active	Associate - IT Support	Associate	10	48037.27	4	Non-Binary	Asian	37
2370	Christina	Fowler	williamsoncarla@example.com	2021-11-22	NULL	Active	Associate - Finance	Associate	5	56653.97	1	Other	Two or More	27
2371	Daniel	Hart	rwheeler@example.net	2024-11-17	NULL	Active	Associate - Corporate Strategy	Associate	14	47653.83	3	Male	African American	39
2372	Susan	Hahn	daniel88@example.net	2022-09-12	NULL	Active	Assistant Manager - Supply Chain	Assistant Manager	12	99311.22	3	Female	African American	26
2373	Jerry	Farrell	jeremyharris@example.com	2025-01-26	NULL	Active	Supervisor/Lead - Marketing	Supervisor/Lead	7	88120.0	3	Male	African American	37
2374	Christie	Valentine	john31@example.net	2024-08-30	2026-01-23	Terminated	Associate - Facilities	Associate	13	43616.02	4	Other	Hispanic	52
2375	Joseph	Alvarez	jamesdonaldson@example.org	2025-12-25	NULL	Active	Associate - Quality Assurance	Associate	16	65077.72	5	Male	Asian	36
2376	Luis	Avila	christinajohnson@example.net	2021-08-01	NULL	Active	Associate - Facilities	Associate	13	43169.97	2	Male	NULL	41
2377	Amanda	Cole	christina62@example.org	2026-05-07	NULL	Active	Associate - Finance	Associate	5	48210.36	4	Non-Binary	Caucasian	50
2378	Gerald	Frederick	cblair@example.net	2025-09-19	NULL	Active	Associate - Facilities	Associate	13	67223.53	3	Male	African American	38
2379	Holly	Jones	kevin66@example.org	2022-01-05	NULL	Active	Associate - Internal Communications	Associate	15	56373.74	5	Non-Binary	Asian	45
2380	Garrett	Johnson	brandon99@example.com	2026-07-02	NULL	Active	Associate - People Operations	Associate	4	68004.01	4	NULL	African American	38
2381	Daniel	Hicks	reesebruce@example.net	2022-06-16	NULL	Active	Associate - Customer Success	Associate	9	41277.88	4	Other	Asian	21
2382	James	Morris	fwilson@example.net	2024-04-23	NULL	Active	Associate - Data Science	Associate	3	51933.16	4	Male	Two or More	32
2383	Jessica	Hill	keithterry@example.net	2021-12-02	2025-05-02	Active	Associate - Corporate Strategy	Associate	14	53762.84	4	Female	Asian	47
2384	Kelly	Fischer	hailey05@example.net	2023-01-08	NULL	Active	Associate - Customer Success	Associate	9	54989.03	4	Other	Two or More	45
2385	Jesse	Russell	dsoto@example.net	2025-01-14	NULL	Active	Supervisor/Lead - Marketing	Supervisor/Lead	7	68416.92	3	Other	Hispanic	34
2386	Kimberly	Kennedy	raven83@example.com	2026-07-14	NULL	Active	Associate - Finance	Associate	5	50577.46	2	Other	Asian	29
2387	Andrew	Soto	courtneycruz@example.net	2024-08-15	NULL	Active	Associate - Data Science	Associate	3	53026.63	3	Male	Hispanic	27
2388	Patricia	Parrish	gutierreznicholas@example.net	2021-11-07	NULL	Active	Associate - Finance	Associate	5	58085.34	4	Female	Caucasian	47
2389	James	Alexander	oward@example.org	2021-07-26	NULL	Active	Associate - Sales	Associate	8	48757.61	5	Non-Binary	Two or More	48
2390	Allen	Tapia	michelle74@example.com	2023-12-29	NULL	Active	Supervisor/Lead - Corporate Strategy	Supervisor/Lead	14	64236.09	3	Other	African American	36
2391	Henry	Nelson	harpercassandra@example.org	2026-05-18	NULL	Active	Associate - Internal Communications	Associate	15	60178.86	3	Male	Two or More	56
2392	Mark	Huffman	valeriesmith@example.org	2026-02-05	NULL	Active	Associate - Marketing	Associate	7	48971.84	3	Male	Asian	33
2393	William	Caldwell	ramirezsarah@example.com	2021-11-26	NULL	Active	Supervisor/Lead - Product	Supervisor/Lead	2	71591.78	3	Other	Asian	35
2394	Eric	Sherman	darinhardy@example.net	2025-11-21	NULL	Active	Supervisor/Lead - Product	Supervisor/Lead	2	77131.9	5	Non-Binary	Caucasian	42
2395	Nicole	Wang	fguzman@example.net	2025-05-09	NULL	Active	Associate - Quality Assurance	Associate	16	53750.15	2	Other	Hispanic	34
2396	Michelle	Long	chelsea94@example.net	2024-09-07	NULL	Active	Associate - Legal	Associate	6	43117.81	4	Female	Asian	39
2397	Cheryl	Nelson	moodymelissa@example.com	2023-06-01	NULL	Active	Associate - Corporate Strategy	Associate	14	61075.36	4	Female	African American	48
2398	Christopher	Johnson	eric59@example.com	2024-10-04	NULL	Active	Associate - Legal	Associate	6	55701.13	3	Other	Asian	51
2399	Dominic	Gomez	judith15@example.net	2022-11-26	NULL	Active	Associate - Customer Success	Associate	9	61220.83	2	Male	African American	44
2400	Jeffrey	Marshall	christinacarr@example.org	2024-04-15	NULL	Active	Associate - Marketing	Associate	7	43070.58	3	Other	Hispanic	36
2401	Richard	Tate	natalieshepard@example.org	2023-06-04	NULL	Active	Associate - Data Science	Associate	3	71314.39	3	Male	Caucasian	39
2402	Denise	Fowler	brittanyhernandez@example.org	2023-04-06	NULL	Active	Assistant Manager - Customer Success	Assistant Manager	9	62258.85	1	Non-Binary	Asian	26
2403	Jamie	Estrada	melody92@example.org	2026-05-19	NULL	Active	Associate - Sales	Associate	8	53571.02	3	Female	Caucasian	38
2404	James	Kerr	xsanders@example.com	2023-12-09	NULL	Active	Associate - Legal	Associate	6	54055.89	3	Male	Two or More	46
2405	Andrew	Burton	sara84@example.net	2022-12-16	NULL	Active	Associate - Facilities	Associate	13	43020.08	1	Male	Two or More	30
2406	Michael	Nelson	williamrobinson@example.org	2026-07-14	NULL	Active	Associate - Corporate Strategy	Associate	14	60877.2	4	Male	Hispanic	53
2407	Phillip	Hernandez	ANNA34@EXAMPLE.NET	2024-07-21	NULL	Active	Associate - People Operations	Associate	4	49439.02	3	Male	Two or More	44
2408	Austin	Brooks	qjimenez@example.net	2026-07-19	NULL	Active	Associate - Engineering	Associate	1	41698.54	5	Male	Hispanic	35
2409	Kayla	Mcdowell	edwin47@example.net	2022-08-20	NULL	Active	Supervisor/Lead - Supply Chain	Supervisor/Lead	12	60542.05	3	Female	Asian	31
2410	Norma	Newman	angie25@example.com	11/20/2022	NULL	Active	Supervisor/Lead - Facilities	Supervisor/Lead	13	82293.09	5	Female	African American	40
2411	Michael	Roberts	dennisadams@example.org	2023-03-21	NULL	Active	Supervisor/Lead - IT Support	Supervisor/Lead	10	82480.84	5	Non-Binary	African American	53
2412	James	Hansen	kevinanderson@example.org	2022-09-20	NULL	Active	Associate - Engineering	Associate	1	74649.99	3	Non-Binary	Hispanic	25
2413	Connie	Wong	bbryant@example.net	05/03/2024	NULL	Active	Associate - Corporate Strategy	Associate	14	58131.01	2	Female	Asian	33
2414	Donna	Johnson	iayala@example.org	2021-08-11	NULL	Active	Supervisor/Lead - Data Science	Supervisor/Lead	3	80934.26	4	Female	Two or More	52
2415	Madison	Grant	leviwhite@example.net	2021-09-14	NULL	Active	Associate - Corporate Strategy	Associate	14	56047.54	5	Female	Two or More	44
2416	Edward	Rogers	drew35@example.com	2022-09-09	NULL	Active	Supervisor/Lead - Supply Chain	Supervisor/Lead	12	66043.51	2	Male	NULL	46
2417	Alan	Young	hhernandez@example.org	2024-12-27	2025-05-04	Terminated	Associate - Engineering	Associate	1	57396.61	4	Male	Asian	40
2418	James	Jenkins	fbernard@example.com	2022-08-27	NULL	Active	Associate - Customer Success	Associate	9	65616.98	5	Other	Two or More	54
2419	Bryan	Petty	wardbrandon@example.org	2023-12-06	NULL	Active	Associate - Corporate Strategy	Associate	14	59513.41	NULL	Male	Two or More	31
2420	Jacqueline	Combs	mcordova@example.org	2023-06-16	NULL	Active	Assistant Manager - Data Science	Assistant Manager	3	98429.84	4	Non-Binary	Two or More	43
2421	Fernando	Davenport	bryan31@example.net	2023-01-17	2025-08-31	Terminated	Associate - Finance	Associate	5	74442.05	4	Other	Two or More	24
2422	Glenda	Wilson	KENNETHHERRING@EXAMPLE.NET	2024-04-27	2025-06-09	Terminated	Associate - Sales	Associate	8	72660.53	3	Female	Hispanic	29
2423	Christina	James	katrina87@example.net	2022-04-16	NULL	Active	Associate - Quality Assurance	Associate	16	60768.03	4	Female	African American	42
2424	Christopher	Watkins	jenkinsangela@example.com	2024-05-11	NULL	Active	Associate - IT Support	Associate	10	46650.2	NULL	Non-Binary	Asian	44
2425	Marissa	Hopkins	davieslindsay@example.org	2022-08-03	NULL	Active	Associate - Product	Associate	2	52131.88	3	NULL	Hispanic	46
2426	Heather	Watson	perryhudson@example.org	2021-07-19	NULL	Active	Associate - Internal Communications	Associate	15	43902.11	3	Female	Hispanic	NULL
2427	Ellen	Kaufman	christopher26@example.net	2024-04-10	NULL	Active	Associate - Security	Associate	11	60286.74	4	Other	Hispanic	58
2428	Harold	Parker	david332@example.org	2024-08-28	NULL	Active	Associate - Product	Associate	2	NULL	1	Male	Asian	46
2429	Christian	Rasmussen	ojackson@example.org	2024-01-23	2024-08-14	Terminated	Supervisor/Lead - Security	Supervisor/Lead	11	69593.93	1	NULL	Caucasian	53
2430	Edward	Hubbard	joeljennings@example.org	2022-07-06	NULL	Active	Associate - Finance	Associate	5	72059.98	3	Male	Hispanic	39
2431	Deborah	White	jennifer15@example.com	12/31/2023	NULL	Active	Manager - Sales	Manager	8	109474.18	5	Female	Hispanic	45
2432	Tammy	Mueller	padillamartha@example.com	2026-03-15	NULL	Active	Associate - Customer Success	Associate	9	44692.59	3	Other	Asian	35
2433	Juan	Brown	nicole92@example.org	2023-12-25	NULL	Active	Associate - Quality Assurance	Associate	16	52994.55	4	Male	African American	46
2434	Brianna	Ortega	douglasstacy@example.com	2023-07-21	NULL	Active	Domain Director - Internal Communications	Domain Director	15	111855.55	2	Non-Binary	Two or More	61
2435	Julie	Russell	meyertristan@example.com	2022-06-07	2024-04-28	Terminated	Associate - Sales	Associate	8	45779.04	NULL	Female	Hispanic	59
2436	Sharon	Torres	myoung@example.org	2025-09-30	2026-06-28	Terminated	Associate - Sales	Associate	8	66931.82	2	Female	African American	38
2437	Heather	Johnson	timothy55@example.com	2026-05-24	NULL	Active	Associate - Corporate Strategy	Associate	14	59490.52	3	Non-Binary	Two or More	40
2438	Rebecca	Thompson	christensennicole@example.net	2025-11-07	NULL	Active	Domain Director - Corporate Strategy	Domain Director	14	155399.06	4	Female	African American	49
2439	Christopher	Cruz	franksmith@example.com	2021-11-30	NULL	Active	Associate - Marketing	Associate	7	69144.64	4	Other	Asian	47
2440	Michael	  Holmes	thompsonronald@example.org	2026-07-23	NULL	Active	Associate - Facilities	Associate	13	53274.0	3	Other	NULL	45
2441	Melissa	Cantu	gjensen@example.com	2023-08-16	NULL	Active	Associate - Quality Assurance	Associate	16	63616.12	4	Female	Asian	35
2442	Cody	Pruitt	mclaughlinjames@example.org	2021-09-05	NULL	Active	Associate - Supply Chain	Associate	12	42340.3	4	Male	NULL	49
2443	Amy	Jennings	angela04@example.com	2024-06-13	2024-12-30	Terminated	Manager - Internal Communications	Manager	15	114354.2	4	Female	Asian	49
2444	Jacqueline	Johnson	timothy29@example.com	2021-11-04	NULL	Active	Associate - Engineering	Associate	1	46641.24	3	Other	Caucasian	32
2445	Erica	Coleman	robinsonholly@example.org	2026-06-15	NULL	Active	Associate - Internal Communications	Associate	15	69307.77	3	Other	Hispanic	28
2446	Sandra	Bolton	troyhernandez@example.net	2022-06-17	NULL	Active	Associate - Sales	Associate	8	49944.01	1	Female	Two or More	38
2447	Deborah	Davis	deborah66@example.org	2022-03-03	NULL	Active	Associate - Legal	Associate	6	72530.57	3	Other	Caucasian	39
2448	Richard	Martinez	phall@example.net	2023-07-16	NULL	Active	Associate - People Operations	Associate	4	61083.88	3	Non-Binary	Asian	NULL
2449	Crystal	Russell	craig29@example.org	2022-06-05	NULL	Active	Domain Director - Product	Domain Director	2	159971.65	2	Female	Caucasian	31
2450	Victoria	Powell	nking@example.net	2025-10-31	NULL	Active	Supervisor/Lead - Internal Communications	Supervisor/Lead	15	56741.8	2	Non-Binary	Asian	22
2451	Kristin	Ramirez	megan63@example.net	2022-12-26	NULL	Active	Associate - Facilities	Associate	13	68606.52	4	Female	Hispanic	39
2452	Gavin	Evans	anthony03@example.net	2025-05-05	NULL	Active	Supervisor/Lead - Internal Communications	Supervisor/Lead	15	82028.13	4	Non-Binary	Hispanic	42
2453	Megan	Sanders	wsaunders@example.com	2021-10-16	NULL	Active	Associate - Product	Associate	2	57599.33	1	Other	African American	26
2454	John	  Avila	jjohnson@example.com	2026-03-21	NULL	Active	Manager - People Operations	Manager	4	104656.1	5	Male	Hispanic	40
2455	Jason	Davidson	amanda76@example.org	2022-02-23	2023-11-30	Terminated	Associate - Marketing	Associate	7	58427.78	2	Non-Binary	Hispanic	31
2456	Douglas	Ayers	daviddean@example.net	2023-07-25	NULL	Active	Associate - Engineering	Associate	1	54223.23	1	Other	Caucasian	35
2457	Michael	Johnson	rileykathy@example.net	2026-01-14	NULL	Active	Supervisor/Lead - Finance	Supervisor/Lead	5	86186.26	3	NULL	NULL	50
2458	Scott	Jacobs	olewis@example.net	2021-12-08	NULL	Active	Associate - Internal Communications	Associate	15	40772.79	4	Male	Caucasian	39
2459	Jill	Perry	mwhite@example.net	05/13/2022	NULL	Active	Supervisor/Lead - Engineering	Supervisor/Lead	1	83473.51	3	Female	Hispanic	29
2460	 Troy	Murillo	burkemichael@example.net	2025-03-03	2026-02-20	Terminated	Associate - Internal Communications	Associate	15	70492.09	5	Male	Caucasian	39
2461	Vanessa	Torres	varroyo@example.com	2025-10-01	NULL	Active	Associate - Facilities	Associate	13	50732.3	3	Female	Asian	28
2462	Susan	lewis	gonzalesarthur@example.com	2023-08-20	2023-12-07	Terminated	Associate - Product	Associate	2	71511.77	1	Other	African American	41
2463	Heather	Boyle	garrettamanda@example.com	03/22/2022	NULL	Active	Associate - Marketing	Associate	7	74674.76	3	Female	Caucasian	35
2464	Christopher	Thompson	kpierce@example.net	2023-05-18	2026-06-01	Active	Associate - Data Science	Associate	3	61229.66	5	Non-Binary	Two or More	25
2465	Joe	Carter	rachelmyers@example.net	2022-03-01	NULL	Active	Associate - Sales	Associate	8	67867.81	5	Male	African American	47
2466	Samantha	Schwartz	munozloretta@example.org	2024-09-22	2026-06-01	Terminated	Associate - IT Support	Associate	10	65796.24	3	Female	Caucasian	29
2467	Justin	Wyatt	billy02@example.net	2024-12-12	NULL	Active	Associate - Facilities	Associate	13	66777.41	2	Male	Hispanic	30
2468	Anthony	Landry	dennisjames@example.com	2025-01-09	NULL	Active	Associate - Legal	Associate	6	62191.0	4	Non-Binary	African American	31
2469	Michael	Villarreal	turnerjoshua@example.net	2025-02-01	2025-09-24	Terminated	Associate - IT Support	Associate	10	41807.91	4	Male	Two or More	29
2470	Terri	 Diaz 	melissasmith2@example.org	2025-12-21	NULL	Active	Domain Director - Data Science	Domain Director	3	169535.47	3	Female	Two or More	48
2471	Richard	Glenn	burketheresa@example.org	2025-01-03	NULL	Active	Associate - Corporate Strategy	Associate	14	48877.26	3	Male	Two or More	25
2472	Heather	Perez	salinassheila@example.com	2025-10-18	NULL	Active	Associate - Sales	Associate	8	47301.31	2	Female	African American	40
2473	Lisa	Davis	melissaford@example.org	2023-12-10	2026-06-11	Terminated	Associate - Finance	Associate	5	62357.69	3	Female	Asian	33
2474	Christina	Herrera	ndavis@example.org	2021-07-26	NULL	Active	Associate - Engineering	Associate	1	48545.7	3	Non-Binary	Hispanic	34
2475	Christopher	Jones	tracy34@example.com	2025-01-16	NULL	Active	Associate - Finance	Associate	5	43850.07	4	Other	African American	45
2476	Cheyenne	Hodge	thomashunt@example.com	2024-07-09	NULL	Active	Associate - Supply Chain	Associate	12	46172.37	3	Other	Asian	38
2477	Steven	Morgan	michaelhayes2@example.org	2023-02-15	NULL	Active	Supervisor/Lead - IT Support	Supervisor/Lead	10	74582.25	4	Male	African American	49
2478	Thomas	Lopez	benjaminkatherine@example.org	2025-05-17	2025-11-13	Terminated	Assistant Manager - Facilities	Assistant Manager	13	91865.66	4	Male	African American	36
2479	Courtney	Howell	oduffy@example.org	2022-02-14	NULL	Active	Associate - IT Support	Associate	10	48895.47	4	Female	Caucasian	46
2480	Brandy	Landry	cody73@example.org	2023-10-28	NULL	Active	Associate - Corporate Strategy	Associate	14	62081.04	4	Non-Binary	Two or More	32
2481	Terri	Cabrera	georgelopez@example.org	2022-05-10	2024-01-26	Terminated	Associate - Data Science	Associate	3	69052.97	3	Other	Caucasian	37
2482	Michael	Eaton	floreshannah@example.com	2023-07-20	2024-08-12	Terminated	Associate - IT Support	Associate	10	72359.24	1	Male	Hispanic	44
2483	Cynthia	Wright	marywilliams@example.net	2021-10-27	NULL	Active	Associate - People Operations	Associate	4	44397.8	4	Female	African American	30
2484	Carol	Fowler	romerocourtney@example.com	2024-03-19	NULL	Active	Supervisor/Lead - Quality Assurance	Supervisor/Lead	16	86598.54	2	Other	Hispanic	27
2485	Robert	West	jacquelinepowell@example.com	2024-03-14	NULL	Active	Associate - Corporate Strategy	Associate	14	46909.88	3	Other	Caucasian	51
2486	John	Lewis	roselisa@example.com	2025-06-24	2025-11-16	Terminated	Associate - Finance	Associate	5	43237.37	2	Non-Binary	Two or More	26
2487	Wanda	Jacobs	joannhawkins@example.org	2024-05-16	NULL	Active	Associate - Engineering	Associate	1	64676.67	2	Female	Hispanic	36
2488	Thomas	Jackson	annarandall@example.com	2024-06-17	NULL	Active	Associate - Product	Associate	2	52857.27	3	Male	Hispanic	35
2489	Christopher	Oconnor	david40@example.com	2026-03-30	NULL	Active	Manager - Supply Chain	Manager	12	96358.14	1	Other	Asian	43
2490	Richard	Garcia	ejames@example.com	2023-04-04	NULL	Active	Associate - Legal	Associate	6	53097.45	5	Male	Caucasian	46
2491	Austin	Morales	zachary76@example.com	2022-05-27	NULL	Active	Associate - Marketing	Associate	7	71422.18	2	Other	Hispanic	39
2492	Curtis	Munoz	mccarthydeanna@example.org	2022-12-18	2025-11-06	Terminated	Associate - Quality Assurance	Associate	16	62464.81	4	NULL	Caucasian	57
2493	Kerry	Rice	npeters@example.net	2025-04-09	2026-06-15	Terminated	Associate - Marketing	Associate	7	48160.95	4	Female	Caucasian	38
2494	Richard	Smith	aaron37@example.org	2025-10-08	NULL	Active	Supervisor/Lead - Supply Chain	Supervisor/Lead	12	73329.95	4	Male	Hispanic	44
2495	Dana	Lewis	paul69@example.org	2022-05-24	NULL	Active	Associate - Supply Chain	Associate	12	51392.9	3	Female	African American	48
2496	Megan	Williams	luisgallagher@example.org	2022-02-18	2022-07-17	Terminated	Associate - Marketing	Associate	7	61994.44	1	Female	African American	22
2497	Christina	Wolfe	lbaker@example.org	2025-08-30	NULL	Active	Associate - Product	Associate	2	64966.0	3	Female	Caucasian	55
2498	Linda	Reynolds	brandy20@example.org	2022-05-12	NULL	Active	Associate - IT Support	Associate	10	67571.57	5	Female	African American	32
2499	Bethany	Hughes	jprince@example.net	2023-01-14	NULL	Active	Associate - Quality Assurance	Associate	16	73681.7	3	Non-Binary	Caucasian	44
2500	Billy	Valencia	yweaver@example.net	2025-11-16	NULL	Active	Associate - Security	Associate	11	63730.06	3	Non-Binary	Hispanic	44
2501	Anne	Combs	jean07@example.net	2022-05-21	NULL	Active	Associate - Sales	Associate	8	63147.18	4	Non-Binary	Asian	39
2502	Barry	Hart	jacksonangela@example.org	2023-05-19	NULL	Active	Associate - Sales	Associate	8	44185.25	3	Male	Two or More	44
2503	Vanessa	Fisher	gavin34@example.net	2025-05-23	2025-12-31	Terminated	Associate - Marketing	Associate	7	56712.12	4	Female	African American	41
2504	Amy	Farrell	richard31@example.com	2024-10-29	2025-08-28	Terminated	Associate - Corporate Strategy	Associate	14	61391.6	4	Other	Hispanic	42
2505	Gabriella	Thompson	nicholsonalyssa@example.net	2024-08-07	NULL	Active	Associate - IT Support	Associate	10	44271.15	3	Non-Binary	Two or More	52
2506	Brad	Barry	cathy01@example.net	2026-06-03	NULL	Active	Associate - Finance	Associate	5	54844.75	3	Male	Asian	28
2507	Ashley	Rojas	ftaylor@example.org	2022-11-28	NULL	Active	Associate - Corporate Strategy	Associate	14	45572.51	3	Female	Two or More	34
2508	Janet	Mitchell	jkennedy@example.org	2021-08-22	2023-01-01	Terminated	Associate - Internal Communications	Associate	15	45071.78	2	Female	Caucasian	30
2509	Jason	 Taylor	sanchezlindsey@example.org	2025-09-09	2026-06-23	Terminated	Manager - Corporate Strategy	Manager	14	111271.05	4	Male	Hispanic	40
2510	Monique	Simon	klynch@example.org	2025-10-15	2025-12-24	Active	Associate - Facilities	Associate	13	52990.61	3	Female	Asian	37
2511	Stacy	Moore	latkins@example.net	2024-12-27	2025-11-17	Terminated	Associate - Marketing	Associate	7	47015.98	4	Other	African American	38
2512	Amanda	Perkins	ncruz@example.net	03/19/2022	NULL	Active	Associate - Facilities	Associate	13	48264.78	3	Female	Asian	32
2513	Stephen	Lee	tiffany42@example.com	2024-09-20	NULL	Active	Associate - IT Support	Associate	10	46441.86	4	Other	African American	24
2514	Valerie	Allen	thomaswilson@example.net	2026-07-23	NULL	Active	SUPERVISOR/LEAD - ENGINEERING	Supervisor/Lead	1	79076.09	5	Female	Hispanic	37
2515	Melissa	Krause	sarah15@example.org	2022-08-11	NULL	Active	Associate - Corporate Strategy	Associate	14	44890.23	3	Other	Hispanic	NULL
2516	Andrew	Chavez	awhite@example.net	2022-10-20	NULL	Active	Associate - Supply Chain	Associate	12	54107.13	5	Other	African American	40
2517	Brian	Robinson	michael20@example.net	2025-06-20	NULL	Active	Supervisor/Lead - Sales	Supervisor/Lead	8	60894.88	3	Other	Two or More	21
2518	Jaime	Brooks	mgibson@example.org	05/05/2025	NULL	Active	Assistant Manager - Legal	Assistant Manager	6	83534.3	1	Female	African American	38
2519	Brandon	Reynolds	rcox@example.com	2022-12-27	NULL	Active	Associate - Security	Associate	11	69718.14	5	Other	Caucasian	51
2520	Kelly	James	sanchezlevi@example.com	08/31/2022	NULL	Active	Supervisor/Lead - Marketing	Supervisor/Lead	7	77279.96	4	Female	Caucasian	52
2521	Allison	Peterson	april74@example.com	2022-06-19	2023-07-16	Terminated	Associate - Marketing	Associate	7	42163.61	3	Other	Asian	48
2522	Donna	Gray	katherineboyd@example.com	2024-10-13	2026-04-25	Terminated	Associate - Customer Success	Associate	9	66251.18	3	Non-Binary	NULL	28
2523	Karen	Hall	areynolds@example.org	2022-01-29	2024-05-04	Terminated	Associate - Engineering	Associate	1	47802.24	2	Female	Asian	45
2524	Crystal	Foster	amydixon@example.com	2024-02-01	NULL	Active	Associate - Customer Success	Associate	9	44232.28	3	Female	Asian	43
2525	Robin	Bell	tinaramirez@example.org	2024-10-01	NULL	Active	Associate - Supply Chain	Associate	12	54072.85	3	Female	Asian	45
2526	Michael	Brown	graybenjamin@example.org	2024-02-18	NULL	Active	Associate - Product	Associate	2	68586.49	3	Male	Hispanic	41
2527	Gerald	Ray	elizabeth57@example.net	2024-12-01	NULL	Active	Associate - Quality Assurance	Associate	16	40101.85	3	Male	Asian	43
2528	Jason	Fields	keithsaunders@example.net	2023-09-18	NULL	Active	Associate - Supply Chain	Associate	12	42188.68	3	Other	Caucasian	33
2529	Krystal	Knight	steven17@example.net	2025-11-18	NULL	Active	associate - marketing	Associate	7	50019.47	5	Other	Asian	36
2530	Randy	Day	kimberly92@example.net	04/09/2024	NULL	Active	Associate - Marketing	Associate	7	72154.0	3	Male	Hispanic	47
2531	Jessica	Barnes	achurch@example.net	2025-02-05	NULL	Active	Associate - Engineering	Associate	1	72790.73	3	Female	Caucasian	22
2532	Michael	Williams	gregory35@example.net	2025-06-02	NULL	Active	Associate - Facilities	Associate	13	72977.41	2	Other	African American	30
2533	Adam	Obrien	michael35@example.com	2026-05-16	NULL	Active	Associate - Data Science	Associate	3	52588.46	5	Male	Caucasian	47
2534	Cheyenne	Howard	rothapril@example.com	2022-07-21	NULL	Active	Associate - Quality Assurance	Associate	16	61531.55	NULL	Other	Hispanic	58
2535	Edward	Carr	joshuakelly@example.net	2026-02-25	NULL	Active	Associate - IT Support	Associate	10	55733.65	3	Male	Two or More	NULL
2536	Jason	Gomez	zjones@example.com	2024-02-29	NULL	Active	Associate - Supply Chain	Associate	12	74551.94	2	Male	Asian	32
2537	Jamie	Gordon	GRAVESLAUREN@EXAMPLE.COM	2025-04-19	NULL	Active	Assistant Manager - Marketing	Assistant Manager	7	72571.03	4	Female	Asian	37
2538	Christina	Greene	michael27@example.com	2024-10-09	NULL	Active	Associate - Internal Communications	Associate	15	45293.06	5	Female	African American	43
2539	Shawn	Rich	jessica25@example.com	2024-09-11	NULL	Active	Associate - Quality Assurance	Associate	16	43577.61	3	Male	Two or More	NULL
2540	Glenn	Odonnell	allison84@example.com	2024-11-22	NULL	Active	Associate - Finance	Associate	5	55321.11	3	Non-Binary	African American	33
2541	Kendra	Walker	penningtonjason@example.net	2025-04-12	NULL	Active	Associate - Marketing	Associate	7	41159.46	3	Female	Two or More	27
2542	Daniel	Morton	fboone@example.org	2023-10-17	NULL	Active	Associate - Engineering	Associate	1	41047.77	3	Non-Binary	Two or More	34
2543	Amanda	Gonzalez	quinntammy@example.com	2026-01-01	NULL	Active	Associate - Product	Associate	2	59129.58	3	Female	Two or More	49
2544	Holly	Andrews	shammond@example.net	2025-10-15	NULL	Active	Associate - Product	Associate	2	69700.42	2	Female	African American	NULL
2545	Jill	Smith	daniel69@example.org	2024-02-22	2024-04-27	Terminated	Supervisor/Lead - Supply Chain	Supervisor/Lead	12	83858.93	4	Female	Two or More	37
2546	Jeremy	Martinez	thomasnielsen@example.net	2025-02-14	NULL	Active	Associate - Supply Chain	Associate	12	51192.33	NULL	Male	Caucasian	46
2547	Maria	Myers	lhill@example.net	2025-02-03	NULL	Active	Associate - Finance	Associate	5	64436.97	4	Female	Asian	48
2548	Jamie	Williams	ruizkenneth@example.org	2022-04-08	NULL	Active	Associate - Product	Associate	2	40213.28	2	Female	Caucasian	40
2549	Alexander	Patterson	michael18@example.org	2025-02-25	NULL	Active	Manager - Internal Communications	Manager	15	114496.62	5	Male	Hispanic	39
2550	Jeffrey	Moore	lauren38@example.com	2026-01-09	NULL	Active	Supervisor/Lead - Corporate Strategy	Supervisor/Lead	14	NULL	3	Other	Caucasian	41
2551	Danielle	Lyons	jordancurtis@example.com	2022-11-10	NULL	Active	Associate - Customer Success	Associate	9	59702.49	5	Other	Asian	34
2552	Stephanie	Compton	cookdavid@example.net	2024-08-01	NULL	Active	Associate - Product	Associate	2	68442.95	3	Female	Caucasian	34
2553	Ricardo	Bird	medinatimothy@example.org	2025-08-26	NULL	Active	Supervisor/Lead - Sales	Supervisor/Lead	8	69486.13	3	Male	Hispanic	30
2554	Alexis	Washington	austin32@example.net	2023-06-15	NULL	Active	Associate - Customer Success	Associate	9	59314.8	3	Non-Binary	Asian	33
2555	Willie	Mullins	craigadams@example.com	2025-06-25	NULL	Active	Associate - Engineering	Associate	1	47053.13	4	Non-Binary	Asian	42
2556	Peter	Sanchez	jramirez@example.net	2024-06-14	NULL	Active	Associate - Customer Success	Associate	9	51547.91	4	Non-Binary	Asian	46
2557	Ashley	Murphy	barnesjames@example.net	2024-07-25	NULL	Active	Associate - Engineering	Associate	1	40650.95	3	Female	Asian	43
2558	Andrea	Fisher	kelseyanderson@example.com	2023-10-20	NULL	Active	Associate - Marketing	Associate	7	64218.87	1	Female	Caucasian	28
2559	Charles	Fisher	wayne60@example.org	2026-04-20	2026-05-26	Terminated	Associate - Finance	Associate	5	68246.25	2	Male	Caucasian	50
2560	Michael	Watson	pfitzpatrick@example.net	2026-03-25	2026-06-12	Terminated	Associate - People Operations	Associate	4	61756.11	4	Non-Binary	Caucasian	45
2561	Kristina	Henderson	ayalastephen@example.net	2025-03-14	NULL	Active	Associate - Sales	Associate	8	60129.92	4	Female	Two or More	45
2562	Charles	Sullivan	bknox@example.org	2021-07-04	NULL	Active	Associate - Quality Assurance	Associate	16	51431.34	4	Male	Hispanic	33
2563	Melissa	Edwards	fjimenez@example.com	2023-12-31	NULL	Active	Associate - Internal Communications	Associate	15	63537.29	5	Non-Binary	Caucasian	33
2564	Christopher	Reeves	bradley97@example.com	2024-05-31	NULL	Active	Associate - Supply Chain	Associate	12	46225.68	3	Other	Hispanic	44
2565	Shannon	Burke	brandon48@example.com	2025-01-19	2025-12-18	Terminated	Associate - Quality Assurance	Associate	16	51909.13	3	Female	Caucasian	31
2566	Shelley	Daniels	bauerandrew@example.com	2025-09-19	NULL	Active	Associate - Supply Chain	Associate	12	62406.26	4	Non-Binary	NULL	46
2567	Jennifer	Luna	yle@example.net	2024-05-09	NULL	Active	Associate - People Operations	Associate	4	69055.14	3	Non-Binary	African American	51
2568	Becky	Mack	jeremymyers@example.org	2026-02-06	NULL	Active	Associate - Customer Success	Associate	9	68855.58	2	Non-Binary	African American	37
2569	Melissa	Miller	igordon@example.com	2023-06-09	NULL	Active	Domain Director - Quality Assurance	Domain Director	16	174785.35	1	Female	African American	47
2570	George	Wilson	hgardner@example.net	2025-07-12	NULL	Active	Supervisor/Lead - People Operations	Supervisor/Lead	4	83699.96	3	Non-Binary	African American	33
2571	Lori	Ford	claytonrandy@example.net	2025-01-21	NULL	Active	Associate - Supply Chain	Associate	12	56515.1	4	Non-Binary	Two or More	35
2572	Michelle	Rivera	kathryn63@example.net	2022-08-19	NULL	Active	Associate - Product	Associate	2	69091.18	3	Female	Asian	48
2573	Jose	Johnson	cayala@example.com	2025-07-09	NULL	Active	Associate - Sales	Associate	8	48118.94	3	Male	Hispanic	41
2574	Emily 	Hunt	greenchad@example.com	2024-09-09	NULL	Active	Associate - Corporate Strategy	Associate	14	68456.47	5	Female	Asian	45
2575	Maria	Phillips	andreaking@example.net	2025-10-20	NULL	Active	Associate - Supply Chain	Associate	12	54345.66	3	Other	Hispanic	26
2576	Todd	Davies	stephensontroy@example.com	2023-10-25	NULL	Active	Associate - Finance	Associate	5	43965.42	2	Male	African American	45
2577	Ashley	Collins	johnsontony@example.net	2026-03-09	NULL	Active	Associate - Supply Chain	Associate	12	73388.1	3	Female	Hispanic	39
2578	Dylan	Thompson	mjohnson@example.org	2023-11-02	NULL	Active	Associate - Facilities	Associate	13	50634.42	4	Other	Two or More	55
2579	Annette	Williams	facosta@example.com	2026-03-28	NULL	Active	Associate - Quality Assurance	Associate	16	49728.48	4	Other	African American	49
2580	Lisa	Parker	greenerichard@example.org	09/25/2023	NULL	Active	Associate - IT Support	Associate	10	62216.33	2	Female	Hispanic	30
2581	Austin	MARTIN	gainestara@example.com	2025-04-01	NULL	Active	Associate - IT Support	Associate	10	56421.45	3	Non-Binary	Asian	44
2582	James	Erickson	meghanlin@example.net	2024-10-21	NULL	Active	Associate - Security	Associate	11	65232.97	3	Male	Hispanic	55
2583	Cynthia	Washington	jennifer20@example.org	2025-07-25	NULL	Active	Supervisor/Lead - Supply Chain	Supervisor/Lead	12	74401.15	3	Non-Binary	Two or More	29
2584	Austin	Watts	zkrause@example.org	10/30/2024	NULL	Active	Manager - Supply Chain	Manager	12	85693.29	3	Male	Asian	48
2585	Brian	Kelley	MASONBRYAN@EXAMPLE.COM	2022-03-03	NULL	Active	Assistant Manager - Legal	Assistant Manager	6	65542.84	3	Male	Hispanic	43
2586	Angela	Gray	castrocarol@example.org	2021-07-22	NULL	Active	Associate - Sales	Associate	8	48697.64	3	Female	African American	38
2587	Renee	Steele	brycemills@example.org	2021-07-29	NULL	Active	Assistant Manager - Quality Assurance	Assistant Manager	16	68506.21	3	Other	NULL	31
2588	Mark	Jackson	garciajerry@example.org	2024-08-03	2026-02-13	Terminated	Associate - Corporate Strategy	Associate	14	53746.37	3	Male	Hispanic	22
2589	Anna	Thompson	ykirk@example.org	2021-08-23	NULL	Active	Associate - Sales	Associate	8	74227.34	4	Non-Binary	Two or More	56
2590	Steve	Ibarra	lkoch@example.net	2025-06-25	NULL	Active	Associate - Engineering	Associate	1	54550.83	5	Male	African American	61
2591	Calvin	Hendrix	amanda42@example.org	2024-11-24	NULL	Active	Associate - Product	Associate	2	68712.3	3	Male	Asian	53
2592	Eric	Moreno	jose52@example.net	2025-05-23	NULL	Active	Associate - Customer Success	Associate	9	67672.24	2	Other	Hispanic	42
2593	Marissa	Molina	brendacoleman@example.org	2023-06-07	2023-07-19	Terminated	Associate - People Operations	Associate	4	55105.16	3	Non-Binary	Asian	41
2594	Valerie	Adkins	ryan97@example.org	2022-08-12	NULL	Active	Assistant Manager - Customer Success	Assistant Manager	9	95400.17	4	Other	Hispanic	27
2595	Jeffery	Gillespie	matthew08@example.com	2024-05-15	NULL	Active	Associate - Security	Associate	11	53923.88	3	Other	Caucasian	48
2596	Megan	Brown	amanda25@example.com	2024-09-19	NULL	Active	Associate - Corporate Strategy	Associate	14	61509.26	4	NULL	African American	41
2597	Stephen	Garcia	kspence@example.net	2023-09-24	NULL	Active	Supervisor/Lead - Marketing	Supervisor/Lead	7	68647.97	3	Male	Asian	29
2598	Alexis	Brown	wendy66@example.org	2024-04-07	NULL	Active	Associate - Security	Associate	11	54349.0	3	Other	Hispanic	47
2599	Sandra	Ramirez	robynallison@example.net	2021-10-24	NULL	Active	Supervisor/Lead - Supply Chain	Supervisor/Lead	12	77095.0	3	Other	Caucasian	38
2600	Audrey	Garcia	stephanieknox@example.net	2024-10-15	NULL	Active	Assistant Manager - Internal Communications	Assistant Manager	15	90828.12	3	Female	Two or More	33
2601	Sarah	Singleton	timothy49@example.com	2026-05-04	NULL	Active	Associate - Customer Success	Associate	9	42182.89	1	Female	Caucasian	66
2602	Andrew	Reid	thomasapril@example.com	2024-08-23	NULL	Active	Associate - Finance	Associate	5	62135.2	2	Other	Hispanic	29
2603	Jennifer	Wagner	casey05@example.com	2026-05-08	NULL	Active	Associate - Legal	Associate	6	53860.49	2	Non-Binary	African American	21
2604	Nancy	Jackson	brandon96@example.net	2023-04-10	2026-06-15	Terminated	Assistant Manager - Supply Chain	Assistant Manager	12	70945.38	3	Female	NULL	56
2605	Matthew	Le	georgefranklin@example.net	2023-11-16	NULL	Active	Supervisor/Lead - People Operations	Supervisor/Lead	4	75308.31	3	Male	Caucasian	31
2606	Dawn	Khan	djohnson@example.net	2022-02-06	2024-04-03	Terminated	Assistant Manager - Marketing	Assistant Manager	7	97721.14	2	Female	Two or More	57
2607	Robert	Clark	yhall@example.net	2023-03-20	NULL	Active	Associate - People Operations	Associate	4	40840.69	3	Non-Binary	Caucasian	38
2608	Kyle	Knight	richardsonhayley@example.org	2023-11-23	NULL	Active	Associate - Sales	Associate	8	48004.22	5	Male	Caucasian	52
2609	Scott	Mitchell	wendylee@example.org	2025-09-10	NULL	Active	Associate - Customer Success	Associate	9	60720.99	1	Non-Binary	Asian	32
2610	Jimmy	Nguyen	xsweeney@example.org	2022-06-27	NULL	Active	Assistant Manager - IT Support	Assistant Manager	10	69978.22	3	NULL	Two or More	29
2611	Rebecca	Adams	rachelgomez@example.net	2025-12-04	NULL	Active	Manager - Facilities	Manager	13	94125.7	5	Other	Hispanic	22
2612	Jose	Perry	melanie38@example.org	2021-10-30	2025-12-12	Terminated	Associate - Quality Assurance	Associate	16	55523.57	5	Other	Caucasian	33
2613	Malik	Mendez	woodcourtney@example.org	2023-07-03	NULL	Active	Associate - Corporate Strategy	Associate	14	58229.04	4	Male	Hispanic	22
2614	Madison	Smith	richard86@example.org	2025-10-02	NULL	Active	Associate - IT Support	Associate	10	67634.91	5	Non-Binary	African American	30
2615	Robert	Wilson	ssmith@example.com	2021-08-03	NULL	Active	Manager - Corporate Strategy	Manager	14	99565.99	4	Male	Caucasian	51
2616	Brandon	Smith	bobbyperry@example.com	2025-09-05	NULL	Active	Supervisor/Lead - People Operations	Supervisor/Lead	4	82023.32	2	Other	NULL	41
2617	Amy	Mccoy	jason00@example.org	2025-01-04	NULL	Active	Associate - Customer Success	Associate	9	70216.87	3	Female	Two or More	50
2618	Theresa	Edwards	fwallace@example.com	2026-01-13	NULL	Active	Associate - Supply Chain	Associate	12	60034.48	3	Other	NULL	39
2619	Robert	Johnson	kristensanchez@example.com	2024-10-30	NULL	Active	Associate - Finance	Associate	5	61385.83	3	Male	Caucasian	26
2620	Shane	Ellis	chad09@example.net	2024-01-27	NULL	Active	Manager - Marketing	Manager	7	72766.93	3	Male	Hispanic	22
2621	Rebecca	Sims	garrett76@example.net	2025-10-30	NULL	Active	Associate - Marketing	Associate	7	56861.36	3	Other	African American	39
2622	Christine	Miller	virginiareid@example.org	2025-10-15	NULL	Active	Associate - Legal	Associate	6	50068.49	4	Other	Asian	25
2623	Bruce	Lopez	pgregory@example.net	2026-03-21	NULL	Active	Associate - Security	Associate	11	68877.54	2	Male	Caucasian	NULL
2624	Lauren	Brewer	qmorgan@example.net	07/13/2021	NULL	Active	Associate - Marketing	Associate	7	40484.01	3	Female	Asian	50
2625	Sherry	Trujillo	josephcalhoun@example.com	2026-06-13	NULL	Active	Associate - Legal	Associate	6	42401.52	3	Non-Binary	Hispanic	47
2626	Marcus	Wyatt	zburch@example.com	2024-09-19	NULL	Active	Assistant Manager - People Operations	Assistant Manager	4	77091.58	2	Male	Caucasian	28
2627	Brian	Fox	robert63@example.net	2022-08-04	NULL	Active	Associate - Sales	Associate	8	64203.12	2	Other	Hispanic	22
2628	Andrea	Guzman	gonzalezelizabeth@example.org	2023-11-03	NULL	Active	Assistant Manager - Engineering	Assistant Manager	1	95011.15	3	Other	Asian	49
2629	Ashley	Lee	ajones@example.net	2024-05-23	NULL	Active	Associate - Internal Communications	Associate	15	64664.4	3	Female	Caucasian	49
2630	Michelle	Alexander	thomas88@example.net	2022-08-27	NULL	Active	Associate - Customer Success	Associate	9	42949.17	3	Non-Binary	African American	40
2631	Amy	Day	gardnermartin@example.org	2021-09-04	2025-10-29	Terminated	Associate - People Operations	Associate	4	69353.84	3	Female	African American	40
2632	Rick	Elliott	tammy66@example.org	2025-04-05	2025-11-13	Terminated	Associate - Facilities	Associate	13	43439.87	1	Other	African American	25
2633	Samantha	Shah	oheath@example.com	2023-03-10	NULL	Active	Associate - Marketing	Associate	7	65885.48	3	Female	Asian	53
2634	Andrew	Hernandez	molinaelizabeth@example.com	2025-10-17	NULL	Active	Associate - IT Support	Associate	10	65624.19	4	Male	Hispanic	42
2635	Sandra	Johnson	santosmark@example.net	2025-02-22	NULL	Active	Supervisor/Lead - IT Support	Supervisor/Lead	10	79212.04	4	Other	Two or More	35
2636	Elizabeth	Mcdaniel	mark47@example.com	2024-04-12	NULL	Active	Associate - Supply Chain	Associate	12	47307.48	3	Female	Caucasian	43
2637	Claudia	Perry	gordonjohn@example.net	2023-01-09	NULL	Active	Associate - Finance	Associate	5	68201.16	5	Female	Caucasian	37
2638	Jennifer	Pittman	xcain@example.com	2025-08-23	NULL	Active	Assistant Manager - People Operations	Assistant Manager	4	67725.19	4	Female	Hispanic	30
2639	Brian	Reid	mallen@example.com	2021-09-01	2023-03-26	Terminated	Associate - Quality Assurance	Associate	16	43858.13	4	Other	Hispanic	37
2640	Misty	Caldwell	rrocha@example.org	2024-06-02	NULL	Active	Associate - Internal Communications	Associate	15	55936.5	3	Female	Caucasian	32
2641	Matthew	Herrera	vickiblake@example.com	2023-05-11	NULL	Active	Associate - Customer Success	Associate	9	52394.45	3	Male	African American	30
2642	Ryan	Perry	ireid@example.net	2025-08-25	NULL	Active	Associate - Supply Chain	Associate	12	48260.44	4	Male	Hispanic	38
2643	Andrea	Gaines	kingmatthew@example.net	2022-01-31	NULL	Active	Associate - Internal Communications	Associate	15	62127.58	3	Female	African American	52
2644	Justin	Hodge	benderstephen@example.net	2025-10-01	NULL	Active	Associate - Finance	Associate	5	50064.2	3	Non-Binary	Caucasian	26
2645	Jane	Riley	pschultz@example.org	2024-07-20	NULL	Active	Associate - Customer Success	Associate	9	47282.2	3	Female	Asian	62
2646	Thomas	Cannon	jonescrystal@example.org	2023-04-26	NULL	Active	Associate - People Operations	Associate	4	41417.85	4	Other	NULL	35
2647	Valerie	Meza	williammcgee@example.net	01/18/2024	NULL	Active	Associate - Product	Associate	2	74363.7	2	Non-Binary	Caucasian	23
2648	Joshua	Hammond	stevenandersen@example.org	2025-05-07	NULL	Active	Associate - Supply Chain	Associate	12	73319.34	3	Other	Caucasian	39
2649	James	Meza	rodriguezdavid@example.com	2023-11-27	NULL	Active	Associate - Supply Chain	Associate	12	57611.22	1	Male	Asian	46
2650	Christopher	Ford	bhart@example.org	2021-12-09	NULL	Active	Supervisor/Lead - Engineering	Supervisor/Lead	1	58468.65	3	Male	Caucasian	29
2651	George	Davis	ashley64@example.com	2024-03-18	NULL	Active	Supervisor/Lead - Marketing	Supervisor/Lead	7	81875.53	3	Non-Binary	African American	43
3545	Craig	Gonzalez	fjennings@example.org	2024-09-29	NULL	Active	Associate - Supply Chain	Associate	12	55562.74	3	Other	Hispanic	30
2652	Timothy	Gomez	ortizcraig@example.org	2024-02-04	NULL	Active	Associate - Marketing	Associate	7	58341.8	3	Non-Binary	Hispanic	59
2653	Ashley	Rodriguez	heather92@example.net	2025-03-07	NULL	Active	Associate - Finance	Associate	5	70333.15	2	Female	Two or More	42
2654	Kyle	Gordon	janet31@example.org	2026-05-01	NULL	Active	Associate - Product	Associate	2	60736.48	5	Male	Asian	40
2655	Johnny	Obrien	seanlee@example.com	2023-06-01	NULL	Active	Supervisor/Lead - Supply Chain	Supervisor/Lead	12	86475.46	3	Non-Binary	Hispanic	32
2656	Terry	Cross	halelisa@example.com	2023-07-04	NULL	Active	Associate - Facilities	Associate	13	NULL	3	Male	NULL	30
2657	Jennifer	Velasquez	griffithamanda@example.com	2026-03-01	NULL	Active	Associate - Data Science	Associate	3	57813.31	4	Non-Binary	Caucasian	30
3733	Benjamin	Bennett	michelle36@example.org	2025-02-04	NULL	Active	Associate - Sales	Associate	8	59531.61	4	Other	Two or More	36
2658	Robert	Oliver	taylorking@example.com	2022-08-03	NULL	Active	Associate - Marketing	Associate	7	73022.99	3	Male	NULL	29
2659	John	Zuniga	schneiderdiana@example.org	2022-06-10	NULL	Active	Associate - Facilities	Associate	13	54913.12	3	Non-Binary	Hispanic	30
2660	Breanna	Sutton	donald58@example.com	2022-04-13	NULL	Active	Associate - People Operations	Associate	4	74220.5	3	NULL	Asian	46
2661	Gregory	Thompson	joneslaura@example.com	2024-02-25	NULL	Active	Associate - Finance	Associate	5	53040.84	3	Male	Hispanic	36
2662	Paul	Kaiser	elizabeth65@example.net	2022-08-25	NULL	Active	Associate - Marketing	Associate	7	47123.98	5	Male	Two or More	29
2663	Michelle	Clark	louis83@example.net	2025-04-16	NULL	Active	Associate - Quality Assurance	Associate	16	68192.37	3	Female	Two or More	32
2664	Francisco	Payne	mark79@example.net	2024-04-14	NULL	Active	Associate - People Operations	Associate	4	61910.22	5	Other	African American	44
2665	Sandra	Jones	anna27@example.com	2025-05-19	NULL	Active	Associate - People Operations	Associate	4	60275.72	2	Female	African American	24
2666	Patricia	Stokes	justin51@example.com	2024-09-22	NULL	Active	Associate - Data Science	Associate	3	NULL	1	Other	African American	52
2667	Ronnie	Pierce	mcdonaldluis@example.net	2024-08-30	2025-05-10	Terminated	Associate - Data Science	Associate	3	49489.18	2	Other	Caucasian	36
2668	Charles	Compton	vchoi@example.com	2025-02-03	NULL	Active	Associate - Internal Communications	Associate	15	49529.72	3	Male	Caucasian	41
2669	Caitlin	Mcknight	tjensen@example.net	2024-01-20	NULL	Active	Associate - Legal	Associate	6	49632.23	2	Female	African American	53
2670	Shannon	Hudson	adammckenzie@example.net	2023-07-08	NULL	Active	Associate - Facilities	Associate	13	63204.16	5	Female	Caucasian	27
2671	Kenneth	Davidson	huffelizabeth@example.com	2025-12-12	NULL	Active	Supervisor/Lead - Facilities	Supervisor/Lead	13	80452.11	4	Male	African American	44
2672	Luke	Price	marykim@example.net	2023-05-11	NULL	Active	Associate - Supply Chain	Associate	12	58822.13	5	Non-Binary	Asian	38
2673	Logan	Moreno	arthur70@example.net	2023-01-19	NULL	Active	Supervisor/Lead - Facilities	Supervisor/Lead	13	89513.26	3	Male	African American	28
2674	Shannon	Johnson	daniel71@example.net	2021-08-05	NULL	Active	Associate - Corporate Strategy	Associate	14	44206.05	1	Non-Binary	African American	22
2675	Richard	Stevens	whitedebbie@example.net	2022-12-21	NULL	Active	Associate - Security	Associate	11	66828.18	2	Male	African American	25
2676	Margaret	Williams	gomezstephen@example.net	2024-03-07	NULL	Active	Associate - People Operations	Associate	4	74504.58	3	Female	Asian	21
2677	Thomas	Bishop	codyjohnson@example.com	2021-12-18	NULL	Active	Associate - Finance	Associate	5	59167.69	3	Male	Hispanic	34
2678	Ronald	Harris	shawnmills@example.org	2024-04-15	NULL	Active	Assistant Manager - Customer Success	Assistant Manager	9	NULL	5	Male	Asian	38
2679	Lori	Andrade	daniel12@example.com	2023-01-29	NULL	Active	Associate - Supply Chain	Associate	12	73976.02	5	Female	African American	34
2680	Robert	Alvarez	jessica30@example.com	2024-04-18	NULL	Active	Associate - Finance	Associate	5	41790.14	3	Male	Caucasian	51
2681	David	Hall	ygay@example.net	2024-09-30	2025-12-24	Terminated	Supervisor/Lead - Data Science	Supervisor/Lead	3	76698.5	4	Male	African American	66
2682	Brianna	Davis	emartinez@example.net	2024-09-20	NULL	Active	Associate - Corporate Strategy	Associate	14	67623.68	2	Non-Binary	Caucasian	33
2683	Sandy	Anderson	hillsandra@example.net	2022-05-17	NULL	Active	Associate - Internal Communications	Associate	15	74771.44	NULL	Female	Two or More	37
2684	Lisa	Ferguson	patriciafreeman@example.org	2025-11-10	NULL	Active	Associate - Data Science	Associate	3	55830.79	4	Non-Binary	Hispanic	60
2685	Matthew	Figueroa	hsmith@example.org	2025-07-31	NULL	Active	Associate - Marketing	Associate	7	42164.45	NULL	Other	African American	41
2686	Bryan	Wiggins	jgray@example.org	2023-07-13	NULL	Active	Associate - Supply Chain	Associate	12	57569.7	5	Other	African American	21
2687	Leslie	Rodriguez	ewaller@example.net	2023-12-25	NULL	Active	Supervisor/Lead - Supply Chain	Supervisor/Lead	12	60601.3	3	Non-Binary	Asian	38
2688	Audrey	Brown	patrickneil@example.org	2023-04-06	NULL	Active	Associate - People Operations	Associate	4	46157.95	4	Non-Binary	Hispanic	47
2689	Edward	Baker	harry12@example.com	2023-10-29	NULL	Active	Supervisor/Lead - Legal	Supervisor/Lead	6	59474.87	3	Other	Asian	46
2690	Eric	Berger	rogerdavis@example.net	2026-06-25	NULL	Active	Associate - IT Support	Associate	10	50218.82	4	Non-Binary	Two or More	25
2691	Brenda	Knight	alexandra30@example.com	2023-09-09	NULL	Active	Associate - Data Science	Associate	3	74942.52	2	Female	Asian	27
2692	Joshua	Curtis	bjackson@example.org	2024-08-12	NULL	Active	Associate - Facilities	Associate	13	60508.39	3	Male	Asian	60
2693	Angela	Bishop	friedmanlauren@example.org	2024-06-28	NULL	Active	Associate - Corporate Strategy	Associate	14	73550.49	5	NULL	Caucasian	43
2694	Shelly	Henderson	zcervantes@example.org	2025-01-29	NULL	Active	Executive Director - Legal	Executive Director	6	192280.2	4	Female	Caucasian	34
2695	Robert	Hill	jasondougherty@example.com	2023-01-13	2025-12-21	Terminated	Associate - Supply Chain	Associate	12	54734.75	3	Male	Two or More	35
2696	Nathan	Higgins	jesseturner@example.net	2026-02-23	NULL	Active	Associate - Finance	Associate	5	57596.29	5	Non-Binary	Asian	49
2697	Mallory	Moreno	mark76@example.net	2023-05-17	NULL	Active	Associate - Customer Success	Associate	9	58847.2	5	Other	African American	23
2698	Richard 	Huffman	bradleygregory@example.com	2023-11-30	NULL	Active	Associate - People Operations	Associate	4	52052.66	5	Male	Caucasian	48
2699	Amy	Scott	christine21@example.net	2024-10-14	NULL	Active	Associate - Quality Assurance	Associate	16	55424.52	3	Female	Two or More	49
2700	Toni	Kelly	jvasquez@example.com	2024-04-10	NULL	Active	Manager - People Operations	Manager	4	119964.73	5	Female	Hispanic	41
2701	Devon	Scott	franciscomartinez@example.net	2023-11-12	NULL	Active	Associate - Sales	Associate	8	53009.35	4	Male	Caucasian	35
2702	Vicki	Knox	xjensen@example.org	04/07/2023	NULL	Active	Associate - Corporate Strategy	Associate	14	68988.28	4	Non-Binary	African American	45
2703	Matthew	Ellis	john65@example.com	2021-11-15	NULL	Active	Manager - Legal	Manager	6	116659.09	4	Male	Two or More	42
2704	Edward	Graves	moorejustin@example.org	2021-10-09	NULL	Active	Associate - Finance	Associate	5	49562.75	4	Male	African American	34
2705	 Jonathan 	Lee	lauren10@example.net	2021-09-13	NULL	Active	Supervisor/Lead - Quality Assurance	Supervisor/Lead	16	86374.95	3	Non-Binary	Caucasian	30
2706	Sonya	Bernard	sarahparks@example.net	2024-04-03	NULL	Active	Associate - Engineering	Associate	1	69499.14	3	Female	NULL	29
2707	Donald	Smith	ALVAREZCOURTNEY@EXAMPLE.NET	2024-04-19	NULL	Active	Associate - Finance	Associate	5	56420.5	NULL	Non-Binary	Asian	38
2708	Evan	Moyer	iroberts@example.org	2024-05-21	NULL	Active	Associate - Finance	Associate	5	63641.89	3	Non-Binary	African American	46
2709	Judith	Robinson	lisa16@example.org	2023-11-02	NULL	Active	Associate - Marketing	Associate	7	49316.65	3	Non-Binary	African American	43
2710	Alexander	Willis	gilbertshelby@example.org	2022-03-18	NULL	Active	Associate - Internal Communications	Associate	15	67348.55	5	Other	Caucasian	29
2711	Susan	Kelly	cgriffin@example.net	2024-12-01	NULL	Active	Associate - Product	Associate	2	59705.42	5	Female	Caucasian	52
2712	Ashley	Torres	warnerdawn@example.net	2021-08-02	NULL	Active	Associate - Finance	Associate	5	68369.0	2	Non-Binary	Asian	33
2713	Susan	George	popejonathan@example.net	2024-12-09	NULL	Active	Manager - Finance	Manager	5	116558.89	2	Other	Asian	42
2714	Donna	Harper	pjones2@example.com	2025-08-11	NULL	Active	Associate - Sales	Associate	8	54216.97	3	Female	Two or More	41
2715	Sheila	Jennings	jacobskim@example.com	2025-07-18	NULL	Active	Associate - Internal Communications	Associate	15	72568.4	2	Female	NULL	47
2716	Henry	Lynch	tonya99@example.net	2024-10-08	NULL	Active	Associate - Supply Chain	Associate	12	46583.08	4	Male	NULL	40
2717	Shannon	Kirby	nicholasjackson@example.com	2025-09-16	NULL	Active	Supervisor/Lead - Corporate Strategy	Supervisor/Lead	14	79353.14	4	Other	African American	30
2718	Tammy	Fisher	kvasquez@example.org	2022-12-20	NULL	Active	Assistant Manager - Engineering	Assistant Manager	1	84449.19	3	Female	Asian	30
2719	Nicole	Klein	pnicholson@example.net	2022-09-19	NULL	Active	Associate - IT Support	Associate	10	62999.68	3	Female	African American	56
2720	Rachel	Nicholson	campbellcharles@example.net	11/12/2021	NULL	Active	Associate - Legal	Associate	6	65534.45	3	Female	Two or More	30
2721	Anna	Dougherty	carolinegarza@example.com	2024-06-30	NULL	Active	Supervisor/Lead - People Operations	Supervisor/Lead	4	64679.71	4	Non-Binary	Two or More	36
2722	Jeffery	Hunter	vasquezdawn@example.net	2022-01-10	NULL	Active	Supervisor/Lead - Engineering	Supervisor/Lead	1	73891.55	5	Male	Asian	36
2723	Mike	Adams	karenrodgers@example.net	2024-03-04	NULL	Active	Associate - Data Science	Associate	3	57858.75	1	Other	Caucasian	34
2724	Justin	Key	jeanettehouston@example.com	2024-12-23	2026-07-21	Terminated	Associate - Security	Associate	11	NULL	3	Male	Hispanic	32
2725	Sara	Wheeler	smithmeghan@example.net	2023-12-26	NULL	Active	Associate - Marketing	Associate	7	48030.0	4	Female	Hispanic	31
2726	Calvin	 Holmes 	marciataylor@example.org	2024-11-07	NULL	Active	Associate - Security	Associate	11	71915.17	3	NULL	Asian	38
2727	Alexander	Norris	sarah48@example.org	2025-08-01	NULL	Active	Associate - Data Science	Associate	3	46640.53	4	Other	African American	54
2728	Daniel	Brown	rodney42@example.net	2025-04-04	NULL	Active	Associate - Product	Associate	2	69095.59	3	Non-Binary	African American	30
2729	Aaron	Beck	marc12@example.com	2022-04-02	NULL	Active	Supervisor/Lead - Sales	Supervisor/Lead	8	89980.73	4	Other	Asian	27
2730	Taylor	Carroll	albertgrimes@example.net	2022-07-03	NULL	Active	manager - people operations	Manager	4	73830.02	4	Female	African American	43
2731	Beth	Sanders	wnguyen@example.com	2022-06-07	2022-08-21	Terminated	Associate - Sales	Associate	8	56968.69	3	Non-Binary	Hispanic	34
2732	Cindy	Dennis	troygonzalez@example.com	2025-05-12	NULL	Active	Associate - People Operations	Associate	4	50377.19	2	Female	Caucasian	65
2733	Amanda	Lee	riveraelizabeth@example.org	2024-03-01	NULL	Active	Associate - Engineering	Associate	1	72671.41	3	Other	Two or More	53
2734	Ebony	Nelson	alyssaanderson@example.com	2026-02-22	NULL	Active	Associate - People Operations	Associate	4	57176.46	4	Female	Caucasian	36
2735	Christopher	Mayo	buckjennifer@example.org	2026-03-06	NULL	Active	Associate - Sales	Associate	8	41582.03	4	NULL	Two or More	40
2736	Lori	Nixon	anthony20@example.org	2023-08-27	NULL	Active	Associate - Marketing	Associate	7	71615.69	3	Female	African American	39
2737	Edward	Cannon	alyssajohnson@example.com	2025-11-24	NULL	Active	associate - supply chain	Associate	12	60265.98	4	NULL	Asian	53
2738	Heather	Bowen	johnvega@example.com	2022-12-19	2023-10-07	Terminated	Associate - Marketing	Associate	7	50091.35	4	Non-Binary	NULL	41
2739	Courtney	Anderson	hsanchez@example.com	2025-11-08	NULL	Active	Associate - IT Support	Associate	10	65654.99	4	Non-Binary	Caucasian	33
2740	Todd	Caldwell	felicianewman@example.net	2021-09-29	NULL	Active	Associate - Product	Associate	2	55716.06	4	Male	African American	38
2741	Jessica	Erickson	simmonsadam@example.org	10/02/2025	NULL	Active	Supervisor/Lead - Security	Supervisor/Lead	11	58652.41	5	Female	NULL	50
2742	Barbara	Jones	parrishjeffery@example.com	2026-06-12	NULL	Active	Associate - IT Support	Associate	10	62521.81	2	Non-Binary	Asian	21
2743	Tyler	Miller	ffranco@example.org	2025-06-23	NULL	Active	Associate - Internal Communications	Associate	15	47626.82	5	Male	NULL	43
2744	Adam	Schultz	robertsandrew@example.org	2022-12-20	NULL	Active	Associate - Corporate Strategy	Associate	14	54602.38	3	Male	Two or More	27
2745	Tamara	Riley	gbarnes@example.com	2023-12-24	2024-09-18	Terminated	Associate - Quality Assurance	Associate	16	63493.77	4	Female	Hispanic	53
2746	Eric	Johnson	perezsamantha@example.net	2022-11-30	NULL	Active	Associate - Sales	Associate	8	55734.39	3	Other	African American	47
2747	Jenna	Johnson	jessica05@example.org	2025-07-15	2025-10-17	Terminated	Associate - Data Science	Associate	3	65676.5	3	Female	Asian	42
2748	Marissa	Boyle	harpermichael@example.net	2021-07-01	NULL	Active	Supervisor/Lead - Sales	Supervisor/Lead	8	72808.34	3	Female	Caucasian	45
2749	Dan	Morales	melodydavis@example.org	2023-09-01	2024-06-05	Terminated	Associate - People Operations	Associate	4	48183.14	2	Male	Hispanic	39
2750	Stephen	Pena	psmith@example.org	2021-08-17	2022-02-03	Terminated	Associate - Customer Success	Associate	9	56227.75	1	Other	Asian	46
2751	Ian	Mills	qberry@example.org	2026-06-27	NULL	Active	Associate - Legal	Associate	6	70889.67	3	Male	African American	37
2752	Alexandra	Simpson	lwilson@example.org	2021-07-29	NULL	Active	Associate - Engineering	Associate	1	57168.2	1	Female	Hispanic	21
2753	Meagan	Cohen	martinjean@example.com	2025-06-06	2026-06-22	Terminated	Associate - Corporate Strategy	Associate	14	66947.83	4	Non-Binary	Two or More	43
2754	Michael	Goodman	hroman@example.org	2026-07-06	NULL	Active	Associate - Internal Communications	Associate	15	70325.27	4	Male	African American	34
2755	Chelsea	Crane	david93@example.com	2021-08-29	NULL	Active	Associate - Marketing	Associate	7	57000.93	2	Other	Asian	41
2756	Dennis	Rivera	jenniferspencer@example.net	2022-07-27	2024-12-14	Terminated	Associate - Legal	Associate	6	72963.91	3	Male	Asian	35
2757	William	Perez	qthompson@example.net	2024-10-13	NULL	Active	Supervisor/Lead - Security	Supervisor/Lead	11	86250.7	3	Male	Hispanic	35
2758	Cory	Castillo	myersscott@example.org	2024-01-20	NULL	Active	Supervisor/Lead - Facilities	Supervisor/Lead	13	71095.87	2	Male	Two or More	35
2759	Sara	Barnes	xfleming@example.net	2022-04-29	NULL	Active	Manager - Legal	Manager	6	87558.53	5	Non-Binary	Caucasian	27
2760	Judith	White	eddie67@example.com	2024-07-22	NULL	Active	ASSOCIATE - SUPPLY CHAIN	Associate	12	69295.0	4	Other	Asian	54
2761	William	Edwards	zgolden@example.net	2024-02-16	2025-03-12	Terminated	Associate - Product	Associate	2	51274.54	3	Male	Caucasian	40
2762	Daniel	Blackwell	jennifervazquez@example.net	2022-05-03	NULL	Active	Supervisor/Lead - Data Science	Supervisor/Lead	3	81304.13	1	Male	Two or More	30
2763	Andrea	Barnes	evangordon@example.org	2024-08-07	NULL	Active	Associate - Security	Associate	11	66176.8	2	Female	Caucasian	21
2764	Mary	Thomas	gjordan@example.org	2026-06-25	NULL	Active	Associate - Engineering	Associate	1	59682.86	4	Female	African American	43
2765	Jay	Hays	ntucker@example.com	2023-02-18	NULL	Active	Associate - People Operations	Associate	4	44472.16	3	Male	Two or More	25
2766	Randy	Brown	jamiejones@example.com	2024-02-05	NULL	Active	Associate - People Operations	Associate	4	40911.84	3	Other	Caucasian	38
2767	Matthew	Luna	zwatson@example.com	2026-04-16	NULL	Active	Associate - People Operations	Associate	4	44816.95	4	Male	African American	31
2768	Isabella	Rodriguez	kimberly60@example.net	2022-08-03	NULL	Active	Associate - Legal	Associate	6	68489.4	4	NULL	Caucasian	47
2769	Nicholas	Edwards	williamsjohn@example.com	2023-08-04	NULL	Active	Supervisor/Lead - Product	Supervisor/Lead	2	74948.03	3	Other	Hispanic	37
2770	Jason	Gordon	zbates@example.org	2025-10-16	NULL	Active	Associate - Legal	Associate	6	42007.04	3	Other	African American	37
2771	Joseph	Bowen	hannah39@example.org	2023-10-18	NULL	Active	Supervisor/Lead - IT Support	Supervisor/Lead	10	87501.07	4	NULL	Caucasian	37
2772	Michelle	Williams	dylandunn@example.net	2024-05-21	NULL	Active	Associate - IT Support	Associate	10	69647.66	4	Female	Two or More	38
2773	Michael	Peters	ryancooper@example.net	2023-12-06	NULL	Active	Associate - People Operations	Associate	4	61384.76	3	Male	Caucasian	42
2774	Amy	Brandt	christine05@example.org	2022-04-19	NULL	Active	Associate - Customer Success	Associate	9	63583.74	4	Female	African American	44
2775	Craig 	Cruz	ruizdaniel@example.net	2024-05-03	NULL	Active	Associate - Corporate Strategy	Associate	14	66483.56	1	Other	Asian	56
2776	  Evan	Brown	stephen81@example.com	2023-10-27	NULL	Active	Associate - Internal Communications	Associate	15	73838.34	4	Male	Hispanic	31
2777	Laura	Hill	henrysmith@example.org	2026-07-05	NULL	Active	Supervisor/Lead - Legal	Supervisor/Lead	6	66115.62	3	Non-Binary	Hispanic	62
2778	Kimberly	Lawson	erinwatson@example.org	2021-07-28	NULL	Active	associate - customer success	Associate	9	70194.89	3	Female	Caucasian	46
2779	Jennifer	Barnes	jessicawright@example.com	2022-09-03	NULL	Active	Assistant Manager - Security	Assistant Manager	11	72780.11	4	Non-Binary	Asian	35
2780	Christina	Roberts	qmiller@example.org	2025-07-10	NULL	Active	Associate - Data Science	Associate	3	54574.03	4	Female	Hispanic	24
2781	Sarah	Gutierrez	lovebryan@example.net	2025-04-12	NULL	Active	Associate - Sales	Associate	8	68336.29	2	Female	Two or More	47
2782	Andrea	Baker	gadams@example.org	2022-03-22	NULL	Active	Associate - People Operations	Associate	4	40985.86	4	Other	African American	50
2783	Debbie	Lee	pchambers@example.com	2023-02-04	NULL	Active	Associate - Sales	Associate	8	72869.39	3	Non-Binary	Two or More	34
2784	Jeremy	Richards	linda99@example.net	2024-03-26	NULL	Active	Associate - Product	Associate	2	54345.07	3	Male	Hispanic	48
2785	Lisa	Ford	johnfisher@example.com	2025-10-26	NULL	Active	Associate - Marketing	Associate	7	73653.66	1	Female	Asian	56
2786	Melanie	Brown	rshah@example.com	2023-03-05	NULL	Active	Associate - Corporate Strategy	Associate	14	40741.91	3	Female	NULL	39
2787	Derrick	Ortiz	anitaboone@example.org	2022-06-23	NULL	Active	Associate - Supply Chain	Associate	12	69912.89	3	Male	Asian	24
2788	Travis 	Barber	alarson@example.com	2024-07-10	NULL	Active	Associate - People Operations	Associate	4	42399.78	5	Non-Binary	Asian	28
2789	David	Brooks	tonyasimmons@example.net	2022-09-16	NULL	Active	Domain Director - Facilities	Domain Director	13	128326.04	4	Male	Caucasian	46
2790	Sarah	Branch	cnelson@example.com	2023-05-04	NULL	Active	Supervisor/Lead - Marketing	Supervisor/Lead	7	60547.23	4	Non-Binary	Caucasian	33
2791	Michael	Davis	smithrobert@example.net	2022-06-16	NULL	Active	Associate - Product	Associate	2	47153.22	4	Other	African American	33
2792	Alexandria	Strickland	lawrence60@example.org	2026-03-12	NULL	Active	Associate - Internal Communications	Associate	15	69824.81	3	Non-Binary	Hispanic	40
2793	James	Woods	calvin52@example.org	2026-07-02	NULL	Active	Supervisor/Lead - Sales	Supervisor/Lead	8	68087.76	3	Other	Asian	50
2794	Joseph	Jones	jose76@example.net	2022-03-12	NULL	Active	Associate - Quality Assurance	Associate	16	65461.25	3	Male	Asian	27
2795	Terrence	Larson	whurley@example.com	2024-01-03	NULL	Active	Associate - Sales	Associate	8	52789.99	3	Male	Two or More	32
2796	Tyler	Carpenter	jasmine51@example.net	2025-08-31	NULL	Active	Associate - Product	Associate	2	48592.78	5	Non-Binary	Caucasian	32
2797	James	Wheeler	valerie63@example.net	2024-06-30	NULL	Active	Associate - Supply Chain	Associate	12	47594.29	4	Other	Asian	47
2798	Trevor	Ward	marythomas@example.com	2026-04-21	NULL	Active	Associate - Engineering	Associate	1	49577.95	3	Male	Two or More	32
2799	Juan	Horton	charlesbradford@example.org	2022-11-27	NULL	Active	Associate - Supply Chain	Associate	12	65365.55	3	Non-Binary	NULL	46
2800	Taylor	Rodriguez	ramirezheidi@example.org	10/03/2025	NULL	Active	Associate - Supply Chain	Associate	12	46776.6	1	Male	African American	46
2801	Jeffrey	Fuller	coltonlucas@example.org	2021-10-10	NULL	Active	Associate - People Operations	Associate	4	56164.72	3	Non-Binary	Hispanic	37
2802	David	Hancock	vwilson@example.org	2025-03-07	NULL	Active	Associate - People Operations	Associate	4	65096.55	2	Male	African American	50
2803	Kenneth	Miller	nmcdaniel@example.com	2022-09-24	NULL	Active	Supervisor/Lead - Sales	Supervisor/Lead	8	66253.9	4	Non-Binary	Two or More	43
2804	Anita	Mitchell	mallory20@example.net	2023-10-25	2026-02-02	Terminated	Associate - Sales	Associate	8	67005.46	4	Other	NULL	41
2805	Jeffery	Berger	vwoods@example.net	2021-08-28	NULL	Active	Associate - Data Science	Associate	3	69948.85	3	Other	African American	38
2806	Teresa	Anderson	watkinsolivia@example.org	2025-01-06	NULL	Active	Associate - Internal Communications	Associate	15	55664.79	3	Non-Binary	Asian	41
2807	Daniel	Flores	stephennorris@example.org	2022-12-31	NULL	Active	Associate - Quality Assurance	Associate	16	56939.68	3	Other	Two or More	35
2808	Elizabeth	Carpenter	fuentesrobert@example.com	2026-03-14	NULL	Active	Associate - People Operations	Associate	4	50960.06	5	Non-Binary	African American	29
2809	Patrick	Logan	sanchezbrandon@example.org	2023-01-31	NULL	Active	Supervisor/Lead - Data Science	Supervisor/Lead	3	87266.95	3	Male	Two or More	39
2810	Chase	Graham	scott03@example.org	2021-12-17	NULL	Active	Associate - Sales	Associate	8	42986.85	4	Male	Two or More	42
2811	Paul	Clark	darryl58@example.com	2022-05-24	NULL	Active	Associate - IT Support	Associate	10	61394.01	3	Other	Caucasian	29
2812	William	Rodriguez	morrisonkelsey@example.com	2024-11-11	NULL	Active	Associate - IT Support	Associate	10	64302.37	4	Non-Binary	Hispanic	43
2813	Lori	Williams	millssteven@example.org	2026-01-11	NULL	Active	Associate - Legal	Associate	6	71895.51	1	Female	Two or More	57
2814	Christopher	Sawyer	bethany68@example.com	2026-07-08	NULL	Active	Associate - Quality Assurance	Associate	16	55248.74	2	Male	African American	65
2815	  Anthony	Greer	chankevin@example.com	2024-07-10	NULL	Active	Associate - Sales	Associate	8	49101.17	3	Male	Hispanic	42
2816	Michael	Brown	bharrison@example.net	2023-03-14	NULL	Active	Associate - Sales	Associate	8	47725.14	5	Non-Binary	Caucasian	37
3023	Brandi	Thompson	gonzalezjill@example.org	2021-11-07	NULL	Active	Associate - Security	Associate	11	69271.45	3	Non-Binary	Two or More	46
2817	Andrew	Miller	andersonheather@example.com	2024-03-16	NULL	Active	Associate - Internal Communications	Associate	15	74363.7	3	Male	Asian	40
2818	Catherine	Garcia	christina77@example.net	2023-08-10	NULL	Active	Associate - Internal Communications	Associate	15	59214.54	NULL	Female	Two or More	50
2819	Noah	Park	khenry@example.org	2025-02-13	NULL	Active	Associate - People Operations	Associate	4	47411.16	2	Male	Hispanic	38
2820	Maria	Meyer	fmanning@example.com	2025-01-27	NULL	Active	Supervisor/Lead - Finance	Supervisor/Lead	5	61573.47	3	Female	African American	39
2821	Brianna	Montgomery	portiz@example.com	2026-04-19	NULL	Active	Associate - Marketing	Associate	7	46422.05	2	NULL	Two or More	45
2822	Sarah	Wilson	dperez@example.net	2026-03-17	NULL	Active	Associate - Engineering	Associate	1	48477.33	3	Female	Asian	39
2823	Randy	Kane	ylucas@example.com	2024-08-03	NULL	Active	Associate - Product	Associate	2	41157.79	3	Other	African American	41
2824	Kelsey	Williams	matthew46@example.com	2024-05-25	NULL	Active	Associate - IT Support	Associate	10	41033.75	2	Female	Hispanic	46
2825	Angela	Martin	kwagner@example.com	2022-10-05	NULL	Active	Supervisor/Lead - People Operations	Supervisor/Lead	4	81541.01	3	Female	Asian	41
2826	Alvin	Velasquez	serranonancy@example.net	2024-09-01	NULL	Active	Associate - Security	Associate	11	55298.04	4	Male	Asian	31
2827	Robert	Jones	qcase@example.com	2025-11-13	NULL	Active	Associate - Facilities	Associate	13	53979.16	4	Other	African American	39
2828	Elizabeth	Ferguson	scottdavis@example.org	2024-01-18	NULL	Active	Associate - Internal Communications	Associate	15	69394.07	NULL	Female	African American	43
2829	Jennifer	Hopkins	elizabeth09@example.org	2022-03-11	NULL	Active	Supervisor/Lead - IT Support	Supervisor/Lead	10	75876.16	3	Other	Asian	45
2830	William	Cox	mortonlaura@example.com	2024-02-22	2026-01-31	Terminated	Associate - Corporate Strategy	Associate	14	56742.59	3	Male	Caucasian	54
2831	Kristin	Glover	ronaldbaker@example.org	2025-09-22	NULL	Active	Associate - Corporate Strategy	Associate	14	47141.15	4	Female	Two or More	30
2832	Ronnie	Davis	hayesgary@example.com	2026-06-02	NULL	Active	Associate - IT Support	Associate	10	71212.25	3	Male	Asian	38
2833	Rachel	Miller	itaylor@example.com	2023-01-17	NULL	Active	Associate - Quality Assurance	Associate	16	65483.28	5	Other	NULL	42
2834	James	Sanchez	nrobles@example.org	2021-11-23	NULL	Active	Associate - Corporate Strategy	Associate	14	53411.13	3	Male	Caucasian	21
2835	Joseph	Sawyer	douglasjonathon@example.net	2021-11-21	NULL	Active	Associate - Supply Chain	Associate	12	47619.73	5	Other	Caucasian	43
2836	Toni	Hays	johnsontammy@example.net	2022-01-29	NULL	Active	Associate - Customer Success	Associate	9	41256.74	4	Female	Two or More	36
2837	Lisa	Mcfarland	wileythomas@example.org	2023-10-04	NULL	Active	Associate - Engineering	Associate	1	73665.67	4	Other	Hispanic	21
2838	Jon	Taylor	zavalajennifer@example.org	2024-12-27	NULL	Active	Associate - People Operations	Associate	4	69265.81	2	Male	Caucasian	38
2839	Patrick	Jones	anthonywashington@example.org	2025-02-26	NULL	Active	Associate - Data Science	Associate	3	73343.76	2	Male	African American	39
2840	Randy	Parker	irichmond@example.org	2026-04-16	NULL	Active	Associate - Supply Chain	Associate	12	45746.94	2	Non-Binary	Hispanic	39
2841	Monique	Lopez	clarkkristin@example.com	2025-01-05	NULL	Active	Associate - Data Science	Associate	3	69780.14	1	Non-Binary	Hispanic	35
2842	David	Smith	mark08@example.com	2023-10-16	NULL	Active	Associate - Corporate Strategy	Associate	14	56573.26	2	Non-Binary	Hispanic	32
2843	 Gregory 	Kaiser	jenniferellis@example.org	2024-06-16	NULL	Active	Associate - Sales	Associate	8	70495.25	3	Male	African American	52
2844	James	Mendez	ygonzales@example.net	2025-11-29	NULL	Active	Manager - Engineering	Manager	1	113264.94	2	Other	African American	32
2845	Devon	Long	jason02@example.com	2023-08-27	NULL	Active	Domain Director - People Operations	Domain Director	4	130272.87	3	Male	Asian	37
2846	Holly	Allen	robertsemily@example.net	2024-05-31	NULL	Active	Associate - Marketing	Associate	7	42090.36	3	Female	African American	42
2847	David	Torres	brenda56@example.com	2023-12-23	NULL	Active	Associate - Engineering	Associate	1	47133.69	3	Male	Two or More	39
2848	Rebecca	Reese	jmurphy@example.net	2025-10-19	NULL	Active	Associate - People Operations	Associate	4	60659.42	5	Female	Hispanic	50
2849	Joseph	Miller	iashley@example.net	2026-02-10	NULL	Active	Associate - Supply Chain	Associate	12	45600.0	2	Male	Asian	37
2850	Cassandra	Krueger	xberry@example.net	2024-05-17	NULL	Active	Associate - Supply Chain	Associate	12	59618.96	4	Non-Binary	Asian	46
2851	Debbie	Kline	angelaturner@example.com	2021-12-19	2025-01-08	Terminated	Associate - Internal Communications	Associate	15	69920.08	3	Non-Binary	Asian	53
2852	Kyle	Lowery	williamfoster@example.org	2023-08-15	2024-06-03	Terminated	Associate - Marketing	Associate	7	49186.78	2	Other	Asian	29
2853	Kimberly	Rose	matthewhoward@example.org	2024-03-26	NULL	Active	Associate - Supply Chain	Associate	12	55373.02	3	Female	Caucasian	41
2854	Adam	Reynolds	tracyfrancis@example.net	2024-01-04	NULL	Active	Associate - Security	Associate	11	45761.76	5	Male	Caucasian	35
2855	John	Davidson	rwilliams@example.net	2024-07-24	NULL	Active	Associate - People Operations	Associate	4	55284.62	2	Other	Hispanic	46
2856	Cory	Brady	davidtaylor@example.com	2025-01-06	NULL	Active	Associate - Product	Associate	2	73475.24	2	Male	Caucasian	35
2857	Molly	Strickland	conniehawkins@example.net	2023-10-14	NULL	Active	Associate - IT Support	Associate	10	50113.99	3	Other	African American	51
2858	Shawn	Garcia	tiffanybell@example.com	2023-05-26	06/10/2024	Terminated	Manager - Internal Communications	Manager	15	82634.95	4	Male	Caucasian	44
2859	Brian	Wright	juantran@example.com	2025-12-27	NULL	Active	Associate - Internal Communications	Associate	15	53105.32	3	Male	African American	38
2860	Sarah	Frazier	jboone@example.com	2024-05-26	NULL	Active	Associate - Customer Success	Associate	9	40250.98	3	Female	NULL	39
2861	Jared	Williams	bhaynes@example.com	2023-10-07	2025-11-01	Terminated	Associate - Security	Associate	11	51228.03	3	Other	Caucasian	52
2862	  Andrew  	Smith	jglenn@example.com	2023-12-30	NULL	Active	Associate - Security	Associate	11	70541.56	2	Male	Asian	25
2863	Robert	Garcia	nicolebailey@example.net	2022-04-22	NULL	Active	Associate - Data Science	Associate	3	45972.54	3	Non-Binary	Asian	43
2864	Robert	Wheeler	jenniferchapman@example.com	2025-08-09	NULL	Active	Manager - Data Science	Manager	3	90083.59	2	Male	Asian	38
2865	Victoria	Morgan	zedwards@example.net	2026-01-16	NULL	Active	Associate - IT Support	Associate	10	46774.42	3	Non-Binary	African American	32
2866	Danielle	Robertson	boothjeremy@example.com	2024-07-05	NULL	Active	Associate - Marketing	Associate	7	45581.21	3	Other	Caucasian	32
2867	Joanne	Hernandez	summersheather@example.com	2026-06-28	NULL	Active	Associate - Customer Success	Associate	9	67740.1	3	Female	Asian	NULL
2868	Elizabeth	Garcia	ihayes@example.org	2022-08-08	NULL	Active	Associate - Internal Communications	Associate	15	49281.64	3	Other	African American	22
2869	Margaret	Chapman	kirbytamara@example.org	2022-12-04	NULL	Active	Associate - Facilities	Associate	13	42442.16	5	Female	Caucasian	NULL
2870	Sarah	Lewis	keithbutler@example.com	2021-10-12	NULL	Active	Associate - Product	Associate	2	71780.23	3	NULL	African American	48
2871	James	Winters	hwhite2@example.org	2022-09-12	2025-06-19	Terminated	Associate - Corporate Strategy	Associate	14	67847.35	5	Non-Binary	Caucasian	31
2872	Ashley	Kemp	sthomas@example.net	2021-10-16	NULL	Active	Associate - Marketing	Associate	7	42634.11	3	Other	Asian	49
2873	Michelle	Montoya	andrea18@example.com	2024-11-27	NULL	Active	Supervisor/Lead - Marketing	Supervisor/Lead	7	87272.5	5	Female	African American	45
2874	Tiffany	Cook	toddhunt@example.com	2022-09-10	NULL	Active	Manager - Customer Success	Manager	9	72089.5	5	Female	African American	46
2875	Christopher	Howard	crawfordbilly@example.org	2026-06-08	NULL	Active	Associate - Finance	Associate	5	53425.27	4	Male	Hispanic	50
2876	Stephanie	Rodriguez	reedkristen@example.com	2021-08-30	NULL	Active	Associate - Supply Chain	Associate	12	66476.85	4	NULL	Asian	46
2877	Melissa	Martinez	afernandez@example.com	08/14/2025	NULL	Active	Associate - People Operations	Associate	4	46707.2	3	Non-Binary	Asian	21
2878	Jeff	Bernard	andrew20@example.net	2026-05-13	NULL	Active	Associate - Marketing	Associate	7	69442.23	5	Male	Two or More	49
2879	Kelly	Fox	brennanjulia@example.com	2025-06-18	NULL	Active	Associate - Internal Communications	Associate	15	57405.28	4	Female	African American	46
2880	Joseph	Mann	varmstrong@example.net	2023-08-17	NULL	Active	Associate - Internal Communications	Associate	15	60149.16	3	Other	African American	44
2881	Annette	Hill	ojames@example.net	2022-09-19	NULL	Active	Associate - Corporate Strategy	Associate	14	55229.56	4	Non-Binary	Asian	34
2882	Samantha	Galvan	donna72@example.com	2026-04-25	NULL	Active	Supervisor/Lead - Internal Communications	Supervisor/Lead	15	58271.84	3	Female	NULL	49
2883	Terri	Mccarty	johnstonkathleen@example.net	2022-06-09	NULL	Active	Associate - Corporate Strategy	Associate	14	74499.54	2	Female	African American	24
2884	Kimberly	Schwartz	gwalker@example.com	2023-07-17	NULL	Active	Manager - Data Science	Manager	3	106312.7	2	Non-Binary	Asian	34
2885	Sean	Schwartz	torreswilliam@example.com	2025-10-06	NULL	Active	Associate - Finance	Associate	5	57077.07	3	Male	Two or More	48
2886	Chelsea	Hodges	lambmichael@example.com	2025-07-19	NULL	Active	Assistant Manager - IT Support	Assistant Manager	10	97102.47	3	Other	African American	39
2887	Nicole	Smith	jennifer48@example.com	2024-03-17	NULL	Active	Associate - Supply Chain	Associate	12	68523.56	4	Female	Hispanic	21
2888	Nancy	Kent	vweaver@example.net	2021-09-28	NULL	Active	Associate - Data Science	Associate	3	55979.37	4	Other	Two or More	51
2889	Carmen	Oneal	josephcarson@example.org	2025-02-23	2026-05-27	Terminated	Associate - IT Support	Associate	10	49763.58	1	Non-Binary	Asian	31
2890	Jason	Roberts	oburke@example.net	2022-03-10	NULL	Active	Associate - Sales	Associate	8	70757.39	2	Male	African American	34
2891	Julia	Bass	pattyescobar@example.org	2022-08-06	2023-01-27	Terminated	Associate - Engineering	Associate	1	45323.06	4	Female	Hispanic	52
2892	Jesse	Clark	pearsonvalerie@example.com	2026-03-25	NULL	Active	Associate - Sales	Associate	8	56749.33	2	Male	Caucasian	60
2893	Shelley	Stout	marksellers@example.org	2022-01-16	2025-05-18	Terminated	Associate - Marketing	Associate	7	63301.86	2	Female	Asian	21
2894	Amanda	Sanchez	shelley61@example.net	2023-06-01	2023-12-19	Terminated	Associate - Security	Associate	11	43188.93	4	Female	Two or More	34
2895	Seth	Williams	garciaeugene@example.org	2023-04-09	NULL	Active	Associate - Corporate Strategy	Associate	14	53012.37	3	Other	Hispanic	22
2896	Gary	rogers	nicoleevans@example.net	2024-12-12	NULL	Active	Associate - Corporate Strategy	Associate	14	63998.49	4	Other	Asian	41
2897	Alexis	Garza	alison47@example.org	2026-04-21	NULL	Active	Associate - People Operations	Associate	4	51563.43	3	Female	Caucasian	32
2898	Shannon	Ruiz	barnesjennifer@example.net	2025-05-11	NULL	Active	Associate - Facilities	Associate	13	46453.33	3	Female	Hispanic	49
2899	Lisa	Keith	brittanydavis@example.org	2024-08-03	NULL	Active	Associate - Corporate Strategy	Associate	14	40541.18	2	Female	Hispanic	65
2900	Steven	Miller	laurahaynes@example.net	2026-04-22	NULL	Active	Supervisor/Lead - Facilities	Supervisor/Lead	13	73254.73	3	Male	African American	29
2901	Frank	Black	clarkalex@example.org	2024-05-27	NULL	Active	Associate - Quality Assurance	Associate	16	46151.53	3	Male	Hispanic	53
2902	Laura	Jones	eking@example.net	2022-07-30	2025-12-02	Terminated	Associate - Finance	Associate	5	48946.89	NULL	Female	Asian	28
2903	Robert	Kaufman	wschultz@example.org	2022-06-26	2022-10-19	Terminated	Associate - Engineering	Associate	1	64000.95	5	Other	African American	34
2904	Brandon	Bailey	ramosrebecca@example.com	2025-04-17	NULL	Active	Associate - Supply Chain	Associate	12	59761.63	4	Other	Hispanic	42
2905	Jason	Payne	matthewhodge@example.com	2021-12-20	NULL	Active	Supervisor/Lead - Security	Supervisor/Lead	11	59673.47	4	Non-Binary	Asian	43
2906	Erik	Nelson	brad86@example.net	2022-02-10	NULL	Active	Supervisor/Lead - Sales	Supervisor/Lead	8	71442.81	3	Other	African American	50
2907	Kenneth	Swanson	derekkennedy@example.net	2026-07-30	NULL	Active	Associate - Product	Associate	2	61827.12	1	Other	African American	45
2908	Teresa	Taylor	fgomez@example.net	2021-11-23	NULL	Active	Associate - Supply Chain	Associate	12	62000.37	4	Other	African American	46
2909	Cynthia	Vazquez	alamb@example.org	2024-10-22	NULL	Active	associate - customer success	Associate	9	62925.98	4	Female	African American	46
2910	Jennifer	Hutchinson	coxtiffany@example.com	2022-11-11	NULL	Active	Associate - IT Support	Associate	10	43071.5	3	Female	Two or More	50
2911	Jeffery	Bryant	brittanyleonard@example.net	2026-06-14	NULL	Active	Supervisor/Lead - Corporate Strategy	Supervisor/Lead	14	58581.12	3	Other	African American	33
2912	Connor	Taylor	robert67@example.net	2025-03-09	2026-08-04	Terminated	supervisor/lead - internal communications	Supervisor/Lead	15	89188.8	3	Male	Asian	30
2913	Robert	Rodriguez	taylorjessica@example.org	2025-08-20	2026-03-31	Terminated	Associate - Supply Chain	Associate	12	49559.65	5	Non-Binary	Caucasian	43
2914	Bradley	Bradley	smithcurtis@example.net	2022-03-11	NULL	Active	Associate - Sales	Associate	8	69848.0	5	NULL	Caucasian	27
2915	Nicole	Alvarado	fsmith@example.org	2025-12-04	NULL	Active	Associate - Engineering	Associate	1	66121.79	3	Female	NULL	24
2916	Dillon	Bond	mccarthymargaret@example.org	2023-04-08	NULL	Active	Associate - IT Support	Associate	10	74078.19	3	Male	African American	48
2917	Sandra	Henson	joshua68@example.org	2024-01-16	NULL	Active	Assistant Manager - Sales	Assistant Manager	8	77105.13	3	Female	Asian	51
2918	Jeremy	May	aaronbryant@example.org	2025-02-27	NULL	Active	Associate - Facilities	Associate	13	64294.87	2	Non-Binary	Asian	48
2919	Matthew	Leon 	CCRAWFORD@EXAMPLE.NET	2026-06-25	NULL	Active	Associate - Product	Associate	2	53679.36	3	Male	NULL	37
2920	John	Gonzalez	ashley08@example.org	2024-10-28	NULL	Active	Associate - Data Science	Associate	3	53101.21	3	Non-Binary	Two or More	47
2921	Tracy	Mitchell	kendra41@example.com	2025-08-28	NULL	Active	Associate - Security	Associate	11	56696.57	2	Other	Asian	21
2922	Walter	Willis	lawrence73@example.net	2025-09-19	NULL	Active	Associate - Sales	Associate	8	55528.35	2	Male	Caucasian	40
2923	Amy	Spence	brownjennifer@example.com	2021-10-13	NULL	Active	Associate - People Operations	Associate	4	NULL	5	Female	Hispanic	46
2924	Angel	Hernandez	rossanthony@example.org	2022-09-06	NULL	Active	Associate - Security	Associate	11	67437.86	3	Female	Caucasian	40
2925	Cheryl	Terry	lbell@example.net	2021-08-20	NULL	Active	Associate - Product	Associate	2	48473.43	3	Female	African American	38
2926	Angela	Harrell	scottalexandra@example.org	2025-02-01	NULL	Active	Associate - Customer Success	Associate	9	47416.31	NULL	Non-Binary	Two or More	46
2927	Timothy	Hart	matthewarmstrong@example.net	2023-10-22	NULL	Active	Associate - Marketing	Associate	7	73546.11	5	Male	Hispanic	40
2928	Suzanne	Salinas	jesse08@example.org	2023-01-24	NULL	Active	Associate - Security	Associate	11	50995.24	5	Female	Asian	27
2929	James	Curtis	bradyanthony@example.net	2025-03-19	NULL	Active	Associate - People Operations	Associate	4	59660.6	2	Non-Binary	Hispanic	61
2930	Isaac	Johnson	efernandez@example.net	2025-08-29	NULL	Active	Associate - People Operations	Associate	4	73366.96	3	Male	Asian	43
2931	Jessica	Frank	weeksharold@example.org	2025-07-13	NULL	Active	Manager - IT Support	Manager	10	70686.03	4	Female	Asian	43
2932	Christina	Hahn	lwiggins@example.com	2025-04-17	NULL	Active	Supervisor/Lead - Marketing	Supervisor/Lead	7	87008.31	3	NULL	Hispanic	44
2933	Daniel	Greene	wlowe@example.org	2023-03-08	NULL	Active	Manager - Supply Chain	Manager	12	114085.03	3	Male	Hispanic	46
2934	Anthony	Jenkins	jason91@example.net	2025-10-23	NULL	Active	Associate - Sales	Associate	8	58707.43	4	Male	Caucasian	37
2935	Cassandra	Combs	pamela78@example.net	2024-12-09	NULL	Active	Associate - IT Support	Associate	10	41627.65	3	Female	Caucasian	42
2936	Carmen	Cook	isampson@example.com	2022-12-23	NULL	Active	Associate - Engineering	Associate	1	42110.48	1	Female	Two or More	42
2937	Amy	Miller	wcole@example.com	2021-11-19	NULL	Active	Associate - Marketing	Associate	7	64200.26	4	Female	African American	34
2938	Tamara	Fleming	sampsonaudrey@example.net	2026-01-15	NULL	Active	Supervisor/Lead - People Operations	Supervisor/Lead	4	77721.3	3	Female	Asian	43
2939	Karen	Jones	SWEBB@EXAMPLE.COM	2023-01-27	NULL	Active	Associate - Engineering	Associate	1	71717.98	1	Non-Binary	African American	31
2940	Aaron	Sims	joseph01@example.net	2026-06-06	NULL	Active	Supervisor/Lead - Sales	Supervisor/Lead	8	73318.5	4	Male	Asian	43
2941	Brenda	Graham	hortiz@example.com	2024-03-10	NULL	Active	Supervisor/Lead - Product	Supervisor/Lead	2	74756.14	2	Other	Caucasian	46
2942	Jodi	Garcia	kylewallace@example.com	2022-08-12	NULL	Active	Associate - Supply Chain	Associate	12	57957.11	3	Non-Binary	Caucasian	38
2943	Nicholas	Chapman	vking@example.net	2026-01-12	NULL	Active	Associate - Supply Chain	Associate	12	50132.82	3	Male	Caucasian	44
2944	John	Morales	bailey59@example.net	04/16/2022	NULL	Active	Domain Director - Sales	Domain Director	8	NULL	3	Male	African American	34
2945	Paula	Weber	gcox@example.com	2026-06-19	NULL	Active	Supervisor/Lead - Marketing	Supervisor/Lead	7	79084.7	3	Female	Asian	21
2946	Wesley	Clark	tonya77@example.net	2026-02-22	NULL	Active	Assistant Manager - Engineering	Assistant Manager	1	85681.65	3	Non-Binary	Two or More	41
2947	Corey	Hines	ericavalentine@example.com	2026-06-28	NULL	Active	Associate - Sales	Associate	8	62439.1	5	Male	Hispanic	33
2948	Jeremy	Cole	jennifer48@example.org	2022-05-19	NULL	Active	Associate - IT Support	Associate	10	73016.47	5	Non-Binary	Two or More	28
2949	Erica	Sims	douglassherry@example.org	2025-06-01	2026-01-19	Terminated	Associate - Security	Associate	11	68729.84	3	Female	Hispanic	34
2950	Anna	Baker	michael26@example.net	2023-12-08	NULL	Active	Supervisor/Lead - Legal	Supervisor/Lead	6	67801.77	4	Other	African American	39
2951	Julie	Heath	iparker@example.net	2022-05-13	NULL	Active	Associate - Internal Communications	Associate	15	57151.45	4	Non-Binary	Caucasian	29
2952	Katherine	Ortega	huberfrank@example.org	2026-05-16	NULL	Active	Associate - People Operations	Associate	4	55910.31	3	Non-Binary	African American	53
2953	Kristina	Ray	reyesmaria@example.net	2026-02-10	2026-03-12	Terminated	Associate - IT Support	Associate	10	69444.4	4	Female	Two or More	48
2954	Daniel	Webster	emeyer@example.org	2023-10-13	NULL	Active	Associate - Data Science	Associate	3	70105.04	3	Male	Two or More	35
2955	Debra	Tran	grace73@example.com	2026-04-17	NULL	Active	Associate - People Operations	Associate	4	63606.15	3	Female	African American	28
2956	Joshua	Lopez	robertbrown@example.com	2022-03-14	NULL	Active	Associate - Data Science	Associate	3	50631.6	4	Male	Asian	44
2957	Sean	Reynolds	christinehernandez@example.org	2022-12-09	NULL	Active	Associate - Facilities	Associate	13	69191.99	5	Male	NULL	32
2958	Brandon	Torres	nlandry@example.org	2021-10-24	NULL	Active	Associate - Internal Communications	Associate	15	63692.48	4	NULL	Asian	44
2959	Emily	Lambert	ronald64@example.com	2023-09-02	NULL	Active	Associate - Supply Chain	Associate	12	50124.66	2	Female	African American	44
2960	Danielle	Lawrence	johnmathis@example.com	2025-04-01	NULL	Active	Associate - Marketing	Associate	7	47228.97	4	Female	African American	49
2961	Willie	Cortez	tbutler@example.org	2024-06-20	2024-12-03	Terminated	Associate - Data Science	Associate	3	52779.81	4	Male	Hispanic	32
2962	Sarah	Baker	krobinson@example.org	2023-01-11	NULL	Active	Supervisor/Lead - Quality Assurance	Supervisor/Lead	16	68756.95	3	Female	Two or More	42
2963	James	Wall	albert27@example.net	2022-12-30	NULL	Active	Associate - Quality Assurance	Associate	16	55136.35	3	Non-Binary	NULL	44
2964	Lisa	Woods	josesuarez@example.org	2024-12-28	NULL	Active	Associate - IT Support	Associate	10	62157.36	3	Female	Two or More	35
2965	Kimberly	Garcia	brockalan@example.net	2021-08-16	2025-01-24	Terminated	Associate - Quality Assurance	Associate	16	44732.54	4	Non-Binary	Hispanic	42
2966	Kristen	RIVERA	antonioshaw@example.net	2022-12-23	NULL	Active	Associate - Supply Chain	Associate	12	65415.65	5	Female	Asian	58
2967	Michael	Perkins	powelljoshua@example.com	2022-06-17	NULL	Active	Assistant Manager - Product	Assistant Manager	2	98477.36	3	Male	African American	46
2968	Patricia	Oneill	twatson@example.org	2023-07-18	NULL	Active	Supervisor/Lead - Finance	Supervisor/Lead	5	76246.37	2	Female	Two or More	37
2969	Randy	Martinez	mary09@example.net	2025-12-05	NULL	Active	Associate - Legal	Associate	6	40949.61	2	Male	Hispanic	24
2970	Benjamin	Hale	joshua45@example.com	2021-09-12	NULL	Active	Associate - Engineering	Associate	1	68553.45	4	Male	Asian	21
2971	Thomas	 Dominguez 	boydkimberly@example.org	11/09/2025	NULL	Active	Associate - IT Support	Associate	10	52256.92	1	Male	Asian	48
2972	Justin	Stephens	doris09@example.net	2025-05-29	NULL	Active	Associate - Supply Chain	Associate	12	53491.19	2	Male	Asian	32
2973	Michael	Taylor	johnny46@example.org	2026-06-22	NULL	Active	Associate - Legal	Associate	6	62585.21	3	Male	Two or More	44
2974	Richard	Oliver	hfernandez@example.com	01/04/2023	NULL	Active	Associate - Quality Assurance	Associate	16	58425.67	4	Other	Caucasian	57
2975	Kelly	Patton	smithjames@example.org	2025-03-25	2025-09-18	Terminated	Associate - Legal	Associate	6	61968.19	3	Other	Two or More	30
2976	Bailey	Huber	kyle84@example.com	2024-07-04	2026-04-03	Terminated	Associate - Legal	Associate	6	63592.92	5	Female	Caucasian	47
2977	Michael	Jones	kevinburgess@example.org	2021-11-01	NULL	Active	Associate - Legal	Associate	6	51964.16	4	Non-Binary	Two or More	26
2978	Darrell	Wallace	levi38@example.net	2025-07-08	NULL	Active	Assistant Manager - Data Science	Assistant Manager	3	95808.87	4	Male	Asian	39
2979	Connie	Vasquez	andersonderek@example.com	2022-06-15	NULL	Active	Associate - Marketing	Associate	7	43139.97	3	Non-Binary	Caucasian	38
2980	Charlene	Nolan	dlopez@example.net	2023-08-28	NULL	Active	Supervisor/Lead - Finance	Supervisor/Lead	5	78184.73	4	Female	Hispanic	37
2981	Bradley	Jones	ryan35@example.net	2024-03-21	NULL	Active	Associate - Security	Associate	11	40826.26	2	Other	African American	38
2982	Adam	Lopez	adrianhorne@example.net	2021-12-09	NULL	Active	Associate - Product	Associate	2	45166.42	3	Other	Two or More	28
2983	Brian	Oliver	whooper@example.com	2021-12-28	2025-09-07	Terminated	Associate - Security	Associate	11	45051.57	5	Other	Two or More	31
2984	Joseph	Hartman	bmiller@example.org	2023-12-12	NULL	Active	Supervisor/Lead - Finance	Supervisor/Lead	5	61479.73	NULL	Other	Asian	57
2985	Stephen	Moore	kathleen47@example.org	2023-06-30	2023-12-18	Terminated	Associate - Customer Success	Associate	9	50362.94	3	Non-Binary	Caucasian	23
2986	Stephanie	Hancock	brownmelanie@example.com	2023-04-11	2023-05-28	Terminated	Associate - Marketing	Associate	7	69860.51	5	Female	African American	44
2987	Benjamin	Day	vgonzales@example.net	2025-03-27	NULL	Active	Supervisor/Lead - People Operations	Supervisor/Lead	4	57215.0	4	Male	Caucasian	54
2988	Rachel	Mcdonald	amy642@example.com	2024-03-09	NULL	Active	Associate - Customer Success	Associate	9	45828.53	3	Non-Binary	African American	28
2989	Melissa	Cardenas	deckerchristopher@example.net	2022-07-04	NULL	Active	Assistant Manager - Security	Assistant Manager	11	62698.19	3	Female	African American	39
2990	Cynthia	Jones	amandalittle@example.net	2026-01-15	NULL	Active	Associate - People Operations	Associate	4	56090.61	4	Other	Asian	42
2991	Hannah	Petersen	nicholas93@example.com	2026-01-14	NULL	Active	Associate - Quality Assurance	Associate	16	61708.41	3	Other	Caucasian	61
2992	Allison	Roberts	jerry07@example.com	2024-07-03	NULL	Active	Associate - Quality Assurance	Associate	16	52062.47	4	Non-Binary	Asian	52
2993	Christopher	Hill	hendersonkathleen@example.net	2025-02-20	NULL	Active	Associate - Sales	Associate	8	68560.48	5	Male	Asian	50
2994	Rachael	Rasmussen	zvalencia@example.com	2024-12-23	NULL	Active	Associate - Facilities	Associate	13	57896.89	5	Other	Asian	28
2995	Johnathan	Garcia	wendy32@example.org	2023-10-15	2023-11-20	Terminated	Associate - Engineering	Associate	1	55620.33	3	Male	Two or More	49
2996	Ryan	Rocha	finleykyle@example.org	2024-09-06	NULL	Active	Associate - Quality Assurance	Associate	16	67450.2	2	Non-Binary	Asian	36
2997	Kendra	Combs	roynewman@example.net	2024-06-19	NULL	Active	Associate - Marketing	Associate	7	51341.53	4	Non-Binary	Caucasian	48
2998	Tanya	Jones	fjordan@example.org	2021-07-21	NULL	Active	Associate - Product	Associate	2	53993.32	3	Female	Asian	35
2999	Nicholas	Hall	larry58@example.com	2021-08-20	2025-04-25	Terminated	Associate - Sales	Associate	8	40853.54	3	Other	Hispanic	34
3000	James	Garcia	morganrobert@example.com	2024-06-14	NULL	Active	Supervisor/Lead - Data Science	Supervisor/Lead	3	72070.14	2	Other	African American	51
3001	Randall	Li	paul03@example.org	2025-07-24	NULL	Active	Associate - Internal Communications	Associate	15	59367.7	3	Other	Two or More	23
3002	Sean	Roberts	jacqueline17@example.com	2022-05-29	NULL	Active	Associate - People Operations	Associate	4	72386.57	3	Male	Two or More	45
3003	Jeffrey	Davis	caitlin94@example.net	2024-04-15	NULL	Active	Associate - Facilities	Associate	13	45120.26	3	Male	African American	49
3004	Kevin	Gordon	kennethodonnell@example.net	2022-05-05	NULL	Active	Manager - Legal	Manager	6	109502.71	3	Male	Caucasian	45
3005	Hannah	Stewart	rickywallace@example.org	2022-11-19	NULL	Active	Associate - Finance	Associate	5	41098.9	5	Female	Hispanic	44
3006	Jacob	Arnold	heathermitchell@example.net	2022-07-22	NULL	Active	Associate - People Operations	Associate	4	66249.15	3	Male	Hispanic	27
3007	Sherry	Cardenas	michael61@example.net	2024-12-11	NULL	Active	Associate - Facilities	Associate	13	51252.05	NULL	Female	Asian	35
3008	Alexandra	Livingston	rjohnston@example.com	2025-11-28	NULL	Active	Supervisor/Lead - Engineering	Supervisor/Lead	1	58074.05	3	Other	Asian	43
3009	Lindsay	Welch	mthomas@example.com	2023-09-27	2024-12-22	Terminated	Supervisor/Lead - IT Support	Supervisor/Lead	10	63227.28	4	Female	African American	38
3010	Timothy	Moran	daniel93@example.org	2025-09-07	NULL	Active	Associate - People Operations	Associate	4	64317.06	4	Male	Hispanic	51
3011	Jennifer	Dean	duncancarl@example.net	2023-04-08	NULL	Active	Associate - Internal Communications	Associate	15	45897.48	5	Female	Caucasian	36
3012	Frank	Mcdonald	halllydia@example.net	2022-01-15	NULL	Active	Associate - Legal	Associate	6	64215.29	3	Other	Hispanic	48
3013	Danielle	White	christopher01@example.net	2024-06-12	NULL	Active	Associate - Sales	Associate	8	62973.09	3	Non-Binary	Two or More	57
3014	Heather	Davis	grayerica@example.org	2024-02-27	NULL	Active	Associate - Customer Success	Associate	9	66594.87	1	Other	African American	61
3015	Shelly	Hines	vwood@example.net	2021-09-13	2023-06-23	Terminated	Associate - Corporate Strategy	Associate	14	62885.28	3	Female	African American	54
3016	Edwin	Peters	nmeyers@example.org	2025-09-15	NULL	Active	Associate - Corporate Strategy	Associate	14	50299.1	5	Male	Two or More	39
3017	William	Allen	david46@example.net	2022-03-22	NULL	Active	Associate - Finance	Associate	5	69084.15	3	Male	Asian	38
3018	Matthew	Miller	nkerr@example.com	2026-01-27	NULL	Active	Associate - Data Science	Associate	3	65424.88	1	Male	Two or More	44
3019	Heather	Gray	stacymcbride@example.net	2025-01-31	NULL	Active	Associate - Facilities	Associate	13	41580.53	2	Female	NULL	23
3020	Edward	Watson	david57@example.net	02/28/2023	2025-04-16	Terminated	Associate - Facilities	Associate	13	72690.23	1	Male	Two or More	27
3021	Robert	Hammond	susan12@example.net	2023-07-29	NULL	Active	Associate - Sales	Associate	8	64747.45	2	Non-Binary	Two or More	43
3022	Jessica	Matthews	terrymorales@example.net	2023-07-17	NULL	Active	Associate - Product	Associate	2	41903.93	3	Female	Caucasian	32
3023	Brandi	Thompson	gonzalezjill@example.org	2021-11-07	NULL	Active	Associate - Security	Associate	11	69271.45	3	Non-Binary	Two or More	46
3024	 Stephanie	Holmes	hjennings@example.net	2022-11-03	2024-01-31	Terminated	Associate - Marketing	Associate	7	53149.88	2	Non-Binary	Caucasian	32
3025	Nancy	Stanley	erindavis@example.com	2026-04-15	NULL	Active	Manager - IT Support	Manager	10	94011.36	4	NULL	Caucasian	21
3026	Nicole	Irwin	michael67@example.com	2023-11-07	NULL	Active	Associate - People Operations	Associate	4	43050.88	2	Female	Two or More	28
3027	Chelsea	Jones	matthewjenkins@example.com	2024-07-08	2025-12-13	Terminated	Associate - Data Science	Associate	3	74143.36	2	NULL	Hispanic	51
3028	Taylor	Smith	pauldavid@example.com	2026-03-28	NULL	Active	Associate - People Operations	Associate	4	50368.09	5	Female	Asian	53
3029	Darin	Ponce	adkinsbonnie@example.com	2021-10-08	NULL	Active	Associate - Engineering	Associate	1	68175.01	4	Non-Binary	Two or More	31
3030	James	Bond	jose36@example.net	2022-11-18	NULL	Active	Associate - Security	Associate	11	53884.31	5	Other	Asian	NULL
3031	Garrett	Buchanan	dawn51@example.net	2023-05-22	NULL	Active	Associate - Quality Assurance	Associate	16	50698.58	3	Male	Two or More	22
3032	Richard	Woodward	emily41@example.com	2022-02-21	NULL	Active	Supervisor/Lead - Customer Success	Supervisor/Lead	9	84677.91	4	Other	African American	40
3033	Jennifer	Giles	rpitts@example.net	2021-07-24	NULL	Active	Associate - People Operations	Associate	4	52857.69	3	Female	Two or More	49
3034	James	Lee	dayanne@example.org	2025-04-08	NULL	Active	Supervisor/Lead - People Operations	Supervisor/Lead	4	76976.66	1	Male	Two or More	34
3035	Elizabeth	Bell	michael23@example.org	2025-11-28	NULL	Active	Associate - Security	Associate	11	48693.84	3	Female	Two or More	33
3036	  Mark  	Strong	jensenjeremiah@example.net	2023-09-08	NULL	Active	Associate - Facilities	Associate	13	55081.04	3	Male	NULL	45
3037	  Ann  	Bennett	wmiller@example.org	2024-10-29	NULL	Active	Supervisor/Lead - People Operations	Supervisor/Lead	4	74567.83	4	Female	Asian	31
3038	Michael	Simmons	javier49@example.org	2023-02-15	NULL	Active	Manager - Legal	Manager	6	106526.45	1	Male	Two or More	48
3039	Joann	Warren	timothyrussell@example.net	2023-05-15	2026-06-04	Terminated	Associate - Marketing	Associate	7	59543.33	3	Female	Hispanic	28
3040	Isabella	Burns	lhall@example.com	2026-05-16	NULL	Active	Associate - Facilities	Associate	13	66127.8	3	Other	Hispanic	31
3041	Stacy	Kelly	sanchezvictoria@example.com	2024-10-26	NULL	Active	Associate - Legal	Associate	6	60908.82	3	Female	Asian	34
3042	Carrie	Phillips	beth24@example.net	2023-08-22	NULL	Active	Associate - Marketing	Associate	7	66725.89	3	Other	Two or More	48
3043	Matthew	Ortiz	browngary@example.org	2024-11-18	NULL	Active	Associate - Data Science	Associate	3	45472.82	4	Male	Asian	33
3044	Andrea	Chang	martinezchristopher@example.net	2022-02-14	2022-08-02	Terminated	Associate - Marketing	Associate	7	63932.08	5	Other	Caucasian	40
3045	Amanda	Bennett	leonard59@example.com	2025-09-05	NULL	Active	Associate - Supply Chain	Associate	12	59213.14	4	Female	Asian	42
3046	Michael	Walsh	adamsmary@example.org	2024-06-20	2025-08-10	Terminated	Associate - Internal Communications	Associate	15	49797.08	2	Male	Caucasian	61
3047	Donna	Deleon	kristinpowell@example.net	2026-05-07	NULL	Active	Associate - Sales	Associate	8	41171.14	3	Female	Two or More	58
3048	Daniel	Lee	rothnicole@example.net	2023-06-28	NULL	Active	Associate - Engineering	Associate	1	60414.55	2	Other	Two or More	38
3049	Andrea	Torres	carolynmorse@example.net	2022-06-02	NULL	Active	Supervisor/Lead - Sales	Supervisor/Lead	8	78200.91	2	Female	African American	28
3050	Lindsey	Hensley	sandramorton@example.org	2025-11-13	NULL	Active	Associate - Sales	Associate	8	45608.32	4	Female	Caucasian	58
3051	James	Miller	velezjuan@example.org	2023-09-14	NULL	Active	Associate - Supply Chain	Associate	12	50214.0	4	Male	Asian	45
3052	Ellen	Johnson	ryanthompson@example.net	2025-02-27	NULL	Active	Supervisor/Lead - Marketing	Supervisor/Lead	7	66071.48	3	Other	Hispanic	34
3053	Jessica	Keller	lisadiaz@example.org	2024-07-28	NULL	Active	Associate - Data Science	Associate	3	64761.37	3	Non-Binary	Hispanic	44
3054	Lauren	Torres	meganpham@example.org	2022-05-13	NULL	Active	Associate - Quality Assurance	Associate	16	74540.34	3	Female	Two or More	39
3055	Juan	Bryant	HDAVIS@EXAMPLE.NET	2025-03-04	NULL	Active	Associate - Product	Associate	2	48716.64	3	Male	Caucasian	42
3056	Duane	Esparza	jennifer72@example.com	2022-12-18	NULL	Active	Supervisor/Lead - Product	Supervisor/Lead	2	73541.83	3	Male	Two or More	26
3057	James	Hines	waynemoreno@example.org	2025-07-31	NULL	Active	Associate - Internal Communications	Associate	15	67839.8	1	Other	Asian	39
3058	Ashley	Harris	jrasmussen@example.net	2024-03-27	NULL	Active	Associate - Sales	Associate	8	51058.39	2	Female	Asian	47
3059	Rebecca	Harris	drobinson@example.com	2022-05-12	NULL	Active	associate - sales	Associate	8	45522.27	4	Female	NULL	29
3060	Natalie	Benton	ugraham@example.org	2023-12-14	NULL	Active	Associate - Data Science	Associate	3	52584.83	3	Female	Two or More	40
3061	Thomas	Reynolds	dominicfleming@example.net	2022-10-11	NULL	Active	Supervisor/Lead - Marketing	Supervisor/Lead	7	64961.85	3	Non-Binary	Caucasian	33
3062	Julie	Foley	pjenkins@example.net	2023-08-29	NULL	Active	Associate - Quality Assurance	Associate	16	57036.69	3	Non-Binary	Caucasian	34
3063	Kelli	Morrison	omitchell@example.net	2022-07-10	NULL	Active	Domain Director - Finance	Domain Director	5	125859.78	4	Other	Two or More	60
3064	Bernard	Kennedy	harrisonlisa@example.net	2023-10-11	2024-09-04	Terminated	Associate - Security	Associate	11	47234.27	5	Other	Hispanic	41
3065	John	Mccoy	iadams@example.net	2025-09-11	NULL	Active	Domain Director - Finance	Domain Director	5	127323.66	3	Non-Binary	Asian	32
3066	Keith	Johnson	ydecker@example.org	2025-12-05	NULL	Active	Associate - Marketing	Associate	7	40882.96	4	Male	African American	34
3067	Jennifer	Kim	cheryl67@example.com	2024-01-22	NULL	Active	Assistant Manager - Quality Assurance	Assistant Manager	16	98305.93	3	Female	Asian	44
3068	Dylan	Potts	billyhopkins@example.net	2024-03-07	NULL	Active	Manager - Internal Communications	Manager	15	70181.18	5	Male	Hispanic	NULL
3069	Brittany	Gray	fbond@example.net	2023-05-10	NULL	Active	Associate - Marketing	Associate	7	61874.12	1	Non-Binary	Caucasian	23
3070	Toni	Hayes	johnrobinson@example.com	2025-07-11	NULL	Active	Associate - Quality Assurance	Associate	16	61531.15	3	Other	Hispanic	47
3071	Brittney	Robinson	ugaines@example.org	2022-03-09	NULL	Active	Associate - Internal Communications	Associate	15	69490.41	1	Non-Binary	African American	NULL
3072	Jodi	Sims	pwalker@example.com	2024-01-27	NULL	Active	Associate - Quality Assurance	Associate	16	41529.72	2	Female	Two or More	32
3073	Victoria	Delacruz	zbutler@example.com	2024-05-27	NULL	Active	Associate - Data Science	Associate	3	42322.73	5	Female	Two or More	58
3074	Karen	Robinson	harttiffany2@example.net	2025-10-25	NULL	Active	Associate - People Operations	Associate	4	49426.72	2	Other	Caucasian	59
3075	James	Kramer	robinhaynes@example.net	2024-09-09	NULL	Active	Associate - Legal	Associate	6	67928.27	3	Other	Caucasian	59
3076	Mark	Carter	carl18@example.org	2023-08-20	NULL	Active	Associate - Engineering	Associate	1	61647.24	4	Male	Hispanic	35
3077	Fernando	Fritz	johnsonpaul@example.net	2022-09-11	2024-07-16	Terminated	Associate - Internal Communications	Associate	15	56531.04	3	Male	Caucasian	33
3078	Alyssa	Obrien	natashajohnson@example.org	2025-08-02	NULL	Active	Associate - Quality Assurance	Associate	16	59364.59	4	Non-Binary	African American	35
3079	David	Hartman	wmartinez@example.net	2023-04-15	NULL	Active	Associate - Quality Assurance	Associate	16	52648.07	2	Non-Binary	African American	34
3080	Charles	Davis	turnermaria@example.com	2023-11-10	NULL	Active	Associate - Corporate Strategy	Associate	14	50352.65	3	Male	Asian	27
3081	David	Edwards	hpierce@example.net	2025-11-25	NULL	Active	Associate - Legal	Associate	6	65909.03	3	Other	Asian	34
3082	Lauren	Flores	tgibson@example.org	2022-07-16	NULL	Active	Associate - Customer Success	Associate	9	58318.09	4	Female	African American	56
3083	Erin	Nunez	jenniferpadilla@example.net	2023-05-11	NULL	Active	Associate - Sales	Associate	8	71376.86	4	Other	Hispanic	44
3084	William	Lewis	patricia71@example.org	2025-04-10	NULL	Active	Supervisor/Lead - Facilities	Supervisor/Lead	13	85025.85	4	Non-Binary	Asian	45
3085	Sheila	Strong	ginaberry@example.org	2021-11-12	NULL	Active	Associate - Internal Communications	Associate	15	43311.25	5	Female	African American	45
3086	Susan	Montoya	bryan83@example.com	07/07/2025	NULL	Active	Associate - Finance	Associate	5	64743.97	4	Other	Asian	42
3087	Kyle	Washington	joann64@example.com	2024-11-25	NULL	Active	Associate - Finance	Associate	5	50835.02	5	Male	Asian	50
3088	James	Shepherd	ginathompson@example.net	2023-11-21	NULL	Active	Associate - Quality Assurance	Associate	16	71574.68	4	Non-Binary	Hispanic	32
3089	Jim	Allison	omedina@example.org	2025-10-09	NULL	Active	Associate - Product	Associate	2	48647.14	5	Male	African American	45
3090	Joshua	Stewart	figueroakimberly@example.com	2025-02-21	2025-10-19	Terminated	Associate - Corporate Strategy	Associate	14	40474.9	3	Male	Caucasian	42
3091	Stephanie	Ballard	justin07@example.org	2025-01-24	NULL	Active	associate - people operations	Associate	4	56109.76	3	Non-Binary	Asian	35
3092	Charles	Morgan	kent85@example.com	2025-04-17	NULL	Active	Supervisor/Lead - People Operations	Supervisor/Lead	4	75003.55	4	Male	Two or More	40
3093	Anthony	Fleming	wgraham@example.net	2022-11-25	08/12/2023	Terminated	Associate - Finance	Associate	5	40516.11	2	Non-Binary	African American	38
3094	Richard	Martin	patriciamccoy@example.org	2025-02-17	NULL	Active	Associate - People Operations	Associate	4	55116.13	2	Male	Hispanic	27
3095	David	Salazar	brownmarcus@example.net	2023-12-31	NULL	Active	Associate - Finance	Associate	5	53306.28	NULL	Male	Caucasian	41
3096	Gary	Baldwin	jacobsbruce@example.org	2023-07-28	2024-12-31	Terminated	Associate - Facilities	Associate	13	71184.85	2	Non-Binary	Two or More	35
3097	Monica	Serrano	nicolegarcia@example.org	2021-12-31	NULL	Active	Associate - Legal	Associate	6	65336.26	4	Non-Binary	Hispanic	53
3098	Cassandra	Conley	nicolewarren@example.com	2024-08-19	2025-08-10	Terminated	Supervisor/Lead - Data Science	Supervisor/Lead	3	74024.74	3	Other	Asian	54
3099	Stephanie	Brady	archercheryl@example.com	2026-05-11	NULL	Active	Associate - Facilities	Associate	13	47333.64	3	Other	Hispanic	60
3100	Cameron	Cline	nbauer@example.org	2025-10-23	2026-04-29	Terminated	Associate - Sales	Associate	8	56984.17	3	Other	Hispanic	32
3101	Samuel	King	stacy54@example.net	2021-11-10	NULL	Active	Associate - IT Support	Associate	10	40747.42	3	Male	Two or More	39
3102	James	Grant	rachel16@example.com	2021-12-05	NULL	Active	Associate - Customer Success	Associate	9	43302.95	3	NULL	Hispanic	59
3103	Christina	Rose	johnathanshort@example.com	2026-04-20	NULL	Active	Domain Director - Facilities	Domain Director	13	124401.53	NULL	Other	Asian	51
3104	Steven	Bishop	lorianthony@example.com	02/23/2024	NULL	Active	Associate - Product	Associate	2	67893.24	3	Male	Hispanic	37
3105	Lisa	Young	perezjames@example.org	2024-11-07	NULL	Active	Associate - People Operations	Associate	4	72984.79	1	Other	Asian	55
3106	Wendy	Barr	rodgersheidi@example.com	2024-09-04	NULL	Active	Associate - Internal Communications	Associate	15	45177.02	NULL	Female	NULL	45
3107	Danielle	Young	lisa55@example.org	2023-11-25	NULL	Active	Associate - Engineering	Associate	1	59059.21	3	Female	Two or More	21
3108	Jill	Scott	hcoleman@example.net	2022-02-10	NULL	Active	Associate - IT Support	Associate	10	67860.16	2	Other	African American	34
3109	Richard	Baker	nbrock@example.com	2022-07-30	NULL	Active	Associate - Engineering	Associate	1	44502.62	2	Other	Caucasian	26
3110	Nicholas	Wright	melanie96@example.org	01/04/2022	NULL	Active	Assistant Manager - People Operations	Assistant Manager	4	62968.09	3	Male	Two or More	30
3111	James	Morales	fbrewer@example.com	2024-10-11	NULL	Active	Associate - Product	Associate	2	70706.12	3	Male	Caucasian	43
3112	Jeffrey	Sanders	tiffanypace@example.com	2023-04-03	2025-05-24	Terminated	Domain Director - Supply Chain	Domain Director	12	113866.06	4	Male	Caucasian	51
3113	Stephanie	Estrada	lucassullivan@example.org	2026-03-29	2026-06-20	Terminated	Supervisor/Lead - Corporate Strategy	Supervisor/Lead	14	79478.1	4	Female	Asian	38
3114	Zachary	Lara	phillipsbernard@example.com	2025-10-29	NULL	Active	Associate - People Operations	Associate	4	62025.81	NULL	Male	Hispanic	34
3115	  Brandon	Chandler	ymoore@example.com	2022-05-20	NULL	Active	Associate - Quality Assurance	Associate	16	68035.56	3	Other	Two or More	44
3116	William	Torres	qglover@example.com	2022-07-19	NULL	Active	Associate - People Operations	Associate	4	67139.78	1	Male	African American	50
3117	Kara	Johnson	kimoconnor@example.net	07/15/2021	NULL	Active	Assistant Manager - Internal Communications	Assistant Manager	15	93727.75	2	Other	Two or More	42
3118	Brandon	Lee	joshuaespinoza@example.org	2024-09-24	NULL	Active	Supervisor/Lead - Quality Assurance	Supervisor/Lead	16	57768.74	4	Other	Hispanic	42
3119	Nicholas	Thomas	joyparks@example.net	2025-09-07	2026-04-25	Terminated	Associate - Supply Chain	Associate	12	51821.3	4	Male	Asian	54
3120	Susan	Shelton	heatherhorton@example.net	2023-10-04	NULL	Active	Supervisor/Lead - Engineering	Supervisor/Lead	1	89358.19	3	NULL	Hispanic	21
3121	Jamie	Alvarez	lewistonya@example.net	2025-03-17	2025-10-05	Terminated	Associate - Finance	Associate	5	41264.59	2	Female	Asian	28
3122	Cody	Ball	pbraun@example.net	2022-01-16	NULL	Active	Associate - Finance	Associate	5	42105.16	3	Other	Hispanic	31
3123	Gail	Johnson	shannongardner@example.org	2023-09-29	NULL	Active	Associate - IT Support	Associate	10	68794.77	2	Non-Binary	Hispanic	41
3124	Gregory	Cruz	harperlauren@example.com	2024-03-15	NULL	Active	Assistant Manager - Internal Communications	Assistant Manager	15	89804.54	3	Male	Asian	24
3125	Linda	Rodriguez	iflores@example.com	2026-02-23	NULL	Active	Supervisor/Lead - Customer Success	Supervisor/Lead	9	85161.04	3	Other	African American	44
3126	Steven	Lee	cunninghamsummer@example.com	2024-09-16	NULL	Active	Associate - Legal	Associate	6	72284.42	3	Other	African American	23
3127	Scott	Dougherty	nicolemontes@example.org	08/13/2022	NULL	Active	Associate - Sales	Associate	8	48718.78	5	Male	African American	38
3128	Charles	Rangel	jamesmarshall@example.com	2021-11-30	NULL	Active	Associate - Internal Communications	Associate	15	55971.77	5	Other	Hispanic	34
3129	Lindsay	Bowen	paynejustin@example.com	2025-01-05	NULL	Active	Associate - Finance	Associate	5	68249.3	3	Non-Binary	Two or More	36
3130	Nancy	Black	jorge59@example.com	2022-08-11	NULL	Active	Associate - Security	Associate	11	69421.99	3	Female	Hispanic	41
3131	Mark	Jackson	kellyglenn@example.org	2025-03-12	NULL	Active	Associate - Data Science	Associate	3	43296.0	3	Male	Caucasian	51
3132	Connie	Mendez	amoore@example.net	2022-06-12	2024-02-18	Terminated	Associate - Facilities	Associate	13	74533.29	2	Female	Caucasian	55
3133	Brent	Cook	bethanysimpson@example.org	07/24/2025	NULL	Active	Associate - Customer Success	Associate	9	71012.12	3	Other	Asian	37
3134	Steven	Robinson	ruizgeorge@example.com	2024-02-09	NULL	Active	Associate - Finance	Associate	5	62289.21	5	Male	Two or More	44
3135	Bradley	Bradley	jonathan08@example.net	2025-01-27	NULL	Active	Supervisor/Lead - Customer Success	Supervisor/Lead	9	85545.24	3	Male	Hispanic	38
3136	Donald	Brown	brittanyreed@example.com	2023-02-13	NULL	Active	Supervisor/Lead - Internal Communications	Supervisor/Lead	15	64865.1	3	Male	Hispanic	24
3137	Stephanie	Peterson	nicolecharles@example.com	2023-07-08	NULL	Active	Associate - Internal Communications	Associate	15	70346.78	5	Female	Two or More	40
3138	Sherry	Lucas	kellykatherine@example.org	2023-09-29	2023-12-23	Terminated	Supervisor/Lead - Engineering	Supervisor/Lead	1	61074.38	2	Female	Asian	34
3139	Sarah	Green	mtran@example.net	2024-04-17	NULL	Active	Associate - People Operations	Associate	4	59427.32	3	Female	Hispanic	47
3140	Gary	Mccormick	browncheryl@example.net	2023-08-10	NULL	Active	Associate - Facilities	Associate	13	63073.43	3	Male	African American	33
3141	Randy	Fuller	aguilarrobert@example.org	2024-10-03	NULL	Active	Associate - Sales	Associate	8	64567.22	4	Other	Two or More	31
3142	Jamie	Best	jenniferpowers@example.net	2024-12-10	NULL	Active	Associate - Engineering	Associate	1	60490.65	2	Other	African American	38
3143	Jackson	Davis	drakeamanda@example.com	2022-11-24	2026-04-30	Terminated	Associate - Facilities	Associate	13	47710.24	2	Male	Hispanic	65
3144	Bianca	Ball	stephenbrown@example.com	2022-10-04	NULL	Active	Supervisor/Lead - Supply Chain	Supervisor/Lead	12	59936.19	3	Female	Two or More	28
3145	Zachary	Hardy	mnguyen@example.com	2025-03-12	NULL	Active	Associate - Supply Chain	Associate	12	63305.17	3	Male	Two or More	32
3146	Elizabeth	Melendez	lisawest@example.org	2021-09-16	NULL	Active	Supervisor/Lead - People Operations	Supervisor/Lead	4	70794.87	3	Female	Two or More	38
3147	Natalie	Kelly	christophermartin@example.com	2025-09-02	NULL	Active	Associate - Facilities	Associate	13	44053.78	3	Other	Two or More	54
3148	Devin	Manning	vanessacastillo@example.com	2024-04-20	NULL	Active	Associate - Marketing	Associate	7	67766.56	3	Other	African American	45
3149	Raymond	Ibarra	hermanautumn@example.net	2025-07-07	NULL	Active	Supervisor/Lead - Finance	Supervisor/Lead	5	66983.22	3	Other	Hispanic	22
3150	Joseph	Lynch	yvonnewilliamson@example.org	2026-03-06	NULL	Active	Associate - IT Support	Associate	10	66988.65	3	Male	Hispanic	46
3151	Catherine	Castro	heatherenglish@example.com	2023-09-18	NULL	Active	Associate - Product	Associate	2	64287.52	1	Other	Caucasian	44
3152	Steven	Williams	daniel92@example.com	2023-02-01	NULL	Active	Manager - Sales	Manager	8	79507.11	5	Non-Binary	Two or More	45
3153	Danielle	  Cooper	yferguson@example.net	2022-07-11	NULL	Active	Associate - Engineering	Associate	1	70467.89	3	Female	African American	48
3154	Alexandra	Henderson	pattyjohnson@example.net	2022-05-16	NULL	Active	Associate - Internal Communications	Associate	15	48198.96	2	Female	Asian	51
3155	Melissa	Foley	vvazquez@example.org	2022-03-20	NULL	Active	Associate - Supply Chain	Associate	12	74423.67	3	Female	Asian	52
3156	Robert	Klein	brenda88@example.net	2025-04-05	NULL	Active	Supervisor/Lead - Data Science	Supervisor/Lead	3	76821.67	5	Non-Binary	Caucasian	27
3157	Donald	Hayden	stephenpowell@example.org	2021-12-15	NULL	Active	Supervisor/Lead - Customer Success	Supervisor/Lead	9	70541.25	3	Other	Asian	33
3158	Pamela	Sampson	walkershannon@example.net	2023-07-28	NULL	Active	Associate - Supply Chain	Associate	12	68213.86	NULL	Non-Binary	Asian	26
3159	Kelly	Young	carolyn96@example.org	2022-12-19	2023-08-10	Terminated	Associate - Supply Chain	Associate	12	57819.88	3	Female	Hispanic	42
3160	Keith	Newton	brian16@example.com	2023-12-31	NULL	Active	Associate - People Operations	Associate	4	68899.77	3	Other	African American	39
3161	Stephanie	Bell	jonathan04@example.com	2022-08-15	NULL	Active	Associate - Quality Assurance	Associate	16	54700.5	2	Female	African American	33
3162	Karen	Nichols	alejandrawallace@example.com	2023-03-03	NULL	Active	Supervisor/Lead - Customer Success	Supervisor/Lead	9	64342.96	4	NULL	Two or More	47
3163	Calvin	Gibson	tylersimmons@example.org	2025-11-24	NULL	Active	Associate - Quality Assurance	Associate	16	53589.73	3	Non-Binary	Hispanic	44
3164	Matthew	Peters	pricebrian@example.org	2022-06-12	NULL	Active	Associate - Sales	Associate	8	40166.92	3	NULL	African American	36
3165	Jean	Baxter	jamiewelch@example.org	2022-11-16	NULL	Active	Associate - Quality Assurance	Associate	16	70808.93	3	Other	Two or More	37
3166	Steven	Sexton	copelandangelica@example.com	2023-07-01	NULL	Active	Associate - Supply Chain	Associate	12	44237.63	3	Male	NULL	42
3167	Hayden	Hill	david84@example.org	2023-12-29	NULL	Active	Associate - Legal	Associate	6	66861.71	3	Male	Two or More	43
3168	Jeff	Ramsey	tricia37@example.org	2022-11-20	NULL	Active	Associate - Data Science	Associate	3	42328.65	5	Other	African American	38
3169	Katelyn	Mitchell	mmorgan@example.com	06/30/2026	NULL	Active	Assistant Manager - People Operations	Assistant Manager	4	92710.74	3	Female	Asian	57
3170	Katie	  Edwards  	kevin12@example.org	2024-07-15	NULL	Active	Associate - Marketing	Associate	7	67876.02	2	Female	Caucasian	44
3171	Timothy	White	tiffany52@example.com	2025-05-17	NULL	Active	Associate - IT Support	Associate	10	62789.19	2	Non-Binary	Caucasian	21
3172	Andrew	Elliott	roysullivan@example.net	2024-07-24	NULL	Active	Associate - Supply Chain	Associate	12	56313.72	1	Male	Caucasian	21
3173	Matthew	Bauer	rhonda33@example.com	2023-04-18	NULL	Active	Associate - People Operations	Associate	4	58162.38	5	Other	African American	33
3174	Danielle	Nelson	edward57@example.com	2024-10-14	2026-03-16	Terminated	Associate - Supply Chain	Associate	12	NULL	3	Female	Caucasian	35
3175	James	Williams	pwalls@example.net	2023-12-30	NULL	Active	Associate - Corporate Strategy	Associate	14	46147.51	4	Non-Binary	Hispanic	53
3176	Cameron	Wolfe	lynchbriana@example.com	2023-06-27	NULL	Active	Associate - Facilities	Associate	13	63401.81	3	Non-Binary	Hispanic	29
3177	Jared	Marshall	jeffreyarcher@example.org	2026-07-15	NULL	Active	Associate - Facilities	Associate	13	59492.09	3	Other	Caucasian	42
3178	Anna	Brandt	mcmahondonald@example.com	2023-05-22	NULL	Active	Supervisor/Lead - People Operations	Supervisor/Lead	4	79178.28	5	Other	African American	56
3179	John	Stone	iharmon@example.org	2025-02-04	NULL	Active	Associate - Supply Chain	Associate	12	72819.83	2	Non-Binary	Caucasian	34
3180	David	Gibbs	jeffwilson@example.com	2021-12-17	NULL	Active	Associate - Product	Associate	2	69563.21	4	Other	Caucasian	41
3181	Todd	Evans	yking@example.org	2025-05-08	NULL	Active	Supervisor/Lead - IT Support	Supervisor/Lead	10	75123.31	3	Male	Asian	43
3182	Kimberly	Johnson	kaitlyn13@example.com	2024-04-26	NULL	Active	Associate - Facilities	Associate	13	45569.34	3	Non-Binary	Asian	37
3183	Megan	Williams	robinsoneugene@example.com	2025-10-29	NULL	Active	Associate - Marketing	Associate	7	44505.59	2	Female	Hispanic	32
3184	John	Nielsen	jasonevans@example.com	04/08/2026	NULL	Active	Associate - Security	Associate	11	46308.66	3	Non-Binary	Caucasian	38
3185	Justin	Reilly	brian95@example.net	2024-02-17	NULL	Active	Associate - People Operations	Associate	4	72974.57	4	Male	Hispanic	31
3186	William	Bryant	ymoss@example.net	2023-03-07	NULL	Active	Associate - Corporate Strategy	Associate	14	46828.46	2	Other	Two or More	42
3187	Glenda	Page	katherinesmith@example.com	2025-06-07	NULL	Active	Associate - Customer Success	Associate	9	56713.76	3	Non-Binary	Hispanic	46
3188	Claudia	Gardner	prestonpaul@example.org	2024-08-05	2025-05-04	Terminated	Associate - IT Support	Associate	10	67899.08	5	Other	Hispanic	44
3189	Shelley	Page	ryanleslie@example.org	2023-09-24	NULL	Active	Associate - Finance	Associate	5	69754.26	5	Female	Hispanic	46
3190	John	Delacruz	wallnicole@example.net	2022-11-30	NULL	Active	Associate - Facilities	Associate	13	68503.61	NULL	Other	NULL	43
3191	Amy	Hill	jennifer99@example.com	2025-09-18	NULL	Active	Associate - People Operations	Associate	4	65108.65	4	Other	Two or More	34
3192	Laura	Parker	jessicaespinoza@example.net	2026-02-13	NULL	Active	Associate - Finance	Associate	5	54991.44	4	Female	Two or More	21
3193	Matthew	Cox	underwoodjesus@example.org	2024-05-15	NULL	Active	Associate - Internal Communications	Associate	15	51724.57	4	Male	Two or More	31
3194	Robin	Coleman	joseph38@example.org	2021-08-03	NULL	Active	Associate - People Operations	Associate	4	59344.99	4	Non-Binary	Asian	23
3195	Paul	Gonzalez	hernandeztammy@example.net	2022-05-17	NULL	Active	Supervisor/Lead - People Operations	Supervisor/Lead	4	60483.28	5	Male	Two or More	34
3196	Brandi	Levine	vwright2@example.com	2024-08-23	NULL	Active	Associate - Quality Assurance	Associate	16	42743.36	NULL	Female	Two or More	58
3197	Erica	Taylor	randyreed@example.com	2022-12-04	2025-07-04	Terminated	Associate - Customer Success	Associate	9	54929.5	4	Female	African American	53
3198	Gary	Rodriguez	skelley@example.com	2023-05-17	2023-10-28	Terminated	Associate - Corporate Strategy	Associate	14	72428.75	3	Male	African American	51
3199	Matthew	Thompson	xrodriguez@example.com	2024-05-03	2024-12-04	Terminated	Associate - Finance	Associate	5	66876.23	2	Male	Caucasian	32
3200	Meghan	Everett	ramirezpatrick@example.org	2022-07-30	NULL	Active	Associate - Internal Communications	Associate	15	71551.99	3	Female	Caucasian	34
3201	Andrew	Roberts	hlopez@example.org	2024-12-04	NULL	Active	Associate - Sales	Associate	8	46507.04	4	Other	Asian	52
3202	Angel	Skinner	idennis@example.net	2023-11-02	NULL	Active	Supervisor/Lead - Engineering	Supervisor/Lead	1	67508.18	2	Other	Hispanic	25
3203	Andrew	TURNER	vgarcia@example.org	2023-05-01	NULL	Active	Associate - Supply Chain	Associate	12	64790.79	5	Non-Binary	Hispanic	34
3204	Seth	Sanders	crystal25@example.com	2024-11-25	NULL	Active	Supervisor/Lead - Finance	Supervisor/Lead	5	67301.88	5	Non-Binary	Two or More	31
3205	Aaron	Dillon	robertbowers@example.com	2023-07-27	NULL	Active	Supervisor/Lead - Supply Chain	Supervisor/Lead	12	70269.18	2	NULL	Asian	33
3206	Thomas	Stephens	burnsmichelle@example.com	2024-01-01	NULL	Active	Supervisor/Lead - Marketing	Supervisor/Lead	7	73897.53	5	Non-Binary	African American	33
3207	Steven	Sanders	ayerskathleen@example.org	2024-04-16	2025-05-05	Terminated	Associate - Quality Assurance	Associate	16	74239.99	3	Male	Two or More	44
3208	Amanda	rodriguez 	ramirezstephanie@example.com	2023-04-02	NULL	Active	Associate - Corporate Strategy	Associate	14	71438.51	3	Female	Asian	51
3209	William	Tran	joseph49@example.net	2023-11-06	NULL	Active	Associate - Customer Success	Associate	9	48029.87	4	Male	African American	37
3210	Lauren	Morales	mariewheeler@example.com	2022-12-02	NULL	Active	Supervisor/Lead - Customer Success	Supervisor/Lead	9	58402.6	4	Non-Binary	Caucasian	46
3211	Denise	White	dking@example.net	2021-10-20	NULL	Active	Supervisor/Lead - People Operations	Supervisor/Lead	4	73251.85	4	Female	Two or More	44
3212	Amy	Reed	smithcarolyn@example.net	2024-12-29	NULL	Active	Associate - Security	Associate	11	48263.85	4	Non-Binary	African American	37
3213	David	Shaw	larrychung@example.com	2021-12-07	NULL	Active	Assistant Manager - Customer Success	Assistant Manager	9	69419.93	3	Non-Binary	Hispanic	63
3214	Todd	Grimes	blanchardjohn@example.net	2026-07-20	NULL	Active	Associate - Data Science	Associate	3	63293.36	3	Other	Asian	39
3215	Jennifer	Allison	jeremymeza@example.com	2024-06-25	NULL	Active	Associate - Finance	Associate	5	70582.19	2	Non-Binary	Hispanic	40
3216	Christine	Diaz	jessica48@example.com	2022-11-23	2022-12-25	Terminated	Associate - Security	Associate	11	48820.53	1	Female	Hispanic	50
3217	Cassandra	Fischer	oscarscott@example.com	2022-07-02	NULL	Active	Associate - Internal Communications	Associate	15	51013.4	2	Female	Caucasian	34
3218	Jeffrey	Thornton	nicholasallen@example.org	2025-03-09	NULL	Active	Associate - Facilities	Associate	13	47295.75	3	Male	Caucasian	24
3219	Brenda	Nelson	bergernathaniel@example.com	2025-12-26	NULL	Active	Associate - Engineering	Associate	1	53090.65	3	Other	Two or More	54
3220	Jon	Conner	eatonguy@example.com	2024-12-29	2025-02-01	Terminated	Associate - People Operations	Associate	4	72627.1	2	Male	Hispanic	26
3221	Marcus	Cruz	ryansloan@example.org	2023-04-05	NULL	Active	Associate - IT Support	Associate	10	63851.36	3	Other	Caucasian	47
3222	Kathleen	Novak	opotts@example.com	2022-12-16	NULL	Active	Associate - Security	Associate	11	72812.69	4	Female	Two or More	43
3223	Kelly	Love	alopez@example.net	2022-06-18	NULL	Active	Associate - Supply Chain	Associate	12	51255.41	3	Non-Binary	Two or More	34
3224	Molly	Randall	christinajames@example.org	2024-08-18	NULL	Active	Associate - People Operations	Associate	4	40855.83	3	Female	Caucasian	50
3225	Abigail	Elliott	bhays@example.org	2025-10-20	NULL	Active	Associate - Security	Associate	11	60013.75	3	Non-Binary	African American	35
3226	Dillon	Sellers	jennifer71@example.net	2024-04-10	NULL	Active	Associate - Engineering	Associate	1	68278.91	2	Other	Two or More	25
3227	Todd	Gomez	ivalenzuela@example.org	2022-10-14	NULL	Active	Associate - Marketing	Associate	7	62242.16	3	Male	Caucasian	26
3228	Donna	Cervantes	tyoung@example.com	2026-02-17	NULL	Active	Associate - Data Science	Associate	3	59117.97	2	Other	Hispanic	30
3229	Donald	Carter	rodney92@example.org	2024-04-24	NULL	Active	Associate - IT Support	Associate	10	50961.08	NULL	Other	Two or More	46
3230	Rebecca	Thomas	cheryl40@example.com	2023-06-02	NULL	Active	Associate - Corporate Strategy	Associate	14	69797.04	4	Non-Binary	African American	36
3231	Robert	Riley	zduffy@example.net	2024-09-08	NULL	Active	Supervisor/Lead - Security	Supervisor/Lead	11	74988.15	3	Non-Binary	NULL	28
3232	Donna	Oliver	victoria69@example.com	2023-09-04	NULL	Active	Associate - Marketing	Associate	7	57201.4	3	Female	Two or More	39
3233	Gary	Fowler	andrewturner@example.org	2022-09-30	NULL	Active	Associate - Sales	Associate	8	73242.98	3	Non-Binary	African American	48
3234	Abigail	Reed	creed@example.org	2022-10-12	NULL	Active	Associate - Engineering	Associate	1	70260.48	3	Female	African American	37
3235	Dawn	Walker	whiteryan@example.org	2024-04-16	NULL	Active	Associate - Customer Success	Associate	9	68831.53	3	Other	Asian	61
3236	Crystal	Kent	andrea74@example.net	2025-11-26	NULL	Active	Associate - Finance	Associate	5	55301.57	4	Non-Binary	African American	47
3237	Justin	Baxter	ulucas@example.com	2025-04-06	NULL	Active	Associate - Internal Communications	Associate	15	55616.46	3	Other	Caucasian	28
3238	Seth	Johnson	chandlerjeffrey@example.org	2024-06-29	NULL	Active	Manager - Internal Communications	Manager	15	91391.75	5	Other	Hispanic	42
3239	Terri	Barnes	walkerroger@example.net	2025-12-01	NULL	Active	Associate - Data Science	Associate	3	52273.53	4	Female	Asian	48
3240	Paul	Cox	matthew80@example.org	2023-10-22	NULL	Active	Supervisor/Lead - Facilities	Supervisor/Lead	13	72829.25	3	Non-Binary	African American	46
3241	Phillip	Anderson	henrytyler@example.net	2022-03-17	NULL	Active	Associate - Supply Chain	Associate	12	54346.03	3	Male	Asian	28
3242	Alexis	Coleman	matthewmann@example.net	2026-02-08	NULL	Active	Associate - Security	Associate	11	49615.91	3	Female	Hispanic	44
3243	Abigail	Jones	timothy72@example.org	2024-04-22	NULL	Active	Supervisor/Lead - Engineering	Supervisor/Lead	1	56681.71	3	Female	Hispanic	38
3244	David	Elliott	jessica85@example.com	2025-11-27	2026-02-12	Terminated	Associate - Internal Communications	Associate	15	58438.54	3	Male	NULL	46
3245	Christopher	Weeks	fthompson@example.org	2025-07-03	NULL	Active	Associate - Internal Communications	Associate	15	55770.44	3	Non-Binary	African American	27
3246	Michelle	Williams	ssmith2@example.com	2025-02-21	NULL	Active	Associate - Legal	Associate	6	43746.95	1	Female	Two or More	25
3247	Joshua	Davidson	allenmiranda@example.org	2025-06-08	NULL	Active	Associate - People Operations	Associate	4	54302.16	5	NULL	Hispanic	42
3248	Ruth	Bennett	RIOSPATRICIA@EXAMPLE.NET	2022-03-22	NULL	Active	Associate - Legal	Associate	6	52041.38	3	Other	Caucasian	21
3249	Aaron	Baker	breed@example.net	2022-10-03	NULL	Active	Associate - Corporate Strategy	Associate	14	49620.62	3	Non-Binary	African American	34
3250	Gordon	Mercado	deannamendoza@example.net	2022-03-22	NULL	Active	Associate - Marketing	Associate	7	66788.01	4	Other	Caucasian	29
3251	Connor	Hamilton	charles91@example.net	2025-07-20	NULL	Active	Associate - Customer Success	Associate	9	46474.45	3	Male	Caucasian	21
3252	Randall	Hanson	bridget31@example.net	2025-09-06	NULL	Active	Associate - Customer Success	Associate	9	65478.6	5	Male	Caucasian	25
3253	Debbie	Santos	yolanda53@example.net	2023-05-08	NULL	Active	Associate - IT Support	Associate	10	68160.57	3	Female	Two or More	46
3254	Jack	Petty	rcortez@example.org	2022-08-14	NULL	Active	Associate - Marketing	Associate	7	57760.28	3	Other	Two or More	21
3255	Mark	Simpson	owenschad@example.com	2023-08-11	NULL	Active	Associate - Data Science	Associate	3	73021.9	3	Male	Asian	23
3256	John	Wood	jeremydavis@example.com	2022-06-28	NULL	Active	Associate - Customer Success	Associate	9	57718.44	2	Male	Two or More	43
3257	Jessica	Vasquez	danielle68@example.net	2021-10-26	2025-11-16	Terminated	Associate - People Operations	Associate	4	58420.39	3	Other	Asian	21
3258	Kevin	Miller	xavier03@example.com	2024-09-06	NULL	Active	Supervisor/Lead - Product	Supervisor/Lead	2	63985.45	4	Non-Binary	Asian	36
3259	Erica	Sutton	christopher91@example.com	2024-11-06	NULL	Active	Domain Director - Corporate Strategy	Domain Director	14	150524.82	3	Non-Binary	African American	36
3260	Jeffrey	Knight	zhudson@example.org	2024-07-19	NULL	Active	Manager - People Operations	Manager	4	77064.48	4	Non-Binary	Two or More	43
3261	Cynthia	Edwards	dlewis@example.net	2022-09-08	NULL	Active	Supervisor/Lead - Legal	Supervisor/Lead	6	55103.53	4	Other	Hispanic	37
3262	Bradley	Mendoza	sylviasmith@example.org	2025-04-13	NULL	Active	Associate - Quality Assurance	Associate	16	70486.02	2	Male	Hispanic	NULL
3263	Erika	Chavez	rhodesallen@example.org	2025-08-20	NULL	Active	Supervisor/Lead - Facilities	Supervisor/Lead	13	60029.13	3	Other	Hispanic	32
3264	Joseph	Bauer	wigginsvicki@example.net	2025-05-30	NULL	Active	Associate - Engineering	Associate	1	62438.59	5	Male	NULL	21
3265	Mario	Kirk	david91@example.com	2025-02-25	NULL	Active	Associate - People Operations	Associate	4	49859.89	4	Non-Binary	Two or More	50
3266	John	Hall	stephaniemontoya@example.com	2023-11-20	NULL	Active	Supervisor/Lead - Legal	Supervisor/Lead	6	89849.63	2	Male	Asian	34
3267	Daniel	Gonzales	danielle38@example.net	2025-09-20	NULL	Active	Associate - People Operations	Associate	4	43949.87	2	Male	Hispanic	48
3268	Gregory	Santiago	utaylor2@example.com	2024-08-07	NULL	Active	Supervisor/Lead - People Operations	Supervisor/Lead	4	85431.22	4	Male	Asian	44
3269	Courtney	Smith	thompsonchristine@example.com	2025-12-23	2026-03-18	Terminated	Associate - IT Support	Associate	10	65047.09	4	Other	Two or More	59
3270	Melissa	Cannon	markcraig@example.org	2021-12-08	NULL	Active	Associate - Internal Communications	Associate	15	61723.25	1	Non-Binary	Asian	46
3271	Brandon	Flores	turnerlinda@example.com	2022-12-15	2023-08-16	Terminated	Supervisor/Lead - Finance	Supervisor/Lead	5	67167.14	1	Other	Hispanic	42
3272	Kristin	Smith	frank75@example.org	2023-12-17	NULL	Active	Associate - IT Support	Associate	10	60785.43	3	Female	Caucasian	57
3273	Ruth	Diaz	trandakota@example.com	2021-07-09	NULL	Active	Associate - People Operations	Associate	4	52615.62	5	Other	NULL	36
3274	Mary	Miller	sara62@example.org	2024-05-20	NULL	Active	Associate - IT Support	Associate	10	67576.29	5	NULL	Asian	47
3275	Suzanne	Ross	williamsdouglas@example.net	2025-11-12	NULL	Active	Associate - Legal	Associate	6	48627.36	3	Female	Hispanic	45
3276	Joseph	Miller	collinsjennifer@example.org	2023-01-21	NULL	Active	Domain Director - People Operations	Domain Director	4	126706.61	3	Other	African American	31
3277	Billy	Ortiz	rebeccahunt@example.net	2025-12-28	NULL	Active	Associate - Supply Chain	Associate	12	52375.7	3	Male	Caucasian	37
3278	Matthew	Henry	gabriela28@example.net	2025-12-27	2026-05-01	Terminated	Associate - Corporate Strategy	Associate	14	71192.07	4	Male	Hispanic	31
3279	Kimberly	Malone	anna29@example.org	2021-07-26	NULL	Active	Associate - Sales	Associate	8	61619.04	3	Non-Binary	Two or More	42
3280	Nathaniel	Moore	rogersclayton@example.org	2021-07-31	NULL	Active	Associate - Internal Communications	Associate	15	50149.26	3	Male	Hispanic	39
3281	Brittany	Barnes	mcase@example.com	2023-01-20	NULL	Active	Associate - Sales	Associate	8	67600.83	5	NULL	Caucasian	42
3282	Hannah	Gregory	wburnett@example.com	2025-11-20	NULL	Active	Associate - Legal	Associate	6	74877.15	4	Female	Asian	50
3283	Alexa	Marshall	cindyedwards@example.org	2026-03-09	2026-05-01	Terminated	Supervisor/Lead - Product	Supervisor/Lead	2	69994.9	5	Female	African American	42
3284	Shannon	Riley	bdavis@example.net	2025-08-22	NULL	Active	Associate - Data Science	Associate	3	41666.15	3	Male	Asian	41
3285	Wayne	Allen	tbarnes@example.com	2023-03-30	NULL	Active	Associate - Engineering	Associate	1	57654.43	3	Non-Binary	Caucasian	36
3286	Jose	Dorsey	ryan25@example.com	2025-08-23	NULL	Active	Associate - IT Support	Associate	10	69512.94	2	Other	Hispanic	54
3287	Tracey	Collins	arnoldjohn@example.com	2026-05-27	NULL	Active	Associate - Legal	Associate	6	58281.81	3	Female	Asian	49
3288	Alexis	Allen	ericthomas@example.org	2023-09-09	2024-02-21	Terminated	Associate - Sales	Associate	8	49794.23	2	Non-Binary	Two or More	34
3289	Anne	Schultz	dkerr@example.net	2024-04-22	2026-02-24	Terminated	Associate - Finance	Associate	5	73680.12	4	Non-Binary	Hispanic	35
3290	  Carrie  	Thompson	chelsea31@example.com	2025-11-20	NULL	Active	Associate - Legal	Associate	6	68028.1	3	Female	African American	36
3291	Laura	Bowman	newmanmichael@example.net	2025-12-07	NULL	Terminated	Associate - Corporate Strategy	Associate	14	40175.63	2	Female	Hispanic	50
3292	Brian	Pittman	rhaas@example.org	2021-09-28	NULL	Active	Associate - IT Support	Associate	10	73385.06	2	Non-Binary	Hispanic	21
3293	Gary	Bailey	watkinscynthia@example.net	2024-08-10	NULL	Active	Supervisor/Lead - Finance	Supervisor/Lead	5	56105.79	3	Other	African American	45
3294	Mitchell	Hughes	wolfcourtney@example.net	2025-12-20	NULL	Active	Associate - Quality Assurance	Associate	16	47037.59	3	Male	Hispanic	49
3295	Elizabeth	Scott	michaelwilcox@example.com	2024-05-14	NULL	Active	Manager - Data Science	Manager	3	84705.04	1	Non-Binary	Hispanic	36
3296	William	Acevedo	rpowell@example.net	02/21/2023	NULL	Active	Associate - Legal	Associate	6	66142.87	4	Non-Binary	African American	53
3297	Michael	Johnson	lauraharris@example.net	01/28/2024	NULL	Active	Associate - Supply Chain	Associate	12	47375.93	5	Other	Two or More	30
3298	Louis	Smith	howardjamie@example.net	2025-06-18	NULL	Active	Associate - Product	Associate	2	59167.93	1	Non-Binary	African American	29
3299	Vickie	Cisneros	allen35@example.org	2024-07-22	NULL	Active	Associate - Marketing	Associate	7	49371.4	2	Female	Two or More	34
3300	Barbara	Fleming	brittany91@example.net	2025-09-27	NULL	Active	Manager - Sales	Manager	8	95408.39	5	Female	NULL	31
3301	James	Hansen	selena51@example.org	2022-08-21	NULL	Active	Associate - Legal	Associate	6	48878.61	3	Male	Hispanic	32
3302	Walter	Conrad	gailfrost@example.com	2021-10-13	NULL	Active	Associate - Data Science	Associate	3	62005.77	3	Male	Two or More	21
3303	Kim	Young	dawnbrewer@example.net	2024-04-29	2025-12-25	Terminated	Associate - People Operations	Associate	4	72935.61	5	Female	Caucasian	23
3304	Jodi	Roy	christensenjulie@example.net	2022-05-04	2023-11-03	Terminated	Associate - Engineering	Associate	1	68356.56	4	Other	Hispanic	21
3305	Joy	Larsen	jordantaylor@example.net	2021-08-04	2022-08-23	Terminated	Associate - Security	Associate	11	47667.54	2	Non-Binary	Asian	43
3306	Edward	Savage	oadams@example.com	2023-10-22	NULL	Active	Associate - Supply Chain	Associate	12	65964.91	4	Other	Asian	29
3307	Elizabeth	Atkinson	eweiss@example.org	2023-05-31	NULL	Active	Associate - Sales	Associate	8	42117.96	4	Non-Binary	Asian	34
3308	Michael	Campbell	ortizjuan@example.org	2024-06-02	NULL	Active	Domain Director - Finance	Domain Director	5	125417.83	4	Male	African American	47
3309	Emily	Hamilton	robert92@example.org	2021-11-16	2025-03-02	Terminated	Associate - Security	Associate	11	73733.22	1	Female	Asian	48
3310	Holly	Mueller	myersmichael@example.org	2024-04-11	NULL	Active	Associate - Legal	Associate	6	66801.98	2	Other	Asian	64
3311	Damon	Mccormick	amanda26@example.com	2024-04-11	NULL	Active	Manager - Security	Manager	11	97374.94	3	Other	Two or More	33
3312	Andrew	Jordan	rachelmiller@example.org	2025-03-14	NULL	Active	Associate - Customer Success	Associate	9	51401.38	3	Non-Binary	Two or More	63
3313	Angela	Brown	danielgreen@example.net	2025-04-21	NULL	Active	Associate - Marketing	Associate	7	51883.18	NULL	Other	Two or More	30
3314	Charles	Hopkins	qbailey@example.net	2021-10-17	NULL	Active	Associate - Facilities	Associate	13	67452.46	3	Non-Binary	Hispanic	47
3315	John	Mitchell	dennis41@example.net	2024-07-15	NULL	Active	Associate - Engineering	Associate	1	54591.92	2	NULL	Caucasian	65
3316	Ryan	Dominguez	william48@example.net	2021-12-06	NULL	Active	Manager - Data Science	Manager	3	114435.66	4	Non-Binary	NULL	45
3317	Sarah	Brown	zimmermanveronica@example.com	2022-05-07	NULL	Active	Associate - Internal Communications	Associate	15	45558.22	3	Non-Binary	Caucasian	38
3318	Margaret	Nelson	oliviacuevas@example.com	2024-01-24	NULL	Active	Associate - Data Science	Associate	3	48708.94	3	Other	Two or More	50
3319	Jennifer	Olson	wendywilkerson@example.com	2026-05-28	NULL	Active	Associate - Facilities	Associate	13	54782.43	1	Other	Two or More	44
3320	Barbara	Davis	tracybryant@example.org	2025-05-13	NULL	Active	Manager - Quality Assurance	Manager	16	110130.64	4	Non-Binary	African American	32
3321	Rachel	Brown	scott51@example.com	2024-01-09	NULL	Active	Associate - Quality Assurance	Associate	16	43254.2	3	Non-Binary	Hispanic	32
3322	Zachary	Cole	davidrogers@example.com	2025-09-12	NULL	Active	Associate - Facilities	Associate	13	61430.8	3	Male	Hispanic	47
3323	Linda	Smith	jennifer46@example.net	2026-05-05	NULL	Active	Associate - IT Support	Associate	10	48803.67	1	Other	Asian	59
3324	Gary	Johnson	erica20@example.com	2025-02-11	NULL	Active	Associate - Customer Success	Associate	9	70928.85	3	Male	Caucasian	45
3325	Paula	Perry	longmichael@example.net	2022-01-05	NULL	Active	Supervisor/Lead - Facilities	Supervisor/Lead	13	58723.48	4	Other	African American	40
3326	Theresa 	Johnston	jonathanmartinez@example.com	2021-07-09	NULL	Active	Supervisor/Lead - Customer Success	Supervisor/Lead	9	80226.11	3	Other	Caucasian	47
3327	Monica	Campbell	mario03@example.com	2023-09-27	NULL	Active	Associate - Customer Success	Associate	9	69997.66	3	Female	Asian	58
3328	Nicholas	Robinson	jeffrey24@example.com	2023-01-27	2023-04-19	Terminated	Assistant Manager - Finance	Assistant Manager	5	64771.94	NULL	Male	Hispanic	38
3329	Shawn	Anderson	sherrynorris@example.org	2024-11-22	NULL	Active	Associate - Supply Chain	Associate	12	48767.6	3	Male	Asian	44
3330	David	Green	brittanymays@example.com	2021-09-15	NULL	Active	Associate - Sales	Associate	8	48494.09	2	Male	Hispanic	40
3331	Jaime	Welch	GARRETTCHRISTOPHER@EXAMPLE.ORG	2023-10-09	NULL	Active	Associate - Supply Chain	Associate	12	NULL	3	Male	Two or More	39
3332	Jesus	 Martinez	josephjames@example.com	2021-11-26	NULL	Active	Supervisor/Lead - Supply Chain	Supervisor/Lead	12	71529.82	4	Male	Asian	47
3333	Lindsay	Norman	bbentley@example.org	2021-08-18	NULL	Active	Supervisor/Lead - Customer Success	Supervisor/Lead	9	65515.07	3	Female	Two or More	35
3334	Jill	Adams	adam68@example.org	2021-10-10	NULL	Active	Associate - Customer Success	Associate	9	69244.11	3	Other	African American	39
3335	Daniel	Crosby	stevensmith@example.org	2022-10-16	NULL	Active	Associate - Sales	Associate	8	42147.96	3	Other	Asian	42
3336	Jonathan	Hernandez	jill44@example.net	2025-02-24	NULL	Active	Associate - Sales	Associate	8	51687.93	5	Male	Asian	23
3337	David	Montgomery	reeselaura@example.com	2025-11-03	NULL	Active	Associate - Sales	Associate	8	41482.35	2	Non-Binary	African American	24
3338	Michael	Cox	yolandarowland@example.org	2024-10-13	NULL	Active	Supervisor/Lead - Facilities	Supervisor/Lead	13	59720.91	2	NULL	Caucasian	44
3339	Heidi	Mcdowell	nathan08@example.com	2024-03-20	NULL	Active	Manager - Legal	Manager	6	113824.44	4	Non-Binary	Caucasian	34
3340	Michelle	 Nichols	valerielucas@example.org	2021-11-16	2023-10-02	Terminated	Associate - Corporate Strategy	Associate	14	46063.56	2	NULL	African American	26
3341	Marcus	Johns	bcobb@example.org	2023-09-16	NULL	Active	Supervisor/Lead - Sales	Supervisor/Lead	8	84004.7	5	Male	Caucasian	48
3342	Ryan	Roberts	bryanalexander@example.org	2025-02-21	NULL	Active	Supervisor/Lead - Facilities	Supervisor/Lead	13	60454.62	3	Male	NULL	54
3343	Samantha	Green	hoodtheresa@example.com	2022-12-06	2026-07-26	Terminated	Associate - Sales	Associate	8	43305.65	3	Non-Binary	African American	50
3344	  Mckenzie  	Smith	bartonphilip@example.org	2026-03-03	NULL	Active	Supervisor/Lead - Supply Chain	Supervisor/Lead	12	64991.27	3	Female	Two or More	39
3345	Melissa	George	johnreynolds@example.net	2022-09-21	2025-08-18	Terminated	Associate - Product	Associate	2	67480.85	3	Other	Hispanic	47
3346	Courtney	Gonzales	taylorrobinson@example.org	2026-04-19	NULL	Active	Supervisor/Lead - Finance	Supervisor/Lead	5	86850.92	3	Female	Hispanic	43
3347	Rebecca	Rollins	ilucas@example.com	2026-05-09	NULL	Active	Supervisor/Lead - Quality Assurance	Supervisor/Lead	16	66245.46	1	Female	Two or More	44
3348	Christian	West	ricardomiles@example.com	2025-04-24	NULL	Active	Assistant Manager - Facilities	Assistant Manager	13	86179.15	4	Other	Two or More	41
3349	Samantha	Walker	lorimoon@example.org	2023-10-06	2026-02-05	Terminated	Associate - Supply Chain	Associate	12	NULL	3	Other	Two or More	27
3350	Bradley	West	jennifer62@example.net	2025-02-27	NULL	Active	Assistant Manager - Engineering	Assistant Manager	1	99203.51	5	Non-Binary	Asian	38
3351	Deanna	Vaughn	millerbridget@example.com	2023-07-06	NULL	Active	Associate - Security	Associate	11	47740.93	4	Non-Binary	African American	47
3352	Desiree	Cohen	bridget45@example.com	2024-07-11	NULL	Active	Associate - Internal Communications	Associate	15	54888.31	5	Non-Binary	African American	36
3353	Kristina	Castillo	christopher43@example.org	2021-12-03	NULL	Active	Associate - Quality Assurance	Associate	16	64582.14	4	Non-Binary	Two or More	25
3354	Hailey	Burgess	rlee@example.net	2023-07-27	NULL	Active	Supervisor/Lead - Marketing	Supervisor/Lead	7	87107.41	3	Non-Binary	Caucasian	53
3355	Matthew	Brown	wbrown@example.com	2023-08-01	NULL	Active	Associate - People Operations	Associate	4	57901.79	4	Other	African American	21
3356	  Stephanie	Johnson	hectorgriffin@example.com	2021-08-25	NULL	Active	Associate - Sales	Associate	8	74087.04	4	Female	Asian	50
3357	Michelle	Bowman	nrice@example.net	2021-10-09	NULL	Active	Associate - Facilities	Associate	13	61677.13	5	Female	Two or More	43
3358	Jasmine	Anderson	obaldwin@example.net	2025-06-02	NULL	Active	Associate - IT Support	Associate	10	47709.55	1	Female	Asian	21
535	Jennifer	Dean	christopher22@example.org	2023-05-22	NULL	Active	Associate - Finance	Associate	5	51519.02	5	Other	Asian	48
3359	Jason	Dunlap	yodermichaela@example.net	2025-10-10	NULL	Active	Associate - Marketing	Associate	7	62821.96	2	Other	Caucasian	40
3360	 Nicholas	Campbell	james10@example.com	2023-06-22	2024-12-16	Terminated	Associate - Sales	Associate	8	71459.5	4	Non-Binary	Two or More	40
3361	Kaitlyn	Stevenson	yperry@example.org	2022-05-26	NULL	Active	Associate - Security	Associate	11	56681.1	4	Other	Caucasian	42
3362	Holly	Davis	twhite@example.org	2023-01-17	NULL	Active	Associate - Customer Success	Associate	9	53255.21	4	Other	Asian	51
3363	Frank	King	sarahhenson@example.org	2026-06-29	NULL	Active	Associate - Sales	Associate	8	64280.7	3	Non-Binary	African American	29
3364	Christopher	Hill	gonzaleztheresa@example.net	2026-06-04	NULL	Active	Associate - Facilities	Associate	13	50046.35	3	Other	Caucasian	21
3365	Amy	Curry	deannastone@example.org	2025-09-11	NULL	Active	Associate - Marketing	Associate	7	44855.59	5	Female	African American	61
3366	Lisa	Wells	timothy22@example.com	2025-06-05	NULL	Active	Associate - Finance	Associate	5	64621.55	3	Other	Hispanic	21
3367	Denise	York	qosborne@example.net	2022-05-07	NULL	Active	Associate - Quality Assurance	Associate	16	65904.51	5	Female	Caucasian	49
3368	Jerry	Fisher	harrisonbrendan@example.net	2022-04-22	NULL	Active	Associate - Corporate Strategy	Associate	14	53237.97	4	Other	Asian	21
3369	Ricky	Long	nicole30@example.com	2023-07-01	NULL	Active	Associate - IT Support	Associate	10	69641.79	4	Non-Binary	African American	21
3370	Kathleen	Wright	hawkinsemily@example.com	2021-12-26	NULL	Active	Associate - Corporate Strategy	Associate	14	40121.07	3	Non-Binary	Asian	21
3371	Gina	Mccann	sonya56@example.org	2023-06-26	NULL	Active	Supervisor/Lead - IT Support	Supervisor/Lead	10	81577.77	4	NULL	NULL	49
3372	Jose	Gamble	lcarr@example.org	2026-03-12	NULL	Active	Associate - Product	Associate	2	41504.22	4	Male	African American	40
3373	Robert	Gilbert	barryaudrey@example.com	2024-01-12	NULL	Active	Associate - Marketing	Associate	7	50041.88	4	Male	Two or More	42
3374	Keith	Goodman	qwatson@example.org	2024-03-07	NULL	Active	Associate - Finance	Associate	5	50808.46	3	Other	Hispanic	37
3375	Dennis  	Tanner	williamsnancy@example.net	2024-06-07	NULL	Active	Associate - Supply Chain	Associate	12	53269.9	2	Male	Asian	39
3376	Jose	Miller	davisashley@example.org	2023-03-15	NULL	Active	Associate - People Operations	Associate	4	NULL	2	Non-Binary	Asian	53
3377	Ryan	Garcia	victoria81@example.org	2026-07-09	NULL	Active	Associate - Facilities	Associate	13	50520.78	3	NULL	Hispanic	28
3378	Jennifer	Smith	zporter@example.org	2025-03-29	NULL	Active	Associate - Facilities	Associate	13	41342.31	3	Other	African American	37
3379	Marcus	Brown 	jennifer89@example.net	2023-04-24	NULL	Active	Associate - Internal Communications	Associate	15	44216.35	2	Non-Binary	Asian	33
3380	Monica	Morris	hernandeznicole@example.com	2024-12-11	NULL	Active	Associate - Sales	Associate	8	43353.82	4	Other	Hispanic	44
3381	Renee	Goodman	oconnellamanda@example.com	2024-05-11	NULL	Active	Associate - Marketing	Associate	7	71152.91	5	Other	African American	30
3382	Grace	Hopkins	john832@example.com	2026-01-16	NULL	Active	Associate - Internal Communications	Associate	15	70860.39	3	Female	Asian	52
3383	Robert	Haynes	rodriguezchristopher@example.org	2023-11-25	NULL	Active	Supervisor/Lead - Data Science	Supervisor/Lead	3	88361.54	2	Non-Binary	Caucasian	31
3384	Dawn	Rose	zacharystewart@example.org	2024-08-08	NULL	Active	Associate - People Operations	Associate	4	40663.83	2	Female	Two or More	31
3385	Jeanne	Dixon	gregory84@example.net	2024-09-21	NULL	Active	Associate - Facilities	Associate	13	44008.92	4	Female	Asian	58
3386	Melinda	Adams	ibarraamanda@example.org	2024-02-26	NULL	Active	Supervisor/Lead - Facilities	Supervisor/Lead	13	68409.52	5	Female	Hispanic	60
3387	Gail	Walker	wagnerdebbie@example.org	2023-05-21	2023-12-23	Terminated	Associate - Legal	Associate	6	57421.92	4	Female	Two or More	23
3388	David	Atkinson	ooconnell@example.com	2023-02-04	NULL	Terminated	Associate - Data Science	Associate	3	69555.15	3	Non-Binary	Asian	42
3389	William	Torres	clarkalyssa@example.net	2022-02-18	NULL	Active	Associate - Engineering	Associate	1	54161.57	4	NULL	Hispanic	24
3390	Christopher	Foster	bduffy@example.com	2021-12-15	NULL	Active	Associate - Sales	Associate	8	42230.28	2	Male	Caucasian	42
3391	Jeffrey	Brown	barrerajames@example.net	2026-02-10	NULL	Active	Associate - Product	Associate	2	55149.08	3	Other	African American	42
3392	Stephanie	Gonzalez	wallaceeric@example.net	11/13/2023	NULL	Active	Supervisor/Lead - Finance	Supervisor/Lead	5	76940.52	1	Female	Two or More	41
3393	Paul	Thompson	chill@example.net	2025-10-23	NULL	Active	Associate - Sales	Associate	8	53567.38	5	Male	African American	43
3394	Chelsea	Summers	jesse14@example.net	2023-09-23	NULL	Active	Associate - Corporate Strategy	Associate	14	42020.34	3	Female	Asian	35
3395	Cindy	Payne	bward@example.org	2024-10-09	NULL	Active	Associate - Sales	Associate	8	53129.48	2	Other	Asian	37
3396	Danielle	Neal	cheryl11@example.com	2026-01-14	NULL	Active	Associate - Internal Communications	Associate	15	54912.96	3	Other	Hispanic	35
3397	Christine	Robinson	ronaldwarner@example.com	2025-04-06	NULL	Active	Associate - Product	Associate	2	63323.58	3	Female	Two or More	34
3398	Jamie	West	jeffkelly@example.org	2025-04-13	2025-09-25	Terminated	Associate - Data Science	Associate	3	40766.51	3	Female	Two or More	51
3399	Mary	Smith	shane01@example.org	2024-04-06	NULL	Active	Associate - Product	Associate	2	42162.14	3	Other	African American	39
3400	Steven	Russell	douglasjones@example.net	2022-08-28	NULL	Active	Associate - Legal	Associate	6	60723.8	3	Male	Asian	36
3401	John	Perez	strongdean@example.com	2023-10-26	NULL	Active	Associate - Sales	Associate	8	40325.62	2	Male	Caucasian	42
3402	Charles	Ramirez	yalvarez@example.net	2026-01-17	NULL	Active	Assistant Manager - IT Support	Assistant Manager	10	91716.71	4	Non-Binary	Two or More	40
3403	Denise	Lopez	kaitlyndaugherty@example.com	2022-06-09	NULL	Active	Associate - Internal Communications	Associate	15	42136.42	3	Non-Binary	Two or More	29
3404	Andre	Kane	jennifermurphy@example.net	2026-03-24	NULL	Active	Associate - Sales	Associate	8	46394.05	4	Male	Asian	56
3405	Kenneth	Haney	zfleming@example.com	2024-08-28	NULL	Active	Associate - Product	Associate	2	65705.77	3	Male	NULL	29
3406	Heidi	Villarreal	mary19@example.com	2025-06-28	NULL	Active	Manager - People Operations	Manager	4	110573.01	4	Female	African American	43
3407	Matthew	Andrews	daniel97@example.org	2021-09-08	NULL	Active	Associate - IT Support	Associate	10	73872.05	3	Other	Caucasian	45
3408	Timothy	Johnson	daniel20@example.net	2024-08-24	NULL	Active	Associate - Data Science	Associate	3	58239.22	3	Other	African American	35
3409	Robert	Garcia	williamsonjohn@example.org	2024-03-07	NULL	Active	Associate - Internal Communications	Associate	15	57527.46	5	Other	Asian	35
3410	Lisa	Fry	jessicabarker@example.org	2023-08-17	2023-11-06	Terminated	Associate - Security	Associate	11	55364.07	4	Non-Binary	Hispanic	37
3411	Erin	Lynch	fowlergail@example.com	2026-06-01	NULL	Active	Supervisor/Lead - Marketing	Supervisor/Lead	7	60752.07	3	Female	African American	55
3412	Rhonda	Barker	ijohnson2@example.org	2023-05-10	NULL	Active	Supervisor/Lead - Internal Communications	Supervisor/Lead	15	67824.97	3	Other	African American	43
3413	Heather	Hoffman	alyssalewis@example.org	2024-05-31	NULL	Active	Associate - Marketing	Associate	7	57108.45	3	Non-Binary	Hispanic	49
3414	Linda	Clark	murraystacy@example.net	2024-03-26	2026-02-24	Terminated	Associate - Supply Chain	Associate	12	50065.5	1	Female	Asian	NULL
3415	 Andrea 	Erickson	weisstara@example.net	2023-06-11	NULL	Active	Manager - Legal	Manager	6	70353.2	3	Other	Two or More	44
3416	Alexander	Cunningham	jenniferbean@example.net	2022-11-25	2024-07-04	Terminated	Associate - Quality Assurance	Associate	16	57015.51	3	Male	Two or More	34
3417	Robert	Ballard	hurleymichele@example.org	2025-10-31	NULL	Active	Associate - Facilities	Associate	13	61408.72	4	Male	Two or More	54
3418	Joanna	Gay	stephanie16@example.net	2025-05-10	NULL	Active	Associate - IT Support	Associate	10	61008.02	4	Non-Binary	Caucasian	38
3419	Caleb	Murphy	wilsonmary@example.net	2023-04-19	NULL	Active	Associate - Sales	Associate	8	71351.66	3	Male	Hispanic	57
3420	Lisa	Boyd	elizabeth37@example.com	2022-04-05	NULL	Active	Supervisor/Lead - Engineering	Supervisor/Lead	1	80522.84	2	Female	Hispanic	45
3421	George	Harrell	jjennings@example.com	2025-02-26	NULL	Active	Supervisor/Lead - Internal Communications	Supervisor/Lead	15	55841.8	3	Non-Binary	African American	45
3422	Jose	Carr	carolrobinson@example.net	2025-02-02	NULL	Active	Associate - Quality Assurance	Associate	16	NULL	1	Male	Asian	43
3423	Jennifer	Jones	cooperlaura@example.org	2025-08-18	2025-10-13	Terminated	Assistant Manager - Finance	Assistant Manager	5	70632.28	2	Other	Two or More	26
3424	Megan	Mitchell	mrios@example.org	2026-07-16	NULL	Active	Associate - Marketing	Associate	7	62117.49	2	Female	Asian	42
3425	Kelly	  Jordan	lovejoseph@example.net	2023-10-03	NULL	Active	Associate - Facilities	Associate	13	50869.06	3	Other	Asian	44
3426	Kristin	Russell	kdunn@example.org	2023-05-10	NULL	Active	Associate - Security	Associate	11	69034.72	4	Female	Hispanic	29
3427	John	Francis	kcampos@example.org	2024-06-04	2026-03-04	Terminated	Associate - Legal	Associate	6	59033.54	5	Other	African American	33
3428	David	Mendez	uleach@example.net	2024-07-25	NULL	Active	Associate - Supply Chain	Associate	12	48113.09	4	Male	African American	44
3429	Jill	Castaneda	kwilson2@example.com	2024-12-28	NULL	Active	Supervisor/Lead - Supply Chain	Supervisor/Lead	12	76152.57	5	Non-Binary	Caucasian	56
3430	Jeffrey	Bennett	georgecarroll@example.org	2024-07-13	NULL	Active	Associate - Marketing	Associate	7	62479.56	5	Other	Asian	39
3431	Max	Snyder	tflores@example.com	2023-07-03	NULL	Active	Associate - Finance	Associate	5	73341.07	3	Male	Caucasian	47
3432	Shelley	Holloway	gregkelly@example.org	2022-09-30	NULL	Active	Associate - Finance	Associate	5	47377.33	NULL	Other	African American	32
3433	Andrew	Cox	cibarra@example.org	2025-12-10	NULL	Active	Supervisor/Lead - Marketing	Supervisor/Lead	7	70459.16	2	Male	Asian	37
3434	Jasmin	Bowman	john023@example.net	2024-03-03	NULL	Active	Associate - Marketing	Associate	7	43435.16	4	Female	Caucasian	28
3435	Gabrielle	Wagner	raymond91@example.org	2025-12-06	NULL	Active	Assistant Manager - Marketing	Assistant Manager	7	66038.83	3	Other	Hispanic	33
3436	Steve	Nelson	cwoodard@example.com	2022-04-03	2025-07-27	Terminated	Assistant Manager - Internal Communications	Assistant Manager	15	70183.87	2	Male	African American	35
3437	Anna	Hill	thomasapril2@example.com	2021-11-23	NULL	Active	Associate - Facilities	Associate	13	53699.56	2	Female	Two or More	45
3438	Sara	Tran	chaneybrian@example.com	2022-03-03	NULL	Active	Associate - Legal	Associate	6	61130.52	3	Non-Binary	Hispanic	43
3439	Heather	Taylor	qlopez@example.org	2025-03-24	NULL	Active	Associate - Quality Assurance	Associate	16	49835.47	4	Female	Asian	37
3440	Christopher	Adams	williamsjacob@example.org	2023-11-15	NULL	Active	Supervisor/Lead - Facilities	Supervisor/Lead	13	85374.94	1	Male	African American	21
3441	Lawrence	Campbell	sheppardhannah@example.net	2021-07-14	2026-05-07	Terminated	Associate - Product	Associate	2	74985.93	4	Male	Asian	45
3442	Rebecca	Cox	stephanielawson@example.org	2024-09-23	NULL	Active	Associate - IT Support	Associate	10	67862.27	3	Female	Caucasian	22
3443	Mary	Hunt	fwarren@example.net	2023-12-19	NULL	Active	Associate - Quality Assurance	Associate	16	74268.66	3	Female	Asian	34
3444	Marisa	Brooks	robertskathleen@example.com	2025-04-04	2025-12-12	Terminated	Associate - Customer Success	Associate	9	58316.12	2	Female	Two or More	42
3445	Ann	Conway	michelle10@example.net	2023-05-02	NULL	Active	Associate - Finance	Associate	5	50528.25	3	Female	African American	29
3446	Paula	Mitchell	charlesfoley@example.net	2023-05-04	NULL	Active	Associate - Engineering	Associate	1	42451.6	3	Female	Hispanic	29
3447	Mark	Maddox	johnyoung@example.com	2024-04-04	NULL	Active	Supervisor/Lead - Internal Communications	Supervisor/Lead	15	82095.29	2	Non-Binary	Hispanic	44
3448	Katherine	Harvey	owilliams@example.org	08/29/2022	NULL	Active	Supervisor/Lead - Sales	Supervisor/Lead	8	NULL	4	Female	Hispanic	35
3449	John	Anderson	lesterdaniel@example.net	2022-05-15	NULL	Active	Associate - IT Support	Associate	10	72836.31	3	Other	Two or More	22
3450	Joseph	Richards	kfisher@example.com	2025-08-29	NULL	Active	Associate - Data Science	Associate	3	57187.59	3	Male	Asian	55
3451	Deanna	Horton	lacey48@example.net	2025-12-15	NULL	Active	Supervisor/Lead - Security	Supervisor/Lead	11	89712.09	4	Other	Asian	40
3452	Karen	Parrish	XMERCER@EXAMPLE.COM	2023-11-01	2026-02-04	Terminated	Associate - Quality Assurance	Associate	16	72685.02	3	Other	NULL	23
3453	Danielle	lowery	deborah30@example.com	2026-04-29	NULL	Active	Associate - Corporate Strategy	Associate	14	44779.91	3	Female	African American	36
3454	Scott	Cole	edwardsjennifer@example.com	2024-05-19	NULL	Active	Associate - Engineering	Associate	1	45723.42	4	Non-Binary	African American	38
3455	James	Diaz	albertjennings@example.com	2022-08-20	2024-02-29	Terminated	Associate - Legal	Associate	6	73070.2	3	Non-Binary	African American	25
3456	Anna	Garcia	littlecatherine@example.com	2022-12-30	NULL	Active	Associate - Customer Success	Associate	9	73900.47	4	Female	Asian	58
3457	Allison	Lopez	gracegraham@example.net	2025-07-02	NULL	Active	Supervisor/Lead - Product	Supervisor/Lead	2	72674.87	3	Non-Binary	Asian	29
3458	Molly	Guerrero	samanthawilliams@example.org	2021-09-06	NULL	Active	Associate - Corporate Strategy	Associate	14	70915.57	4	Non-Binary	Hispanic	35
3459	Maria	Richardson	shawnwalker@example.net	2023-09-08	NULL	Active	Associate - Security	Associate	11	57721.39	4	Non-Binary	Hispanic	36
3460	Mary	Harrison	mercadomichelle@example.com	2024-02-20	NULL	Active	Associate - Facilities	Associate	13	50690.86	1	Female	Asian	26
3461	Benjamin	Jackson	brooke10@example.org	2022-01-11	NULL	Active	Domain Director - People Operations	Domain Director	4	147153.35	2	Male	Asian	41
3462	Ryan	Elliott	jparsons@example.com	2022-03-14	NULL	Active	Associate - Quality Assurance	Associate	16	41171.48	5	Male	Caucasian	36
3463	Kathleen	Costa	smithwayne@example.net	2021-09-23	NULL	Active	Associate - People Operations	Associate	4	71286.66	3	Female	Two or More	30
3464	Rita	White	brittany22@example.net	2024-10-17	NULL	Active	Associate - Legal	Associate	6	55213.68	2	Female	African American	48
3465	Jennifer	Huffman	tdunn@example.org	2026-07-15	NULL	Active	Associate - Internal Communications	Associate	15	64866.56	2	Other	Two or More	39
3466	Dana	Scott	mcphersonsamantha@example.net	2023-12-04	NULL	Active	Associate - Engineering	Associate	1	53064.9	2	Non-Binary	Hispanic	24
3467	Nathaniel	Torres	sheppardkathy@example.com	2024-06-20	2025-08-12	Terminated	Associate - Quality Assurance	Associate	16	45987.86	2	Other	Two or More	22
3468	Mary	Jones	christine38@example.com	2022-01-05	NULL	Active	Associate - Engineering	Associate	1	48621.09	5	Female	African American	38
3469	Mary	Henderson	jennifer622@example.net	2025-07-01	NULL	Active	Associate - Legal	Associate	6	67776.53	4	Non-Binary	Two or More	27
3470	Amber	Mack	johnsonashley@example.com	2023-10-16	NULL	Active	Associate - Internal Communications	Associate	15	74806.8	NULL	Female	Two or More	32
3471	Mark	Martinez	matthew93@example.com	2022-02-11	NULL	Active	Supervisor/Lead - Internal Communications	Supervisor/Lead	15	76639.73	4	Male	Caucasian	56
3472	Jessica	Booth	wsmith@example.net	2026-04-03	NULL	Active	Supervisor/Lead - Engineering	Supervisor/Lead	1	62156.39	4	Female	Caucasian	40
3473	Jason	Kelley	dakota46@example.net	2023-07-23	NULL	Active	Supervisor/Lead - Security	Supervisor/Lead	11	76837.96	4	Male	Asian	51
3474	Andrea	Porter	brownrachel@example.net	2023-08-06	NULL	Active	Associate - Finance	Associate	5	43482.77	3	Female	Caucasian	53
3475	Donna	Walker	michael57@example.net	2025-01-09	NULL	Active	Associate - Data Science	Associate	3	71947.75	2	Other	Hispanic	47
3476	Wendy	Reilly	ymacdonald@example.org	2024-04-14	NULL	Active	Associate - Product	Associate	2	55295.63	5	Female	African American	49
3477	Kenneth	Martinez	jeffreymoses@example.org	2023-12-29	NULL	Active	Associate - People Operations	Associate	4	52759.17	1	Other	African American	31
3478	Christian	Thompson	kenneth83@example.org	2024-11-09	NULL	Active	Assistant Manager - Data Science	Assistant Manager	3	73752.78	3	Male	Two or More	NULL
3479	Kristina	Young	erodriguez@example.net	2024-10-15	NULL	Active	Associate - Corporate Strategy	Associate	14	58760.62	5	Female	Two or More	29
3480	Jonathan	Brown	johnramsey@example.com	2022-07-02	NULL	Active	Domain Director - Product	Domain Director	2	139636.13	3	Male	Hispanic	30
3481	Marc	Collins	sarah37@example.com	2022-06-13	NULL	Active	Assistant Manager - Product	Assistant Manager	2	65418.11	5	Male	Caucasian	48
3482	Katie	Kane	kenneth47@example.net	2023-03-24	NULL	Active	Associate - Supply Chain	Associate	12	58953.7	3	Female	Hispanic	37
3483	Eduardo	Perkins	richardhughes@example.org	2025-01-06	NULL	Active	Supervisor/Lead - IT Support	Supervisor/Lead	10	66633.72	3	Male	Two or More	41
3484	Eric	Johnson	muellersusan@example.org	2021-11-12	NULL	Active	Associate - Customer Success	Associate	9	60632.55	4	Male	Caucasian	35
3485	Abigail	Thomas	benjamin86@example.net	2024-02-13	NULL	Active	Associate - Data Science	Associate	3	55920.06	3	Other	Asian	40
3486	Jennifer	Johnson	thomasmark@example.net	2022-06-18	NULL	Active	Associate - Product	Associate	2	68624.02	4	Female	Two or More	40
3487	Brian	Flores	garyballard@example.net	2024-08-20	2025-11-02	Terminated	Associate - Facilities	Associate	13	55801.51	2	Male	Asian	37
3488	Lisa	Dean	smithdorothy@example.org	2022-01-14	NULL	Active	Supervisor/Lead - Customer Success	Supervisor/Lead	9	85984.86	4	Other	Asian	27
3489	Jesse	Holden	carmenjackson@example.com	2023-08-20	NULL	Active	Associate - Product	Associate	2	40993.32	5	Male	Two or More	45
3490	Brian	Vega	mherrera@example.net	03/20/2024	NULL	Active	Associate - Marketing	Associate	7	45135.06	1	Non-Binary	African American	47
3491	Jessica	Stewart	gailwilliamson@example.org	2025-04-08	NULL	Active	Associate - Facilities	Associate	13	43302.97	3	Female	African American	49
3492	Jennifer	Morales	zacharyadams@example.com	2024-04-07	2025-10-29	Terminated	Associate - Supply Chain	Associate	12	51267.47	3	Female	African American	39
3493	Scott	Reynolds	hbowers@example.net	2025-07-07	NULL	Active	Associate - Customer Success	Associate	9	68984.57	4	Male	African American	21
3494	Brandon	Stuart	kellylaura@example.org	05/17/2024	NULL	Active	Associate - IT Support	Associate	10	45481.33	3	Male	Two or More	57
3495	Anthony	Neal	ublair@example.net	2022-05-07	NULL	Active	Associate - Internal Communications	Associate	15	53364.13	4	Male	Asian	36
3496	Melissa	Ashley	ealvarez@example.org	2025-06-03	NULL	Active	Associate - Sales	Associate	8	55719.75	3	Non-Binary	Caucasian	48
3497	Tammy	Shaw	melendezsherry@example.org	2025-08-31	NULL	Active	Supervisor/Lead - People Operations	Supervisor/Lead	4	74706.36	2	Non-Binary	Caucasian	26
3498	Stephen	Campbell	donalddougherty@example.com	2021-08-20	NULL	Active	Supervisor/Lead - Finance	Supervisor/Lead	5	57596.75	1	Male	Asian	38
934	Michael	Baker	langralph@example.com	2024-06-28	NULL	Active	Associate - People Operations	Associate	4	61966.65	3	Male	Asian	41
3499	Bryan	Peters	parkszachary@example.org	2027-07-21	NULL	Active	Associate - Data Science	Associate	3	71008.13	4	Male	Hispanic	39
3500	Whitney	Bird	wesleyanderson@example.org	2025-02-07	NULL	Active	Supervisor/Lead - Supply Chain	Supervisor/Lead	12	72326.81	4	Female	Two or More	54
3501	Jennifer	Watts	rtaylor@example.net	2025-06-11	2025-11-09	Terminated	Associate - Sales	Associate	8	48005.67	2	Non-Binary	Caucasian	34
3502	April	Wright	logan30@example.com	2023-11-06	NULL	Active	Supervisor/Lead - Internal Communications	Supervisor/Lead	15	82873.12	3	Other	Hispanic	25
3503	David	Peters	kylesmith@example.net	2022-03-31	NULL	Active	Associate - Data Science	Associate	3	70402.29	3	Male	African American	60
3504	Raymond	Jones	hwade@example.org	2021-10-21	NULL	Active	Associate - Sales	Associate	8	42358.61	3	Male	Two or More	57
3505	Patrick	Schaefer	ntaylor@example.com	2022-02-03	NULL	Active	Associate - Corporate Strategy	Associate	14	43024.05	1	Male	Hispanic	47
3506	Jessica	Wright	allison28@example.org	2025-07-13	NULL	Active	Associate - Facilities	Associate	13	45727.18	3	Female	Asian	45
3507	Joseph	Oconnor	erichards@example.net	2025-09-13	NULL	Active	Associate - Internal Communications	Associate	15	62608.11	4	Non-Binary	Two or More	25
3508	Jay	Simmons	laura18@example.net	2024-02-18	NULL	Active	Associate - Finance	Associate	5	71672.36	3	Non-Binary	African American	52
3509	Linda	Walter	brandonwebster@example.org	2023-05-01	NULL	Active	Associate - Facilities	Associate	13	54264.96	3	Female	Two or More	44
3510	Joseph	Hardy	justingarrett@example.net	2023-03-03	NULL	Active	Associate - Supply Chain	Associate	12	55281.74	4	Non-Binary	Caucasian	27
3511	George	Branch	dominique10@example.org	2022-05-27	NULL	Active	Supervisor/Lead - Customer Success	Supervisor/Lead	9	59302.28	5	Other	Caucasian	35
3512	Aaron	Blair	THOMASORTIZ@EXAMPLE.NET	05/17/2025	NULL	Active	Associate - Legal	Associate	6	55909.41	4	Male	African American	32
3513	Thomas	Deleon	woodskelsey@example.net	2024-06-22	2025-11-20	Terminated	Associate - Finance	Associate	5	71803.42	2	Male	African American	46
3514	Lindsay	Leonard	cconley@example.com	2024-03-05	NULL	Active	Associate - People Operations	Associate	4	47218.14	1	Other	Asian	34
3515	Joshua	Wright	molsen@example.org	2023-08-24	2023-11-30	Terminated	Associate - Sales	Associate	8	49321.39	3	Other	Asian	45
3516	William	Morgan	dianataylor@example.com	2025-01-05	NULL	Active	Associate - Corporate Strategy	Associate	14	54314.65	4	Male	Hispanic	41
3517	Lisa	Melton	cliffordgonzalez@example.com	2024-07-19	NULL	Active	Supervisor/Lead - Marketing	Supervisor/Lead	7	79660.79	4	Non-Binary	Asian	36
3518	Alexa	Dougherty	BRYANLEWIS@EXAMPLE.ORG	2025-11-20	2026-06-16	Terminated	Associate - Internal Communications	Associate	15	64445.58	2	Female	Hispanic	33
3519	Tracy	SCHAEFER	andersonjeffrey@example.net	2021-07-28	NULL	Active	Supervisor/Lead - Supply Chain	Supervisor/Lead	12	64362.92	3	Other	African American	42
3520	Karen	Knight	richardsonbrenda@example.org	2024-12-25	NULL	Active	Supervisor/Lead - Quality Assurance	Supervisor/Lead	16	57725.74	1	NULL	Hispanic	40
3521	Janice	Gonzalez	bgutierrez@example.net	2024-09-05	NULL	Active	Supervisor/Lead - Sales	Supervisor/Lead	8	55667.23	5	Female	Asian	48
3522	Cathy	Bryant	rberger@example.net	2023-05-27	2025-08-15	Terminated	Associate - IT Support	Associate	10	71361.95	4	Non-Binary	Hispanic	38
3523	Victoria	Wiggins	rjones@example.net	2025-10-12	NULL	Active	Associate - Marketing	Associate	7	69822.15	NULL	Female	African American	48
3524	Jacqueline	Stanton	jesse43@example.org	2026-05-16	NULL	Active	Associate - Sales	Associate	8	71303.72	4	Non-Binary	Asian	29
3525	Melissa	Knox	parkeranna@example.com	2024-03-05	NULL	Active	Associate - Legal	Associate	6	45483.46	5	Female	Two or More	47
3081	David	Edwards	hpierce@example.net	2025-11-25	NULL	Active	Associate - Legal	Associate	6	65909.03	3	Other	Asian	34
3526	Debbie	Jones	regina71@example.com	2022-09-30	NULL	Active	Associate - Sales	Associate	8	62819.75	3	Female	Caucasian	44
3527	Christian	Rosario	jhensley@example.org	2026-06-08	NULL	Active	Associate - People Operations	Associate	4	62988.28	5	Non-Binary	Hispanic	54
3528	Andrea	Butler	annehayes@example.org	2023-08-09	NULL	Active	Associate - IT Support	Associate	10	55347.4	2	NULL	Asian	39
3529	Ian	Martinez	davidkennedy@example.com	2023-03-09	NULL	Active	Associate - Quality Assurance	Associate	16	65959.37	4	Male	Caucasian	25
3530	Jennifer	Patrick	jenniferperkins@example.com	2022-04-23	NULL	Active	Supervisor/Lead - Product	Supervisor/Lead	2	61271.68	3	Other	Caucasian	25
3531	Scott	Jones	hchavez@example.com	2026-03-14	NULL	Active	Associate - Engineering	Associate	1	70860.02	3	Non-Binary	Two or More	44
3532	Douglas	Bowen	peter24@example.com	2022-02-08	NULL	Active	Associate - Data Science	Associate	3	71148.73	1	Other	Hispanic	38
3533	Erin	Kelly	carlajordan@example.net	2023-09-25	2024-03-18	Terminated	Associate - Product	Associate	2	54974.22	4	Female	Asian	26
3534	Tammy	Palmer	madisondaniels@example.net	2024-12-31	NULL	Active	Associate - Corporate Strategy	Associate	14	67221.79	4	Other	African American	39
3535	Christopher	Smith	jenkinsjohn@example.org	2025-04-17	NULL	Active	Associate - Marketing	Associate	7	-56242.16	4	Male	Hispanic	35
3536	Teresa	THOMPSON	michaelrogers@example.org	2022-12-05	NULL	Active	Manager - Quality Assurance	Manager	16	72738.26	3	Non-Binary	Hispanic	34
3537	Stephanie	Wilson	clarkshawn@example.com	2024-02-28	NULL	Active	Associate - People Operations	Associate	4	69460.62	3	Non-Binary	African American	31
3538	Jasmine	Bush	rshannon@example.net	2026-04-06	NULL	Active	Associate - Facilities	Associate	13	64171.35	4	Non-Binary	Caucasian	52
3539	Bryan	Howard	kyle79@example.com	2021-11-02	NULL	Active	Associate - Finance	Associate	5	70721.0	5	Male	Hispanic	55
3540	Meghan	Moore	ryanlivingston@example.com	2023-05-15	NULL	Active	Associate - Facilities	Associate	13	63960.33	4	Other	Two or More	43
3541	Matthew	Castillo	nicolesmith@example.org	2025-08-11	NULL	Active	Associate - Quality Assurance	Associate	16	58585.68	3	Male	African American	51
3542	Sandra	Fry	williamssheila@example.com	2024-01-19	NULL	Active	Associate - People Operations	Associate	4	68578.72	4	Non-Binary	Asian	39
3543	Samuel	Mora	williamgarcia@example.org	2022-03-02	NULL	Active	Associate - Corporate Strategy	Associate	14	74646.9	3	Non-Binary	Asian	38
3544	Vanessa	Pierce	erin40@example.net	2023-06-20	NULL	Active	Supervisor/Lead - Quality Assurance	Supervisor/Lead	16	89366.2	3	Female	African American	49
3545	Craig	Gonzalez	fjennings@example.org	2024-09-29	NULL	Active	Associate - Supply Chain	Associate	12	55562.74	3	Other	Hispanic	30
3546	Rodney	Castro	sheila99@example.net	2024-09-26	NULL	Active	Supervisor/Lead - Marketing	Supervisor/Lead	7	69124.15	2	Male	Two or More	49
3547	Joshua	Lee	lucascynthia@example.com	2024-03-22	2026-04-04	Terminated	Associate - Legal	Associate	6	64081.09	3	Other	Asian	41
3548	Maria	Coffey	lindseyandrea@example.com	2021-10-25	NULL	Active	Executive Director - Sales	Executive Director	8	215457.84	3	Female	Caucasian	44
3549	Ryan	Robles	samantharose@example.org	2025-11-07	2026-04-18	Terminated	Associate - Sales	Associate	8	42012.67	2	Male	African American	41
3550	Jeffery	Ruiz	brendataylor@example.com	2022-02-27	NULL	Active	Associate - Marketing	Associate	7	58998.62	5	Non-Binary	Two or More	42
3551	Terry	Martin	james53@example.com	2024-06-01	NULL	Active	Supervisor/Lead - Quality Assurance	Supervisor/Lead	16	71959.16	2	Male	Caucasian	27
3552	Ashley	Wang	walterslauren@example.com	2025-10-13	NULL	Active	Associate - IT Support	Associate	10	61599.1	3	Female	Asian	46
3553	Ronald	Price	douglaslee@example.net	2024-05-11	NULL	Active	Associate - Internal Communications	Associate	15	60028.11	3	Male	Two or More	46
3554	Jennifer	Cooper	samuelthomas@example.net	2021-07-30	NULL	Active	Associate - Finance	Associate	5	66815.28	3	Other	Hispanic	39
3555	Rhonda	Myers	owise@example.net	2022-07-10	NULL	Active	Associate - People Operations	Associate	4	65276.96	4	Female	NULL	41
3556	Michelle	Mathis	christopher27@example.org	2022-02-28	NULL	Active	Supervisor/Lead - Engineering	Supervisor/Lead	1	74249.99	5	Female	Two or More	39
3557	Kimberly	Strong	matthewnewman@example.net	2025-04-23	NULL	Active	Associate - People Operations	Associate	4	45755.11	4	Other	Hispanic	45
3558	Troy	Gamble	leebilly@example.org	2023-03-17	NULL	Active	Associate - Internal Communications	Associate	15	64712.38	4	Other	Two or More	39
3559	Kevin	Simpson	katherine52@example.com	2026-04-01	NULL	Active	Associate - Finance	Associate	5	50157.29	3	Male	Asian	28
3560	Rita	Williams	kevinjoseph@example.com	2021-07-04	NULL	Active	Associate - Engineering	Associate	1	50606.79	3	Other	Hispanic	37
3561	Michael	Barton	john94@example.net	2026-01-28	NULL	Active	Supervisor/Lead - Security	Supervisor/Lead	11	81135.29	2	Male	Hispanic	29
3562	Claudia	Jackson	jorge91@example.org	2024-08-30	NULL	Active	Associate - Engineering	Associate	1	50796.78	3	Non-Binary	Caucasian	21
3563	Matthew	Erickson	anita07@example.com	2021-08-04	NULL	Active	Supervisor/Lead - Facilities	Supervisor/Lead	13	74113.83	3	Other	NULL	23
3564	Andrea	Powell	oscarsmith@example.com	2023-04-14	2023-07-16	Terminated	Associate - Legal	Associate	6	62269.35	3	Female	African American	33
3565	 Vincent	Cunningham	brittany48@example.net	2026-01-12	NULL	Active	Associate - Product	Associate	2	49771.96	3	Non-Binary	Hispanic	36
3566	Gregory	Galvan	richardharris@example.org	2022-09-02	NULL	Active	Associate - Legal	Associate	6	53074.55	3	Male	Hispanic	21
3567	 Rebecca	Lewis	rrollins@example.net	2025-08-02	NULL	Active	Associate - Supply Chain	Associate	12	44473.18	5	Female	Asian	32
3568	Rachel	Roberts	seanturner@example.org	2022-07-20	NULL	Active	Associate - Security	Associate	11	72184.46	2	Female	African American	32
3569	Robert	Evans	ujohnson@example.com	2022-08-29	NULL	Active	Associate - Customer Success	Associate	9	64459.07	3	Non-Binary	African American	40
3570	Nicole	Gallagher	natalie56@example.org	2021-10-19	NULL	Active	Associate - Corporate Strategy	Associate	14	69571.0	5	Female	Caucasian	46
3571	Alexander	Perez	joshuacunningham@example.com	2025-05-16	NULL	Active	Associate - Sales	Associate	8	60000.74	3	Male	African American	45
3572	Kimberly	Diaz	georgeeric@example.net	2022-01-04	NULL	Active	Associate - People Operations	Associate	4	69860.93	3	Female	Two or More	27
3573	Darius	Garcia	rrose@example.com	2024-02-25	NULL	Active	Associate - Customer Success	Associate	9	51925.71	3	Male	Two or More	64
3574	Tina	Fry	roger32@example.org	2026-02-25	NULL	Active	Executive Director - Legal	Executive Director	6	190576.19	NULL	Non-Binary	Asian	34
3575	Tyler	Gibbs	qryan@example.com	2025-03-17	NULL	Active	Associate - Corporate Strategy	Associate	14	70780.43	4	Other	Asian	21
3576	Tammy	Weaver	holdertaylor@example.net	2025-01-30	NULL	Active	Manager - Sales	Manager	8	108177.21	3	Non-Binary	African American	36
3577	Juan	Bryant	blarson@example.net	2021-12-11	NULL	Active	Associate - Facilities	Associate	13	60338.59	2	Male	African American	52
3578	Angel	Evans	greendonald@example.net	2025-10-21	NULL	Active	Associate - Supply Chain	Associate	12	58729.45	1	Female	Hispanic	21
3579	Johnathan	George	calhouneric@example.com	2025-07-08	2025-08-12	Terminated	Supervisor/Lead - IT Support	Supervisor/Lead	10	69427.9	4	Non-Binary	African American	NULL
3580	Paula	Williams	jameshart@example.org	2024-11-07	NULL	Active	Supervisor/Lead - Finance	Supervisor/Lead	5	81458.54	3	Female	Asian	35
3581	Madison	Butler	edward58@example.net	2025-01-15	NULL	Active	Associate - Marketing	Associate	7	53713.55	5	Other	Caucasian	50
3582	Eric	Jones	bcline@example.org	2024-07-30	NULL	Active	Associate - Facilities	Associate	13	40966.5	NULL	Non-Binary	African American	47
3583	Makayla	Harris  	laura07@example.net	2021-10-21	NULL	Active	Assistant Manager - Quality Assurance	Assistant Manager	16	79049.98	3	Female	African American	49
3584	Nicole	Roberts	dorothymurphy@example.net	2023-08-03	NULL	Active	Associate - Internal Communications	Associate	15	61207.87	5	Other	Caucasian	47
3585	Joshua	Zavala	bondjake@example.net	2026-07-20	NULL	Active	Associate - Facilities	Associate	13	47206.6	3	Male	African American	44
3586	Walter	Jimenez	gutierrezjaime@example.com	2022-08-10	2024-07-10	Terminated	Associate - Customer Success	Associate	9	72039.02	4	Male	African American	40
3587	George	Hahn	tallen@example.com	2021-11-29	NULL	Active	Associate - Marketing	Associate	7	46378.0	1	Non-Binary	Hispanic	42
3588	William	Chambers	thomasstevens@example.net	2025-02-17	2026-04-27	Terminated	Associate - Product	Associate	2	69373.52	5	Non-Binary	African American	NULL
3589	Tara	Salazar	kellymatthew@example.com	2026-05-10	NULL	Active	Associate - Finance	Associate	5	69907.63	4	Other	Two or More	44
3590	Edward	Walker	calhounmarie@example.com	06/05/2025	NULL	Active	Associate - Sales	Associate	8	40274.81	3	Other	Caucasian	21
3591	James	Curry	mccarthybeth@example.com	2022-03-14	NULL	Active	ASSOCIATE - PRODUCT	Associate	2	56889.03	3	Male	African American	42
3592	Jeremy	Miller	ccabrera@example.org	2024-11-01	NULL	Active	Associate - Sales	Associate	8	60553.0	2	Male	African American	24
3593	Marie	Shaw	robertclark@example.com	2023-05-16	NULL	Active	Associate - IT Support	Associate	10	66057.91	5	Female	Asian	35
3594	Andrew	Bean	tanya41@example.com	2023-12-03	NULL	Active	Supervisor/Lead - People Operations	Supervisor/Lead	4	70215.79	2	NULL	Hispanic	21
3595	Gary	Townsend	claymichael@example.org	2023-08-13	NULL	Active	Associate - Marketing	Associate	7	68501.31	2	Male	Hispanic	50
3596	Deanna	Frazier	saramiles@example.com	2024-06-16	NULL	Active	Associate - Marketing	Associate	7	52120.55	5	Female	Caucasian	36
3597	Jennifer	Carpenter	jamie26@example.com	2024-01-05	NULL	Active	Supervisor/Lead - Corporate Strategy	Supervisor/Lead	14	85196.66	1	Female	Asian	36
3598	Ashley	Patrick	vkelly@example.com	2025-01-21	NULL	Active	Supervisor/Lead - Security	Supervisor/Lead	11	55448.89	4	Non-Binary	NULL	48
3599	Elizabeth	DODSON	bakerangela@example.net	2024-01-08	NULL	Active	domain director - engineering	Domain Director	1	124098.63	3	Non-Binary	Hispanic	48
3600	Kathleen	Howard	james26@example.com	2024-08-05	NULL	Active	Assistant Manager - Data Science	Assistant Manager	3	99287.25	3	Female	Two or More	52
3601	Anthony	Davis	luke12@example.com	2022-06-04	NULL	Active	Associate - IT Support	Associate	10	71920.8	4	Male	Asian	37
3602	Gabriel	Sexton	matthew46@example.org	2024-04-16	NULL	Active	Associate - Legal	Associate	6	69473.44	4	Male	Hispanic	50
3603	Heather	Carter	amoore2@example.net	2022-02-25	NULL	Active	Associate - Customer Success	Associate	9	52114.13	3	Female	African American	38
3604	Donald	Chavez	dpalmer@example.net	2021-11-15	NULL	Active	Associate - Security	Associate	11	72845.72	4	Male	African American	36
3605	Jennifer	Davis	johnsontara@example.com	2025-10-31	NULL	Active	Associate - Security	Associate	11	46574.56	3	Non-Binary	Asian	30
3606	Joshua	Curry	bellcollin@example.org	2022-04-13	NULL	Active	Associate - People Operations	Associate	4	62587.22	4	Male	Hispanic	28
3607	 Christopher 	Finley	christinesavage@example.net	04/11/2022	NULL	Active	Associate - Engineering	Associate	1	50196.35	3	Other	Hispanic	47
3608	Elizabeth	Smith	peverett@example.com	2026-04-26	2026-06-23	Terminated	Associate - Engineering	Associate	1	50377.19	NULL	Female	Asian	53
3609	Danielle	Cain	tiffanybaldwin@example.org	2023-05-22	NULL	Active	Associate - Sales	Associate	8	43707.08	3	Non-Binary	Two or More	47
3610	Robert	Mills	jameslove@example.com	2024-01-25	NULL	Active	Associate - Quality Assurance	Associate	16	52737.1	3	Non-Binary	Hispanic	46
3611	Rebecca	Peters	matthewsanchez@example.com	2025-07-21	NULL	Active	Associate - People Operations	Associate	4	72014.61	4	Female	Hispanic	36
3612	Robin	Long	whiterichard@example.org	2023-02-16	NULL	Active	Supervisor/Lead - Data Science	Supervisor/Lead	3	65797.64	4	Female	African American	59
3613	Casey	Best	elizabeth29@example.com	2023-09-26	2026-03-10	Terminated	Associate - Facilities	Associate	13	60301.29	1	Male	Caucasian	34
3614	Amanda	Franklin	cameron29@example.com	2026-06-01	NULL	Active	Associate - Corporate Strategy	Associate	14	49688.69	3	Female	Caucasian	44
3615	Jonathan	Rodriguez	martinezjason@example.org	2022-07-25	NULL	Active	Associate - Engineering	Associate	1	72674.3	3	Male	Caucasian	31
3616	Sabrina	Henderson	vgrant@example.com	2022-08-31	NULL	Active	Associate - Quality Assurance	Associate	16	43483.05	3	Female	Caucasian	33
3617	Erika	Medina	kevin26@example.org	2025-12-02	NULL	Active	Associate - Data Science	Associate	3	43886.63	4	Non-Binary	African American	40
3618	Tina	Hatfield	bateslisa@example.org	2025-03-09	NULL	Active	Associate - IT Support	Associate	10	73255.02	4	Female	Hispanic	38
3619	Barbara	Olsen	james70@example.net	2023-08-11	NULL	Active	Associate - Corporate Strategy	Associate	14	53844.39	3	Other	Two or More	28
3620	Jasmine	Cox	leonarddiane@example.net	2022-01-21	NULL	Active	Supervisor/Lead - Engineering	Supervisor/Lead	1	69708.8	2	Other	Asian	34
3621	Sharon	Harmon	justin39@example.com	05/11/2024	NULL	Active	Supervisor/Lead - Corporate Strategy	Supervisor/Lead	14	77915.43	3	Female	Caucasian	30
3622	Jenny	Hughes	reneejohnson@example.com	2023-11-18	NULL	Active	Associate - IT Support	Associate	10	44501.49	4	Female	Hispanic	45
3623	Brian	Hutchinson	reginajenkins@example.com	2023-09-15	NULL	Active	Associate - Engineering	Associate	1	48761.79	5	Other	African American	31
3624	Michael	Ray	goodmanmichael@example.net	2025-08-08	NULL	Active	Associate - Internal Communications	Associate	15	65492.83	5	Non-Binary	African American	33
3625	Melanie	BROOKS	harveymichael@example.org	2023-02-01	NULL	Active	Associate - Corporate Strategy	Associate	14	72047.94	3	Female	Caucasian	47
3626	Brian	Harris	kirbyjohn@example.net	2026-04-16	NULL	Active	Associate - IT Support	Associate	10	48240.11	4	Male	Two or More	40
3627	Hannah	Smith	thompsonsamantha@example.com	2026-07-31	NULL	Active	Associate - IT Support	Associate	10	69553.68	4	Other	Asian	39
3628	Margaret	Lewis	michael01@example.org	2025-05-11	NULL	Active	Associate - Supply Chain	Associate	12	72446.92	2	Female	Hispanic	21
3629	David	Watts	shane28@example.net	2026-07-10	NULL	Active	Associate - IT Support	Associate	10	50329.81	3	Other	Asian	53
3630	Sylvia	Reynolds	james56@example.org	2024-07-04	NULL	Active	Associate - Finance	Associate	5	65808.72	4	Female	Asian	42
3631	Geoffrey	Lucas	maria82@example.org	2023-02-22	NULL	Active	Associate - Corporate Strategy	Associate	14	70534.28	4	Other	Two or More	52
3632	Jacqueline	Johnston	gfernandez@example.org	2026-06-13	2026-07-16	Terminated	Associate - Security	Associate	11	62718.2	1	Female	Caucasian	39
3633	Paula	Smith	joannhall@example.org	2024-03-15	NULL	Active	Associate - Security	Associate	11	44033.24	3	Female	Asian	37
3634	Robert	Cunningham	pmoore@example.com	2023-03-15	NULL	Active	Associate - Corporate Strategy	Associate	14	44189.94	4	Non-Binary	African American	31
3635	Cheryl	Smith	michellemoran@example.net	2022-08-09	2022-11-26	Terminated	Associate - Marketing	Associate	7	65057.37	4	Other	Caucasian	47
3636	Bill	Fields	youngthomas@example.com	11/14/2023	NULL	Active	Associate - Internal Communications	Associate	15	68286.96	3	NULL	African American	33
3637	Kyle	Jones	bryantbrian@example.com	2026-07-04	NULL	Active	Supervisor/Lead - Product	Supervisor/Lead	2	58778.47	3	Non-Binary	Caucasian	56
3638	James	Salazar	bill52@example.org	2021-08-23	NULL	Active	Associate - Sales	Associate	8	67671.73	2	Male	Caucasian	43
3639	Brian	Haas	jason93@example.org	2023-03-18	NULL	Active	Associate - Sales	Associate	8	73699.74	2	Other	Asian	45
1133	Stephen	Mahoney	katherine94@example.net	02/01/2023	NULL	Active	Supervisor/Lead - Customer Success	Supervisor/Lead	9	80994.09	3	Male	Two or More	35
3640	Amber	White	nicholasgarcia@example.net	2023-05-25	NULL	Active	Associate - Marketing	Associate	7	49863.03	3	Female	Hispanic	40
3641	David	Smith	ocarter@example.org	2022-12-16	NULL	Active	Associate - Sales	Associate	8	54622.85	2	Non-Binary	African American	40
3642	Lauren	Stein	crawfordvincent@example.net	2023-07-08	NULL	Active	Associate - Finance	Associate	5	41072.26	3	Female	Hispanic	50
3643	Theresa	Gross	muellerjasmine@example.org	2024-09-16	NULL	Active	Associate - Corporate Strategy	Associate	14	63487.33	4	Non-Binary	Hispanic	34
3644	Andrew	Fleming	scottevans@example.net	2023-02-20	2025-03-09	Terminated	Associate - Supply Chain	Associate	12	58165.72	5	Non-Binary	Hispanic	30
3645	Ryan	Jones	esmith2@example.org	2024-08-09	NULL	Active	Associate - Internal Communications	Associate	15	65537.62	1	Male	Hispanic	46
3646	Donald	Jones	cjenkins@example.org	2025-05-22	NULL	Active	Supervisor/Lead - Customer Success	Supervisor/Lead	9	62140.22	2	Male	Hispanic	40
3647	Gary	Lawson	xwilliams@example.net	2022-11-14	NULL	Active	Associate - People Operations	Associate	4	49492.5	3	Other	Two or More	43
3648	Justin	Gray	shawnsmith@example.net	2024-11-05	NULL	Active	Manager - Product	Manager	2	94341.59	5	Male	African American	42
3649	Peter	Lloyd	clarkjennifer@example.com	2021-12-15	NULL	Active	Manager - Corporate Strategy	Manager	14	80217.95	2	Other	Caucasian	29
3650	Andrea	Morris	aaronsmith@example.net	2023-04-09	NULL	Active	Associate - Sales	Associate	8	56212.42	3	Non-Binary	Caucasian	24
3651	Kevin	Johnson	william47@example.com	2021-12-16	NULL	Active	Associate - Supply Chain	Associate	12	51094.95	4	Male	Hispanic	42
3652	Michael	Cross	longbrandon@example.com	2022-07-28	NULL	Active	Associate - People Operations	Associate	4	70803.11	1	Male	African American	32
3653	Samantha	Osborne	owood@example.net	2023-11-09	NULL	Active	Supervisor/Lead - Engineering	Supervisor/Lead	1	82478.79	1	Non-Binary	Hispanic	35
3654	Marilyn	Petersen	ojackson@example.com	2026-07-29	NULL	Active	Associate - Quality Assurance	Associate	16	47107.42	5	Other	Caucasian	54
3655	Amy	Holmes	gprice@example.com	2022-10-03	NULL	Active	Supervisor/Lead - Security	Supervisor/Lead	11	65541.89	3	Female	Two or More	26
3656	Peter	Weaver	barry67@example.com	2022-04-01	NULL	Active	Assistant Manager - IT Support	Assistant Manager	10	76413.9	4	Male	Hispanic	37
3657	Natasha	Ross	sfranco@example.com	2023-12-12	NULL	Active	Associate - Finance	Associate	5	61986.45	3	Other	African American	35
3658	Michael	Rogers	rsanchez@example.org	2021-09-10	NULL	Active	Associate - Marketing	Associate	7	63880.73	4	Male	Caucasian	36
3659	Jacob	Cole	raymond82@example.com	2025-11-12	2026-08-04	Terminated	Associate - Supply Chain	Associate	12	44895.31	5	Male	Hispanic	48
3660	Garrett	Pena	paul29@example.com	2025-07-18	NULL	Active	Associate - Finance	Associate	5	53284.23	5	Other	Hispanic	29
3661	Jose	Odom	david29@example.org	2023-09-07	NULL	Active	Associate - Supply Chain	Associate	12	57162.89	4	Male	Two or More	39
3662	Dominique	Fletcher	lcastillo@example.org	2021-07-07	NULL	Active	Associate - IT Support	Associate	10	53404.51	3	Female	Hispanic	56
3663	Sheila	Crawford	alexsmith@example.net	2023-01-11	NULL	Active	Supervisor/Lead - Security	Supervisor/Lead	11	64397.31	4	Non-Binary	Two or More	37
3664	John	Day	stephen89@example.org	2023-05-18	NULL	Active	Assistant Manager - IT Support	Assistant Manager	10	78361.95	5	Non-Binary	Asian	38
3665	Christopher	Rose	mistyjensen@example.com	2021-10-11	NULL	Active	Associate - Sales	Associate	8	61301.53	3	Non-Binary	NULL	47
3666	Zachary	Glenn	annecohen@example.com	2025-02-17	NULL	Active	Supervisor/Lead - Sales	Supervisor/Lead	8	88218.46	1	Other	Asian	36
3667	Amy	Nelson	jason12@example.org	2023-03-04	2026-01-10	Terminated	Associate - Security	Associate	11	56833.45	4	Female	Asian	31
3668	Susan	Jackson	wolfaaron@example.com	2026-07-20	NULL	Active	Associate - Supply Chain	Associate	12	66639.98	4	Female	Asian	41
3669	Brenda	Hall	zyoung@example.org	2022-08-01	NULL	Active	Supervisor/Lead - Security	Supervisor/Lead	11	84394.71	3	Female	African American	27
3670	Ryan	Mathis	vincentpetty@example.org	12/30/2024	NULL	Active	Associate - Supply Chain	Associate	12	73182.23	4	Other	Caucasian	40
3671	Melissa	Rice	esmith@example.net	2023-06-18	NULL	Active	Supervisor/Lead - Finance	Supervisor/Lead	5	89027.99	4	Other	Caucasian	40
3672	Laura	Smith	karinavalencia@example.org	2024-08-25	NULL	Active	Supervisor/Lead - Supply Chain	Supervisor/Lead	12	88382.54	2	NULL	Asian	33
3673	David	Lewis	anthony88@example.com	2023-02-08	2024-04-03	Terminated	Associate - People Operations	Associate	4	58980.91	3	Non-Binary	Caucasian	52
3674	Scott	Jensen	phyllisjackson@example.net	2024-06-27	2025-03-11	Terminated	Associate - Customer Success	Associate	9	46154.77	3	Male	Asian	27
3675	Michael	  Gomez  	jonathanwhite@example.com	2022-02-19	NULL	Active	Associate - Facilities	Associate	13	74373.81	4	Non-Binary	Hispanic	38
3676	Lance	Sanchez	ramseytravis@example.org	2022-04-08	NULL	Active	Associate - People Operations	Associate	4	46747.18	1	Male	African American	34
3677	Maria	Erickson	matthew04@example.org	2021-09-29	NULL	Active	Associate - Sales	Associate	8	64422.66	4	Female	Two or More	54
3678	Richard	Garcia	sarahking@example.com	2025-09-18	NULL	Active	Associate - Sales	Associate	8	52215.52	4	Other	Asian	34
3679	Angela	Anderson	xflowers@example.org	2022-05-17	NULL	Active	Supervisor/Lead - Data Science	Supervisor/Lead	3	89341.49	3	Female	Caucasian	41
3680	Raymond	Brown	kayla55@example.net	2025-07-02	NULL	Active	Associate - Quality Assurance	Associate	16	53415.26	2	Other	Two or More	32
3681	Daniel	Mccoy	michael17@example.org	2023-02-14	NULL	Active	Associate - IT Support	Associate	10	41973.2	2	Male	Asian	32
3682	David	Nunez	jcastillo@example.net	2025-03-04	NULL	Active	Associate - Product	Associate	2	65368.96	2	Other	Two or More	56
3683	Tracy	Wright	cynthia61@example.org	2024-02-23	NULL	Active	Associate - Supply Chain	Associate	12	44891.31	3	Female	Hispanic	43
3684	Rose	White	mparsons@example.net	2022-10-07	NULL	Active	Associate - Customer Success	Associate	9	57389.57	3	NULL	Asian	43
3685	Bryan	Hernandez	michael66@example.net	2021-07-25	NULL	Active	Associate - Quality Assurance	Associate	16	46538.91	1	Non-Binary	Caucasian	42
3686	Bryce	Davis	george53@example.org	2021-10-01	02/04/2023	Terminated	Associate - Engineering	Associate	1	45910.95	4	Non-Binary	Caucasian	27
3687	Kevin	Barr	grosales@example.net	2023-07-06	NULL	Active	Supervisor/Lead - Internal Communications	Supervisor/Lead	15	62626.12	1	NULL	Two or More	53
3688	Christine	Salazar	aochoa@example.com	02/21/2024	NULL	Active	Associate - Facilities	Associate	13	67839.01	4	Non-Binary	Hispanic	40
3689	Lori	Ford	fmcneil@example.net	2024-09-16	NULL	Active	Associate - Quality Assurance	Associate	16	73599.29	2	Non-Binary	Asian	34
3690	Ronald	Wood	tinajackson@example.net	2024-04-22	NULL	Active	Associate - Facilities	Associate	13	42586.46	2	Non-Binary	Hispanic	52
3691	Jessica	Berry	scotthart@example.com	2022-11-16	NULL	Active	Supervisor/Lead - Facilities	Supervisor/Lead	13	60656.8	3	Other	African American	42
3692	Terrence	Garcia	kimdaniel@example.net	2023-12-11	NULL	Active	Associate - Supply Chain	Associate	12	70946.64	4	Other	Asian	24
3693	Zachary	Watson	williambarker@example.net	2024-10-15	NULL	Active	Associate - Facilities	Associate	13	47135.88	3	Male	African American	32
3694	Aaron	White	mhenry@example.net	2025-07-24	NULL	Active	Supervisor/Lead - Facilities	Supervisor/Lead	13	70037.07	1	Non-Binary	Two or More	36
3695	Brenda	Campbell	thansen@example.com	2023-03-05	NULL	Active	Associate - Facilities	Associate	13	61330.06	NULL	Female	African American	40
3696	Rhonda	Taylor	roy76@example.com	2021-08-17	NULL	Active	Supervisor/Lead - Internal Communications	Supervisor/Lead	15	56558.35	3	Non-Binary	Hispanic	57
3697	Benjamin	Benson	lhicks@example.org	2023-06-22	NULL	Active	Supervisor/Lead - Engineering	Supervisor/Lead	1	81596.18	3	Other	Caucasian	39
3698	Tiffany	Gillespie	robersonrebecca@example.net	2023-06-15	NULL	Active	Associate - Customer Success	Associate	9	59012.39	3	Female	African American	33
3699	James	Powell	omarfigueroa@example.net	2024-10-01	NULL	Active	Associate - Security	Associate	11	55896.33	4	Male	Caucasian	52
3700	Roger	Lewis	jamesdavenport@example.com	2024-03-09	NULL	Active	Associate - Marketing	Associate	7	43265.37	2	Male	African American	21
3701	Jennifer	Gibson	bhudson@example.org	2023-04-03	NULL	Active	Associate - Legal	Associate	6	71062.61	4	Female	Asian	39
3702	Adriana	Duncan	nrobertson@example.net	2026-02-13	NULL	Active	Supervisor/Lead - Corporate Strategy	Supervisor/Lead	14	81222.36	5	Non-Binary	Hispanic	49
3703	Tyler	Cox	lallen@example.com	2025-11-17	NULL	Active	Associate - Sales	Associate	8	61991.81	3	Non-Binary	Two or More	39
3704	Derrick	Murphy	travisrivera@example.org	2021-07-10	NULL	Active	Associate - Internal Communications	Associate	15	42188.84	2	Other	Caucasian	21
3705	Jennifer	Chang	elarson@example.net	2025-05-31	NULL	Active	Associate - Engineering	Associate	1	58169.54	5	Female	Asian	54
3706	Kimberly	Mccormick	carriediaz@example.net	2022-12-23	NULL	Active	Supervisor/Lead - Supply Chain	Supervisor/Lead	12	65162.97	5	Non-Binary	Asian	37
3707	Gary	Wilson	oshaffer@example.org	2021-07-24	NULL	Active	Associate - Product	Associate	2	72909.3	3	Non-Binary	Asian	54
3708	Christian	Rhodes	allison842@example.com	2024-03-05	NULL	Active	Supervisor/Lead - Supply Chain	Supervisor/Lead	12	74751.9	3	Other	Asian	29
3709	Albert	Collins	bonnie16@example.net	2022-01-15	NULL	Active	Supervisor/Lead - Data Science	Supervisor/Lead	3	NULL	5	NULL	Asian	50
3710	Thomas	Murphy	wesley69@example.org	2025-09-26	NULL	Active	Associate - Finance	Associate	5	63892.95	3	Other	Caucasian	NULL
3711	Matthew	Robinson	zjackson@example.net	08/08/2022	NULL	Active	Supervisor/Lead - Engineering	Supervisor/Lead	1	63696.48	3	Male	Hispanic	66
3712	Ashley	Martin	sarah16@example.net	2023-10-12	NULL	Active	Associate - Marketing	Associate	7	70101.59	3	Other	Two or More	35
3713	Melanie	Vincent	aharrell@example.org	2025-06-07	NULL	Active	Associate - Finance	Associate	5	72276.35	4	Other	Two or More	60
3714	Ivan	Hill	daniellewilson@example.net	2022-03-07	NULL	Active	Associate - IT Support	Associate	10	72751.22	5	Male	Asian	35
3715	Joshua	Knapp	russelljonathon@example.net	2026-06-19	2026-07-20	Terminated	Associate - Sales	Associate	8	60306.68	2	Male	Asian	24
3716	Timothy	Patterson	sampsonalice@example.net	2025-07-04	NULL	Active	Associate - IT Support	Associate	10	68372.48	3	Other	African American	35
3717	Kelly	Mathews	brandonmacdonald@example.org	2025-03-21	NULL	Active	Associate - IT Support	Associate	10	64001.28	1	Female	Hispanic	54
3718	Vicki	Smith	alicia91@example.net	2026-03-30	NULL	Active	Associate - Internal Communications	Associate	15	57110.09	1	Female	African American	41
3719	Benjamin	Cruz	cheyenne71@example.org	2022-12-06	2024-03-12	Terminated	Associate - Internal Communications	Associate	15	47994.73	3	Male	Caucasian	46
3720	Joy	Meyer	nlynch@example.net	2022-08-18	NULL	Active	Supervisor/Lead - Facilities	Supervisor/Lead	13	58674.48	3	Female	Hispanic	37
3721	Troy	Alexander	loriarmstrong@example.com	2025-06-22	NULL	Active	Supervisor/Lead - Customer Success	Supervisor/Lead	9	61958.54	4	Other	African American	47
3722	Veronica	Duncan	imcbride@example.com	2021-08-30	2022-05-21	Terminated	Associate - Quality Assurance	Associate	16	52419.5	3	Non-Binary	Caucasian	45
3723	Wanda	Thornton	nunezdustin@example.org	2024-07-19	NULL	Active	Assistant Manager - People Operations	Assistant Manager	4	94408.49	3	Female	Hispanic	26
3724	Jared	Yates	glenn51@example.com	2025-09-12	NULL	Active	Supervisor/Lead - Corporate Strategy	Supervisor/Lead	14	69151.32	4	Non-Binary	Two or More	50
3725	Christopher	Richardson	kathleen10@example.org	2023-09-18	NULL	Active	Associate - Customer Success	Associate	9	68038.27	2	Male	African American	46
3726	Mariah	Hooper	fishersue@example.org	2025-02-19	NULL	Active	Associate - Marketing	Associate	7	60254.98	4	Other	African American	35
3727	Lisa	Lin	johnsonnicole@example.net	2021-08-03	NULL	Active	Associate - Legal	Associate	6	72533.79	2	Other	Hispanic	23
3728	Michelle	Guerrero	tanyasmith@example.org	2025-08-01	NULL	Active	Associate - Legal	Associate	6	45409.18	5	Female	Caucasian	39
3729	Anthony	Ellis	amyhenderson@example.org	2026-07-15	NULL	Active	Associate - Product	Associate	2	45979.03	4	Male	African American	40
3730	Lauren	Mendez	kingvanessa@example.org	2022-06-05	NULL	Active	Supervisor/Lead - People Operations	Supervisor/Lead	4	80522.44	4	Female	Caucasian	29
3731	Anthony	Green	imendez@example.org	2026-03-19	NULL	Active	Supervisor/Lead - Supply Chain	Supervisor/Lead	12	68263.26	3	Male	Caucasian	38
3732	Don	Foster	brownmichael@example.net	2026-05-16	NULL	Active	Associate - Security	Associate	11	68716.55	2	Non-Binary	Hispanic	40
3733	Benjamin	Bennett	michelle36@example.org	2025-02-04	NULL	Active	Associate - Sales	Associate	8	59531.61	4	Other	Two or More	36
3734	Thomas	Pugh	evansbobby@example.org	2022-03-21	2023-07-12	Terminated	Supervisor/Lead - Internal Communications	Supervisor/Lead	15	61778.63	3	Male	Asian	43
3735	Michael	CLARK	cooperjudith@example.org	2023-05-17	NULL	Active	Associate - Quality Assurance	Associate	16	43220.97	5	Male	Hispanic	34
3736	Jennifer	Mckenzie	rodriguezkim@example.org	2023-09-21	NULL	Active	Associate - IT Support	Associate	10	67559.57	3	Female	African American	62
3737	Sabrina	Austin	carla92@example.net	2026-06-17	NULL	Active	Associate - Facilities	Associate	13	64015.01	4	Female	Hispanic	44
3738	Brian	Parker	michaelsilva@example.net	2021-11-09	NULL	Active	Associate - Product	Associate	2	74723.64	1	Male	Caucasian	52
3739	Adriana	Oconnell	murphydiane@example.com	12/25/2021	NULL	Active	Associate - People Operations	Associate	4	68913.17	4	Other	African American	35
3740	Laura	Snow	hallrobert@example.com	2025-04-11	NULL	Active	Associate - IT Support	Associate	10	66834.1	3	Female	Hispanic	38
3741	Calvin	Evans	erika69@example.com	2024-09-11	NULL	Active	Supervisor/Lead - Finance	Supervisor/Lead	5	63523.25	3	Non-Binary	Caucasian	41
3742	Tina	Martinez	sandra18@example.com	2026-03-01	NULL	Active	Associate - Quality Assurance	Associate	16	55602.54	3	Non-Binary	Asian	30
3743	Wayne	Harris	frankkim@example.org	2023-09-24	NULL	Active	Associate - Customer Success	Associate	9	52794.44	4	Male	Two or More	NULL
3744	Nicholas	Oliver	millerwanda@example.org	2022-10-05	NULL	Active	Assistant Manager - Data Science	Assistant Manager	3	75586.37	3	Male	Asian	42
3745	Jennifer	Mendoza	jparker@example.net	2022-06-21	NULL	Active	Associate - Engineering	Associate	1	66889.45	2	Non-Binary	Two or More	44
3746	Amanda	Lang	lauramorrow@example.com	2025-08-16	NULL	Active	Associate - Sales	Associate	8	63389.23	4	Female	African American	47
3747	Beth	Berg	mariaesparza@example.com	2024-10-20	NULL	Active	Associate - Legal	Associate	6	61385.78	3	Other	Asian	35
3748	Jeremy	Heath	bettyalvarez@example.net	2025-07-24	NULL	Active	Associate - Engineering	Associate	1	43823.76	3	Male	Hispanic	27
3749	Shane	Wilson	cgordon@example.org	2023-02-25	2024-10-31	Terminated	Associate - Sales	Associate	8	51796.42	3	Male	Asian	41
3750	Christopher	Warren	georgebrown@example.net	2024-01-09	2024-11-06	Terminated	Associate - Sales	Associate	8	55642.7	3	Non-Binary	Asian	33
3751	Miguel	Harris	higginscharles@example.net	2025-01-12	NULL	Active	Associate - Quality Assurance	Associate	16	56110.98	2	Male	African American	35
3752	Rhonda	Perry	edwinsmith@example.net	2022-04-15	NULL	Active	Domain Director - Data Science	Domain Director	3	137192.01	5	Female	Caucasian	30
3753	Jason	Smith	ericacampbell@example.org	2022-09-21	NULL	Active	Assistant Manager - Marketing	Assistant Manager	7	85547.45	3	Non-Binary	Hispanic	25
3754	Stephanie	Holmes	nruiz@example.com	2024-11-15	NULL	Active	Associate - Product	Associate	2	70380.97	5	Female	Caucasian	32
3755	Ashley	Valencia	judith25@example.net	2024-11-07	NULL	Active	Supervisor/Lead - IT Support	Supervisor/Lead	10	68626.73	3	Non-Binary	NULL	43
3756	Nicole	Foster	kfigueroa@example.org	2022-03-25	NULL	Active	Associate - Corporate Strategy	Associate	14	61719.7	3	Non-Binary	Asian	32
3757	Jacqueline	Combs	matthewvaldez@example.com	2026-03-09	NULL	Active	Associate - Quality Assurance	Associate	16	45812.41	2	Female	Two or More	40
3758	John	Miller	christine92@example.net	2026-03-06	NULL	Active	Associate - Marketing	Associate	7	47980.06	1	Male	African American	37
3759	Steven	Fisher	qarias@example.org	2022-08-31	NULL	Active	Associate - Sales	Associate	8	52538.09	4	Male	African American	28
3760	Kevin	Thompson	brittanysmith@example.org	2023-01-16	NULL	Active	Manager - Quality Assurance	Manager	16	78902.52	1	Male	Hispanic	44
3761	Theresa	Jennings	alexwalters@example.com	2024-06-07	NULL	Active	associate - security	Associate	11	52408.74	5	Female	African American	35
3762	Connie	Sims	traviselizabeth@example.org	08/31/2022	2024-02-01	Terminated	Associate - Sales	Associate	8	60430.88	2	Non-Binary	Hispanic	46
3763	Stacey	Duke	kburke@example.net	2024-02-25	NULL	Active	Associate - Quality Assurance	Associate	16	69214.07	3	Female	African American	30
3764	Dana	Schaefer	herrerascott@example.org	09/27/2022	NULL	Active	Associate - Quality Assurance	Associate	16	55720.34	3	Female	Hispanic	35
3765	Tracy	Conrad	hillmark@example.org	2023-03-17	NULL	Active	Associate - Internal Communications	Associate	15	43748.18	2	Female	African American	39
3766	Ronald	Gonzales	arichardson@example.com	2024-03-29	NULL	Active	Associate - Customer Success	Associate	9	48154.31	1	Other	Caucasian	36
3767	Russell	Campbell	xsharp@example.com	2021-12-13	NULL	Active	Associate - Engineering	Associate	1	51841.58	3	Male	Asian	49
3768	Kayla	Gordon	ehoward@example.com	02/22/2024	2024-09-18	Terminated	Associate - People Operations	Associate	4	46019.28	2	Non-Binary	Asian	36
3769	Brandy	Farmer	raymondclark@example.net	2026-05-23	NULL	Active	Manager - Finance	Manager	5	85298.19	2	Female	African American	32
3770	Melissa	Griffin	matthew88@example.net	2022-01-29	NULL	Active	Associate - Customer Success	Associate	9	41953.87	3	Non-Binary	NULL	22
3771	Matthew	Baker	lawrencearmstrong@example.com	2023-08-22	NULL	Active	Associate - Customer Success	Associate	9	56880.8	4	Male	Two or More	28
3772	Samuel	Allen	lauragonzalez@example.com	2022-02-05	2026-05-14	Terminated	Associate - Security	Associate	11	46303.68	2	NULL	African American	24
3773	Christopher	Smith	anthony57@example.org	2025-05-29	NULL	Active	Associate - Sales	Associate	8	63762.86	4	Male	African American	44
3774	Jennifer	Ford	daviswalter@example.net	2022-07-18	2023-11-01	Terminated	Supervisor/Lead - Marketing	Supervisor/Lead	7	78749.13	3	Female	Hispanic	36
3775	Joshua	Mccall	james28@example.com	2023-06-23	NULL	Active	Associate - Engineering	Associate	1	53814.18	1	Non-Binary	Hispanic	47
3776	Anthony	Smith	johnsonadam@example.org	2024-06-23	NULL	Active	Supervisor/Lead - Product	Supervisor/Lead	2	80246.25	1	Male	Hispanic	43
3777	Paige	Ray	heather68@example.org	2026-07-21	NULL	Active	Assistant Manager - Sales	Assistant Manager	8	75963.52	4	Non-Binary	Asian	21
3778	Elizabeth	Thompson	bergerchristina@example.com	06/06/2025	NULL	Active	Associate - Data Science	Associate	3	67368.85	3	Female	African American	26
3779	Christy	Newman	carsonlarry@example.org	2026-01-19	NULL	Active	Associate - Data Science	Associate	3	67293.24	1	Female	Two or More	21
3780	Debra	Salazar	VSMITH@EXAMPLE.ORG	2023-03-03	NULL	Active	Associate - Engineering	Associate	1	71383.19	3	Non-Binary	African American	45
3781	Zachary	Diaz	ashley40@example.org	2025-11-23	NULL	Active	Supervisor/Lead - Supply Chain	Supervisor/Lead	12	89932.82	5	Male	NULL	62
3782	Donna	Aguirre	johnsonbethany@example.net	2021-08-20	NULL	Active	Associate - Legal	Associate	6	49848.84	1	Other	African American	62
3783	Christopher	Hoffman	robert10@example.com	2025-03-17	NULL	Active	Associate - Security	Associate	11	52671.07	4	Male	African American	21
3784	Stephanie	James	jodiatkins@example.net	2022-08-17	NULL	Active	Associate - Internal Communications	Associate	15	67950.6	4	Other	Two or More	34
3785	Brenda	Church	caroline33@example.com	2025-01-02	NULL	Active	Associate - People Operations	Associate	4	68131.35	4	Other	Asian	35
3786	Sean	Kennedy	tmurray@example.org	2021-11-14	NULL	Active	Associate - Marketing	Associate	7	42002.07	2	Other	Asian	56
3787	Richard	Finley	drhodes@example.net	2025-02-06	NULL	Active	Supervisor/Lead - Security	Supervisor/Lead	11	56189.19	3	Male	NULL	37
3788	Brandon	Fuller	gconner@example.net	2023-08-05	NULL	Active	Manager - People Operations	Manager	4	112403.59	2	Non-Binary	Asian	25
3789	Timothy	Brown	lross@example.org	2026-03-31	NULL	Active	Associate - Marketing	Associate	7	44673.01	1	Male	Two or More	44
3790	Bryan	Martinez	dawnjohns@example.net	2024-11-28	NULL	Active	Associate - Product	Associate	2	57601.41	5	Male	African American	31
3791	Edward	Collins	ryan71@example.net	2023-03-27	NULL	Active	Associate - People Operations	Associate	4	60900.87	3	Other	Asian	39
3792	Julie	Anderson	lisafrank@example.net	2026-06-24	NULL	Active	Associate - Product	Associate	2	61278.75	3	Female	African American	34
3793	Gregory	Brown	george91@example.org	2025-05-02	NULL	Active	Associate - Product	Associate	2	46329.12	4	Male	African American	23
3794	Raymond	Lynch	ovance@example.com	2026-04-24	NULL	Active	Associate - Marketing	Associate	7	42138.9	3	Non-Binary	Asian	27
3795	Matthew	Murray	kgreene@example.com	2021-10-31	2026-02-08	Terminated	Associate - Customer Success	Associate	9	63181.34	3	Non-Binary	Two or More	23
3796	Denise	Hopkins	vbuck@example.net	2021-09-11	NULL	Active	Associate - Corporate Strategy	Associate	14	60836.84	5	Other	Asian	24
3797	Tanya	Brown	olewis@example.org	2024-09-12	NULL	Active	Associate - Customer Success	Associate	9	44855.31	3	Female	Hispanic	36
3798	Kimberly	Roberts	nicholas92@example.net	2021-09-13	NULL	Active	Associate - Facilities	Associate	13	63660.44	4	Female	Two or More	50
3799	Alex	Nunez	lwilson@example.net	2026-01-18	NULL	Active	Supervisor/Lead - Finance	Supervisor/Lead	5	72396.26	3	Non-Binary	NULL	48
3800	Alan	Burns	michelle74@example.net	2023-07-22	NULL	Active	Associate - Data Science	Associate	3	63819.35	4	Other	Two or More	29
3801	Dan	Baker	simmonsnicole@example.net	2025-08-06	NULL	Active	Associate - Product	Associate	2	61797.85	4	Male	Caucasian	40
3802	Robert	Elliott	ashley57@example.com	2022-02-13	NULL	Active	Associate - Internal Communications	Associate	15	41822.46	3	Non-Binary	Caucasian	58
3803	Thomas	Martin	donna79@example.net	2022-03-16	2022-10-04	Terminated	Associate - Sales	Associate	8	73663.54	1	Male	Hispanic	41
3804	Nicole	Young	walkerraymond@example.net	2023-05-07	NULL	Active	Manager - Customer Success	Manager	9	116654.54	4	Female	African American	41
3805	Eileen	Vega	cunninghamkevin@example.net	2023-02-20	NULL	Active	Associate - Sales	Associate	8	60871.43	4	Other	Hispanic	21
3806	David	Sellers	lisa98@example.org	12/19/2021	NULL	Active	Supervisor/Lead - Customer Success	Supervisor/Lead	9	69059.61	2	Other	Caucasian	40
3807	Matthew	James	turnerstacey@example.org	2024-03-04	NULL	Active	Associate - Product	Associate	2	48204.31	3	Other	Two or More	41
3808	Richard	Shields	robertclark@example.net	2026-03-09	NULL	Active	Associate - IT Support	Associate	10	43738.07	3	Non-Binary	NULL	30
3809	Shelly	Gordon	andradebailey@example.net	11/20/2025	NULL	Active	Associate - Customer Success	Associate	9	42630.89	3	Female	Asian	42
3810	Kyle	Wright	alexis34@example.com	2024-05-28	NULL	Active	Associate - IT Support	Associate	10	66485.35	5	Male	Two or More	49
3811	Wanda	Combs	kwilson@example.org	2026-02-01	NULL	Active	Assistant Manager - Customer Success	Assistant Manager	9	74976.98	3	Female	Asian	52
3812	Sharon	Eaton	hogannicole@example.net	2024-02-13	NULL	Active	Associate - Internal Communications	Associate	15	60737.72	2	Female	Two or More	37
3813	David	White	shane85@example.org	2023-05-02	NULL	Active	Associate - Finance	Associate	5	74148.55	3	Male	Two or More	52
3814	Alyssa	Stewart	tristan77@example.com	2024-04-21	NULL	Active	Associate - IT Support	Associate	10	72273.83	3	Non-Binary	Hispanic	40
3815	Robert	Gross	shannonwhite@example.net	2022-11-03	NULL	Active	Manager - Security	Manager	11	95730.64	4	Male	Two or More	23
3816	Stephanie	Sims	pamelawebb@example.net	2022-03-06	NULL	Active	Manager - Data Science	Manager	3	105872.23	3	Non-Binary	Asian	33
3817	Hannah	Pitts	bmalone@example.org	2022-11-10	2025-11-20	Terminated	Associate - IT Support	Associate	10	40807.26	2	Female	Asian	51
3818	Andrew	Arellano	baxterivan@example.com	2026-06-09	NULL	Active	Associate - Product	Associate	2	57002.17	4	Male	African American	28
3819	Nicole	Rodgers	thompsonanthony@example.com	2024-10-14	NULL	Active	Associate - Data Science	Associate	3	65842.71	4	Female	Two or More	27
3820	Daniel	Ferguson	davidwilliams@example.org	2022-10-22	NULL	Active	Supervisor/Lead - Marketing	Supervisor/Lead	7	81832.86	5	Male	African American	30
3821	David	Potts	ryancarrillo@example.net	2024-01-07	NULL	Active	Associate - Data Science	Associate	3	50048.45	4	Male	Hispanic	47
3822	Christina	Kirby	xcurtis@example.org	2024-10-02	NULL	Active	Supervisor/Lead - Product	Supervisor/Lead	2	61942.82	1	Female	African American	30
3823	Keith	Weber	waynemoore@example.com	2024-10-18	NULL	Active	Associate - Facilities	Associate	13	57292.5	3	Non-Binary	Two or More	21
3824	Mary	Daniels	angelacrosby@example.com	2024-03-11	NULL	Active	Supervisor/Lead - Supply Chain	Supervisor/Lead	12	NULL	5	Other	African American	31
3825	Adam	Baker	ronaldmaldonado@example.com	2023-02-09	NULL	Active	Supervisor/Lead - Facilities	Supervisor/Lead	13	68129.36	5	Male	Asian	38
3826	Thomas	Morrison	kristopher62@example.net	2022-01-04	NULL	Active	Supervisor/Lead - Customer Success	Supervisor/Lead	9	75743.33	4	Male	African American	58
3827	Carrie	Salas	baileytracy@example.com	08/19/2025	NULL	Active	Associate - Data Science	Associate	3	62454.75	5	Female	Hispanic	41
3828	Alvin	Jackson	daniel28@example.net	2021-11-01	NULL	Active	Supervisor/Lead - Customer Success	Supervisor/Lead	9	70402.43	5	Non-Binary	Hispanic	48
3829	Eric	Vazquez	mooremary@example.com	2022-03-20	NULL	Active	supervisor/lead - corporate strategy	Supervisor/Lead	14	73139.43	4	Male	Asian	41
3830	Dawn	Khan	wheelermark@example.com	2021-12-07	NULL	Active	Associate - Engineering	Associate	1	65840.84	4	Non-Binary	Asian	23
3831	Angela	Scott	ashleyluna@example.com	2023-09-04	NULL	Active	Associate - IT Support	Associate	10	70408.28	3	Female	Caucasian	39
3832	James	Wheeler	ramirezjohn@example.org	2022-06-21	2024-12-25	Terminated	Associate - Engineering	Associate	1	40898.86	5	Other	Hispanic	51
3833	James	Garner	hughesdavid@example.net	2024-04-16	NULL	Active	Associate - Supply Chain	Associate	12	74987.93	3	Other	Asian	53
3834	Angela	Williams	wesley72@example.com	2023-07-24	NULL	Active	Associate - IT Support	Associate	10	49372.42	3	Female	African American	58
3835	Jacob	Jenkins	cwiley@example.com	2023-12-16	NULL	Active	Associate - Facilities	Associate	13	41789.77	3	Other	Asian	27
3836	Robert	Morris	reedjoseph@example.net	2026-01-23	NULL	Active	Associate - Quality Assurance	Associate	16	56452.59	2	Other	Asian	41
3837	David	Barnett	ronnie62@example.com	2025-07-28	NULL	Active	Associate - Customer Success	Associate	9	71416.07	5	Non-Binary	Caucasian	21
3838	Benjamin	Roberson	ryanperkins@example.com	2021-10-14	NULL	Active	Associate - Sales	Associate	8	54450.43	1	Non-Binary	Caucasian	53
3839	Adrian	Gonzalez	gcastro@example.net	2023-12-05	NULL	Active	Associate - Customer Success	Associate	9	57478.2	NULL	Male	Hispanic	38
3840	Tyrone	Horton	ybishop@example.com	2022-10-10	NULL	Active	Associate - Internal Communications	Associate	15	74248.61	3	Male	Caucasian	21
3841	Mary	Hall	sarah65@example.org	2023-03-23	NULL	Active	Associate - People Operations	Associate	4	44322.2	3	Female	Hispanic	44
3842	Deanna	Scott	wardkevin@example.net	2023-06-25	NULL	Active	Associate - Sales	Associate	8	46158.29	3	Female	African American	31
3843	Joseph	Herrera	ashleybarton@example.com	2021-10-21	NULL	Active	Associate - Quality Assurance	Associate	16	65665.7	3	NULL	African American	34
3844	Kim	Hess	ftaylor@example.net	2024-03-30	NULL	Active	Associate - Corporate Strategy	Associate	14	57280.18	3	Other	Hispanic	35
3845	John	Martinez	brianbaldwin@example.org	2023-03-11	NULL	Active	Domain Director - Sales	Domain Director	8	170142.39	3	Male	Caucasian	38
3846	Natasha	Harris	jenniferparks@example.com	2023-06-19	NULL	Active	Manager - Supply Chain	Manager	12	117006.45	3	Female	African American	30
3847	Terrence	Goodwin	inguyen@example.org	2023-08-17	NULL	Active	Associate - Customer Success	Associate	9	68041.43	2	Male	African American	40
3848	Sarah	Sanchez	tricia79@example.org	2024-10-19	2025-05-23	Terminated	Supervisor/Lead - Legal	Supervisor/Lead	6	61616.04	2	Female	Asian	49
3849	Nicole	Waller	christine24@example.net	2022-03-10	NULL	Active	Associate - Corporate Strategy	Associate	14	41700.4	3	Non-Binary	Caucasian	47
3850	Carol	Scott	kpeters@example.net	2026-03-20	NULL	Active	Associate - Internal Communications	Associate	15	47391.28	2	Female	Asian	42
3851	Austin	Terry	cindyhodge@example.net	2021-11-06	NULL	Active	Associate - Product	Associate	2	59526.81	2	Other	Hispanic	38
3852	William	Garner	mjohnson2@example.net	2026-04-03	2026-05-28	Terminated	Associate - Security	Associate	11	45790.17	3	Male	Two or More	35
3853	Diana	Allen	andrew10@example.org	2025-12-24	NULL	Active	Supervisor/Lead - Legal	Supervisor/Lead	6	69644.99	1	Female	Two or More	28
3854	Theresa	Ingram	richardsmall@example.com	2022-03-18	NULL	Active	ASSOCIATE - MARKETING	Associate	7	40588.23	3	Female	Hispanic	46
3855	Mike	Newman	monicathomas@example.com	2026-01-28	NULL	Active	Supervisor/Lead - Legal	Supervisor/Lead	6	68766.14	5	Male	Asian	41
3856	April	Hood	yshelton@example.org	2022-08-25	2024-01-23	Terminated	Assistant Manager - Quality Assurance	Assistant Manager	16	75092.43	4	Female	Asian	34
3857	Kathleen	 JOHNSON	hannahfox@example.org	2026-04-14	NULL	Active	Associate - Supply Chain	Associate	12	60341.32	2	Female	Two or More	50
3858	Roy	Weber	matthewyoung@example.org	2025-07-10	NULL	Active	Associate - Security	Associate	11	52758.76	3	Male	Hispanic	26
3859	Kimberly	Solomon	stephendean@example.com	2022-08-24	NULL	Active	Associate - Supply Chain	Associate	12	42482.97	4	Other	Asian	21
3860	Joan	Marshall	thomas64@example.net	2023-05-14	NULL	Active	Associate - Quality Assurance	Associate	16	56311.18	4	Non-Binary	Two or More	42
3861	Megan	Lewis	lucerojordan@example.org	2025-11-28	NULL	Active	Assistant Manager - Product	Assistant Manager	2	85844.51	3	Female	Hispanic	40
3862	Brenda	Reyes	bethchristian@example.net	2021-08-05	NULL	Active	Associate - Sales	Associate	8	47913.05	3	Other	Asian	33
3863	Charles	Hunter	bmurray@example.net	2021-09-10	NULL	Active	Associate - Marketing	Associate	7	46404.84	3	Male	Asian	60
3864	Andrea	Carpenter	cscott@example.org	2022-04-25	NULL	Active	Supervisor/Lead - Customer Success	Supervisor/Lead	9	68846.57	3	Female	Asian	40
3865	Teresa	Hall	jennifervasquez@example.org	2023-07-03	2024-09-18	Terminated	Associate - Supply Chain	Associate	12	71470.07	3	Other	Asian	58
3866	Jonathan	Cruz	qthompson2@example.net	2025-10-05	NULL	Active	Associate - Facilities	Associate	13	59464.57	4	Male	Hispanic	58
3867	Bryce	Frazier	rchen@example.org	2025-11-10	NULL	Active	Associate - IT Support	Associate	10	68858.33	4	Male	African American	24
3868	Rachel	White	smithkevin@example.net	2023-02-27	NULL	Active	Associate - People Operations	Associate	4	NULL	2	Other	Two or More	53
3869	James	Santiago	andradeholly@example.org	2024-06-20	NULL	Active	Supervisor/Lead - Internal Communications	Supervisor/Lead	15	60405.31	5	Male	Asian	50
3870	Eric	Flores	kristaduke@example.org	2021-12-24	2024-12-13	Terminated	Supervisor/Lead - Security	Supervisor/Lead	11	65565.69	2	Male	Hispanic	28
3871	Gregory	Long	foleydeanna@example.net	2026-01-10	NULL	Active	Manager - Data Science	Manager	3	96306.02	3	Male	African American	57
3872	Theodore	Clarke	timothytorres@example.net	2021-07-19	NULL	Active	Associate - Facilities	Associate	13	55030.86	3	Other	Hispanic	36
3873	Karen	Krueger	sheridowns@example.org	2025-10-19	NULL	Active	Supervisor/Lead - Supply Chain	Supervisor/Lead	12	57784.48	4	Non-Binary	African American	22
3874	Joseph	Armstrong	carterjoanne@example.org	2022-11-14	NULL	Active	Associate - Sales	Associate	8	67352.72	3	Male	African American	21
3875	Amanda	Cobb	johnsonjulie@example.net	2021-08-17	NULL	Active	Associate - Finance	Associate	5	40724.84	4	Other	Two or More	39
3876	Evan	Wright	mercedesblack@example.net	2022-08-02	NULL	Active	Associate - Data Science	Associate	3	59615.78	4	Male	Asian	39
3877	Brent	Galvan	hallmichelle@example.org	2025-07-22	NULL	Active	Supervisor/Lead - Sales	Supervisor/Lead	8	68938.61	3	Male	Asian	25
3878	Monica	George	christinapowell@example.net	2022-11-01	NULL	Active	Supervisor/Lead - Marketing	Supervisor/Lead	7	80843.7	3	Other	Hispanic	55
3879	Timothy	Brown	edward38@example.org	2024-12-15	NULL	Active	Associate - People Operations	Associate	4	57479.73	5	Male	Two or More	43
3880	Kim	Eaton	douglasfriedman@example.org	2021-09-18	NULL	Active	Associate - People Operations	Associate	4	57568.24	4	Non-Binary	Hispanic	43
3881	Michele	Benjamin	gutierrezdavid@example.com	2025-04-11	NULL	Active	Supervisor/Lead - Data Science	Supervisor/Lead	3	80696.89	3	Female	Hispanic	41
3882	Debra	Osborne	waynewarren@example.net	2022-03-05	NULL	Active	Associate - Quality Assurance	Associate	16	42870.07	3	Female	African American	39
3883	Becky	Conley	derekreeves@example.net	2024-12-13	NULL	Active	Associate - People Operations	Associate	4	NULL	1	Other	Asian	54
3884	Melissa	Moore	DEVIN71@EXAMPLE.ORG	2025-07-12	NULL	Active	Associate - People Operations	Associate	4	47393.51	3	Female	Caucasian	27
3885	Eric	Newman	mendozacindy@example.org	2022-02-18	NULL	Active	Associate - Sales	Associate	8	68251.29	5	Non-Binary	African American	54
3886	Penny	James	lindsey02@example.net	10/22/2023	2024-02-06	Terminated	Associate - Internal Communications	Associate	15	64796.97	3	Non-Binary	Asian	51
3887	Dustin	Pace	franklineric@example.net	2025-01-06	NULL	Active	Associate - IT Support	Associate	10	43951.99	5	Other	African American	34
3888	Natalie	Owens	donnawolfe@example.net	2023-05-27	2023-12-29	Terminated	Associate - IT Support	Associate	10	71969.43	4	Female	African American	48
3889	Charles	Stewart	donna16@example.com	2025-07-28	NULL	Active	Associate - Customer Success	Associate	9	45438.01	3	Male	Asian	25
3890	Gabriel	Graham	connie81@example.com	2023-07-16	NULL	Active	Associate - Facilities	Associate	13	65437.88	2	Male	African American	46
3891	James	Byrd	keithduarte@example.org	2025-11-10	NULL	Active	Associate - IT Support	Associate	10	73647.35	3	Male	Hispanic	NULL
3892	Daniel	King	petersjeffrey@example.com	2024-03-05	NULL	Active	Associate - Marketing	Associate	7	46103.37	3	Male	Asian	42
3893	William	Miranda	lawrence44@example.org	2024-08-22	NULL	Active	Associate - IT Support	Associate	10	74266.85	NULL	Non-Binary	Two or More	57
3894	Jamie	Olson	matthewtaylor@example.net	2022-08-30	NULL	Active	Supervisor/Lead - Sales	Supervisor/Lead	8	88026.19	2	Female	African American	44
3895	Luis	Barr	alexandermonica@example.com	2025-01-22	2026-03-20	Terminated	Associate - IT Support	Associate	10	62318.43	NULL	Male	Asian	32
3896	Maxwell	Rogers	ysmith@example.net	2025-04-12	NULL	Active	Assistant Manager - Finance	Assistant Manager	5	71014.73	1	Male	Hispanic	44
3897	Sherry	Johns	robbinsevan@example.org	2025-09-18	NULL	Active	Associate - Sales	Associate	8	74249.5	4	Non-Binary	Asian	41
3898	Karen	Taylor	brian64@example.org	2024-09-16	NULL	Active	Associate - Finance	Associate	5	56960.77	3	Other	NULL	32
3899	Holly	Thomas	chughes@example.com	2021-12-28	2025-06-27	Terminated	Assistant Manager - Finance	Assistant Manager	5	70428.87	1	Other	Hispanic	39
3900	Elizabeth	Scott	russellanthony@example.com	2024-05-18	2025-12-29	Terminated	Supervisor/Lead - IT Support	Supervisor/Lead	10	68240.18	2	Female	NULL	31
3901	Jose	Walker	gardnerchristopher@example.net	2024-09-17	NULL	Active	Associate - People Operations	Associate	4	57212.94	5	Male	Two or More	54
3902	Samantha	Mcgee	cartersean@example.net	2023-01-08	NULL	Active	Associate - Sales	Associate	8	57207.91	4	Other	Caucasian	38
3903	Robert	Riddle	christopher46@example.com	2022-04-14	NULL	Active	Supervisor/Lead - Legal	Supervisor/Lead	6	84793.83	5	Non-Binary	Hispanic	40
3904	Shelby	Anderson	jonesanthony@example.org	2026-04-28	NULL	Active	Associate - Product	Associate	2	57677.24	3	Female	Asian	29
3905	Jonathan	Rogers	qjohnson@example.org	2024-10-19	NULL	Active	Associate - Data Science	Associate	3	54681.48	4	Non-Binary	Hispanic	42
3906	Emma	Stone	mark60@example.net	2022-05-31	NULL	Active	Associate - Security	Associate	11	66546.93	2	Non-Binary	Two or More	36
3907	Amy	Le	christinaholt@example.net	2026-06-13	NULL	Active	Associate - Sales	Associate	8	46961.44	4	Female	Hispanic	40
3908	Danielle	Berger	uhawkins@example.com	2022-09-11	NULL	Active	Associate - Legal	Associate	6	64335.4	5	Female	Asian	33
3909	Larry	Martinez	caroline79@example.com	2022-12-24	2025-11-04	Terminated	Associate - Finance	Associate	5	74119.4	NULL	Male	Asian	39
3910	Candice	Hanson	carsonderek@example.com	2022-04-22	NULL	Active	Associate - Supply Chain	Associate	12	65341.66	4	Female	Asian	26
3911	Rhonda	Wilson	brittanyharvey@example.com	2023-09-14	NULL	Active	Associate - Security	Associate	11	60262.58	3	Non-Binary	African American	32
3912	Maria	Dixon	rgarcia@example.org	2025-03-13	NULL	Active	Associate - Facilities	Associate	13	67392.23	3	Female	African American	56
3913	Edward	Warren	lisa18@example.org	2023-10-26	NULL	Active	Associate - Corporate Strategy	Associate	14	56827.7	2	Other	Asian	52
3914	Amy	Maynard	andre28@example.org	2025-07-25	NULL	Active	Associate - Security	Associate	11	58124.23	3	Female	Hispanic	41
3915	Sandra	Hernandez	mrivera@example.net	2022-10-29	NULL	Active	Supervisor/Lead - IT Support	Supervisor/Lead	10	64187.9	4	Non-Binary	Caucasian	38
3916	Tina	Silva	joseph15@example.org	2025-11-28	NULL	Active	Associate - Legal	Associate	6	48169.7	5	Other	African American	43
3917	Ivan	Walker	loristeele@example.net	2022-02-10	2024-10-16	Terminated	Associate - Quality Assurance	Associate	16	58732.32	5	Male	Hispanic	47
3918	Daniel	Martin	evansteresa@example.org	2025-10-28	NULL	Active	Associate - Facilities	Associate	13	42608.11	3	Non-Binary	Caucasian	48
3919	Kelsey	Garcia	gregorydiaz@example.org	2025-05-21	NULL	Active	Associate - Supply Chain	Associate	12	56299.31	3	Non-Binary	Hispanic	31
3920	Dale	Mann	lisa18@example.net	2022-08-07	NULL	Active	Associate - Engineering	Associate	1	72326.1	4	Male	Hispanic	27
3921	Adam	Camacho	wesleylawrence@example.com	2023-07-19	2023-09-19	Terminated	Associate - Quality Assurance	Associate	16	62472.07	5	Male	African American	49
3922	Martha	Schroeder	henryjustin@example.com	2023-03-22	NULL	Active	Associate - Security	Associate	11	58386.75	2	NULL	Two or More	49
3923	Lauren	Torres	jared91@example.com	2023-05-05	NULL	Active	Associate - Facilities	Associate	13	55808.94	3	Female	NULL	NULL
3924	Thomas	Stephens	paul332@example.com	2026-07-24	NULL	Active	Associate - Customer Success	Associate	9	41948.34	4	Male	Asian	37
3925	Colleen	Evans	JESSEHARTMAN@EXAMPLE.COM	2025-10-11	NULL	Active	Associate - Corporate Strategy	Associate	14	50542.3	3	Female	Two or More	34
3926	Ashlee	Lynn	pmendez@example.org	2021-12-20	NULL	Active	Associate - IT Support	Associate	10	58466.67	5	Non-Binary	NULL	39
3927	Erica	Vasquez	ewilson@example.com	2023-12-27	NULL	Active	Associate - Customer Success	Associate	9	63082.12	1	Other	Asian	34
3928	John	Floyd	darius51@example.net	2024-01-07	NULL	Active	Domain Director - Supply Chain	Domain Director	12	147956.91	3	Male	African American	33
3929	Melody	Terry	hartdavid@example.com	2022-11-07	NULL	Active	Associate - Legal	Associate	6	65659.1	4	Female	African American	30
3930	Brian	Johnson	beverlywilson@example.com	2024-12-13	NULL	Active	Associate - Finance	Associate	5	60372.71	5	Non-Binary	Two or More	47
3931	Caleb	Hill	vmurray@example.com	2024-09-07	NULL	Active	Associate - Customer Success	Associate	9	55103.61	3	Male	Two or More	32
3932	Kenneth	Johnson	michelelee@example.org	2026-06-07	NULL	Active	Associate - Sales	Associate	8	60706.27	3	Non-Binary	Two or More	39
3933	Taylor	Case	nicolebeltran@example.com	2023-08-22	NULL	Active	Associate - Finance	Associate	5	-70007.82	3	Female	Two or More	25
3934	William	Eaton	coreyweaver@example.com	2025-07-26	2025-12-25	Terminated	Associate - People Operations	Associate	4	49974.52	1	Male	African American	36
3935	Louis	Rivera	jacobryan@example.net	2022-02-13	NULL	Active	Executive Director - Product	Executive Director	2	172946.43	4	Male	African American	40
3936	Casey	Melton	andrewramirez@example.org	2024-10-27	NULL	Active	Associate - Quality Assurance	Associate	16	50272.2	3	Male	Caucasian	41
3937	Gregory	Chavez	vmathews@example.net	2022-09-11	NULL	Active	Associate - Supply Chain	Associate	12	56042.67	3	Male	African American	29
3938	Christopher	Taylor	aaron30@example.org	2022-06-25	NULL	Active	Associate - Data Science	Associate	3	64476.52	NULL	Other	African American	35
3939	Nancy	Smith	bgarcia@example.com	2024-05-09	NULL	Active	Associate - Data Science	Associate	3	62080.9	2	Female	Caucasian	NULL
3940	Darryl	Daniels	vtaylor@example.org	2023-08-15	NULL	Active	Associate - IT Support	Associate	10	57657.77	2	Non-Binary	NULL	37
3941	Andrew	Russell	aaron45@example.net	2023-04-06	2024-01-17	Terminated	Associate - Engineering	Associate	1	74245.79	1	Male	African American	42
1679	Scott	Henson	henry97@example.net	2022-07-26	NULL	Active	Supervisor/Lead - Engineering	Supervisor/Lead	1	80624.91	4	Non-Binary	Two or More	48
3942	Stephen	Carrillo	tylertyler@example.com	2026-04-19	NULL	Active	Associate - Sales	Associate	8	49918.45	5	Other	Asian	37
3943	Eric	Pace	mary44@example.com	2024-04-08	NULL	Active	Associate - Security	Associate	11	74126.94	3	Male	Two or More	30
3944	Alexander	Bray	walkercarlos@example.org	2024-08-25	2025-03-30	Terminated	Associate - Finance	Associate	5	49737.71	4	Male	Hispanic	27
3945	Jerome	Silva	maria92@example.com	2022-11-21	NULL	Active	Associate - Finance	Associate	5	47335.01	4	Male	African American	57
3946	Amy	Caldwell	zhaynes@example.net	2023-08-19	NULL	Active	Associate - Corporate Strategy	Associate	14	43220.3	4	Other	Caucasian	48
3947	Annette	Terry	ruizmichael@example.org	2022-06-29	NULL	Active	Associate - People Operations	Associate	4	63462.91	3	Non-Binary	Two or More	43
3948	  Dominic  	Atkinson	vmurray@example.org	2026-02-23	NULL	Active	Supervisor/Lead - Customer Success	Supervisor/Lead	9	86853.24	3	Other	Caucasian	48
3949	Ashley	Day	derek79@example.net	2025-10-05	NULL	Active	Associate - IT Support	Associate	10	68836.0	2	Female	African American	56
3950	Dawn	Hamilton	madison59@example.org	2021-09-23	NULL	Active	Supervisor/Lead - Customer Success	Supervisor/Lead	9	75096.39	1	Female	Caucasian	37
3951	Brian	Collins	gillmelissa@example.net	2022-12-02	NULL	Active	Associate - IT Support	Associate	10	57932.58	NULL	Male	Hispanic	42
3952	Holly	Williams	TROYMCCLURE@EXAMPLE.COM	2024-08-03	NULL	Active	Associate - Security	Associate	11	57551.9	3	Female	Two or More	31
3953	Joan	Russell	campbelllisa@example.net	2025-03-04	2025-09-23	Terminated	supervisor/lead - internal communications	Supervisor/Lead	15	80832.05	1	Female	African American	36
3954	Angela	Collier	jameslang@example.net	2023-05-31	NULL	Active	Supervisor/Lead - Engineering	Supervisor/Lead	1	63088.81	1	Female	NULL	21
3955	Nicholas	Shannon	christopher54@example.com	2024-08-21	NULL	Active	Supervisor/Lead - Facilities	Supervisor/Lead	13	55937.15	1	Other	Caucasian	36
3956	Amber	Schultz	paul43@example.net	2023-04-25	NULL	Active	Associate - Customer Success	Associate	9	42428.35	4	Female	African American	46
3957	Amanda	Garcia	beckkevin@example.org	2025-03-08	NULL	Active	Supervisor/Lead - Customer Success	Supervisor/Lead	9	68872.53	3	Female	Two or More	41
3958	Kenneth	Martin	brownnicole@example.com	2025-08-08	NULL	Active	Associate - Corporate Strategy	Associate	14	52202.68	5	NULL	Caucasian	25
3959	Jennifer	Miller	maria67@example.org	11/12/2022	NULL	Active	Supervisor/Lead - Corporate Strategy	Supervisor/Lead	14	79589.05	2	Female	African American	21
3960	Bradley	Edwards	douglasgeorge@example.org	2023-05-16	NULL	Active	Associate - Product	Associate	2	43257.02	2	Other	African American	58
3961	Robert	Calderon	noahsanchez@example.net	2023-11-06	NULL	Active	Supervisor/Lead - Corporate Strategy	Supervisor/Lead	14	62426.52	5	Non-Binary	NULL	50
3962	Rebecca	Moore	phillipbeltran@example.org	2024-10-04	NULL	Active	Associate - Facilities	Associate	13	47734.81	1	Non-Binary	Hispanic	30
3963	Melissa	Russell	michellegreen@example.com	2024-02-29	NULL	Active	Associate - IT Support	Associate	10	57209.94	3	Female	African American	48
3964	Kimberly 	Hanson	rrichards@example.net	04/07/2026	NULL	Active	Associate - Legal	Associate	6	58913.99	5	Female	Hispanic	34
3965	Christopher	Combs	marycruz@example.com	2022-04-17	NULL	Active	Associate - Supply Chain	Associate	12	41693.31	3	Non-Binary	Asian	44
3966	Adriana	Freeman	robertcampos@example.org	2023-02-19	NULL	Active	Associate - Legal	Associate	6	40141.05	4	Female	Two or More	37
3967	Scott	Swanson	alvarezcrystal@example.com	2022-04-09	NULL	Active	Associate - Security	Associate	11	63982.13	3	Male	Two or More	44
3968	Caroline	Contreras	wpowell2@example.org	2023-04-07	NULL	Active	Associate - Facilities	Associate	13	51417.69	4	Female	Two or More	42
3969	Brittney	Boyer	tammy10@example.com	2022-12-17	NULL	Active	Associate - People Operations	Associate	4	73027.04	3	Female	Two or More	30
3970	Jesse	Brown	schwartztara@example.net	2024-03-01	NULL	Active	Associate - Corporate Strategy	Associate	14	62951.38	1	Male	African American	38
3971	Anna	Watkins	manuelortiz@example.org	02/01/2025	NULL	Active	Associate - Customer Success	Associate	9	50523.32	4	Non-Binary	Asian	40
3972	Daniel	Delgado	donnagarner@example.net	2022-09-29	2024-05-05	Terminated	Associate - IT Support	Associate	10	62195.87	3	Male	Asian	22
3973	Nancy	Mcclain	chuerta@example.org	2026-04-12	NULL	Active	Associate - IT Support	Associate	10	45676.87	3	Female	Asian	43
3974	Brandon	Rojas	joelsmith@example.net	2025-08-21	NULL	Active	Supervisor/Lead - Corporate Strategy	Supervisor/Lead	14	69988.42	5	Other	Two or More	26
3975	Robyn	Johns	hector35@example.org	2024-09-16	2026-01-10	Terminated	Associate - Engineering	Associate	1	63982.44	2	Female	Hispanic	53
3976	Elizabeth	Adams	tquinn@example.net	2025-05-25	NULL	Active	Associate - Data Science	Associate	3	52462.66	3	Non-Binary	Asian	48
3977	 Mackenzie	Schmitt	robert87@example.com	03/29/2024	NULL	Active	Associate - Corporate Strategy	Associate	14	48427.76	3	Female	Asian	39
3978	Raymond	Wilson	william67@example.net	2026-01-12	2026-07-06	Terminated	Associate - IT Support	Associate	10	71193.45	3	Male	Two or More	44
3979	Michelle	Jones	scottchristine@example.org	2026-05-23	NULL	Active	Supervisor/Lead - People Operations	Supervisor/Lead	4	64437.59	4	Female	Caucasian	55
3980	Patrick	Lopez	wilkinsonthomas@example.com	2024-02-14	NULL	Active	Associate - Customer Success	Associate	9	47370.95	4	Male	Two or More	41
3981	Brandon	Henderson	jesus21@example.org	2025-01-24	NULL	Active	Supervisor/Lead - Engineering	Supervisor/Lead	1	71620.76	3	Other	Asian	40
3982	Kelly	Ayala	russelltimothy@example.com	06/02/2024	NULL	Active	Associate - Customer Success	Associate	9	69984.44	3	Female	Asian	21
3983	Jason	Glass	hessjulie@example.com	2022-09-04	NULL	Active	Supervisor/Lead - Marketing	Supervisor/Lead	7	84164.84	5	Other	African American	31
3984	Jonathan	Miller	ifernandez@example.org	2022-11-27	2026-04-26	Terminated	Supervisor/Lead - IT Support	Supervisor/Lead	10	76755.73	2	Other	African American	41
3985	Jamie	Brooks	jeffersonthomas@example.net	2024-08-31	NULL	Active	Associate - Quality Assurance	Associate	16	57178.08	4	Female	Hispanic	42
3986	Robert	Howard	andrewbrown@example.net	2024-01-27	2026-04-30	Terminated	Supervisor/Lead - Marketing	Supervisor/Lead	7	62394.4	5	Non-Binary	Asian	22
3987	Harold	Wang	jenniferleach@example.org	2026-07-19	NULL	Active	Associate - Finance	Associate	5	62387.88	3	Male	Caucasian	43
3988	Jerry	Mitchell	fletcherian@example.net	2023-07-10	NULL	Active	Supervisor/Lead - Product	Supervisor/Lead	2	84166.21	4	Male	Caucasian	58
3989	Kristina	Foster	brownfrank@example.com	2022-02-16	NULL	Active	Associate - IT Support	Associate	10	70414.34	2	Female	Hispanic	25
3990	Jamie	Brown	angelicahunt@example.com	2021-11-11	NULL	Active	Associate - Corporate Strategy	Associate	14	56981.13	5	Male	Caucasian	40
3991	Alicia	Garcia	ruthscott@example.org	2022-08-04	NULL	Active	Associate - Corporate Strategy	Associate	14	42848.93	5	Other	African American	21
3992	Lucas	Lopez	brandon15@example.org	2024-01-01	NULL	Active	Associate - Customer Success	Associate	9	72577.01	4	Other	African American	46
3993	James	Curtis	bartlettandrew@example.com	2026-07-18	NULL	Active	Associate - People Operations	Associate	4	66136.87	3	Male	Two or More	30
3994	Joseph	Ray	nancysalinas@example.net	2025-04-06	NULL	Active	Associate - Finance	Associate	5	62818.37	3	Male	Two or More	47
3995	Robert	Holden	stephaniemiller@example.org	2024-11-05	2026-03-27	Terminated	Supervisor/Lead - Customer Success	Supervisor/Lead	9	62338.17	NULL	Non-Binary	Asian	42
3996	Christina	Goodman	yluna@example.org	2023-10-26	2024-05-30	Terminated	Associate - Corporate Strategy	Associate	14	40604.91	4	Female	Two or More	55
3997	Ryan	Adams	donnaalexander@example.org	2023-06-29	NULL	Active	Associate - People Operations	Associate	4	62241.05	3	Male	Hispanic	37
3998	Amber	Calhoun	jordancarlos@example.com	2023-01-25	NULL	Active	Associate - Facilities	Associate	13	57979.29	3	Female	Asian	38
3999	Elizabeth	Martin	lindsey78@example.org	2022-11-27	2023-02-16	Terminated	Associate - Sales	Associate	8	41545.77	3	Female	Asian	38
4000	James	Wolfe	bbrown2@example.com	2022-08-24	2026-02-03	Terminated	Supervisor/Lead - Legal	Supervisor/Lead	6	59883.73	1	Male	Asian	44
4001	Ann	Thomas	clarkbryan@example.com	2023-01-29	2023-12-26	Terminated	Associate - Corporate Strategy	Associate	14	68016.29	3	Non-Binary	Hispanic	66
4002	Lauren	Bennett	wellsjoe@example.net	2023-11-24	NULL	Active	Associate - Supply Chain	Associate	12	41773.26	3	Female	African American	35
4003	Jesus	Roberson	edward05@example.com	2024-03-05	NULL	Active	Supervisor/Lead - Finance	Supervisor/Lead	5	66147.16	3	Non-Binary	Asian	40
4004	Edward	Short	ashleyjones@example.org	2022-06-08	NULL	Active	Associate - Customer Success	Associate	9	57453.0	5	Male	Caucasian	32
4005	Christina	Friedman	kathleenbutler@example.org	2023-05-14	NULL	Active	Associate - IT Support	Associate	10	63822.76	3	Other	Caucasian	43
4006	Shelby	Oconnor	andersonjulia@example.org	2022-08-23	NULL	Active	Associate - Security	Associate	11	49376.6	2	Female	Asian	51
4007	Kimberly	Hicks	lauren67@example.net	2024-04-22	NULL	Active	Associate - Product	Associate	2	55628.48	4	Other	Hispanic	35
4008	Edward	Johnson	chadjones@example.org	2022-03-28	NULL	Active	Associate - Quality Assurance	Associate	16	44393.44	4	Male	Hispanic	33
4009	Jason	Rodriguez	annette06@example.com	2024-10-20	2025-01-18	Terminated	Associate - Supply Chain	Associate	12	46923.07	2	Non-Binary	African American	33
4010	Nicholas	Maldonado	jgreen@example.org	10/19/2025	NULL	Active	Associate - Facilities	Associate	13	62666.64	1	Male	Caucasian	45
4011	Pamela	Tran	william61@example.net	2023-03-23	NULL	Active	Associate - Data Science	Associate	3	47117.2	2	Female	Asian	56
4012	Adam	Paul	dbarrett@example.net	2025-06-09	NULL	Active	Associate - People Operations	Associate	4	64241.26	5	Non-Binary	Asian	45
4013	Justin	Green	vreynolds@example.org	2025-01-25	NULL	Active	Associate - IT Support	Associate	10	62756.49	4	Non-Binary	Caucasian	32
4014	Emma	Hunt	urowe@example.com	2022-01-19	NULL	Active	Supervisor/Lead - Security	Supervisor/Lead	11	68381.97	3	Female	African American	47
4015	Benjamin	Diaz	gbrown@example.net	2025-02-06	NULL	Active	Associate - Data Science	Associate	3	51428.62	3	Male	Asian	36
4016	Cynthia	Hughes	christy47@example.net	2024-01-15	NULL	Active	Manager - Engineering	Manager	1	83481.83	3	Female	Hispanic	43
4017	Ashley	Morrison	bonnie06@example.net	2025-08-08	NULL	Active	Manager - Security	Manager	11	75050.61	3	Non-Binary	African American	40
4018	Margaret	Kelly	marieharper@example.com	2022-05-15	NULL	Active	Associate - Finance	Associate	5	61748.68	1	Female	African American	66
4019	Samuel	Guerrero	bwallace@example.com	2021-10-31	2026-06-07	Terminated	Associate - Legal	Associate	6	67622.33	5	Male	Hispanic	40
4020	Sheila	Mclaughlin	hodgetony@example.net	2023-08-16	NULL	Active	Associate - Finance	Associate	5	58973.62	5	Other	Asian	41
4021	Kimberly	Franklin	maurice60@example.com	2023-09-08	NULL	Active	Associate - Data Science	Associate	3	68678.13	2	Other	Two or More	37
4022	Jeff	  Flores  	yhansen@example.com	2025-10-08	NULL	Active	Associate - Product	Associate	2	66346.44	5	Male	African American	29
4023	Javier	Nguyen	scott84@example.org	2025-07-29	NULL	Active	Associate - Quality Assurance	Associate	16	64835.39	3	Male	Asian	39
4024	Bradley	Ellison	ggray@example.org	2025-01-01	NULL	Active	Associate - People Operations	Associate	4	51073.06	1	Other	African American	42
4025	Samantha	Harris	popejoel@example.net	2022-01-04	NULL	Active	Associate - Supply Chain	Associate	12	69763.5	3	Female	Hispanic	32
4026	Shari	Green	shannon75@example.com	2022-09-09	NULL	Active	Associate - Legal	Associate	6	55463.01	3	Other	Two or More	43
4027	Shannon	Hayes	thomaswilliam@example.net	2022-04-03	NULL	Active	Supervisor/Lead - Sales	Supervisor/Lead	8	79211.93	2	Other	Two or More	38
4028	Paul	James	elizabeth05@example.net	2022-03-24	NULL	Active	Associate - Corporate Strategy	Associate	14	50902.83	4	Other	Hispanic	54
4029	Luis	Boyd	leslieshields@example.net	2025-12-28	NULL	Active	Associate - Corporate Strategy	Associate	14	74657.95	5	Male	African American	42
4030	Kayla	Ortiz	umiller@example.net	2021-10-04	NULL	Active	Associate - Internal Communications	Associate	15	41863.27	3	Non-Binary	Hispanic	25
4031	Susan	Porter	kathy19@example.net	2026-05-02	NULL	Active	Associate - People Operations	Associate	4	62566.95	3	Female	Asian	66
4032	Mackenzie	Olson	sanchezmarie@example.com	2024-12-28	NULL	Active	Associate - People Operations	Associate	4	74039.05	3	Female	African American	25
4033	Shelby	Wheeler	ftodd@example.com	2026-04-22	NULL	Active	Associate - Marketing	Associate	7	61284.27	2	Other	Asian	47
4034	Austin	 Romero	dustinlewis@example.com	2021-07-30	2023-05-11	Terminated	Associate - Internal Communications	Associate	15	49349.45	2	Non-Binary	Asian	44
4035	Willie	Chavez	lindsey87@example.net	2022-02-18	NULL	Active	Associate - People Operations	Associate	4	45413.08	4	Other	Asian	33
4036	Andrea	Bennett	david112@example.net	2023-08-02	NULL	Active	Associate - Data Science	Associate	3	45442.88	5	Female	African American	47
4037	Cassandra	Stanton	gouldantonio@example.net	2024-12-08	NULL	Active	Associate - Internal Communications	Associate	15	73516.72	3	Non-Binary	African American	28
4038	Paula	Moore	shaunwhitney@example.org	2023-05-04	2024-03-28	Terminated	Associate - Engineering	Associate	1	59721.73	2	Non-Binary	African American	51
4039	Michael	Smith	mary93@example.net	2022-01-23	NULL	Active	Associate - People Operations	Associate	4	41226.77	5	Non-Binary	African American	43
4040	James	Alexander	jjones@example.org	2025-02-25	2025-10-10	Terminated	Associate - IT Support	Associate	10	58429.32	3	Male	Hispanic	42
4041	Leslie	Krueger	kellysilva@example.org	2025-07-29	NULL	Active	Supervisor/Lead - Supply Chain	Supervisor/Lead	12	89888.88	5	Other	African American	34
4042	John	Marsh	katherinecabrera@example.net	2022-06-20	NULL	Terminated	Associate - Supply Chain	Associate	12	46689.88	4	Male	Asian	44
4043	Lori	Burke	leonardlatoya@example.com	2023-03-02	NULL	Active	Associate - Corporate Strategy	Associate	14	57299.51	2	Female	Asian	47
4044	Brandon	Castillo	ldavis@example.net	2024-10-08	NULL	Active	Associate - Product	Associate	2	54690.01	3	Non-Binary	Asian	25
4045	Timothy	Garcia	harmontimothy@example.net	2026-02-04	NULL	Active	Associate - People Operations	Associate	4	66752.92	4	Male	NULL	38
4046	Scott	Harmon	elizabeth56@example.org	2024-01-06	NULL	Active	Associate - Marketing	Associate	7	59744.94	4	Non-Binary	Caucasian	36
4047	Jessica	Benson	catherine21@example.org	2025-11-02	NULL	Active	Supervisor/Lead - Sales	Supervisor/Lead	8	83055.32	4	Non-Binary	Two or More	48
4048	Brian	Anderson	pbailey@example.org	2024-06-15	NULL	Active	Associate - Marketing	Associate	7	74429.24	4	Other	African American	33
4049	Carol	Hopkins	hollyschwartz@example.com	2025-07-10	NULL	Active	Associate - People Operations	Associate	4	72860.4	4	Female	Two or More	40
4050	Samuel	Webb	timothy35@example.com	2021-12-03	NULL	Active	Associate - Internal Communications	Associate	15	73626.36	3	Non-Binary	Hispanic	46
4051	Keith	Nguyen	john42@example.com	2025-07-17	NULL	Active	Associate - IT Support	Associate	10	42238.58	NULL	Non-Binary	Caucasian	54
4052	John	Harding	andrewseric@example.org	2023-03-11	NULL	Active	Associate - Legal	Associate	6	65662.78	4	Other	Asian	38
4053	Jonathan	Palmer	joseph55@example.net	2022-08-11	NULL	Active	Supervisor/Lead - Quality Assurance	Supervisor/Lead	16	55327.69	3	Non-Binary	African American	60
4054	Preston	Stevens	simmonsheather@example.org	2023-10-06	2025-10-02	Terminated	Supervisor/Lead - Customer Success	Supervisor/Lead	9	62716.38	2	Male	African American	26
4055	Michael	Kirby	jonyoung@example.net	2021-11-16	2022-12-20	Terminated	Supervisor/Lead - Supply Chain	Supervisor/Lead	12	87516.8	4	Male	Hispanic	46
4056	Anthony	Hale	dunnjacqueline@example.com	2024-12-29	NULL	Active	Supervisor/Lead - Engineering	Supervisor/Lead	1	86405.65	1	Other	NULL	42
4057	Molly	Flynn	anna85@example.com	2022-11-11	NULL	Active	Associate - IT Support	Associate	10	44016.16	2	Non-Binary	Hispanic	54
4058	Charles	Brown	jaysmith@example.net	2026-07-16	NULL	Active	Associate - Supply Chain	Associate	12	51599.86	4	Male	Hispanic	45
4059	Jacob	Tucker	nancydavis@example.org	2025-11-08	2026-02-21	Terminated	Associate - Customer Success	Associate	9	55518.1	4	Other	Asian	48
4060	Jose	Flores	reillycasey@example.com	2025-11-03	NULL	Active	Supervisor/Lead - Sales	Supervisor/Lead	8	87444.01	3	Male	Caucasian	47
4061	Lisa	Howard	erik80@example.org	2025-02-02	2025-06-15	Terminated	Associate - Marketing	Associate	7	50963.61	1	Other	Two or More	60
4062	Amy	Flores	twilliams@example.com	2023-12-23	NULL	Active	Supervisor/Lead - Finance	Supervisor/Lead	5	81775.95	2	Female	Asian	41
4063	James	Phillips	marc11@example.net	2022-12-20	2024-02-17	Terminated	Associate - Marketing	Associate	7	43073.93	4	Non-Binary	Two or More	46
4064	Vanessa	Townsend	shannon30@example.net	2025-03-12	01/26/2026	Terminated	Associate - Legal	Associate	6	67971.07	2	Female	Two or More	37
4065	Angela	Jones	maldonadosarah@example.net	2023-03-06	NULL	Active	Supervisor/Lead - Engineering	Supervisor/Lead	1	66532.53	3	Other	Hispanic	39
4066	Jennifer	Graves	millerolivia@example.org	2026-03-29	NULL	Active	Associate - Product	Associate	2	52610.91	5	Other	Hispanic	54
4067	Christina	Hayes	dana57@example.com	2021-09-02	NULL	Active	Associate - Product	Associate	2	45960.89	5	Female	African American	57
4068	Vanessa	Jordan	zdavid@example.net	2024-06-14	NULL	Active	Associate - Facilities	Associate	13	66357.7	4	Female	African American	41
4069	Holly	stewart	ophillips@example.net	2022-08-24	NULL	Active	Associate - Data Science	Associate	3	60518.5	5	Female	Asian	26
4070	David	Carrillo	heather35@example.com	2025-06-14	2025-06-05	Terminated	Associate - Security	Associate	11	73028.52	2	Male	Caucasian	41
4071	Rita	Ross	osnyder@example.com	2022-11-13	NULL	Active	Associate - Finance	Associate	5	69791.66	NULL	Non-Binary	Hispanic	41
4072	Curtis	Harris	stephen24@example.net	2021-12-12	NULL	Active	Supervisor/Lead - Supply Chain	Supervisor/Lead	12	80109.82	3	Other	Caucasian	42
4073	Nicholas	Medina	khensley@example.com	2025-03-01	NULL	Active	Associate - Corporate Strategy	Associate	14	66233.73	3	Non-Binary	African American	43
4074	Ryan	Phillips	josephtimothy@example.net	2022-01-31	2025-09-08	Terminated	Supervisor/Lead - Product	Supervisor/Lead	2	80637.21	3	Other	NULL	38
4075	Robert	Freeman	heather99@example.org	2025-07-16	2026-06-16	Terminated	Associate - Internal Communications	Associate	15	56280.4	3	Other	Two or More	43
4076	Jamie	Nixon	pjenkins2@example.net	11/07/2024	NULL	Active	Associate - Corporate Strategy	Associate	14	55829.09	3	Other	African American	36
4077	Tony	Romero	beckersteven@example.com	2026-07-26	NULL	Active	Supervisor/Lead - Quality Assurance	Supervisor/Lead	16	67753.0	3	Other	Two or More	43
4078	Roberta	Mcgrath	wthornton@example.org	2023-09-02	NULL	Active	Associate - People Operations	Associate	4	67761.0	4	Non-Binary	Hispanic	44
4079	Kevin	Hendrix	emilykaiser@example.com	2024-01-18	NULL	Active	Associate - Security	Associate	11	71650.83	4	Male	African American	36
4080	Robert	Valentine	rodney44@example.org	2023-01-26	NULL	Active	Associate - People Operations	Associate	4	66125.47	4	Male	African American	39
4081	Craig	Smith	jennifer69@example.net	2025-01-20	NULL	Active	Supervisor/Lead - People Operations	Supervisor/Lead	4	56066.55	2	Male	Hispanic	40
4082	Cindy	Dawson	johnnyconner@example.net	2023-07-13	NULL	Active	Associate - Customer Success	Associate	9	44940.21	3	Female	Hispanic	44
4083	Ian	Hall	morenomatthew@example.net	2023-08-22	NULL	Active	Associate - Product	Associate	2	45261.17	4	Non-Binary	Two or More	30
4084	Travis	Flores	mendezmaurice@example.com	2022-12-19	2026-06-11	Terminated	Associate - Engineering	Associate	1	55504.92	4	Male	Asian	41
4085	Jacob	Bishop	browntammy@example.net	2023-07-28	NULL	Active	Supervisor/Lead - Sales	Supervisor/Lead	8	NULL	4	Male	Caucasian	35
4086	Joseph	Ward	fhart@example.net	2024-09-09	NULL	Active	Associate - Customer Success	Associate	9	58626.63	3	Male	Hispanic	44
4087	Leah	Ruiz	sherryrosales@example.org	2021-09-04	2023-04-14	Terminated	Supervisor/Lead - Legal	Supervisor/Lead	6	55695.58	1	Non-Binary	Caucasian	36
4088	Linda	Johnson	ogarcia@example.com	2021-10-19	NULL	Active	Supervisor/Lead - Product	Supervisor/Lead	2	57567.53	3	Female	Two or More	46
4089	Kimberly	Rodriguez	flemingnathan@example.org	2023-09-20	NULL	Active	Supervisor/Lead - Customer Success	Supervisor/Lead	9	59879.37	4	Female	African American	21
4090	Megan	Bass	amylawson@example.com	2025-10-26	NULL	Active	Associate - Marketing	Associate	7	61333.9	4	Female	NULL	29
4091	Joseph	Whitney	mary54@example.net	2022-12-11	2024-07-26	Terminated	Associate - IT Support	Associate	10	64026.42	1	Other	Caucasian	51
4092	Joseph	Martinez	jeremy69@example.org	2024-05-05	2025-06-25	Active	Associate - People Operations	Associate	4	63843.24	3	Male	African American	39
4093	Whitney	Thomas	william74@example.net	2022-07-30	NULL	Active	Associate - Legal	Associate	6	66911.37	3	Other	Two or More	32
4094	William	Gutierrez	stephensonfrank@example.net	2025-06-04	NULL	Active	Associate - Facilities	Associate	13	66109.35	5	Other	Two or More	45
4095	Jason	Nguyen	judymayo@example.com	2024-07-17	NULL	Active	Associate - Internal Communications	Associate	15	40998.1	3	Other	Asian	42
4096	Bryan	Nichols	jenniferaguilar@example.net	2022-06-10	NULL	Active	Associate - Corporate Strategy	Associate	14	53945.53	3	Other	Hispanic	27
4097	Jason	Lopez	gilbertjennifer@example.org	2022-09-22	NULL	Active	Associate - Sales	Associate	8	69987.07	2	Male	NULL	50
4098	Tim	Freeman	erinyoung@example.com	2026-04-19	NULL	Active	Associate - Security	Associate	11	71801.3	3	Other	Two or More	39
4099	 Elizabeth 	Silva	lisaschroeder@example.org	2023-08-02	NULL	Active	Associate - Security	Associate	11	53422.29	1	Non-Binary	African American	40
4100	Tonya	Campbell	pholmes@example.com	2023-03-30	NULL	Active	Associate - Customer Success	Associate	9	47383.02	3	Female	Asian	38
4101	Rebecca	Lopez	josephlane@example.com	2026-01-13	NULL	Active	Associate - Engineering	Associate	1	74385.47	2	Female	Two or More	41
4102	Taylor	Valentine	lynnchristopher@example.net	2022-03-17	NULL	Active	Associate - Customer Success	Associate	9	48865.29	2	Non-Binary	African American	27
4103	Richard	Gonzales	carolinenewton@example.net	2024-09-06	NULL	Active	Associate - Corporate Strategy	Associate	14	45661.07	2	Male	African American	44
4104	William	Brown	dallen@example.com	2026-02-08	NULL	Active	Supervisor/Lead - Engineering	Supervisor/Lead	1	67822.83	3	Male	Asian	40
4105	Thomas	Moore	stevedaniels@example.net	2024-08-27	NULL	Active	Associate - Engineering	Associate	1	47571.87	3	Male	Two or More	22
4106	Donald	Smith	sarahbolton@example.com	2023-06-11	NULL	Active	Domain Director - IT Support	Domain Director	10	123925.31	4	Non-Binary	Caucasian	30
4107	Alyssa	Patton	laurasmith@example.org	2024-05-17	NULL	Active	Associate - Engineering	Associate	1	64378.46	4	Female	African American	42
4108	Janet	Pearson	zhughes@example.net	2021-07-10	NULL	Active	Associate - Marketing	Associate	7	NULL	5	Female	Hispanic	32
4109	Franklin	Martin	rodriguezmark@example.org	2023-10-21	NULL	Active	Associate - Legal	Associate	6	57120.65	3	Male	Two or More	66
4110	Kayla	Ryan	youngwilliam@example.com	2023-07-27	NULL	Active	Supervisor/Lead - Product	Supervisor/Lead	2	80770.89	3	Other	Hispanic	42
4111	Daniel	Farmer	bgordon@example.com	2025-08-28	NULL	Active	Supervisor/Lead - People Operations	Supervisor/Lead	4	73225.99	5	Male	Two or More	35
4112	Robert	Johnson	barbara27@example.org	2022-02-13	2024-10-25	Terminated	Associate - Sales	Associate	8	65359.22	3	Non-Binary	Hispanic	28
4113	Megan	Williams	lisa86@example.net	2026-05-10	NULL	Active	Associate - Marketing	Associate	7	64954.69	2	Female	Asian	NULL
4114	Michael	Sanchez	matthew98@example.com	2022-08-24	NULL	Active	Associate - Legal	Associate	6	55772.55	3	Male	Two or More	54
4115	Richard	Wagner	nicolegarza@example.com	2025-05-23	NULL	Active	Associate - Marketing	Associate	7	60833.66	5	Male	African American	50
4116	Pamela	Ingram	diamondhines@example.org	2023-05-19	NULL	Active	Associate - Product	Associate	2	68530.77	5	Other	Two or More	40
4117	Alexandra	Dixon	wgarcia@example.org	2026-04-29	NULL	Active	Associate - Engineering	Associate	1	59907.84	3	Female	Caucasian	41
4118	Jeffrey	Hernandez	johnsantos@example.com	2023-07-31	NULL	Active	Supervisor/Lead - Internal Communications	Supervisor/Lead	15	75701.05	3	Male	African American	29
4119	Jeffrey	Conway	lisablair@example.net	2022-12-12	NULL	Active	Associate - Facilities	Associate	13	42204.23	3	Non-Binary	Hispanic	38
4120	Christine	Chapman	taylor75@example.org	2023-02-10	NULL	Active	Associate - IT Support	Associate	10	67779.18	5	Female	Two or More	27
4121	Mindy	Townsend	owang@example.org	2022-07-09	NULL	Active	Associate - Internal Communications	Associate	15	49018.32	4	Female	Asian	39
4122	Zachary	Vasquez	waltersjennifer@example.org	2023-03-13	NULL	Active	Associate - Internal Communications	Associate	15	50334.62	3	Non-Binary	African American	37
4123	Thomas	Marquez	pwilliams@example.org	2025-10-26	NULL	Active	Associate - Engineering	Associate	1	54678.93	3	Male	Caucasian	52
4124	David	Tyler	phillipsdavid@example.org	2024-11-08	NULL	Active	Associate - Engineering	Associate	1	59341.49	NULL	Non-Binary	NULL	39
4125	Andrew	Thompson	rhondafrancis@example.org	2024-07-11	NULL	Active	Associate - Data Science	Associate	3	67996.97	4	Other	African American	42
4126	Peter	Bond	dawn81@example.com	2021-09-29	NULL	Active	Associate - Data Science	Associate	3	64748.81	4	Male	Hispanic	38
4127	Julie	Lawson	david40@example.net	2023-11-17	NULL	Active	Associate - Security	Associate	11	65399.3	2	Female	Asian	44
4128	Rachel	Allen	sarahrodriguez@example.net	2025-10-28	NULL	Active	Assistant Manager - Internal Communications	Assistant Manager	15	97695.5	3	Female	Two or More	35
4129	Heidi	Kelly	iramirez@example.org	2024-03-10	NULL	Active	Associate - Facilities	Associate	13	42140.1	5	Female	Asian	41
4130	Chris	Powell	donaldpadilla@example.com	2023-07-02	2024-02-13	Terminated	Associate - Internal Communications	Associate	15	68351.99	4	Other	Two or More	39
4131	Anna	Turner	williamslisa@example.com	2023-06-15	NULL	Active	Associate - Facilities	Associate	13	54861.25	5	Other	Caucasian	61
4132	Rebecca	Klein	maxwellmarcus@example.com	2022-08-01	NULL	Active	Associate - Data Science	Associate	3	62948.66	2	Female	African American	57
4133	Teresa	Haney	david71@example.net	2025-01-21	NULL	Active	Associate - Engineering	Associate	1	52923.41	4	Female	African American	43
4134	Kevin	Johnson	peterscassie@example.com	2024-06-14	NULL	Active	Associate - Security	Associate	11	49047.29	4	Male	Two or More	52
4135	Roger	Caldwell	jennifercastro@example.net	2023-07-13	NULL	Active	Associate - Corporate Strategy	Associate	14	55301.89	3	Non-Binary	Two or More	NULL
4136	Frank	Ray	garykelly@example.org	2024-12-20	NULL	Active	Associate - Corporate Strategy	Associate	14	72209.29	2	Male	Asian	38
4137	Daniel	Wallace	scottburns@example.com	2024-11-16	NULL	Active	Associate - Corporate Strategy	Associate	14	62593.76	3	Non-Binary	Hispanic	23
4138	Daniel	Snow	jorgegallagher@example.net	2023-01-04	NULL	Active	Associate - People Operations	Associate	4	66813.78	5	Male	Asian	41
4139	Ellen	Lee	wendymartin@example.org	2026-02-02	NULL	Active	Associate - Supply Chain	Associate	12	48452.01	3	Non-Binary	Hispanic	44
4140	Julie	Parker	hardinrhonda@example.org	2025-11-22	NULL	Active	Supervisor/Lead - Marketing	Supervisor/Lead	7	77177.65	5	Female	Caucasian	29
4141	Anne	Cruz	ashley15@example.com	2021-11-21	NULL	Active	Supervisor/Lead - Engineering	Supervisor/Lead	1	60410.62	3	Female	African American	42
4142	Julie	 Lutz 	john66@example.net	2025-01-12	NULL	Active	Associate - Engineering	Associate	1	50545.76	3	Female	Caucasian	48
4143	Jennifer	Orr	hillthomas@example.com	2025-08-10	NULL	Active	Associate - Sales	Associate	8	45432.23	2	Other	Two or More	26
4144	Michelle	Moore	acostabradley@example.org	2026-06-14	NULL	Active	Associate - Legal	Associate	6	71570.46	4	Non-Binary	Caucasian	41
4145	Jessica	Cameron	vwright3@example.com	2026-01-05	NULL	Active	Associate - People Operations	Associate	4	73579.17	4	Female	Hispanic	53
4146	Sydney	Medina	asmith@example.net	2023-08-26	NULL	Active	Associate - Sales	Associate	8	42467.32	2	Non-Binary	Two or More	34
4147	Lori	Thompson	oterry@example.net	2025-10-17	2026-03-29	Terminated	Associate - Marketing	Associate	7	51377.03	4	Female	Hispanic	63
4148	Larry	Gonzalez	trevinojames@example.com	2021-07-31	2022-01-31	Terminated	Associate - Finance	Associate	5	69818.52	5	Male	Hispanic	32
4149	Arthur	Castillo	shawstacy@example.net	2022-08-29	NULL	Active	Associate - Facilities	Associate	13	46152.35	3	Other	Two or More	37
4150	Charles	Frey	lauriecampbell@example.net	2025-11-03	NULL	Active	Associate - Supply Chain	Associate	12	60438.05	2	Non-Binary	Asian	22
4151	Paula	Brown	huntjustin@example.com	2021-08-01	NULL	Active	Supervisor/Lead - Legal	Supervisor/Lead	6	73513.8	4	Non-Binary	Caucasian	46
4152	Kelly	Ramirez	jenna30@example.net	2023-06-23	NULL	Active	Associate - Supply Chain	Associate	12	56918.18	4	Non-Binary	Asian	41
4153	Chad	West	mvillegas@example.com	2022-02-10	NULL	Active	Assistant Manager - Marketing	Assistant Manager	7	73685.06	4	Other	Caucasian	34
4154	Samuel	Smith	victoria70@example.org	2023-12-02	2024-03-11	Terminated	Supervisor/Lead - Internal Communications	Supervisor/Lead	15	58407.76	5	Non-Binary	Caucasian	21
4155	John	Gardner	fullerandrew@example.com	2021-12-28	NULL	Active	Associate - Product	Associate	2	45807.14	3	NULL	Hispanic	40
4156	Edward	Allen	hmunoz@example.net	2022-09-16	NULL	Active	Supervisor/Lead - Sales	Supervisor/Lead	8	75563.2	1	Male	NULL	21
4157	Andrew	Rivas	vhuff@example.net	2023-03-18	2024-11-09	Terminated	Associate - IT Support	Associate	10	59186.28	3	Non-Binary	Hispanic	49
4158	Cathy	Ward	creese@example.org	03/23/2024	NULL	Active	Associate - IT Support	Associate	10	68905.89	2	Female	Hispanic	49
4159	Virginia	Marshall	nwilson@example.com	2025-04-19	NULL	Active	Associate - Supply Chain	Associate	12	73225.16	2	Non-Binary	African American	37
4160	Kenneth	Webb	parksmark@example.net	12/16/2023	NULL	Active	Associate - Customer Success	Associate	9	46546.92	3	Other	Caucasian	49
4161	Joseph	Miller	nconner@example.org	2024-11-30	NULL	Active	Associate - Supply Chain	Associate	12	72079.79	3	Other	African American	55
4162	Justin	Hill	martinlarry@example.com	2025-08-09	NULL	Active	Associate - Corporate Strategy	Associate	14	47238.2	4	Non-Binary	Asian	27
4163	Joseph	Robinson	gomezshelly@example.net	2022-09-02	2023-08-29	Terminated	Associate - Finance	Associate	5	50218.94	3	Non-Binary	African American	21
4164	Sarah	Mcdonald	mgoodwin@example.org	2024-02-14	NULL	Active	Associate - Quality Assurance	Associate	16	52137.15	3	Non-Binary	Asian	33
4165	Emily	Williams	robert37@example.com	2025-05-14	NULL	Active	Associate - Marketing	Associate	7	44843.9	3	Non-Binary	Asian	46
4166	Erik	Davis	connie73@example.com	2023-07-31	NULL	Active	Associate - Product	Associate	2	74418.44	5	Other	Two or More	38
4167	Kenneth	Rhodes	vbarnett@example.com	2025-08-13	NULL	Active	Associate - Corporate Strategy	Associate	14	56932.04	3	NULL	Caucasian	33
4168	Michelle	Ramirez	qgiles@example.net	2024-02-05	NULL	Active	Associate - Legal	Associate	6	41900.04	3	NULL	Hispanic	25
4169	Jeremy	 Kim 	pdavis@example.org	2026-06-18	NULL	Active	Supervisor/Lead - Finance	Supervisor/Lead	5	81644.53	1	Male	Asian	53
4170	Shawn	Lara	LOPEZDONALD@EXAMPLE.NET	2025-07-13	NULL	Active	Associate - People Operations	Associate	4	40593.66	3	Non-Binary	Asian	54
4171	Thomas	Gordon	smorgan@example.net	2025-12-01	NULL	Active	Associate - Data Science	Associate	3	73556.73	3	Non-Binary	Caucasian	38
4172	Justin	Martinez	pthomas@example.net	2022-09-10	NULL	Active	Supervisor/Lead - Engineering	Supervisor/Lead	1	82300.07	3	Male	Caucasian	35
4173	Caroline	Carter	matthew75@example.org	2025-01-29	NULL	Active	Associate - Sales	Associate	8	69593.62	3	Female	African American	37
4174	Lee	Smith	wcalderon@example.net	2022-09-26	NULL	Active	Associate - Sales	Associate	8	59323.78	2	Male	Asian	35
4175	Ryan	Ortiz	lyonstonya@example.org	2023-02-12	NULL	Active	Associate - Quality Assurance	Associate	16	62999.46	2	Male	Hispanic	28
4176	Christine	Perry	baldwindonald@example.com	2024-04-25	2024-06-10	Terminated	Supervisor/Lead - Customer Success	Supervisor/Lead	9	86187.87	3	Other	Hispanic	33
4177	James	King	johnlopez@example.com	2025-04-15	NULL	Active	Manager - People Operations	Manager	4	104629.69	1	Male	Asian	45
4178	Kelli	Shaw	samuelbarry@example.net	2022-11-06	NULL	Active	Associate - Marketing	Associate	7	41549.46	3	Female	Asian	33
4179	Todd	Patterson	brownwyatt@example.net	2025-03-17	NULL	Active	Associate - Data Science	Associate	3	49810.17	4	Non-Binary	Two or More	37
4180	Drew	Serrano	michael06@example.com	2023-09-06	NULL	Active	Associate - Internal Communications	Associate	15	62744.23	3	Other	Hispanic	23
4181	Jennifer	Farrell	caleblyons@example.com	2022-08-11	NULL	Active	Assistant Manager - Security	Assistant Manager	11	78049.19	5	Female	Two or More	50
4182	Tracy	Carter	whart@example.com	2022-07-24	NULL	Active	Associate - Corporate Strategy	Associate	14	56305.5	3	Non-Binary	Two or More	47
4183	Anthony	Johnson	deborah60@example.com	2023-12-07	NULL	Active	Supervisor/Lead - IT Support	Supervisor/Lead	10	76204.48	4	Other	African American	42
4184	Erin	Weaver	alexis21@example.net	2024-06-01	NULL	Active	Associate - Supply Chain	Associate	12	73699.38	2	Non-Binary	Hispanic	59
4185	Melanie	Dean	priscillasalinas@example.org	2026-02-15	NULL	Active	Associate - Supply Chain	Associate	12	66565.44	NULL	NULL	Caucasian	45
4186	Terri	Singleton	mitchelljessica@example.net	2022-05-24	NULL	Active	Associate - People Operations	Associate	4	65749.6	3	Other	Hispanic	28
4187	Elizabeth	Mendez	shannonnguyen@example.net	2023-08-15	2024-09-19	Terminated	Supervisor/Lead - Corporate Strategy	Supervisor/Lead	14	71181.9	3	Non-Binary	Asian	35
4188	David	Owens	johncooper@example.net	2025-08-05	NULL	Active	Associate - Corporate Strategy	Associate	14	65716.52	3	Non-Binary	NULL	21
4189	Richard	Johnston	vsolomon@example.org	2022-07-22	2024-09-13	Terminated	Associate - Finance	Associate	5	60756.4	5	Non-Binary	Hispanic	49
4190	Joseph	Velazquez	JOSEPH60@EXAMPLE.COM	2021-11-25	2025-09-26	Terminated	Associate - Customer Success	Associate	9	60757.38	4	Non-Binary	Caucasian	44
4191	Leslie	Sanchez	summersmith@example.org	2022-04-30	NULL	Active	Associate - Marketing	Associate	7	52720.79	3	Non-Binary	Two or More	38
4192	Christopher	Greene	ydaniels@example.net	2023-01-03	2023-04-03	Terminated	associate - internal communications	Associate	15	42121.55	3	Other	Hispanic	30
4193	Sandra	Gallegos	reynoldslisa@example.com	2021-12-31	NULL	Active	Associate - Quality Assurance	Associate	16	54553.51	4	Female	Asian	26
4194	Cynthia	Tran	jgarrett@example.com	2022-01-22	NULL	Active	Associate - Data Science	Associate	3	56551.22	2	Non-Binary	Caucasian	32
4195	Tara	Franklin	rachel68@example.net	2022-01-08	NULL	Active	Associate - Sales	Associate	8	69300.48	3	Female	Two or More	43
4196	Brittney	Johnston	reynoldsmichelle@example.com	2022-08-29	NULL	Active	Supervisor/Lead - Facilities	Supervisor/Lead	13	58237.48	4	Other	African American	55
4197	Laura	Cunningham	dawsonmiguel@example.org	2025-12-01	NULL	Active	Associate - Security	Associate	11	68865.85	4	Female	African American	32
4198	Michaela	Fletcher	thomasromero@example.com	2024-04-10	NULL	Active	Associate - IT Support	Associate	10	65834.6	4	Non-Binary	African American	29
4199	Patrick	Green	jilliancortez@example.net	2022-01-14	2026-06-27	Terminated	Associate - Marketing	Associate	7	65027.49	3	Male	Caucasian	49
4200	Nicole	Shepherd	mnguyen@example.org	2026-02-07	NULL	Active	Associate - Internal Communications	Associate	15	74564.37	3	Female	Hispanic	39
4201	Michele	Dominguez	wendy40@example.com	2024-05-26	NULL	Active	Associate - Customer Success	Associate	9	69341.87	2	Other	Caucasian	61
4202	Matthew	Gibbs	jill23@example.com	2025-02-08	NULL	Active	Associate - Corporate Strategy	Associate	14	61655.53	3	Male	Hispanic	49
4203	David	Miller	tabitha67@example.org	2026-01-16	NULL	Active	Associate - Marketing	Associate	7	69067.22	3	Other	NULL	44
4204	Christopher	Murphy	christinewilliams@example.org	2025-10-22	NULL	Active	Associate - Security	Associate	11	52519.21	1	Other	Asian	40
4205	Kiara	Curtis	howardjason@example.net	2024-02-27	NULL	Active	Associate - Internal Communications	Associate	15	67526.61	1	Female	African American	35
4206	Alan	Boone	ngonzalez@example.com	2023-08-08	NULL	Active	Associate - People Operations	Associate	4	67487.28	5	Non-Binary	African American	40
4207	Roger	Taylor	gcampbell@example.org	2025-03-13	2026-03-29	Terminated	Associate - Corporate Strategy	Associate	14	58987.35	3	Other	Asian	65
4208	Samantha	Chang	marykey@example.com	2023-01-07	2024-04-11	Terminated	Associate - Finance	Associate	5	41817.62	4	Female	Hispanic	47
4209	David	Austin	colleen60@example.com	2025-03-05	NULL	Active	Supervisor/Lead - Internal Communications	Supervisor/Lead	15	76113.37	2	Non-Binary	Caucasian	32
695	Kevin	White	ehicks@example.org	11/08/2024	NULL	Active	Associate - Sales	Associate	8	62203.89	3	Male	Two or More	41
4210	Diane	Myers	reeseann@example.org	2022-05-31	NULL	Active	Supervisor/Lead - Customer Success	Supervisor/Lead	9	62201.3	2	Female	Hispanic	30
4211	James	Reed	cynthiatorres@example.com	2023-09-25	2025-01-14	Terminated	Associate - Security	Associate	11	52926.28	5	Male	African American	46
4212	Nathan	Clark	qtorres@example.net	2021-07-13	NULL	Active	Associate - Finance	Associate	5	44550.98	1	Male	African American	27
4213	Andrea	Morales	vprice@example.com	2022-09-18	NULL	Active	Associate - Marketing	Associate	7	51089.35	4	Non-Binary	Two or More	53
4214	Robin	Smith	porterjustin@example.net	2025-11-11	NULL	Active	Associate - Product	Associate	2	47511.52	3	Female	African American	44
4215	Jerry	Jordan	stephaniegardner@example.net	2025-03-28	NULL	Active	Associate - Quality Assurance	Associate	16	61662.33	4	Male	African American	31
4216	Bobby	Edwards	fhernandez@example.org	2026-02-06	NULL	Active	Associate - Finance	Associate	5	74400.23	4	Male	African American	31
4217	Patrick	Simon	martinpaul@example.com	2021-11-13	NULL	Active	Supervisor/Lead - Facilities	Supervisor/Lead	13	79030.6	4	Other	African American	33
4218	Allison	Ali	smithlucas@example.net	2021-12-14	NULL	Active	Associate - Finance	Associate	5	59506.19	NULL	Female	Caucasian	28
4219	Jennifer	Jones	arios@example.org	2021-12-10	NULL	Active	Supervisor/Lead - Corporate Strategy	Supervisor/Lead	14	56865.48	3	Female	Asian	38
4220	David	Chen	sheri34@example.net	2024-07-16	NULL	Active	Assistant Manager - Supply Chain	Assistant Manager	12	93274.75	2	Non-Binary	Asian	43
4221	Thomas	Hammond	jenniferhughes@example.org	2023-02-20	NULL	Active	Associate - Corporate Strategy	Associate	14	48598.51	4	Male	Two or More	54
4222	Tiffany	Wilkins	gcole@example.org	2021-08-07	NULL	Active	Associate - Internal Communications	Associate	15	69563.64	3	Other	Hispanic	38
4223	Andrew	Morales	mcdonalddebra@example.com	2024-02-10	NULL	Active	Assistant Manager - Security	Assistant Manager	11	83103.92	4	Male	Caucasian	25
4224	Jason	Baker	shane95@example.net	2022-08-09	NULL	Active	Associate - Marketing	Associate	7	74080.9	3	Non-Binary	African American	46
4225	Jennifer	Ortega	swilliams@example.org	2026-04-10	NULL	Active	Associate - Data Science	Associate	3	40097.86	1	Non-Binary	Caucasian	25
4226	Richard	Armstrong	fwhite@example.net	2025-08-17	NULL	Active	Associate - Customer Success	Associate	9	58088.78	2	Male	Caucasian	33
4227	Susan	Martin	williamjensen@example.net	2024-10-04	NULL	Active	Associate - Legal	Associate	6	54499.59	2	Female	Asian	45
4228	Jordan	Lambert	hawkinscindy@example.org	2026-06-16	NULL	Active	Associate - Sales	Associate	8	60677.33	NULL	Other	Caucasian	38
4229	James	George	josephroberts@example.org	2022-12-24	NULL	Active	Associate - Internal Communications	Associate	15	62592.37	3	Other	Two or More	35
4230	Rachel	Walker	xsmith@example.com	2022-10-22	NULL	Active	Associate - Product	Associate	2	66531.01	1	Female	African American	40
4231	Douglas	Rogers	bball@example.org	2024-05-28	NULL	Active	Associate - Engineering	Associate	1	41799.84	1	Male	Caucasian	48
4232	David	Juarez	millerjames@example.com	2022-01-21	2022-06-04	Terminated	Manager - IT Support	Manager	10	85887.11	3	Male	Asian	42
4233	Alexandra	Ochoa	ugordon@example.com	2026-02-17	NULL	Active	Associate - Legal	Associate	6	68855.06	4	Female	Asian	33
4234	Andrea	Stephens	victoria93@example.net	2024-01-14	2024-04-04	Terminated	Associate - Sales	Associate	8	52510.05	5	Female	Caucasian	44
4235	Nathan	Alexander	dallen2@example.com	2022-07-02	NULL	Active	Associate - Facilities	Associate	13	57963.44	3	Male	Two or More	44
4236	Dominic	Fuentes	robertobrown@example.com	2023-04-11	NULL	Active	Assistant Manager - Corporate Strategy	Assistant Manager	14	94999.93	4	Male	Caucasian	23
4237	Paul	Dominguez	kyle00@example.org	2022-10-13	2024-06-19	Terminated	Associate - Internal Communications	Associate	15	60383.24	2	Male	African American	47
4238	Tanya	Lopez	michelle50@example.org	2024-02-07	2026-06-18	Terminated	Associate - IT Support	Associate	10	67558.48	1	Female	African American	43
4239	Kevin	Miller	james40@example.net	2026-01-12	NULL	Active	Associate - Facilities	Associate	13	69354.73	4	Other	Hispanic	46
4240	John	Tran	brittany14@example.org	2026-01-11	NULL	Active	Associate - Sales	Associate	8	47830.51	1	Non-Binary	Asian	36
4241	Kelsey	Hill	kristen40@example.com	2025-10-08	NULL	Active	Associate - Legal	Associate	6	59212.47	5	Non-Binary	Asian	29
4242	Sarah	Johnson	alex47@example.com	2021-08-05	NULL	Active	Associate - Engineering	Associate	1	44143.05	4	Non-Binary	Asian	47
4243	Bradley	Williams	yfoster@example.net	2025-09-10	NULL	Active	Associate - People Operations	Associate	4	61864.36	3	Non-Binary	African American	49
4244	Dan	Wallace	denisebrown@example.org	2022-11-29	NULL	Active	Associate - Marketing	Associate	7	68992.97	5	Male	Caucasian	21
4245	Mark	Anderson	markrogers@example.org	2022-12-11	NULL	Active	Associate - People Operations	Associate	4	66085.48	1	Male	African American	36
4246	Michelle	Fisher	cwilliams@example.org	2025-04-12	NULL	Active	Supervisor/Lead - Finance	Supervisor/Lead	5	73653.24	3	Non-Binary	Two or More	40
4247	  Alec  	Cisneros	danielle93@example.com	2023-09-12	2026-06-22	Terminated	Supervisor/Lead - Facilities	Supervisor/Lead	13	73214.7	3	Male	Caucasian	34
4248	Brandon	Martinez	wandacross@example.net	2025-02-10	NULL	Active	Supervisor/Lead - Marketing	Supervisor/Lead	7	78316.71	3	Male	Two or More	40
4249	Timothy	York	norriskathryn@example.com	2023-05-22	NULL	Active	Associate - Sales	Associate	8	49189.36	4	Other	Asian	43
4250	Linda	Burnett	tiffany05@example.org	2025-10-12	2026-01-08	Terminated	Associate - Finance	Associate	5	49936.4	3	Female	Two or More	33
4251	Michelle	Carroll	hudsonmark@example.net	2026-05-01	NULL	Active	Associate - Facilities	Associate	13	60060.81	3	Female	Two or More	28
4252	Devin	Carey	fdavis@example.com	2023-01-05	NULL	Active	Associate - Security	Associate	11	47557.18	4	Male	African American	29
4253	Amy	Shaffer	anthony58@example.org	2026-05-27	NULL	Active	Supervisor/Lead - Customer Success	Supervisor/Lead	9	68941.83	3	Female	African American	39
4254	Timothy	Harrison	donald21@example.net	2025-05-22	NULL	Active	Associate - Sales	Associate	8	41769.16	NULL	Male	Hispanic	38
4255	Eric	Montes	amandakey@example.com	2022-04-20	NULL	Active	Assistant Manager - Internal Communications	Assistant Manager	15	85261.88	2	Other	African American	35
4256	Jeffrey	Lynch	martincory@example.net	2022-04-25	NULL	Active	Associate - Data Science	Associate	3	63138.95	4	Non-Binary	Asian	NULL
4257	Jennifer	Adams	calebgilmore@example.net	2024-11-24	NULL	Active	Associate - People Operations	Associate	4	60145.73	NULL	Non-Binary	Asian	37
4258	Sabrina	Hall	craigashley@example.org	2022-04-07	NULL	Active	Associate - Corporate Strategy	Associate	14	61477.29	4	Non-Binary	Caucasian	45
4259	Amanda	Martinez	michaelcruz@example.com	2023-02-14	NULL	Active	Associate - Corporate Strategy	Associate	14	53043.46	2	Female	Hispanic	40
4260	Joel	Larsen	nbaldwin@example.org	2022-12-13	NULL	Active	Associate - Corporate Strategy	Associate	14	66472.89	5	Male	Hispanic	NULL
4261	Rhonda  	Smith	oschneider@example.com	2023-09-10	NULL	Active	Associate - Engineering	Associate	1	71727.21	3	Non-Binary	Caucasian	50
4262	Ethan	Smith	trevinodiane@example.net	2022-11-23	2025-10-25	Terminated	Associate - Supply Chain	Associate	12	53327.23	3	Non-Binary	Two or More	43
4263	Brianna	Johnson	jackiecox@example.org	2023-08-05	NULL	Active	Associate - Corporate Strategy	Associate	14	42944.3	3	Female	African American	43
4264	Joshua	West	ojackson2@example.com	2025-06-19	NULL	Active	Associate - Facilities	Associate	13	40613.57	NULL	Other	NULL	45
4265	Mark	Bishop	velezmaria@example.org	2022-08-23	NULL	Active	Associate - Facilities	Associate	13	66403.35	3	Non-Binary	Hispanic	21
4266	Stephanie	Hardin	zacharyhull@example.com	2025-10-18	NULL	Active	Associate - Quality Assurance	Associate	16	46079.99	2	Non-Binary	African American	51
4267	Nicole	Wilson	tuckerandre@example.net	2025-04-14	NULL	Active	Associate - Product	Associate	2	63885.08	5	Female	Hispanic	54
4268	  Alexa  	Potter	ymoyer@example.com	2022-03-18	NULL	Active	Associate - Data Science	Associate	3	67562.14	3	Other	Caucasian	46
4269	Denise	Martin	smithrobert@example.org	2024-12-02	2026-04-28	Terminated	associate - supply chain	Associate	12	66529.49	3	Female	Two or More	40
4270	Amanda	Osborne	smithchristine@example.com	2022-06-23	2023-11-14	Terminated	Associate - Internal Communications	Associate	15	48407.87	2	Female	Caucasian	34
4271	Helen	Carey	xswanson@example.org	2021-12-28	2024-05-08	Terminated	Associate - Data Science	Associate	3	60926.7	5	Female	Two or More	24
4272	Elizabeth	Sims	austin26@example.com	2024-03-17	NULL	Active	Associate - IT Support	Associate	10	49529.66	4	Other	Asian	24
4273	Kimberly	Gonzalez	ericnorman@example.net	2022-02-25	2025-06-29	Terminated	Associate - Finance	Associate	5	61458.35	3	Other	Hispanic	44
4274	Ryan	Berry	elizabethclark@example.org	2024-05-24	NULL	Active	Associate - People Operations	Associate	4	42703.25	4	Non-Binary	Two or More	52
4275	Christopher	Ramos	joyceolson@example.net	2024-11-05	NULL	Active	Associate - IT Support	Associate	10	66114.58	3	Male	Two or More	40
4276	Jorge  	Mcknight	fscott@example.net	2025-05-17	NULL	Active	Associate - People Operations	Associate	4	60829.49	4	Male	Hispanic	60
4277	Stephanie	Lee	xwyatt@example.net	2024-05-01	NULL	Active	Associate - Data Science	Associate	3	47822.29	1	Non-Binary	Asian	49
4278	Leah	Baker	jesusmartinez@example.com	02/18/2026	NULL	Active	Assistant Manager - Legal	Assistant Manager	6	98888.55	5	Female	African American	25
4279	Richard	Hodges	christopherramsey@example.com	2026-05-16	NULL	Active	Domain Director - Customer Success	Domain Director	9	130903.87	3	Non-Binary	NULL	49
4280	Jennifer	Allison	julie62@example.net	2022-08-22	NULL	Active	Associate - Finance	Associate	5	69322.7	3	Female	Two or More	45
4281	Michael	Harris	brendan78@example.org	2022-10-10	NULL	Active	Associate - Product	Associate	2	63104.85	3	Other	African American	43
4282	Jodi	Salas	keith27@example.org	2024-08-02	NULL	Active	Associate - Sales	Associate	8	57785.35	4	Female	African American	55
4283	Becky	Riley	gregory02@example.net	2023-02-09	2026-03-04	Terminated	Associate - Marketing	Associate	7	66968.3	5	Other	African American	50
4284	Eric	Espinoza	jillcarlson@example.net	2022-08-29	NULL	Active	Associate - Product	Associate	2	62906.98	2	Other	Caucasian	34
4285	Thomas	Payne	jenna31@example.com	2023-08-16	2026-08-02	Terminated	Supervisor/Lead - IT Support	Supervisor/Lead	10	69084.94	3	Male	Caucasian	47
4286	Ashley	Reyes	uhutchinson@example.org	2022-02-08	NULL	Active	Associate - Customer Success	Associate	9	49346.91	3	Other	African American	48
4287	Ryan	Nichols	paullarson@example.com	2023-12-24	2024-08-22	Terminated	Associate - Security	Associate	11	73935.5	4	Other	Asian	40
4288	Sarah	Mann	cameron06@example.net	2023-05-11	NULL	Active	Supervisor/Lead - Security	Supervisor/Lead	11	87796.76	3	Female	Caucasian	38
4289	Kara	CARTER	sarajenkins@example.com	2022-01-12	NULL	Active	Associate - Internal Communications	Associate	15	66107.84	4	Other	Caucasian	37
4290	Mariah	Miller	martinezaaron@example.net	2022-07-29	NULL	Active	Associate - Legal	Associate	6	45690.46	3	Other	African American	47
4291	Thomas	Clayton	sampsondaniel@example.net	2026-05-16	NULL	Active	Domain Director - Internal Communications	Domain Director	15	173901.93	1	Other	NULL	39
4292	Bethany	Blair	amills@example.net	2024-06-06	NULL	Active	Associate - Security	Associate	11	42901.93	3	Female	Caucasian	27
4293	George	Smith	warrenfloyd@example.com	2022-04-03	2023-04-19	Terminated	Associate - Sales	Associate	8	47897.75	2	Male	African American	33
4294	Grace	Nichols	kimberlysingleton@example.org	2026-04-27	NULL	Active	Associate - Internal Communications	Associate	15	47397.99	3	Non-Binary	Asian	31
4295	Mark	Delgado	zpalmer@example.org	2021-10-08	NULL	Active	Associate - Security	Associate	11	66462.76	4	Male	Caucasian	35
4296	Tammy	Love	lynn07@example.net	2024-11-19	NULL	Active	Supervisor/Lead - Engineering	Supervisor/Lead	1	87199.5	2	Female	Caucasian	42
4297	Robert	Smith	sarah69@example.com	2025-07-19	NULL	Active	Associate - Marketing	Associate	7	47254.12	4	Non-Binary	NULL	40
4298	Richard	Hood	margaret88@example.org	2023-01-02	2024-12-30	Terminated	Associate - People Operations	Associate	4	69905.09	3	Other	Hispanic	27
4299	Aaron	Marquez	jason53@example.org	2023-01-19	NULL	Active	Associate - Security	Associate	11	47341.19	2	Non-Binary	Caucasian	40
4300	Dana	Henderson	melvin45@example.net	2026-01-25	NULL	Active	Associate - Facilities	Associate	13	47479.64	4	Female	Two or More	47
4301	Shaun	Wilson	mark90@example.org	2024-07-15	NULL	Active	Associate - Facilities	Associate	13	67325.71	3	Male	Asian	39
4302	Mark	Thompson	andrewmccall@example.org	2026-04-13	NULL	Active	Associate - Corporate Strategy	Associate	14	73282.93	5	Other	Caucasian	42
4303	Adam	Patrick	robertperez@example.org	2024-03-22	NULL	Active	Associate - Marketing	Associate	7	41174.09	3	Other	Hispanic	39
4304	Andre	Brown	singletonedward@example.org	2026-02-23	NULL	Active	Associate - People Operations	Associate	4	67524.56	4	Male	Asian	29
4305	Lisa	Mason	omurphy@example.org	2025-12-17	NULL	Active	Associate - Product	Associate	2	46531.21	4	Other	Caucasian	40
4306	Michele	Salazar	tracyschmidt@example.net	2024-10-26	NULL	Active	Associate - Marketing	Associate	7	49107.6	NULL	Female	Two or More	21
4307	Rhonda	Parker	youngmichael@example.org	2025-03-10	NULL	Active	Assistant Manager - People Operations	Assistant Manager	4	76770.57	3	Non-Binary	African American	37
4308	Charles	Gardner	lauramurray@example.com	2024-07-22	NULL	Active	Associate - Marketing	Associate	7	73848.39	3	Male	Two or More	28
4309	Desiree	Clark	nicole32@example.org	2024-07-09	NULL	Active	Associate - Facilities	Associate	13	42693.34	3	Female	Asian	21
4310	Jeremy	Lee	crystalsmith@example.org	2024-10-30	NULL	Active	Associate - Facilities	Associate	13	45242.6	5	Non-Binary	Caucasian	46
4311	David	Hall	andersonchristian@example.org	2024-06-23	NULL	Active	Associate - Quality Assurance	Associate	16	45557.47	4	Male	Two or More	26
4312	Diana	Lynch	johnsonnicole@example.org	2025-03-17	NULL	Active	Associate - Sales	Associate	8	46287.28	4	Female	Asian	38
4313	Teresa	Carney	pjimenez@example.net	2025-09-02	NULL	Active	Associate - Internal Communications	Associate	15	52157.74	1	Female	Asian	25
4314	Edward	Jenkins	philiphampton@example.com	2023-11-17	NULL	Active	Associate - People Operations	Associate	4	67287.69	4	Non-Binary	Hispanic	22
4315	Lindsay	Meyer	eric19@example.com	2023-08-13	2024-11-15	Terminated	Associate - Finance	Associate	5	63431.42	4	Female	Caucasian	41
4316	David	Rodriguez	kevin22@example.org	2023-04-06	NULL	Active	Assistant Manager - Internal Communications	Assistant Manager	15	61518.07	2	Male	Two or More	51
4317	Sara	Watts	jimmy25@example.com	2025-01-31	NULL	Active	Associate - Corporate Strategy	Associate	14	64681.5	3	Other	Hispanic	42
4318	 Robert 	Hayes	ashleydeborah@example.com	2022-08-04	NULL	Active	Associate - Corporate Strategy	Associate	14	47393.02	2	Non-Binary	Hispanic	38
4319	Thomas	Kelly	justin88@example.com	2026-06-10	NULL	Active	Associate - Internal Communications	Associate	15	59712.26	3	Male	African American	36
4320	Franklin	Zuniga	richardfisher@example.net	2026-01-12	NULL	Active	ASSOCIATE - FINANCE	Associate	5	41895.51	4	Other	Caucasian	54
4321	Danielle	Perry	gberg@example.org	2023-05-22	NULL	Active	Associate - Engineering	Associate	1	43603.23	5	Non-Binary	African American	62
4322	Kaitlyn	Barrett	carlsonlisa@example.org	2021-10-29	NULL	Active	Supervisor/Lead - IT Support	Supervisor/Lead	10	68060.24	5	Non-Binary	Asian	21
4323	Kimberly	 Padilla	phillipsjennifer@example.net	2022-04-02	NULL	Active	Domain Director - Facilities	Domain Director	13	135073.35	3	Non-Binary	Two or More	53
4324	Christy	Wagner	kimberly58@example.com	2022-07-13	NULL	Active	Associate - Sales	Associate	8	67980.21	4	Female	Two or More	38
4325	Tyler	Norton	josefoster@example.net	2023-11-17	NULL	Active	Associate - People Operations	Associate	4	49573.14	5	Male	NULL	43
4326	Daniel	Coleman	brandy90@example.net	2024-03-22	NULL	Active	Associate - Quality Assurance	Associate	16	60766.53	1	Other	African American	42
4327	Lisa	Mcguire	tyrone70@example.org	2024-01-02	NULL	Active	Associate - Marketing	Associate	7	58524.02	3	Female	Hispanic	32
4328	Kelly	Odom	craig09@example.net	2025-09-07	NULL	Active	Associate - Corporate Strategy	Associate	14	41381.05	3	Other	Caucasian	44
4329	Jennifer	Underwood	coxdonna@example.org	2024-05-23	NULL	Active	Associate - Supply Chain	Associate	12	55920.22	NULL	Female	Asian	52
4330	Martin	Burke	davisnicholas@example.net	2023-07-27	NULL	Active	Associate - Engineering	Associate	1	53125.13	2	Male	Asian	31
4331	Daniel	Ramos	pbrown@example.org	01/01/2023	NULL	Active	Associate - Facilities	Associate	13	72014.17	4	Male	Hispanic	49
4332	Alicia	Duarte	amy61@example.net	2023-04-01	NULL	Active	Supervisor/Lead - Facilities	Supervisor/Lead	13	83218.9	2	Female	Two or More	32
4333	Kristina	Ford	gardneranthony@example.org	2022-07-29	NULL	Active	Associate - Legal	Associate	6	53342.9	NULL	Female	Two or More	25
4334	 Blake 	Berry	ygutierrez@example.net	2022-11-06	NULL	Active	Supervisor/Lead - Internal Communications	Supervisor/Lead	15	81291.48	NULL	Other	Asian	50
4335	Deborah	Jenkins	zhill@example.com	2023-04-23	2024-07-14	Terminated	Associate - Data Science	Associate	3	66135.18	3	Other	Caucasian	42
4336	James	Clark	samuel78@example.org	2024-08-09	NULL	Active	Associate - Product	Associate	2	55335.91	4	Male	Asian	31
4337	Anthony	Webster	doylejamie@example.net	2025-12-07	NULL	Active	Assistant Manager - Sales	Assistant Manager	8	81841.53	1	Other	Caucasian	37
4338	Melinda	Martinez	amandarios@example.org	2022-05-21	NULL	Active	Associate - IT Support	Associate	10	54757.06	5	Female	Caucasian	21
4339	Shawn	Campbell	sarahfarmer@example.com	2022-10-13	NULL	Active	Associate - Data Science	Associate	3	61197.32	3	Non-Binary	African American	54
4340	Kristine	Hall	thompsonkimberly@example.com	2026-04-30	NULL	Active	Associate - People Operations	Associate	4	55685.98	4	Non-Binary	NULL	43
4341	Holly	Moore	philip51@example.org	2025-07-27	NULL	Active	Associate - Finance	Associate	5	42530.78	2	Non-Binary	Caucasian	44
4342	Valerie	Edwards	april75@example.com	2023-08-13	2025-06-29	Terminated	Supervisor/Lead - Customer Success	Supervisor/Lead	9	66257.89	2	Female	Two or More	43
4343	Tina	Gallegos	njohnson@example.org	2025-10-26	NULL	Active	Supervisor/Lead - Corporate Strategy	Supervisor/Lead	14	62920.79	5	Female	Two or More	25
4344	Christian	Livingston	ydavis@example.com	2025-06-21	NULL	Active	Associate - Security	Associate	11	55912.53	4	Male	African American	64
4345	Elizabeth	Thomas	cruzmichael@example.net	2022-01-09	NULL	Active	Associate - Corporate Strategy	Associate	14	45406.76	4	Other	Caucasian	34
4346	Destiny	Miller	mark15@example.org	2024-09-16	NULL	Active	Associate - Security	Associate	11	71043.76	3	Non-Binary	Two or More	29
4347	Chad	Mata	tracywilliamson@example.org	2023-07-08	2025-11-17	Terminated	Assistant Manager - Corporate Strategy	Assistant Manager	14	67412.68	2	Non-Binary	African American	39
4348	Sherri	Huffman	joshuachambers@example.net	2024-02-28	2026-01-04	Terminated	Associate - Finance	Associate	5	62375.49	2	Non-Binary	Two or More	41
4349	Mark	Barnett	kristyalvarez@example.com	2023-05-08	NULL	Active	Supervisor/Lead - Data Science	Supervisor/Lead	3	72875.63	4	Male	African American	33
4350	Joshua	Smith	garzasteven@example.net	2021-09-19	NULL	Active	Associate - Engineering	Associate	1	54837.46	5	Male	Asian	45
4351	Jorge 	Oconnor	crojas@example.org	2021-09-16	NULL	Active	Associate - Legal	Associate	6	62341.55	4	Other	Hispanic	56
4352	Teresa	King	robert42@example.org	2024-10-19	NULL	Active	Associate - People Operations	Associate	4	63371.5	5	Female	Caucasian	42
4353	Michael	Smith	kleinmichele@example.net	2022-04-23	NULL	Active	Associate - Corporate Strategy	Associate	14	41178.99	5	Other	Two or More	29
4354	Richard	Benton	hollycontreras@example.org	2021-10-25	NULL	Active	Associate - Security	Associate	11	69098.33	5	Other	Caucasian	31
4355	Crystal	Becker	elizabethkirby@example.net	2024-05-11	NULL	Active	Associate - Product	Associate	2	41336.93	4	Other	Hispanic	39
4356	Ruth	Hernandez	juan74@example.com	2021-08-16	2022-04-03	Terminated	Associate - Product	Associate	2	52135.07	5	Female	African American	44
4357	Alyssa	Hunter	esalazar@example.com	2021-10-31	NULL	Active	Associate - Corporate Strategy	Associate	14	73879.62	4	Non-Binary	Asian	25
4358	Alvin	Medina	jasonvincent@example.com	2026-02-06	NULL	Active	Associate - Engineering	Associate	1	42603.87	1	Male	Caucasian	33
4359	Louis	Jacobs	maldonadomichael@example.net	2023-06-18	2025-08-18	Terminated	Associate - Data Science	Associate	3	60974.8	1	Other	Asian	33
4360	Christina	Reed	MANDERSON@EXAMPLE.ORG	2024-06-13	NULL	Active	Associate - Corporate Strategy	Associate	14	71091.69	3	Female	Two or More	40
4361	Jennifer	Fletcher	glennjackson@example.net	08/09/2025	NULL	Active	Supervisor/Lead - Supply Chain	Supervisor/Lead	12	78779.65	2	NULL	Asian	45
4362	Kristine	Hill	jonesanita@example.net	2025-10-04	NULL	Active	Associate - IT Support	Associate	10	64323.3	3	Other	Caucasian	29
4363	Jeremy	Smith	herreramark@example.net	2026-07-20	NULL	Active	Associate - IT Support	Associate	10	60736.97	2	Male	NULL	34
4364	Megan	Gomez	stacy19@example.net	2023-05-17	NULL	Active	Associate - Corporate Strategy	Associate	14	51195.75	3	Non-Binary	Caucasian	30
4365	Amy	Sanchez	jameslewis@example.org	2022-11-29	NULL	Active	Associate - Quality Assurance	Associate	16	66642.4	NULL	Female	Asian	35
4366	Tony	Smith	jennifer89@example.org	2023-04-16	NULL	Active	Associate - Marketing	Associate	7	51019.1	2	Male	Two or More	41
4367	John	Pierce	bvega@example.com	2024-06-26	NULL	Active	Associate - Legal	Associate	6	60905.53	3	Male	Two or More	33
4368	Troy	Martinez	joseph12@example.com	2022-06-29	NULL	Active	Associate - People Operations	Associate	4	70600.3	3	Male	Hispanic	57
4369	Ashley	Elliott	gabrielleward@example.org	2024-01-21	NULL	Active	Associate - People Operations	Associate	4	59620.45	2	Other	Hispanic	43
4370	Benjamin	Hoffman	heather29@example.net	2026-07-31	NULL	Active	Associate - Engineering	Associate	1	-71537.53	NULL	Male	Hispanic	35
4371	Tommy	Dunn	xsmith@example.net	2026-07-31	NULL	Active	Manager - Facilities	Manager	13	72840.41	3	Male	Hispanic	35
4372	Larry	Santos	nfrank@example.org	2026-01-24	NULL	Active	Associate - IT Support	Associate	10	56780.58	4	Non-Binary	African American	44
4373	Robert	Martinez	charles02@example.com	2022-09-30	2024-11-22	Terminated	Associate - Supply Chain	Associate	12	42621.53	4	Male	Two or More	43
4374	Leah	Lewis	rstephens@example.net	2023-06-15	NULL	Active	Supervisor/Lead - Data Science	Supervisor/Lead	3	59478.79	4	Other	Hispanic	31
4375	Stephanie	Harmon	heathermaynard@example.com	2024-12-13	NULL	Active	Associate - Engineering	Associate	1	45768.43	3	Female	African American	22
4376	Amy	Jackson	cthomas@example.net	2023-04-03	NULL	Active	Associate - Product	Associate	2	67053.08	4	Non-Binary	Asian	37
4377	Jennifer	Richards	jessicaedwards@example.com	2024-06-03	2025-02-11	Terminated	Manager - Legal	Manager	6	76695.79	2	Other	African American	43
4378	Joel	Jones	wvelasquez@example.net	2025-04-05	NULL	Active	Associate - People Operations	Associate	4	53935.57	4	Other	Hispanic	34
4379	Wayne	Chambers	rodriguezerica@example.net	2022-05-11	NULL	Active	Associate - Customer Success	Associate	9	68579.64	1	Male	Caucasian	48
4380	Christian	Hester	toddedwards@example.org	2024-11-23	2025-01-30	Terminated	Manager - Engineering	Manager	1	119820.83	1	Male	African American	52
4381	David	Scott	pbrady@example.net	2026-02-07	NULL	Active	Assistant Manager - Sales	Assistant Manager	8	81957.37	4	Non-Binary	Two or More	33
4382	Aaron	Scott	loribright@example.com	2025-04-01	NULL	Active	Associate - Data Science	Associate	3	68666.82	3	Male	African American	60
4383	Lindsay	Davis	natalie98@example.net	2023-07-20	NULL	Active	Supervisor/Lead - Marketing	Supervisor/Lead	7	78263.89	2	Female	Two or More	48
4384	Jeremy	Bradley	tammy06@example.org	2023-06-10	NULL	Active	Associate - Marketing	Associate	7	69691.68	3	Male	Caucasian	53
4385	Christopher	Padilla	mitchell70@example.com	2023-07-14	2025-11-02	Terminated	Associate - Quality Assurance	Associate	16	71479.3	5	Male	African American	38
4386	Teresa	Benson	seanbishop@example.com	2024-02-05	NULL	Active	Associate - Finance	Associate	5	73890.51	4	Other	Asian	38
4387	Justin	Maldonado	howardashley@example.net	2024-11-06	NULL	Active	Associate - Engineering	Associate	1	57827.62	4	Other	Caucasian	24
4388	Mackenzie	Davis	david16@example.net	2025-10-22	NULL	Active	Associate - People Operations	Associate	4	50293.26	5	Female	African American	37
4389	Matthew	 Lowery	melissagood@example.org	2021-09-08	NULL	Active	Associate - Customer Success	Associate	9	50075.9	3	Male	African American	23
4390	Christopher	Jones	michelle17@example.com	2025-11-26	NULL	Active	Supervisor/Lead - IT Support	Supervisor/Lead	10	66005.44	4	Other	African American	41
4391	Elizabeth	Sawyer	dawn37@example.org	2025-01-10	NULL	Active	Associate - Data Science	Associate	3	72518.76	3	Other	Hispanic	45
4392	Russell	Sanders	jacquelineknight@example.org	2023-12-11	2026-05-14	Terminated	Manager - Marketing	Manager	7	112726.37	2	Male	Two or More	34
4393	Valerie	Powell	alewis@example.org	2023-12-17	NULL	Active	Associate - Internal Communications	Associate	15	51724.9	3	Other	Two or More	26
4394	Anna	Davis	mclark@example.com	2026-01-08	NULL	Active	Associate - Corporate Strategy	Associate	14	60759.19	3	Non-Binary	Caucasian	40
4395	Holly	Gallagher	nicole05@example.org	2024-02-11	NULL	Active	Associate - Quality Assurance	Associate	16	68032.64	4	Non-Binary	Two or More	45
4396	Paul	Kane	sarajones@example.com	2026-05-02	NULL	Active	Associate - Sales	Associate	8	48824.17	2	Male	Hispanic	30
4397	Mary	Martin	melinda29@example.net	2023-01-29	NULL	Active	Associate - Product	Associate	2	55610.89	3	Other	Hispanic	39
4398	Nicole	Peterson	hraymond@example.org	2022-07-11	NULL	Active	Associate - Finance	Associate	5	42131.04	4	Other	Two or More	30
4399	Michelle	Myers	davidwilliams2@example.org	2025-05-16	NULL	Active	Associate - Marketing	Associate	7	53167.28	3	Female	Asian	47
4400	Sara	Williams	gallagherlisa@example.net	2026-02-21	NULL	Active	Supervisor/Lead - Data Science	Supervisor/Lead	3	77993.13	5	Female	African American	44
4401	Brooke	Marquez	david65@example.net	2022-12-12	NULL	Active	Associate - Facilities	Associate	13	54367.6	2	Female	NULL	21
4402	Stephanie	Reed	dirwin@example.net	2023-05-24	NULL	Active	Associate - Customer Success	Associate	9	70091.84	3	Female	Hispanic	46
4403	Deborah	Mckenzie	andrew87@example.org	2025-09-18	NULL	Active	Associate - Marketing	Associate	7	67968.8	3	Female	Two or More	29
4404	Thomas	George	stewartnancy@example.net	2023-06-13	NULL	Active	Associate - People Operations	Associate	4	52865.63	NULL	Male	Two or More	56
4405	Erin	Sawyer	jhill@example.com	2025-04-01	NULL	Active	Associate - Customer Success	Associate	9	56280.84	5	Other	Caucasian	40
4406	Jeffrey	Gates	toddgentry@example.net	2022-03-04	NULL	Active	Associate - Customer Success	Associate	9	60924.72	3	Male	African American	49
4407	Veronica	Norris	chloegibson@example.net	2025-10-17	NULL	Active	Supervisor/Lead - Facilities	Supervisor/Lead	13	59035.34	3	Female	Hispanic	40
4408	Heather	Reed 	christianstewart@example.net	2024-01-17	NULL	Active	Supervisor/Lead - Quality Assurance	Supervisor/Lead	16	66855.58	3	Female	Caucasian	31
4409	Alexandra	Munoz	donaldrobinson@example.net	2026-02-11	NULL	Active	Associate - People Operations	Associate	4	45054.2	NULL	Non-Binary	Two or More	42
4410	Sarah	Alvarado	gjohnson@example.com	2023-07-10	NULL	Active	Associate - Security	Associate	11	66022.28	3	Non-Binary	Caucasian	34
4411	Wayne	Brown	lewisalan@example.org	2022-01-04	NULL	Active	Associate - Internal Communications	Associate	15	42683.52	5	Male	Caucasian	55
4412	Amy	Hernandez	cassidy51@example.org	2022-09-30	NULL	Active	Assistant Manager - Legal	Assistant Manager	6	63182.87	2	Non-Binary	African American	40
4413	Jill	Larsen	michaelmorris@example.org	2021-12-29	2022-11-02	Terminated	Associate - Sales	Associate	8	58272.95	4	Female	Caucasian	46
4414	Robert	Bailey	wvasquez@example.net	2022-06-06	2025-04-20	Terminated	Supervisor/Lead - Supply Chain	Supervisor/Lead	12	77512.66	3	Male	Caucasian	37
4415	Joshua	Chambers	torresjeremy@example.net	2022-03-16	NULL	Active	Associate - Data Science	Associate	3	69814.88	3	Male	Hispanic	34
4416	Rhonda	Wiley	debra26@example.org	2022-10-31	NULL	Active	Associate - Product	Associate	2	72570.96	4	Non-Binary	Asian	46
4417	Lisa	Kennedy	mendozathomas@example.net	2021-12-02	NULL	Active	Associate - Internal Communications	Associate	15	56727.01	5	Non-Binary	Caucasian	39
4418	Jonathan	Miller	lauraanderson@example.net	2024-09-01	NULL	Active	Associate - Corporate Strategy	Associate	14	68286.88	3	Male	Asian	21
4419	Kaitlyn	Norris	xwilliams@example.org	2021-07-06	NULL	Active	Assistant Manager - Finance	Assistant Manager	5	71062.34	5	Non-Binary	African American	37
4420	Bryan	Carlson	terrimay@example.org	2022-11-26	NULL	Active	Supervisor/Lead - People Operations	Supervisor/Lead	4	57366.69	3	Male	Two or More	59
4421	Timothy	Scott	vsoto@example.net	2022-10-14	NULL	Active	Associate - Legal	Associate	6	55569.94	1	Male	Hispanic	45
4422	Samantha	Garcia	raymond56@example.net	2026-02-06	NULL	Active	associate - product	Associate	2	44428.28	1	Female	African American	41
4423	Amber	Castro	qtaylor@example.org	2021-09-17	NULL	Active	Associate - Quality Assurance	Associate	16	43398.95	5	Other	Asian	21
4424	Tiffany	Hodges	mendozajohn@example.com	2025-10-17	NULL	Active	Associate - Engineering	Associate	1	67971.15	4	Female	NULL	43
4425	Gary	Andrews	zfisher@example.com	2021-12-29	2024-10-27	Terminated	Supervisor/Lead - Quality Assurance	Supervisor/Lead	16	55215.97	4	Male	Asian	29
4426	Craig	May	lindsaymartinez@example.com	2023-06-01	NULL	Active	Associate - Marketing	Associate	7	40947.41	2	Male	Asian	24
4427	Melissa	Moss	megan86@example.org	2021-07-12	NULL	Active	Associate - Engineering	Associate	1	NULL	3	Female	Asian	33
4428	Robert	Sanchez	heather70@example.net	2024-12-22	NULL	Active	Associate - Legal	Associate	6	47657.58	3	Male	Two or More	31
4429	Katie	Smith	katherinemaldonado@example.com	2021-07-26	NULL	Active	Associate - Facilities	Associate	13	73599.69	2	Non-Binary	Hispanic	45
4430	Matthew	Jensen	imartin2@example.org	2025-05-02	NULL	Active	Associate - Product	Associate	2	73270.91	3	Male	Hispanic	34
4431	Elizabeth	Cox	boonedavid@example.net	2026-03-12	2026-06-16	Terminated	Manager - Legal	Manager	6	78487.05	3	Female	Hispanic	38
4432	Lauren	Webb	jamie54@example.com	2023-12-12	NULL	Active	Supervisor/Lead - Facilities	Supervisor/Lead	13	65123.83	NULL	Female	Asian	35
4433	Garrett	Mcconnell	sandranunez@example.com	2021-07-29	NULL	Active	Assistant Manager - Legal	Assistant Manager	6	65997.64	3	Male	Two or More	28
4434	Harry	Woods	gtucker@example.org	2022-05-15	NULL	Active	Associate - Legal	Associate	6	59907.85	2	Non-Binary	Two or More	27
4435	Jillian	Raymond	benjaminward@example.net	2026-02-28	NULL	Active	Associate - Facilities	Associate	13	54377.15	4	Female	Asian	44
4436	Christopher	Mitchell	paynejoseph@example.net	2024-09-30	2025-10-03	Terminated	Associate - Supply Chain	Associate	12	67365.93	4	Male	Two or More	50
4437	Mary	Morales	josephcarter@example.net	2023-01-18	NULL	Active	Manager - Marketing	Manager	7	101307.16	5	Female	Two or More	53
4438	Christine	Noble	jillbarker@example.net	2022-02-23	NULL	Active	Associate - Customer Success	Associate	9	48433.17	5	Other	African American	43
4439	Kimberly	Stewart	cookbrandi@example.net	2021-08-13	NULL	Active	Associate - IT Support	Associate	10	54112.71	2	Female	Asian	31
4440	Kelly	Hartman	ricardoochoa@example.org	2021-09-07	NULL	Active	Supervisor/Lead - Corporate Strategy	Supervisor/Lead	14	76107.08	5	Female	Asian	35
86	Rachel	Bell	hoffmanfrank@example.net	2022-05-19	NULL	Active	Associate - Customer Success	Associate	9	68316.74	4	Female	Hispanic	51
4441	Daniel	Simpson	taylorrachel@example.net	2025-05-29	NULL	Active	Associate - Sales	Associate	8	66147.35	4	Male	African American	34
4442	Alex	Smith	tcherry@example.net	2025-06-30	NULL	Active	Associate - Corporate Strategy	Associate	14	61021.8	3	Male	Hispanic	59
4443	Amanda	Barrett	williamsmark@example.net	2023-04-06	NULL	Active	Associate - Internal Communications	Associate	15	57014.78	4	Female	Hispanic	40
4444	April	Ryan	jtorres@example.net	2021-09-11	NULL	Active	Associate - Corporate Strategy	Associate	14	64013.1	4	Female	African American	52
4445	Autumn	Davies	nbrown@example.org	2024-10-05	2025-11-12	Terminated	Associate - Engineering	Associate	1	64700.67	5	Female	NULL	39
4446	Vanessa	Wong	greenmichelle@example.net	2023-11-27	2024-01-28	Terminated	Manager - Sales	Manager	8	81887.74	3	Non-Binary	Asian	45
4447	Angela	Miller	patrickolson@example.org	2024-11-12	NULL	Active	Supervisor/Lead - Facilities	Supervisor/Lead	13	80115.53	4	Female	African American	30
4448	Joshua	Hodge	suzanneshaw@example.com	2022-05-27	NULL	Active	Supervisor/Lead - Corporate Strategy	Supervisor/Lead	14	74956.06	4	Non-Binary	African American	28
4449	Wendy	Smith	palvarez@example.com	2022-06-01	2025-11-15	Terminated	Associate - Finance	Associate	5	71117.87	3	Female	Asian	38
4450	Richard	Miller	srollins@example.net	2024-06-03	NULL	Active	Associate - Facilities	Associate	13	48721.88	5	Male	African American	59
4451	Christina	Bauer	jessicawilkins@example.com	2024-02-02	NULL	Active	Supervisor/Lead - Engineering	Supervisor/Lead	1	68304.44	2	Other	African American	22
4452	Katelyn	Guerra	hansenjohn@example.com	2026-07-21	NULL	Active	Associate - Corporate Strategy	Associate	14	53869.81	5	Female	Caucasian	46
4453	Gregory	Joseph	scastillo@example.com	2025-06-08	NULL	Active	Associate - Corporate Strategy	Associate	14	66934.54	2	Male	Hispanic	46
4454	Jennifer	Carlson	cobbbailey@example.com	2023-09-26	NULL	Active	Associate - Customer Success	Associate	9	49342.87	NULL	Non-Binary	Hispanic	40
4455	Kathleen	Schultz	caitlin11@example.com	2021-12-04	NULL	Active	Supervisor/Lead - People Operations	Supervisor/Lead	4	76731.14	3	Female	Asian	47
