survey_id	employee_id	survey_date	engagement_score	manager_satisfaction	work_life_balance_score	eNPS_category
NULL	1	2024-01-31	10	7	7	Promoter
NULL	1	2024-07-31	10	9	8	Promoter
NULL	1	2024-10-31	10	10	7	Promoter
NULL	1	2025-01-31	9	6	5	Detractor
NULL	1	2025-04-30	10	10	9	Passive
NULL	1	2025-07-31	10	4	9	Promoter
NULL	1	2025-10-31	9	10	10	Promoter
NULL	1	2026-01-31	10	10	NULL	Promoter
NULL	1	2026-07-31	10	5	8	Promoter
NULL	2	01/31/2024	10	3	7	Promoter
NULL	2	2024-04-30	7	3	7	Passive
NULL	2	2024-10-31	10	4	10	Promoter
NULL	2	2025-01-31	7	3	10	Passive
NULL	2	2025-04-30	6	8	6	Detractor
NULL	2	2025-07-31	9	10	10	Detractor
NULL	2	2025-10-31	5	1	5	Detractor
NULL	2	2026-07-31	9	NULL	9	Passive
NULL	3	2024-01-31	8	6	6	Passive
NULL	3	2024-04-30	8	5	8	Promoter
NULL	3	2024-07-31	9	7	7	Promoter
NULL	3	2024-10-31	7	NULL	6	Passive
NULL	3	2025-01-31	8	9	6	Promoter
NULL	3	2025-04-30	9	10	10	Promoter
NULL	3	2025-07-31	10	10	7	Promoter
NULL	3	2025-10-31	8	9	10	Passive
NULL	3	2026-01-31	8	10	9	Promoter
NULL	4	2024-04-30	3	3	1	Detractor
NULL	4	2024-07-31	4	1	2	Detractor
NULL	4	2025-01-31	4	5	4	Detractor
NULL	4	2025-04-30	6	3	1	Passive
NULL	4	2025-10-31	1	1	4	Passive
NULL	4	2026-01-31	2	7	4	Detractor
NULL	4	2026-04-30	5	3	1	Passive
NULL	4	07/31/2026	3	1	7	Detractor
NULL	5	2025-10-31	5	8	7	Passive
NULL	5	2026-04-30	6	4	7	Passive
NULL	5	2026-07-31	5	6	1	Promoter
NULL	6	2024-07-31	1	1	1	Passive
NULL	6	2024-10-31	3	1	1	Detractor
NULL	7	2024-01-31	5	4	7	Detractor
NULL	7	2024-07-31	9	7	3	Promoter
NULL	7	2024-10-31	5	7	6	Detractor
NULL	7	2025-01-31	9	8	6	Promoter
NULL	7	2025-04-30	9	6	10	Passive
NULL	7	2025-07-31	6	7	7	Passive
NULL	7	2025-10-31	10	5	10	Promoter
NULL	7	2026-01-31	7	7	5	Passive
NULL	7	2026-04-30	8	8	7	Detractor
NULL	7	2026-07-31	7	3	9	Passive
NULL	8	2024-01-31	8	8	6	Promoter
NULL	8	2024-07-31	7	8	5	Promoter
NULL	8	2024-10-31	10	9	3	Promoter
NULL	8	2025-01-31	9	10	7	Promoter
NULL	8	2025-04-30	7	10	6	Passive
NULL	8	2025-07-31	10	7	NULL	Promoter
NULL	8	2025-10-31	8	10	8	Passive
NULL	8	2026-01-31	7	8	4	Promoter
NULL	8	2026-07-31	10	8	5	Passive
NULL	9	2025-04-30	8	6	6	Passive
NULL	9	2025-07-31	6	NULL	4	Detractor
NULL	9	2026-01-31	8	5	6	Promoter
NULL	9	2026-07-31	10	8	7	Promoter
NULL	10	2026-01-31	4	5	3	Passive
NULL	10	2026-04-30	5	1	3	Promoter
NULL	11	2025-04-30	10	7	10	Promoter
NULL	11	2026-01-31	5	8	6	Passive
NULL	11	2026-04-30	10	7	6	Promoter
NULL	11	2026-07-31	7	10	10	Promoter
NULL	12	2025-07-31	9	8	9	Detractor
NULL	13	2024-01-31	8	9	6	Passive
NULL	13	2024-04-30	10	6	8	Promoter
NULL	13	2024-07-31	8	5	10	Passive
NULL	13	2025-01-31	7	5	7	Promoter
NULL	13	2025-04-30	5	5	8	Detractor
NULL	13	2025-07-31	10	5	6	Detractor
NULL	13	2026-04-30	6	8	9	Passive
NULL	13	2026-07-31	8	4	4	Promoter
NULL	14	2024-01-31	10	9	10	Promoter
NULL	14	2024-07-31	6	10	9	Passive
NULL	14	2024-10-31	10	9	8	Passive
NULL	14	2025-04-30	10	9	8	Promoter
NULL	14	2025-07-31	8	10	10	Promoter
NULL	14	2025-10-31	10	5	5	Promoter
NULL	14	2026-01-31	10	7	2	Promoter
NULL	14	2026-04-30	10	10	6	Promoter
NULL	14	2026-07-31	8	8	7	Passive
NULL	15	2024-01-31	4	3	3	Detractor
NULL	15	2024-04-30	3	6	5	Passive
NULL	15	2024-07-31	1	4	3	Detractor
NULL	15	2025-04-30	1	5	1	Detractor
NULL	15	2025-07-31	4	3	4	Passive
NULL	15	2025-10-31	3	3	3	Detractor
NULL	15	2026-01-31	3	3	NULL	Promoter
NULL	15	2026-04-30	1	2	2	Detractor
NULL	16	2024-01-31	3	6	1	Detractor
NULL	16	2024-04-30	4	2	5	Passive
NULL	16	2024-07-31	1	4	3	Detractor
NULL	16	2024-10-31	5	5	2	Detractor
NULL	16	2025-01-31	7	7	7	Promoter
NULL	16	2025-07-31	7	2	4	Passive
NULL	16	2025-10-31	2	3	1	Detractor
NULL	16	2026-01-31	9	1	3	Promoter
NULL	16	2026-04-30	5	1	5	Passive
NULL	17	2025-07-31	3	6	3	Passive
NULL	17	2025-10-31	3	5	3	Passive
NULL	17	2026-01-31	2	5	1	Detractor
NULL	19	2026-04-30	4	5	3	Detractor
NULL	21	2025-10-31	3	3	5	Detractor
NULL	21	2026-04-30	6	4	5	Detractor
NULL	21	07/31/2026	4	7	4	Passive
NULL	22	2024-01-31	4	NULL	3	Detractor
NULL	22	2024-04-30	1	4	1	Detractor
NULL	22	2024-10-31	3	NULL	1	Passive
NULL	22	2025-01-31	6	3	1	Passive
NULL	22	2025-07-31	1	9	1	Passive
NULL	22	2026-01-31	5	3	1	Detractor
NULL	22	2026-04-30	8	4	4	Promoter
NULL	23	2024-01-31	4	2	6	Detractor
NULL	23	2024-04-30	7	8	5	Promoter
NULL	23	2024-07-31	6	6	4	Detractor
NULL	23	2025-04-30	3	4	5	Detractor
NULL	23	2025-07-31	5	4	3	Passive
NULL	23	2025-10-31	2	1	1	Detractor
NULL	23	2026-04-30	4	4	5	Promoter
NULL	24	2025-01-31	8	3	7	Promoter
NULL	24	2025-04-30	10	7	4	Promoter
NULL	24	2025-10-31	10	6	5	Promoter
NULL	24	2026-01-31	7	7	5	Passive
NULL	24	2026-04-30	5	10	8	Detractor
NULL	24	2026-07-31	8	6	7	Detractor
NULL	25	2024-01-31	8	10	7	Promoter
NULL	25	2024-07-31	10	7	7	Passive
NULL	25	2024-10-31	10	10	7	Promoter
NULL	25	2025-01-31	8	5	10	Passive
NULL	25	2025-04-30	9	NULL	5	Promoter
NULL	25	2025-07-31	9	4	8	Promoter
NULL	25	2026-01-31	7	6	9	Passive
NULL	25	2026-04-30	8	9	6	Detractor
NULL	25	2026-07-31	10	6	10	Passive
NULL	26	2024-01-31	1	5	5	Passive
NULL	26	2024-04-30	4	1	1	Passive
NULL	26	2024-07-31	3	2	4	Passive
NULL	26	2025-01-31	1	4	3	Promoter
NULL	26	2025-04-30	5	1	8	Detractor
NULL	27	2026-07-31	1	6	5	Detractor
NULL	28	2024-04-30	1	2	2	Passive
NULL	28	2024-07-31	3	6	2	Detractor
NULL	28	2024-10-31	2	4	1	Passive
NULL	28	2025-01-31	1	1	2	Detractor
NULL	28	2025-04-30	1	1	1	Detractor
NULL	28	07/31/2025	3	1	1	Passive
NULL	28	2025-10-31	1	4	1	Detractor
NULL	28	2026-01-31	1	4	1	Detractor
NULL	28	2026-07-31	2	1	1	Detractor
NULL	29	2024-01-31	3	1	8	Detractor
NULL	29	2024-04-30	9	6	4	Promoter
NULL	29	2025-04-30	7	1	8	Promoter
NULL	29	2025-10-31	7	3	8	Promoter
NULL	29	2026-01-31	7	6	7	Passive
NULL	29	2026-04-30	5	3	9	Passive
NULL	30	2026-04-30	6	6	4	Detractor
NULL	30	2026-07-31	3	3	5	Detractor
NULL	31	01/31/2024	9	10	10	Promoter
NULL	31	2024-10-31	10	10	10	Promoter
NULL	31	2025-01-31	10	7	10	Promoter
NULL	31	2025-07-31	10	8	9	Promoter
NULL	31	2025-10-31	9	10	10	Promoter
NULL	31	2026-04-30	10	10	10	Promoter
NULL	31	2026-07-31	10	7	10	Promoter
NULL	32	2024-01-31	8	7	9	Promoter
NULL	33	2026-01-31	7	9	6	Promoter
NULL	34	2026-07-31	1	1	1	Detractor
NULL	35	2025-10-31	6	4	2	Detractor
NULL	35	2026-01-31	4	8	6	Passive
NULL	35	2026-04-30	4	3	2	Detractor
NULL	36	2024-01-31	5	8	7	Detractor
NULL	36	2024-04-30	7	8	NULL	Passive
NULL	36	2024-07-31	8	9	8	Detractor
NULL	36	2024-10-31	8	1	5	Passive
NULL	36	2025-01-31	8	4	5	Passive
NULL	36	2025-04-30	4	4	4	Promoter
NULL	36	2025-07-31	10	2	4	Promoter
NULL	36	2025-10-31	6	5	8	Detractor
NULL	36	2026-07-31	10	7	6	Promoter
NULL	37	2024-04-30	3	6	6	Passive
NULL	37	2024-07-31	5	7	5	Passive
NULL	37	2024-10-31	5	4	3	Detractor
NULL	37	2025-01-31	6	5	7	Detractor
NULL	37	2025-04-30	7	1	6	Promoter
NULL	37	2025-07-31	4	10	4	Detractor
NULL	37	2026-01-31	8	3	3	Passive
NULL	37	2026-04-30	3	9	10	Detractor
NULL	37	2026-07-31	3	8	7	Passive
NULL	38	2026-07-31	6	5	5	Passive
NULL	39	2024-01-31	4	6	4	Passive
NULL	39	2024-04-30	5	8	6	Passive
NULL	39	2024-07-31	4	8	10	Detractor
NULL	39	2024-10-31	3	1	2	Detractor
NULL	39	2025-04-30	3	3	5	Passive
NULL	39	2026-01-31	3	5	9	Detractor
NULL	40	2025-10-31	7	7	6	Promoter
NULL	40	2026-01-31	4	2	2	Passive
NULL	40	2026-04-30	3	4	3	Detractor
NULL	40	2026-07-31	7	5	2	Promoter
NULL	41	2025-04-30	1	1	5	Detractor
NULL	41	2025-07-31	1	2	2	Passive
NULL	41	2025-10-31	4	8	4	Detractor
NULL	41	2026-04-30	3	7	2	Detractor
NULL	41	2026-07-31	5	4	3	Detractor
NULL	42	2024-01-31	6	1	3	Detractor
NULL	42	07/31/2024	4	8	7	Detractor
NULL	42	2024-10-31	5	3	7	Detractor
NULL	42	2025-01-31	6	2	6	Detractor
NULL	42	2025-04-30	4	7	2	Detractor
NULL	42	2025-07-31	6	8	5	Promoter
NULL	42	2025-10-31	9	6	1	Promoter
NULL	42	2026-01-31	5	8	4	Passive
NULL	42	2026-04-30	9	9	4	Promoter
NULL	42	2026-07-31	7	6	6	Passive
NULL	43	2025-07-31	6	9	5	Passive
NULL	43	2026-01-31	5	5	6	Passive
NULL	43	2026-04-30	9	8	5	Promoter
NULL	44	2024-10-31	5	NULL	6	Detractor
NULL	44	2025-01-31	4	6	2	Detractor
NULL	44	2025-04-30	6	7	8	Passive
NULL	44	2025-10-31	5	1	4	Detractor
NULL	44	2026-01-31	3	5	5	Detractor
NULL	44	2026-04-30	1	7	3	Detractor
NULL	45	2024-10-31	7	5	2	Promoter
NULL	45	2025-01-31	8	6	2	Promoter
NULL	45	2025-04-30	7	5	7	Detractor
NULL	45	2025-07-31	5	5	5	Detractor
NULL	46	2024-04-30	10	10	10	Passive
NULL	46	2024-07-31	10	9	7	Passive
NULL	46	2025-01-31	10	5	7	Promoter
NULL	46	2025-04-30	10	10	8	Promoter
NULL	46	2025-07-31	8	10	10	Passive
NULL	46	2026-01-31	8	5	6	Detractor
NULL	46	2026-04-30	8	5	9	Promoter
NULL	46	2026-07-31	10	10	7	Promoter
NULL	47	2025-04-30	10	8	4	Detractor
NULL	47	2025-07-31	4	1	9	Passive
NULL	47	2025-10-31	7	4	9	Passive
NULL	47	2026-01-31	9	6	6	Detractor
NULL	47	2026-07-31	5	7	5	Detractor
NULL	48	2024-01-31	1	1	5	Detractor
NULL	48	04/30/2024	2	1	1	Promoter
NULL	48	2024-07-31	5	5	1	Detractor
NULL	48	2025-01-31	4	3	3	Detractor
NULL	48	2025-04-30	7	6	5	Passive
NULL	48	2025-07-31	6	6	4	Detractor
NULL	48	2025-10-31	6	6	9	Detractor
NULL	48	2026-01-31	3	1	3	Passive
NULL	48	2026-07-31	3	4	2	Detractor
NULL	49	2024-10-31	7	4	4	Passive
NULL	50	2026-07-31	6	5	6	Passive
NULL	51	2024-04-30	6	5	4	Detractor
NULL	51	2024-10-31	4	6	3	Detractor
NULL	51	2025-01-31	4	3	1	Passive
NULL	51	04/30/2025	6	6	8	Detractor
NULL	51	2025-10-31	7	8	4	Promoter
NULL	51	2026-04-30	8	5	4	Promoter
NULL	51	2026-07-31	7	2	1	Promoter
NULL	52	2024-01-31	6	1	2	Detractor
NULL	52	2024-04-30	3	7	3	Promoter
NULL	52	2024-07-31	3	3	5	Detractor
NULL	52	2024-10-31	6	6	3	Passive
NULL	52	2025-01-31	3	1	7	Detractor
NULL	52	2025-04-30	6	4	2	Passive
NULL	52	2025-07-31	4	3	8	Detractor
NULL	52	10/31/2025	2	1	NULL	Detractor
NULL	52	2026-01-31	2	1	4	Passive
NULL	52	2026-04-30	2	4	1	Detractor
NULL	52	2026-07-31	5	1	2	Detractor
NULL	53	2026-01-31	2	3	4	Detractor
NULL	53	2026-04-30	4	7	3	Detractor
NULL	53	2026-07-31	7	3	2	Promoter
NULL	54	2024-01-31	8	4	5	Passive
NULL	54	2024-04-30	7	10	6	Passive
NULL	54	2024-07-31	6	10	7	Detractor
NULL	54	2025-01-31	8	9	10	Passive
NULL	54	2025-04-30	6	10	10	Passive
NULL	54	2025-07-31	7	3	9	Detractor
NULL	54	2025-10-31	5	9	7	Passive
NULL	54	2026-01-31	7	7	4	Passive
NULL	54	2026-04-30	6	NULL	7	Detractor
NULL	55	2024-07-31	10	4	10	Passive
NULL	55	2024-10-31	5	6	3	Passive
NULL	55	2025-01-31	4	8	7	Passive
NULL	55	2025-04-30	10	9	9	Passive
NULL	55	2026-07-31	8	8	8	Passive
NULL	56	2024-01-31	10	3	5	Promoter
NULL	56	2024-10-31	6	4	4	Detractor
NULL	56	2025-01-31	8	NULL	NULL	Promoter
NULL	56	2025-04-30	6	5	3	Detractor
NULL	56	2025-10-31	4	9	3	Passive
NULL	56	2026-01-31	4	4	4	Passive
NULL	56	2026-07-31	6	4	6	Passive
NULL	57	2024-01-31	5	2	9	Passive
NULL	57	2024-04-30	2	5	3	Detractor
NULL	57	2024-07-31	5	4	1	Passive
NULL	57	2024-10-31	4	3	4	Detractor
NULL	57	2025-01-31	5	6	1	Promoter
NULL	57	2025-04-30	4	2	3	Passive
NULL	57	2025-07-31	4	5	4	Detractor
NULL	57	2025-10-31	2	5	7	Detractor
NULL	57	2026-04-30	6	6	6	Detractor
NULL	57	2026-07-31	4	NULL	NULL	Detractor
NULL	58	2026-07-31	7	5	4	Detractor
NULL	59	2025-04-30	6	4	4	Passive
NULL	59	2025-07-31	5	6	8	Detractor
NULL	59	2026-01-31	8	4	5	Passive
NULL	59	2026-07-31	7	8	5	Passive
NULL	60	2025-04-30	5	NULL	2	Detractor
NULL	60	2025-07-31	5	4	2	Detractor
NULL	60	2026-01-31	5	7	7	Passive
NULL	60	2026-04-30	6	4	2	Detractor
NULL	60	2026-07-31	6	4	1	Detractor
NULL	61	2024-01-31	4	4	1	Detractor
NULL	61	2024-04-30	2	5	1	Detractor
NULL	61	2024-07-31	6	3	5	Passive
NULL	61	2024-10-31	3	3	4	Detractor
NULL	61	2025-01-31	3	2	1	Detractor
NULL	61	07/31/2025	5	2	6	Detractor
NULL	61	2026-01-31	4	7	6	Detractor
NULL	61	2026-04-30	3	2	1	Detractor
NULL	61	2026-07-31	2	3	3	Detractor
NULL	62	2025-07-31	3	2	8	Detractor
NULL	62	2026-01-31	7	6	5	Detractor
NULL	62	2026-04-30	5	7	1	Detractor
NULL	62	2026-07-31	3	7	1	Detractor
NULL	64	2024-01-31	6	3	3	Detractor
NULL	64	2024-04-30	5	4	6	Detractor
NULL	64	2024-07-31	6	10	2	Detractor
NULL	64	2025-01-31	6	6	6	Detractor
NULL	64	2025-07-31	3	8	7	Detractor
NULL	64	10/31/2025	5	10	6	Detractor
NULL	64	2026-01-31	6	9	5	Promoter
NULL	64	2026-04-30	4	9	6	Detractor
NULL	64	2026-07-31	8	6	6	Promoter
NULL	66	2026-07-31	2	5	4	Detractor
NULL	67	2024-04-30	9	7	5	Promoter
NULL	67	2024-10-31	5	2	5	Detractor
NULL	68	2024-01-31	4	2	7	Detractor
NULL	68	2024-04-30	5	2	4	Promoter
NULL	68	2024-10-31	4	2	1	Passive
NULL	68	2025-04-30	2	4	1	Passive
NULL	68	2025-07-31	5	4	6	Passive
NULL	69	2024-04-30	4	4	5	Promoter
NULL	69	2025-01-31	7	5	3	Promoter
NULL	69	07/31/2025	10	5	4	Promoter
NULL	69	2025-10-31	8	6	4	Promoter
NULL	69	2026-04-30	6	4	10	Promoter
NULL	69	2026-07-31	6	5	7	Detractor
NULL	70	2024-01-31	2	2	1	Passive
NULL	70	2024-04-30	1	3	1	Passive
NULL	70	2024-07-31	3	2	1	Detractor
NULL	70	2024-10-31	1	1	2	Detractor
NULL	70	2025-01-31	1	1	1	Detractor
NULL	70	2025-04-30	2	NULL	1	Detractor
NULL	70	2026-01-31	1	1	3	Detractor
NULL	70	2026-04-30	2	NULL	1	Detractor
NULL	70	2026-07-31	1	4	1	Passive
NULL	71	2024-04-30	6	3	5	Detractor
NULL	71	2024-07-31	6	2	2	Detractor
NULL	71	2024-10-31	7	8	5	Detractor
NULL	71	2025-01-31	5	9	4	Detractor
NULL	71	2025-04-30	5	6	6	Detractor
NULL	71	2025-07-31	7	6	3	Promoter
NULL	71	2025-10-31	7	5	5	Promoter
NULL	71	2026-01-31	9	8	7	Promoter
NULL	72	2025-01-31	3	7	1	Detractor
NULL	72	2025-10-31	5	4	3	Passive
NULL	72	2026-01-31	5	3	4	Passive
NULL	72	2026-07-31	6	5	7	Detractor
NULL	73	2025-07-31	8	9	10	Passive
NULL	73	2025-10-31	8	5	10	Detractor
NULL	73	2026-01-31	8	5	4	Passive
NULL	73	2026-04-30	9	3	8	Promoter
NULL	75	2024-01-31	4	4	4	Passive
NULL	75	2024-04-30	3	1	1	Detractor
NULL	75	2024-07-31	1	3	1	Detractor
NULL	75	2024-10-31	1	1	1	Promoter
NULL	75	2025-01-31	1	1	1	Detractor
NULL	75	2025-04-30	1	1	4	Detractor
NULL	75	2026-01-31	1	1	7	Detractor
NULL	75	2026-04-30	1	7	3	Detractor
NULL	75	2026-07-31	2	4	6	Detractor
NULL	76	2026-07-31	2	2	7	Detractor
NULL	77	2024-07-31	7	7	8	Passive
NULL	77	2024-10-31	4	3	6	Detractor
NULL	77	2025-01-31	8	5	2	Passive
NULL	77	2025-07-31	5	8	3	Detractor
NULL	77	2026-01-31	5	3	3	Detractor
NULL	77	2026-04-30	9	10	4	Promoter
NULL	77	2026-07-31	6	4	7	Detractor
NULL	78	2024-01-31	9	9	8	Promoter
NULL	78	2024-04-30	9	6	8	Promoter
NULL	78	2024-07-31	8	5	5	Passive
NULL	78	2025-01-31	6	8	6	Detractor
NULL	78	2025-04-30	10	9	6	Passive
NULL	78	2025-07-31	6	6	3	Detractor
NULL	79	2026-04-30	8	10	6	Passive
NULL	79	2026-07-31	9	10	3	Promoter
NULL	80	2024-01-31	8	6	5	Passive
NULL	80	2024-04-30	2	6	10	Passive
NULL	80	2024-07-31	5	3	2	Detractor
NULL	80	2024-10-31	3	5	1	Detractor
NULL	80	2025-04-30	9	5	NULL	Promoter
NULL	80	2025-10-31	4	7	3	Passive
NULL	80	2026-07-31	4	7	NULL	Detractor
NULL	81	2026-07-31	6	5	6	Detractor
NULL	82	2026-07-31	4	3	3	Detractor
NULL	83	2024-01-31	2	4	1	Detractor
NULL	83	2024-04-30	3	1	1	Detractor
NULL	83	2024-07-31	4	3	4	Detractor
NULL	83	2024-10-31	3	5	8	Passive
NULL	83	2025-01-31	1	5	4	Passive
NULL	83	2025-04-30	5	1	1	Detractor
NULL	83	2025-07-31	2	1	3	Passive
NULL	83	2025-10-31	2	3	3	Detractor
NULL	83	2026-01-31	2	5	5	Detractor
NULL	83	2026-07-31	3	1	2	Detractor
NULL	84	2024-07-31	4	7	6	Detractor
NULL	84	2024-10-31	8	7	5	Passive
NULL	84	2025-04-30	3	8	4	Promoter
NULL	84	2025-07-31	8	5	6	Passive
NULL	84	2026-01-31	5	4	NULL	Detractor
NULL	84	2026-04-30	5	3	5	Detractor
NULL	84	2026-07-31	5	3	4	Detractor
NULL	85	2024-01-31	5	5	4	Passive
NULL	85	2024-04-30	8	9	3	Passive
NULL	85	2024-07-31	4	9	7	Detractor
NULL	85	2024-10-31	4	1	3	Passive
NULL	85	2025-01-31	1	3	6	Detractor
NULL	85	2025-04-30	6	1	6	Detractor
NULL	85	2025-10-31	5	7	3	Detractor
NULL	85	2026-04-30	7	3	4	Detractor
NULL	85	2026-07-31	1	6	4	Detractor
NULL	86	2024-07-31	10	9	10	Promoter
NULL	86	2024-10-31	9	7	8	Promoter
NULL	86	2025-01-31	10	8	8	Promoter
NULL	86	2025-04-30	10	10	9	Promoter
NULL	86	2025-07-31	10	6	10	Passive
NULL	86	2025-10-31	10	10	10	Promoter
NULL	86	2026-01-31	8	7	6	Passive
NULL	86	2026-07-31	6	10	9	Detractor
NULL	87	2024-07-31	3	1	3	Detractor
NULL	87	2025-01-31	1	1	4	Promoter
NULL	87	2025-07-31	1	1	2	Detractor
NULL	87	2025-10-31	1	4	6	Detractor
NULL	87	2026-01-31	2	1	3	Detractor
NULL	87	2026-04-30	2	6	3	Detractor
NULL	87	2026-07-31	1	7	1	Detractor
NULL	88	2024-01-31	6	2	7	Detractor
NULL	88	2024-04-30	3	9	1	Passive
NULL	88	2024-07-31	6	4	3	Passive
NULL	88	2024-10-31	9	5	5	Promoter
NULL	88	2025-04-30	4	5	6	Detractor
NULL	88	2025-07-31	10	2	10	Promoter
NULL	88	2026-01-31	4	1	4	Detractor
NULL	88	2026-04-30	6	7	2	Detractor
NULL	88	2026-07-31	7	7	6	Promoter
NULL	89	2024-07-31	8	7	1	Passive
NULL	89	2025-01-31	8	2	4	Passive
NULL	89	2025-07-31	7	7	1	Passive
NULL	89	2025-10-31	7	4	7	Passive
NULL	89	2026-04-30	6	2	7	Detractor
NULL	91	2025-01-31	10	7	4	Promoter
NULL	91	2025-04-30	10	8	10	Promoter
NULL	91	2025-07-31	10	10	8	Promoter
NULL	91	2025-10-31	9	8	10	Promoter
NULL	91	2026-01-31	6	6	9	Passive
NULL	91	2026-04-30	10	10	10	Passive
NULL	92	2024-07-31	7	4	3	Passive
NULL	92	2024-10-31	4	5	5	Detractor
NULL	92	2025-01-31	6	10	4	Detractor
NULL	92	2025-07-31	6	7	6	Passive
NULL	92	2025-10-31	8	6	6	Detractor
NULL	92	01/31/2026	5	4	7	Detractor
NULL	92	2026-07-31	8	9	5	Passive
NULL	95	2024-07-31	4	5	4	Detractor
NULL	95	2024-10-31	5	2	5	Detractor
NULL	95	2025-01-31	2	7	2	Detractor
NULL	95	2025-04-30	4	1	3	Detractor
NULL	95	2025-07-31	1	4	2	Detractor
NULL	95	2025-10-31	3	1	1	Passive
NULL	95	2026-01-31	4	6	2	Detractor
NULL	95	2026-04-30	1	2	3	Detractor
NULL	95	2026-07-31	3	1	1	Detractor
NULL	96	2024-10-31	6	5	10	Detractor
NULL	96	2025-01-31	6	1	1	Detractor
NULL	96	2025-07-31	1	3	1	Detractor
NULL	96	2026-04-30	7	NULL	9	Promoter
NULL	96	2026-07-31	6	9	3	Detractor
NULL	97	2024-01-31	5	6	4	Passive
NULL	97	2024-04-30	6	5	5	Passive
NULL	97	2024-10-31	7	8	7	Detractor
NULL	97	2025-01-31	6	10	6	Detractor
NULL	97	2025-04-30	5	7	3	Detractor
NULL	97	2025-07-31	7	5	9	Promoter
NULL	97	2025-10-31	6	4	4	Detractor
NULL	97	2026-01-31	8	4	10	Passive
NULL	97	2026-07-31	9	9	9	Promoter
NULL	98	2024-04-30	5	7	4	Detractor
NULL	98	2024-07-31	2	1	6	Detractor
NULL	98	10/31/2024	7	6	9	Passive
NULL	98	2025-01-31	3	6	1	Detractor
NULL	98	2025-04-30	5	NULL	4	Promoter
NULL	98	2025-07-31	6	1	2	Detractor
NULL	98	2025-10-31	4	8	4	Passive
NULL	98	2026-01-31	6	4	3	Promoter
NULL	98	2026-07-31	6	3	2	Detractor
NULL	99	2024-07-31	7	7	7	Passive
NULL	99	2025-01-31	7	7	4	Passive
NULL	99	2025-04-30	5	7	9	Detractor
NULL	99	2025-07-31	10	4	7	Promoter
NULL	99	2026-04-30	8	8	2	Promoter
NULL	99	2026-07-31	7	9	10	Promoter
NULL	100	2026-04-30	1	2	6	Detractor
NULL	100	2026-07-31	3	4	2	Detractor
NULL	101	2024-01-31	3	6	7	Passive
NULL	101	2024-04-30	8	3	10	Passive
NULL	101	2024-10-31	4	5	5	Detractor
NULL	101	2025-01-31	8	4	1	Promoter
NULL	101	2025-04-30	8	4	8	Passive
NULL	101	2025-07-31	5	5	7	Detractor
NULL	101	2025-10-31	1	6	4	Detractor
NULL	101	2026-01-31	6	9	6	Detractor
NULL	101	2026-04-30	6	4	2	Detractor
NULL	101	2026-07-31	9	5	4	Passive
NULL	102	2024-04-30	4	3	10	Detractor
NULL	102	2024-07-31	7	8	10	Passive
NULL	102	2024-10-31	6	4	1	Detractor
NULL	102	2025-01-31	8	6	2	Passive
NULL	102	2025-04-30	6	3	10	Detractor
NULL	102	2026-01-31	7	7	9	Promoter
NULL	102	2026-07-31	3	6	9	Detractor
NULL	104	2024-07-31	6	9	3	Detractor
NULL	104	2024-10-31	8	8	8	Passive
NULL	104	2025-04-30	8	8	9	Promoter
NULL	104	2025-07-31	8	8	5	Promoter
NULL	104	2026-04-30	10	5	4	Promoter
NULL	105	2024-01-31	8	3	4	Passive
NULL	105	2024-04-30	5	7	3	Passive
NULL	105	2024-07-31	4	9	9	Detractor
NULL	105	2024-10-31	5	4	1	Passive
NULL	105	2025-01-31	6	4	4	Promoter
NULL	105	2025-04-30	6	7	2	Detractor
NULL	105	2025-07-31	6	6	3	Detractor
NULL	105	2025-10-31	8	3	6	Detractor
NULL	105	2026-01-31	6	7	9	Detractor
NULL	105	2026-04-30	9	9	NULL	Promoter
NULL	105	2026-07-31	9	1	8	Promoter
NULL	106	2024-01-31	3	4	1	Passive
NULL	106	2024-04-30	2	3	1	Detractor
NULL	106	2024-07-31	5	3	6	Passive
NULL	106	2024-10-31	3	6	1	Detractor
NULL	106	2025-01-31	4	3	3	Detractor
NULL	106	2025-07-31	5	5	3	Detractor
NULL	107	2024-01-31	1	4	1	Detractor
NULL	107	2024-04-30	4	1	6	Detractor
NULL	108	2024-07-31	1	2	4	Detractor
NULL	108	2024-10-31	4	1	7	Detractor
NULL	108	2025-07-31	4	1	6	Promoter
NULL	108	2025-10-31	7	6	5	Passive
NULL	108	01/31/2026	2	5	1	Detractor
NULL	108	2026-04-30	5	3	NULL	Detractor
NULL	109	2026-07-31	4	7	4	Detractor
NULL	110	2024-01-31	4	5	3	Detractor
NULL	110	2024-07-31	6	2	4	Promoter
NULL	110	2024-10-31	4	10	9	Passive
NULL	110	2025-01-31	8	6	6	Passive
NULL	110	2025-04-30	7	5	6	Passive
NULL	110	2025-10-31	8	7	6	Passive
NULL	110	2026-07-31	8	4	5	Passive
NULL	111	2024-04-30	9	4	7	Promoter
NULL	111	2024-07-31	6	1	10	Detractor
NULL	111	2024-10-31	9	9	8	Promoter
NULL	111	2025-04-30	6	4	5	Detractor
NULL	111	2025-07-31	7	6	2	Passive
NULL	111	10/31/2025	9	7	NULL	Promoter
NULL	111	2026-01-31	3	5	5	Detractor
NULL	111	2026-04-30	6	6	7	Detractor
NULL	111	2026-07-31	4	4	1	Detractor
NULL	112	2024-04-30	7	5	8	Passive
NULL	112	2025-04-30	5	4	3	Promoter
NULL	112	2025-07-31	4	8	9	Detractor
NULL	112	2025-10-31	5	8	8	Passive
NULL	112	2026-01-31	10	7	6	Passive
NULL	112	2026-07-31	7	8	6	Passive
NULL	113	2024-01-31	8	6	5	Detractor
NULL	113	2024-04-30	8	9	6	Promoter
NULL	113	2024-07-31	7	6	7	Passive
NULL	113	2024-10-31	8	6	8	Detractor
NULL	113	2025-10-31	7	4	6	Passive
NULL	113	2026-01-31	6	3	3	Passive
NULL	113	2026-07-31	7	10	6	Promoter
NULL	114	2024-01-31	1	5	1	Detractor
NULL	114	2024-04-30	3	NULL	1	Promoter
NULL	114	2025-01-31	5	6	4	Detractor
NULL	114	2025-04-30	4	8	9	Detractor
NULL	114	2025-07-31	7	2	5	Promoter
NULL	114	10/31/2025	8	6	3	Promoter
NULL	114	2026-01-31	6	2	4	Detractor
NULL	114	2026-07-31	7	2	7	Promoter
NULL	115	2024-01-31	2	6	6	Detractor
NULL	115	2024-07-31	2	4	3	Detractor
NULL	115	2024-10-31	2	2	2	Detractor
NULL	115	2025-04-30	1	5	4	Detractor
NULL	115	2025-07-31	2	1	1	Detractor
NULL	115	2026-01-31	4	1	1	Detractor
NULL	116	2025-01-31	3	6	7	Detractor
NULL	116	2025-07-31	8	7	3	Promoter
NULL	116	2025-10-31	6	4	8	Detractor
NULL	116	2026-01-31	8	7	5	Passive
NULL	116	2026-04-30	4	4	9	Passive
NULL	117	2024-01-31	8	6	8	Promoter
NULL	117	2024-04-30	8	5	5	Promoter
NULL	117	2024-10-31	8	10	7	Passive
NULL	117	2025-01-31	6	4	5	Passive
NULL	117	2025-04-30	5	4	NULL	Passive
NULL	117	2025-07-31	6	8	1	Detractor
NULL	117	2025-10-31	6	3	4	Detractor
NULL	117	2026-01-31	6	2	2	Detractor
NULL	117	2026-04-30	6	4	8	Passive
NULL	117	2026-07-31	5	6	8	Detractor
NULL	118	2024-04-30	5	4	2	Detractor
NULL	118	2024-10-31	7	2	6	Passive
NULL	118	2025-01-31	6	7	4	Detractor
NULL	118	2025-04-30	4	2	3	Detractor
NULL	118	2025-07-31	3	6	5	Detractor
NULL	118	2025-10-31	4	3	4	Promoter
NULL	118	2026-01-31	7	3	3	Passive
NULL	118	2026-04-30	9	7	7	Promoter
NULL	118	2026-07-31	6	5	8	Promoter
NULL	119	2025-04-30	9	5	6	Promoter
NULL	119	2026-01-31	5	8	6	Detractor
NULL	119	2026-07-31	10	6	7	Passive
NULL	120	2026-01-31	10	6	10	Promoter
NULL	120	2026-04-30	8	9	5	Passive
NULL	120	2026-07-31	9	10	7	Promoter
NULL	121	2024-01-31	3	2	4	Detractor
NULL	121	2024-04-30	4	5	1	Detractor
NULL	121	2024-07-31	1	4	4	Promoter
NULL	121	2024-10-31	2	2	1	Detractor
NULL	121	2025-01-31	2	1	1	Detractor
NULL	121	2025-10-31	4	1	2	Detractor
NULL	121	2026-07-31	2	3	1	Detractor
NULL	122	2024-01-31	5	1	4	Detractor
NULL	122	2024-04-30	6	4	3	Promoter
NULL	122	2024-07-31	2	8	3	Detractor
NULL	122	2025-01-31	5	7	5	Detractor
NULL	122	2025-04-30	2	3	5	Promoter
NULL	122	2025-07-31	5	1	7	Detractor
NULL	122	2026-01-31	3	6	1	Promoter
NULL	122	2026-07-31	6	5	5	Detractor
NULL	123	2026-01-31	4	7	5	Detractor
NULL	123	2026-04-30	5	3	4	Passive
NULL	123	2026-07-31	6	8	5	Passive
NULL	124	2025-07-31	9	7	7	Promoter
NULL	124	2025-10-31	7	10	NULL	Promoter
NULL	124	2026-01-31	9	3	6	Promoter
NULL	124	2026-04-30	10	9	6	Promoter
NULL	124	2026-07-31	10	5	4	Detractor
NULL	125	2024-01-31	7	6	10	Passive
NULL	125	2024-04-30	5	5	10	Passive
NULL	125	2024-07-31	10	4	7	Promoter
NULL	125	2025-01-31	9	5	7	Promoter
NULL	125	2025-04-30	5	7	4	Passive
NULL	125	01/31/2026	9	6	6	Promoter
NULL	125	2026-04-30	6	6	10	Detractor
NULL	126	2024-07-31	8	4	7	Passive
NULL	126	2024-10-31	4	9	7	Detractor
NULL	126	2025-01-31	5	9	5	Promoter
NULL	126	2025-04-30	7	9	5	Passive
NULL	126	2025-10-31	7	4	6	Promoter
NULL	126	01/31/2026	8	4	NULL	Promoter
NULL	126	2026-07-31	5	7	2	Detractor
NULL	127	2024-04-30	5	7	8	Detractor
NULL	127	2024-07-31	8	4	3	Passive
NULL	127	2025-01-31	7	6	4	Promoter
NULL	127	2025-04-30	3	5	8	Detractor
NULL	127	2025-07-31	5	3	3	Detractor
NULL	127	2025-10-31	8	6	3	Promoter
NULL	127	2026-07-31	4	5	5	Detractor
NULL	128	2024-04-30	5	2	1	Detractor
NULL	128	2024-07-31	4	1	3	Detractor
NULL	128	2024-10-31	3	1	1	Passive
NULL	128	2025-07-31	4	8	1	Detractor
NULL	128	2025-10-31	4	4	1	Detractor
NULL	128	2026-01-31	3	2	3	Passive
NULL	129	2024-07-31	1	7	1	Detractor
NULL	129	2024-10-31	3	3	1	Passive
NULL	129	2025-01-31	5	1	2	Passive
NULL	129	2025-04-30	2	1	1	Detractor
NULL	129	2025-07-31	1	1	1	Detractor
NULL	129	2025-10-31	1	1	1	Detractor
NULL	129	2026-04-30	1	3	2	Passive
NULL	129	2026-07-31	1	5	4	Detractor
NULL	130	2024-04-30	8	5	1	Promoter
NULL	130	2024-10-31	7	8	8	Passive
NULL	130	2025-01-31	5	7	3	Promoter
NULL	130	2025-04-30	7	2	6	Promoter
NULL	130	2025-07-31	9	9	6	Passive
NULL	130	2026-04-30	7	9	8	Promoter
NULL	130	2026-07-31	5	6	5	Promoter
NULL	131	2025-01-31	5	1	1	Detractor
NULL	131	04/30/2025	4	4	7	Detractor
NULL	131	2025-07-31	7	5	6	Promoter
NULL	131	2026-04-30	8	8	5	Passive
NULL	131	2026-07-31	6	5	5	Detractor
NULL	132	2024-07-31	8	6	6	Detractor
NULL	132	2024-10-31	6	5	5	Detractor
NULL	132	2025-01-31	1	6	6	Detractor
NULL	132	2025-04-30	4	3	1	Detractor
NULL	132	2025-07-31	6	3	4	Detractor
NULL	132	2026-01-31	6	7	4	Passive
NULL	132	2026-04-30	4	4	2	Passive
NULL	133	2024-04-30	3	5	3	Detractor
NULL	133	2024-07-31	4	3	2	Detractor
NULL	133	2024-10-31	1	4	7	Passive
NULL	133	2025-01-31	2	NULL	1	Passive
NULL	133	2025-04-30	6	4	5	Detractor
NULL	133	2025-10-31	3	3	3	Passive
NULL	133	2026-01-31	1	1	1	Passive
NULL	133	07/31/2026	3	1	1	Detractor
NULL	134	2024-10-31	10	8	10	Promoter
NULL	134	2025-04-30	8	7	10	Promoter
NULL	134	2025-07-31	9	6	7	Promoter
NULL	134	2025-10-31	6	9	5	Detractor
NULL	134	2026-01-31	10	10	9	Promoter
NULL	134	2026-07-31	7	8	6	Detractor
NULL	135	2024-01-31	7	6	7	Passive
NULL	135	2024-04-30	9	9	3	Promoter
NULL	135	2024-07-31	9	8	5	Detractor
NULL	135	2024-10-31	7	10	8	Detractor
NULL	135	2025-01-31	6	7	9	Passive
NULL	135	2025-04-30	10	10	7	Promoter
NULL	135	2025-07-31	9	6	6	Promoter
NULL	135	2025-10-31	4	6	9	Detractor
NULL	135	2026-01-31	8	10	10	Passive
NULL	135	2026-04-30	8	9	4	Detractor
NULL	135	2026-07-31	9	8	10	Promoter
NULL	136	2025-01-31	10	7	6	Passive
NULL	136	04/30/2025	10	9	10	Promoter
NULL	136	2025-07-31	10	10	7	Promoter
NULL	136	2025-10-31	10	8	5	Promoter
NULL	136	01/31/2026	10	7	6	Passive
NULL	136	2026-04-30	10	NULL	10	Detractor
NULL	137	2025-04-30	6	2	5	Detractor
NULL	137	2025-10-31	6	2	4	Passive
NULL	137	2026-01-31	4	6	4	Detractor
NULL	137	2026-04-30	6	6	6	Detractor
NULL	137	2026-07-31	7	4	1	Passive
NULL	138	2025-10-31	3	3	4	Detractor
NULL	138	2026-01-31	4	5	6	Promoter
NULL	138	2026-04-30	5	3	4	Detractor
NULL	138	07/31/2026	3	2	4	Detractor
NULL	139	2025-04-30	5	1	3	Detractor
NULL	139	2025-10-31	7	9	2	Passive
NULL	139	2026-01-31	6	6	9	Detractor
NULL	139	2026-04-30	6	3	2	Detractor
NULL	140	2024-01-31	5	2	5	Detractor
NULL	140	2024-04-30	3	1	5	Detractor
NULL	140	2024-07-31	3	5	1	Detractor
NULL	140	2024-10-31	4	3	4	Detractor
NULL	140	2025-01-31	4	4	4	Detractor
NULL	140	2025-07-31	6	4	3	Detractor
NULL	140	2025-10-31	6	6	5	Promoter
NULL	140	2026-01-31	7	5	8	Promoter
NULL	140	2026-04-30	5	5	6	Detractor
NULL	140	2026-07-31	3	4	3	Detractor
NULL	141	2024-01-31	4	5	7	Detractor
NULL	141	2024-04-30	3	1	2	Passive
NULL	141	2024-07-31	4	2	5	Detractor
NULL	141	2024-10-31	3	3	3	Detractor
NULL	141	2025-01-31	7	3	3	Detractor
NULL	141	2025-04-30	6	6	5	Detractor
NULL	141	2025-07-31	8	1	3	Promoter
NULL	141	2025-10-31	5	4	1	Detractor
NULL	141	2026-01-31	3	5	4	Detractor
NULL	141	2026-04-30	7	6	10	Passive
NULL	142	2024-01-31	6	8	5	Detractor
NULL	143	2024-01-31	6	8	10	Detractor
NULL	144	2024-01-31	10	9	8	Promoter
NULL	144	2024-04-30	10	10	6	Promoter
NULL	144	2024-07-31	10	9	2	Promoter
NULL	144	2025-04-30	9	10	6	Detractor
NULL	144	2025-07-31	6	9	10	Detractor
NULL	144	2025-10-31	10	7	8	Promoter
NULL	144	2026-01-31	10	8	2	Promoter
NULL	144	2026-04-30	10	8	8	Promoter
NULL	144	2026-07-31	7	10	10	Passive
NULL	145	2024-01-31	6	1	2	Detractor
NULL	145	2024-04-30	7	5	2	Passive
NULL	145	2024-10-31	6	5	NULL	Detractor
NULL	145	2025-01-31	5	2	3	Passive
NULL	145	2025-04-30	4	4	1	Detractor
NULL	145	2025-07-31	3	6	2	Detractor
NULL	145	2025-10-31	7	1	1	Detractor
NULL	145	2026-01-31	6	6	6	Detractor
NULL	145	2026-04-30	4	1	2	Detractor
NULL	145	07/31/2026	5	3	6	Detractor
NULL	146	2024-10-31	5	6	3	Detractor
NULL	146	2025-04-30	6	6	3	Detractor
NULL	146	2025-07-31	6	9	4	Detractor
NULL	146	2025-10-31	6	10	7	Detractor
NULL	147	2024-01-31	5	4	7	Passive
NULL	147	2024-10-31	7	5	3	Detractor
NULL	147	2025-01-31	2	1	5	Detractor
NULL	147	2025-04-30	10	4	4	Promoter
NULL	147	2025-10-31	6	6	1	Passive
NULL	147	2026-01-31	6	1	9	Detractor
NULL	147	2026-04-30	2	4	1	Detractor
NULL	147	2026-07-31	8	5	6	Passive
NULL	148	2024-04-30	3	6	2	Detractor
NULL	148	2024-10-31	5	4	1	Detractor
NULL	148	2025-01-31	5	4	1	Detractor
NULL	148	2025-04-30	4	4	1	Passive
NULL	148	2025-07-31	5	3	4	Detractor
NULL	148	2025-10-31	3	3	6	Detractor
NULL	148	2026-01-31	3	3	3	Detractor
NULL	148	2026-04-30	3	4	4	Detractor
NULL	148	2026-07-31	4	NULL	NULL	Detractor
NULL	149	2024-07-31	9	4	5	Promoter
NULL	149	2024-10-31	3	6	7	Detractor
NULL	149	2025-01-31	10	2	5	Promoter
NULL	149	2025-07-31	4	3	3	Detractor
NULL	149	2025-10-31	6	4	4	Passive
NULL	149	2026-01-31	4	6	4	Detractor
NULL	149	2026-04-30	6	10	4	Detractor
NULL	149	2026-07-31	4	8	3	Passive
NULL	150	2026-01-31	5	9	5	Detractor
NULL	150	2026-04-30	1	4	7	Detractor
NULL	150	2026-07-31	1	8	4	Passive
NULL	151	2024-01-31	7	7	10	Passive
NULL	151	2024-10-31	5	3	4	Passive
NULL	151	2025-01-31	6	9	7	Detractor
NULL	151	2025-04-30	4	5	6	Detractor
NULL	151	2025-07-31	10	5	8	Promoter
NULL	151	2025-10-31	8	9	6	Detractor
NULL	151	2026-04-30	9	10	6	Passive
NULL	151	2026-07-31	3	10	10	Detractor
NULL	152	2024-01-31	1	4	NULL	Passive
NULL	152	2024-10-31	4	2	1	Detractor
NULL	152	2025-01-31	3	4	1	Detractor
NULL	152	2025-04-30	7	2	1	Passive
NULL	153	2024-04-30	6	2	2	Detractor
NULL	153	2024-07-31	5	3	1	Detractor
NULL	153	2024-10-31	4	4	2	Passive
NULL	153	2025-01-31	6	2	2	Detractor
NULL	153	2025-04-30	4	2	1	Passive
NULL	153	2025-07-31	6	1	1	Detractor
NULL	154	2025-04-30	8	7	1	Promoter
NULL	154	07/31/2025	4	2	5	Detractor
NULL	154	2025-10-31	5	7	3	Passive
NULL	154	2026-01-31	4	2	4	Detractor
NULL	154	2026-04-30	8	4	5	Promoter
NULL	154	2026-07-31	4	7	2	Detractor
NULL	155	2024-04-30	6	5	4	Passive
NULL	155	2024-07-31	2	6	5	Passive
NULL	155	2024-10-31	3	6	5	Detractor
NULL	155	2025-01-31	5	3	1	Passive
NULL	155	2025-04-30	3	2	6	Detractor
NULL	156	2025-04-30	8	3	8	Detractor
NULL	156	2025-07-31	9	7	3	Promoter
NULL	156	2026-01-31	8	4	1	Passive
NULL	157	2025-07-31	10	10	4	Passive
NULL	157	2025-10-31	7	7	10	Promoter
NULL	157	2026-01-31	9	7	9	Promoter
NULL	157	2026-07-31	9	10	10	Promoter
NULL	159	2024-04-30	6	NULL	5	Passive
NULL	159	2024-07-31	5	4	8	Detractor
NULL	159	2024-10-31	5	5	2	Detractor
NULL	159	2025-01-31	5	2	7	Detractor
NULL	159	2025-07-31	4	1	1	Detractor
NULL	159	2026-01-31	3	4	6	Passive
NULL	159	2026-04-30	5	NULL	2	Detractor
NULL	159	2026-07-31	3	2	2	Detractor
NULL	160	2024-01-31	3	5	6	Detractor
NULL	160	2024-04-30	2	7	5	Passive
NULL	160	2024-07-31	7	4	1	Promoter
NULL	160	2024-10-31	4	2	1	Detractor
NULL	160	2025-07-31	3	6	7	Detractor
NULL	160	2025-10-31	3	3	4	Detractor
NULL	161	2025-01-31	5	1	2	Passive
NULL	161	2025-04-30	9	10	1	Promoter
NULL	162	2025-07-31	5	5	1	Detractor
NULL	162	2025-10-31	7	5	3	Passive
NULL	162	2026-04-30	4	7	7	Detractor
NULL	162	2026-07-31	5	3	4	Detractor
NULL	163	2024-04-30	5	1	4	Passive
NULL	163	2024-07-31	4	1	1	Detractor
NULL	163	2025-07-31	2	5	3	Detractor
NULL	163	2026-01-31	4	6	6	Detractor
NULL	163	2026-07-31	1	7	1	Detractor
NULL	164	2024-04-30	6	5	3	Passive
NULL	165	2024-01-31	10	7	9	Promoter
NULL	165	2025-01-31	10	9	10	Passive
NULL	165	2025-04-30	10	8	7	Promoter
NULL	165	2025-07-31	8	6	10	Passive
NULL	165	2025-10-31	9	10	10	Promoter
NULL	165	2026-04-30	10	9	7	Passive
NULL	165	2026-07-31	10	8	9	Passive
NULL	166	2026-07-31	4	4	7	Passive
NULL	167	2026-04-30	2	6	7	Detractor
NULL	167	2026-07-31	7	4	1	Detractor
NULL	168	2024-10-31	5	3	8	Detractor
NULL	168	2025-01-31	9	6	6	Promoter
NULL	168	2026-04-30	4	6	4	Passive
NULL	168	2026-07-31	5	7	6	Detractor
NULL	169	2025-04-30	6	7	2	Detractor
NULL	169	2025-07-31	5	4	6	Detractor
NULL	169	2026-01-31	7	7	4	Passive
NULL	169	2026-04-30	6	8	10	Detractor
NULL	169	2026-07-31	5	6	7	Passive
NULL	170	2025-07-31	6	7	7	Passive
NULL	170	2026-01-31	10	7	1	Promoter
NULL	170	2026-04-30	10	9	7	Promoter
NULL	170	2026-07-31	9	8	9	Passive
NULL	171	07/31/2024	6	5	5	Detractor
NULL	171	2025-01-31	5	5	8	Detractor
NULL	171	04/30/2025	6	4	2	Detractor
NULL	171	2025-07-31	6	5	7	Detractor
NULL	171	2025-10-31	7	3	4	Passive
NULL	171	2026-04-30	6	7	3	Detractor
NULL	172	2024-01-31	4	6	2	Passive
NULL	172	2024-07-31	1	2	3	Passive
NULL	172	2024-10-31	2	6	7	Passive
NULL	172	2025-01-31	1	1	1	Passive
NULL	172	2025-04-30	4	4	3	Passive
NULL	172	2025-07-31	2	6	4	Detractor
NULL	172	2026-01-31	3	NULL	5	Detractor
NULL	172	2026-04-30	6	1	NULL	Detractor
NULL	172	2026-07-31	5	6	5	Detractor
NULL	173	2026-01-31	2	3	6	Detractor
NULL	173	2026-07-31	5	5	1	Detractor
NULL	174	2024-04-30	10	4	3	Promoter
NULL	174	2024-07-31	7	4	8	Passive
NULL	174	2024-10-31	7	4	3	Passive
NULL	174	2025-01-31	5	3	3	Promoter
NULL	174	2025-07-31	8	9	3	Promoter
NULL	174	2025-10-31	2	5	5	Detractor
NULL	174	2026-01-31	7	7	7	Promoter
NULL	174	2026-04-30	6	5	4	Detractor
NULL	175	2025-01-31	5	5	5	Detractor
NULL	175	2025-04-30	5	4	3	Detractor
NULL	175	2025-07-31	4	5	1	Detractor
NULL	175	2026-01-31	7	3	1	Detractor
NULL	175	2026-04-30	6	5	3	Detractor
NULL	175	2026-07-31	6	5	3	Detractor
NULL	176	2024-01-31	4	3	7	Detractor
NULL	176	2024-04-30	5	7	8	Detractor
NULL	176	2024-07-31	9	5	6	Detractor
NULL	176	2025-01-31	3	5	2	Detractor
NULL	176	2025-07-31	8	4	4	Passive
NULL	176	2025-10-31	5	8	3	Detractor
NULL	176	2026-04-30	4	8	7	Passive
NULL	176	2026-07-31	7	6	7	Passive
NULL	177	2024-04-30	1	1	1	Passive
NULL	177	2024-07-31	2	3	8	Detractor
NULL	177	2024-10-31	2	1	4	Detractor
NULL	177	2025-04-30	3	2	4	Detractor
NULL	177	2026-01-31	4	1	6	Detractor
NULL	177	2026-04-30	1	3	4	Detractor
NULL	177	2026-07-31	1	1	7	Detractor
NULL	178	2024-01-31	2	5	1	Promoter
NULL	178	2024-04-30	4	5	3	Detractor
NULL	178	2024-10-31	6	1	3	Passive
NULL	178	2025-01-31	4	1	5	Passive
NULL	178	2025-04-30	3	3	5	Detractor
NULL	178	2025-07-31	1	2	4	Detractor
NULL	178	2026-01-31	4	6	1	Detractor
NULL	178	2026-04-30	4	4	2	Detractor
NULL	178	2026-07-31	4	2	1	Detractor
NULL	179	2024-07-31	7	3	5	Passive
NULL	179	2025-01-31	5	1	7	Detractor
NULL	179	2025-04-30	3	4	1	Detractor
NULL	180	07/31/2026	5	4	1	Passive
NULL	182	2024-01-31	8	5	8	Detractor
NULL	182	2024-04-30	8	9	9	Passive
NULL	182	2024-07-31	7	8	7	Detractor
NULL	182	2024-10-31	9	7	8	Promoter
NULL	182	2025-04-30	6	7	4	Detractor
NULL	182	2025-07-31	8	9	10	Detractor
NULL	182	2025-10-31	9	10	4	Promoter
NULL	182	2026-01-31	9	7	6	Passive
NULL	182	2026-04-30	6	9	NULL	Detractor
NULL	183	2024-01-31	4	3	4	Promoter
NULL	183	2024-07-31	6	1	5	Detractor
NULL	183	2025-01-31	8	4	2	Promoter
NULL	183	2025-04-30	5	5	4	Passive
NULL	183	2025-10-31	5	3	1	Detractor
NULL	183	2026-04-30	5	2	7	Detractor
NULL	183	2026-07-31	4	4	4	Detractor
NULL	184	2024-01-31	7	10	5	Passive
NULL	184	2024-04-30	10	8	10	Promoter
NULL	184	2024-07-31	9	7	9	Promoter
NULL	184	2024-10-31	10	6	9	Passive
NULL	184	2025-01-31	10	10	5	Promoter
NULL	184	2025-04-30	10	10	6	Promoter
NULL	184	2025-07-31	7	10	9	Detractor
NULL	184	2025-10-31	8	7	10	Passive
NULL	184	2026-04-30	8	7	5	Promoter
NULL	184	2026-07-31	10	9	10	Detractor
NULL	185	2024-01-31	8	4	1	Detractor
NULL	185	2024-04-30	7	6	7	Promoter
NULL	185	2024-10-31	7	3	3	Detractor
NULL	185	2025-04-30	5	3	5	Passive
NULL	185	2025-07-31	7	6	1	Passive
NULL	185	2025-10-31	6	4	2	Promoter
NULL	185	2026-04-30	6	7	9	Detractor
NULL	185	2026-07-31	3	7	5	Detractor
NULL	186	2024-04-30	6	5	6	Detractor
NULL	186	2024-07-31	7	7	5	Passive
NULL	186	2024-10-31	4	5	NULL	Detractor
NULL	186	2025-01-31	7	8	2	Promoter
NULL	186	2025-07-31	9	8	3	Promoter
NULL	186	2025-10-31	4	7	1	Detractor
NULL	186	2026-04-30	6	4	6	Detractor
NULL	186	2026-07-31	6	3	5	Passive
NULL	187	2024-01-31	1	5	2	Detractor
NULL	187	2024-10-31	4	5	7	Detractor
NULL	187	2025-01-31	5	6	1	Passive
NULL	187	2025-07-31	3	3	2	Detractor
NULL	187	2025-10-31	5	2	6	Passive
NULL	187	2026-01-31	5	8	1	Detractor
NULL	187	2026-04-30	4	4	4	Detractor
NULL	187	2026-07-31	4	5	3	Detractor
NULL	188	2024-01-31	5	10	9	Promoter
NULL	188	2024-04-30	7	9	10	Promoter
NULL	188	2024-07-31	2	5	6	Passive
NULL	188	2024-10-31	8	4	10	Passive
NULL	188	2025-04-30	8	8	2	Promoter
NULL	189	2025-07-31	2	3	5	Passive
NULL	189	10/31/2025	5	4	4	Detractor
NULL	189	2026-01-31	2	1	1	Detractor
NULL	189	2026-04-30	4	5	1	Passive
NULL	190	2024-04-30	6	7	7	Passive
NULL	190	2024-10-31	10	5	8	Promoter
NULL	190	2025-10-31	10	8	6	Detractor
NULL	190	2026-01-31	10	10	8	Passive
NULL	190	2026-04-30	8	9	5	Promoter
NULL	190	2026-07-31	8	10	5	Promoter
NULL	191	2024-01-31	10	5	7	Detractor
NULL	191	2024-04-30	5	6	7	Detractor
NULL	191	2024-07-31	5	6	5	Passive
NULL	191	2024-10-31	8	8	7	Passive
NULL	191	2025-01-31	8	4	8	Promoter
NULL	191	2025-04-30	8	7	8	Promoter
NULL	191	2025-07-31	7	9	8	Promoter
NULL	191	2025-10-31	7	6	10	Promoter
NULL	191	2026-01-31	7	8	7	Passive
NULL	191	2026-04-30	7	7	8	Promoter
NULL	191	2026-07-31	8	7	NULL	Passive
NULL	192	2024-01-31	5	3	2	Detractor
NULL	192	2024-04-30	4	4	4	Detractor
NULL	192	2024-07-31	4	7	1	Passive
NULL	192	2024-10-31	5	1	2	Passive
NULL	192	2025-04-30	5	5	1	Detractor
NULL	192	2025-07-31	3	3	9	Passive
NULL	192	07/31/2026	5	4	5	Detractor
NULL	193	2024-01-31	6	6	4	Detractor
NULL	193	2024-04-30	4	7	3	Detractor
NULL	193	2024-07-31	9	7	4	Promoter
NULL	193	2025-01-31	6	8	6	Promoter
NULL	193	2025-07-31	5	5	7	Detractor
NULL	193	2025-10-31	2	5	3	Detractor
NULL	193	2026-01-31	5	9	8	Detractor
NULL	193	2026-04-30	9	5	5	Promoter
NULL	193	2026-07-31	4	8	8	Detractor
NULL	194	2024-04-30	4	3	NULL	Detractor
NULL	194	2025-01-31	6	4	1	Detractor
NULL	194	2025-04-30	3	4	4	Detractor
NULL	194	2025-10-31	3	2	1	Detractor
NULL	194	2026-01-31	3	4	1	Detractor
NULL	194	2026-04-30	4	5	1	Detractor
NULL	194	2026-07-31	1	4	1	Passive
NULL	195	2026-07-31	6	6	7	Detractor
NULL	197	2025-10-31	6	6	7	Detractor
NULL	197	2026-01-31	10	6	7	Promoter
NULL	197	2026-04-30	10	6	6	Promoter
NULL	197	2026-07-31	10	5	6	Promoter
NULL	198	2025-07-31	9	7	7	Promoter
NULL	198	2025-10-31	10	8	7	Promoter
NULL	198	2026-01-31	10	5	5	Promoter
NULL	198	2026-04-30	6	6	8	Detractor
NULL	198	2026-07-31	10	8	6	Promoter
NULL	199	2026-07-31	10	9	10	Promoter
NULL	200	2024-01-31	3	5	6	Detractor
NULL	200	2024-10-31	6	NULL	7	Passive
NULL	200	10/31/2025	6	4	8	Detractor
NULL	200	2026-01-31	1	2	6	Detractor
NULL	200	04/30/2026	9	2	2	Promoter
NULL	200	2026-07-31	6	7	4	Detractor
NULL	201	2025-04-30	4	4	2	Passive
NULL	201	2025-07-31	3	1	4	Detractor
NULL	202	2024-10-31	6	1	4	Detractor
NULL	202	2025-01-31	4	1	1	Detractor
NULL	202	2025-07-31	3	7	2	Passive
NULL	202	2025-10-31	3	6	4	Detractor
NULL	202	2026-01-31	4	NULL	NULL	Detractor
NULL	202	2026-04-30	5	2	4	Passive
NULL	202	2026-07-31	6	4	6	Passive
NULL	203	2024-01-31	3	4	1	Passive
NULL	203	2024-04-30	1	3	3	Detractor
NULL	203	2024-07-31	3	3	6	Detractor
NULL	203	2024-10-31	4	1	6	Passive
NULL	203	2025-01-31	5	4	3	Detractor
NULL	203	2025-04-30	3	1	3	Detractor
NULL	203	2025-07-31	4	3	4	Detractor
NULL	203	2026-01-31	5	4	2	Passive
NULL	203	2026-07-31	4	3	4	Promoter
NULL	204	2024-04-30	6	8	4	Passive
NULL	204	2024-07-31	10	10	7	Promoter
NULL	204	2025-01-31	10	6	5	Passive
NULL	204	2025-10-31	10	2	10	Promoter
NULL	204	2026-01-31	10	8	8	Promoter
NULL	204	2026-04-30	9	7	3	Promoter
NULL	205	2024-10-31	10	10	9	Promoter
NULL	205	2025-01-31	10	9	5	Promoter
NULL	205	2025-07-31	9	10	10	Promoter
NULL	205	2025-10-31	10	9	10	Detractor
NULL	205	2026-01-31	10	9	10	Promoter
NULL	205	2026-04-30	10	10	10	Promoter
NULL	205	2026-07-31	10	10	9	Promoter
NULL	206	2024-04-30	2	1	1	Detractor
NULL	206	2024-07-31	2	6	5	Promoter
NULL	206	2025-01-31	3	8	6	Passive
NULL	206	2025-04-30	4	3	9	Detractor
NULL	206	2025-07-31	7	1	4	Detractor
NULL	206	2025-10-31	4	6	3	Passive
NULL	206	2026-01-31	6	6	8	Detractor
NULL	206	2026-07-31	6	4	4	Detractor
NULL	207	2024-01-31	10	10	2	Passive
NULL	207	2024-04-30	7	10	10	Passive
NULL	207	2024-07-31	9	7	8	Promoter
NULL	207	2024-10-31	10	9	8	Promoter
NULL	208	2024-01-31	2	3	1	Detractor
NULL	208	2024-10-31	2	3	4	Passive
NULL	208	07/31/2025	5	4	1	Detractor
NULL	208	2025-10-31	1	3	5	Detractor
NULL	208	2026-01-31	5	5	1	Detractor
NULL	208	2026-04-30	4	1	1	Detractor
NULL	208	2026-07-31	4	3	5	Detractor
NULL	210	2024-01-31	9	5	4	Promoter
NULL	210	2024-10-31	10	10	6	Promoter
NULL	210	2025-01-31	8	10	2	Promoter
NULL	211	2025-07-31	6	8	8	Promoter
NULL	211	2025-10-31	10	9	9	Promoter
NULL	211	2026-04-30	9	10	10	Passive
NULL	212	2024-10-31	4	4	1	Detractor
NULL	212	2025-01-31	4	1	3	Detractor
NULL	212	2025-07-31	4	2	2	Detractor
NULL	212	2025-10-31	3	7	4	Detractor
NULL	212	2026-01-31	4	1	4	Detractor
NULL	212	2026-07-31	2	7	4	Detractor
NULL	213	2024-04-30	1	4	6	Passive
NULL	214	2025-10-31	10	4	6	Passive
NULL	214	2026-01-31	6	8	6	Passive
NULL	214	04/30/2026	9	9	8	Passive
NULL	214	2026-07-31	7	9	5	Promoter
NULL	215	2024-01-31	3	7	6	Detractor
NULL	215	2024-04-30	6	9	4	Detractor
NULL	215	2024-07-31	3	4	2	Detractor
NULL	215	2024-10-31	4	9	6	Detractor
NULL	215	2025-04-30	3	6	6	Promoter
NULL	215	2025-07-31	3	5	5	Passive
NULL	215	2025-10-31	4	5	2	Detractor
NULL	216	2024-10-31	5	5	1	Detractor
NULL	216	2025-01-31	3	6	3	Detractor
NULL	216	2025-04-30	3	6	2	Detractor
NULL	216	2025-07-31	7	5	5	Passive
NULL	216	2026-04-30	6	6	6	Passive
NULL	216	2026-07-31	3	4	1	Detractor
NULL	218	2024-01-31	7	5	NULL	Passive
NULL	218	2024-04-30	7	3	6	Passive
NULL	218	2024-07-31	7	3	6	Promoter
NULL	218	2024-10-31	6	5	2	Detractor
NULL	218	2025-01-31	4	4	1	Passive
NULL	218	2025-04-30	6	2	6	Detractor
NULL	218	2025-07-31	7	6	4	Passive
NULL	218	2025-10-31	4	7	6	Detractor
NULL	218	2026-01-31	6	1	5	Detractor
NULL	218	2026-04-30	6	5	5	Passive
NULL	218	2026-07-31	4	4	4	Detractor
NULL	219	2024-01-31	4	5	3	Detractor
NULL	219	2024-04-30	10	5	9	Promoter
NULL	219	2024-07-31	9	10	4	Passive
NULL	219	2024-10-31	6	10	9	Detractor
NULL	219	2025-01-31	5	6	5	Detractor
NULL	219	2025-04-30	10	1	8	Promoter
NULL	219	2025-07-31	7	8	10	Promoter
NULL	219	2025-10-31	5	7	6	Detractor
NULL	219	2026-01-31	3	8	6	Passive
NULL	219	2026-04-30	6	6	4	Passive
NULL	220	2024-10-31	4	4	1	Detractor
NULL	220	2025-01-31	4	6	5	Promoter
NULL	220	2025-10-31	5	5	5	Detractor
NULL	220	2026-01-31	6	5	1	Detractor
NULL	221	2024-01-31	6	4	5	Promoter
NULL	221	2024-04-30	6	4	3	Detractor
NULL	221	2024-07-31	5	5	2	Promoter
NULL	221	2024-10-31	6	9	6	Promoter
NULL	221	2025-01-31	9	3	8	Promoter
NULL	221	2025-04-30	7	3	5	Passive
NULL	221	2025-07-31	7	7	8	Detractor
NULL	221	2026-01-31	7	6	8	Passive
NULL	221	2026-04-30	5	5	3	Detractor
NULL	223	2024-01-31	7	5	7	Passive
NULL	223	2024-04-30	10	7	9	Passive
NULL	223	2024-07-31	9	9	NULL	Passive
NULL	223	2024-10-31	6	6	10	Detractor
NULL	223	2025-01-31	5	2	7	Detractor
NULL	223	2025-04-30	9	6	9	Promoter
NULL	223	2025-10-31	10	8	10	Promoter
NULL	223	01/31/2026	10	10	7	Passive
NULL	223	2026-07-31	7	7	9	Passive
NULL	224	2024-01-31	5	6	4	Detractor
NULL	224	2024-04-30	6	3	6	Detractor
NULL	224	2024-07-31	6	5	6	Detractor
NULL	224	2024-10-31	5	5	8	Detractor
NULL	224	2026-04-30	9	5	2	Promoter
NULL	224	2026-07-31	4	5	8	Detractor
NULL	225	2024-04-30	10	6	7	Promoter
NULL	225	2024-07-31	7	9	5	Passive
NULL	225	2024-10-31	8	8	3	Promoter
NULL	225	2025-01-31	9	6	10	Detractor
NULL	225	2025-04-30	10	8	5	Promoter
NULL	225	2025-07-31	5	9	3	Detractor
NULL	225	2025-10-31	6	10	6	Detractor
NULL	225	2026-01-31	6	10	8	Detractor
NULL	225	2026-04-30	10	6	10	Promoter
NULL	225	2026-07-31	6	6	9	Detractor
NULL	226	2024-01-31	10	9	5	Promoter
NULL	226	2024-04-30	10	8	6	Detractor
NULL	226	2024-07-31	10	6	6	Passive
NULL	226	2024-10-31	10	9	10	Promoter
NULL	226	2025-01-31	10	5	9	Passive
NULL	226	2025-04-30	6	8	8	Detractor
NULL	226	2025-07-31	10	9	6	Promoter
NULL	226	2025-10-31	10	10	9	Promoter
NULL	226	2026-01-31	10	10	10	Promoter
NULL	226	2026-07-31	10	6	6	Promoter
NULL	227	2024-01-31	5	4	1	Promoter
NULL	227	2024-07-31	4	6	2	Detractor
NULL	227	2024-10-31	4	5	7	Detractor
NULL	227	2025-01-31	6	3	6	Detractor
NULL	227	2025-04-30	1	4	7	Detractor
NULL	227	2025-07-31	4	3	6	Passive
NULL	227	2025-10-31	7	3	5	Promoter
NULL	227	2026-01-31	4	9	9	Passive
NULL	227	2026-07-31	4	5	6	Detractor
NULL	228	2024-04-30	10	3	4	Promoter
NULL	228	2024-07-31	9	9	10	Passive
NULL	228	2024-10-31	6	6	5	Detractor
NULL	228	2025-01-31	10	7	2	Promoter
NULL	228	2025-04-30	7	8	5	Passive
NULL	228	2025-10-31	7	10	NULL	Detractor
NULL	228	2026-04-30	6	9	10	Detractor
NULL	228	2026-07-31	8	9	8	Passive
NULL	229	2024-01-31	6	10	10	Detractor
NULL	229	2024-04-30	5	3	2	Detractor
NULL	229	2024-10-31	2	3	NULL	Passive
NULL	229	2025-01-31	7	5	4	Passive
NULL	229	2025-04-30	6	2	7	Detractor
NULL	229	2025-10-31	8	5	9	Promoter
NULL	229	2026-01-31	5	5	5	Detractor
NULL	229	2026-04-30	4	9	9	Detractor
NULL	229	2026-07-31	4	6	2	Detractor
NULL	231	2024-10-31	10	6	10	Promoter
NULL	231	2025-01-31	10	10	10	Promoter
NULL	231	2025-10-31	10	7	7	Promoter
NULL	231	2026-01-31	10	10	6	Promoter
NULL	231	2026-07-31	10	8	9	Passive
NULL	232	2024-04-30	7	5	6	Promoter
NULL	232	2024-07-31	6	5	NULL	Detractor
NULL	232	2024-10-31	8	7	1	Passive
NULL	232	2025-01-31	4	9	6	Detractor
NULL	232	2025-04-30	7	1	3	Passive
NULL	232	2025-07-31	7	6	7	Promoter
NULL	232	2025-10-31	8	6	5	Promoter
NULL	232	2026-01-31	5	5	5	Detractor
NULL	232	2026-07-31	7	4	6	Passive
NULL	233	04/30/2025	6	3	3	Detractor
NULL	233	2025-07-31	5	5	1	Detractor
NULL	233	2025-10-31	5	3	5	Passive
NULL	233	2026-04-30	8	6	7	Passive
NULL	233	2026-07-31	1	4	5	Detractor
NULL	234	2024-01-31	5	NULL	1	Passive
NULL	234	2024-04-30	6	5	3	Detractor
NULL	234	2024-07-31	3	1	3	Passive
NULL	234	2024-10-31	5	6	3	Detractor
NULL	234	2025-01-31	5	1	3	Detractor
NULL	234	2025-04-30	6	6	1	Detractor
NULL	234	2025-07-31	3	6	8	Detractor
NULL	234	2026-01-31	5	3	4	Detractor
NULL	234	2026-04-30	4	3	NULL	Detractor
NULL	234	2026-07-31	6	6	4	Detractor
NULL	235	2024-01-31	8	7	10	Promoter
NULL	235	2024-07-31	5	10	5	Passive
NULL	235	2024-10-31	7	7	3	Detractor
NULL	235	2025-04-30	7	8	10	Promoter
NULL	235	2025-07-31	7	6	9	Promoter
NULL	235	2025-10-31	5	6	4	Detractor
NULL	235	2026-04-30	9	7	10	Promoter
NULL	235	2026-07-31	8	7	3	Detractor
NULL	236	2024-04-30	8	8	1	Promoter
NULL	236	2024-07-31	10	5	10	Promoter
NULL	236	2024-10-31	8	3	6	Detractor
NULL	236	2025-01-31	10	7	8	Promoter
NULL	236	2025-04-30	6	8	7	Detractor
NULL	236	2025-07-31	7	7	7	Promoter
NULL	236	2026-01-31	9	6	6	Promoter
NULL	236	2026-04-30	7	9	10	Promoter
NULL	236	2026-07-31	8	4	10	Promoter
NULL	237	2024-01-31	4	3	5	Passive
NULL	237	2024-04-30	6	1	6	Detractor
NULL	237	2024-10-31	4	4	6	Promoter
NULL	237	2025-01-31	4	1	3	Detractor
NULL	237	10/31/2025	7	1	5	Passive
NULL	237	2026-04-30	2	4	3	Detractor
NULL	238	2024-01-31	4	2	3	Passive
NULL	238	2025-01-31	3	1	1	Detractor
NULL	238	2025-04-30	4	2	2	Detractor
NULL	238	2025-07-31	5	4	6	Passive
NULL	238	2025-10-31	8	1	3	Promoter
NULL	238	2026-01-31	1	2	4	Detractor
NULL	238	2026-07-31	2	1	3	Detractor
NULL	239	2025-10-31	3	10	NULL	Detractor
NULL	239	2026-01-31	5	6	6	Passive
NULL	239	2026-04-30	3	2	7	Detractor
NULL	240	2024-01-31	7	7	5	Promoter
NULL	240	2024-10-31	4	6	8	Detractor
NULL	240	2025-01-31	6	5	NULL	Detractor
NULL	240	2025-04-30	8	4	4	Passive
NULL	240	2025-07-31	6	5	8	Detractor
NULL	240	2025-10-31	7	9	9	Passive
NULL	240	2026-01-31	10	7	8	Promoter
NULL	240	2026-07-31	5	4	7	Detractor
NULL	241	2024-04-30	5	7	7	Detractor
NULL	241	2025-04-30	3	6	4	Detractor
NULL	241	2025-07-31	4	8	8	Detractor
NULL	241	2025-10-31	8	8	4	Promoter
NULL	241	2026-04-30	5	3	2	Detractor
NULL	241	2026-07-31	8	4	5	Promoter
NULL	242	2024-04-30	5	5	7	Detractor
NULL	242	2024-07-31	7	6	5	Passive
NULL	242	2024-10-31	10	5	7	Promoter
NULL	242	2025-01-31	5	6	3	Detractor
NULL	242	2025-04-30	5	8	8	Passive
NULL	242	2025-07-31	6	7	4	Passive
NULL	242	2025-10-31	4	6	4	Detractor
NULL	242	2026-01-31	5	NULL	5	Detractor
NULL	242	2026-07-31	5	4	9	Detractor
NULL	243	2024-01-31	6	4	1	Detractor
NULL	243	04/30/2024	5	2	2	Passive
NULL	243	2024-07-31	5	6	3	Passive
NULL	243	2025-01-31	8	2	6	Passive
NULL	243	2025-04-30	2	5	8	Detractor
NULL	243	2025-07-31	2	6	2	Detractor
NULL	243	2025-10-31	4	5	5	Detractor
NULL	243	2026-04-30	6	4	6	Passive
NULL	243	2026-07-31	6	2	NULL	Passive
NULL	244	2024-10-31	4	1	5	Passive
NULL	244	2025-01-31	3	3	5	Detractor
NULL	244	2025-04-30	1	2	6	Passive
NULL	244	2025-07-31	5	2	4	Detractor
NULL	244	2025-10-31	4	1	5	Detractor
NULL	244	2026-01-31	4	4	6	Detractor
NULL	244	2026-04-30	4	2	5	Detractor
NULL	244	07/31/2026	4	7	6	Detractor
NULL	246	2024-10-31	1	2	2	Detractor
NULL	246	2025-01-31	4	5	5	Detractor
NULL	246	2025-07-31	6	9	NULL	Detractor
NULL	246	2025-10-31	2	6	4	Passive
NULL	246	2026-01-31	3	2	7	Passive
NULL	246	2026-04-30	3	6	4	Detractor
NULL	246	2026-07-31	5	8	4	Passive
NULL	247	2024-01-31	6	9	5	Passive
NULL	247	2024-04-30	8	5	7	Passive
NULL	247	2024-07-31	3	9	4	Detractor
NULL	247	2024-10-31	9	9	6	Promoter
NULL	247	2025-01-31	6	5	8	Detractor
NULL	247	2025-04-30	5	9	6	Detractor
NULL	247	2025-07-31	8	5	5	Passive
NULL	247	2025-10-31	10	7	6	Promoter
NULL	247	2026-01-31	7	4	10	Promoter
NULL	248	2025-04-30	7	6	5	Promoter
NULL	248	2025-07-31	9	3	5	Passive
NULL	248	2026-01-31	6	8	5	Detractor
NULL	248	2026-04-30	3	6	7	Passive
NULL	250	2026-04-30	10	7	7	Promoter
NULL	251	2024-01-31	8	5	6	Passive
NULL	251	2024-04-30	4	4	4	Detractor
NULL	251	2024-07-31	8	4	1	Promoter
NULL	251	2024-10-31	4	NULL	4	Passive
NULL	251	2025-01-31	7	7	1	Promoter
NULL	251	2025-07-31	6	3	1	Detractor
NULL	251	2025-10-31	4	8	5	Detractor
NULL	251	2026-01-31	4	5	5	Detractor
NULL	251	2026-04-30	5	8	8	Detractor
NULL	251	2026-07-31	9	5	5	Promoter
NULL	252	2024-01-31	4	3	5	Detractor
NULL	252	2024-07-31	3	4	2	Detractor
NULL	252	2024-10-31	5	4	1	Detractor
NULL	252	2025-01-31	6	1	1	Detractor
NULL	252	2025-04-30	4	5	NULL	Detractor
NULL	252	2025-07-31	5	4	2	Passive
NULL	252	2025-10-31	1	2	2	Detractor
NULL	252	2026-01-31	1	5	1	Detractor
NULL	252	2026-04-30	3	1	6	Detractor
NULL	252	2026-07-31	3	4	4	Detractor
NULL	253	2025-10-31	4	6	2	Passive
NULL	253	2026-07-31	5	5	6	Passive
NULL	255	2025-10-31	3	1	2	Detractor
NULL	255	2026-01-31	5	4	1	Detractor
NULL	255	2026-07-31	5	4	5	Detractor
NULL	256	2024-04-30	5	7	2	Detractor
NULL	256	2024-07-31	5	3	5	Detractor
NULL	256	2024-10-31	7	3	5	Promoter
NULL	256	2025-04-30	6	8	4	Promoter
NULL	256	2026-04-30	8	6	4	Passive
NULL	256	2026-07-31	9	4	4	Promoter
NULL	257	2024-01-31	4	4	1	Detractor
NULL	257	2024-04-30	4	3	3	Passive
NULL	257	2024-07-31	9	5	6	Promoter
NULL	257	2024-10-31	4	5	1	Detractor
NULL	257	2025-01-31	6	3	4	Detractor
NULL	257	2025-04-30	3	6	3	Passive
NULL	257	2025-07-31	5	8	6	Passive
NULL	257	2025-10-31	5	7	5	Passive
NULL	257	2026-01-31	5	1	5	Detractor
NULL	257	2026-04-30	4	7	NULL	Detractor
NULL	257	2026-07-31	7	8	3	Promoter
NULL	258	2025-07-31	2	6	1	Detractor
NULL	258	2026-01-31	9	NULL	1	Promoter
NULL	258	2026-04-30	1	1	2	Detractor
NULL	259	2025-07-31	3	2	2	Detractor
NULL	259	2025-10-31	1	NULL	1	Detractor
NULL	259	2026-01-31	1	1	4	Detractor
NULL	259	2026-04-30	1	1	2	Passive
NULL	259	2026-07-31	2	2	1	Passive
NULL	261	2024-01-31	2	4	2	Detractor
NULL	261	2024-04-30	9	1	2	Passive
NULL	261	2024-07-31	7	5	5	Passive
NULL	261	2024-10-31	3	NULL	7	Detractor
NULL	261	2025-01-31	5	3	4	Detractor
NULL	261	2025-04-30	8	4	5	Promoter
NULL	261	2026-01-31	3	2	2	Detractor
NULL	261	2026-07-31	2	4	6	Detractor
NULL	262	2024-04-30	6	5	3	Detractor
NULL	262	2024-07-31	3	2	3	Detractor
NULL	262	2024-10-31	4	NULL	5	Passive
NULL	262	2025-01-31	6	4	7	Passive
NULL	262	2025-07-31	5	7	7	Detractor
NULL	262	2026-01-31	5	3	1	Detractor
NULL	263	04/30/2025	5	1	4	Detractor
NULL	263	2025-07-31	6	3	1	Detractor
NULL	263	2025-10-31	7	6	6	Passive
NULL	263	2026-01-31	5	3	5	Detractor
NULL	263	2026-04-30	5	6	5	Passive
NULL	263	2026-07-31	5	3	4	Detractor
NULL	264	2024-04-30	6	10	8	Promoter
NULL	264	2024-07-31	4	3	5	Detractor
NULL	264	2024-10-31	9	9	10	Passive
NULL	264	2025-01-31	5	7	4	Detractor
NULL	264	2025-04-30	3	6	7	Passive
NULL	264	2025-10-31	6	5	8	Detractor
NULL	264	2026-01-31	5	6	10	Detractor
NULL	264	2026-04-30	8	6	8	Passive
NULL	264	2026-07-31	9	4	6	Promoter
NULL	266	2024-04-30	6	5	5	Detractor
NULL	266	2024-07-31	5	7	6	Detractor
NULL	266	2024-10-31	6	7	7	Passive
NULL	266	2025-04-30	5	6	7	Detractor
NULL	266	2025-10-31	7	5	6	Promoter
NULL	266	2026-01-31	7	7	4	Passive
NULL	266	2026-04-30	9	4	6	Promoter
NULL	266	07/31/2026	8	6	7	Promoter
NULL	267	2024-01-31	5	2	NULL	Detractor
NULL	267	2024-04-30	5	8	7	Detractor
NULL	267	2024-07-31	5	3	1	Detractor
NULL	267	2024-10-31	7	5	NULL	Passive
NULL	267	2025-01-31	2	6	5	Detractor
NULL	267	2025-04-30	9	7	9	Promoter
NULL	268	2026-01-31	5	NULL	9	Detractor
NULL	268	2026-04-30	7	7	4	Promoter
NULL	268	2026-07-31	6	6	10	Passive
NULL	269	2026-01-31	6	7	1	Detractor
NULL	269	2026-04-30	7	8	10	Promoter
NULL	269	2026-07-31	7	1	2	Promoter
NULL	270	2025-04-30	6	5	6	Passive
NULL	270	2025-07-31	6	6	5	Promoter
NULL	270	2025-10-31	3	4	2	Detractor
NULL	270	2026-01-31	8	1	6	Promoter
NULL	270	2026-04-30	7	4	6	Promoter
NULL	271	2025-10-31	5	6	7	Passive
NULL	271	2026-01-31	6	5	3	Passive
NULL	271	2026-07-31	7	10	6	Passive
NULL	272	2024-04-30	5	7	1	Detractor
NULL	272	2024-07-31	2	3	1	Promoter
NULL	272	2024-10-31	2	6	1	Detractor
NULL	272	2025-01-31	3	1	1	Detractor
NULL	272	2026-01-31	1	4	1	Detractor
NULL	272	2026-04-30	1	5	1	Detractor
NULL	272	2026-07-31	3	3	1	Detractor
NULL	273	2024-01-31	4	1	7	Detractor
NULL	273	2024-07-31	3	6	3	Detractor
NULL	273	2024-10-31	9	4	8	Promoter
NULL	273	2025-04-30	8	5	5	Passive
NULL	273	2025-07-31	6	5	5	Detractor
NULL	273	2025-10-31	4	7	6	Detractor
NULL	273	2026-01-31	6	6	1	Detractor
NULL	273	2026-07-31	2	6	7	Detractor
NULL	274	2024-01-31	2	4	4	Passive
NULL	274	2024-07-31	7	8	3	Passive
NULL	274	2024-10-31	5	7	5	Detractor
NULL	274	2025-04-30	6	7	3	Passive
NULL	274	2025-07-31	4	3	4	Detractor
NULL	274	2025-10-31	4	6	4	Detractor
NULL	274	2026-01-31	6	7	2	Detractor
NULL	274	2026-04-30	7	5	7	Passive
NULL	276	2024-04-30	5	6	5	Promoter
NULL	276	07/31/2024	7	3	10	Passive
NULL	276	2025-01-31	7	NULL	6	Promoter
NULL	276	2025-04-30	4	3	4	Passive
NULL	276	2025-07-31	3	6	1	Detractor
NULL	276	2025-10-31	7	4	8	Passive
NULL	276	2026-04-30	7	2	6	Passive
NULL	276	2026-07-31	7	5	6	Passive
NULL	277	2024-10-31	5	6	10	Detractor
NULL	277	2025-01-31	8	10	9	Passive
NULL	277	2025-10-31	7	6	5	Passive
NULL	278	2026-01-31	10	10	9	Promoter
NULL	278	2026-04-30	9	10	7	Promoter
NULL	278	2026-07-31	10	9	5	Passive
NULL	279	2024-01-31	1	1	1	Detractor
NULL	279	2024-04-30	4	1	3	Passive
NULL	279	2024-07-31	1	5	1	Detractor
NULL	279	2025-01-31	2	1	4	Detractor
NULL	279	2025-04-30	5	NULL	1	Passive
NULL	279	2025-07-31	1	3	3	Passive
NULL	279	2025-10-31	5	3	1	Detractor
NULL	279	2026-04-30	4	1	1	Detractor
NULL	279	2026-07-31	1	5	2	Promoter
NULL	280	2024-04-30	8	NULL	6	Promoter
NULL	280	2024-07-31	7	9	10	Passive
NULL	280	2024-10-31	7	2	4	Detractor
NULL	280	2025-04-30	2	7	5	Passive
NULL	280	2025-07-31	8	7	6	Passive
NULL	280	2026-01-31	9	6	10	Promoter
NULL	280	2026-04-30	9	7	7	Promoter
NULL	281	2024-01-31	10	10	10	Promoter
NULL	281	2024-04-30	10	8	10	Promoter
NULL	281	2024-07-31	10	10	9	Promoter
NULL	281	2024-10-31	8	9	7	Passive
NULL	281	2025-01-31	7	8	10	Passive
NULL	281	2025-04-30	10	10	8	Promoter
NULL	281	2025-07-31	10	10	8	Promoter
NULL	281	2026-01-31	8	9	10	Detractor
NULL	281	2026-04-30	10	9	5	Promoter
NULL	281	2026-07-31	10	7	10	Promoter
NULL	283	2024-07-31	8	7	5	Promoter
NULL	283	2024-10-31	5	8	2	Detractor
NULL	283	2025-01-31	6	7	NULL	Detractor
NULL	283	2026-01-31	6	5	6	Detractor
NULL	283	2026-07-31	9	8	2	Promoter
NULL	285	2024-07-31	8	5	4	Passive
NULL	285	2024-10-31	10	7	5	Promoter
NULL	285	2025-01-31	7	8	8	Detractor
NULL	285	2025-04-30	6	3	6	Passive
NULL	285	2025-07-31	6	6	5	Detractor
NULL	285	2026-01-31	10	6	5	Promoter
NULL	285	2026-04-30	7	9	4	Detractor
NULL	286	2025-10-31	7	8	6	Promoter
NULL	286	2026-04-30	10	4	8	Promoter
NULL	287	2026-04-30	5	4	6	Detractor
NULL	287	2026-07-31	7	3	7	Passive
NULL	288	2024-10-31	4	6	2	Passive
NULL	288	2025-07-31	4	1	2	Detractor
NULL	288	2025-10-31	3	1	1	Passive
NULL	288	2026-01-31	4	4	4	Passive
NULL	288	2026-04-30	3	4	4	Detractor
NULL	288	2026-07-31	5	1	5	Detractor
NULL	289	2024-01-31	5	5	4	Detractor
NULL	289	2024-07-31	5	3	8	Detractor
NULL	289	2024-10-31	3	7	3	Passive
NULL	289	2025-01-31	7	8	10	Promoter
NULL	289	2025-04-30	3	8	5	Detractor
NULL	289	2025-07-31	9	1	9	Promoter
NULL	289	2025-10-31	7	5	5	Passive
NULL	289	2026-01-31	8	6	5	Passive
NULL	289	2026-04-30	4	6	4	Detractor
NULL	290	2026-07-31	7	6	NULL	Promoter
NULL	291	2024-01-31	4	6	2	Detractor
NULL	291	2024-04-30	4	NULL	3	Passive
NULL	291	07/31/2024	6	7	3	Detractor
NULL	291	2025-04-30	6	2	3	Detractor
NULL	291	2025-10-31	5	4	4	Detractor
NULL	291	2026-01-31	5	7	1	Detractor
NULL	291	2026-04-30	3	7	9	Detractor
NULL	291	2026-07-31	4	6	3	Detractor
NULL	292	2024-10-31	8	10	8	Passive
NULL	292	2025-01-31	10	10	4	Promoter
NULL	292	2025-07-31	7	10	4	Promoter
NULL	292	2025-10-31	9	5	7	Promoter
NULL	292	2026-04-30	4	9	3	Passive
NULL	292	2026-07-31	8	3	8	Passive
NULL	293	2025-01-31	7	5	8	Passive
NULL	293	2025-04-30	7	4	4	Detractor
NULL	293	2025-10-31	2	10	6	Detractor
NULL	293	2026-01-31	5	5	6	Detractor
NULL	293	2026-04-30	3	3	2	Detractor
NULL	293	2026-07-31	4	4	6	Detractor
NULL	294	2024-04-30	5	5	3	Detractor
NULL	294	2024-10-31	5	6	5	Passive
NULL	294	2025-01-31	5	5	8	Detractor
NULL	294	2025-07-31	8	4	8	Passive
NULL	294	2025-10-31	6	5	10	Passive
NULL	294	2026-01-31	5	3	9	Detractor
NULL	294	2026-04-30	9	7	7	Promoter
NULL	294	2026-07-31	8	1	9	Passive
NULL	295	2025-01-31	6	5	4	Passive
NULL	295	2025-04-30	6	7	8	Passive
NULL	295	2025-07-31	3	6	5	Detractor
NULL	295	2025-10-31	7	6	6	Detractor
NULL	296	07/31/2026	7	6	1	Passive
NULL	297	2024-01-31	6	4	5	Detractor
NULL	297	2024-04-30	9	8	3	Promoter
NULL	297	2024-07-31	7	6	7	Passive
NULL	297	2024-10-31	10	5	2	Promoter
NULL	297	2025-04-30	8	8	5	Promoter
NULL	297	2025-07-31	7	7	7	Promoter
NULL	297	2025-10-31	8	NULL	3	Promoter
NULL	297	01/31/2026	5	4	6	Detractor
NULL	297	2026-04-30	8	8	6	Detractor
NULL	298	2024-04-30	6	4	6	Detractor
NULL	298	2024-07-31	9	8	6	Passive
NULL	299	2025-04-30	7	5	1	Passive
NULL	299	2025-10-31	3	4	5	Detractor
NULL	299	2026-01-31	4	8	7	Passive
NULL	299	2026-04-30	1	5	1	Detractor
NULL	300	2025-01-31	2	1	4	Detractor
NULL	300	2025-04-30	1	1	3	Detractor
NULL	300	2025-07-31	5	4	1	Detractor
NULL	300	2025-10-31	4	5	3	Detractor
NULL	300	2026-01-31	4	1	1	Detractor
NULL	300	2026-04-30	3	1	1	Detractor
NULL	301	2024-01-31	6	6	8	Detractor
NULL	301	2024-10-31	9	4	7	Promoter
NULL	301	2025-04-30	8	7	9	Promoter
NULL	301	2025-10-31	10	5	4	Detractor
NULL	301	2026-01-31	10	10	NULL	Promoter
NULL	301	2026-04-30	7	8	6	Promoter
NULL	301	2026-07-31	9	5	10	Promoter
NULL	302	2025-01-31	9	5	5	Passive
NULL	302	2025-04-30	8	8	6	Detractor
NULL	302	2025-07-31	9	9	4	Passive
NULL	302	2026-04-30	9	6	5	Promoter
NULL	302	2026-07-31	10	7	2	Promoter
NULL	303	2024-10-31	10	10	7	Promoter
NULL	303	2025-01-31	9	10	7	Promoter
NULL	303	2025-04-30	10	10	10	Promoter
NULL	304	2026-07-31	5	6	6	Detractor
NULL	305	2024-01-31	6	7	7	Detractor
NULL	305	2024-04-30	1	5	1	Detractor
NULL	305	2024-07-31	6	4	6	Detractor
NULL	305	2024-10-31	9	5	8	Promoter
NULL	305	2025-01-31	6	5	5	Passive
NULL	305	04/30/2025	2	3	3	Detractor
NULL	305	2025-07-31	6	5	1	Detractor
NULL	305	2026-01-31	7	1	2	Promoter
NULL	305	2026-07-31	3	7	5	Promoter
NULL	307	04/30/2025	3	4	1	Detractor
NULL	307	2025-07-31	2	6	4	Passive
NULL	307	2026-01-31	4	1	1	Detractor
NULL	307	2026-04-30	4	5	2	Detractor
NULL	307	2026-07-31	4	1	4	Passive
NULL	308	2024-01-31	3	1	4	Detractor
NULL	308	2024-04-30	2	3	1	Detractor
NULL	310	2024-10-31	9	4	8	Promoter
NULL	310	2025-01-31	8	8	NULL	Passive
NULL	310	2025-04-30	7	5	9	Passive
NULL	310	2025-07-31	8	8	6	Promoter
NULL	310	10/31/2025	10	9	7	Promoter
NULL	312	2025-04-30	4	6	2	Detractor
NULL	312	2025-07-31	4	2	NULL	Passive
NULL	312	2025-10-31	5	7	4	Promoter
NULL	312	01/31/2026	3	2	6	Detractor
NULL	312	2026-04-30	5	4	8	Detractor
NULL	312	2026-07-31	2	8	1	Passive
NULL	313	2024-01-31	3	1	4	Detractor
NULL	313	2024-04-30	4	1	1	Passive
NULL	313	2024-07-31	4	3	1	Detractor
NULL	313	2024-10-31	4	2	2	Detractor
NULL	314	2024-10-31	7	8	NULL	Promoter
NULL	314	2025-01-31	7	7	1	Promoter
NULL	314	2025-07-31	6	7	2	Detractor
NULL	314	2025-10-31	7	5	1	Passive
NULL	314	01/31/2026	3	7	8	Detractor
NULL	315	2026-01-31	8	8	10	Promoter
NULL	315	2026-07-31	8	8	5	Passive
NULL	316	2025-07-31	4	8	5	Detractor
NULL	316	2026-04-30	7	4	4	Passive
NULL	317	2024-01-31	9	5	6	Promoter
NULL	317	2024-07-31	7	9	8	Passive
NULL	317	2024-10-31	7	8	4	Promoter
NULL	317	2025-04-30	6	7	4	Passive
NULL	317	2025-07-31	9	9	6	Passive
NULL	317	2025-10-31	4	5	9	Detractor
NULL	317	2026-04-30	7	7	8	Passive
NULL	318	2024-07-31	7	8	7	Passive
NULL	318	2024-10-31	10	7	7	Promoter
NULL	318	2025-01-31	8	9	6	Detractor
NULL	318	2025-04-30	6	3	8	Detractor
NULL	318	2025-10-31	5	3	6	Detractor
NULL	319	2025-07-31	5	6	3	Detractor
NULL	319	2025-10-31	2	5	2	Detractor
NULL	319	2026-01-31	5	8	2	Detractor
NULL	319	2026-04-30	8	5	2	Passive
NULL	321	2026-07-31	8	5	6	Promoter
NULL	322	2024-01-31	4	5	5	Detractor
NULL	322	2024-07-31	4	4	3	Detractor
NULL	323	2024-01-31	8	8	NULL	Promoter
NULL	323	2024-04-30	8	5	5	Passive
NULL	323	2024-07-31	6	NULL	6	Detractor
NULL	323	2024-10-31	10	3	8	Promoter
NULL	323	2025-01-31	10	4	10	Passive
NULL	323	2025-07-31	2	7	5	Detractor
NULL	323	2026-04-30	7	3	6	Promoter
NULL	325	2025-01-31	1	1	7	Detractor
NULL	325	2025-04-30	1	1	1	Detractor
NULL	325	2025-07-31	3	1	1	Detractor
NULL	325	2025-10-31	5	6	6	Detractor
NULL	325	2026-01-31	2	2	2	Detractor
NULL	326	2024-07-31	9	5	9	Promoter
NULL	326	2025-01-31	9	2	9	Passive
NULL	326	2025-04-30	9	6	5	Promoter
NULL	326	2025-10-31	6	9	10	Passive
NULL	326	2026-04-30	7	4	8	Passive
NULL	326	2026-07-31	10	8	10	Promoter
NULL	327	2025-07-31	9	8	5	Promoter
NULL	327	2026-01-31	9	8	6	Promoter
NULL	327	2026-04-30	10	10	9	Promoter
NULL	327	07/31/2026	9	9	8	Passive
NULL	1122	04/30/2024	8	1	8	Passive
NULL	1122	2024-07-31	10	NULL	NULL	Promoter
NULL	1122	2024-10-31	10	8	7	Promoter
NULL	1122	2025-01-31	8	5	6	Passive
NULL	1122	04/30/2025	9	9	6	Promoter
NULL	1122	2025-07-31	7	8	10	Detractor
NULL	1122	2025-10-31	9	4	5	Promoter
NULL	1122	2026-01-31	8	7	8	Passive
NULL	328	2024-04-30	5	3	4	Detractor
NULL	328	2024-07-31	8	10	7	Promoter
NULL	328	2024-10-31	6	7	10	Detractor
NULL	328	2025-10-31	6	6	8	Detractor
NULL	328	2026-04-30	10	4	6	Promoter
NULL	328	2026-07-31	9	7	NULL	Promoter
NULL	329	2024-01-31	8	NULL	7	Passive
NULL	329	2024-07-31	7	6	7	Detractor
NULL	329	2024-10-31	8	7	NULL	Passive
NULL	329	2025-01-31	10	8	4	Promoter
NULL	329	2025-04-30	7	10	4	Promoter
NULL	329	2025-07-31	7	7	6	Passive
NULL	329	2025-10-31	8	5	10	Promoter
NULL	329	2026-01-31	4	8	6	Detractor
NULL	329	2026-04-30	6	6	8	Detractor
NULL	329	2026-07-31	8	8	7	Passive
NULL	330	2024-01-31	1	2	8	Passive
NULL	330	2024-04-30	4	2	5	Detractor
NULL	330	2024-07-31	3	3	3	Detractor
NULL	330	2024-10-31	1	3	4	Detractor
NULL	331	2024-07-31	4	3	3	Passive
NULL	331	2025-01-31	2	4	5	Detractor
NULL	331	2025-07-31	3	4	6	Detractor
NULL	331	2025-10-31	1	1	1	Detractor
NULL	331	2026-01-31	2	5	1	Detractor
NULL	331	2026-04-30	4	3	5	Passive
NULL	331	2026-07-31	3	6	3	Passive
NULL	332	2024-01-31	8	3	6	Passive
NULL	332	2024-04-30	7	7	8	Passive
NULL	332	2024-07-31	10	9	2	Passive
NULL	332	2024-10-31	7	NULL	5	Passive
NULL	332	2025-01-31	7	6	4	Detractor
NULL	332	2025-04-30	8	5	5	Promoter
NULL	332	07/31/2025	6	4	5	Detractor
NULL	332	2025-10-31	6	7	7	Detractor
NULL	332	2026-07-31	9	6	4	Promoter
NULL	333	2025-04-30	2	6	5	Detractor
NULL	333	2025-07-31	6	2	6	Detractor
NULL	333	2026-01-31	3	8	5	Passive
NULL	333	2026-04-30	5	6	2	Detractor
NULL	1640	2024-01-31	3	3	3	Detractor
NULL	1640	2024-04-30	7	2	6	Passive
NULL	1640	2024-07-31	6	8	5	Detractor
NULL	1640	2024-10-31	5	4	1	Detractor
NULL	1640	2025-01-31	3	5	2	Detractor
NULL	1640	2025-04-30	4	4	5	Detractor
NULL	1640	2025-07-31	6	1	4	Detractor
NULL	1640	2026-01-31	6	6	4	Detractor
NULL	1640	2026-04-30	7	4	3	Passive
NULL	1640	2026-07-31	4	6	3	Detractor
NULL	335	2025-10-31	4	6	4	Passive
NULL	335	2026-01-31	7	3	7	Passive
NULL	335	2026-04-30	5	7	8	Passive
NULL	336	2024-01-31	6	10	5	Passive
NULL	336	2024-04-30	8	7	6	Passive
NULL	336	2024-07-31	5	6	7	Detractor
NULL	336	2024-10-31	6	8	5	Detractor
NULL	336	2025-04-30	8	5	5	Passive
NULL	336	2025-07-31	7	7	10	Promoter
NULL	336	2026-01-31	8	7	8	Passive
NULL	336	2026-07-31	5	6	NULL	Detractor
NULL	337	2024-01-31	1	5	1	Detractor
NULL	337	2024-04-30	1	1	1	Detractor
NULL	337	2024-07-31	2	4	1	Detractor
NULL	337	2024-10-31	4	2	1	Detractor
NULL	337	2025-01-31	1	2	1	Detractor
NULL	337	2025-04-30	5	5	2	Detractor
NULL	337	2025-07-31	2	2	5	Detractor
NULL	337	2025-10-31	2	4	5	Detractor
NULL	337	2026-01-31	1	4	1	Detractor
NULL	337	2026-07-31	1	4	1	Detractor
NULL	338	2025-01-31	9	2	3	Detractor
NULL	338	2025-04-30	7	5	4	Passive
NULL	338	2025-07-31	5	7	4	Detractor
NULL	338	2025-10-31	2	5	7	Passive
NULL	338	2026-01-31	3	2	1	Passive
NULL	338	2026-07-31	4	1	4	Detractor
NULL	339	2024-07-31	8	6	7	Promoter
NULL	339	2025-04-30	10	NULL	4	Passive
NULL	339	2025-07-31	10	7	7	Promoter
NULL	339	2025-10-31	10	7	1	Promoter
NULL	339	2026-01-31	10	9	7	Promoter
NULL	339	2026-04-30	6	2	3	Detractor
NULL	339	2026-07-31	8	3	6	Passive
NULL	340	2026-07-31	5	7	6	Detractor
NULL	341	2024-01-31	9	9	1	Promoter
NULL	341	2024-04-30	5	4	3	Promoter
NULL	341	2024-07-31	6	4	4	Passive
NULL	341	2024-10-31	6	4	2	Detractor
NULL	341	2025-01-31	6	5	2	Detractor
NULL	341	2025-07-31	8	8	6	Passive
NULL	341	2025-10-31	7	4	10	Passive
NULL	341	2026-04-30	10	7	2	Promoter
NULL	341	2026-07-31	8	3	6	Passive
NULL	342	2024-01-31	5	4	7	Passive
NULL	342	2025-04-30	7	3	3	Promoter
NULL	342	2025-07-31	6	6	8	Promoter
NULL	342	2025-10-31	4	4	5	Detractor
NULL	342	2026-01-31	5	3	7	Detractor
NULL	342	2026-04-30	7	7	4	Promoter
NULL	344	2025-10-31	3	7	4	Detractor
NULL	344	2026-04-30	3	5	1	Detractor
NULL	344	2026-07-31	5	7	5	Detractor
NULL	346	2024-01-31	6	10	4	Detractor
NULL	346	2024-04-30	8	5	9	Passive
NULL	346	2024-07-31	8	6	5	Detractor
NULL	346	2025-07-31	7	9	8	Detractor
NULL	346	2026-01-31	6	5	5	Passive
NULL	347	2024-01-31	10	7	NULL	Promoter
NULL	347	2024-04-30	8	10	9	Promoter
NULL	347	2024-07-31	10	9	6	Detractor
NULL	347	2024-10-31	10	9	7	Promoter
NULL	347	2025-01-31	9	7	10	Promoter
NULL	347	2025-04-30	7	9	7	Promoter
NULL	347	2025-07-31	9	8	7	Passive
NULL	347	2026-01-31	8	10	9	Passive
NULL	347	2026-07-31	8	8	8	Promoter
NULL	348	2025-04-30	9	4	NULL	Promoter
NULL	348	2025-07-31	5	3	3	Detractor
NULL	348	2025-10-31	4	3	1	Detractor
NULL	348	2026-01-31	2	7	3	Detractor
NULL	348	2026-04-30	5	3	5	Promoter
NULL	348	2026-07-31	6	5	8	Passive
NULL	349	2025-01-31	4	5	6	Detractor
NULL	349	2025-04-30	3	8	2	Passive
NULL	349	2025-07-31	6	5	7	Detractor
NULL	350	2025-07-31	5	1	1	Detractor
NULL	350	2025-10-31	1	5	1	Detractor
NULL	350	2026-01-31	1	1	7	Detractor
NULL	350	2026-04-30	1	6	5	Passive
NULL	350	2026-07-31	1	1	1	Detractor
NULL	351	2024-01-31	7	6	2	Passive
NULL	351	2024-07-31	7	5	9	Promoter
NULL	351	2024-10-31	4	2	6	Detractor
NULL	351	2025-01-31	7	3	3	Passive
NULL	351	2025-07-31	4	7	5	Detractor
NULL	351	2025-10-31	8	2	5	Passive
NULL	351	2026-01-31	8	2	5	Passive
NULL	351	2026-07-31	4	7	1	Detractor
NULL	352	2024-04-30	7	6	4	Promoter
NULL	352	2024-07-31	9	7	1	Promoter
NULL	352	2024-10-31	7	7	4	Passive
NULL	352	2025-01-31	6	1	4	Detractor
NULL	352	2025-04-30	7	6	7	Promoter
NULL	352	2025-07-31	6	3	1	Detractor
NULL	352	2025-10-31	5	5	9	Detractor
NULL	352	2026-01-31	7	4	4	Promoter
NULL	352	2026-04-30	7	3	7	Passive
NULL	352	2026-07-31	9	9	7	Promoter
NULL	353	2025-01-31	3	3	8	Passive
NULL	353	2025-04-30	4	7	4	Detractor
NULL	353	2025-07-31	4	2	1	Detractor
NULL	353	2025-10-31	2	3	1	Detractor
NULL	353	2026-01-31	7	5	1	Detractor
NULL	353	2026-04-30	5	4	5	Promoter
NULL	353	2026-07-31	4	4	8	Detractor
NULL	354	2024-10-31	7	10	8	Detractor
NULL	354	2025-01-31	5	3	6	Passive
NULL	354	2025-04-30	7	6	3	Promoter
NULL	354	2025-07-31	7	5	6	Detractor
NULL	354	2025-10-31	7	7	3	Passive
NULL	354	2026-01-31	6	3	4	Detractor
NULL	354	2026-04-30	9	6	2	Promoter
NULL	355	2025-10-31	1	1	1	Passive
NULL	355	2026-01-31	2	2	1	Detractor
NULL	356	2026-07-31	5	NULL	6	Detractor
NULL	357	2025-07-31	7	6	8	Passive
NULL	357	2026-04-30	4	NULL	10	Detractor
NULL	358	2025-07-31	7	1	4	Promoter
NULL	358	2025-10-31	10	5	6	Promoter
NULL	358	2026-01-31	10	6	2	Promoter
NULL	358	2026-04-30	5	9	5	Detractor
NULL	358	2026-07-31	6	7	6	Detractor
NULL	359	2024-01-31	7	7	8	Passive
NULL	359	2024-04-30	7	9	10	Passive
NULL	359	2024-07-31	9	3	4	Promoter
NULL	359	2024-10-31	9	8	9	Promoter
NULL	359	2025-04-30	5	10	7	Passive
NULL	359	2025-10-31	10	10	5	Promoter
NULL	359	01/31/2026	8	8	10	Promoter
NULL	359	2026-07-31	10	8	8	Promoter
NULL	360	2024-10-31	3	5	2	Passive
NULL	360	2025-01-31	4	4	2	Detractor
NULL	360	2025-07-31	1	6	3	Passive
NULL	360	2025-10-31	3	2	1	Detractor
NULL	360	2026-04-30	5	5	6	Passive
NULL	360	2026-07-31	5	2	4	Detractor
NULL	361	2026-07-31	9	10	5	Passive
NULL	362	2025-04-30	3	NULL	5	Detractor
NULL	362	2026-01-31	5	3	5	Detractor
NULL	364	01/31/2024	9	3	10	Promoter
NULL	364	2024-04-30	9	9	7	Detractor
NULL	364	2024-07-31	10	7	3	Promoter
NULL	364	2024-10-31	7	3	5	Detractor
NULL	364	2025-01-31	6	7	2	Passive
NULL	364	2025-07-31	7	6	1	Passive
NULL	364	2025-10-31	6	6	2	Passive
NULL	364	2026-01-31	7	4	7	Passive
NULL	365	2024-01-31	7	9	NULL	Detractor
NULL	365	2024-04-30	5	10	6	Detractor
NULL	365	2024-07-31	8	8	9	Promoter
NULL	365	2024-10-31	5	9	5	Promoter
NULL	365	2025-01-31	7	5	6	Promoter
NULL	365	2025-07-31	7	8	6	Passive
NULL	365	2026-01-31	6	4	5	Detractor
NULL	365	2026-04-30	7	8	10	Detractor
NULL	365	2026-07-31	10	8	10	Promoter
NULL	366	2024-01-31	4	7	3	Detractor
NULL	366	2024-04-30	4	3	5	Detractor
NULL	366	2024-07-31	6	3	7	Detractor
NULL	367	2024-01-31	10	7	10	Passive
NULL	367	2024-04-30	7	7	10	Promoter
NULL	367	2024-07-31	8	4	8	Promoter
NULL	367	2024-10-31	8	7	6	Passive
NULL	367	2025-01-31	8	5	10	Passive
NULL	367	2025-07-31	6	9	4	Detractor
NULL	367	2025-10-31	8	6	5	Passive
NULL	367	2026-04-30	8	6	5	Passive
NULL	367	2026-07-31	8	4	9	Passive
NULL	369	2025-07-31	6	6	4	Passive
NULL	369	2025-10-31	4	5	5	Detractor
NULL	369	2026-01-31	8	2	1	Detractor
NULL	369	2026-04-30	3	3	4	Passive
NULL	370	2024-07-31	7	5	7	Passive
NULL	370	2024-10-31	9	5	5	Promoter
NULL	370	2025-01-31	10	9	6	Detractor
NULL	370	2025-04-30	10	10	10	Promoter
NULL	370	2026-01-31	10	5	5	Promoter
NULL	370	2026-04-30	7	7	5	Passive
NULL	370	2026-07-31	7	10	5	Passive
NULL	371	2024-01-31	10	8	5	Promoter
NULL	371	2024-07-31	8	7	6	Promoter
NULL	371	2025-01-31	8	7	2	Passive
NULL	371	2025-04-30	8	9	NULL	Promoter
NULL	371	2026-04-30	10	NULL	7	Promoter
NULL	371	2026-07-31	10	7	10	Promoter
NULL	372	2024-04-30	6	1	5	Passive
NULL	372	2025-01-31	1	2	3	Detractor
NULL	372	2025-10-31	3	3	1	Passive
NULL	373	2025-04-30	6	7	2	Detractor
NULL	373	2025-07-31	8	5	8	Promoter
NULL	373	2026-01-31	4	2	2	Detractor
NULL	374	2024-04-30	7	4	5	Promoter
NULL	374	2024-07-31	3	6	6	Promoter
NULL	374	2024-10-31	1	1	6	Detractor
NULL	374	2025-01-31	5	1	NULL	Detractor
NULL	374	2025-07-31	3	3	5	Detractor
NULL	375	2024-10-31	7	NULL	10	Promoter
NULL	375	2025-01-31	7	8	6	Promoter
NULL	375	2025-04-30	7	9	10	Passive
NULL	375	2025-07-31	7	10	7	Passive
NULL	375	2026-04-30	2	6	6	Detractor
NULL	375	2026-07-31	7	6	9	Promoter
NULL	376	2025-04-30	5	7	5	Detractor
NULL	376	2025-07-31	8	9	6	Passive
NULL	376	2025-10-31	7	6	6	Promoter
NULL	376	2026-04-30	6	5	4	Detractor
NULL	376	2026-07-31	4	4	5	Detractor
NULL	377	2024-01-31	9	9	5	Passive
NULL	377	2024-04-30	9	10	9	Passive
NULL	377	2024-07-31	6	5	7	Detractor
NULL	377	2024-10-31	5	10	8	Passive
NULL	377	2025-04-30	10	8	7	Promoter
NULL	377	2025-07-31	8	6	4	Passive
NULL	377	2025-10-31	10	8	6	Promoter
NULL	377	2026-01-31	7	6	5	Promoter
NULL	377	2026-04-30	5	10	7	Detractor
NULL	378	2024-01-31	3	7	4	Detractor
NULL	378	2024-04-30	3	7	7	Detractor
NULL	378	2024-10-31	6	6	2	Passive
NULL	378	2025-01-31	4	5	1	Detractor
NULL	378	2025-07-31	8	3	4	Passive
NULL	378	2025-10-31	5	8	5	Detractor
NULL	378	2026-01-31	6	5	5	Detractor
NULL	378	2026-04-30	4	2	10	Detractor
NULL	379	2024-04-30	9	7	9	Promoter
NULL	379	2024-07-31	10	10	10	Promoter
NULL	379	2024-10-31	10	6	7	Passive
NULL	379	2025-01-31	10	10	7	Passive
NULL	379	2025-04-30	10	10	10	Promoter
NULL	379	2025-07-31	10	10	7	Promoter
NULL	379	10/31/2025	9	10	6	Promoter
NULL	379	2026-01-31	10	8	10	Promoter
NULL	379	2026-04-30	9	7	8	Promoter
NULL	379	2026-07-31	10	9	4	Promoter
NULL	380	2024-01-31	7	3	8	Promoter
NULL	380	2024-04-30	8	7	3	Detractor
NULL	380	2025-01-31	6	7	3	Detractor
NULL	380	2025-07-31	7	NULL	7	Promoter
NULL	380	2025-10-31	3	7	10	Detractor
NULL	380	2026-01-31	7	5	10	Promoter
NULL	380	2026-04-30	6	3	5	Detractor
NULL	381	2024-01-31	2	3	3	Detractor
NULL	381	2024-07-31	4	1	2	Detractor
NULL	381	2024-10-31	1	3	2	Passive
NULL	381	2025-01-31	4	1	5	Passive
NULL	381	2025-10-31	3	3	1	Promoter
NULL	381	2026-01-31	4	2	5	Detractor
NULL	381	2026-04-30	4	2	1	Detractor
NULL	381	2026-07-31	3	1	1	Detractor
NULL	382	2024-01-31	6	6	NULL	Detractor
NULL	382	2024-04-30	9	8	10	Promoter
NULL	382	2024-07-31	7	9	3	Promoter
NULL	382	2024-10-31	8	9	5	Detractor
NULL	382	2025-01-31	9	4	9	Promoter
NULL	382	2025-04-30	6	10	8	Passive
NULL	382	2025-07-31	8	10	7	Passive
NULL	382	2025-10-31	5	10	5	Detractor
NULL	382	2026-04-30	7	9	9	Passive
NULL	382	2026-07-31	9	8	5	Promoter
NULL	383	2026-04-30	7	9	9	Detractor
NULL	384	2026-01-31	3	3	1	Detractor
NULL	384	2026-04-30	4	3	1	Detractor
NULL	384	2026-07-31	3	4	5	Passive
NULL	385	2024-01-31	1	1	5	Detractor
NULL	385	2024-04-30	2	3	7	Detractor
NULL	385	2024-07-31	1	1	4	Promoter
NULL	385	2024-10-31	3	2	5	Detractor
NULL	385	2025-04-30	2	8	4	Detractor
NULL	385	2025-07-31	2	6	5	Passive
NULL	385	2026-01-31	1	2	6	Detractor
NULL	385	2026-04-30	1	1	NULL	Detractor
NULL	385	2026-07-31	2	1	NULL	Passive
NULL	386	2024-01-31	5	7	5	Detractor
NULL	386	2024-04-30	6	4	6	Detractor
NULL	386	2024-07-31	6	5	2	Detractor
NULL	386	2024-10-31	5	6	5	Detractor
NULL	386	2025-01-31	5	5	2	Detractor
NULL	386	2025-07-31	6	3	1	Detractor
NULL	386	2025-10-31	4	4	1	Passive
NULL	386	2026-01-31	4	3	1	Detractor
NULL	386	2026-04-30	3	1	1	Passive
NULL	386	2026-07-31	1	5	5	Detractor
NULL	387	2024-04-30	6	10	10	Passive
NULL	387	2024-07-31	8	10	5	Detractor
NULL	387	2024-10-31	10	9	7	Promoter
NULL	387	2025-04-30	7	9	10	Passive
NULL	387	2025-07-31	9	10	10	Promoter
NULL	387	2025-10-31	10	10	10	Promoter
NULL	387	2026-01-31	7	9	4	Promoter
NULL	387	2026-04-30	10	5	8	Promoter
NULL	387	2026-07-31	9	10	6	Promoter
NULL	388	2026-07-31	9	7	10	Promoter
NULL	389	2024-07-31	3	3	1	Detractor
NULL	389	2025-04-30	1	5	1	Passive
NULL	389	2025-07-31	1	6	1	Detractor
NULL	389	01/31/2026	1	1	1	Detractor
NULL	389	2026-04-30	1	1	1	Detractor
NULL	391	2025-07-31	6	4	9	Detractor
NULL	391	2026-01-31	6	8	9	Detractor
NULL	391	2026-04-30	10	10	10	Promoter
NULL	391	2026-07-31	8	9	10	Promoter
NULL	392	10/31/2024	6	8	10	Detractor
NULL	392	2025-04-30	6	10	7	Detractor
NULL	392	2025-07-31	10	8	8	Promoter
NULL	392	2025-10-31	10	6	8	Promoter
NULL	392	2026-01-31	6	10	7	Detractor
NULL	392	2026-07-31	8	8	7	Detractor
NULL	393	2024-07-31	10	10	6	Promoter
NULL	393	2024-10-31	10	6	10	Passive
NULL	393	01/31/2025	10	5	3	Promoter
NULL	393	2025-07-31	7	5	4	Passive
NULL	393	2025-10-31	8	8	10	Promoter
NULL	393	2026-01-31	9	10	9	Promoter
NULL	393	2026-04-30	10	7	9	Passive
NULL	393	2026-07-31	7	7	5	Passive
NULL	394	2024-01-31	7	4	4	Detractor
NULL	394	2024-04-30	3	NULL	10	Detractor
NULL	394	2024-07-31	2	6	2	Detractor
NULL	394	2025-01-31	8	4	1	Passive
NULL	394	2025-04-30	3	5	8	Detractor
NULL	394	2025-07-31	4	1	6	Detractor
NULL	394	2025-10-31	4	3	1	Detractor
NULL	394	2026-01-31	6	4	NULL	Detractor
NULL	394	2026-07-31	5	5	2	Detractor
NULL	395	2024-01-31	2	4	6	Detractor
NULL	395	2024-04-30	2	8	7	Detractor
NULL	395	2024-07-31	1	5	10	Detractor
NULL	395	2024-10-31	5	3	2	Passive
NULL	395	2025-01-31	3	1	1	Detractor
NULL	395	2025-07-31	4	2	1	Passive
NULL	395	2025-10-31	2	NULL	4	Detractor
NULL	395	2026-04-30	5	6	5	Passive
NULL	395	2026-07-31	6	5	4	Detractor
NULL	396	2026-01-31	6	5	4	Passive
NULL	396	2026-04-30	5	4	10	Detractor
NULL	396	2026-07-31	6	7	6	Detractor
NULL	397	2025-07-31	4	6	2	Detractor
NULL	397	2026-01-31	3	3	6	Detractor
NULL	397	2026-04-30	7	5	2	Passive
NULL	397	2026-07-31	9	8	5	Promoter
NULL	398	2026-07-31	7	2	10	Passive
NULL	399	2024-01-31	3	8	6	Passive
NULL	399	2024-04-30	5	3	10	Passive
NULL	399	2024-07-31	5	2	8	Detractor
NULL	399	2024-10-31	6	4	3	Detractor
NULL	399	2025-01-31	4	6	3	Detractor
NULL	399	04/30/2025	4	1	3	Detractor
NULL	399	2025-07-31	8	7	5	Promoter
NULL	399	2025-10-31	7	4	4	Passive
NULL	399	2026-01-31	5	5	3	Promoter
NULL	399	2026-04-30	5	5	6	Passive
NULL	400	10/31/2024	9	7	10	Promoter
NULL	400	2025-01-31	10	9	10	Promoter
NULL	400	2025-04-30	10	NULL	10	Promoter
NULL	400	2025-07-31	10	7	10	Promoter
NULL	400	2025-10-31	7	8	7	Passive
NULL	400	2026-01-31	10	10	6	Promoter
NULL	400	2026-04-30	10	10	7	Promoter
NULL	400	2026-07-31	10	10	10	Promoter
NULL	401	2024-01-31	5	9	6	Detractor
NULL	401	2024-04-30	8	6	5	Passive
NULL	401	2024-07-31	7	5	7	Promoter
NULL	401	2024-10-31	7	6	6	Passive
NULL	401	2025-01-31	4	6	2	Promoter
NULL	401	2025-07-31	8	7	NULL	Promoter
NULL	402	2024-01-31	7	5	5	Detractor
NULL	402	2024-04-30	5	1	4	Passive
NULL	402	2024-07-31	6	4	5	Passive
NULL	402	2024-10-31	3	1	6	Promoter
NULL	402	2025-01-31	3	7	2	Detractor
NULL	402	2025-04-30	5	3	1	Detractor
NULL	402	2025-07-31	2	3	2	Detractor
NULL	402	2025-10-31	6	3	NULL	Detractor
NULL	402	2026-01-31	4	7	6	Detractor
NULL	402	04/30/2026	2	6	8	Passive
NULL	403	2024-04-30	4	1	2	Passive
NULL	404	2024-01-31	6	10	NULL	Passive
NULL	405	2025-01-31	5	5	1	Detractor
NULL	405	2025-04-30	6	8	5	Passive
NULL	405	2025-10-31	4	8	3	Passive
NULL	405	2026-07-31	8	9	7	Promoter
NULL	406	01/31/2024	10	5	4	Promoter
NULL	406	2024-04-30	6	2	4	Detractor
NULL	406	2024-07-31	6	5	5	Detractor
NULL	406	2024-10-31	10	4	7	Promoter
NULL	406	2025-07-31	4	5	4	Detractor
NULL	406	2025-10-31	8	7	8	Promoter
NULL	406	2026-01-31	5	1	9	Detractor
NULL	407	2025-10-31	3	6	5	Passive
NULL	407	01/31/2026	4	4	1	Passive
NULL	408	2024-01-31	8	7	2	Detractor
NULL	408	2024-07-31	7	9	9	Promoter
NULL	408	2024-10-31	9	7	10	Promoter
NULL	408	2025-01-31	6	6	5	Detractor
NULL	408	2025-04-30	6	4	7	Detractor
NULL	408	2025-07-31	8	8	2	Passive
NULL	408	2026-07-31	10	8	8	Promoter
NULL	409	2024-01-31	2	5	2	Detractor
NULL	409	2024-07-31	4	1	2	Detractor
NULL	409	2024-10-31	6	5	3	Detractor
NULL	409	2025-01-31	1	4	10	Detractor
NULL	409	2025-04-30	2	3	3	Passive
NULL	409	2025-07-31	6	4	1	Detractor
NULL	409	2025-10-31	3	10	1	Detractor
NULL	409	2026-01-31	3	9	1	Detractor
NULL	409	2026-04-30	2	5	1	Promoter
NULL	409	2026-07-31	2	4	5	Detractor
NULL	410	2024-01-31	8	7	9	Passive
NULL	410	2024-07-31	10	8	8	Promoter
NULL	411	2025-07-31	4	8	4	Detractor
NULL	411	2025-10-31	7	10	4	Passive
NULL	411	2026-04-30	5	4	6	Detractor
NULL	411	2026-07-31	7	1	7	Detractor
NULL	412	2024-01-31	6	2	3	Detractor
NULL	412	2024-04-30	6	3	4	Detractor
NULL	412	2024-07-31	4	4	7	Promoter
NULL	412	2024-10-31	4	5	1	Passive
NULL	412	01/31/2025	6	3	2	Detractor
NULL	412	2025-04-30	5	4	1	Detractor
NULL	412	2025-07-31	7	2	6	Detractor
NULL	412	2025-10-31	4	3	5	Promoter
NULL	412	2026-04-30	6	5	6	Detractor
NULL	412	2026-07-31	8	6	4	Passive
NULL	413	2024-01-31	5	5	6	Detractor
NULL	413	2024-07-31	9	7	4	Promoter
NULL	413	2025-01-31	8	NULL	5	Passive
NULL	413	2025-07-31	8	9	9	Passive
NULL	413	2025-10-31	10	5	2	Promoter
NULL	413	2026-01-31	10	7	8	Promoter
NULL	413	2026-04-30	6	9	7	Detractor
NULL	413	2026-07-31	6	6	3	Passive
NULL	415	07/31/2026	9	9	10	Promoter
NULL	416	2024-01-31	8	9	9	Detractor
NULL	416	2024-04-30	7	4	2	Passive
NULL	416	2024-07-31	7	2	6	Passive
NULL	416	2024-10-31	6	5	9	Detractor
NULL	416	2025-01-31	5	10	6	Passive
NULL	416	2025-04-30	9	5	7	Promoter
NULL	416	2025-07-31	7	6	9	Detractor
NULL	416	2025-10-31	6	10	7	Detractor
NULL	416	2026-01-31	7	8	4	Passive
NULL	416	2026-04-30	6	8	2	Detractor
NULL	416	2026-07-31	6	7	7	Detractor
NULL	417	2024-04-30	8	9	2	Detractor
NULL	417	2024-10-31	8	9	10	Passive
NULL	417	2025-04-30	7	4	5	Promoter
NULL	417	2025-07-31	9	NULL	9	Promoter
NULL	417	2026-01-31	8	1	5	Passive
NULL	418	2024-01-31	4	1	3	Passive
NULL	418	2024-04-30	3	5	3	Detractor
NULL	418	2024-07-31	6	4	2	Detractor
NULL	418	2024-10-31	6	3	4	Detractor
NULL	418	2025-07-31	4	8	5	Detractor
NULL	419	2026-01-31	6	10	7	Promoter
NULL	419	2026-04-30	7	9	10	Passive
NULL	420	2025-07-31	3	5	7	Detractor
NULL	420	2025-10-31	2	6	4	Promoter
NULL	420	2026-01-31	7	6	2	Promoter
NULL	420	2026-04-30	6	1	3	Passive
NULL	421	2024-01-31	6	10	10	Detractor
NULL	421	2024-07-31	9	6	10	Promoter
NULL	421	2024-10-31	10	9	10	Promoter
NULL	421	2025-01-31	9	NULL	8	Promoter
NULL	421	2025-04-30	10	10	9	Promoter
NULL	421	2025-07-31	10	7	10	Promoter
NULL	421	2026-01-31	10	10	9	Promoter
NULL	421	2026-04-30	10	7	8	Promoter
NULL	421	2026-07-31	10	10	8	Promoter
NULL	422	2024-01-31	10	5	9	Promoter
NULL	422	2024-07-31	10	10	10	Promoter
NULL	422	2024-10-31	9	7	9	Promoter
NULL	422	2025-01-31	10	8	7	Promoter
NULL	422	2026-01-31	9	9	10	Promoter
NULL	422	2026-04-30	10	8	6	Promoter
NULL	423	2025-10-31	3	5	5	Passive
NULL	423	2026-01-31	5	3	NULL	Detractor
NULL	423	2026-04-30	5	5	1	Detractor
NULL	423	2026-07-31	6	10	NULL	Detractor
NULL	424	2026-01-31	7	7	5	Promoter
NULL	424	2026-04-30	6	3	6	Detractor
NULL	424	07/31/2026	4	4	6	Detractor
NULL	425	2024-01-31	2	3	1	Detractor
NULL	425	2024-04-30	3	1	1	Detractor
NULL	425	2024-07-31	2	NULL	NULL	Detractor
NULL	425	2024-10-31	2	3	2	Detractor
NULL	425	2025-01-31	3	1	2	Detractor
NULL	425	2025-04-30	3	3	1	Detractor
NULL	425	2026-01-31	1	4	2	Detractor
NULL	425	2026-04-30	1	3	2	Passive
NULL	425	07/31/2026	5	1	1	Detractor
NULL	426	01/31/2024	6	4	6	Detractor
NULL	426	2024-04-30	8	5	9	Passive
NULL	426	2024-07-31	5	7	8	Passive
NULL	426	2025-04-30	5	10	5	Promoter
NULL	427	2024-04-30	10	8	7	Promoter
NULL	427	2024-07-31	10	10	8	Promoter
NULL	427	2025-04-30	10	8	10	Promoter
NULL	427	2025-07-31	9	10	10	Passive
NULL	427	2025-10-31	10	10	9	Promoter
NULL	427	2026-01-31	8	10	10	Promoter
NULL	427	2026-04-30	10	NULL	10	Passive
NULL	427	2026-07-31	9	10	10	Promoter
NULL	428	2026-01-31	7	6	6	Passive
NULL	428	2026-04-30	4	8	6	Detractor
NULL	430	2024-01-31	7	6	9	Passive
NULL	430	2024-04-30	10	9	10	Promoter
NULL	430	2024-07-31	6	4	NULL	Passive
NULL	430	2024-10-31	7	9	10	Passive
NULL	430	2025-04-30	4	10	7	Passive
NULL	430	2025-10-31	7	8	10	Promoter
NULL	430	2026-01-31	6	10	6	Passive
NULL	430	2026-04-30	6	8	10	Passive
NULL	431	2024-01-31	5	4	7	Passive
NULL	431	2024-10-31	2	1	6	Passive
NULL	431	2025-01-31	7	3	3	Passive
NULL	431	2025-07-31	7	6	4	Promoter
NULL	431	2025-10-31	2	5	2	Detractor
NULL	431	2026-01-31	2	2	2	Detractor
NULL	431	04/30/2026	4	7	8	Passive
NULL	432	2024-07-31	4	1	4	Promoter
NULL	432	2024-10-31	3	4	2	Detractor
NULL	432	2025-04-30	1	4	3	Passive
NULL	432	2025-07-31	3	1	1	Promoter
NULL	432	2025-10-31	5	6	1	Detractor
NULL	432	2026-04-30	5	5	1	Passive
NULL	432	2026-07-31	1	2	4	Detractor
NULL	433	2024-01-31	7	6	6	Passive
NULL	433	2024-07-31	5	4	10	Passive
NULL	433	2024-10-31	5	4	1	Detractor
NULL	433	2025-01-31	3	6	2	Detractor
NULL	433	2025-07-31	6	3	2	Detractor
NULL	433	2026-04-30	6	3	3	Detractor
NULL	434	2024-07-31	8	6	4	Passive
NULL	434	2025-07-31	7	7	7	Passive
NULL	434	2025-10-31	6	1	7	Passive
NULL	434	2026-07-31	7	8	5	Promoter
NULL	435	2026-01-31	3	5	5	Passive
NULL	435	2026-04-30	3	4	8	Detractor
NULL	436	2026-04-30	4	2	8	Detractor
NULL	437	2024-01-31	5	8	4	Detractor
NULL	437	2024-04-30	6	8	7	Passive
NULL	437	2024-07-31	2	6	3	Detractor
NULL	437	2024-10-31	9	10	2	Promoter
NULL	437	2025-01-31	8	NULL	8	Promoter
NULL	437	2025-04-30	4	8	5	Detractor
NULL	437	2025-07-31	6	6	5	Detractor
NULL	437	2025-10-31	9	3	7	Promoter
NULL	437	2026-01-31	5	4	7	Detractor
NULL	437	2026-04-30	2	2	3	Passive
NULL	438	2024-01-31	10	8	9	Promoter
NULL	438	2024-04-30	10	10	8	Promoter
NULL	438	2024-10-31	7	10	7	Promoter
NULL	438	2025-01-31	10	10	7	Promoter
NULL	438	2025-04-30	8	8	5	Passive
NULL	438	2025-07-31	9	8	5	Promoter
NULL	438	2026-01-31	10	9	8	Promoter
NULL	438	2026-07-31	10	9	6	Promoter
NULL	439	2026-07-31	7	6	7	Passive
NULL	441	2024-01-31	1	NULL	2	Passive
NULL	441	2024-04-30	1	1	1	Passive
NULL	441	2024-10-31	1	3	3	Passive
NULL	441	2025-01-31	3	1	3	Detractor
NULL	441	2025-07-31	1	5	2	Detractor
NULL	441	2026-01-31	3	1	1	Detractor
NULL	441	2026-04-30	1	2	1	Detractor
NULL	441	2026-07-31	3	1	1	Detractor
NULL	442	2025-10-31	8	5	7	Passive
NULL	442	2026-01-31	10	7	9	Passive
NULL	442	2026-04-30	7	5	6	Promoter
NULL	443	2024-01-31	3	3	5	Detractor
NULL	443	2024-04-30	7	4	4	Passive
NULL	443	2024-07-31	4	3	1	Passive
NULL	443	2024-10-31	5	2	3	Detractor
NULL	444	2026-01-31	4	7	8	Detractor
NULL	444	2026-04-30	5	6	7	Promoter
NULL	444	2026-07-31	7	4	1	Passive
NULL	445	2024-07-31	8	5	6	Promoter
NULL	445	2024-10-31	7	7	2	Promoter
NULL	445	04/30/2025	5	2	1	Detractor
NULL	445	2025-10-31	7	8	6	Passive
NULL	445	2026-01-31	6	9	5	Detractor
NULL	446	2024-01-31	6	2	6	Detractor
NULL	446	2024-07-31	4	7	7	Detractor
NULL	446	2024-10-31	5	6	1	Detractor
NULL	446	2025-01-31	6	7	3	Detractor
NULL	446	10/31/2025	8	8	5	Passive
NULL	446	2026-01-31	8	6	7	Promoter
NULL	446	04/30/2026	7	3	8	Promoter
NULL	446	2026-07-31	8	4	5	Passive
NULL	447	2025-01-31	10	4	NULL	Promoter
NULL	447	2025-04-30	6	10	6	Detractor
NULL	447	07/31/2025	6	8	5	Detractor
NULL	447	2025-10-31	7	10	5	Passive
NULL	447	2026-04-30	7	6	8	Detractor
NULL	447	2026-07-31	8	8	4	Promoter
NULL	448	2024-04-30	7	9	1	Detractor
NULL	448	2024-07-31	2	4	7	Passive
NULL	448	10/31/2024	4	10	6	Detractor
NULL	448	2025-01-31	5	4	4	Promoter
NULL	448	2025-07-31	7	2	2	Promoter
NULL	448	2026-04-30	5	4	6	Passive
NULL	448	2026-07-31	7	9	2	Detractor
NULL	449	2024-01-31	7	6	1	Passive
NULL	449	2024-04-30	8	9	7	Promoter
NULL	449	2024-10-31	9	7	7	Promoter
NULL	449	2025-07-31	5	7	4	Passive
NULL	449	2026-04-30	8	6	5	Promoter
NULL	450	2024-04-30	7	8	4	Detractor
NULL	451	2025-07-31	2	6	2	Detractor
NULL	451	2026-01-31	5	8	6	Promoter
NULL	451	2026-07-31	5	6	1	Detractor
NULL	452	2024-04-30	5	6	5	Detractor
NULL	452	2024-07-31	5	2	6	Passive
NULL	452	2024-10-31	7	3	4	Promoter
NULL	452	2025-01-31	5	2	5	Passive
NULL	452	2025-07-31	5	7	5	Detractor
NULL	452	2025-10-31	3	4	3	Detractor
NULL	452	2026-01-31	2	5	8	Promoter
NULL	453	2025-10-31	4	4	7	Promoter
NULL	453	2026-01-31	7	5	8	Detractor
NULL	454	2024-07-31	6	8	6	Detractor
NULL	454	2024-10-31	8	NULL	4	Promoter
NULL	454	2025-01-31	4	5	6	Passive
NULL	454	2025-04-30	9	3	6	Promoter
NULL	454	2026-04-30	5	3	1	Detractor
NULL	455	2024-01-31	9	6	4	Promoter
NULL	455	2024-04-30	9	6	3	Promoter
NULL	455	2024-07-31	9	5	9	Promoter
NULL	455	2025-01-31	5	10	5	Passive
NULL	455	2025-07-31	7	8	3	Passive
NULL	455	2025-10-31	7	7	7	Passive
NULL	455	2026-01-31	9	6	8	Promoter
NULL	455	2026-04-30	6	6	4	Passive
NULL	456	2025-01-31	5	5	10	Passive
NULL	456	2025-04-30	6	5	6	Passive
NULL	456	2026-01-31	7	6	5	Promoter
NULL	456	2026-04-30	10	10	3	Promoter
NULL	456	2026-07-31	7	6	5	Promoter
NULL	457	2024-04-30	6	10	10	Detractor
NULL	457	2024-07-31	9	8	7	Promoter
NULL	457	2025-10-31	9	8	8	Promoter
NULL	457	2026-01-31	9	10	8	Promoter
NULL	457	2026-04-30	10	7	7	Promoter
NULL	457	2026-07-31	9	10	6	Promoter
NULL	458	2025-07-31	1	1	1	Detractor
NULL	458	2026-01-31	2	1	1	Detractor
NULL	458	2026-07-31	1	1	1	Promoter
NULL	459	2024-04-30	4	NULL	1	Detractor
NULL	459	2024-10-31	4	1	3	Detractor
NULL	459	2025-01-31	3	4	4	Detractor
NULL	459	2025-04-30	5	6	1	Passive
NULL	459	2025-07-31	4	5	7	Detractor
NULL	459	2025-10-31	5	1	8	Detractor
NULL	459	2026-01-31	7	6	2	Promoter
NULL	459	2026-07-31	6	5	7	Detractor
NULL	460	2024-01-31	10	8	3	Promoter
NULL	460	2024-07-31	4	9	8	Detractor
NULL	460	2024-10-31	3	7	NULL	Detractor
NULL	460	2025-01-31	7	7	8	Passive
NULL	460	2025-10-31	5	8	4	Detractor
NULL	460	2026-01-31	7	5	7	Promoter
NULL	460	2026-04-30	7	10	4	Promoter
NULL	461	2024-04-30	4	3	5	Promoter
NULL	461	2024-10-31	2	1	2	Detractor
NULL	461	2025-01-31	2	3	3	Detractor
NULL	461	2025-04-30	1	1	3	Detractor
NULL	461	2025-07-31	1	1	1	Detractor
NULL	461	2025-10-31	3	1	2	Detractor
NULL	461	2026-01-31	3	8	3	Detractor
NULL	461	2026-04-30	1	2	7	Passive
NULL	461	2026-07-31	3	4	2	Detractor
NULL	463	2025-10-31	4	6	6	Detractor
NULL	463	2026-01-31	7	5	4	Promoter
NULL	463	2026-04-30	9	7	5	Promoter
NULL	463	2026-07-31	4	6	2	Detractor
NULL	465	01/31/2024	10	10	8	Passive
NULL	465	2024-04-30	5	10	9	Detractor
NULL	465	2025-04-30	5	8	4	Promoter
NULL	465	2025-10-31	8	10	10	Passive
NULL	465	2026-07-31	10	9	8	Promoter
NULL	466	2025-01-31	5	1	3	Detractor
NULL	466	2025-04-30	6	5	5	Passive
NULL	467	2024-04-30	2	8	1	Detractor
NULL	467	2024-10-31	5	2	3	Detractor
NULL	467	2025-04-30	6	5	3	Detractor
NULL	467	2025-10-31	4	3	9	Passive
NULL	467	2026-01-31	5	7	3	Detractor
NULL	467	2026-04-30	3	8	2	Passive
NULL	469	2026-07-31	2	3	6	Detractor
NULL	470	2024-04-30	6	7	5	Detractor
NULL	470	2024-07-31	5	10	4	Detractor
NULL	470	2024-10-31	7	7	3	Promoter
NULL	470	2025-01-31	5	5	5	Detractor
NULL	470	2025-04-30	4	1	1	Detractor
NULL	470	2025-07-31	5	7	5	Detractor
NULL	470	2025-10-31	6	4	1	Detractor
NULL	470	01/31/2026	5	5	NULL	Passive
NULL	470	2026-07-31	5	5	8	Detractor
NULL	471	2024-01-31	7	2	2	Promoter
NULL	471	2024-04-30	8	7	9	Promoter
NULL	471	2024-07-31	7	4	7	Passive
NULL	472	2024-01-31	4	3	4	Detractor
NULL	472	04/30/2024	7	5	6	Promoter
NULL	472	07/31/2024	3	3	9	Promoter
NULL	472	2024-10-31	6	2	2	Detractor
NULL	472	2025-01-31	4	4	2	Detractor
NULL	472	2025-07-31	6	6	6	Detractor
NULL	472	2026-01-31	7	5	5	Detractor
NULL	473	2025-01-31	6	1	1	Passive
NULL	473	2025-04-30	1	2	3	Detractor
NULL	473	2026-04-30	2	1	3	Detractor
NULL	473	2026-07-31	3	6	3	Passive
NULL	474	07/31/2026	3	3	1	Detractor
NULL	476	2024-01-31	2	5	2	Detractor
NULL	476	2024-07-31	4	4	2	Detractor
NULL	476	2024-10-31	5	5	3	Passive
NULL	476	2025-01-31	3	5	2	Detractor
NULL	476	2025-07-31	3	8	2	Passive
NULL	476	2025-10-31	2	1	7	Detractor
NULL	476	2026-01-31	6	4	3	Detractor
NULL	476	2026-04-30	1	3	1	Passive
NULL	477	2024-04-30	7	5	1	Passive
NULL	477	07/31/2024	2	4	1	Detractor
NULL	477	2024-10-31	5	5	4	Passive
NULL	477	2025-01-31	2	2	2	Detractor
NULL	477	2025-04-30	5	3	6	Detractor
NULL	477	2025-10-31	3	NULL	7	Detractor
NULL	477	2026-04-30	3	6	1	Passive
NULL	477	2026-07-31	5	8	1	Detractor
NULL	478	2024-01-31	4	8	4	Detractor
NULL	478	2024-10-31	6	2	9	Detractor
NULL	478	2025-01-31	7	6	1	Passive
NULL	478	2025-04-30	4	5	7	Detractor
NULL	478	2025-07-31	7	8	3	Promoter
NULL	478	2026-01-31	9	2	6	Promoter
NULL	478	2026-07-31	4	9	7	Detractor
NULL	479	2026-07-31	5	9	3	Detractor
NULL	480	2024-01-31	5	3	6	Passive
NULL	480	2024-04-30	4	4	8	Promoter
NULL	480	2024-07-31	6	2	2	Passive
NULL	480	2024-10-31	6	6	5	Detractor
NULL	480	2025-04-30	7	5	3	Promoter
NULL	480	2025-07-31	2	1	4	Detractor
NULL	480	2025-10-31	5	2	8	Detractor
NULL	481	2024-04-30	9	7	10	Promoter
NULL	481	2024-07-31	6	6	5	Detractor
NULL	481	2024-10-31	8	4	NULL	Promoter
NULL	481	2025-07-31	10	2	5	Promoter
NULL	481	2025-10-31	3	8	3	Passive
NULL	481	2026-01-31	10	7	6	Promoter
NULL	481	2026-04-30	9	7	6	Detractor
NULL	481	2026-07-31	10	5	6	Promoter
NULL	482	04/30/2025	7	5	4	Promoter
NULL	482	2025-07-31	4	2	4	Detractor
NULL	482	2025-10-31	2	1	4	Passive
NULL	482	2026-07-31	3	4	8	Passive
NULL	483	2024-04-30	5	8	7	Detractor
NULL	483	2024-07-31	9	8	10	Promoter
NULL	483	2025-01-31	7	10	5	Promoter
NULL	483	2025-04-30	10	7	7	Promoter
NULL	483	2025-07-31	7	7	8	Passive
NULL	483	2025-10-31	10	5	3	Promoter
NULL	483	2026-01-31	8	4	6	Detractor
NULL	483	2026-04-30	8	7	6	Promoter
NULL	484	2026-01-31	7	2	7	Passive
NULL	485	2024-04-30	1	2	5	Detractor
NULL	485	2024-07-31	1	1	5	Passive
NULL	485	2024-10-31	2	1	1	Detractor
NULL	485	2025-04-30	1	1	2	Detractor
NULL	485	2025-07-31	1	1	6	Passive
NULL	485	2026-01-31	1	1	1	Detractor
NULL	485	2026-04-30	1	2	1	Detractor
NULL	486	2024-01-31	7	6	6	Detractor
NULL	486	2024-07-31	5	6	10	Detractor
NULL	486	2025-01-31	3	4	3	Passive
NULL	486	2025-04-30	6	6	6	Detractor
NULL	486	2025-07-31	7	7	6	Passive
NULL	486	2025-10-31	5	4	7	Detractor
NULL	486	2026-01-31	10	4	7	Promoter
NULL	486	2026-04-30	8	7	6	Passive
NULL	486	2026-07-31	10	6	3	Promoter
NULL	488	2024-01-31	3	3	2	Detractor
NULL	488	2024-07-31	4	7	9	Detractor
NULL	488	2024-10-31	6	6	8	Promoter
NULL	488	2025-01-31	7	5	7	Promoter
NULL	488	2025-07-31	4	2	7	Detractor
NULL	488	2025-10-31	3	4	4	Detractor
NULL	488	2026-01-31	5	4	3	Detractor
NULL	488	2026-04-30	4	7	5	Detractor
NULL	488	2026-07-31	5	4	2	Detractor
NULL	489	2024-01-31	10	7	5	Promoter
NULL	489	2024-04-30	10	8	6	Promoter
NULL	489	2025-01-31	6	5	1	Detractor
NULL	489	2025-04-30	10	6	NULL	Promoter
NULL	489	2025-07-31	9	6	7	Passive
NULL	489	2026-01-31	7	7	6	Detractor
NULL	489	2026-04-30	8	10	6	Detractor
NULL	489	2026-07-31	5	8	10	Passive
NULL	490	2025-07-31	4	7	6	Promoter
NULL	490	2025-10-31	6	6	3	Passive
NULL	490	2026-04-30	4	4	1	Detractor
NULL	491	2024-01-31	5	4	5	Passive
NULL	491	2024-07-31	7	7	5	Passive
NULL	491	2024-10-31	5	3	7	Detractor
NULL	491	2025-01-31	2	4	6	Detractor
NULL	491	2025-04-30	5	2	4	Promoter
NULL	491	2025-07-31	7	4	2	Passive
NULL	491	2026-04-30	8	4	6	Passive
NULL	491	2026-07-31	4	4	NULL	Passive
NULL	492	2024-04-30	7	4	6	Promoter
NULL	492	2024-10-31	10	8	5	Detractor
NULL	492	2025-01-31	10	5	7	Promoter
NULL	492	2025-04-30	10	6	8	Passive
NULL	492	2025-07-31	8	8	5	Passive
NULL	492	2025-10-31	7	9	4	Promoter
NULL	492	2026-07-31	5	10	5	Detractor
NULL	493	2024-07-31	3	2	NULL	Detractor
NULL	493	2024-10-31	1	1	3	Detractor
NULL	493	2025-04-30	4	1	1	Detractor
NULL	493	2025-10-31	3	3	1	Detractor
NULL	493	2026-01-31	1	1	3	Passive
NULL	494	2026-01-31	4	4	6	Detractor
NULL	494	2026-04-30	5	4	7	Passive
NULL	494	2026-07-31	2	5	2	Detractor
NULL	495	2024-01-31	5	6	8	Detractor
NULL	495	2024-04-30	8	3	2	Promoter
NULL	495	2024-07-31	6	3	1	Detractor
NULL	495	2024-10-31	8	3	6	Promoter
NULL	495	2025-01-31	8	7	5	Passive
NULL	495	2026-04-30	6	3	1	Detractor
NULL	495	2026-07-31	4	6	2	Detractor
NULL	496	2024-07-31	5	7	3	Detractor
NULL	496	2024-10-31	8	9	8	Promoter
NULL	496	2025-01-31	8	5	4	Promoter
NULL	496	2025-04-30	7	7	7	Passive
NULL	496	2025-07-31	5	5	2	Detractor
NULL	496	10/31/2025	6	4	1	Detractor
NULL	496	2026-01-31	7	NULL	9	Passive
NULL	496	2026-07-31	8	7	7	Passive
NULL	497	2024-01-31	10	4	6	Passive
NULL	497	2024-04-30	6	6	8	Detractor
NULL	497	2024-07-31	4	5	7	Passive
NULL	497	2025-10-31	7	6	8	Passive
NULL	497	2026-04-30	10	6	7	Promoter
NULL	497	2026-07-31	8	5	3	Passive
NULL	498	2025-10-31	9	5	2	Promoter
NULL	498	2026-04-30	4	2	4	Passive
NULL	499	2024-04-30	5	2	4	Detractor
NULL	499	2024-07-31	3	6	8	Detractor
NULL	500	2024-07-31	6	9	5	Promoter
NULL	500	2024-10-31	8	8	4	Passive
NULL	500	2025-01-31	7	4	8	Passive
NULL	500	2025-04-30	10	6	9	Promoter
NULL	501	2025-10-31	1	1	1	Detractor
NULL	501	2026-04-30	1	6	1	Passive
NULL	502	2026-04-30	9	8	3	Promoter
NULL	502	2026-07-31	6	4	9	Detractor
NULL	503	2026-04-30	8	10	8	Passive
NULL	504	2026-01-31	4	2	4	Promoter
NULL	504	2026-07-31	3	4	1	Detractor
NULL	505	2024-01-31	3	2	4	Passive
NULL	505	2024-04-30	1	1	1	Passive
NULL	505	2024-07-31	3	3	2	Detractor
NULL	505	2025-01-31	1	8	2	Detractor
NULL	505	2026-04-30	2	2	1	Detractor
NULL	505	2026-07-31	2	5	2	Detractor
NULL	506	2026-07-31	7	8	6	Detractor
NULL	507	2024-01-31	10	10	7	Passive
NULL	507	2024-04-30	8	6	NULL	Detractor
NULL	507	2024-07-31	6	8	10	Detractor
NULL	507	2024-10-31	10	8	8	Promoter
NULL	507	2025-04-30	10	9	9	Promoter
NULL	507	2025-07-31	8	7	7	Passive
NULL	507	2026-01-31	9	NULL	10	Promoter
NULL	507	2026-04-30	8	8	3	Promoter
NULL	507	2026-07-31	10	9	10	Detractor
NULL	508	2024-10-31	9	10	8	Detractor
NULL	508	2025-01-31	10	4	9	Passive
NULL	508	2025-04-30	6	6	10	Detractor
NULL	508	2025-07-31	9	6	6	Promoter
NULL	508	2025-10-31	9	9	10	Passive
NULL	508	2026-01-31	9	NULL	9	Promoter
NULL	508	2026-04-30	10	8	8	Promoter
NULL	508	2026-07-31	7	8	5	Passive
NULL	509	2026-04-30	9	3	2	Promoter
NULL	510	2024-10-31	7	7	1	Passive
NULL	510	2025-01-31	5	5	NULL	Detractor
NULL	510	2025-04-30	7	4	6	Passive
NULL	510	2026-01-31	8	6	7	Promoter
NULL	510	2026-04-30	7	5	3	Promoter
NULL	511	2024-07-31	1	5	10	Detractor
NULL	511	2025-01-31	6	1	10	Passive
NULL	511	2025-07-31	6	8	2	Detractor
NULL	511	2025-10-31	2	4	6	Detractor
NULL	511	2026-01-31	6	3	6	Detractor
NULL	511	2026-04-30	3	9	3	Detractor
NULL	511	2026-07-31	6	6	2	Detractor
NULL	512	01/31/2024	6	5	8	Detractor
NULL	512	2024-04-30	4	5	8	Detractor
NULL	512	2024-07-31	3	7	4	Passive
NULL	512	2024-10-31	7	8	2	Passive
NULL	512	2025-01-31	8	6	8	Promoter
NULL	512	2025-04-30	6	6	4	Detractor
NULL	512	2025-10-31	6	10	7	Detractor
NULL	512	2026-01-31	5	3	6	Detractor
NULL	512	2026-04-30	6	3	6	Detractor
NULL	513	2024-01-31	7	10	9	Promoter
NULL	513	2024-04-30	7	9	8	Passive
NULL	513	2024-07-31	10	9	10	Passive
NULL	513	10/31/2024	9	10	6	Passive
NULL	513	2025-01-31	10	10	7	Promoter
NULL	513	2025-04-30	10	10	NULL	Promoter
NULL	513	2025-07-31	10	9	10	Detractor
NULL	513	2025-10-31	7	8	8	Passive
NULL	513	2026-01-31	9	NULL	7	Promoter
NULL	513	2026-04-30	10	6	8	Passive
NULL	514	2024-10-31	10	7	8	Passive
NULL	514	2025-01-31	10	10	7	Passive
NULL	514	2025-07-31	10	6	10	Promoter
NULL	514	2025-10-31	10	4	10	Promoter
NULL	514	2026-01-31	10	10	5	Promoter
NULL	514	2026-04-30	9	10	10	Promoter
NULL	514	2026-07-31	10	6	5	Promoter
NULL	515	2024-04-30	3	1	5	Detractor
NULL	515	2024-07-31	4	3	6	Passive
NULL	515	2024-10-31	2	2	7	Promoter
NULL	515	2025-07-31	5	1	3	Detractor
NULL	515	2025-10-31	6	1	3	Detractor
NULL	515	2026-01-31	3	3	2	Detractor
NULL	515	2026-04-30	5	4	3	Detractor
NULL	515	2026-07-31	1	2	NULL	Passive
NULL	516	2025-07-31	6	3	2	Detractor
NULL	516	2026-01-31	3	4	1	Detractor
NULL	516	2026-04-30	5	8	4	Detractor
NULL	517	2026-07-31	4	2	5	Passive
NULL	518	2024-01-31	9	5	5	Promoter
NULL	518	2024-04-30	10	10	5	Promoter
NULL	518	2024-07-31	7	6	3	Detractor
NULL	518	2024-10-31	8	10	7	Promoter
NULL	518	2025-01-31	9	4	6	Promoter
NULL	518	2025-07-31	6	9	7	Detractor
NULL	518	2025-10-31	9	5	5	Promoter
NULL	518	2026-01-31	9	6	9	Promoter
NULL	518	2026-04-30	5	5	4	Detractor
NULL	518	2026-07-31	7	3	7	Promoter
NULL	519	01/31/2024	7	6	4	Passive
NULL	519	2024-04-30	10	4	6	Detractor
NULL	519	2024-07-31	6	4	6	Detractor
NULL	519	2024-10-31	5	8	8	Promoter
NULL	519	2025-01-31	1	9	1	Detractor
NULL	519	2026-01-31	8	2	6	Promoter
NULL	519	2026-04-30	7	NULL	3	Passive
NULL	519	2026-07-31	6	4	4	Detractor
NULL	520	2024-04-30	4	5	2	Detractor
NULL	520	2024-10-31	4	1	7	Detractor
NULL	520	2025-01-31	2	1	2	Detractor
NULL	520	2025-07-31	3	6	5	Detractor
NULL	520	2026-04-30	7	7	4	Promoter
NULL	521	2024-10-31	1	1	1	Detractor
NULL	521	2025-01-31	1	1	1	Detractor
NULL	521	2025-04-30	4	3	4	Detractor
NULL	521	2025-07-31	3	2	1	Detractor
NULL	521	2025-10-31	2	4	2	Detractor
NULL	521	2026-01-31	2	2	1	Detractor
NULL	521	2026-04-30	3	2	2	Passive
NULL	522	2024-01-31	4	2	2	Detractor
NULL	522	2024-04-30	5	4	1	Detractor
NULL	522	2024-07-31	7	3	4	Promoter
NULL	522	2024-10-31	5	1	4	Detractor
NULL	522	2025-04-30	5	4	3	Detractor
NULL	522	2025-10-31	6	3	5	Detractor
NULL	522	2026-01-31	7	4	NULL	Promoter
NULL	522	2026-04-30	5	3	8	Detractor
NULL	522	2026-07-31	3	7	7	Passive
NULL	523	2024-01-31	9	9	5	Promoter
NULL	523	2024-04-30	2	4	4	Detractor
NULL	523	2024-07-31	7	6	7	Passive
NULL	523	2024-10-31	8	5	6	Promoter
NULL	523	2025-04-30	5	7	2	Passive
NULL	523	2025-10-31	3	4	6	Passive
NULL	523	2026-04-30	1	3	7	Detractor
NULL	523	07/31/2026	6	4	1	Detractor
NULL	525	01/31/2024	9	9	3	Promoter
NULL	525	2024-04-30	6	7	4	Passive
NULL	525	2024-07-31	7	4	7	Passive
NULL	525	2025-04-30	9	7	8	Promoter
NULL	525	10/31/2025	10	9	6	Promoter
NULL	525	2026-04-30	6	6	7	Passive
NULL	526	2026-01-31	10	10	9	Promoter
NULL	526	2026-04-30	8	7	2	Passive
NULL	526	2026-07-31	6	6	9	Detractor
NULL	527	2024-01-31	6	1	8	Passive
NULL	527	2024-04-30	9	6	6	Promoter
NULL	527	2024-10-31	7	6	1	Promoter
NULL	527	2025-01-31	10	5	5	Passive
NULL	527	10/31/2025	10	7	1	Promoter
NULL	527	2026-01-31	7	4	3	Promoter
NULL	527	2026-04-30	6	6	2	Detractor
NULL	527	2026-07-31	6	3	3	Detractor
NULL	528	2024-04-30	10	7	5	Promoter
NULL	528	2024-10-31	10	10	8	Promoter
NULL	528	2025-01-31	10	10	8	Passive
NULL	528	2025-04-30	8	NULL	10	Detractor
NULL	528	2025-07-31	10	6	7	Promoter
NULL	528	2025-10-31	10	7	9	Promoter
NULL	528	2026-01-31	9	8	8	Promoter
NULL	528	2026-04-30	10	5	10	Promoter
NULL	528	2026-07-31	10	10	10	Promoter
NULL	529	2024-10-31	6	1	10	Detractor
NULL	529	2025-04-30	7	7	7	Promoter
NULL	529	2025-07-31	7	6	5	Passive
NULL	529	2025-10-31	6	5	5	Detractor
NULL	529	2026-01-31	8	6	5	Passive
NULL	529	2026-07-31	7	4	9	Passive
NULL	530	2024-01-31	8	9	3	Passive
NULL	530	2024-04-30	8	8	3	Passive
NULL	530	2024-07-31	9	3	7	Promoter
NULL	530	2024-10-31	8	5	10	Detractor
NULL	530	2025-01-31	9	7	5	Passive
NULL	530	2025-04-30	9	9	10	Promoter
NULL	530	2025-10-31	6	5	1	Detractor
NULL	530	2026-01-31	7	7	9	Promoter
NULL	530	2026-04-30	6	9	7	Detractor
NULL	530	2026-07-31	9	10	8	Promoter
NULL	531	2024-04-30	10	6	9	Promoter
NULL	531	2024-07-31	10	10	7	Promoter
NULL	531	2024-10-31	8	6	10	Passive
NULL	531	2025-01-31	10	7	7	Promoter
NULL	531	2025-04-30	10	8	6	Promoter
NULL	531	2025-07-31	9	10	9	Promoter
NULL	531	2025-10-31	6	9	9	Passive
NULL	531	2026-01-31	10	8	6	Promoter
NULL	532	2025-07-31	2	5	1	Passive
NULL	532	2025-10-31	4	10	4	Detractor
NULL	532	2026-01-31	4	3	6	Detractor
NULL	532	2026-07-31	2	2	4	Detractor
NULL	533	2026-01-31	5	7	7	Passive
NULL	533	2026-04-30	6	10	4	Detractor
NULL	534	2024-01-31	10	8	10	Promoter
NULL	534	2024-04-30	10	5	10	Promoter
NULL	534	2025-04-30	9	7	7	Detractor
NULL	534	2025-07-31	10	9	3	Passive
NULL	535	2024-07-31	10	8	10	Promoter
NULL	535	2024-10-31	10	10	6	Promoter
NULL	535	2025-01-31	10	NULL	8	Promoter
NULL	535	2025-04-30	9	9	9	Promoter
NULL	535	2025-10-31	8	10	6	Passive
NULL	535	2026-01-31	10	10	10	Promoter
NULL	535	2026-07-31	8	5	8	Passive
NULL	536	2024-01-31	4	2	4	Detractor
NULL	536	2024-04-30	1	3	9	Passive
NULL	536	2024-07-31	3	4	2	Detractor
NULL	536	2024-10-31	3	7	1	Detractor
NULL	536	2025-04-30	3	3	1	Detractor
NULL	536	2025-07-31	2	1	5	Detractor
NULL	536	2025-10-31	5	1	1	Detractor
NULL	536	2026-07-31	5	4	4	Detractor
NULL	537	2025-10-31	5	7	7	Detractor
NULL	537	2026-01-31	8	7	3	Passive
NULL	537	2026-04-30	5	4	1	Detractor
NULL	537	2026-07-31	5	2	4	Passive
NULL	538	2024-04-30	8	NULL	10	Passive
NULL	538	2024-07-31	4	1	7	Detractor
NULL	538	2025-04-30	6	NULL	4	Passive
NULL	538	2025-07-31	5	6	4	Detractor
NULL	538	2025-10-31	4	8	2	Passive
NULL	538	2026-01-31	2	3	1	Detractor
NULL	538	2026-04-30	4	3	2	Detractor
NULL	538	2026-07-31	7	6	4	Passive
NULL	539	2024-01-31	5	4	2	Detractor
NULL	539	2024-04-30	3	4	2	Detractor
NULL	539	2024-07-31	5	3	2	Passive
NULL	539	2024-10-31	4	5	NULL	Promoter
NULL	539	04/30/2025	1	1	5	Detractor
NULL	539	2025-07-31	3	4	7	Detractor
NULL	539	2025-10-31	3	2	4	Detractor
NULL	540	2024-01-31	6	5	4	Detractor
NULL	540	2024-04-30	1	NULL	4	Detractor
NULL	540	2024-07-31	6	8	3	Passive
NULL	540	2024-10-31	3	4	7	Passive
NULL	540	2025-01-31	6	7	4	Detractor
NULL	540	2025-04-30	5	6	7	Passive
NULL	540	2025-07-31	6	9	6	Passive
NULL	540	2026-01-31	4	4	7	Promoter
NULL	540	2026-07-31	2	2	2	Detractor
NULL	541	2024-01-31	7	8	5	Passive
NULL	541	2024-04-30	10	7	9	Promoter
NULL	541	2024-07-31	9	5	6	Promoter
NULL	541	2024-10-31	8	1	7	Promoter
NULL	541	2025-01-31	9	4	6	Promoter
NULL	541	2025-10-31	5	9	7	Passive
NULL	541	2026-01-31	6	10	10	Detractor
NULL	541	2026-04-30	10	6	3	Promoter
NULL	541	2026-07-31	10	5	8	Promoter
NULL	542	2026-07-31	10	9	7	Promoter
NULL	544	2025-10-31	8	10	8	Promoter
NULL	544	2026-04-30	5	9	6	Detractor
NULL	545	2024-04-30	10	7	3	Passive
NULL	545	2024-10-31	9	8	9	Promoter
NULL	545	2025-01-31	9	9	7	Promoter
NULL	545	2025-07-31	9	7	2	Promoter
NULL	545	2025-10-31	10	9	8	Promoter
NULL	545	2026-01-31	8	8	5	Passive
NULL	545	2026-04-30	10	10	7	Passive
NULL	545	2026-07-31	8	9	5	Passive
NULL	546	2025-04-30	5	5	4	Detractor
NULL	546	2025-07-31	5	8	4	Detractor
NULL	546	2025-10-31	2	3	1	Promoter
NULL	547	2024-01-31	6	2	5	Detractor
NULL	547	2024-04-30	3	5	6	Detractor
NULL	547	2024-07-31	5	1	7	Passive
NULL	547	2024-10-31	2	3	4	Passive
NULL	547	2025-01-31	4	4	7	Detractor
NULL	547	2025-10-31	7	6	6	Promoter
NULL	547	2026-04-30	2	5	3	Detractor
NULL	547	2026-07-31	2	5	4	Detractor
NULL	548	2024-01-31	1	1	1	Detractor
NULL	548	2024-07-31	1	1	2	Detractor
NULL	548	2024-10-31	1	1	2	Detractor
NULL	548	2025-01-31	2	1	3	Passive
NULL	548	04/30/2025	1	1	1	Detractor
NULL	549	2024-01-31	6	5	8	Passive
NULL	549	2024-04-30	9	5	7	Promoter
NULL	549	2024-07-31	10	8	8	Promoter
NULL	549	2024-10-31	10	8	6	Promoter
NULL	549	2025-01-31	5	8	8	Detractor
NULL	549	2025-04-30	6	8	6	Passive
NULL	549	2026-01-31	7	4	8	Promoter
NULL	550	10/31/2025	6	7	6	Detractor
NULL	550	2026-01-31	9	5	6	Promoter
NULL	550	2026-04-30	9	8	7	Promoter
NULL	550	2026-07-31	10	6	9	Promoter
NULL	551	01/31/2026	5	6	5	Detractor
NULL	551	2026-04-30	4	2	1	Passive
NULL	551	07/31/2026	6	2	1	Passive
NULL	552	2026-04-30	9	3	1	Promoter
NULL	552	2026-07-31	3	3	5	Detractor
NULL	553	2024-01-31	6	8	6	Passive
NULL	553	2024-04-30	7	7	4	Promoter
NULL	553	2024-07-31	4	4	7	Passive
NULL	553	2024-10-31	7	5	7	Passive
NULL	553	2025-01-31	5	7	4	Passive
NULL	553	2025-04-30	4	5	6	Detractor
NULL	553	2025-07-31	5	7	5	Detractor
NULL	553	2025-10-31	7	7	6	Passive
NULL	553	2026-01-31	6	5	5	Passive
NULL	553	2026-04-30	5	4	NULL	Detractor
NULL	555	2025-07-31	9	6	4	Promoter
NULL	555	2025-10-31	7	4	9	Detractor
NULL	555	2026-01-31	4	2	7	Promoter
NULL	555	2026-04-30	7	3	5	Passive
NULL	555	2026-07-31	4	8	2	Promoter
NULL	556	2024-01-31	4	6	8	Promoter
NULL	556	2024-04-30	9	7	2	Promoter
NULL	556	2025-04-30	6	8	9	Detractor
NULL	556	2025-07-31	8	8	8	Detractor
NULL	556	2025-10-31	8	9	1	Detractor
NULL	556	2026-01-31	3	8	8	Detractor
NULL	556	2026-04-30	10	5	1	Promoter
NULL	556	2026-07-31	8	8	9	Promoter
NULL	557	2024-01-31	8	3	3	Promoter
NULL	557	2024-04-30	4	6	3	Detractor
NULL	557	2024-07-31	10	9	8	Promoter
NULL	557	2024-10-31	4	1	7	Detractor
NULL	557	2025-01-31	7	10	7	Passive
NULL	557	2025-04-30	5	NULL	7	Detractor
NULL	557	2025-10-31	5	9	10	Passive
NULL	557	2026-04-30	6	8	1	Detractor
NULL	558	2024-01-31	5	4	NULL	Detractor
NULL	558	2024-04-30	5	8	NULL	Detractor
NULL	558	2024-07-31	7	5	7	Promoter
NULL	558	2024-10-31	5	7	9	Detractor
NULL	558	2025-10-31	5	10	6	Detractor
NULL	558	2026-01-31	7	4	7	Promoter
NULL	558	2026-04-30	6	8	3	Detractor
NULL	558	2026-07-31	5	7	8	Detractor
NULL	559	2024-01-31	1	1	3	Detractor
NULL	559	2024-10-31	4	1	1	Detractor
NULL	559	2025-04-30	2	1	1	Detractor
NULL	559	2025-10-31	3	1	2	Detractor
NULL	559	2026-01-31	2	NULL	1	Passive
NULL	559	2026-04-30	2	1	3	Promoter
NULL	560	2024-01-31	10	6	10	Promoter
NULL	560	2024-07-31	10	9	9	Passive
NULL	560	2024-10-31	10	10	8	Promoter
NULL	560	2025-01-31	9	6	10	Promoter
NULL	560	2025-04-30	5	8	7	Detractor
NULL	560	2026-04-30	9	6	10	Detractor
NULL	561	2024-01-31	3	NULL	6	Passive
NULL	561	2024-04-30	3	7	2	Passive
NULL	561	07/31/2024	5	5	6	Detractor
NULL	561	2024-10-31	4	6	6	Passive
NULL	561	2025-07-31	5	1	6	Detractor
NULL	561	2025-10-31	6	4	3	Detractor
NULL	561	2026-04-30	2	5	3	Passive
NULL	561	2026-07-31	4	5	1	Detractor
NULL	563	2025-07-31	3	5	1	Detractor
NULL	563	2025-10-31	4	6	5	Passive
NULL	563	2026-01-31	4	1	2	Promoter
NULL	563	2026-04-30	1	6	1	Passive
NULL	563	2026-07-31	1	3	1	Detractor
NULL	564	2025-07-31	8	NULL	7	Promoter
NULL	564	2025-10-31	10	9	6	Passive
NULL	565	2024-07-31	3	3	1	Detractor
NULL	565	2024-10-31	1	3	3	Passive
NULL	565	2025-07-31	4	7	NULL	Detractor
NULL	565	2025-10-31	5	7	7	Detractor
NULL	565	2026-07-31	4	3	3	Detractor
NULL	566	2024-10-31	8	7	4	Promoter
NULL	566	2025-01-31	6	7	1	Detractor
NULL	566	2025-07-31	8	3	5	Detractor
NULL	566	2025-10-31	3	8	7	Detractor
NULL	566	2026-01-31	9	6	10	Promoter
NULL	566	2026-04-30	7	3	9	Passive
NULL	566	2026-07-31	10	4	8	Passive
NULL	569	2024-04-30	9	3	NULL	Promoter
NULL	569	2024-07-31	9	7	7	Passive
NULL	569	2024-10-31	10	10	9	Promoter
NULL	569	2025-01-31	8	10	2	Passive
NULL	569	2025-04-30	9	8	1	Promoter
NULL	569	2025-07-31	8	6	9	Promoter
NULL	569	2025-10-31	8	10	7	Passive
NULL	569	04/30/2026	10	9	8	Promoter
NULL	569	2026-07-31	8	7	6	Promoter
NULL	571	2024-01-31	8	5	5	Passive
NULL	571	2024-04-30	4	5	7	Passive
NULL	571	2024-07-31	3	6	2	Detractor
NULL	571	2024-10-31	2	3	10	Detractor
NULL	571	2025-01-31	10	4	8	Promoter
NULL	571	2025-04-30	6	6	7	Passive
NULL	571	2025-07-31	2	5	7	Detractor
NULL	571	2026-01-31	8	7	6	Passive
NULL	571	2026-04-30	6	5	3	Promoter
NULL	571	2026-07-31	5	10	6	Detractor
NULL	572	2024-04-30	10	9	10	Promoter
NULL	572	2024-07-31	10	10	6	Promoter
NULL	572	2024-10-31	10	6	6	Promoter
NULL	572	2025-01-31	10	6	10	Passive
NULL	572	2025-04-30	8	10	10	Promoter
NULL	572	2025-10-31	10	8	10	Promoter
NULL	572	2026-01-31	9	10	7	Promoter
NULL	572	2026-07-31	10	10	10	Promoter
NULL	573	2026-07-31	8	5	4	Passive
NULL	574	2025-01-31	8	4	6	Passive
NULL	574	2026-04-30	10	10	9	Passive
NULL	574	2026-07-31	4	8	5	Detractor
NULL	575	2024-04-30	7	8	3	Detractor
NULL	575	2024-07-31	6	5	6	Detractor
NULL	575	2024-10-31	4	7	5	Detractor
NULL	575	2025-01-31	4	5	2	Detractor
NULL	575	2025-04-30	2	7	4	Detractor
NULL	575	2025-07-31	7	2	5	Passive
NULL	575	2025-10-31	3	5	1	Detractor
NULL	575	2026-01-31	6	9	9	Passive
NULL	576	2024-01-31	1	1	1	Detractor
NULL	576	2024-04-30	4	1	3	Detractor
NULL	577	2026-01-31	2	NULL	1	Detractor
NULL	577	2026-07-31	3	1	4	Detractor
NULL	578	2026-04-30	4	5	6	Passive
NULL	578	2026-07-31	5	1	5	Detractor
NULL	579	2024-01-31	7	6	6	Detractor
NULL	579	2024-04-30	7	8	8	Passive
NULL	579	2024-07-31	7	8	10	Passive
NULL	579	2025-01-31	4	7	NULL	Detractor
NULL	579	2025-07-31	8	6	3	Passive
NULL	579	2025-10-31	7	6	9	Promoter
NULL	579	2026-01-31	7	3	7	Promoter
NULL	579	2026-04-30	8	9	6	Promoter
NULL	580	2025-10-31	6	9	10	Passive
NULL	580	2026-01-31	9	8	9	Promoter
NULL	580	2026-04-30	10	5	7	Passive
NULL	581	2024-04-30	5	5	7	Detractor
NULL	581	07/31/2024	8	7	6	Passive
NULL	581	2024-10-31	5	7	4	Detractor
NULL	581	2025-01-31	8	3	3	Passive
NULL	581	2025-07-31	5	1	4	Detractor
NULL	581	2026-04-30	5	5	9	Detractor
NULL	582	2025-07-31	5	7	NULL	Detractor
NULL	582	2025-10-31	2	6	1	Detractor
NULL	582	2026-01-31	3	7	NULL	Detractor
NULL	583	2024-01-31	2	5	5	Detractor
NULL	583	2024-04-30	2	2	1	Detractor
NULL	583	2024-07-31	3	1	1	Detractor
NULL	583	2024-10-31	2	1	2	Detractor
NULL	583	2025-01-31	1	1	1	Detractor
NULL	583	2025-04-30	4	2	1	Passive
NULL	583	2025-10-31	1	1	1	Detractor
NULL	583	2026-01-31	1	5	5	Detractor
NULL	584	2024-01-31	9	7	4	Promoter
NULL	584	2024-04-30	10	NULL	10	Promoter
NULL	584	2024-07-31	6	10	5	Detractor
NULL	584	2025-04-30	7	6	7	Promoter
NULL	584	2025-07-31	5	7	5	Detractor
NULL	584	2025-10-31	7	7	10	Passive
NULL	584	2026-01-31	7	NULL	8	Passive
NULL	585	2024-07-31	5	6	8	Detractor
NULL	585	2025-01-31	6	10	10	Detractor
NULL	585	2025-07-31	9	6	8	Promoter
NULL	585	2026-07-31	10	9	NULL	Passive
NULL	586	2024-01-31	4	9	6	Detractor
NULL	586	2024-07-31	5	10	6	Passive
NULL	586	2024-10-31	5	5	2	Detractor
NULL	586	2025-01-31	10	4	NULL	Promoter
NULL	587	2024-07-31	5	1	2	Detractor
NULL	587	2024-10-31	6	3	4	Detractor
NULL	587	2025-01-31	1	1	3	Detractor
NULL	587	2025-07-31	5	4	3	Detractor
NULL	587	2026-01-31	8	7	4	Promoter
NULL	587	2026-04-30	3	5	5	Detractor
NULL	589	2024-04-30	8	5	5	Promoter
NULL	589	2024-10-31	10	5	7	Promoter
NULL	589	2025-01-31	8	5	10	Passive
NULL	589	2025-04-30	5	3	10	Detractor
NULL	589	07/31/2025	7	3	6	Promoter
NULL	590	2026-04-30	3	1	4	Detractor
NULL	590	2026-07-31	5	5	1	Passive
NULL	591	2024-01-31	9	10	5	Promoter
NULL	591	2024-07-31	7	3	3	Promoter
NULL	591	2024-10-31	4	6	6	Detractor
NULL	591	2025-01-31	7	10	9	Promoter
NULL	591	2025-04-30	9	5	7	Promoter
NULL	591	2025-07-31	9	9	7	Promoter
NULL	591	2025-10-31	8	8	7	Promoter
NULL	592	2024-01-31	10	3	8	Detractor
NULL	592	07/31/2024	10	7	5	Promoter
NULL	592	2024-10-31	8	9	9	Promoter
NULL	592	2025-01-31	7	1	1	Passive
NULL	592	2025-04-30	8	6	10	Passive
NULL	592	2025-07-31	10	7	8	Promoter
NULL	592	2025-10-31	8	9	10	Passive
NULL	592	2026-07-31	7	6	8	Passive
NULL	593	2026-07-31	6	8	5	Detractor
NULL	594	2024-04-30	6	5	6	Detractor
NULL	594	2024-07-31	7	8	4	Passive
NULL	594	2025-01-31	6	8	3	Detractor
NULL	594	2025-07-31	7	6	6	Passive
NULL	594	2025-10-31	9	10	6	Promoter
NULL	594	2026-01-31	10	6	4	Passive
NULL	595	2026-01-31	2	5	4	Detractor
NULL	595	2026-04-30	5	6	6	Passive
NULL	595	2026-07-31	4	2	1	Passive
NULL	596	2025-07-31	2	1	1	Detractor
NULL	596	2025-10-31	1	3	1	Detractor
NULL	596	2026-01-31	2	2	1	Detractor
NULL	596	2026-04-30	1	1	1	Passive
NULL	596	2026-07-31	1	1	1	Detractor
NULL	597	2024-01-31	6	8	5	Detractor
NULL	597	2024-04-30	6	3	6	Detractor
NULL	597	2024-07-31	6	10	5	Detractor
NULL	597	2024-10-31	4	4	7	Passive
NULL	597	2025-01-31	6	6	3	Detractor
NULL	597	2025-04-30	7	1	6	Passive
NULL	597	2025-10-31	8	4	6	Promoter
NULL	597	2026-01-31	4	1	6	Detractor
NULL	597	2026-04-30	4	9	10	Detractor
NULL	597	2026-07-31	6	4	2	Passive
NULL	598	2024-07-31	5	NULL	1	Detractor
NULL	598	2025-01-31	3	4	7	Detractor
NULL	598	2025-04-30	5	6	2	Detractor
NULL	598	2025-07-31	4	4	1	Detractor
NULL	598	2026-01-31	3	7	2	Detractor
NULL	598	2026-04-30	4	4	4	Detractor
NULL	598	2026-07-31	2	5	4	Detractor
NULL	599	2026-01-31	6	2	2	Detractor
NULL	599	2026-04-30	8	5	6	Promoter
NULL	599	2026-07-31	8	10	6	Promoter
NULL	600	2024-10-31	7	6	4	Promoter
NULL	600	2025-01-31	7	10	NULL	Detractor
NULL	600	2025-07-31	4	6	6	Detractor
NULL	600	2025-10-31	8	5	1	Passive
NULL	600	2026-04-30	7	2	5	Passive
NULL	600	2026-07-31	8	7	5	Passive
NULL	601	2024-01-31	10	9	8	Promoter
NULL	601	2024-04-30	8	7	4	Promoter
NULL	601	07/31/2024	9	9	5	Promoter
NULL	601	2024-10-31	7	9	5	Passive
NULL	601	2025-01-31	7	9	7	Passive
NULL	601	2025-07-31	10	7	3	Promoter
NULL	601	2025-10-31	9	5	5	Promoter
NULL	601	2026-04-30	8	10	9	Passive
NULL	601	2026-07-31	8	7	5	Detractor
NULL	602	2024-01-31	8	5	3	Passive
NULL	602	2024-07-31	6	3	2	Passive
NULL	602	2024-10-31	4	8	8	Detractor
NULL	602	01/31/2025	7	10	5	Promoter
NULL	602	2025-07-31	6	7	5	Passive
NULL	602	2025-10-31	7	7	8	Passive
NULL	603	2026-07-31	8	4	7	Passive
NULL	604	2024-04-30	4	4	6	Detractor
NULL	604	2024-07-31	7	2	1	Promoter
NULL	604	2024-10-31	7	5	7	Passive
NULL	604	2025-01-31	7	6	7	Passive
NULL	604	2025-04-30	8	7	8	Passive
NULL	604	2025-10-31	7	6	10	Promoter
NULL	604	2026-04-30	6	5	7	Detractor
NULL	604	2026-07-31	6	4	5	Passive
NULL	606	2024-01-31	5	1	8	Detractor
NULL	606	2024-04-30	6	2	7	Detractor
NULL	606	2024-07-31	3	3	6	Promoter
NULL	606	2025-07-31	7	5	1	Passive
NULL	606	10/31/2025	5	9	5	Detractor
NULL	606	2026-04-30	2	3	6	Detractor
NULL	607	2026-01-31	1	1	3	Detractor
NULL	607	2026-04-30	3	3	1	Detractor
NULL	607	2026-07-31	3	1	2	Passive
NULL	608	2024-01-31	3	4	3	Detractor
NULL	608	2024-04-30	6	5	4	Passive
NULL	608	2025-01-31	4	6	1	Passive
NULL	608	2025-04-30	1	8	1	Detractor
NULL	608	2025-07-31	5	5	1	Promoter
NULL	608	2025-10-31	7	3	3	Detractor
NULL	608	2026-01-31	6	6	3	Detractor
NULL	608	2026-04-30	3	6	6	Detractor
NULL	608	2026-07-31	5	5	1	Detractor
NULL	609	2026-04-30	2	2	1	Passive
NULL	609	2026-07-31	5	2	1	Detractor
NULL	610	2025-07-31	2	1	4	Detractor
NULL	610	2025-10-31	6	5	4	Passive
NULL	610	2026-01-31	7	1	2	Promoter
NULL	610	2026-04-30	3	4	2	Passive
NULL	610	2026-07-31	5	5	4	Detractor
NULL	611	2025-10-31	8	9	6	Passive
NULL	611	2026-01-31	8	5	6	Passive
NULL	611	2026-04-30	9	6	7	Passive
NULL	611	07/31/2026	8	8	10	Passive
NULL	612	2024-01-31	1	NULL	5	Passive
NULL	612	2024-04-30	1	1	1	Detractor
NULL	612	2024-07-31	1	5	1	Promoter
NULL	612	2024-10-31	1	2	1	Passive
NULL	612	2025-01-31	1	1	1	Detractor
NULL	612	2025-04-30	1	1	1	Passive
NULL	612	2025-07-31	3	1	1	Detractor
NULL	612	2025-10-31	1	4	1	Detractor
NULL	612	2026-04-30	1	1	1	Detractor
NULL	612	2026-07-31	1	1	7	Detractor
NULL	613	2024-07-31	6	10	10	Detractor
NULL	613	2024-10-31	7	8	10	Promoter
NULL	613	2025-01-31	9	NULL	10	Detractor
NULL	613	2025-04-30	7	10	7	Promoter
NULL	613	2025-07-31	10	7	9	Passive
NULL	613	2025-10-31	9	8	8	Promoter
NULL	613	2026-04-30	8	7	10	Detractor
NULL	615	2024-07-31	4	5	6	Detractor
NULL	615	2024-10-31	5	1	1	Detractor
NULL	615	2025-01-31	4	5	7	Detractor
NULL	615	2025-07-31	5	8	8	Detractor
NULL	615	2025-10-31	5	6	7	Detractor
NULL	615	2026-01-31	8	7	9	Promoter
NULL	615	2026-04-30	6	NULL	NULL	Detractor
NULL	616	2024-01-31	10	7	7	Passive
NULL	616	2024-04-30	9	8	10	Passive
NULL	616	2024-07-31	8	8	9	Promoter
NULL	616	2024-10-31	10	10	8	Promoter
NULL	616	2025-01-31	10	10	9	Detractor
NULL	617	2026-04-30	10	5	7	Promoter
NULL	617	2026-07-31	4	1	3	Detractor
NULL	618	2024-01-31	6	NULL	6	Detractor
NULL	619	2024-04-30	7	3	2	Passive
NULL	619	2024-07-31	5	3	5	Detractor
NULL	619	2024-10-31	7	7	1	Passive
NULL	619	01/31/2025	5	7	6	Detractor
NULL	619	2025-07-31	4	8	4	Detractor
NULL	619	2025-10-31	3	6	5	Detractor
NULL	619	2026-01-31	5	5	4	Detractor
NULL	619	2026-04-30	5	4	1	Passive
NULL	619	2026-07-31	3	5	8	Detractor
NULL	620	2024-01-31	8	4	6	Promoter
NULL	620	04/30/2024	7	4	10	Passive
NULL	620	2024-07-31	9	8	10	Promoter
NULL	620	2024-10-31	4	5	10	Detractor
NULL	620	2025-01-31	3	5	10	Passive
NULL	620	2025-07-31	8	9	3	Promoter
NULL	620	2026-01-31	7	5	4	Promoter
NULL	622	2024-01-31	10	10	7	Promoter
NULL	622	2024-04-30	6	7	5	Detractor
NULL	622	2024-07-31	9	9	6	Promoter
NULL	622	2024-10-31	8	5	6	Passive
NULL	622	2025-04-30	9	9	10	Promoter
NULL	622	2025-07-31	8	5	10	Detractor
NULL	622	2025-10-31	9	8	6	Promoter
NULL	622	2026-01-31	7	10	9	Promoter
NULL	623	2024-01-31	7	4	5	Passive
NULL	623	2024-04-30	8	6	5	Promoter
NULL	623	2024-10-31	7	8	7	Passive
NULL	623	2025-01-31	7	4	4	Passive
NULL	623	2025-04-30	7	6	4	Promoter
NULL	623	2025-07-31	5	6	4	Detractor
NULL	623	2025-10-31	7	4	5	Passive
NULL	623	2026-04-30	5	8	2	Detractor
NULL	623	2026-07-31	8	4	1	Promoter
NULL	624	2026-01-31	4	5	2	Detractor
NULL	625	2024-04-30	6	4	5	Detractor
NULL	625	2024-07-31	6	4	2	Passive
NULL	625	2024-10-31	8	4	1	Passive
NULL	625	2025-01-31	8	5	7	Promoter
NULL	625	04/30/2025	5	8	5	Detractor
NULL	625	2025-07-31	8	7	NULL	Promoter
NULL	625	2025-10-31	7	4	NULL	Promoter
NULL	625	2026-01-31	10	2	8	Promoter
NULL	625	2026-07-31	6	7	2	Detractor
NULL	626	2024-07-31	7	2	5	Promoter
NULL	626	2024-10-31	2	3	1	Promoter
NULL	626	2025-04-30	3	5	4	Passive
NULL	626	2026-01-31	6	2	1	Detractor
NULL	627	2025-07-31	9	5	7	Promoter
NULL	627	2025-10-31	8	10	NULL	Passive
NULL	627	2026-01-31	5	5	5	Promoter
NULL	627	2026-04-30	8	9	7	Promoter
NULL	627	2026-07-31	7	4	10	Detractor
NULL	628	2026-04-30	5	8	1	Detractor
NULL	628	2026-07-31	4	5	5	Detractor
NULL	629	01/31/2024	4	3	6	Passive
NULL	629	2024-04-30	3	3	5	Detractor
NULL	629	2024-07-31	5	3	2	Detractor
NULL	629	2024-10-31	8	5	1	Passive
NULL	629	2025-01-31	7	6	2	Promoter
NULL	630	2024-10-31	5	3	5	Detractor
NULL	630	2025-10-31	4	1	5	Detractor
NULL	630	01/31/2026	5	4	2	Detractor
NULL	632	10/31/2024	10	1	NULL	Promoter
NULL	632	2025-01-31	10	7	1	Promoter
NULL	632	2025-07-31	7	7	1	Passive
NULL	632	10/31/2025	9	6	5	Promoter
NULL	632	2026-01-31	6	8	10	Detractor
NULL	632	2026-04-30	10	5	5	Promoter
NULL	632	2026-07-31	7	6	4	Promoter
NULL	633	2024-01-31	5	7	NULL	Passive
NULL	633	2024-04-30	5	5	5	Detractor
NULL	633	2024-07-31	7	3	9	Passive
NULL	633	2025-01-31	9	6	7	Promoter
NULL	633	2025-07-31	4	6	6	Passive
NULL	633	2025-10-31	7	7	9	Promoter
NULL	633	2026-01-31	6	3	8	Detractor
NULL	633	2026-07-31	5	8	4	Detractor
NULL	634	2026-01-31	10	4	7	Promoter
NULL	634	2026-04-30	7	6	7	Promoter
NULL	634	2026-07-31	7	10	10	Promoter
NULL	636	2026-07-31	6	5	2	Passive
NULL	637	2024-01-31	8	7	5	Detractor
NULL	637	2024-04-30	7	3	4	Passive
NULL	637	2024-07-31	8	7	2	Detractor
NULL	637	2025-01-31	3	9	10	Detractor
NULL	637	2025-04-30	6	6	8	Passive
NULL	637	2025-10-31	6	9	8	Detractor
NULL	637	2026-01-31	9	9	7	Promoter
NULL	637	2026-07-31	6	4	6	Detractor
NULL	638	2025-07-31	5	4	1	Detractor
NULL	638	2025-10-31	4	3	7	Detractor
NULL	638	2026-04-30	3	5	5	Passive
NULL	638	2026-07-31	7	4	1	Passive
NULL	639	2025-10-31	8	8	10	Passive
NULL	640	2025-01-31	8	7	10	Promoter
NULL	640	2025-04-30	8	3	10	Passive
NULL	640	2025-10-31	10	5	10	Promoter
NULL	640	2026-01-31	9	10	10	Promoter
NULL	642	2025-01-31	8	8	7	Passive
NULL	642	2025-04-30	7	9	5	Passive
NULL	642	2025-07-31	8	7	6	Promoter
NULL	642	2026-01-31	5	6	4	Promoter
NULL	642	2026-04-30	8	6	4	Passive
NULL	642	2026-07-31	7	8	NULL	Promoter
NULL	643	2024-01-31	5	4	5	Detractor
NULL	644	2025-10-31	5	8	3	Detractor
NULL	644	2026-01-31	10	5	10	Promoter
NULL	644	2026-04-30	9	9	2	Promoter
NULL	644	2026-07-31	7	6	8	Promoter
NULL	645	2024-01-31	8	9	10	Passive
NULL	645	2024-04-30	8	7	7	Detractor
NULL	645	2024-07-31	5	9	9	Detractor
NULL	645	2025-01-31	10	5	4	Passive
NULL	645	2025-04-30	8	8	7	Promoter
NULL	645	2025-07-31	8	7	5	Promoter
NULL	645	10/31/2025	8	7	8	Passive
NULL	645	2026-04-30	5	6	8	Detractor
NULL	646	2024-01-31	2	5	4	Detractor
NULL	646	2024-07-31	4	4	3	Detractor
NULL	646	2025-01-31	4	4	2	Passive
NULL	646	2025-07-31	5	1	3	Detractor
NULL	646	2025-10-31	6	7	6	Passive
NULL	646	2026-01-31	4	7	7	Detractor
NULL	646	2026-04-30	1	2	1	Passive
NULL	648	2024-01-31	8	7	2	Passive
NULL	648	2024-04-30	1	NULL	2	Detractor
NULL	648	2024-07-31	9	6	2	Passive
NULL	648	2024-10-31	6	4	1	Detractor
NULL	648	2025-01-31	8	3	5	Passive
NULL	648	2025-04-30	2	5	5	Detractor
NULL	648	2025-07-31	4	4	6	Detractor
NULL	648	2025-10-31	4	1	1	Passive
NULL	648	2026-01-31	5	3	2	Passive
NULL	648	2026-04-30	6	1	3	Detractor
NULL	648	2026-07-31	3	5	3	Detractor
NULL	649	2024-07-31	1	2	2	Detractor
NULL	649	2024-10-31	4	4	1	Detractor
NULL	649	2025-01-31	2	3	1	Detractor
NULL	649	2025-04-30	6	3	5	Detractor
NULL	649	2025-10-31	8	4	3	Detractor
NULL	649	01/31/2026	3	4	5	Detractor
NULL	649	2026-04-30	4	9	3	Detractor
NULL	649	2026-07-31	6	4	5	Passive
NULL	650	2024-10-31	7	9	8	Passive
NULL	650	2025-01-31	6	7	7	Detractor
NULL	650	2025-04-30	7	7	4	Promoter
NULL	650	2026-01-31	8	5	1	Passive
NULL	650	2026-04-30	4	8	7	Detractor
NULL	651	2024-01-31	3	6	5	Detractor
NULL	651	2024-07-31	5	5	6	Detractor
NULL	651	2024-10-31	7	4	4	Passive
NULL	651	2025-04-30	6	4	9	Passive
NULL	651	2025-07-31	10	4	5	Promoter
NULL	651	2025-10-31	3	5	3	Detractor
NULL	651	01/31/2026	7	4	4	Passive
NULL	651	2026-07-31	4	8	1	Detractor
NULL	652	2024-07-31	9	7	10	Promoter
NULL	652	2024-10-31	10	9	8	Promoter
NULL	652	2025-01-31	9	5	5	Promoter
NULL	652	2025-04-30	9	7	8	Detractor
NULL	652	2025-07-31	7	10	5	Passive
NULL	652	2025-10-31	10	10	5	Promoter
NULL	652	2026-01-31	9	6	6	Promoter
NULL	652	2026-04-30	9	6	5	Promoter
NULL	653	2025-01-31	8	6	7	Passive
NULL	653	2025-07-31	9	7	6	Promoter
NULL	653	2025-10-31	9	10	8	Promoter
NULL	653	2026-04-30	7	5	6	Promoter
NULL	655	2025-10-31	3	8	4	Detractor
NULL	655	2026-01-31	6	5	8	Promoter
NULL	655	2026-04-30	6	6	1	Detractor
NULL	657	2024-01-31	10	5	5	Promoter
NULL	657	2024-04-30	7	5	9	Passive
NULL	657	2024-07-31	7	7	6	Passive
NULL	657	2025-01-31	5	8	5	Detractor
NULL	657	2025-04-30	3	9	NULL	Passive
NULL	657	2025-10-31	6	7	NULL	Detractor
NULL	657	2026-01-31	10	6	3	Promoter
NULL	657	2026-04-30	7	4	7	Promoter
NULL	657	2026-07-31	8	10	9	Detractor
NULL	658	2026-04-30	3	5	2	Detractor
NULL	659	2024-04-30	1	2	7	Detractor
NULL	659	2024-07-31	7	2	1	Passive
NULL	659	2024-10-31	1	5	1	Detractor
NULL	659	2025-01-31	4	4	3	Detractor
NULL	659	2025-04-30	4	1	4	Detractor
NULL	659	2025-07-31	7	5	5	Promoter
NULL	659	2025-10-31	4	5	4	Passive
NULL	659	2026-04-30	4	1	3	Detractor
NULL	660	2024-01-31	9	9	9	Promoter
NULL	660	04/30/2024	9	NULL	4	Promoter
NULL	660	2024-07-31	6	3	9	Detractor
NULL	660	2024-10-31	7	10	5	Passive
NULL	660	2025-04-30	4	6	7	Detractor
NULL	660	2025-10-31	6	7	9	Promoter
NULL	660	2026-01-31	10	10	8	Passive
NULL	660	2026-04-30	5	8	7	Promoter
NULL	661	2024-04-30	5	5	6	Passive
NULL	661	2024-10-31	7	6	4	Passive
NULL	661	01/31/2025	10	6	7	Promoter
NULL	661	2025-04-30	6	3	8	Detractor
NULL	661	2025-07-31	3	8	5	Passive
NULL	661	2025-10-31	8	6	2	Promoter
NULL	661	2026-01-31	9	9	10	Passive
NULL	661	2026-04-30	10	8	6	Promoter
NULL	661	2026-07-31	6	6	7	Detractor
NULL	662	2025-10-31	8	3	8	Passive
NULL	662	2026-04-30	6	5	8	Detractor
NULL	662	2026-07-31	8	4	8	Promoter
NULL	663	2026-04-30	9	5	4	Promoter
NULL	663	2026-07-31	5	2	4	Passive
NULL	664	2025-10-31	5	8	4	Detractor
NULL	664	2026-01-31	4	4	6	Detractor
NULL	665	2024-01-31	3	2	4	Detractor
NULL	665	2025-04-30	3	2	7	Detractor
NULL	665	2025-07-31	7	3	4	Passive
NULL	665	2025-10-31	2	1	5	Passive
NULL	665	2026-04-30	4	2	5	Detractor
NULL	666	2025-01-31	5	5	3	Detractor
NULL	666	2025-04-30	2	3	3	Detractor
NULL	666	2025-07-31	1	4	4	Passive
NULL	666	2025-10-31	5	1	4	Passive
NULL	666	2026-01-31	1	3	1	Passive
NULL	666	2026-07-31	2	2	1	Detractor
NULL	667	2024-04-30	6	5	6	Detractor
NULL	667	2024-07-31	4	7	10	Passive
NULL	667	10/31/2024	4	3	4	Detractor
NULL	667	2025-01-31	4	3	3	Detractor
NULL	667	2025-04-30	4	4	6	Detractor
NULL	667	2025-07-31	7	3	5	Passive
NULL	667	2025-10-31	4	1	1	Detractor
NULL	667	2026-01-31	2	3	7	Passive
NULL	667	2026-04-30	8	3	2	Passive
NULL	667	2026-07-31	7	4	8	Detractor
NULL	668	2025-10-31	10	9	10	Promoter
NULL	668	2026-01-31	10	6	9	Promoter
NULL	668	2026-04-30	10	10	9	Promoter
NULL	668	2026-07-31	7	8	5	Passive
NULL	669	2025-01-31	10	9	10	Promoter
NULL	669	2025-04-30	9	6	6	Promoter
NULL	669	2025-07-31	6	6	8	Detractor
NULL	669	2025-10-31	9	7	10	Promoter
NULL	669	2026-01-31	10	8	10	Promoter
NULL	669	2026-04-30	10	9	8	Promoter
NULL	669	2026-07-31	9	9	10	Promoter
NULL	670	2024-01-31	6	7	3	Detractor
NULL	670	2024-04-30	6	4	1	Detractor
NULL	670	2024-07-31	4	5	2	Detractor
NULL	670	2024-10-31	7	8	7	Promoter
NULL	670	2025-04-30	7	4	6	Passive
NULL	670	2025-07-31	5	6	1	Passive
NULL	670	2026-04-30	4	4	1	Promoter
NULL	670	2026-07-31	6	1	5	Passive
NULL	671	2024-04-30	5	3	3	Detractor
NULL	671	2024-10-31	6	7	4	Detractor
NULL	671	2025-01-31	5	3	1	Detractor
NULL	671	2025-04-30	4	7	4	Promoter
NULL	671	2025-07-31	5	6	5	Detractor
NULL	671	2025-10-31	3	10	9	Detractor
NULL	671	2026-01-31	3	5	6	Promoter
NULL	671	2026-04-30	5	NULL	NULL	Detractor
NULL	671	2026-07-31	4	4	5	Detractor
NULL	672	2024-07-31	3	5	4	Passive
NULL	672	2025-04-30	3	3	6	Detractor
NULL	672	2026-04-30	6	1	2	Passive
NULL	672	2026-07-31	1	7	6	Passive
NULL	673	2026-07-31	7	7	9	Passive
NULL	674	2024-01-31	1	4	NULL	Detractor
NULL	674	2024-07-31	1	3	3	Detractor
NULL	674	2025-01-31	1	5	2	Passive
NULL	674	2025-04-30	4	1	1	Detractor
NULL	674	2025-07-31	1	5	1	Detractor
NULL	674	2026-01-31	1	2	1	Promoter
NULL	674	2026-07-31	4	5	5	Detractor
NULL	675	07/31/2024	8	10	5	Passive
NULL	675	2025-01-31	8	7	10	Promoter
NULL	675	2025-04-30	10	5	8	Passive
NULL	675	2025-07-31	8	6	8	Promoter
NULL	675	2025-10-31	6	10	6	Detractor
NULL	675	2026-01-31	10	7	6	Promoter
NULL	675	2026-07-31	10	10	10	Promoter
NULL	676	2024-01-31	7	5	3	Detractor
NULL	676	2024-07-31	4	6	1	Passive
NULL	676	2025-01-31	3	NULL	3	Promoter
NULL	676	2025-07-31	6	1	5	Detractor
NULL	676	2026-01-31	6	5	3	Passive
NULL	677	2026-07-31	3	1	6	Detractor
NULL	678	2025-04-30	5	4	1	Passive
NULL	678	2025-07-31	3	2	4	Detractor
NULL	678	2025-10-31	3	1	1	Detractor
NULL	678	2026-01-31	4	1	1	Passive
NULL	679	2024-01-31	6	10	7	Passive
NULL	679	2024-07-31	7	4	7	Detractor
NULL	679	2024-10-31	9	6	5	Promoter
NULL	679	2025-01-31	8	4	NULL	Passive
NULL	679	2025-04-30	6	7	6	Passive
NULL	679	2025-07-31	4	8	9	Detractor
NULL	679	2025-10-31	7	6	4	Passive
NULL	679	2026-01-31	6	10	2	Passive
NULL	679	2026-04-30	6	5	7	Passive
NULL	680	2024-01-31	5	2	7	Passive
NULL	680	2024-04-30	7	6	8	Detractor
NULL	680	2024-10-31	3	5	5	Detractor
NULL	680	2025-07-31	4	6	4	Detractor
NULL	680	2025-10-31	6	5	4	Passive
NULL	680	2026-04-30	8	3	2	Promoter
NULL	681	2026-04-30	5	7	6	Passive
NULL	682	2024-04-30	3	1	3	Detractor
NULL	682	2024-07-31	6	3	6	Passive
NULL	682	2025-01-31	9	3	10	Promoter
NULL	682	2025-04-30	4	9	1	Detractor
NULL	682	2025-07-31	4	3	1	Detractor
NULL	682	2025-10-31	4	2	3	Passive
NULL	682	2026-01-31	2	4	5	Detractor
NULL	682	2026-07-31	5	1	2	Promoter
NULL	683	2025-04-30	10	7	1	Promoter
NULL	683	2025-07-31	8	9	3	Passive
NULL	683	2025-10-31	7	5	6	Promoter
NULL	683	2026-01-31	8	6	4	Passive
NULL	683	2026-04-30	10	6	6	Promoter
NULL	684	2025-01-31	1	5	1	Passive
NULL	684	2025-04-30	4	3	1	Detractor
NULL	684	2025-07-31	3	4	3	Detractor
NULL	684	2025-10-31	4	5	3	Detractor
NULL	684	2026-01-31	4	3	1	Passive
NULL	684	2026-04-30	3	6	4	Passive
NULL	684	2026-07-31	5	3	3	Detractor
NULL	685	2024-10-31	10	10	3	Promoter
NULL	685	2025-01-31	8	9	5	Promoter
NULL	685	2025-07-31	10	10	10	Promoter
NULL	685	2025-10-31	10	9	10	Promoter
NULL	685	2026-01-31	10	5	9	Passive
NULL	685	2026-04-30	8	3	9	Detractor
NULL	685	2026-07-31	9	8	5	Promoter
NULL	686	2024-07-31	7	3	7	Detractor
NULL	686	2024-10-31	10	7	NULL	Detractor
NULL	686	2025-01-31	8	7	5	Promoter
NULL	686	2025-04-30	8	8	6	Detractor
NULL	686	2025-07-31	10	8	8	Passive
NULL	686	2025-10-31	8	7	7	Promoter
NULL	686	2026-04-30	5	NULL	6	Promoter
NULL	686	2026-07-31	10	5	7	Promoter
NULL	687	2025-10-31	10	7	4	Promoter
NULL	687	2026-01-31	8	3	4	Passive
NULL	687	2026-04-30	9	3	6	Promoter
NULL	687	2026-07-31	8	5	8	Promoter
NULL	689	2024-01-31	10	5	10	Promoter
NULL	689	2024-04-30	9	9	4	Promoter
NULL	689	2024-07-31	8	4	10	Passive
NULL	689	2024-10-31	8	9	9	Passive
NULL	689	2025-01-31	8	3	1	Passive
NULL	689	2025-04-30	9	6	7	Promoter
NULL	689	2025-07-31	9	4	NULL	Promoter
NULL	689	2025-10-31	9	3	9	Promoter
NULL	689	01/31/2026	10	6	7	Promoter
NULL	689	2026-04-30	8	6	3	Passive
NULL	690	2026-04-30	6	10	10	Detractor
NULL	690	2026-07-31	10	10	8	Promoter
NULL	691	2025-01-31	5	4	2	Detractor
NULL	692	2024-04-30	5	7	9	Passive
NULL	692	2024-07-31	10	6	1	Promoter
NULL	692	2024-10-31	6	3	10	Detractor
NULL	692	2025-01-31	8	5	10	Promoter
NULL	692	2025-04-30	4	3	10	Detractor
NULL	692	2025-10-31	8	9	2	Promoter
NULL	692	2026-01-31	6	5	1	Detractor
NULL	692	2026-04-30	6	3	8	Detractor
NULL	693	2025-01-31	10	7	6	Promoter
NULL	693	2026-01-31	10	8	6	Promoter
NULL	693	2026-04-30	8	10	6	Promoter
NULL	694	2024-04-30	1	3	5	Detractor
NULL	694	2024-07-31	3	5	8	Detractor
NULL	694	2025-01-31	4	1	2	Passive
NULL	694	2025-04-30	5	7	7	Passive
NULL	694	2025-07-31	6	1	3	Detractor
NULL	694	2025-10-31	2	4	1	Detractor
NULL	695	2025-01-31	2	3	3	Detractor
NULL	695	2025-04-30	3	2	2	Detractor
NULL	695	2025-10-31	1	5	4	Detractor
NULL	695	2026-01-31	4	1	1	Detractor
NULL	695	2026-07-31	2	4	5	Detractor
NULL	696	2024-04-30	7	5	4	Promoter
NULL	696	2024-10-31	4	7	6	Detractor
NULL	696	2025-01-31	7	6	8	Promoter
NULL	696	2025-10-31	4	7	6	Detractor
NULL	696	2026-01-31	4	7	10	Detractor
NULL	696	2026-04-30	5	5	6	Detractor
NULL	696	2026-07-31	3	5	2	Detractor
NULL	697	2024-07-31	9	7	10	Promoter
NULL	697	2024-10-31	8	5	8	Passive
NULL	697	2025-01-31	10	9	6	Promoter
NULL	697	2025-04-30	9	1	5	Passive
NULL	697	2025-07-31	10	10	10	Promoter
NULL	697	10/31/2025	7	2	8	Promoter
NULL	697	2026-04-30	9	9	6	Promoter
NULL	698	2024-04-30	8	7	7	Promoter
NULL	698	2024-07-31	9	10	10	Promoter
NULL	698	2025-01-31	10	4	6	Promoter
NULL	698	04/30/2025	10	5	6	Passive
NULL	698	2025-10-31	7	8	9	Promoter
NULL	698	2026-01-31	10	6	9	Promoter
NULL	699	10/31/2025	8	5	3	Passive
NULL	699	2026-01-31	7	7	8	Passive
NULL	699	2026-04-30	8	5	7	Detractor
NULL	701	2026-01-31	4	2	3	Passive
NULL	701	2026-07-31	7	6	3	Detractor
NULL	702	2024-01-31	2	5	1	Passive
NULL	702	2025-01-31	6	8	6	Detractor
NULL	702	2025-04-30	5	2	3	Detractor
NULL	702	07/31/2025	8	1	8	Passive
NULL	702	2025-10-31	4	9	4	Passive
NULL	703	2024-01-31	5	5	2	Detractor
NULL	703	2024-04-30	1	3	1	Detractor
NULL	703	2024-10-31	1	4	2	Detractor
NULL	703	2025-01-31	3	2	4	Detractor
NULL	703	2025-04-30	1	2	NULL	Passive
NULL	703	2025-07-31	3	3	2	Passive
NULL	703	2025-10-31	1	1	3	Detractor
NULL	704	2024-04-30	9	8	6	Promoter
NULL	704	2024-07-31	7	10	5	Passive
NULL	704	2024-10-31	6	8	8	Detractor
NULL	704	2025-01-31	3	6	6	Promoter
NULL	704	04/30/2025	7	8	8	Detractor
NULL	704	2025-07-31	7	5	3	Promoter
NULL	704	2025-10-31	8	9	9	Passive
NULL	704	2026-01-31	8	6	10	Passive
NULL	704	2026-04-30	7	NULL	5	Passive
NULL	704	2026-07-31	9	5	9	Promoter
NULL	705	2026-07-31	9	8	9	Promoter
NULL	706	2024-04-30	3	1	NULL	Passive
NULL	706	2024-07-31	4	5	3	Detractor
NULL	706	2025-01-31	4	1	5	Detractor
NULL	706	2025-10-31	3	3	2	Detractor
NULL	706	2026-01-31	5	3	3	Detractor
NULL	706	2026-04-30	6	5	7	Detractor
NULL	706	2026-07-31	4	7	1	Detractor
NULL	707	2024-04-30	4	5	6	Detractor
NULL	707	2024-07-31	7	4	2	Passive
NULL	707	2024-10-31	6	6	4	Detractor
NULL	707	2025-01-31	4	4	7	Detractor
NULL	707	2025-04-30	6	9	5	Detractor
NULL	707	2025-10-31	5	1	7	Passive
NULL	707	2026-01-31	8	7	8	Promoter
NULL	707	2026-04-30	8	2	8	Promoter
NULL	707	2026-07-31	6	8	5	Passive
NULL	708	2026-07-31	6	5	10	Promoter
NULL	709	2024-01-31	4	5	6	Detractor
NULL	709	2024-07-31	5	3	6	Detractor
NULL	709	2024-10-31	1	5	2	Detractor
NULL	709	2025-10-31	4	NULL	1	Detractor
NULL	709	2026-01-31	4	6	1	Detractor
NULL	709	2026-07-31	1	8	2	Passive
NULL	710	2025-07-31	4	4	2	Detractor
NULL	710	2025-10-31	3	NULL	2	Promoter
NULL	710	2026-01-31	4	9	1	Passive
NULL	710	2026-04-30	7	2	8	Promoter
NULL	710	2026-07-31	7	6	6	Promoter
NULL	711	2025-01-31	10	NULL	10	Promoter
NULL	711	2025-04-30	9	2	10	Promoter
NULL	711	2025-07-31	10	7	9	Promoter
NULL	711	2025-10-31	10	9	8	Promoter
NULL	711	2026-01-31	8	6	9	Passive
NULL	711	2026-04-30	10	7	2	Promoter
NULL	712	2024-04-30	2	6	1	Passive
NULL	712	2024-07-31	1	1	1	Passive
NULL	712	2024-10-31	3	1	1	Detractor
NULL	712	2025-04-30	2	1	1	Detractor
NULL	712	2025-07-31	5	2	1	Passive
NULL	712	2025-10-31	2	2	3	Passive
NULL	712	2026-01-31	1	5	3	Detractor
NULL	713	2024-01-31	6	8	9	Detractor
NULL	713	2024-04-30	6	8	6	Detractor
NULL	713	2024-07-31	9	5	2	Promoter
NULL	713	2025-01-31	7	9	6	Detractor
NULL	713	2025-04-30	9	5	7	Promoter
NULL	713	2025-07-31	8	NULL	1	Passive
NULL	713	2025-10-31	5	5	8	Passive
NULL	713	2026-01-31	8	3	10	Promoter
NULL	713	2026-07-31	7	4	1	Promoter
NULL	715	2025-07-31	6	10	10	Detractor
NULL	715	2026-04-30	10	7	6	Promoter
NULL	715	2026-07-31	8	8	2	Passive
NULL	716	2026-04-30	5	5	6	Detractor
NULL	717	2024-01-31	8	5	9	Detractor
NULL	717	2024-07-31	6	2	4	Detractor
NULL	717	2025-10-31	5	4	9	Detractor
NULL	717	2026-01-31	7	6	10	Promoter
NULL	717	2026-07-31	9	3	4	Promoter
NULL	718	2024-01-31	4	4	4	Detractor
NULL	718	2024-07-31	2	1	3	Promoter
NULL	718	2024-10-31	1	3	6	Detractor
NULL	718	2025-04-30	3	NULL	3	Passive
NULL	718	2025-07-31	3	6	4	Detractor
NULL	718	2026-04-30	4	3	7	Passive
NULL	719	2024-01-31	9	8	10	Passive
NULL	719	2024-07-31	5	6	9	Detractor
NULL	719	2025-01-31	5	3	9	Detractor
NULL	719	2025-07-31	3	4	8	Detractor
NULL	719	2025-10-31	7	9	5	Passive
NULL	719	2026-04-30	7	7	8	Passive
NULL	721	2026-04-30	10	6	10	Promoter
NULL	721	2026-07-31	10	9	10	Promoter
NULL	723	2024-10-31	3	5	6	Detractor
NULL	723	2025-07-31	2	2	1	Detractor
NULL	723	2025-10-31	6	3	1	Detractor
NULL	724	2025-01-31	4	1	1	Detractor
NULL	724	2025-04-30	5	1	1	Detractor
NULL	724	2025-07-31	1	5	2	Detractor
NULL	724	2025-10-31	3	1	5	Detractor
NULL	724	2026-01-31	2	3	1	Detractor
NULL	725	04/30/2024	8	10	4	Promoter
NULL	725	2024-10-31	7	5	7	Detractor
NULL	725	04/30/2025	6	5	6	Detractor
NULL	725	2025-10-31	4	4	1	Detractor
NULL	725	2026-01-31	8	5	5	Detractor
NULL	725	2026-04-30	8	4	7	Passive
NULL	725	2026-07-31	6	6	2	Passive
NULL	726	2025-10-31	7	5	6	Promoter
NULL	726	2026-01-31	1	8	2	Detractor
NULL	726	2026-07-31	5	6	3	Detractor
NULL	727	2024-01-31	9	10	2	Promoter
NULL	727	2024-04-30	7	4	10	Promoter
NULL	727	2024-10-31	10	10	6	Promoter
NULL	727	2025-04-30	9	6	4	Passive
NULL	727	2025-07-31	4	10	6	Passive
NULL	727	2025-10-31	9	10	6	Promoter
NULL	727	2026-01-31	8	7	NULL	Promoter
NULL	727	2026-04-30	10	8	9	Promoter
NULL	728	2025-07-31	10	9	3	Promoter
NULL	728	2025-10-31	5	7	8	Passive
NULL	728	2026-01-31	6	3	5	Passive
NULL	728	2026-04-30	6	2	2	Detractor
NULL	728	2026-07-31	5	8	6	Detractor
NULL	729	2024-10-31	3	5	4	Detractor
NULL	730	2024-01-31	8	5	9	Promoter
NULL	730	2024-04-30	8	5	8	Passive
NULL	730	2024-10-31	8	5	2	Passive
NULL	730	2025-01-31	6	8	5	Detractor
NULL	730	2025-04-30	7	7	6	Passive
NULL	730	2025-07-31	7	6	7	Passive
NULL	730	2025-10-31	8	6	5	Passive
NULL	730	2026-01-31	6	5	5	Passive
NULL	730	2026-04-30	6	4	4	Passive
NULL	730	07/31/2026	7	9	9	Detractor
NULL	731	2024-01-31	3	1	8	Passive
NULL	731	2024-04-30	4	5	2	Detractor
NULL	731	2024-10-31	3	3	4	Passive
NULL	731	2025-01-31	6	5	3	Detractor
NULL	731	2025-04-30	2	3	7	Passive
NULL	731	2026-01-31	3	1	5	Detractor
NULL	732	2024-04-30	6	6	4	Detractor
NULL	732	2024-07-31	9	6	1	Promoter
NULL	732	2025-01-31	6	7	NULL	Detractor
NULL	732	2025-04-30	10	7	6	Promoter
NULL	732	2025-07-31	6	4	9	Detractor
NULL	732	2025-10-31	9	7	7	Promoter
NULL	732	2026-01-31	8	5	5	Passive
NULL	732	2026-04-30	7	7	9	Promoter
NULL	732	2026-07-31	8	8	4	Passive
NULL	733	2024-04-30	5	3	5	Detractor
NULL	733	2024-07-31	6	3	6	Passive
NULL	733	2024-10-31	5	10	4	Detractor
NULL	733	2025-01-31	5	7	7	Detractor
NULL	733	2025-10-31	4	8	6	Detractor
NULL	733	2026-01-31	6	5	9	Promoter
NULL	733	2026-04-30	6	1	7	Detractor
NULL	733	2026-07-31	4	5	4	Detractor
NULL	734	2026-04-30	3	7	1	Detractor
NULL	734	2026-07-31	2	7	1	Detractor
NULL	735	01/31/2026	10	5	7	Promoter
NULL	735	2026-04-30	10	6	5	Promoter
NULL	735	2026-07-31	7	6	4	Detractor
NULL	736	2024-04-30	1	3	3	Detractor
NULL	736	2024-07-31	7	1	3	Passive
NULL	736	2024-10-31	2	4	4	Passive
NULL	736	2025-01-31	3	1	3	Passive
NULL	736	2025-04-30	3	3	1	Detractor
NULL	736	2025-07-31	4	6	NULL	Detractor
NULL	736	2025-10-31	4	8	2	Detractor
NULL	736	2026-01-31	7	4	1	Passive
NULL	736	2026-04-30	2	7	NULL	Passive
NULL	736	2026-07-31	3	2	2	Passive
NULL	738	2025-04-30	9	6	8	Promoter
NULL	738	2025-07-31	5	5	7	Promoter
NULL	738	2025-10-31	7	7	4	Promoter
NULL	738	2026-01-31	10	8	4	Promoter
NULL	738	2026-04-30	7	6	7	Passive
NULL	739	2024-01-31	3	4	6	Promoter
NULL	739	2024-04-30	4	5	4	Detractor
NULL	739	2024-07-31	3	7	1	Detractor
NULL	739	2024-10-31	6	7	6	Promoter
NULL	739	2025-04-30	3	2	3	Detractor
NULL	739	2025-07-31	5	2	6	Passive
NULL	739	2025-10-31	6	3	5	Detractor
NULL	739	2026-01-31	4	NULL	3	Detractor
NULL	739	2026-04-30	7	6	1	Passive
NULL	739	2026-07-31	7	2	3	Promoter
NULL	740	2024-01-31	8	8	8	Passive
NULL	740	2024-07-31	5	7	2	Detractor
NULL	740	2024-10-31	7	4	2	Promoter
NULL	740	2025-01-31	4	5	5	Detractor
NULL	740	2025-07-31	7	6	4	Promoter
NULL	740	2025-10-31	9	10	5	Promoter
NULL	740	2026-01-31	10	5	10	Promoter
NULL	740	2026-04-30	4	4	1	Passive
NULL	740	2026-07-31	3	7	1	Detractor
NULL	741	2024-01-31	5	10	6	Detractor
NULL	741	2024-10-31	7	7	9	Passive
NULL	741	2025-01-31	6	10	8	Passive
NULL	741	2025-04-30	9	8	8	Passive
NULL	741	2026-01-31	8	7	6	Promoter
NULL	741	2026-04-30	9	7	8	Passive
NULL	741	2026-07-31	7	2	8	Promoter
NULL	742	2024-07-31	5	7	6	Detractor
NULL	742	2025-01-31	6	5	1	Promoter
NULL	742	2025-04-30	7	6	7	Passive
NULL	742	2025-07-31	8	1	5	Promoter
NULL	742	2025-10-31	9	9	4	Promoter
NULL	742	2026-01-31	6	8	2	Detractor
NULL	742	2026-04-30	8	5	10	Passive
NULL	742	2026-07-31	7	3	6	Passive
NULL	743	2024-07-31	6	5	3	Promoter
NULL	743	2024-10-31	5	8	3	Promoter
NULL	743	2025-01-31	4	4	4	Detractor
NULL	743	2025-04-30	4	6	3	Detractor
NULL	743	2025-07-31	6	NULL	1	Detractor
NULL	743	2025-10-31	6	6	4	Passive
NULL	743	2026-01-31	10	2	1	Promoter
NULL	743	2026-04-30	5	NULL	6	Detractor
NULL	743	2026-07-31	5	2	9	Passive
NULL	744	2024-01-31	7	5	8	Promoter
NULL	744	2024-07-31	10	NULL	8	Promoter
NULL	744	2025-04-30	8	6	5	Detractor
NULL	744	2025-07-31	6	6	9	Detractor
NULL	744	2026-01-31	9	8	9	Passive
NULL	744	2026-04-30	9	7	10	Promoter
NULL	744	2026-07-31	9	5	8	Promoter
NULL	745	2025-10-31	9	6	7	Passive
NULL	745	2026-01-31	9	5	1	Promoter
NULL	745	2026-04-30	7	1	7	Passive
NULL	745	2026-07-31	6	6	5	Detractor
NULL	746	2024-01-31	8	5	3	Passive
NULL	746	2024-07-31	6	10	5	Detractor
NULL	746	2024-10-31	6	8	6	Promoter
NULL	746	01/31/2025	7	4	NULL	Promoter
NULL	746	04/30/2025	4	7	NULL	Detractor
NULL	746	2025-07-31	7	6	4	Passive
NULL	746	2025-10-31	8	3	8	Promoter
NULL	746	2026-04-30	6	5	9	Detractor
NULL	746	2026-07-31	7	7	3	Promoter
NULL	747	2025-10-31	6	5	5	Detractor
NULL	747	2026-01-31	9	8	5	Promoter
NULL	747	2026-07-31	7	5	1	Promoter
NULL	748	2024-04-30	7	9	9	Promoter
NULL	748	2024-07-31	8	9	2	Passive
NULL	748	2024-10-31	10	10	9	Promoter
NULL	748	2025-01-31	8	8	6	Passive
NULL	748	04/30/2025	8	7	4	Passive
NULL	748	2025-10-31	8	9	6	Passive
NULL	748	2026-01-31	8	7	4	Passive
NULL	748	04/30/2026	6	6	9	Detractor
NULL	748	2026-07-31	8	3	5	Promoter
NULL	749	2024-01-31	8	8	9	Passive
NULL	749	2024-07-31	5	7	4	Detractor
NULL	749	2024-10-31	6	9	7	Passive
NULL	749	2025-01-31	9	6	8	Promoter
NULL	749	2025-04-30	4	5	10	Detractor
NULL	749	2025-07-31	7	5	1	Passive
NULL	749	2025-10-31	4	6	6	Detractor
NULL	749	2026-07-31	6	4	7	Detractor
NULL	750	2024-01-31	1	2	1	Detractor
NULL	750	2024-07-31	2	2	1	Detractor
NULL	750	2024-10-31	2	2	4	Detractor
NULL	750	2025-01-31	1	2	1	Passive
NULL	750	2025-10-31	1	3	4	Detractor
NULL	750	2026-01-31	2	2	1	Detractor
NULL	750	2026-07-31	2	3	1	Passive
NULL	751	2025-07-31	4	2	6	Detractor
NULL	751	2026-01-31	3	4	2	Detractor
NULL	751	2026-07-31	8	3	NULL	Promoter
NULL	752	2025-01-31	9	6	5	Promoter
NULL	752	2025-04-30	6	5	4	Detractor
NULL	752	2025-10-31	6	8	3	Detractor
NULL	752	2026-01-31	5	5	6	Passive
NULL	752	2026-04-30	6	10	2	Passive
NULL	753	2026-07-31	4	3	3	Detractor
NULL	754	2024-07-31	6	2	7	Detractor
NULL	754	2025-01-31	6	6	8	Detractor
NULL	754	2025-04-30	2	2	3	Passive
NULL	754	2026-01-31	6	6	5	Detractor
NULL	754	2026-04-30	6	4	1	Detractor
NULL	754	2026-07-31	3	4	6	Detractor
NULL	755	2025-01-31	10	8	10	Detractor
NULL	755	2025-04-30	10	7	10	Passive
NULL	755	2025-07-31	10	8	9	Promoter
NULL	755	2025-10-31	9	8	6	Promoter
NULL	755	2026-04-30	10	9	9	Promoter
NULL	755	2026-07-31	10	9	10	Detractor
NULL	756	2024-04-30	7	6	7	Promoter
NULL	756	2024-07-31	5	6	2	Detractor
NULL	756	2025-01-31	6	3	5	Detractor
NULL	756	2025-04-30	5	4	8	Detractor
NULL	756	2025-07-31	8	1	5	Detractor
NULL	756	2025-10-31	8	5	9	Passive
NULL	756	2026-01-31	10	NULL	9	Promoter
NULL	756	2026-04-30	4	8	7	Detractor
NULL	756	2026-07-31	2	3	2	Detractor
NULL	757	2024-01-31	3	3	4	Detractor
NULL	757	2024-07-31	5	1	4	Detractor
NULL	757	2024-10-31	6	5	3	Detractor
NULL	757	2025-04-30	5	3	8	Detractor
NULL	757	2025-07-31	4	2	7	Detractor
NULL	757	2025-10-31	5	4	1	Detractor
NULL	757	2026-04-30	2	2	5	Promoter
NULL	758	2024-01-31	7	6	5	Passive
NULL	758	2024-04-30	7	8	3	Promoter
NULL	758	2024-07-31	4	5	5	Passive
NULL	758	2025-01-31	4	5	3	Detractor
NULL	758	2025-04-30	6	3	4	Passive
NULL	758	2026-01-31	6	3	3	Detractor
NULL	758	2026-04-30	6	5	1	Detractor
NULL	758	2026-07-31	7	3	1	Passive
NULL	759	2024-01-31	3	4	4	Passive
NULL	759	2024-04-30	6	2	3	Detractor
NULL	759	2024-07-31	4	3	4	Detractor
NULL	759	2025-01-31	8	7	5	Promoter
NULL	759	2025-04-30	5	5	8	Detractor
NULL	759	2025-07-31	3	1	1	Detractor
NULL	759	2026-01-31	5	4	2	Detractor
NULL	759	2026-04-30	5	5	3	Detractor
NULL	759	2026-07-31	3	3	1	Passive
NULL	760	2024-01-31	2	1	4	Detractor
NULL	760	2024-04-30	7	5	7	Promoter
NULL	760	2024-07-31	1	2	1	Passive
NULL	760	2024-10-31	4	1	6	Promoter
NULL	760	2025-04-30	4	6	5	Passive
NULL	760	2025-07-31	1	3	1	Detractor
NULL	760	01/31/2026	7	2	2	Promoter
NULL	760	2026-04-30	1	3	2	Detractor
NULL	760	2026-07-31	3	3	2	Detractor
NULL	761	2025-01-31	4	6	4	Detractor
NULL	761	2025-04-30	2	1	5	Detractor
NULL	761	2025-07-31	2	1	5	Detractor
NULL	761	2026-01-31	1	1	1	Promoter
NULL	761	2026-07-31	5	4	NULL	Detractor
NULL	762	2024-01-31	2	5	1	Detractor
NULL	762	2024-07-31	4	2	4	Detractor
NULL	762	2025-07-31	5	4	1	Detractor
NULL	762	2025-10-31	5	2	2	Passive
NULL	762	2026-01-31	1	2	1	Promoter
NULL	762	2026-04-30	2	5	4	Detractor
NULL	762	2026-07-31	3	1	6	Promoter
NULL	763	2025-07-31	9	6	10	Passive
NULL	763	2025-10-31	6	5	6	Detractor
NULL	763	2026-01-31	8	9	10	Passive
NULL	763	2026-04-30	7	8	4	Passive
NULL	763	2026-07-31	8	2	8	Passive
NULL	764	2024-01-31	6	6	3	Passive
NULL	764	2024-07-31	3	1	1	Detractor
NULL	764	2024-10-31	6	6	1	Detractor
NULL	764	2025-04-30	5	5	3	Detractor
NULL	764	2025-07-31	5	2	5	Detractor
NULL	764	2025-10-31	4	3	5	Detractor
NULL	764	2026-01-31	7	7	5	Promoter
NULL	764	2026-04-30	4	2	3	Detractor
NULL	765	2024-01-31	9	5	2	Promoter
NULL	765	2024-07-31	9	4	5	Promoter
NULL	765	2025-01-31	7	5	3	Passive
NULL	765	2025-04-30	5	8	10	Passive
NULL	765	2025-07-31	3	3	5	Detractor
NULL	765	2025-10-31	5	2	6	Detractor
NULL	765	2026-01-31	5	5	1	Detractor
NULL	765	2026-04-30	6	5	1	Detractor
NULL	767	2024-04-30	10	7	7	Promoter
NULL	767	2024-07-31	8	9	10	Promoter
NULL	767	2025-01-31	10	10	3	Passive
NULL	767	2025-04-30	8	9	9	Promoter
NULL	767	2025-10-31	7	10	NULL	Passive
NULL	767	2026-01-31	8	9	4	Promoter
NULL	767	2026-04-30	9	10	6	Promoter
NULL	767	2026-07-31	10	10	9	Promoter
NULL	768	2024-04-30	7	9	6	Promoter
NULL	768	2024-10-31	4	3	5	Promoter
NULL	768	2025-01-31	5	2	10	Detractor
NULL	768	2025-04-30	6	5	9	Detractor
NULL	768	2025-07-31	8	6	6	Detractor
NULL	768	2025-10-31	5	8	3	Detractor
NULL	768	2026-04-30	7	7	1	Passive
NULL	768	2026-07-31	4	7	4	Detractor
NULL	769	2026-04-30	4	5	NULL	Detractor
NULL	769	2026-07-31	8	1	5	Detractor
NULL	770	2024-01-31	1	2	1	Detractor
NULL	770	2024-04-30	3	1	1	Detractor
NULL	770	2024-07-31	1	1	1	Passive
NULL	770	2024-10-31	3	1	1	Passive
NULL	770	2025-01-31	1	1	1	Detractor
NULL	770	2025-04-30	1	1	1	Detractor
NULL	770	2025-07-31	1	1	1	Detractor
NULL	770	2025-10-31	1	2	1	Detractor
NULL	770	2026-01-31	4	1	1	Detractor
NULL	770	2026-04-30	2	1	6	Detractor
NULL	771	2024-07-31	3	2	3	Detractor
NULL	771	2024-10-31	4	4	4	Detractor
NULL	771	2025-04-30	5	4	4	Detractor
NULL	771	2025-07-31	6	7	6	Detractor
NULL	771	2025-10-31	8	1	4	Detractor
NULL	772	2024-01-31	5	4	7	Passive
NULL	772	2024-07-31	5	3	1	Passive
NULL	772	2024-10-31	4	7	5	Passive
NULL	772	2025-04-30	6	5	3	Detractor
NULL	772	2025-07-31	4	5	9	Passive
NULL	772	2026-01-31	6	5	3	Detractor
NULL	772	2026-07-31	6	7	2	Detractor
NULL	773	2024-07-31	6	6	4	Passive
NULL	773	2024-10-31	7	6	5	Promoter
NULL	773	2025-01-31	5	6	3	Detractor
NULL	774	2026-01-31	4	1	4	Detractor
NULL	774	2026-04-30	4	1	1	Passive
NULL	774	2026-07-31	4	9	1	Detractor
NULL	775	2024-01-31	6	4	2	Detractor
NULL	775	2024-04-30	6	NULL	10	Passive
NULL	775	2024-07-31	5	5	8	Detractor
NULL	775	2025-01-31	5	7	5	Detractor
NULL	775	2025-07-31	9	3	3	Promoter
NULL	775	2025-10-31	8	4	4	Passive
NULL	775	2026-07-31	7	5	2	Promoter
NULL	776	2024-01-31	10	5	8	Promoter
NULL	776	2024-04-30	10	7	7	Promoter
NULL	776	2024-07-31	7	8	NULL	Passive
NULL	776	2025-01-31	10	9	3	Promoter
NULL	776	2025-10-31	9	10	9	Promoter
NULL	776	2026-01-31	9	5	10	Promoter
NULL	776	2026-04-30	10	4	9	Promoter
NULL	776	2026-07-31	10	4	2	Promoter
NULL	777	2025-07-31	4	8	1	Passive
NULL	777	2025-10-31	10	8	3	Promoter
NULL	777	2026-01-31	5	3	4	Promoter
NULL	777	2026-04-30	7	2	6	Passive
NULL	777	2026-07-31	3	5	1	Detractor
NULL	778	2024-01-31	7	4	9	Passive
NULL	778	2024-07-31	5	8	6	Detractor
NULL	778	2024-10-31	8	3	5	Promoter
NULL	778	2025-01-31	9	1	4	Promoter
NULL	778	2025-07-31	4	6	1	Detractor
NULL	778	2026-01-31	6	3	10	Promoter
NULL	778	2026-04-30	8	4	NULL	Passive
NULL	779	2025-01-31	9	5	4	Promoter
NULL	779	2025-04-30	10	9	9	Promoter
NULL	779	2026-01-31	8	9	10	Detractor
NULL	779	2026-04-30	10	10	6	Promoter
NULL	779	2026-07-31	8	10	6	Passive
NULL	780	2026-04-30	4	1	1	Detractor
NULL	780	2026-07-31	6	2	7	Detractor
NULL	781	2024-01-31	6	8	4	Passive
NULL	781	2024-04-30	8	4	8	Passive
NULL	781	2024-07-31	5	7	5	Detractor
NULL	781	2024-10-31	7	7	7	Promoter
NULL	781	2025-01-31	7	1	4	Passive
NULL	781	2025-10-31	6	5	5	Passive
NULL	781	2026-01-31	7	6	9	Passive
NULL	784	2024-01-31	5	8	5	Passive
NULL	784	2024-04-30	5	3	1	Detractor
NULL	784	2024-07-31	5	5	3	Passive
NULL	784	2024-10-31	3	1	2	Detractor
NULL	784	2025-01-31	6	8	2	Detractor
NULL	785	2024-01-31	2	1	4	Detractor
NULL	785	2024-04-30	2	3	3	Passive
NULL	785	2024-10-31	2	1	7	Detractor
NULL	785	2025-01-31	5	1	5	Promoter
NULL	785	2025-10-31	1	2	6	Detractor
NULL	785	2026-04-30	4	1	3	Detractor
NULL	785	2026-07-31	2	3	1	Detractor
NULL	786	01/31/2024	3	1	1	Passive
NULL	786	2024-04-30	1	3	5	Detractor
NULL	786	2024-07-31	3	3	2	Detractor
NULL	786	10/31/2025	4	1	2	Detractor
NULL	786	2026-01-31	1	3	1	Passive
NULL	786	2026-04-30	6	2	1	Detractor
NULL	786	2026-07-31	1	3	4	Detractor
NULL	787	2024-01-31	6	5	6	Detractor
NULL	787	04/30/2024	7	8	5	Passive
NULL	787	2024-07-31	9	7	6	Promoter
NULL	787	2024-10-31	7	7	9	Passive
NULL	787	2025-01-31	8	4	7	Promoter
NULL	787	2025-04-30	8	7	5	Promoter
NULL	787	2025-07-31	6	8	6	Detractor
NULL	787	2025-10-31	6	6	1	Detractor
NULL	787	2026-01-31	6	8	6	Detractor
NULL	787	2026-07-31	9	9	7	Promoter
NULL	788	2025-01-31	3	8	3	Detractor
NULL	788	2025-04-30	8	6	4	Passive
NULL	788	2025-10-31	7	7	4	Promoter
NULL	788	2026-01-31	10	2	7	Promoter
NULL	788	2026-04-30	6	5	10	Detractor
NULL	788	2026-07-31	8	9	5	Promoter
NULL	789	2024-07-31	7	6	4	Promoter
NULL	789	2024-10-31	7	9	8	Passive
NULL	789	2025-04-30	8	6	5	Promoter
NULL	789	2025-07-31	7	7	3	Passive
NULL	789	2025-10-31	10	4	3	Promoter
NULL	789	2026-01-31	7	6	7	Passive
NULL	789	2026-04-30	9	9	4	Promoter
NULL	790	2024-07-31	8	2	3	Passive
NULL	790	2025-01-31	4	5	7	Promoter
NULL	790	2025-04-30	2	7	1	Detractor
NULL	790	2025-07-31	1	5	4	Promoter
NULL	790	2026-01-31	3	4	1	Detractor
NULL	790	2026-04-30	1	1	1	Detractor
NULL	791	2024-01-31	9	5	5	Promoter
NULL	791	2024-04-30	4	6	1	Detractor
NULL	791	2024-10-31	6	5	1	Detractor
NULL	791	2025-01-31	5	NULL	1	Detractor
NULL	791	2025-10-31	4	1	2	Detractor
NULL	792	2026-01-31	3	3	4	Detractor
NULL	792	2026-04-30	1	5	4	Detractor
NULL	792	2026-07-31	1	4	1	Passive
NULL	794	2024-04-30	4	3	NULL	Detractor
NULL	794	2024-07-31	1	3	6	Detractor
NULL	794	2024-10-31	5	4	1	Detractor
NULL	794	2025-01-31	2	6	2	Detractor
NULL	794	2025-04-30	5	2	1	Detractor
NULL	794	2025-07-31	6	4	4	Detractor
NULL	794	2025-10-31	2	5	5	Passive
NULL	794	2026-01-31	6	1	7	Detractor
NULL	796	2026-01-31	7	4	4	Passive
NULL	796	2026-07-31	4	1	5	Detractor
NULL	797	2025-10-31	10	10	6	Detractor
NULL	797	2026-04-30	8	7	9	Promoter
NULL	797	2026-07-31	9	7	6	Promoter
NULL	798	2024-04-30	10	7	NULL	Promoter
NULL	798	2024-07-31	6	7	8	Detractor
NULL	798	2024-10-31	8	5	6	Promoter
NULL	798	2025-01-31	10	10	8	Promoter
NULL	798	2025-04-30	7	7	6	Promoter
NULL	798	2025-07-31	10	7	8	Promoter
NULL	798	2025-10-31	8	10	7	Promoter
NULL	798	2026-04-30	7	8	10	Detractor
NULL	798	2026-07-31	9	7	7	Passive
NULL	799	2024-07-31	6	4	3	Detractor
NULL	799	2024-10-31	5	6	7	Passive
NULL	799	2025-04-30	7	3	10	Passive
NULL	799	2025-07-31	8	3	4	Promoter
NULL	799	2026-01-31	7	7	6	Promoter
NULL	799	2026-04-30	1	3	1	Detractor
NULL	800	2024-01-31	4	7	6	Passive
NULL	800	2024-04-30	5	4	6	Passive
NULL	800	2024-10-31	5	4	8	Passive
NULL	800	2025-01-31	8	8	6	Promoter
NULL	800	2025-10-31	6	7	5	Detractor
NULL	800	2026-04-30	7	7	10	Promoter
NULL	800	2026-07-31	6	1	5	Passive
NULL	801	2024-07-31	3	4	3	Detractor
NULL	801	01/31/2025	4	2	1	Detractor
NULL	801	2025-04-30	5	6	7	Passive
NULL	801	2025-07-31	1	2	5	Promoter
NULL	801	2025-10-31	2	5	4	Detractor
NULL	803	2025-01-31	3	1	1	Detractor
NULL	803	2025-07-31	5	1	2	Detractor
NULL	803	2025-10-31	1	1	1	Promoter
NULL	803	2026-04-30	3	2	3	Detractor
NULL	803	2026-07-31	6	NULL	3	Passive
NULL	804	2026-01-31	4	5	4	Detractor
NULL	804	2026-04-30	6	10	2	Detractor
NULL	804	2026-07-31	5	9	2	Passive
NULL	806	2026-07-31	8	10	7	Promoter
NULL	807	2024-07-31	5	1	4	Passive
NULL	807	2024-10-31	7	4	4	Promoter
NULL	807	2025-01-31	6	10	3	Detractor
NULL	807	2025-04-30	6	6	10	Detractor
NULL	807	2025-07-31	9	6	3	Passive
NULL	807	2026-04-30	5	4	9	Detractor
NULL	808	2024-01-31	8	6	9	Passive
NULL	808	2024-04-30	7	7	10	Passive
NULL	808	2024-07-31	7	8	6	Promoter
NULL	808	2025-01-31	7	3	4	Passive
NULL	808	04/30/2025	8	9	10	Passive
NULL	808	2025-07-31	9	7	5	Promoter
NULL	808	2025-10-31	9	6	4	Promoter
NULL	808	2026-01-31	10	10	8	Promoter
NULL	808	2026-04-30	10	8	6	Promoter
NULL	809	2025-07-31	1	4	2	Detractor
NULL	809	2025-10-31	1	4	3	Detractor
NULL	809	2026-01-31	4	1	4	Detractor
NULL	809	2026-04-30	2	3	1	Detractor
NULL	809	2026-07-31	1	4	7	Detractor
NULL	810	2025-07-31	7	5	6	Promoter
NULL	810	2025-10-31	4	4	8	Detractor
NULL	810	2026-01-31	7	5	5	Promoter
NULL	810	2026-04-30	7	8	5	Passive
NULL	810	2026-07-31	6	6	4	Detractor
NULL	811	2026-07-31	5	4	3	Detractor
NULL	812	2024-01-31	9	8	6	Promoter
NULL	812	2024-07-31	6	2	6	Detractor
NULL	812	2024-10-31	4	5	4	Detractor
NULL	812	01/31/2025	7	9	4	Detractor
NULL	812	2025-10-31	5	1	4	Detractor
NULL	812	2026-01-31	3	2	4	Detractor
NULL	812	2026-07-31	2	3	7	Detractor
NULL	813	2025-10-31	4	2	1	Detractor
NULL	813	2026-01-31	4	5	6	Passive
NULL	813	2026-04-30	8	3	1	Passive
NULL	813	2026-07-31	6	2	4	Passive
NULL	814	2024-07-31	10	9	10	Promoter
NULL	814	2024-10-31	7	9	10	Detractor
NULL	814	2025-04-30	9	8	9	Promoter
NULL	814	2025-07-31	8	9	NULL	Passive
NULL	814	2026-01-31	10	8	5	Promoter
NULL	814	2026-04-30	10	9	8	Passive
NULL	816	2025-04-30	7	8	3	Detractor
NULL	816	2025-07-31	9	5	9	Promoter
NULL	816	2025-10-31	8	8	4	Passive
NULL	816	2026-01-31	6	8	10	Detractor
NULL	816	2026-04-30	5	10	8	Passive
NULL	817	2024-01-31	8	7	7	Passive
NULL	817	2024-04-30	7	6	7	Passive
NULL	817	2025-01-31	8	8	3	Detractor
NULL	817	2025-04-30	10	3	9	Promoter
NULL	817	2026-01-31	7	10	NULL	Passive
NULL	817	2026-07-31	6	3	5	Detractor
NULL	818	2024-01-31	1	1	2	Detractor
NULL	818	2024-04-30	3	2	2	Detractor
NULL	818	2024-10-31	3	1	4	Detractor
NULL	818	2025-01-31	1	1	1	Detractor
NULL	818	2025-04-30	3	2	1	Detractor
NULL	818	2025-07-31	1	2	1	Passive
NULL	818	04/30/2026	1	1	2	Passive
NULL	818	2026-07-31	2	2	1	Detractor
NULL	819	2024-10-31	3	3	1	Promoter
NULL	819	2025-04-30	3	10	2	Detractor
NULL	819	2025-10-31	6	1	4	Detractor
NULL	819	2026-01-31	6	1	1	Promoter
NULL	819	04/30/2026	5	2	1	Detractor
NULL	819	2026-07-31	3	8	8	Detractor
NULL	820	2024-01-31	4	4	1	Detractor
NULL	820	2024-04-30	4	3	5	Detractor
NULL	820	2024-10-31	1	4	4	Detractor
NULL	820	01/31/2025	1	3	1	Detractor
NULL	820	2025-04-30	4	1	5	Detractor
NULL	820	2025-07-31	4	3	1	Detractor
NULL	820	2025-10-31	3	4	3	Promoter
NULL	820	2026-01-31	3	3	NULL	Detractor
NULL	820	2026-04-30	3	3	1	Passive
NULL	820	07/31/2026	1	1	NULL	Detractor
NULL	821	2024-01-31	1	3	4	Detractor
NULL	821	2024-10-31	4	2	2	Passive
NULL	821	2025-04-30	5	1	2	Detractor
NULL	821	2025-10-31	3	6	4	Passive
NULL	821	2026-04-30	2	5	4	Detractor
NULL	821	2026-07-31	3	1	2	Detractor
NULL	822	2024-04-30	4	NULL	3	Detractor
NULL	822	2024-10-31	3	1	5	Detractor
NULL	822	2025-01-31	4	1	1	Detractor
NULL	822	2025-04-30	1	4	2	Detractor
NULL	822	2025-07-31	1	4	5	Passive
NULL	823	2024-01-31	7	10	8	Passive
NULL	823	2024-04-30	10	7	8	Passive
NULL	823	2024-07-31	10	8	3	Promoter
NULL	823	2024-10-31	10	10	10	Passive
NULL	823	2025-01-31	10	10	10	Promoter
NULL	823	2025-04-30	8	4	10	Passive
NULL	823	2025-07-31	8	7	6	Passive
NULL	823	2025-10-31	10	10	10	Promoter
NULL	823	2026-01-31	10	7	7	Promoter
NULL	823	2026-04-30	10	9	5	Promoter
NULL	823	2026-07-31	10	10	9	Promoter
NULL	824	2025-01-31	8	4	3	Passive
NULL	824	2025-10-31	4	3	4	Detractor
NULL	824	2026-01-31	1	2	1	Detractor
NULL	824	2026-04-30	1	2	10	Detractor
NULL	825	01/31/2024	10	10	8	Promoter
NULL	825	2024-07-31	10	10	7	Promoter
NULL	825	2024-10-31	10	10	9	Promoter
NULL	825	2025-01-31	10	10	10	Promoter
NULL	825	2025-07-31	10	9	8	Promoter
NULL	825	2026-07-31	10	8	9	Promoter
NULL	826	2024-01-31	2	5	8	Detractor
NULL	826	2024-04-30	5	1	2	Detractor
NULL	826	2024-10-31	2	4	5	Detractor
NULL	826	2025-01-31	3	5	NULL	Detractor
NULL	826	2025-04-30	6	4	5	Detractor
NULL	826	07/31/2025	7	1	1	Promoter
NULL	826	2026-01-31	5	5	1	Detractor
NULL	826	2026-04-30	6	7	5	Detractor
NULL	826	2026-07-31	5	7	4	Passive
NULL	827	2024-01-31	4	7	2	Promoter
NULL	827	2024-04-30	4	6	7	Passive
NULL	827	2024-07-31	7	2	7	Passive
NULL	827	2024-10-31	5	5	6	Passive
NULL	827	2025-01-31	6	8	3	Passive
NULL	827	2025-04-30	5	7	5	Detractor
NULL	827	2025-07-31	6	8	6	Passive
NULL	827	2026-01-31	5	4	6	Passive
NULL	827	2026-04-30	7	4	8	Passive
NULL	828	2024-07-31	7	6	7	Detractor
NULL	828	2024-10-31	5	5	7	Detractor
NULL	828	2025-04-30	7	6	3	Passive
NULL	828	2025-07-31	6	5	5	Passive
NULL	828	2025-10-31	6	5	3	Detractor
NULL	828	2026-01-31	7	4	3	Promoter
NULL	828	04/30/2026	4	4	4	Detractor
NULL	828	2026-07-31	5	8	5	Detractor
NULL	829	2024-01-31	8	NULL	9	Promoter
NULL	829	2024-04-30	8	6	6	Passive
NULL	829	2024-07-31	7	9	7	Detractor
NULL	829	2024-10-31	10	8	7	Passive
NULL	829	2025-01-31	6	7	8	Promoter
NULL	829	2025-07-31	9	6	5	Passive
NULL	829	2025-10-31	9	4	10	Promoter
NULL	829	2026-01-31	5	9	7	Detractor
NULL	829	2026-04-30	4	6	5	Detractor
NULL	829	2026-07-31	9	6	5	Promoter
NULL	830	07/31/2024	5	9	3	Detractor
NULL	830	2024-10-31	9	6	6	Promoter
NULL	831	2024-07-31	5	6	5	Detractor
NULL	831	10/31/2024	5	1	6	Passive
NULL	831	2025-01-31	5	4	2	Detractor
NULL	831	2025-04-30	4	NULL	9	Detractor
NULL	831	2025-10-31	6	6	4	Passive
NULL	831	2026-04-30	8	4	2	Passive
NULL	831	07/31/2026	6	5	5	Detractor
NULL	832	2024-04-30	7	NULL	4	Detractor
NULL	832	2024-07-31	4	6	NULL	Detractor
NULL	832	2024-10-31	3	5	6	Detractor
NULL	832	2025-01-31	6	3	4	Detractor
NULL	832	2025-07-31	4	6	2	Detractor
NULL	832	2025-10-31	6	4	1	Passive
NULL	833	2024-01-31	3	5	6	Passive
NULL	833	2024-04-30	5	7	3	Detractor
NULL	833	2024-07-31	6	5	5	Promoter
NULL	833	2024-10-31	6	6	5	Detractor
NULL	833	2025-01-31	4	8	3	Detractor
NULL	833	2025-10-31	8	8	5	Passive
NULL	833	2026-01-31	5	3	5	Passive
NULL	833	2026-04-30	7	4	4	Passive
NULL	833	2026-07-31	8	7	5	Detractor
NULL	834	2024-10-31	9	7	9	Promoter
NULL	834	2025-01-31	6	8	4	Detractor
NULL	834	2025-04-30	6	2	1	Detractor
NULL	834	2025-07-31	7	8	9	Promoter
NULL	834	2025-10-31	8	6	10	Promoter
NULL	834	2026-01-31	5	2	9	Detractor
NULL	834	2026-07-31	7	9	8	Promoter
NULL	835	2024-01-31	1	3	3	Detractor
NULL	835	2024-07-31	1	2	1	Detractor
NULL	835	10/31/2024	1	5	2	Detractor
NULL	835	2025-10-31	1	4	3	Passive
NULL	835	2026-01-31	2	4	1	Passive
NULL	835	04/30/2026	1	1	10	Detractor
NULL	835	2026-07-31	4	1	2	Detractor
NULL	836	2026-01-31	8	3	6	Detractor
NULL	836	2026-04-30	6	8	NULL	Detractor
NULL	836	2026-07-31	6	2	5	Promoter
NULL	837	2024-10-31	2	1	1	Detractor
NULL	837	2025-04-30	2	2	5	Passive
NULL	837	2025-10-31	4	5	3	Passive
NULL	837	2026-01-31	2	4	6	Promoter
NULL	837	2026-07-31	3	2	1	Passive
NULL	838	2025-04-30	5	9	6	Detractor
NULL	838	2025-07-31	3	10	4	Passive
NULL	838	2026-04-30	7	6	1	Passive
NULL	838	2026-07-31	7	NULL	1	Promoter
NULL	839	2024-01-31	3	5	1	Detractor
NULL	839	2024-04-30	4	3	5	Detractor
NULL	839	2024-07-31	2	3	7	Detractor
NULL	839	2024-10-31	5	8	10	Detractor
NULL	839	2025-07-31	6	2	1	Detractor
NULL	839	2025-10-31	1	3	1	Detractor
NULL	839	2026-04-30	6	7	8	Detractor
NULL	840	2026-04-30	7	4	8	Promoter
NULL	841	2025-01-31	4	4	4	Passive
NULL	841	2025-04-30	3	7	2	Detractor
NULL	841	2025-07-31	4	8	6	Detractor
NULL	841	2026-01-31	6	3	7	Detractor
NULL	841	2026-04-30	8	3	1	Detractor
NULL	842	2024-10-31	6	4	8	Detractor
NULL	842	2025-01-31	4	7	1	Passive
NULL	842	2025-07-31	8	2	5	Promoter
NULL	842	2025-10-31	5	5	3	Detractor
NULL	843	2024-07-31	4	1	3	Detractor
NULL	843	2024-10-31	1	6	4	Detractor
NULL	843	2025-01-31	3	1	2	Passive
NULL	843	2025-04-30	6	1	4	Passive
NULL	843	2025-07-31	3	6	3	Detractor
NULL	843	2025-10-31	5	2	2	Passive
NULL	843	2026-01-31	5	5	2	Detractor
NULL	843	2026-04-30	4	6	2	Detractor
NULL	843	2026-07-31	1	2	1	Detractor
NULL	844	2024-01-31	6	8	8	Passive
NULL	844	2024-04-30	3	6	10	Detractor
NULL	844	2024-07-31	6	6	8	Passive
NULL	844	2025-07-31	5	7	7	Detractor
NULL	844	2025-10-31	7	5	4	Passive
NULL	844	2026-01-31	8	4	9	Passive
NULL	844	2026-04-30	6	9	6	Detractor
NULL	844	2026-07-31	6	5	4	Passive
NULL	845	2025-01-31	8	NULL	8	Passive
NULL	845	2025-04-30	8	7	2	Promoter
NULL	845	2025-10-31	9	7	9	Promoter
NULL	845	2026-01-31	6	5	8	Detractor
NULL	845	2026-04-30	3	7	7	Detractor
NULL	845	2026-07-31	9	7	1	Promoter
NULL	846	2024-04-30	3	4	4	Detractor
NULL	846	2024-07-31	4	8	8	Promoter
NULL	846	2025-01-31	8	6	6	Detractor
NULL	846	2025-04-30	5	8	4	Detractor
NULL	846	2025-07-31	4	6	7	Passive
NULL	846	2025-10-31	8	5	7	Promoter
NULL	846	2026-07-31	3	5	7	Detractor
NULL	848	2024-07-31	10	7	8	Passive
NULL	848	2024-10-31	9	8	10	Promoter
NULL	848	2025-04-30	9	7	9	Promoter
NULL	848	2025-07-31	7	5	9	Promoter
NULL	848	2025-10-31	10	7	8	Promoter
NULL	848	01/31/2026	8	8	9	Detractor
NULL	848	2026-04-30	9	7	6	Promoter
NULL	848	2026-07-31	8	7	7	Passive
NULL	849	2024-07-31	7	5	NULL	Passive
NULL	849	2025-01-31	6	8	2	Passive
NULL	849	2025-04-30	8	4	4	Passive
NULL	849	2025-07-31	5	7	1	Passive
NULL	849	2025-10-31	4	3	6	Detractor
NULL	849	2026-04-30	6	5	NULL	Detractor
NULL	849	2026-07-31	6	2	6	Passive
NULL	850	2026-07-31	8	7	9	Passive
NULL	851	2024-01-31	3	1	1	Passive
NULL	851	2024-04-30	4	4	10	Promoter
NULL	851	2024-07-31	3	2	6	Detractor
NULL	851	2025-07-31	6	1	5	Passive
NULL	851	2026-01-31	2	NULL	1	Passive
NULL	852	2025-07-31	7	2	3	Detractor
NULL	852	2025-10-31	7	1	5	Passive
NULL	852	2026-04-30	5	2	5	Detractor
NULL	853	2024-07-31	1	4	3	Promoter
NULL	853	2025-04-30	5	4	7	Detractor
NULL	853	2025-07-31	3	6	4	Passive
NULL	853	2025-10-31	6	1	4	Passive
NULL	853	2026-01-31	3	1	3	Detractor
NULL	853	2026-04-30	6	1	3	Detractor
NULL	853	2026-07-31	4	4	7	Detractor
NULL	854	04/30/2026	3	5	8	Passive
NULL	854	2026-07-31	4	3	9	Detractor
NULL	855	2026-04-30	4	4	1	Detractor
NULL	855	2026-07-31	4	4	4	Detractor
NULL	856	2024-04-30	4	2	3	Detractor
NULL	856	2024-07-31	6	7	8	Passive
NULL	856	2025-01-31	6	3	6	Detractor
NULL	856	2025-07-31	6	6	10	Detractor
NULL	856	2025-10-31	6	4	3	Detractor
NULL	856	2026-01-31	7	5	5	Promoter
NULL	857	2024-01-31	7	7	1	Passive
NULL	857	2024-04-30	9	3	4	Passive
NULL	857	2024-07-31	5	8	2	Detractor
NULL	857	10/31/2024	5	4	8	Detractor
NULL	857	2025-01-31	6	4	NULL	Passive
NULL	857	2025-04-30	3	8	7	Passive
NULL	857	2025-07-31	5	6	3	Passive
NULL	857	2025-10-31	5	6	1	Detractor
NULL	857	2026-01-31	5	NULL	8	Detractor
NULL	857	2026-04-30	8	4	6	Passive
NULL	858	2025-10-31	2	5	7	Detractor
NULL	858	2026-01-31	3	3	7	Promoter
NULL	858	2026-04-30	7	7	2	Passive
NULL	858	2026-07-31	4	6	5	Detractor
NULL	859	2024-10-31	6	4	3	Detractor
NULL	859	2025-04-30	1	2	6	Detractor
NULL	859	2025-07-31	4	5	3	Detractor
NULL	859	2026-04-30	3	4	6	Detractor
NULL	861	2024-10-31	6	5	1	Detractor
NULL	861	2025-01-31	4	6	5	Passive
NULL	861	2025-04-30	6	1	3	Promoter
NULL	861	07/31/2025	4	4	4	Detractor
NULL	861	2025-10-31	4	1	1	Detractor
NULL	862	2026-01-31	7	6	10	Detractor
NULL	862	2026-04-30	6	6	8	Detractor
NULL	862	2026-07-31	6	5	7	Detractor
NULL	863	2025-01-31	2	1	3	Passive
NULL	863	2025-04-30	4	NULL	1	Passive
NULL	863	2025-07-31	2	1	4	Promoter
NULL	863	2025-10-31	1	6	5	Passive
NULL	863	2026-04-30	2	3	1	Detractor
NULL	864	2025-01-31	6	7	2	Detractor
NULL	864	2025-07-31	4	5	3	Passive
NULL	864	2025-10-31	6	7	8	Detractor
NULL	864	2026-01-31	6	9	5	Passive
NULL	864	2026-04-30	5	5	6	Detractor
NULL	864	2026-07-31	7	2	6	Passive
NULL	865	2024-04-30	1	1	5	Passive
NULL	865	2024-07-31	3	1	4	Promoter
NULL	865	2024-10-31	3	1	4	Detractor
NULL	865	2025-01-31	2	7	4	Passive
NULL	865	2025-04-30	4	1	1	Detractor
NULL	865	2025-07-31	1	3	1	Detractor
NULL	866	2024-01-31	2	5	3	Passive
NULL	866	2024-04-30	6	3	3	Detractor
NULL	866	2024-07-31	3	1	2	Detractor
NULL	866	2025-10-31	5	3	4	Detractor
NULL	866	2026-01-31	5	2	1	Detractor
NULL	866	2026-04-30	6	7	10	Passive
NULL	867	2024-01-31	4	8	10	Passive
NULL	867	2024-04-30	7	10	8	Promoter
NULL	867	2024-07-31	7	2	6	Promoter
NULL	867	2024-10-31	9	6	10	Promoter
NULL	867	2025-04-30	8	8	3	Passive
NULL	867	2025-10-31	5	5	7	Detractor
NULL	867	2026-01-31	10	6	10	Promoter
NULL	867	2026-04-30	7	5	6	Detractor
NULL	867	2026-07-31	8	7	7	Promoter
NULL	868	2026-07-31	1	2	2	Passive
NULL	869	2024-01-31	5	4	1	Detractor
NULL	869	2024-04-30	7	NULL	3	Promoter
NULL	869	2024-10-31	4	4	3	Detractor
NULL	869	2025-01-31	7	9	6	Passive
NULL	869	2025-04-30	4	4	3	Passive
NULL	869	2025-07-31	5	4	3	Detractor
NULL	869	2026-01-31	7	3	2	Promoter
NULL	869	2026-04-30	4	4	1	Detractor
NULL	869	2026-07-31	6	4	3	Detractor
NULL	870	2024-10-31	3	6	5	Passive
NULL	870	2025-01-31	2	3	NULL	Detractor
NULL	870	2025-07-31	2	5	1	Passive
NULL	870	2025-10-31	5	4	4	Detractor
NULL	870	2026-01-31	2	4	7	Detractor
NULL	870	2026-04-30	3	3	2	Detractor
NULL	871	2026-07-31	2	2	9	Detractor
NULL	872	2025-04-30	6	5	10	Detractor
NULL	872	2025-07-31	9	9	4	Promoter
NULL	872	2025-10-31	9	7	6	Promoter
NULL	872	2026-01-31	8	7	10	Promoter
NULL	872	2026-04-30	9	7	6	Promoter
NULL	872	2026-07-31	6	10	4	Detractor
NULL	873	2025-07-31	2	1	1	Detractor
NULL	873	2025-10-31	2	5	4	Detractor
NULL	873	2026-01-31	3	4	2	Detractor
NULL	873	2026-04-30	6	1	6	Passive
NULL	873	2026-07-31	5	1	3	Detractor
NULL	874	2024-01-31	7	6	5	Passive
NULL	874	2024-04-30	10	7	10	Passive
NULL	874	2024-07-31	6	1	8	Detractor
NULL	874	2024-10-31	5	4	5	Detractor
NULL	874	2025-07-31	8	7	4	Passive
NULL	874	2026-01-31	7	4	4	Passive
NULL	874	2026-04-30	4	7	2	Detractor
NULL	874	2026-07-31	7	9	5	Promoter
NULL	875	2024-10-31	4	1	4	Passive
NULL	876	2026-01-31	4	1	NULL	Detractor
NULL	877	2025-01-31	5	NULL	9	Detractor
NULL	877	2025-04-30	10	5	6	Promoter
NULL	877	2025-07-31	9	8	10	Promoter
NULL	877	2025-10-31	8	9	7	Promoter
NULL	877	2026-01-31	9	8	9	Promoter
NULL	877	2026-04-30	7	8	7	Passive
NULL	877	2026-07-31	7	8	6	Passive
NULL	878	2024-01-31	5	3	7	Promoter
NULL	878	2024-07-31	3	1	5	Detractor
NULL	878	2024-10-31	5	7	7	Detractor
NULL	878	2025-04-30	5	5	1	Passive
NULL	878	2025-07-31	5	1	1	Detractor
NULL	878	2025-10-31	6	3	5	Detractor
NULL	878	2026-04-30	4	6	5	Detractor
NULL	878	2026-07-31	9	4	9	Promoter
NULL	879	2025-10-31	2	1	5	Detractor
NULL	879	2026-04-30	1	2	3	Detractor
NULL	879	2026-07-31	4	2	2	Passive
NULL	880	2024-10-31	2	1	5	Passive
NULL	880	2025-01-31	7	4	1	Passive
NULL	880	2025-04-30	5	3	1	Passive
NULL	880	2025-10-31	7	5	1	Promoter
NULL	880	2026-01-31	8	NULL	2	Promoter
NULL	880	2026-04-30	5	3	4	Detractor
NULL	881	01/31/2024	1	4	6	Detractor
NULL	881	2024-04-30	6	2	5	Promoter
NULL	881	2024-07-31	7	6	1	Promoter
NULL	881	2024-10-31	5	3	7	Detractor
NULL	881	2025-01-31	4	6	NULL	Detractor
NULL	881	2025-04-30	6	2	5	Detractor
NULL	881	2025-07-31	2	NULL	3	Detractor
NULL	881	2026-01-31	5	2	9	Detractor
NULL	882	2024-10-31	6	NULL	5	Detractor
NULL	882	2025-01-31	5	9	7	Detractor
NULL	882	2025-07-31	4	7	4	Promoter
NULL	882	2025-10-31	4	6	1	Passive
NULL	882	2026-01-31	5	5	10	Detractor
NULL	882	2026-04-30	6	2	8	Detractor
NULL	883	2024-01-31	7	2	1	Promoter
NULL	883	2024-04-30	7	4	2	Passive
NULL	883	2024-07-31	5	5	2	Detractor
NULL	883	2024-10-31	5	NULL	5	Detractor
NULL	883	2025-04-30	3	5	6	Detractor
NULL	883	2025-07-31	8	4	1	Detractor
NULL	883	2025-10-31	5	3	1	Passive
NULL	883	2026-07-31	6	7	4	Detractor
NULL	884	2025-04-30	3	5	6	Passive
NULL	884	2025-07-31	6	7	8	Passive
NULL	884	2025-10-31	6	3	4	Detractor
NULL	884	2026-01-31	5	5	7	Promoter
NULL	884	2026-07-31	5	4	1	Passive
NULL	885	2025-07-31	5	7	7	Passive
NULL	885	2025-10-31	4	3	6	Detractor
NULL	885	2026-04-30	5	9	6	Passive
NULL	886	2026-01-31	7	7	8	Promoter
NULL	886	2026-04-30	6	7	6	Passive
NULL	886	2026-07-31	9	10	8	Promoter
NULL	887	2024-01-31	4	3	5	Passive
NULL	887	2024-07-31	2	6	6	Detractor
NULL	887	2024-10-31	2	4	1	Detractor
NULL	887	2025-04-30	4	2	1	Detractor
NULL	887	2025-10-31	2	8	2	Detractor
NULL	887	2026-01-31	6	6	8	Detractor
NULL	887	2026-04-30	4	5	4	Detractor
NULL	887	2026-07-31	2	1	4	Detractor
NULL	888	2026-07-31	5	7	8	Detractor
NULL	889	2026-07-31	4	3	1	Detractor
NULL	890	2024-01-31	4	NULL	4	Detractor
NULL	890	2024-04-30	7	1	5	Passive
NULL	890	2024-07-31	7	6	8	Passive
NULL	890	2024-10-31	6	5	3	Detractor
NULL	890	2025-01-31	6	5	4	Detractor
NULL	890	2025-04-30	7	6	4	Detractor
NULL	890	2025-07-31	7	6	7	Passive
NULL	890	2025-10-31	6	9	6	Promoter
NULL	890	2026-01-31	9	10	8	Promoter
NULL	890	2026-04-30	4	9	5	Detractor
NULL	890	2026-07-31	6	4	4	Detractor
NULL	891	2026-07-31	5	1	1	Detractor
NULL	892	2024-01-31	4	2	3	Passive
NULL	892	2024-10-31	5	4	8	Passive
NULL	892	2025-04-30	5	2	9	Passive
NULL	892	2025-07-31	6	1	2	Detractor
NULL	892	2026-04-30	3	4	1	Passive
NULL	892	2026-07-31	2	4	5	Passive
NULL	893	2024-01-31	8	7	NULL	Passive
NULL	893	2024-04-30	8	7	5	Detractor
NULL	893	2024-07-31	8	7	8	Passive
NULL	893	2024-10-31	2	6	8	Passive
NULL	893	2025-01-31	7	5	3	Passive
NULL	893	2025-07-31	8	5	4	Promoter
NULL	893	2025-10-31	7	5	4	Passive
NULL	893	2026-04-30	6	8	8	Detractor
NULL	893	2026-07-31	8	9	3	Promoter
NULL	894	2024-04-30	4	2	1	Detractor
NULL	894	07/31/2024	1	1	1	Passive
NULL	894	2024-10-31	1	2	4	Detractor
NULL	894	2025-01-31	2	NULL	1	Detractor
NULL	894	2025-04-30	2	3	4	Passive
NULL	894	2025-07-31	3	2	4	Detractor
NULL	894	2025-10-31	4	2	1	Detractor
NULL	894	2026-01-31	6	1	4	Detractor
NULL	894	2026-04-30	6	4	3	Detractor
NULL	894	2026-07-31	1	1	4	Promoter
NULL	895	2024-01-31	8	6	10	Passive
NULL	895	2024-04-30	10	7	7	Promoter
NULL	895	2024-10-31	8	7	10	Promoter
NULL	895	2025-01-31	7	9	10	Detractor
NULL	895	2025-07-31	10	10	7	Promoter
NULL	895	2026-01-31	10	10	8	Promoter
NULL	895	2026-07-31	10	8	10	Promoter
NULL	896	2024-04-30	4	4	2	Detractor
NULL	896	2025-01-31	5	1	4	Detractor
NULL	896	2025-04-30	1	3	2	Detractor
NULL	896	2025-07-31	1	1	2	Detractor
NULL	896	2025-10-31	4	1	3	Detractor
NULL	896	2026-01-31	3	2	1	Detractor
NULL	896	2026-04-30	1	3	2	Detractor
NULL	897	2026-07-31	5	7	4	Promoter
NULL	898	2024-10-31	3	3	NULL	Detractor
NULL	898	2025-07-31	3	2	1	Detractor
NULL	898	2025-10-31	3	3	3	Detractor
NULL	898	2026-04-30	3	5	3	Detractor
NULL	898	2026-07-31	1	2	1	Passive
NULL	899	2025-01-31	10	6	6	Promoter
NULL	899	2025-04-30	2	6	2	Passive
NULL	899	2025-07-31	6	5	4	Passive
NULL	899	2025-10-31	5	8	6	Detractor
NULL	899	2026-01-31	5	6	6	Passive
NULL	899	2026-07-31	5	6	8	Detractor
NULL	900	2024-01-31	10	7	7	Promoter
NULL	900	2024-07-31	10	10	6	Promoter
NULL	900	10/31/2024	10	10	7	Promoter
NULL	900	2025-01-31	9	10	6	Passive
NULL	900	2025-10-31	10	5	10	Promoter
NULL	900	2026-01-31	10	9	10	Promoter
NULL	900	2026-04-30	10	5	NULL	Detractor
NULL	900	2026-07-31	10	10	9	Promoter
NULL	901	2025-01-31	5	4	3	Passive
NULL	901	2025-04-30	2	1	3	Detractor
NULL	901	2025-10-31	1	1	1	Detractor
NULL	901	2026-04-30	1	6	1	Detractor
NULL	901	2026-07-31	2	1	1	Detractor
NULL	902	2024-01-31	9	5	7	Passive
NULL	902	2024-04-30	8	2	1	Passive
NULL	902	2024-07-31	8	7	10	Passive
NULL	902	2025-01-31	4	5	7	Detractor
NULL	902	2026-01-31	5	6	1	Detractor
NULL	902	2026-04-30	6	5	2	Detractor
NULL	902	2026-07-31	9	4	7	Promoter
NULL	903	2024-01-31	4	5	1	Detractor
NULL	903	2024-04-30	6	4	10	Detractor
NULL	903	2024-07-31	5	1	5	Detractor
NULL	903	2024-10-31	8	3	8	Detractor
NULL	903	2025-04-30	4	5	5	Detractor
NULL	903	2025-07-31	7	4	4	Promoter
NULL	903	2026-01-31	5	1	1	Detractor
NULL	903	2026-04-30	6	3	2	Passive
NULL	903	2026-07-31	8	4	8	Passive
NULL	904	2025-07-31	1	5	1	Detractor
NULL	904	2025-10-31	3	5	1	Promoter
NULL	904	2026-01-31	1	2	4	Detractor
NULL	904	2026-04-30	2	1	2	Detractor
NULL	904	2026-07-31	1	1	1	Detractor
NULL	905	2024-04-30	1	1	1	Detractor
NULL	905	10/31/2024	1	1	1	Detractor
NULL	905	2025-01-31	1	1	1	Detractor
NULL	905	2026-01-31	3	1	2	Detractor
NULL	905	2026-07-31	2	1	10	Detractor
NULL	906	2024-07-31	7	8	7	Passive
NULL	906	2024-10-31	10	9	10	Passive
NULL	906	2025-07-31	9	10	6	Promoter
NULL	906	10/31/2025	8	10	10	Detractor
NULL	906	2026-01-31	10	8	8	Promoter
NULL	906	2026-04-30	8	7	4	Passive
NULL	906	2026-07-31	10	8	7	Promoter
NULL	907	2024-01-31	4	5	8	Detractor
NULL	907	2024-04-30	8	9	4	Passive
NULL	907	2024-07-31	5	6	9	Detractor
NULL	907	2024-10-31	9	5	6	Promoter
NULL	907	2025-04-30	7	10	6	Detractor
NULL	907	2025-07-31	7	10	4	Promoter
NULL	907	2025-10-31	6	9	4	Detractor
NULL	907	2026-01-31	4	7	4	Detractor
NULL	907	2026-04-30	5	8	8	Detractor
NULL	907	2026-07-31	7	6	9	Passive
NULL	910	2026-07-31	5	4	9	Passive
NULL	911	2024-01-31	7	4	6	Detractor
NULL	911	2024-07-31	6	3	6	Promoter
NULL	911	2024-10-31	7	8	6	Passive
NULL	911	2025-01-31	5	6	1	Detractor
NULL	911	2025-04-30	6	6	2	Detractor
NULL	911	2025-07-31	6	6	1	Detractor
NULL	911	2025-10-31	5	4	7	Detractor
NULL	911	2026-07-31	7	4	5	Passive
NULL	912	2024-01-31	6	9	9	Promoter
NULL	913	2026-04-30	4	3	4	Detractor
NULL	913	2026-07-31	3	2	7	Detractor
NULL	914	2024-04-30	7	6	7	Detractor
NULL	914	2024-07-31	7	8	9	Promoter
NULL	914	2025-04-30	6	7	3	Passive
NULL	914	2025-07-31	6	7	8	Passive
NULL	914	2025-10-31	7	5	8	Passive
NULL	914	2026-01-31	8	4	7	Promoter
NULL	915	2024-04-30	4	5	5	Detractor
NULL	915	2024-07-31	7	4	4	Passive
NULL	915	2024-10-31	6	7	2	Detractor
NULL	915	2025-01-31	5	6	4	Detractor
NULL	915	2025-04-30	8	9	5	Passive
NULL	915	2025-07-31	6	10	8	Detractor
NULL	915	2026-04-30	3	3	1	Detractor
NULL	915	2026-07-31	3	7	4	Detractor
NULL	918	2025-01-31	5	5	8	Detractor
NULL	918	2025-04-30	5	1	7	Detractor
NULL	918	2025-07-31	4	4	1	Detractor
NULL	918	2026-01-31	10	6	3	Promoter
NULL	918	2026-04-30	9	9	4	Promoter
NULL	918	2026-07-31	6	6	10	Detractor
NULL	919	2024-04-30	6	4	6	Detractor
NULL	919	2024-07-31	8	2	2	Promoter
NULL	919	2024-10-31	9	2	7	Passive
NULL	919	2025-04-30	7	7	4	Passive
NULL	919	2025-07-31	5	6	10	Passive
NULL	919	2025-10-31	4	10	9	Detractor
NULL	919	2026-01-31	7	7	7	Passive
NULL	919	2026-04-30	6	2	5	Passive
NULL	919	2026-07-31	5	3	5	Detractor
NULL	920	2025-07-31	7	6	9	Passive
NULL	920	2025-10-31	8	10	10	Detractor
NULL	921	2025-10-31	3	3	7	Detractor
NULL	921	2026-07-31	7	3	3	Promoter
NULL	922	2026-04-30	10	8	10	Promoter
NULL	923	2024-01-31	7	7	8	Detractor
NULL	923	2024-07-31	10	6	7	Promoter
NULL	923	2024-10-31	8	5	10	Passive
NULL	923	2025-01-31	9	8	10	Promoter
NULL	923	2025-04-30	10	8	10	Promoter
NULL	923	2025-10-31	10	8	10	Promoter
NULL	923	2026-01-31	10	10	NULL	Promoter
NULL	923	2026-04-30	8	9	9	Detractor
NULL	923	2026-07-31	10	10	4	Promoter
NULL	924	2025-01-31	9	7	7	Promoter
NULL	925	2025-01-31	3	1	1	Passive
NULL	925	2025-04-30	6	4	NULL	Passive
NULL	925	2025-07-31	4	6	8	Detractor
NULL	925	2025-10-31	8	4	3	Promoter
NULL	925	2026-01-31	4	4	2	Detractor
NULL	925	2026-04-30	5	7	9	Detractor
NULL	926	2024-01-31	5	6	1	Promoter
NULL	926	07/31/2024	1	NULL	4	Detractor
NULL	926	2024-10-31	5	6	4	Detractor
NULL	926	2025-01-31	5	3	3	Passive
NULL	926	2025-04-30	4	4	2	Detractor
NULL	926	2025-10-31	5	5	6	Detractor
NULL	926	2026-01-31	5	2	1	Detractor
NULL	926	2026-04-30	4	2	2	Passive
NULL	927	2024-01-31	7	9	10	Passive
NULL	927	2024-04-30	10	5	8	Passive
NULL	927	2024-10-31	10	10	7	Promoter
NULL	927	2025-01-31	10	10	4	Promoter
NULL	927	2025-04-30	7	8	10	Passive
NULL	927	2025-07-31	10	6	10	Promoter
NULL	927	2025-10-31	9	6	7	Promoter
NULL	927	2026-01-31	9	9	3	Passive
NULL	927	2026-07-31	10	10	9	Promoter
NULL	928	2024-01-31	1	1	5	Detractor
NULL	928	2024-04-30	2	2	7	Detractor
NULL	928	2024-10-31	3	2	1	Passive
NULL	928	2025-01-31	1	1	1	Detractor
NULL	928	2025-04-30	1	5	1	Detractor
NULL	928	2025-07-31	4	4	1	Detractor
NULL	928	10/31/2025	4	2	1	Detractor
NULL	928	2026-04-30	2	3	1	Detractor
NULL	929	2024-01-31	10	8	9	Passive
NULL	929	2024-04-30	9	5	10	Promoter
NULL	929	2024-07-31	10	10	10	Passive
NULL	929	2025-04-30	9	9	8	Promoter
NULL	929	2025-07-31	10	5	8	Promoter
NULL	929	2025-10-31	10	10	5	Promoter
NULL	929	2026-01-31	6	10	5	Passive
NULL	930	2025-10-31	4	5	NULL	Detractor
NULL	930	2026-04-30	3	2	4	Detractor
NULL	930	2026-07-31	6	6	4	Detractor
NULL	931	2025-07-31	3	NULL	5	Detractor
NULL	931	2025-10-31	4	4	5	Detractor
NULL	931	2026-01-31	4	1	1	Detractor
NULL	931	2026-04-30	2	2	5	Detractor
NULL	931	2026-07-31	4	5	8	Passive
NULL	932	2026-04-30	5	9	1	Passive
NULL	933	2024-01-31	9	5	6	Passive
NULL	933	2024-07-31	6	10	9	Detractor
NULL	933	2024-10-31	5	9	3	Detractor
NULL	933	2025-01-31	8	5	3	Promoter
NULL	933	2025-04-30	7	4	6	Promoter
NULL	933	2025-10-31	8	7	1	Passive
NULL	933	2026-01-31	5	10	5	Promoter
NULL	933	2026-07-31	9	NULL	6	Promoter
NULL	934	2024-10-31	4	7	5	Detractor
NULL	934	2025-01-31	3	5	3	Detractor
NULL	934	2025-04-30	5	7	3	Detractor
NULL	934	2025-07-31	3	4	3	Detractor
NULL	934	2025-10-31	8	7	1	Detractor
NULL	934	2026-01-31	4	8	1	Detractor
NULL	934	2026-04-30	6	6	5	Passive
NULL	935	2025-10-31	1	1	1	Detractor
NULL	935	2026-01-31	4	2	5	Detractor
NULL	935	2026-04-30	5	3	1	Detractor
NULL	935	2026-07-31	4	2	6	Detractor
NULL	936	2025-07-31	10	5	3	Passive
NULL	936	2025-10-31	4	10	5	Passive
NULL	936	2026-04-30	7	4	1	Passive
NULL	937	2024-10-31	1	1	2	Detractor
NULL	937	2025-01-31	1	1	1	Promoter
NULL	937	2025-04-30	1	1	1	Passive
NULL	937	2025-10-31	1	3	3	Passive
NULL	937	2026-04-30	3	2	3	Passive
NULL	937	2026-07-31	2	5	3	Detractor
NULL	938	2025-07-31	8	5	7	Passive
NULL	938	2026-01-31	8	6	3	Passive
NULL	938	2026-04-30	9	NULL	4	Passive
NULL	938	2026-07-31	2	9	4	Detractor
NULL	939	2024-04-30	8	10	3	Passive
NULL	939	2024-07-31	7	5	6	Detractor
NULL	939	2024-10-31	9	NULL	10	Promoter
NULL	939	2025-01-31	6	10	9	Promoter
NULL	939	2025-07-31	6	6	9	Detractor
NULL	939	2025-10-31	7	9	6	Promoter
NULL	939	2026-01-31	7	6	4	Passive
NULL	939	2026-04-30	10	4	5	Promoter
NULL	940	2025-07-31	9	7	10	Promoter
NULL	940	2025-10-31	4	7	5	Detractor
NULL	940	2026-01-31	8	4	7	Promoter
NULL	940	2026-04-30	6	NULL	6	Passive
NULL	940	2026-07-31	5	6	4	Passive
NULL	941	2025-01-31	7	8	5	Passive
NULL	941	2025-04-30	8	NULL	6	Detractor
NULL	941	2025-10-31	8	6	5	Passive
NULL	941	2026-01-31	10	10	7	Promoter
NULL	941	2026-07-31	10	7	5	Promoter
NULL	942	2024-04-30	8	6	9	Passive
NULL	942	2024-07-31	7	5	2	Passive
NULL	942	2025-04-30	10	3	2	Promoter
NULL	942	2025-10-31	8	6	5	Passive
NULL	942	2026-04-30	7	9	9	Passive
NULL	943	2024-01-31	7	6	10	Promoter
NULL	943	2024-04-30	4	4	4	Passive
NULL	943	2024-10-31	8	5	5	Detractor
NULL	943	2025-04-30	5	1	6	Passive
NULL	943	2025-07-31	7	8	7	Passive
NULL	943	2025-10-31	7	4	4	Passive
NULL	943	2026-01-31	4	6	5	Detractor
NULL	943	2026-07-31	6	1	8	Passive
NULL	944	2025-10-31	10	7	8	Promoter
NULL	944	2026-04-30	10	7	9	Promoter
NULL	944	2026-07-31	8	8	5	Promoter
NULL	945	2026-01-31	4	3	4	Detractor
NULL	945	04/30/2026	3	3	5	Detractor
NULL	946	2024-04-30	3	8	6	Detractor
NULL	946	2025-01-31	9	4	7	Promoter
NULL	946	2025-04-30	8	7	6	Detractor
NULL	946	2025-10-31	9	4	4	Promoter
NULL	946	2026-01-31	9	4	5	Promoter
NULL	946	2026-04-30	7	2	10	Detractor
NULL	946	2026-07-31	6	6	6	Passive
NULL	947	2025-04-30	2	1	1	Detractor
NULL	947	2025-07-31	2	1	2	Promoter
NULL	947	2025-10-31	1	1	7	Detractor
NULL	947	2026-01-31	2	3	1	Detractor
NULL	947	2026-04-30	2	4	1	Detractor
NULL	947	2026-07-31	1	2	3	Passive
NULL	948	2024-01-31	2	4	3	Passive
NULL	948	2024-04-30	7	7	5	Passive
NULL	948	2024-07-31	8	3	4	Detractor
NULL	948	2024-10-31	7	3	2	Passive
NULL	948	2025-01-31	9	5	7	Promoter
NULL	948	2025-04-30	5	6	5	Passive
NULL	948	2025-10-31	7	5	4	Passive
NULL	948	2026-04-30	6	5	3	Detractor
NULL	948	2026-07-31	4	8	5	Detractor
NULL	949	2024-01-31	6	1	1	Detractor
NULL	949	2024-04-30	3	2	2	Detractor
NULL	949	2024-07-31	3	1	3	Detractor
NULL	949	2025-01-31	2	1	4	Detractor
NULL	949	2025-07-31	4	1	5	Detractor
NULL	949	2025-10-31	3	2	3	Detractor
NULL	949	2026-01-31	4	2	1	Promoter
NULL	949	2026-04-30	3	1	2	Detractor
NULL	949	2026-07-31	4	3	1	Detractor
NULL	950	2026-04-30	6	5	1	Detractor
NULL	950	2026-07-31	7	2	5	Passive
NULL	951	2024-10-31	9	6	3	Promoter
NULL	951	2025-01-31	3	6	8	Detractor
NULL	951	2025-04-30	2	2	1	Passive
NULL	951	2025-10-31	5	6	1	Detractor
NULL	951	2026-01-31	5	6	2	Detractor
NULL	951	2026-04-30	6	NULL	1	Detractor
NULL	952	2024-01-31	7	5	1	Passive
NULL	952	2024-04-30	5	9	1	Detractor
NULL	952	2024-07-31	4	5	7	Detractor
NULL	952	2024-10-31	6	5	4	Passive
NULL	952	2025-01-31	6	9	3	Detractor
NULL	952	2025-04-30	7	3	7	Promoter
NULL	952	2025-07-31	6	3	8	Detractor
NULL	952	2025-10-31	2	3	5	Detractor
NULL	952	2026-01-31	7	5	4	Promoter
NULL	953	2024-01-31	2	7	1	Detractor
NULL	953	2024-04-30	2	2	3	Detractor
NULL	953	2024-07-31	3	5	2	Detractor
NULL	953	2024-10-31	1	3	4	Detractor
NULL	953	2025-01-31	2	3	5	Detractor
NULL	953	2025-04-30	3	4	4	Detractor
NULL	953	2025-07-31	5	2	4	Detractor
NULL	953	2025-10-31	4	1	6	Promoter
NULL	953	2026-01-31	4	3	1	Detractor
NULL	953	2026-04-30	4	1	2	Passive
NULL	953	2026-07-31	5	4	1	Passive
NULL	954	2024-01-31	1	6	5	Promoter
NULL	954	2024-07-31	1	3	4	Passive
NULL	954	2024-10-31	3	5	2	Detractor
NULL	954	2025-01-31	3	6	6	Detractor
NULL	954	2025-04-30	6	2	4	Passive
NULL	954	2025-10-31	4	1	1	Passive
NULL	954	2026-01-31	2	6	4	Detractor
NULL	954	2026-04-30	1	6	3	Passive
NULL	954	2026-07-31	5	1	3	Detractor
NULL	955	2024-04-30	7	5	1	Passive
NULL	955	2024-07-31	4	4	6	Detractor
NULL	955	2024-10-31	8	3	9	Detractor
NULL	955	2025-01-31	6	5	5	Passive
NULL	955	2025-04-30	5	7	6	Detractor
NULL	955	2025-07-31	8	5	10	Promoter
NULL	955	2025-10-31	7	4	5	Detractor
NULL	955	2026-01-31	7	6	4	Passive
NULL	955	2026-04-30	7	5	8	Promoter
NULL	956	2024-01-31	10	9	2	Promoter
NULL	956	04/30/2024	8	9	8	Passive
NULL	956	2024-07-31	8	10	10	Promoter
NULL	956	2024-10-31	10	10	10	Promoter
NULL	956	2025-01-31	9	7	7	Promoter
NULL	956	2025-07-31	10	9	8	Promoter
NULL	956	2025-10-31	10	6	6	Promoter
NULL	956	01/31/2026	10	10	3	Promoter
NULL	956	2026-04-30	10	9	9	Passive
NULL	956	2026-07-31	8	8	5	Passive
NULL	957	2024-04-30	7	NULL	5	Passive
NULL	957	2024-07-31	5	4	5	Detractor
NULL	957	2025-04-30	6	4	3	Detractor
NULL	957	2025-07-31	6	5	4	Detractor
NULL	957	2025-10-31	3	6	5	Detractor
NULL	957	2026-07-31	5	10	3	Detractor
NULL	958	2025-01-31	1	1	1	Passive
NULL	959	2026-07-31	5	7	3	Detractor
NULL	960	2024-01-31	5	6	6	Passive
NULL	960	2024-04-30	7	7	6	Passive
NULL	960	2024-10-31	5	NULL	3	Detractor
NULL	960	2025-01-31	7	9	7	Promoter
NULL	960	2025-10-31	6	3	7	Passive
NULL	960	2026-04-30	7	6	NULL	Promoter
NULL	960	2026-07-31	8	4	6	Passive
NULL	961	2025-07-31	9	4	8	Promoter
NULL	961	2026-04-30	5	4	NULL	Passive
NULL	962	01/31/2024	1	2	1	Detractor
NULL	962	2024-04-30	2	5	3	Promoter
NULL	962	2024-07-31	1	1	3	Detractor
NULL	962	2024-10-31	2	1	4	Promoter
NULL	962	2025-01-31	2	5	1	Detractor
NULL	962	2025-04-30	1	1	1	Detractor
NULL	962	2025-10-31	3	1	6	Detractor
NULL	962	2026-01-31	2	1	1	Detractor
NULL	964	2026-01-31	5	5	10	Promoter
NULL	964	2026-07-31	7	2	1	Passive
NULL	965	2024-01-31	8	5	10	Promoter
NULL	965	2024-04-30	5	6	4	Passive
NULL	965	07/31/2024	6	5	3	Detractor
NULL	965	2025-01-31	8	1	7	Promoter
NULL	965	2025-04-30	4	6	10	Detractor
NULL	965	2025-10-31	5	9	4	Passive
NULL	965	2026-04-30	5	6	NULL	Detractor
NULL	965	2026-07-31	8	6	7	Passive
NULL	966	2024-04-30	10	7	5	Passive
NULL	966	2025-01-31	5	7	6	Promoter
NULL	966	2025-04-30	5	6	4	Passive
NULL	966	2025-10-31	9	4	7	Promoter
NULL	966	2026-04-30	5	5	NULL	Detractor
NULL	966	2026-07-31	10	6	7	Promoter
NULL	967	2024-07-31	8	2	1	Passive
NULL	967	10/31/2024	9	3	NULL	Passive
NULL	967	2025-01-31	9	5	8	Promoter
NULL	967	07/31/2025	9	10	10	Promoter
NULL	967	2025-10-31	9	4	7	Promoter
NULL	967	2026-01-31	10	9	10	Promoter
NULL	967	2026-04-30	4	4	7	Detractor
NULL	968	2024-07-31	8	4	3	Promoter
NULL	968	2025-07-31	6	9	3	Detractor
NULL	968	2026-01-31	4	9	5	Passive
NULL	968	2026-04-30	7	6	2	Passive
NULL	968	2026-07-31	7	2	1	Promoter
NULL	969	2025-07-31	9	8	9	Promoter
NULL	969	2025-10-31	8	10	10	Promoter
NULL	969	2026-01-31	9	6	6	Promoter
NULL	969	2026-07-31	10	7	8	Promoter
NULL	970	2024-07-31	5	6	2	Detractor
NULL	970	2024-10-31	4	1	5	Detractor
NULL	970	2025-01-31	3	3	1	Detractor
NULL	970	2025-04-30	2	1	3	Promoter
NULL	970	2025-07-31	4	7	1	Detractor
NULL	970	2025-10-31	6	NULL	8	Detractor
NULL	970	2026-01-31	6	2	4	Detractor
NULL	970	2026-04-30	5	3	5	Detractor
NULL	970	2026-07-31	4	2	4	Detractor
NULL	971	2024-01-31	5	3	1	Detractor
NULL	971	2024-07-31	6	10	1	Detractor
NULL	971	2024-10-31	4	10	8	Passive
NULL	971	2025-01-31	3	6	4	Detractor
NULL	971	2025-04-30	7	9	7	Promoter
NULL	971	2025-07-31	8	3	6	Promoter
NULL	971	2025-10-31	2	1	7	Passive
NULL	971	2026-04-30	8	6	5	Promoter
NULL	971	2026-07-31	3	6	6	Detractor
NULL	974	10/31/2025	8	3	8	Passive
NULL	974	2026-01-31	5	5	5	Passive
NULL	974	2026-04-30	6	8	1	Detractor
NULL	974	2026-07-31	7	7	9	Promoter
NULL	975	2025-04-30	10	2	4	Promoter
NULL	975	2025-07-31	9	3	5	Promoter
NULL	975	2026-01-31	10	5	8	Promoter
NULL	975	2026-04-30	6	7	NULL	Detractor
NULL	975	2026-07-31	7	7	7	Passive
NULL	976	2024-10-31	5	1	5	Detractor
NULL	976	2025-07-31	4	3	2	Detractor
NULL	976	2026-01-31	6	1	6	Passive
NULL	976	2026-04-30	7	7	8	Detractor
NULL	976	07/31/2026	2	5	1	Detractor
NULL	977	2024-01-31	3	1	4	Detractor
NULL	977	2024-04-30	4	4	5	Detractor
NULL	977	2024-07-31	1	4	NULL	Detractor
NULL	977	2024-10-31	1	2	4	Passive
NULL	977	2025-01-31	1	1	2	Detractor
NULL	977	2025-07-31	2	5	1	Passive
NULL	977	01/31/2026	5	3	1	Passive
NULL	977	2026-04-30	4	4	10	Passive
NULL	979	2024-04-30	2	4	3	Passive
NULL	979	2024-07-31	4	5	1	Passive
NULL	979	2025-07-31	2	3	NULL	Passive
NULL	979	2025-10-31	2	1	2	Detractor
NULL	979	2026-04-30	5	6	5	Detractor
NULL	979	2026-07-31	1	4	4	Detractor
NULL	980	2024-07-31	6	6	2	Detractor
NULL	980	2024-10-31	5	7	2	Detractor
NULL	980	2025-04-30	3	5	1	Promoter
NULL	981	2026-04-30	4	5	6	Detractor
NULL	981	2026-07-31	7	5	7	Passive
NULL	982	2025-04-30	9	8	4	Promoter
NULL	982	2025-10-31	8	10	9	Promoter
NULL	982	2026-01-31	8	9	5	Passive
NULL	982	2026-04-30	9	10	3	Promoter
NULL	982	2026-07-31	7	10	6	Passive
NULL	984	2025-01-31	4	3	5	Passive
NULL	984	2025-04-30	5	4	7	Detractor
NULL	984	2025-07-31	7	1	5	Passive
NULL	984	2026-01-31	6	4	8	Detractor
NULL	984	2026-04-30	2	2	5	Passive
NULL	984	2026-07-31	7	2	4	Passive
NULL	985	2026-07-31	5	7	2	Detractor
NULL	986	2024-01-31	5	5	5	Detractor
NULL	986	2024-04-30	8	6	5	Promoter
NULL	986	2024-07-31	7	9	6	Promoter
NULL	986	2024-10-31	6	8	6	Detractor
NULL	986	2025-04-30	8	7	3	Passive
NULL	986	2025-07-31	9	9	8	Promoter
NULL	986	2025-10-31	3	8	7	Detractor
NULL	986	2026-01-31	5	9	8	Promoter
NULL	986	2026-07-31	4	8	3	Detractor
NULL	987	2024-07-31	3	1	4	Detractor
NULL	987	2024-10-31	1	7	5	Passive
NULL	987	2025-01-31	5	1	2	Passive
NULL	987	2025-04-30	4	6	2	Passive
NULL	987	2025-07-31	4	2	7	Detractor
NULL	987	2025-10-31	6	3	5	Detractor
NULL	987	2026-01-31	7	4	7	Passive
NULL	987	2026-07-31	4	6	2	Detractor
NULL	988	2024-01-31	9	2	5	Promoter
NULL	988	2024-07-31	9	5	8	Promoter
NULL	988	2024-10-31	6	7	2	Passive
NULL	988	2025-01-31	5	1	1	Detractor
NULL	988	2025-04-30	6	6	6	Detractor
NULL	988	2025-07-31	7	8	1	Passive
NULL	988	2025-10-31	5	7	4	Detractor
NULL	988	2026-01-31	8	5	3	Promoter
NULL	988	2026-04-30	4	3	3	Detractor
NULL	988	2026-07-31	6	8	6	Detractor
NULL	989	2024-04-30	1	1	2	Detractor
NULL	989	2024-07-31	1	1	NULL	Passive
NULL	989	2024-10-31	3	2	4	Passive
NULL	989	2025-01-31	1	2	1	Passive
NULL	989	2025-07-31	2	4	3	Passive
NULL	989	2025-10-31	1	3	1	Detractor
NULL	989	2026-01-31	1	1	4	Detractor
NULL	990	2024-01-31	7	5	4	Passive
NULL	991	2025-04-30	7	6	1	Passive
NULL	991	2025-07-31	10	9	6	Promoter
NULL	991	2025-10-31	7	7	NULL	Promoter
NULL	991	2026-01-31	10	6	6	Promoter
NULL	991	2026-07-31	10	8	10	Passive
NULL	992	2024-07-31	10	8	6	Passive
NULL	992	2025-01-31	8	4	9	Passive
NULL	992	2025-04-30	10	8	4	Promoter
NULL	992	2025-10-31	9	8	10	Promoter
NULL	992	2026-07-31	8	8	5	Passive
NULL	993	2024-01-31	4	6	4	Passive
NULL	993	2024-04-30	3	3	3	Detractor
NULL	993	2025-07-31	5	4	3	Detractor
NULL	993	2025-10-31	7	6	1	Promoter
NULL	993	2026-01-31	5	7	4	Detractor
NULL	993	2026-07-31	8	5	7	Passive
NULL	994	2024-04-30	9	3	6	Promoter
NULL	994	2024-07-31	3	7	9	Detractor
NULL	994	2025-01-31	5	8	9	Detractor
NULL	994	2025-10-31	8	5	10	Passive
NULL	994	2026-01-31	7	9	8	Detractor
NULL	994	2026-04-30	7	6	9	Passive
NULL	994	2026-07-31	9	5	4	Promoter
NULL	995	2024-07-31	5	5	4	Detractor
NULL	995	2024-10-31	5	6	1	Detractor
NULL	996	2024-01-31	9	9	7	Promoter
NULL	996	2024-10-31	10	9	10	Promoter
NULL	996	2025-01-31	10	10	NULL	Promoter
NULL	996	2025-10-31	10	8	10	Promoter
NULL	996	2026-04-30	10	4	8	Promoter
NULL	996	2026-07-31	8	10	10	Detractor
NULL	997	2024-04-30	3	5	3	Detractor
NULL	997	2024-10-31	5	3	5	Passive
NULL	997	2025-01-31	4	1	2	Detractor
NULL	997	2025-04-30	7	4	3	Detractor
NULL	997	2025-10-31	6	4	4	Detractor
NULL	997	2026-01-31	5	1	5	Passive
NULL	997	2026-04-30	2	5	1	Detractor
NULL	998	2024-01-31	9	8	9	Promoter
NULL	998	2024-10-31	10	7	10	Promoter
NULL	998	2025-01-31	9	8	9	Promoter
NULL	998	2025-04-30	8	10	8	Promoter
NULL	998	2025-10-31	10	6	7	Promoter
NULL	998	2026-07-31	8	9	10	Detractor
NULL	999	2024-04-30	8	10	5	Promoter
NULL	999	2024-07-31	7	7	4	Passive
NULL	999	2024-10-31	5	6	3	Detractor
NULL	999	2025-04-30	6	3	8	Passive
NULL	999	2026-01-31	4	2	5	Detractor
NULL	999	2026-04-30	8	7	7	Passive
NULL	999	2026-07-31	6	7	7	Detractor
NULL	1000	2026-01-31	10	5	9	Promoter
NULL	1000	2026-04-30	10	6	10	Promoter
NULL	1001	2024-07-31	4	4	6	Detractor
NULL	1001	2024-10-31	6	4	4	Detractor
NULL	1001	2025-04-30	6	7	7	Passive
NULL	1001	2025-07-31	6	4	9	Detractor
NULL	1001	2025-10-31	5	4	8	Detractor
NULL	1001	2026-01-31	6	9	3	Detractor
NULL	1001	2026-04-30	7	5	3	Promoter
NULL	1002	2024-01-31	5	5	1	Detractor
NULL	1002	2024-04-30	4	7	8	Passive
NULL	1002	2024-07-31	5	10	4	Detractor
NULL	1002	2024-10-31	5	8	8	Passive
NULL	1002	2025-01-31	7	3	7	Promoter
NULL	1002	2025-04-30	9	4	3	Promoter
NULL	1002	2025-10-31	7	4	4	Passive
NULL	1002	2026-01-31	8	7	6	Passive
NULL	1002	2026-04-30	9	3	1	Promoter
NULL	1002	2026-07-31	6	2	NULL	Detractor
NULL	1003	2025-01-31	10	9	10	Promoter
NULL	1003	2025-07-31	3	10	6	Detractor
NULL	1003	2025-10-31	10	6	10	Promoter
NULL	1003	2026-01-31	9	9	5	Passive
NULL	1003	2026-07-31	10	8	7	Promoter
NULL	1004	2024-01-31	8	4	4	Promoter
NULL	1004	2024-10-31	4	3	3	Passive
NULL	1004	2025-01-31	3	3	3	Detractor
NULL	1004	2025-10-31	3	4	2	Detractor
NULL	1004	2026-04-30	2	7	3	Detractor
NULL	1004	2026-07-31	4	4	7	Detractor
NULL	1005	2025-01-31	8	8	10	Passive
NULL	1005	2025-04-30	9	9	10	Promoter
NULL	1005	2025-07-31	10	9	5	Promoter
NULL	1005	2025-10-31	8	10	9	Passive
NULL	1005	2026-01-31	10	10	6	Promoter
NULL	1005	2026-04-30	8	10	5	Passive
NULL	1006	2024-01-31	3	5	2	Passive
NULL	1006	2024-07-31	4	3	3	Detractor
NULL	1006	2024-10-31	4	NULL	1	Detractor
NULL	1006	2025-01-31	3	10	7	Detractor
NULL	1006	2025-07-31	2	3	3	Detractor
NULL	1006	2025-10-31	3	1	1	Detractor
NULL	1006	2026-01-31	5	4	1	Detractor
NULL	1006	2026-04-30	5	1	3	Detractor
NULL	1006	2026-07-31	3	2	4	Passive
NULL	1007	2024-01-31	4	5	3	Detractor
NULL	1007	2024-04-30	5	NULL	6	Detractor
NULL	1007	2024-07-31	10	2	7	Passive
NULL	1007	2024-10-31	8	8	7	Promoter
NULL	1007	2025-01-31	8	7	5	Promoter
NULL	1007	2025-04-30	6	7	8	Detractor
NULL	1007	2025-07-31	7	8	8	Passive
NULL	1007	2025-10-31	7	10	10	Promoter
NULL	1007	2026-01-31	5	4	5	Detractor
NULL	1007	2026-04-30	7	6	4	Detractor
NULL	1007	2026-07-31	8	5	3	Detractor
NULL	1008	2024-10-31	4	2	5	Detractor
NULL	1008	2025-01-31	6	2	4	Passive
NULL	1008	2025-04-30	8	7	4	Passive
NULL	1008	2025-07-31	5	7	1	Promoter
NULL	1008	2025-10-31	10	5	5	Promoter
NULL	1008	2026-01-31	5	9	5	Promoter
NULL	1008	2026-04-30	7	6	7	Passive
NULL	1008	2026-07-31	8	10	8	Detractor
NULL	1009	2024-01-31	6	4	5	Detractor
NULL	1009	2024-07-31	7	2	4	Passive
NULL	1009	2024-10-31	1	7	3	Passive
NULL	1009	2025-01-31	4	6	3	Passive
NULL	1009	2025-04-30	10	6	2	Detractor
NULL	1009	2026-01-31	5	8	3	Detractor
NULL	1009	2026-07-31	3	4	4	Detractor
NULL	1011	2026-01-31	5	10	5	Detractor
NULL	1011	2026-04-30	7	6	2	Passive
NULL	1011	2026-07-31	3	6	2	Passive
NULL	1012	2024-10-31	7	8	6	Promoter
NULL	1012	2025-01-31	10	5	4	Passive
NULL	1012	2025-10-31	6	8	4	Passive
NULL	1012	2026-01-31	6	6	6	Detractor
NULL	1012	2026-04-30	4	7	7	Passive
NULL	1012	2026-07-31	9	8	8	Detractor
NULL	1013	2025-07-31	10	7	5	Passive
NULL	1013	2026-01-31	10	9	10	Promoter
NULL	1013	2026-04-30	8	8	7	Passive
NULL	1013	2026-07-31	9	8	6	Promoter
NULL	1014	2024-04-30	10	9	9	Promoter
NULL	1014	2024-07-31	10	10	2	Promoter
NULL	1014	2024-10-31	8	8	NULL	Promoter
NULL	1014	2025-01-31	10	7	8	Promoter
NULL	1014	2025-04-30	10	8	7	Promoter
NULL	1014	2026-04-30	6	9	8	Detractor
NULL	1015	2026-04-30	7	4	5	Passive
NULL	1015	2026-07-31	5	4	6	Detractor
NULL	1016	2024-07-31	7	10	9	Passive
NULL	1016	2025-01-31	8	9	7	Passive
NULL	1016	2025-04-30	9	4	4	Promoter
NULL	1016	2025-07-31	7	10	10	Detractor
NULL	1016	2025-10-31	7	3	6	Passive
NULL	1016	2026-01-31	10	6	2	Promoter
NULL	1016	2026-04-30	7	8	6	Promoter
NULL	1016	2026-07-31	7	6	8	Promoter
NULL	1017	2024-04-30	1	2	1	Detractor
NULL	1017	2024-07-31	1	2	1	Passive
NULL	1017	2024-10-31	1	6	2	Passive
NULL	1017	2025-01-31	1	1	4	Passive
NULL	1017	2025-04-30	1	1	8	Detractor
NULL	1017	2025-07-31	1	2	3	Detractor
NULL	1017	2025-10-31	2	1	1	Passive
NULL	1017	2026-01-31	1	3	1	Detractor
NULL	1017	2026-07-31	3	4	3	Passive
NULL	1018	2024-01-31	5	3	4	Detractor
NULL	1018	2024-07-31	6	5	6	Detractor
NULL	1018	2026-04-30	7	8	2	Promoter
NULL	1018	2026-07-31	6	10	3	Detractor
NULL	1019	2024-10-31	9	9	9	Passive
NULL	1019	2025-01-31	9	7	5	Promoter
NULL	1019	2025-04-30	9	8	1	Promoter
NULL	1019	2025-07-31	5	10	NULL	Detractor
NULL	1019	2026-01-31	5	9	8	Passive
NULL	1019	2026-04-30	7	9	9	Promoter
NULL	1019	2026-07-31	10	5	1	Promoter
NULL	1020	2024-01-31	1	6	8	Detractor
NULL	1020	2024-04-30	4	3	5	Passive
NULL	1020	2024-07-31	1	5	1	Detractor
NULL	1020	2024-10-31	1	1	1	Passive
NULL	1020	2025-01-31	4	2	3	Passive
NULL	1020	2025-07-31	3	4	6	Passive
NULL	1020	2025-10-31	5	1	7	Detractor
NULL	1020	2026-01-31	6	4	3	Detractor
NULL	1020	2026-07-31	9	1	1	Promoter
NULL	1021	2025-07-31	10	6	5	Promoter
NULL	1021	2025-10-31	8	4	4	Promoter
NULL	1021	2026-07-31	6	7	7	Detractor
NULL	1022	07/31/2025	10	7	7	Promoter
NULL	1022	2026-01-31	10	7	9	Promoter
NULL	1022	2026-04-30	8	8	6	Promoter
NULL	1023	2024-10-31	4	7	6	Detractor
NULL	1023	2025-01-31	8	6	8	Detractor
NULL	1023	2025-04-30	5	6	3	Detractor
NULL	1023	2025-10-31	7	4	5	Passive
NULL	1023	2026-04-30	9	10	7	Promoter
NULL	1023	07/31/2026	5	4	7	Detractor
NULL	1024	2026-04-30	7	7	7	Promoter
NULL	1024	2026-07-31	5	6	3	Detractor
NULL	1025	2025-10-31	5	6	8	Passive
NULL	1025	2026-01-31	3	8	5	Passive
NULL	1025	2026-04-30	5	NULL	4	Passive
NULL	1026	2024-04-30	2	5	7	Detractor
NULL	1026	2024-07-31	7	8	NULL	Passive
NULL	1026	2024-10-31	10	7	2	Promoter
NULL	1026	01/31/2025	9	1	4	Promoter
NULL	1026	2025-04-30	7	5	9	Detractor
NULL	1026	2025-07-31	9	5	8	Promoter
NULL	1026	2025-10-31	6	7	6	Passive
NULL	1026	2026-04-30	7	3	4	Passive
NULL	1026	2026-07-31	4	8	7	Detractor
NULL	1027	2025-01-31	5	1	1	Detractor
NULL	1027	2025-04-30	5	4	7	Detractor
NULL	1027	2025-07-31	7	5	4	Passive
NULL	1028	2024-01-31	3	5	5	Passive
NULL	1028	2024-04-30	6	9	5	Passive
NULL	1028	2024-07-31	6	8	6	Passive
NULL	1028	2025-01-31	6	3	1	Detractor
NULL	1028	2025-04-30	6	5	3	Detractor
NULL	1028	2025-07-31	9	6	6	Promoter
NULL	1028	2025-10-31	4	7	4	Detractor
NULL	1028	2026-07-31	6	7	7	Passive
NULL	1029	2024-01-31	9	7	8	Passive
NULL	1029	2024-04-30	10	7	5	Promoter
NULL	1029	2024-07-31	6	9	10	Promoter
NULL	1029	2025-01-31	7	2	5	Passive
NULL	1029	2025-04-30	7	10	4	Passive
NULL	1029	2026-01-31	5	3	8	Promoter
NULL	1029	2026-07-31	6	8	5	Detractor
NULL	1030	2024-01-31	5	9	5	Passive
NULL	1030	2024-04-30	5	3	6	Detractor
NULL	1030	2024-07-31	5	4	6	Detractor
NULL	1030	2024-10-31	6	6	2	Detractor
NULL	1030	2025-01-31	4	5	5	Detractor
NULL	1030	2025-04-30	6	2	3	Detractor
NULL	1030	2026-04-30	7	3	5	Promoter
NULL	1030	2026-07-31	4	5	7	Detractor
NULL	1032	2026-07-31	5	6	8	Detractor
NULL	1033	2025-04-30	10	6	4	Passive
NULL	1033	2025-07-31	6	5	8	Detractor
NULL	1033	2025-10-31	10	2	6	Promoter
NULL	1033	2026-04-30	9	8	5	Passive
NULL	1033	2026-07-31	6	1	10	Detractor
NULL	1034	2026-01-31	9	6	9	Promoter
NULL	1034	2026-04-30	8	7	6	Passive
NULL	1034	2026-07-31	9	8	7	Promoter
NULL	1035	2024-01-31	9	7	6	Passive
NULL	1035	2024-07-31	6	4	6	Passive
NULL	1035	2025-01-31	4	8	6	Detractor
NULL	1035	2025-07-31	3	7	7	Passive
NULL	1035	2025-10-31	3	4	4	Promoter
NULL	1035	2026-04-30	6	5	7	Passive
NULL	1035	2026-07-31	6	7	4	Detractor
NULL	1036	2024-10-31	8	10	7	Passive
NULL	1036	2025-01-31	10	7	7	Promoter
NULL	1036	2025-07-31	7	9	7	Promoter
NULL	1036	2025-10-31	9	3	10	Promoter
NULL	1036	2026-01-31	9	10	8	Promoter
NULL	1036	2026-04-30	9	5	10	Promoter
NULL	1036	07/31/2026	8	7	7	Promoter
NULL	1037	2024-04-30	10	6	10	Promoter
NULL	1037	2025-01-31	9	10	10	Promoter
NULL	1037	2025-04-30	10	10	10	Promoter
NULL	1037	2025-07-31	9	7	8	Promoter
NULL	1037	2025-10-31	10	8	9	Promoter
NULL	1037	2026-01-31	10	NULL	4	Promoter
NULL	1037	2026-04-30	7	8	10	Detractor
NULL	1037	2026-07-31	10	10	7	Promoter
NULL	1038	2024-07-31	6	8	6	Detractor
NULL	1038	2024-10-31	6	4	7	Passive
NULL	1038	2025-01-31	7	10	7	Passive
NULL	1038	2025-07-31	10	9	7	Promoter
NULL	1038	01/31/2026	7	4	4	Promoter
NULL	1038	2026-04-30	7	9	7	Passive
NULL	1039	2024-01-31	6	6	5	Passive
NULL	1039	2024-04-30	8	5	4	Passive
NULL	1039	2024-07-31	1	3	5	Promoter
NULL	1039	2024-10-31	2	4	4	Promoter
NULL	1039	2025-01-31	4	1	4	Detractor
NULL	1039	2025-07-31	2	4	2	Detractor
NULL	1039	2026-01-31	6	4	2	Detractor
NULL	1039	2026-07-31	8	7	1	Promoter
NULL	1041	2024-01-31	7	3	1	Detractor
NULL	1041	2024-04-30	5	8	3	Detractor
NULL	1041	2024-07-31	5	9	5	Passive
NULL	1041	2024-10-31	8	5	2	Promoter
NULL	1041	2025-04-30	8	6	8	Passive
NULL	1041	2025-10-31	8	8	9	Passive
NULL	1041	2026-01-31	6	4	9	Passive
NULL	1041	2026-04-30	8	7	3	Passive
NULL	1041	2026-07-31	7	4	5	Promoter
NULL	1042	2024-04-30	1	3	1	Passive
NULL	1042	2024-07-31	4	1	4	Detractor
NULL	1042	2024-10-31	1	6	8	Passive
NULL	1042	2025-01-31	5	1	4	Promoter
NULL	1042	2026-04-30	4	1	1	Detractor
NULL	1043	2024-04-30	10	7	9	Passive
NULL	1043	2024-07-31	10	5	5	Passive
NULL	1043	2024-10-31	9	3	4	Promoter
NULL	1043	2025-07-31	9	9	4	Promoter
NULL	1043	2026-01-31	9	6	7	Promoter
NULL	1043	2026-07-31	9	10	8	Promoter
NULL	1044	2024-01-31	4	8	1	Detractor
NULL	1044	2024-07-31	1	2	1	Detractor
NULL	1044	2024-10-31	3	1	1	Passive
NULL	1044	2025-01-31	7	5	4	Promoter
NULL	1044	2025-04-30	5	3	6	Detractor
NULL	1044	2026-01-31	4	NULL	4	Detractor
NULL	1044	07/31/2026	7	1	6	Passive
NULL	1045	2024-01-31	8	8	5	Passive
NULL	1045	2024-04-30	6	6	3	Detractor
NULL	1045	2024-07-31	8	6	4	Detractor
NULL	1045	2024-10-31	7	6	7	Passive
NULL	1045	2025-01-31	7	7	9	Passive
NULL	1045	2025-04-30	7	NULL	3	Detractor
NULL	1045	2025-07-31	3	10	6	Detractor
NULL	1045	2025-10-31	7	5	4	Passive
NULL	1045	2026-01-31	10	8	5	Promoter
NULL	1045	2026-04-30	6	8	5	Detractor
NULL	1046	2024-01-31	2	5	6	Detractor
NULL	1046	2024-04-30	8	3	4	Promoter
NULL	1046	2024-07-31	8	3	4	Passive
NULL	1046	2025-01-31	7	5	6	Promoter
NULL	1046	2025-04-30	6	6	4	Detractor
NULL	1046	2025-07-31	8	2	4	Passive
NULL	1046	2025-10-31	5	3	7	Detractor
NULL	1046	2026-01-31	2	3	6	Detractor
NULL	1046	2026-04-30	8	6	6	Passive
NULL	1046	2026-07-31	6	8	3	Detractor
NULL	1047	2025-04-30	6	3	6	Passive
NULL	1047	2025-07-31	7	7	4	Passive
NULL	1047	2025-10-31	7	8	8	Promoter
NULL	1047	2026-04-30	4	10	3	Detractor
NULL	1047	2026-07-31	8	5	6	Passive
NULL	1048	2024-01-31	5	6	3	Detractor
NULL	1048	2024-04-30	2	1	3	Detractor
NULL	1048	2024-10-31	5	3	1	Passive
NULL	1048	2025-04-30	1	4	1	Detractor
NULL	1048	2025-07-31	3	3	1	Passive
NULL	1048	2025-10-31	3	4	1	Detractor
NULL	1048	2026-01-31	2	3	2	Detractor
NULL	1048	04/30/2026	4	1	8	Detractor
NULL	1048	2026-07-31	2	5	6	Detractor
NULL	1049	01/31/2024	8	5	3	Passive
NULL	1049	2024-04-30	5	5	6	Passive
NULL	1049	2024-07-31	2	5	6	Detractor
NULL	1049	2024-10-31	8	7	6	Promoter
NULL	1049	2025-04-30	5	7	1	Promoter
NULL	1049	2025-10-31	7	7	3	Detractor
NULL	1049	2026-07-31	7	3	1	Passive
NULL	1051	2025-10-31	1	1	1	Detractor
NULL	1051	2026-01-31	1	3	2	Detractor
NULL	1051	2026-04-30	3	1	7	Detractor
NULL	1051	07/31/2026	1	4	1	Passive
NULL	1052	10/31/2024	8	8	7	Detractor
NULL	1052	01/31/2025	10	9	8	Detractor
NULL	1052	2025-04-30	8	6	9	Detractor
NULL	1052	2025-07-31	10	2	9	Detractor
NULL	1052	2025-10-31	9	8	8	Promoter
NULL	1052	2026-01-31	10	10	8	Promoter
NULL	1052	2026-04-30	10	8	6	Passive
NULL	1052	2026-07-31	8	9	10	Detractor
NULL	1053	2025-07-31	6	7	1	Detractor
NULL	1053	2026-01-31	7	8	1	Passive
NULL	1053	2026-04-30	7	2	8	Passive
NULL	1054	2024-01-31	9	10	7	Promoter
NULL	1054	2024-07-31	7	4	7	Detractor
NULL	1054	2024-10-31	10	7	7	Detractor
NULL	1054	2025-01-31	10	9	9	Promoter
NULL	1054	2025-07-31	7	9	8	Promoter
NULL	1054	2026-04-30	10	7	7	Detractor
NULL	1054	2026-07-31	7	10	3	Passive
NULL	1055	2024-01-31	3	5	5	Detractor
NULL	1055	2024-07-31	7	9	5	Promoter
NULL	1055	2024-10-31	5	8	5	Detractor
NULL	1055	2025-01-31	6	8	8	Detractor
NULL	1055	2025-04-30	4	5	4	Detractor
NULL	1055	07/31/2025	5	6	3	Detractor
NULL	1055	2025-10-31	8	9	10	Promoter
NULL	1055	2026-01-31	9	6	7	Detractor
NULL	1055	2026-04-30	7	4	5	Passive
NULL	1056	2025-04-30	5	1	5	Detractor
NULL	1057	2024-07-31	10	10	9	Passive
NULL	1057	2024-10-31	10	3	10	Promoter
NULL	1057	2025-07-31	7	7	3	Promoter
NULL	1057	2025-10-31	6	5	4	Passive
NULL	1057	2026-01-31	8	9	10	Promoter
NULL	1057	2026-04-30	6	9	7	Passive
NULL	1057	2026-07-31	8	6	10	Passive
NULL	1059	2024-01-31	2	4	3	Detractor
NULL	1059	2024-04-30	1	1	1	Detractor
NULL	1059	2024-07-31	1	2	5	Detractor
NULL	1059	2024-10-31	3	2	1	Passive
NULL	1059	2025-01-31	1	1	2	Passive
NULL	1059	2025-04-30	3	1	1	Passive
NULL	1060	2024-01-31	1	6	3	Promoter
NULL	1060	2024-04-30	4	3	1	Detractor
NULL	1060	2024-10-31	6	5	3	Passive
NULL	1060	2025-01-31	3	5	8	Passive
NULL	1060	2025-04-30	4	5	1	Detractor
NULL	1060	2026-01-31	3	2	2	Promoter
NULL	1061	2024-01-31	7	6	6	Detractor
NULL	1061	2024-04-30	6	5	3	Detractor
NULL	1061	2024-07-31	7	10	10	Detractor
NULL	1061	2025-04-30	9	5	4	Promoter
NULL	1061	2025-07-31	5	9	6	Promoter
NULL	1061	10/31/2025	8	7	1	Passive
NULL	1061	2026-01-31	5	5	2	Detractor
NULL	1061	2026-07-31	7	4	5	Passive
NULL	3290	2026-01-31	2	9	5	Passive
NULL	3290	2026-04-30	3	4	6	Promoter
NULL	3290	2026-07-31	2	3	2	Passive
NULL	1062	2024-04-30	8	7	8	Promoter
NULL	1062	2024-07-31	8	6	7	Passive
NULL	1062	2024-10-31	9	9	7	Promoter
NULL	1062	2025-01-31	6	7	8	Detractor
NULL	1062	2025-04-30	8	4	4	Passive
NULL	1062	2025-07-31	7	2	4	Passive
NULL	1062	2025-10-31	10	4	9	Promoter
NULL	1062	2026-01-31	8	5	1	Promoter
NULL	1062	2026-04-30	9	4	1	Promoter
NULL	1063	2024-04-30	2	2	5	Passive
NULL	1063	2024-07-31	4	NULL	2	Detractor
NULL	1064	2024-07-31	5	6	7	Detractor
NULL	1064	2024-10-31	4	3	4	Detractor
NULL	1064	2025-04-30	4	5	4	Detractor
NULL	1064	2025-07-31	4	5	5	Detractor
NULL	1064	2026-01-31	4	6	3	Passive
NULL	1064	2026-07-31	7	6	6	Passive
NULL	1065	2026-01-31	8	9	5	Detractor
NULL	1065	2026-07-31	7	8	9	Passive
NULL	1066	2025-01-31	5	NULL	4	Detractor
NULL	1066	2025-07-31	3	4	3	Passive
NULL	1066	2025-10-31	6	6	5	Detractor
NULL	1066	2026-01-31	5	6	4	Detractor
NULL	1067	2026-04-30	8	6	5	Passive
NULL	1067	2026-07-31	4	1	4	Detractor
NULL	1068	2025-04-30	7	7	7	Detractor
NULL	1068	2025-07-31	6	8	8	Detractor
NULL	1068	2025-10-31	4	7	6	Detractor
NULL	1068	2026-01-31	8	5	3	Detractor
NULL	1068	2026-04-30	8	2	5	Promoter
NULL	1068	2026-07-31	6	7	2	Detractor
NULL	1069	2026-07-31	7	6	3	Passive
NULL	1070	2025-07-31	9	4	9	Promoter
NULL	1070	2025-10-31	5	4	5	Detractor
NULL	1070	2026-01-31	10	4	4	Promoter
NULL	1071	2025-07-31	2	1	4	Detractor
NULL	1071	2026-01-31	2	NULL	1	Detractor
NULL	1071	2026-07-31	7	4	6	Passive
NULL	1072	2024-01-31	9	8	4	Promoter
NULL	1072	2024-10-31	8	8	8	Promoter
NULL	1072	2025-01-31	10	7	6	Detractor
NULL	1072	2025-04-30	7	9	10	Passive
NULL	1072	2025-07-31	8	NULL	9	Passive
NULL	1072	2025-10-31	9	8	9	Promoter
NULL	1072	2026-01-31	9	7	7	Promoter
NULL	1072	2026-04-30	10	NULL	5	Promoter
NULL	1073	2024-04-30	4	3	6	Detractor
NULL	1073	2024-07-31	6	4	7	Detractor
NULL	1073	2024-10-31	6	7	1	Passive
NULL	1073	2025-04-30	8	5	3	Passive
NULL	1073	2025-10-31	6	8	10	Detractor
NULL	1073	2026-07-31	5	6	7	Detractor
NULL	1074	2024-07-31	4	4	3	Promoter
NULL	1074	2024-10-31	1	7	1	Detractor
NULL	1074	2025-01-31	7	4	1	Passive
NULL	1074	2025-04-30	5	6	7	Detractor
NULL	1074	2025-07-31	7	9	10	Passive
NULL	1074	2025-10-31	7	3	6	Passive
NULL	1074	2026-01-31	4	4	5	Detractor
NULL	1074	2026-07-31	5	4	9	Passive
NULL	1075	2026-01-31	5	1	1	Detractor
NULL	1075	2026-04-30	7	4	3	Passive
NULL	1075	2026-07-31	1	1	1	Detractor
NULL	1076	2024-04-30	10	5	7	Promoter
NULL	1076	2024-07-31	10	9	9	Promoter
NULL	1076	2024-10-31	10	7	9	Promoter
NULL	1076	2025-01-31	9	8	10	Promoter
NULL	1076	2025-04-30	10	3	5	Promoter
NULL	1076	2025-07-31	10	9	5	Promoter
NULL	1076	2025-10-31	10	9	7	Passive
NULL	1076	2026-04-30	8	10	6	Passive
NULL	1077	2025-10-31	4	9	2	Detractor
NULL	1077	2026-01-31	3	4	5	Promoter
NULL	1078	2024-01-31	10	9	5	Promoter
NULL	1078	2024-04-30	10	7	4	Promoter
NULL	1078	2024-10-31	7	8	10	Detractor
NULL	1078	2025-04-30	10	6	9	Promoter
NULL	1078	2025-07-31	7	2	5	Promoter
NULL	1078	2025-10-31	7	8	10	Passive
NULL	1078	2026-01-31	8	6	4	Passive
NULL	1079	2024-04-30	4	1	1	Detractor
NULL	1079	2024-07-31	4	2	6	Detractor
NULL	1079	2024-10-31	3	4	1	Detractor
NULL	1079	2025-04-30	3	5	2	Detractor
NULL	1079	2025-07-31	4	3	1	Detractor
NULL	1079	2025-10-31	3	4	6	Detractor
NULL	1079	2026-01-31	1	3	4	Detractor
NULL	1079	2026-07-31	3	1	1	Detractor
NULL	1080	2026-01-31	1	3	6	Detractor
NULL	1080	2026-04-30	4	7	6	Detractor
NULL	1080	2026-07-31	4	1	1	Detractor
NULL	1081	2025-10-31	1	3	1	Detractor
NULL	1081	2026-04-30	1	1	1	Detractor
NULL	1081	2026-07-31	2	1	3	Passive
NULL	1082	2024-01-31	4	9	2	Passive
NULL	1082	2024-07-31	6	6	1	Detractor
NULL	1082	2024-10-31	9	4	1	Detractor
NULL	1082	2025-04-30	9	7	6	Promoter
NULL	1082	2025-10-31	6	6	1	Detractor
NULL	1082	2026-04-30	6	8	7	Detractor
NULL	1083	2026-04-30	5	3	7	Passive
NULL	1084	2026-04-30	1	1	3	Detractor
NULL	1084	07/31/2026	1	1	1	Detractor
NULL	1085	2024-01-31	3	1	6	Detractor
NULL	1085	2024-04-30	9	2	3	Promoter
NULL	1085	2024-07-31	6	4	3	Detractor
NULL	1085	2024-10-31	6	6	7	Detractor
NULL	1085	2025-04-30	6	3	5	Passive
NULL	1085	2025-07-31	3	1	1	Detractor
NULL	1085	2025-10-31	3	4	10	Passive
NULL	1085	2026-01-31	3	6	7	Detractor
NULL	1085	2026-04-30	5	2	2	Detractor
NULL	1086	2024-01-31	4	5	2	Detractor
NULL	1086	04/30/2024	4	6	7	Detractor
NULL	1086	2024-10-31	6	1	7	Detractor
NULL	1086	2025-01-31	2	2	5	Detractor
NULL	1086	2025-07-31	6	7	4	Passive
NULL	1086	2026-04-30	7	1	6	Detractor
NULL	1087	2026-07-31	5	4	1	Detractor
NULL	1088	2024-04-30	6	8	3	Passive
NULL	1088	2024-07-31	7	6	4	Passive
NULL	1088	2024-10-31	7	5	7	Passive
NULL	1088	2025-01-31	5	4	4	Detractor
NULL	1088	2025-04-30	7	4	2	Detractor
NULL	1088	2025-07-31	4	4	1	Passive
NULL	1088	2025-10-31	7	8	3	Promoter
NULL	1088	2026-01-31	3	7	8	Detractor
NULL	1088	2026-04-30	6	4	8	Detractor
NULL	1089	2024-01-31	3	4	8	Passive
NULL	1089	2024-04-30	4	7	5	Detractor
NULL	1089	2024-10-31	6	3	3	Detractor
NULL	1089	2025-01-31	8	4	9	Passive
NULL	1089	2025-04-30	5	7	7	Passive
NULL	1089	2025-07-31	5	4	6	Passive
NULL	1089	2025-10-31	3	8	2	Detractor
NULL	1089	2026-01-31	3	6	5	Detractor
NULL	1089	2026-04-30	5	4	1	Passive
NULL	1089	07/31/2026	6	2	1	Detractor
NULL	1090	2024-01-31	3	3	2	Detractor
NULL	1090	2024-04-30	2	1	4	Passive
NULL	1090	2024-07-31	1	1	5	Promoter
NULL	1090	2024-10-31	3	1	2	Detractor
NULL	1090	2025-01-31	3	3	5	Detractor
NULL	1090	2025-04-30	2	2	3	Detractor
NULL	1090	2025-07-31	4	1	2	Detractor
NULL	1090	2025-10-31	4	4	1	Detractor
NULL	1090	2026-04-30	3	2	1	Detractor
NULL	1090	2026-07-31	4	1	1	Passive
NULL	1091	2024-10-31	8	2	5	Promoter
NULL	1091	2025-07-31	7	7	8	Passive
NULL	1091	2026-01-31	6	10	7	Detractor
NULL	1092	2024-07-31	4	7	NULL	Detractor
NULL	1092	2024-10-31	6	NULL	7	Passive
NULL	1092	2025-07-31	9	8	2	Promoter
NULL	1092	2025-10-31	7	5	10	Passive
NULL	1092	2026-07-31	7	10	7	Promoter
NULL	1093	2026-04-30	4	6	6	Detractor
NULL	1093	2026-07-31	8	3	4	Promoter
NULL	1095	2024-01-31	10	5	6	Promoter
NULL	1095	2024-07-31	5	3	8	Detractor
NULL	1095	2024-10-31	9	8	5	Promoter
NULL	1095	2025-04-30	6	5	6	Passive
NULL	1095	2025-07-31	5	7	6	Detractor
NULL	1095	2026-01-31	6	2	3	Detractor
NULL	1095	2026-04-30	9	5	8	Promoter
NULL	1095	2026-07-31	8	5	10	Passive
NULL	1096	2025-10-31	8	5	7	Promoter
NULL	1096	2026-01-31	10	7	9	Passive
NULL	1097	2024-01-31	5	6	5	Passive
NULL	1097	2024-04-30	7	5	4	Detractor
NULL	1097	2024-10-31	5	1	8	Detractor
NULL	1097	2025-01-31	5	2	10	Promoter
NULL	1097	2025-04-30	2	1	1	Passive
NULL	1097	2025-10-31	5	3	1	Detractor
NULL	1097	2026-01-31	4	3	4	Detractor
NULL	1097	2026-07-31	4	4	5	Detractor
NULL	1098	2024-10-31	7	10	6	Promoter
NULL	1098	2025-01-31	8	4	6	Passive
NULL	1098	2025-04-30	9	8	4	Promoter
NULL	1098	07/31/2025	6	6	5	Detractor
NULL	1098	2025-10-31	10	10	10	Promoter
NULL	1098	2026-01-31	6	5	9	Passive
NULL	1098	2026-04-30	6	4	6	Detractor
NULL	1098	2026-07-31	7	7	4	Passive
NULL	1099	2024-01-31	1	1	1	Passive
NULL	1099	2024-04-30	3	1	1	Detractor
NULL	1099	2024-10-31	3	4	NULL	Detractor
NULL	1099	01/31/2025	3	2	2	Detractor
NULL	1099	2025-04-30	5	3	2	Detractor
NULL	1099	2025-07-31	2	5	3	Detractor
NULL	1099	2025-10-31	1	1	3	Detractor
NULL	1099	2026-07-31	3	1	1	Detractor
NULL	1100	2024-01-31	7	6	5	Passive
NULL	1100	2024-04-30	10	9	3	Passive
NULL	1100	2024-07-31	10	4	1	Promoter
NULL	1100	2025-01-31	6	5	5	Detractor
NULL	1100	2025-04-30	8	6	3	Promoter
NULL	1100	2025-07-31	8	5	6	Passive
NULL	1100	2025-10-31	7	7	6	Passive
NULL	1100	2026-01-31	5	8	3	Detractor
NULL	1100	2026-04-30	10	4	8	Promoter
NULL	1100	2026-07-31	5	5	7	Detractor
NULL	1101	2024-01-31	1	4	2	Detractor
NULL	1101	2024-04-30	1	1	4	Detractor
NULL	1101	2024-07-31	1	4	5	Passive
NULL	1101	2024-10-31	3	2	2	Detractor
NULL	1101	01/31/2025	3	1	3	Detractor
NULL	1101	2025-04-30	2	3	2	Detractor
NULL	1102	04/30/2026	1	1	3	Promoter
NULL	1103	2024-10-31	7	6	1	Detractor
NULL	1103	2025-04-30	9	5	4	Promoter
NULL	1103	2026-01-31	4	9	5	Detractor
NULL	1103	2026-04-30	5	7	7	Promoter
NULL	1104	2024-04-30	3	6	8	Detractor
NULL	1104	2024-07-31	4	6	3	Detractor
NULL	1104	2024-10-31	5	5	2	Detractor
NULL	1104	2025-07-31	8	5	8	Promoter
NULL	1104	2025-10-31	9	5	4	Passive
NULL	1104	2026-01-31	5	6	1	Passive
NULL	1104	2026-07-31	1	3	4	Detractor
NULL	1105	2024-01-31	8	7	9	Promoter
NULL	1105	2024-07-31	7	9	10	Promoter
NULL	1105	2025-01-31	9	9	6	Promoter
NULL	1105	2025-07-31	8	10	8	Passive
NULL	1105	2025-10-31	5	5	8	Detractor
NULL	1105	2026-04-30	8	5	6	Passive
NULL	1105	2026-07-31	3	8	8	Detractor
NULL	1107	2024-10-31	6	8	4	Detractor
NULL	1107	2025-01-31	7	4	10	Promoter
NULL	1107	2025-04-30	3	6	3	Detractor
NULL	1107	2025-07-31	4	7	3	Detractor
NULL	1107	2026-01-31	9	6	2	Passive
NULL	1107	2026-04-30	7	5	4	Passive
NULL	1107	2026-07-31	3	2	5	Detractor
NULL	1108	2026-01-31	6	3	8	Detractor
NULL	1108	2026-04-30	7	3	6	Passive
NULL	1108	2026-07-31	7	4	6	Promoter
NULL	1109	2024-01-31	4	3	2	Detractor
NULL	1109	2024-04-30	4	5	5	Passive
NULL	1109	2024-10-31	3	1	4	Detractor
NULL	1109	2025-01-31	2	3	5	Detractor
NULL	1109	2025-07-31	2	2	4	Detractor
NULL	1109	2026-01-31	7	2	1	Detractor
NULL	1109	2026-04-30	1	1	1	Detractor
NULL	1109	2026-07-31	3	3	1	Passive
NULL	1110	2024-01-31	3	3	2	Detractor
NULL	1110	2024-07-31	3	3	1	Passive
NULL	1110	2024-10-31	5	4	1	Detractor
NULL	1110	2025-01-31	2	2	NULL	Detractor
NULL	1110	2025-04-30	6	1	6	Detractor
NULL	1110	2025-07-31	5	3	1	Detractor
NULL	1110	2025-10-31	5	5	7	Passive
NULL	1110	2026-01-31	2	4	3	Detractor
NULL	1110	2026-04-30	2	1	1	Detractor
NULL	1111	2024-01-31	3	4	1	Detractor
NULL	1111	2024-04-30	7	3	1	Passive
NULL	1111	2024-07-31	1	6	1	Passive
NULL	1111	2024-10-31	4	7	6	Detractor
NULL	1111	2025-01-31	3	NULL	2	Detractor
NULL	1111	2025-10-31	1	4	7	Detractor
NULL	1111	2026-01-31	3	3	6	Passive
NULL	1111	2026-04-30	5	3	4	Detractor
NULL	1112	2024-01-31	5	6	7	Passive
NULL	1112	2024-07-31	4	NULL	4	Detractor
NULL	1112	2024-10-31	6	5	4	Detractor
NULL	1112	2025-01-31	8	10	6	Detractor
NULL	1112	2025-04-30	6	5	9	Detractor
NULL	1112	2025-07-31	7	7	5	Passive
NULL	1112	2025-10-31	9	3	8	Passive
NULL	1112	2026-01-31	7	5	2	Passive
NULL	1112	2026-04-30	5	8	7	Detractor
NULL	1113	2024-01-31	9	9	6	Promoter
NULL	1113	2024-04-30	7	5	8	Passive
NULL	1113	2024-07-31	8	8	8	Promoter
NULL	1113	2024-10-31	6	6	3	Promoter
NULL	1113	2025-01-31	7	5	7	Passive
NULL	1113	2025-04-30	5	4	9	Detractor
NULL	1113	2025-10-31	5	7	10	Passive
NULL	1113	01/31/2026	6	8	5	Passive
NULL	1113	2026-04-30	8	10	8	Detractor
NULL	1114	2024-04-30	4	2	7	Passive
NULL	1114	2024-07-31	4	5	6	Detractor
NULL	1114	2024-10-31	4	1	4	Detractor
NULL	1114	2025-04-30	4	5	6	Detractor
NULL	1114	2025-10-31	3	NULL	NULL	Passive
NULL	1114	2026-01-31	4	2	1	Passive
NULL	1114	2026-04-30	8	2	5	Passive
NULL	1114	2026-07-31	3	9	5	Detractor
NULL	1115	2024-04-30	2	5	3	Detractor
NULL	1115	2024-10-31	2	1	4	Passive
NULL	1115	2025-04-30	4	1	2	Detractor
NULL	1115	2025-07-31	1	3	7	Detractor
NULL	1115	2025-10-31	5	4	3	Detractor
NULL	1115	2026-01-31	4	1	3	Detractor
NULL	1115	2026-04-30	5	1	4	Passive
NULL	1115	2026-07-31	1	1	1	Passive
NULL	1116	2024-01-31	3	NULL	1	Promoter
NULL	1116	2024-04-30	2	1	4	Detractor
NULL	1116	2024-07-31	6	3	7	Detractor
NULL	1116	2024-10-31	5	6	1	Passive
NULL	1116	2025-01-31	3	6	2	Detractor
NULL	1116	2025-10-31	4	5	10	Detractor
NULL	1116	2026-04-30	4	6	NULL	Detractor
NULL	1117	2024-04-30	5	8	6	Promoter
NULL	1117	2024-07-31	5	6	8	Detractor
NULL	1117	2024-10-31	10	4	2	Promoter
NULL	1117	2025-01-31	8	6	7	Passive
NULL	1117	2025-04-30	8	NULL	7	Passive
NULL	1117	2025-07-31	6	5	6	Passive
NULL	1117	2025-10-31	10	8	10	Promoter
NULL	1117	2026-04-30	6	6	5	Detractor
NULL	1117	2026-07-31	9	4	8	Promoter
NULL	1118	2024-01-31	1	2	1	Detractor
NULL	1118	2024-07-31	3	1	2	Detractor
NULL	1118	2025-01-31	3	1	1	Detractor
NULL	1118	2025-04-30	1	1	2	Detractor
NULL	1118	2025-10-31	1	3	1	Detractor
NULL	1118	2026-01-31	1	3	1	Passive
NULL	1118	2026-04-30	1	5	2	Detractor
NULL	1118	2026-07-31	2	2	2	Detractor
NULL	1119	2025-10-31	5	6	6	Detractor
NULL	1119	2026-01-31	5	4	2	Passive
NULL	1119	2026-07-31	2	1	6	Detractor
NULL	1120	2025-04-30	6	6	3	Detractor
NULL	1120	2025-10-31	2	4	4	Detractor
NULL	1120	2026-01-31	7	4	1	Passive
NULL	1120	2026-07-31	6	3	7	Detractor
NULL	1121	2026-04-30	4	5	3	Detractor
NULL	1123	2024-07-31	8	5	8	Promoter
NULL	1123	2024-10-31	6	4	6	Detractor
NULL	1123	2025-04-30	8	4	1	Detractor
NULL	1123	2025-07-31	7	5	6	Passive
NULL	1123	2025-10-31	4	4	5	Detractor
NULL	1123	2026-01-31	5	4	7	Detractor
NULL	1123	2026-04-30	3	2	2	Detractor
NULL	1123	2026-07-31	2	4	10	Detractor
NULL	1124	2025-04-30	7	9	3	Passive
NULL	1124	2025-07-31	6	10	7	Detractor
NULL	1124	2025-10-31	8	10	5	Promoter
NULL	1124	2026-07-31	10	8	4	Promoter
NULL	1125	2026-01-31	4	3	3	Passive
NULL	1125	2026-04-30	7	4	8	Promoter
NULL	1126	2025-01-31	6	2	5	Detractor
NULL	1126	2025-04-30	4	2	4	Passive
NULL	1126	2025-07-31	7	3	4	Promoter
NULL	1126	2025-10-31	6	4	6	Passive
NULL	1127	2024-04-30	3	6	6	Detractor
NULL	1127	2024-10-31	5	7	7	Detractor
NULL	1128	2024-01-31	3	NULL	3	Promoter
NULL	1128	2024-04-30	3	1	7	Detractor
NULL	1128	2024-07-31	1	2	1	Detractor
NULL	1128	10/31/2024	3	1	5	Detractor
NULL	1128	2025-04-30	1	4	7	Detractor
NULL	1128	2025-07-31	1	3	1	Passive
NULL	1128	2025-10-31	2	3	5	Detractor
NULL	1128	2026-01-31	1	5	1	Detractor
NULL	1128	2026-04-30	3	3	1	Detractor
NULL	1129	2025-04-30	9	9	4	Promoter
NULL	1129	2025-10-31	7	6	8	Passive
NULL	1129	2026-01-31	4	7	5	Passive
NULL	1130	2025-10-31	10	6	4	Promoter
NULL	1130	2026-01-31	8	10	7	Passive
NULL	1130	2026-04-30	6	10	9	Passive
NULL	1130	2026-07-31	9	8	8	Promoter
NULL	1131	2024-01-31	9	7	8	Detractor
NULL	1131	2024-04-30	8	8	10	Passive
NULL	1131	2024-07-31	7	6	5	Passive
NULL	1131	2024-10-31	5	8	5	Detractor
NULL	1131	2025-01-31	9	1	5	Promoter
NULL	1131	2025-07-31	4	6	6	Detractor
NULL	1131	2025-10-31	8	6	9	Passive
NULL	1131	2026-01-31	8	1	5	Passive
NULL	1131	2026-07-31	6	4	7	Detractor
NULL	1132	2024-10-31	4	5	4	Detractor
NULL	1132	2025-01-31	4	6	4	Detractor
NULL	1132	2025-04-30	5	6	3	Detractor
NULL	1132	2025-07-31	10	6	4	Promoter
NULL	1132	2025-10-31	6	4	2	Detractor
NULL	1132	2026-01-31	4	5	5	Passive
NULL	1132	2026-07-31	6	5	6	Detractor
NULL	1133	2024-01-31	5	5	6	Detractor
NULL	1133	2024-10-31	6	3	2	Passive
NULL	1133	2025-01-31	3	5	10	Passive
NULL	1133	2025-10-31	9	9	4	Promoter
NULL	1133	2026-04-30	3	6	1	Detractor
NULL	1134	2026-01-31	3	1	2	Detractor
NULL	1135	2026-01-31	4	1	5	Detractor
NULL	1135	2026-04-30	7	6	3	Promoter
NULL	1135	2026-07-31	4	3	5	Promoter
NULL	1136	2025-07-31	6	7	9	Passive
NULL	1136	2025-10-31	6	2	3	Detractor
NULL	1136	2026-01-31	2	5	3	Detractor
NULL	1136	2026-04-30	3	3	1	Detractor
NULL	1136	2026-07-31	4	1	1	Promoter
NULL	1137	2024-01-31	6	5	6	Detractor
NULL	1137	2024-07-31	10	4	6	Promoter
NULL	1137	2024-10-31	5	9	6	Detractor
NULL	1137	2025-04-30	2	9	4	Passive
NULL	1137	2025-07-31	3	3	3	Detractor
NULL	1137	2025-10-31	5	4	8	Detractor
NULL	1137	2026-01-31	8	9	7	Detractor
NULL	1137	2026-04-30	7	2	5	Passive
NULL	1137	2026-07-31	5	7	5	Promoter
NULL	1138	2024-01-31	4	3	6	Detractor
NULL	1138	2024-04-30	6	7	3	Promoter
NULL	1138	2024-07-31	5	6	5	Promoter
NULL	1138	2024-10-31	6	3	5	Detractor
NULL	1139	2024-01-31	6	4	NULL	Detractor
NULL	1139	2024-07-31	4	7	1	Detractor
NULL	1139	2024-10-31	5	4	NULL	Detractor
NULL	1139	2025-01-31	2	NULL	5	Passive
NULL	1139	2025-04-30	6	6	1	Detractor
NULL	1139	2025-07-31	8	3	4	Passive
NULL	1139	2025-10-31	5	1	4	Passive
NULL	1139	2026-01-31	7	8	8	Passive
NULL	1139	2026-04-30	4	4	6	Passive
NULL	1139	2026-07-31	6	3	10	Detractor
NULL	1141	01/31/2024	4	6	3	Passive
NULL	1141	2024-04-30	9	4	7	Promoter
NULL	1141	2024-07-31	10	4	6	Promoter
NULL	1141	2024-10-31	9	7	6	Promoter
NULL	1141	2025-01-31	7	5	3	Passive
NULL	1141	2025-04-30	8	4	7	Promoter
NULL	1141	2025-07-31	6	9	6	Detractor
NULL	1141	2025-10-31	7	9	5	Promoter
NULL	1141	2026-01-31	7	6	8	Promoter
NULL	1141	2026-04-30	10	4	6	Promoter
NULL	1142	2024-10-31	7	7	7	Passive
NULL	1142	2025-01-31	4	5	7	Detractor
NULL	1142	2025-04-30	8	7	3	Detractor
NULL	1142	2025-07-31	4	5	8	Detractor
NULL	1142	2026-01-31	6	6	2	Passive
NULL	1142	2026-04-30	7	9	9	Passive
NULL	1143	2024-07-31	3	9	2	Detractor
NULL	1143	2025-04-30	7	2	4	Detractor
NULL	1143	2025-10-31	8	7	6	Detractor
NULL	1143	2026-01-31	2	7	5	Detractor
NULL	1143	2026-04-30	10	4	5	Passive
NULL	1143	2026-07-31	7	8	7	Promoter
NULL	1144	2024-07-31	5	6	4	Detractor
NULL	1144	2025-07-31	3	2	7	Detractor
NULL	1144	2026-01-31	7	5	3	Promoter
NULL	1144	2026-04-30	5	8	6	Detractor
NULL	1144	2026-07-31	6	6	3	Detractor
NULL	1145	2026-07-31	4	4	2	Detractor
NULL	1147	2026-07-31	4	4	NULL	Detractor
NULL	1148	2025-04-30	3	2	1	Passive
NULL	1148	2025-07-31	2	5	1	Detractor
NULL	1148	2025-10-31	2	1	1	Detractor
NULL	1149	2024-01-31	4	5	6	Detractor
NULL	1149	2024-04-30	5	6	5	Detractor
NULL	1149	2024-07-31	7	8	3	Passive
NULL	1149	2024-10-31	4	6	1	Passive
NULL	1149	2025-10-31	4	6	5	Promoter
NULL	1149	2026-01-31	5	1	4	Detractor
NULL	1149	2026-07-31	2	2	8	Detractor
NULL	1150	2024-01-31	7	7	7	Passive
NULL	1150	2024-04-30	10	5	4	Passive
NULL	1150	2025-01-31	8	6	5	Passive
NULL	1150	2025-07-31	6	4	3	Promoter
NULL	1150	2025-10-31	9	9	5	Promoter
NULL	1150	2026-04-30	6	7	6	Passive
NULL	1150	2026-07-31	8	10	7	Promoter
NULL	1151	2024-04-30	5	8	10	Detractor
NULL	1151	2024-10-31	6	7	10	Passive
NULL	1151	2025-01-31	7	6	7	Passive
NULL	1151	2025-04-30	10	8	9	Promoter
NULL	1151	2025-10-31	9	3	6	Promoter
NULL	1151	2026-01-31	5	9	6	Detractor
NULL	1151	2026-04-30	8	7	7	Detractor
NULL	1152	2024-01-31	3	4	8	Detractor
NULL	1152	2024-04-30	8	5	4	Passive
NULL	1152	2024-07-31	6	5	5	Passive
NULL	1152	2024-10-31	3	7	3	Detractor
NULL	1152	04/30/2025	2	3	7	Detractor
NULL	1152	2025-10-31	5	6	6	Detractor
NULL	1152	2026-07-31	2	8	7	Detractor
NULL	1153	2026-07-31	3	3	1	Detractor
NULL	1154	2024-01-31	8	4	7	Passive
NULL	1154	2024-04-30	9	6	2	Passive
NULL	1154	2024-10-31	9	7	2	Promoter
NULL	1154	2025-01-31	10	3	8	Promoter
NULL	1154	2025-04-30	8	5	5	Passive
NULL	1154	2025-10-31	1	2	6	Detractor
NULL	1155	2024-10-31	10	9	7	Promoter
NULL	1155	2025-07-31	10	10	10	Promoter
NULL	1155	2026-01-31	9	7	6	Promoter
NULL	1155	2026-04-30	10	7	10	Promoter
NULL	1156	2024-01-31	3	1	8	Detractor
NULL	1156	2024-04-30	4	7	3	Detractor
NULL	1156	07/31/2024	4	6	3	Passive
NULL	1156	2024-10-31	4	3	2	Detractor
NULL	1156	2025-01-31	4	7	1	Promoter
NULL	1156	2025-10-31	2	6	4	Detractor
NULL	1156	2026-01-31	5	3	4	Detractor
NULL	1156	2026-04-30	4	3	1	Passive
NULL	1156	2026-07-31	4	7	8	Detractor
NULL	1158	2024-07-31	10	10	7	Promoter
NULL	1158	2024-10-31	9	8	3	Promoter
NULL	1158	2025-01-31	10	9	7	Promoter
NULL	1158	2025-04-30	8	7	10	Detractor
NULL	1158	2025-07-31	8	6	10	Passive
NULL	1158	2025-10-31	9	9	9	Promoter
NULL	1158	2026-01-31	10	4	6	Promoter
NULL	1158	2026-04-30	6	10	6	Passive
NULL	1158	2026-07-31	9	7	6	Promoter
NULL	1159	07/31/2025	6	4	3	Detractor
NULL	1159	2025-10-31	4	5	5	Detractor
NULL	1159	2026-01-31	3	2	9	Promoter
NULL	1159	2026-04-30	1	4	NULL	Passive
NULL	1159	2026-07-31	5	2	3	Detractor
NULL	1160	2024-07-31	2	4	1	Detractor
NULL	1160	10/31/2024	1	3	1	Promoter
NULL	1160	2025-01-31	1	1	5	Detractor
NULL	1160	2025-04-30	2	3	2	Passive
NULL	1160	2025-07-31	4	4	1	Passive
NULL	1160	10/31/2025	1	1	1	Detractor
NULL	1160	2026-01-31	1	1	2	Detractor
NULL	1160	2026-04-30	1	1	3	Detractor
NULL	1160	2026-07-31	2	1	1	Passive
NULL	1161	2026-07-31	7	4	5	Passive
NULL	1162	2024-07-31	4	7	5	Detractor
NULL	1162	2024-10-31	6	6	7	Detractor
NULL	1163	2024-01-31	8	8	6	Passive
NULL	1163	2024-04-30	4	7	7	Detractor
NULL	1163	2024-07-31	3	5	4	Detractor
NULL	1163	2024-10-31	5	1	9	Detractor
NULL	1163	2025-01-31	1	6	7	Detractor
NULL	1163	2025-04-30	9	1	2	Promoter
NULL	1163	2025-07-31	5	6	4	Detractor
NULL	1163	2025-10-31	7	4	1	Promoter
NULL	1163	2026-01-31	6	7	5	Detractor
NULL	1163	2026-07-31	6	5	4	Detractor
NULL	1164	2025-10-31	2	6	2	Promoter
NULL	1164	2026-01-31	2	1	6	Promoter
NULL	1164	2026-07-31	1	4	4	Promoter
NULL	1165	2025-10-31	4	4	NULL	Passive
NULL	1165	2026-01-31	5	5	1	Detractor
NULL	1165	2026-04-30	8	6	6	Detractor
NULL	1165	2026-07-31	5	4	10	Detractor
NULL	1166	2025-04-30	5	3	5	Passive
NULL	1167	2024-01-31	7	4	5	Passive
NULL	1167	2024-07-31	6	7	NULL	Detractor
NULL	1167	01/31/2025	8	6	8	Promoter
NULL	1167	2025-04-30	9	7	4	Promoter
NULL	1167	2025-07-31	8	8	9	Passive
NULL	1167	2025-10-31	7	10	10	Passive
NULL	1167	2026-01-31	8	10	9	Passive
NULL	1167	2026-04-30	9	7	10	Promoter
NULL	1168	2024-04-30	2	2	2	Detractor
NULL	1168	2024-07-31	9	5	7	Promoter
NULL	1168	2025-01-31	5	7	2	Passive
NULL	1168	04/30/2025	5	7	4	Detractor
NULL	1168	2025-07-31	6	6	6	Passive
NULL	1168	2025-10-31	7	2	7	Promoter
NULL	1168	2026-01-31	5	5	3	Detractor
NULL	1168	2026-07-31	5	1	2	Detractor
NULL	1169	2024-01-31	5	1	5	Detractor
NULL	1169	2024-07-31	4	3	2	Detractor
NULL	1169	2024-10-31	5	1	1	Detractor
NULL	1169	2025-01-31	1	3	1	Detractor
NULL	1169	2025-04-30	6	3	2	Passive
NULL	1169	2025-10-31	1	1	1	Detractor
NULL	1169	2026-04-30	2	1	3	Detractor
NULL	1169	2026-07-31	1	1	6	Promoter
NULL	1170	2024-10-31	5	6	6	Detractor
NULL	1170	2025-01-31	8	6	3	Passive
NULL	1170	2025-04-30	8	4	7	Passive
NULL	1170	2026-01-31	8	8	4	Passive
NULL	1170	2026-04-30	6	7	4	Detractor
NULL	1171	2024-07-31	5	3	5	Passive
NULL	1171	2024-10-31	8	6	2	Promoter
NULL	1171	2025-04-30	7	3	3	Passive
NULL	1171	2025-07-31	4	6	1	Detractor
NULL	1171	2025-10-31	4	9	6	Promoter
NULL	1171	2026-04-30	8	1	2	Promoter
NULL	1171	2026-07-31	7	5	3	Promoter
NULL	1466	2024-01-31	4	1	6	Detractor
NULL	1466	2024-07-31	3	5	4	Detractor
NULL	1466	2024-10-31	6	2	6	Detractor
NULL	1466	2025-01-31	5	4	6	Passive
NULL	1466	2025-04-30	3	2	4	Detractor
NULL	1466	2025-07-31	7	5	3	Promoter
NULL	1466	2026-04-30	6	8	1	Detractor
NULL	1466	2026-07-31	6	6	7	Detractor
NULL	1172	2025-10-31	10	7	10	Promoter
NULL	1172	2026-04-30	7	9	7	Detractor
NULL	1172	2026-07-31	9	7	10	Promoter
NULL	1173	2024-01-31	6	6	5	Detractor
NULL	1173	2024-04-30	5	10	6	Passive
NULL	1173	2024-07-31	6	5	2	Detractor
NULL	1173	2024-10-31	6	7	6	Detractor
NULL	1173	2025-01-31	7	10	2	Passive
NULL	1173	2025-04-30	9	6	2	Promoter
NULL	1173	2025-07-31	2	5	8	Detractor
NULL	1173	2025-10-31	4	4	8	Detractor
NULL	1173	2026-04-30	4	5	3	Passive
NULL	1174	2025-07-31	1	6	7	Detractor
NULL	1174	2025-10-31	4	2	NULL	Detractor
NULL	1174	2026-01-31	1	1	2	Detractor
NULL	1174	2026-04-30	2	NULL	1	Detractor
NULL	1174	2026-07-31	4	3	9	Detractor
NULL	1175	01/31/2026	3	3	5	Detractor
NULL	1175	2026-07-31	3	4	4	Detractor
NULL	1176	2024-10-31	5	5	7	Detractor
NULL	1176	2025-01-31	9	5	3	Promoter
NULL	1176	2025-04-30	9	6	4	Promoter
NULL	1176	2025-10-31	4	10	10	Promoter
NULL	1176	01/31/2026	4	6	5	Detractor
NULL	1177	2025-04-30	5	6	7	Detractor
NULL	1177	2026-04-30	9	10	8	Promoter
NULL	1177	2026-07-31	9	7	4	Promoter
NULL	1178	2024-10-31	7	9	9	Promoter
NULL	1178	2025-01-31	8	10	5	Detractor
NULL	1178	2025-04-30	9	7	6	Promoter
NULL	1178	2025-07-31	6	1	10	Promoter
NULL	1178	2026-01-31	7	4	10	Passive
NULL	1178	2026-07-31	9	1	NULL	Promoter
NULL	1179	2024-07-31	1	3	1	Detractor
NULL	1179	2024-10-31	1	2	5	Detractor
NULL	1179	2025-01-31	1	6	1	Detractor
NULL	1179	2025-04-30	2	5	1	Detractor
NULL	1179	2025-07-31	1	7	4	Detractor
NULL	1179	2025-10-31	1	1	6	Detractor
NULL	1179	2026-01-31	1	1	1	Detractor
NULL	1179	2026-04-30	3	2	3	Detractor
NULL	1179	2026-07-31	2	2	1	Detractor
NULL	1180	2024-04-30	8	8	2	Passive
NULL	1180	10/31/2024	8	4	7	Passive
NULL	1180	2025-01-31	10	7	9	Promoter
NULL	1180	2025-04-30	8	5	9	Passive
NULL	1180	2026-01-31	9	10	6	Promoter
NULL	1180	2026-07-31	8	7	6	Promoter
NULL	1181	2026-04-30	3	7	5	Passive
NULL	1181	2026-07-31	4	5	4	Detractor
NULL	1182	2026-01-31	5	3	1	Detractor
NULL	1182	2026-04-30	8	1	5	Passive
NULL	1183	2024-01-31	7	4	5	Promoter
NULL	1183	2024-04-30	7	6	7	Promoter
NULL	1183	2024-07-31	7	5	6	Promoter
NULL	1183	2024-10-31	5	7	7	Detractor
NULL	1183	2025-10-31	10	6	6	Promoter
NULL	1183	2026-07-31	7	6	5	Passive
NULL	1184	2024-01-31	2	5	2	Detractor
NULL	1184	2024-04-30	5	2	7	Detractor
NULL	1184	2024-10-31	9	3	1	Promoter
NULL	1184	2025-01-31	4	3	8	Detractor
NULL	1184	2025-04-30	2	7	4	Detractor
NULL	1184	2025-07-31	1	3	5	Detractor
NULL	1184	2025-10-31	8	3	3	Promoter
NULL	1184	2026-01-31	5	1	4	Promoter
NULL	1184	2026-04-30	1	4	1	Detractor
NULL	1184	2026-07-31	4	7	3	Detractor
NULL	1186	2024-01-31	8	10	7	Passive
NULL	1186	2024-07-31	10	9	9	Promoter
NULL	1186	2025-04-30	10	7	5	Promoter
NULL	1186	2025-07-31	10	6	8	Promoter
NULL	1186	2026-04-30	10	9	5	Promoter
NULL	1186	2026-07-31	10	7	10	Promoter
NULL	1187	2024-04-30	4	5	3	Passive
NULL	1187	2024-07-31	5	5	1	Detractor
NULL	1187	2025-01-31	2	1	1	Passive
NULL	1188	2024-04-30	1	6	6	Passive
NULL	1188	2024-07-31	4	1	1	Detractor
NULL	1188	2025-01-31	2	1	5	Detractor
NULL	1188	2025-04-30	4	5	4	Detractor
NULL	1188	2025-07-31	4	3	3	Detractor
NULL	1188	2026-07-31	1	1	3	Detractor
NULL	1190	2024-01-31	10	7	7	Promoter
NULL	1190	2024-04-30	8	5	6	Promoter
NULL	1190	2025-01-31	8	6	2	Passive
NULL	1190	2025-04-30	10	5	8	Promoter
NULL	1190	2025-07-31	9	8	4	Passive
NULL	1190	2025-10-31	7	8	4	Promoter
NULL	1190	2026-07-31	9	10	10	Promoter
NULL	1191	2026-04-30	6	7	7	Promoter
NULL	1192	2025-04-30	2	2	3	Detractor
NULL	1192	2025-07-31	5	1	2	Detractor
NULL	1192	2025-10-31	2	7	2	Detractor
NULL	1192	2026-04-30	4	5	2	Detractor
NULL	1192	2026-07-31	2	2	1	Passive
NULL	1193	04/30/2024	8	5	3	Promoter
NULL	1193	2024-10-31	6	10	10	Passive
NULL	1193	2025-01-31	7	7	9	Passive
NULL	1193	2025-04-30	9	5	3	Passive
NULL	1193	2025-07-31	6	7	5	Promoter
NULL	1193	2026-01-31	4	8	4	Passive
NULL	1193	2026-07-31	8	8	6	Passive
NULL	1194	2025-01-31	2	3	3	Passive
NULL	1194	2025-04-30	1	2	1	Passive
NULL	1194	2026-04-30	5	1	3	Passive
NULL	1194	2026-07-31	3	4	1	Passive
NULL	1195	2024-10-31	4	2	4	Detractor
NULL	1196	2025-04-30	6	7	1	Detractor
NULL	1196	2026-07-31	6	7	2	Detractor
NULL	1197	2024-01-31	10	10	9	Promoter
NULL	1197	2024-04-30	8	10	5	Promoter
NULL	1197	2024-07-31	7	9	10	Promoter
NULL	1197	2025-01-31	9	9	4	Promoter
NULL	1197	2025-10-31	10	8	8	Promoter
NULL	1197	2026-04-30	10	5	6	Promoter
NULL	1197	2026-07-31	9	7	8	Promoter
NULL	1198	2026-01-31	8	3	4	Promoter
NULL	1199	2024-07-31	10	8	6	Promoter
NULL	1199	2024-10-31	4	8	8	Detractor
NULL	1199	2025-01-31	7	8	8	Passive
NULL	1199	2025-07-31	9	10	6	Passive
NULL	1199	10/31/2025	5	8	4	Detractor
NULL	1199	2026-04-30	5	3	7	Detractor
NULL	1199	2026-07-31	9	4	6	Promoter
NULL	1200	2024-01-31	3	5	1	Passive
NULL	1200	2024-04-30	1	3	5	Detractor
NULL	1200	2024-07-31	2	5	5	Detractor
NULL	1200	2024-10-31	1	1	4	Detractor
NULL	1201	2026-01-31	8	7	NULL	Promoter
NULL	1201	2026-04-30	10	8	10	Promoter
NULL	1202	2025-01-31	3	5	4	Passive
NULL	1202	2025-07-31	1	2	1	Detractor
NULL	1202	2025-10-31	3	1	1	Detractor
NULL	1203	2026-04-30	4	10	3	Passive
NULL	1203	2026-07-31	4	3	NULL	Passive
NULL	1204	2024-01-31	7	3	6	Promoter
NULL	1204	2024-04-30	6	8	6	Detractor
NULL	1205	2025-07-31	6	8	1	Passive
NULL	1205	2025-10-31	4	7	2	Passive
NULL	1205	2026-01-31	5	1	1	Detractor
NULL	1205	2026-04-30	5	3	6	Detractor
NULL	1205	2026-07-31	2	5	3	Detractor
NULL	1206	2025-04-30	8	1	7	Promoter
NULL	1206	2025-10-31	4	8	9	Passive
NULL	1206	2026-01-31	6	5	8	Detractor
NULL	1206	2026-07-31	5	8	6	Detractor
NULL	1208	10/31/2024	10	10	8	Promoter
NULL	1208	2025-01-31	10	8	9	Promoter
NULL	1208	2025-04-30	10	9	10	Promoter
NULL	1208	2025-10-31	9	8	9	Passive
NULL	1208	2026-01-31	10	6	7	Promoter
NULL	1208	2026-04-30	8	8	9	Promoter
NULL	1208	2026-07-31	10	7	6	Promoter
NULL	1209	2024-01-31	1	1	1	Detractor
NULL	1209	2024-04-30	1	2	3	Passive
NULL	1209	2024-07-31	2	5	5	Detractor
NULL	1209	2024-10-31	1	1	1	Passive
NULL	1209	2025-01-31	2	2	1	Detractor
NULL	1209	2025-04-30	1	2	1	Passive
NULL	1209	2025-10-31	1	1	4	Detractor
NULL	1209	2026-04-30	2	3	1	Detractor
NULL	1210	2024-07-31	8	1	NULL	Detractor
NULL	1210	2025-04-30	1	3	7	Promoter
NULL	1210	2025-07-31	1	2	4	Passive
NULL	1210	2025-10-31	2	5	1	Detractor
NULL	1210	2026-01-31	4	4	1	Detractor
NULL	1210	2026-07-31	5	5	1	Passive
NULL	1211	2024-04-30	5	7	4	Detractor
NULL	1211	2024-07-31	9	9	2	Promoter
NULL	1211	2024-10-31	2	6	4	Detractor
NULL	1211	2025-01-31	4	8	5	Passive
NULL	1211	2025-04-30	7	6	5	Passive
NULL	1211	2025-07-31	8	7	8	Promoter
NULL	1211	2026-04-30	5	8	4	Detractor
NULL	1211	2026-07-31	6	4	4	Passive
NULL	1212	2024-04-30	7	4	10	Passive
NULL	1212	10/31/2024	9	6	3	Promoter
NULL	1212	2025-01-31	8	10	6	Passive
NULL	1212	2025-07-31	7	6	6	Promoter
NULL	1212	2025-10-31	9	8	5	Promoter
NULL	1212	2026-04-30	8	8	6	Passive
NULL	1213	2024-01-31	10	8	9	Promoter
NULL	1213	2024-04-30	8	9	7	Promoter
NULL	1213	2024-07-31	9	9	7	Promoter
NULL	1213	2024-10-31	8	4	8	Passive
NULL	1213	01/31/2025	8	6	NULL	Promoter
NULL	1213	2025-04-30	10	8	5	Promoter
NULL	1213	2026-01-31	9	10	10	Passive
NULL	1213	2026-04-30	10	7	8	Promoter
NULL	1213	2026-07-31	9	10	9	Promoter
NULL	1214	2025-04-30	5	3	NULL	Detractor
NULL	1214	2025-07-31	3	1	6	Passive
NULL	1214	2025-10-31	7	6	1	Promoter
NULL	1214	2026-01-31	6	7	4	Detractor
NULL	1214	2026-04-30	7	3	7	Passive
NULL	1214	2026-07-31	8	6	3	Passive
NULL	1215	2024-01-31	8	10	1	Promoter
NULL	1215	2024-04-30	7	6	5	Promoter
NULL	1215	2024-07-31	10	8	5	Promoter
NULL	1215	2024-10-31	6	6	4	Detractor
NULL	1215	2025-01-31	3	3	7	Detractor
NULL	1215	2025-10-31	5	9	6	Detractor
NULL	1216	2024-01-31	5	8	5	Passive
NULL	1216	2024-10-31	6	2	10	Detractor
NULL	1217	2024-07-31	6	3	2	Detractor
NULL	1217	2024-10-31	4	2	1	Detractor
NULL	1217	2025-01-31	5	1	3	Passive
NULL	1217	2025-07-31	1	7	1	Passive
NULL	1217	2025-10-31	5	3	3	Detractor
NULL	1217	2026-04-30	4	4	5	Passive
NULL	1217	2026-07-31	4	1	6	Passive
NULL	1219	2024-04-30	3	1	5	Detractor
NULL	1219	2024-07-31	9	2	8	Promoter
NULL	1219	2024-10-31	8	2	4	Promoter
NULL	1219	2025-07-31	7	1	5	Passive
NULL	1219	2025-10-31	4	5	8	Passive
NULL	1219	2026-01-31	7	7	8	Passive
NULL	1220	2025-01-31	7	7	5	Passive
NULL	1220	04/30/2025	8	4	4	Detractor
NULL	1220	2025-07-31	8	6	7	Passive
NULL	1220	2025-10-31	6	7	2	Passive
NULL	1220	2026-04-30	4	5	7	Passive
NULL	1220	2026-07-31	6	NULL	3	Passive
NULL	1222	2024-01-31	6	7	2	Detractor
NULL	1222	2024-04-30	5	1	8	Detractor
NULL	1222	2024-07-31	5	4	1	Detractor
NULL	1222	2024-10-31	3	6	1	Detractor
NULL	1222	2025-01-31	4	4	2	Detractor
NULL	1222	2025-07-31	2	8	7	Detractor
NULL	1222	2026-01-31	1	9	2	Detractor
NULL	1222	2026-04-30	5	7	1	Passive
NULL	1222	2026-07-31	3	5	4	Detractor
NULL	1223	2024-01-31	3	2	2	Detractor
NULL	1223	2024-04-30	5	NULL	1	Detractor
NULL	1223	2024-07-31	2	4	NULL	Passive
NULL	1223	2025-01-31	8	2	7	Detractor
NULL	1223	2025-07-31	7	NULL	2	Passive
NULL	1223	2025-10-31	6	2	7	Passive
NULL	1223	2026-01-31	2	1	10	Detractor
NULL	1223	2026-04-30	1	4	4	Promoter
NULL	1224	2025-04-30	8	4	3	Passive
NULL	1224	2025-10-31	3	6	5	Detractor
NULL	1224	2026-01-31	6	4	6	Detractor
NULL	1224	2026-04-30	6	7	7	Detractor
NULL	1225	2026-07-31	10	10	9	Passive
NULL	1226	2024-01-31	7	6	8	Promoter
NULL	1226	2024-04-30	8	7	8	Passive
NULL	1226	2024-07-31	4	9	4	Detractor
NULL	1226	2024-10-31	8	4	6	Promoter
NULL	1226	2025-01-31	4	8	4	Detractor
NULL	1226	2025-04-30	3	4	7	Detractor
NULL	1226	2025-07-31	8	2	3	Passive
NULL	1226	2025-10-31	7	5	6	Detractor
NULL	1226	2026-01-31	6	10	4	Passive
NULL	1226	2026-04-30	5	7	2	Detractor
NULL	1226	2026-07-31	9	7	7	Promoter
NULL	1227	2024-04-30	10	7	9	Promoter
NULL	1227	2024-07-31	9	8	9	Passive
NULL	1227	2025-07-31	8	5	7	Passive
NULL	1227	2025-10-31	10	7	NULL	Promoter
NULL	1227	2026-01-31	9	8	9	Passive
NULL	1227	2026-04-30	9	9	4	Promoter
NULL	1228	2024-01-31	7	10	8	Passive
NULL	1228	2024-04-30	4	10	4	Promoter
NULL	1228	2024-07-31	7	8	9	Passive
NULL	1228	2024-10-31	7	7	NULL	Passive
NULL	1228	2025-01-31	7	9	7	Passive
NULL	1228	2025-04-30	8	10	7	Passive
NULL	1228	2025-10-31	10	10	2	Promoter
NULL	1228	2026-01-31	10	7	5	Promoter
NULL	1228	2026-04-30	8	4	7	Promoter
NULL	1229	2024-04-30	7	5	7	Promoter
NULL	1229	2024-07-31	8	9	4	Promoter
NULL	1229	2024-10-31	2	2	3	Detractor
NULL	1229	2025-01-31	4	5	4	Detractor
NULL	1229	2025-07-31	2	4	5	Detractor
NULL	1230	2025-10-31	4	2	1	Promoter
NULL	1230	2026-01-31	6	NULL	4	Detractor
NULL	1230	2026-04-30	5	5	4	Detractor
NULL	1230	2026-07-31	10	10	NULL	Promoter
NULL	1231	2025-10-31	8	8	5	Passive
NULL	1231	2026-01-31	7	10	6	Passive
NULL	1231	2026-04-30	6	8	10	Detractor
NULL	1231	2026-07-31	6	3	NULL	Passive
NULL	1232	2025-10-31	8	9	10	Passive
NULL	1232	01/31/2026	8	5	7	Promoter
NULL	1232	2026-04-30	7	3	2	Passive
NULL	1233	2024-01-31	9	10	4	Promoter
NULL	1233	2024-04-30	10	10	10	Promoter
NULL	1233	2024-07-31	9	8	7	Promoter
NULL	1233	2024-10-31	9	9	10	Promoter
NULL	1233	2025-01-31	10	10	10	Passive
NULL	1233	2025-04-30	10	8	7	Passive
NULL	1233	2025-07-31	9	6	1	Promoter
NULL	1233	2025-10-31	10	10	7	Promoter
NULL	1234	2025-10-31	9	2	5	Promoter
NULL	1234	2026-01-31	4	4	10	Detractor
NULL	1234	2026-04-30	5	8	1	Detractor
NULL	1234	2026-07-31	2	6	5	Passive
NULL	1235	2024-01-31	10	10	8	Promoter
NULL	1235	2024-04-30	10	9	5	Promoter
NULL	1235	2024-07-31	8	9	6	Promoter
NULL	1235	2024-10-31	10	9	10	Passive
NULL	1235	2025-10-31	8	10	6	Passive
NULL	1235	2026-04-30	9	5	6	Promoter
NULL	1236	2024-01-31	6	10	9	Passive
NULL	1236	2024-07-31	10	8	6	Promoter
NULL	1236	2024-10-31	7	7	5	Passive
NULL	1236	2025-04-30	9	7	7	Promoter
NULL	1236	2025-07-31	10	10	8	Passive
NULL	1236	2025-10-31	5	9	8	Detractor
NULL	1236	2026-01-31	6	6	6	Promoter
NULL	1236	2026-04-30	8	6	10	Detractor
NULL	1237	2026-01-31	3	4	3	Detractor
NULL	1238	2025-10-31	4	5	1	Detractor
NULL	1238	2026-01-31	5	3	1	Detractor
NULL	1238	2026-04-30	5	2	4	Passive
NULL	1239	2024-07-31	5	NULL	7	Detractor
NULL	1239	2024-10-31	7	3	3	Promoter
NULL	1239	2025-01-31	7	3	4	Promoter
NULL	1239	2025-04-30	4	6	1	Detractor
NULL	1239	2025-07-31	6	NULL	3	Passive
NULL	1239	2026-01-31	3	5	4	Detractor
NULL	1239	2026-04-30	7	7	1	Passive
NULL	1239	2026-07-31	4	7	3	Detractor
NULL	1240	2024-01-31	4	1	1	Detractor
NULL	1240	2024-04-30	2	7	6	Detractor
NULL	1240	2024-10-31	7	8	5	Passive
NULL	1240	2025-01-31	1	3	5	Passive
NULL	1240	2025-04-30	2	2	3	Detractor
NULL	1240	2025-10-31	2	1	1	Detractor
NULL	1241	2024-04-30	5	7	NULL	Passive
NULL	1241	2024-10-31	3	5	4	Detractor
NULL	1241	2025-04-30	4	8	6	Detractor
NULL	1241	2025-07-31	7	7	4	Passive
NULL	1241	2025-10-31	6	7	7	Detractor
NULL	1241	2026-01-31	6	NULL	3	Detractor
NULL	1241	2026-04-30	3	1	4	Detractor
NULL	1242	2025-10-31	7	4	5	Passive
NULL	1242	2026-04-30	7	8	6	Passive
NULL	1242	2026-07-31	3	7	9	Detractor
NULL	1243	2024-10-31	8	9	3	Passive
NULL	1243	2025-01-31	6	6	7	Detractor
NULL	1243	2025-04-30	9	8	4	Passive
NULL	1243	2025-07-31	10	7	7	Promoter
NULL	1243	2025-10-31	4	6	7	Detractor
NULL	1243	2026-04-30	10	10	7	Promoter
NULL	1243	2026-07-31	9	6	7	Passive
NULL	1244	2024-07-31	4	6	NULL	Passive
NULL	1244	2025-04-30	3	2	4	Detractor
NULL	1244	07/31/2025	5	NULL	4	Passive
NULL	1244	2026-04-30	9	5	5	Promoter
NULL	1244	2026-07-31	4	2	9	Passive
NULL	1245	2024-04-30	8	10	9	Detractor
NULL	1245	2024-07-31	6	9	4	Detractor
NULL	1245	2024-10-31	6	8	9	Detractor
NULL	1245	2025-01-31	10	9	6	Promoter
NULL	1245	2025-04-30	10	5	7	Promoter
NULL	1245	2026-04-30	8	10	5	Detractor
NULL	1245	2026-07-31	8	7	7	Passive
NULL	1246	2025-10-31	6	5	8	Passive
NULL	1246	2026-01-31	4	5	5	Detractor
NULL	1246	2026-04-30	5	5	8	Detractor
NULL	1246	2026-07-31	7	9	4	Detractor
NULL	1247	2024-04-30	3	7	4	Detractor
NULL	1247	2024-10-31	5	4	2	Detractor
NULL	1247	2026-07-31	2	2	3	Detractor
NULL	1248	2026-07-31	7	3	5	Passive
NULL	1249	2025-10-31	1	3	1	Detractor
NULL	1249	2026-04-30	3	7	4	Passive
NULL	1250	2025-07-31	4	8	1	Detractor
NULL	1250	2025-10-31	1	4	4	Detractor
NULL	1250	2026-01-31	5	NULL	2	Detractor
NULL	1250	2026-07-31	4	5	3	Detractor
NULL	1251	2024-01-31	7	4	6	Promoter
NULL	1251	2024-04-30	5	4	1	Detractor
NULL	1251	2025-01-31	5	3	4	Detractor
NULL	1251	2025-04-30	6	4	6	Detractor
NULL	1251	2025-07-31	4	6	1	Detractor
NULL	1251	2025-10-31	7	4	5	Promoter
NULL	1251	2026-01-31	6	6	9	Passive
NULL	1251	2026-04-30	5	NULL	4	Detractor
NULL	1251	2026-07-31	5	6	5	Passive
NULL	1252	2024-01-31	6	7	2	Detractor
NULL	1252	2024-04-30	6	6	6	Passive
NULL	1252	2024-07-31	7	5	4	Promoter
NULL	1252	2024-10-31	6	3	7	Detractor
NULL	1252	04/30/2025	3	6	4	Detractor
NULL	1252	2025-07-31	5	9	3	Detractor
NULL	1252	2026-01-31	7	9	7	Passive
NULL	1252	2026-04-30	6	5	5	Detractor
NULL	1252	2026-07-31	5	7	1	Detractor
NULL	1253	2024-01-31	5	2	7	Detractor
NULL	1254	2024-01-31	2	1	2	Detractor
NULL	1254	2024-04-30	2	1	4	Detractor
NULL	1254	2024-07-31	5	5	3	Detractor
NULL	1254	2025-01-31	3	7	6	Detractor
NULL	1256	2025-10-31	10	8	6	Passive
NULL	1256	2026-01-31	10	10	6	Promoter
NULL	1257	2026-07-31	9	6	6	Promoter
NULL	1258	2026-04-30	5	7	7	Detractor
NULL	1258	2026-07-31	6	4	5	Detractor
NULL	1259	2026-07-31	2	2	6	Detractor
NULL	1260	2024-01-31	9	8	NULL	Promoter
NULL	1260	2024-04-30	10	8	10	Promoter
NULL	1260	2024-10-31	8	8	7	Detractor
NULL	1260	2025-01-31	10	10	6	Promoter
NULL	1260	2026-01-31	10	10	9	Promoter
NULL	1260	2026-04-30	8	9	10	Passive
NULL	1260	2026-07-31	10	7	9	Promoter
NULL	1261	2026-01-31	5	1	1	Detractor
NULL	1261	2026-04-30	1	3	3	Detractor
NULL	1261	2026-07-31	5	4	1	Detractor
NULL	1262	2024-01-31	5	5	6	Passive
NULL	1263	04/30/2024	10	1	6	Promoter
NULL	1263	2024-07-31	9	8	2	Promoter
NULL	1263	2024-10-31	7	9	9	Promoter
NULL	1263	2025-01-31	5	1	4	Promoter
NULL	1263	2025-04-30	10	5	8	Promoter
NULL	1263	2025-07-31	9	8	5	Promoter
NULL	1263	2025-10-31	8	6	7	Passive
NULL	1263	2026-01-31	7	7	6	Passive
NULL	1263	2026-04-30	9	NULL	10	Promoter
NULL	1263	2026-07-31	6	9	7	Detractor
NULL	1264	2025-07-31	8	6	9	Passive
NULL	1264	2025-10-31	6	7	7	Detractor
NULL	1264	2026-01-31	10	8	9	Promoter
NULL	1264	2026-07-31	8	6	6	Promoter
NULL	1265	2024-04-30	9	7	10	Promoter
NULL	1265	2025-01-31	8	10	7	Passive
NULL	1265	2025-04-30	10	5	7	Promoter
NULL	1265	2025-10-31	10	10	10	Promoter
NULL	1265	2026-01-31	10	10	10	Promoter
NULL	1265	2026-04-30	9	10	8	Promoter
NULL	1266	2024-01-31	9	NULL	8	Promoter
NULL	1266	2024-04-30	10	10	6	Promoter
NULL	1266	2024-07-31	9	9	6	Passive
NULL	1266	2024-10-31	8	7	8	Detractor
NULL	1266	2025-01-31	8	8	5	Promoter
NULL	1266	2025-04-30	10	10	10	Promoter
NULL	1266	2025-07-31	10	10	6	Promoter
NULL	1266	2025-10-31	8	10	10	Passive
NULL	1266	2026-04-30	10	6	9	Passive
NULL	1266	2026-07-31	10	10	9	Promoter
NULL	1267	2024-10-31	2	1	4	Passive
NULL	1267	2025-01-31	4	1	2	Detractor
NULL	1267	2025-04-30	5	3	3	Detractor
NULL	1267	2025-07-31	2	6	2	Detractor
NULL	1268	2024-01-31	4	8	2	Detractor
NULL	1268	2024-04-30	6	7	8	Detractor
NULL	1268	2024-07-31	8	4	4	Promoter
NULL	1268	2024-10-31	7	8	4	Passive
NULL	1268	2025-04-30	3	5	2	Passive
NULL	1268	2025-07-31	6	6	8	Detractor
NULL	1268	2025-10-31	7	5	6	Detractor
NULL	1268	04/30/2026	6	5	5	Detractor
NULL	1268	2026-07-31	8	3	6	Passive
NULL	1269	2024-01-31	7	8	6	Passive
NULL	1269	2024-04-30	10	5	7	Promoter
NULL	1269	2024-07-31	7	8	3	Promoter
NULL	1269	2024-10-31	2	6	4	Detractor
NULL	1269	2025-04-30	7	9	7	Passive
NULL	1269	2025-10-31	7	7	3	Passive
NULL	1269	2026-01-31	6	9	2	Detractor
NULL	1269	2026-04-30	5	4	8	Detractor
NULL	1269	2026-07-31	6	5	5	Detractor
NULL	1270	2024-04-30	4	5	6	Promoter
NULL	1270	2024-10-31	5	5	7	Detractor
NULL	1270	2025-01-31	10	6	1	Promoter
NULL	1270	2025-07-31	5	7	NULL	Detractor
NULL	1270	2025-10-31	8	8	9	Promoter
NULL	1270	2026-01-31	8	9	6	Promoter
NULL	1270	2026-04-30	7	8	2	Passive
NULL	1271	2024-01-31	8	6	1	Promoter
NULL	1271	2024-07-31	4	4	1	Detractor
NULL	1271	2024-10-31	3	1	5	Passive
NULL	1271	2025-04-30	3	1	4	Passive
NULL	1271	2025-07-31	3	9	1	Promoter
NULL	1271	2026-04-30	4	1	7	Detractor
NULL	1271	2026-07-31	4	5	2	Promoter
NULL	1272	2025-10-31	9	10	7	Promoter
NULL	1272	2026-01-31	5	6	3	Detractor
NULL	1272	2026-04-30	8	2	5	Passive
NULL	1272	2026-07-31	9	8	6	Promoter
NULL	1273	2026-01-31	6	8	NULL	Detractor
NULL	1273	2026-04-30	7	8	6	Passive
NULL	1273	2026-07-31	4	2	5	Passive
NULL	1274	2024-01-31	6	7	3	Detractor
NULL	1274	2024-04-30	6	5	1	Detractor
NULL	1274	2025-04-30	7	5	2	Detractor
NULL	1274	2025-07-31	5	4	2	Detractor
NULL	1274	2025-10-31	4	4	1	Passive
NULL	1274	2026-01-31	5	5	7	Detractor
NULL	1274	2026-04-30	6	7	3	Detractor
NULL	1274	2026-07-31	6	4	3	Detractor
NULL	1275	2024-01-31	7	5	6	Promoter
NULL	1275	2024-04-30	5	5	6	Detractor
NULL	1275	2024-07-31	7	7	3	Passive
NULL	1275	2024-10-31	6	1	2	Detractor
NULL	1275	2025-01-31	5	NULL	NULL	Detractor
NULL	1275	2025-04-30	8	7	1	Passive
NULL	1275	2025-10-31	4	6	6	Passive
NULL	1275	2026-07-31	7	9	6	Promoter
NULL	1277	2024-10-31	8	7	5	Detractor
NULL	1277	2025-01-31	4	2	7	Detractor
NULL	1277	2025-04-30	4	5	2	Passive
NULL	1277	2025-07-31	3	4	8	Passive
NULL	1277	2025-10-31	6	5	2	Detractor
NULL	1277	2026-01-31	4	2	5	Detractor
NULL	1277	2026-04-30	2	2	5	Detractor
NULL	1277	2026-07-31	7	5	7	Passive
NULL	1278	2025-10-31	7	3	10	Promoter
NULL	1278	2026-01-31	10	9	5	Passive
NULL	1278	2026-04-30	10	8	3	Passive
NULL	1278	2026-07-31	7	7	10	Detractor
NULL	1279	2024-10-31	2	5	1	Promoter
NULL	1279	2025-04-30	2	5	6	Detractor
NULL	1279	2025-07-31	4	2	4	Detractor
NULL	1279	2025-10-31	2	2	1	Detractor
NULL	1279	2026-01-31	3	6	3	Detractor
NULL	1279	2026-04-30	3	5	2	Passive
NULL	1279	2026-07-31	5	1	2	Passive
NULL	1280	2024-01-31	7	7	7	Passive
NULL	1280	2024-04-30	10	6	7	Promoter
NULL	1280	2024-10-31	8	10	NULL	Passive
NULL	1280	2025-01-31	10	9	6	Promoter
NULL	1280	2025-04-30	8	7	NULL	Passive
NULL	1280	2026-01-31	6	10	7	Detractor
NULL	1280	2026-07-31	3	10	9	Detractor
NULL	1281	2024-01-31	9	10	8	Passive
NULL	1281	2024-04-30	5	7	4	Passive
NULL	1281	2024-07-31	4	6	6	Passive
NULL	1281	2025-01-31	8	6	7	Detractor
NULL	1281	2025-07-31	10	7	6	Passive
NULL	1281	2026-01-31	8	3	2	Passive
NULL	1281	2026-07-31	8	10	7	Promoter
NULL	1282	2026-04-30	7	8	7	Passive
NULL	1282	2026-07-31	8	9	7	Detractor
NULL	1283	2024-07-31	9	7	7	Promoter
NULL	1283	2024-10-31	7	4	1	Detractor
NULL	1283	2025-01-31	4	8	1	Passive
NULL	1283	2025-04-30	2	5	6	Detractor
NULL	1283	2025-07-31	10	6	4	Passive
NULL	1283	2025-10-31	9	6	6	Promoter
NULL	1283	2026-01-31	3	4	6	Detractor
NULL	1283	2026-04-30	4	6	6	Detractor
NULL	1285	2024-04-30	4	5	10	Passive
NULL	1285	2024-07-31	6	4	8	Detractor
NULL	1285	2024-10-31	7	1	7	Passive
NULL	1285	2025-01-31	2	5	6	Detractor
NULL	1285	2025-04-30	6	7	1	Passive
NULL	1285	2025-07-31	6	8	5	Detractor
NULL	1285	2025-10-31	7	2	1	Promoter
NULL	1285	2026-01-31	7	8	3	Passive
NULL	1285	2026-07-31	7	7	8	Detractor
NULL	1286	2024-07-31	7	6	3	Passive
NULL	1286	2024-10-31	3	10	3	Detractor
NULL	1286	2025-01-31	5	5	7	Detractor
NULL	1286	2025-04-30	6	6	9	Detractor
NULL	1286	2025-07-31	7	8	8	Passive
NULL	1286	2026-04-30	9	5	6	Promoter
NULL	1287	2024-01-31	6	7	1	Passive
NULL	1287	2024-07-31	5	6	5	Detractor
NULL	1287	2024-10-31	3	3	1	Promoter
NULL	1287	2025-01-31	5	5	5	Detractor
NULL	1287	2025-04-30	5	3	6	Passive
NULL	1287	2025-10-31	3	7	1	Detractor
NULL	1287	2026-01-31	4	3	9	Detractor
NULL	1287	2026-07-31	4	2	4	Detractor
NULL	1288	2025-10-31	9	7	NULL	Promoter
NULL	1288	2026-04-30	9	10	3	Promoter
NULL	1288	2026-07-31	9	7	9	Promoter
NULL	1289	2025-10-31	6	10	10	Detractor
NULL	1289	2026-04-30	9	8	9	Promoter
NULL	1289	2026-07-31	8	10	8	Passive
NULL	1290	2024-07-31	6	4	1	Detractor
NULL	1290	2025-07-31	2	5	4	Passive
NULL	1290	2026-01-31	3	1	1	Detractor
NULL	1290	2026-07-31	1	4	1	Detractor
NULL	1291	2024-01-31	4	6	4	Passive
NULL	1291	2024-04-30	2	4	2	Detractor
NULL	1291	2024-07-31	4	NULL	1	Detractor
NULL	1291	2024-10-31	1	6	7	Detractor
NULL	1291	2025-01-31	9	2	3	Promoter
NULL	1291	2025-04-30	4	4	6	Detractor
NULL	1291	2025-07-31	8	7	1	Promoter
NULL	1291	2026-01-31	3	5	5	Detractor
NULL	1291	2026-07-31	4	NULL	3	Detractor
NULL	1292	2024-01-31	3	3	1	Passive
NULL	1292	2024-04-30	3	6	1	Detractor
NULL	1292	2024-07-31	3	1	1	Detractor
NULL	1293	2024-07-31	4	5	4	Passive
NULL	1293	2024-10-31	6	7	6	Detractor
NULL	1293	2025-01-31	5	3	7	Detractor
NULL	1293	2025-04-30	5	3	8	Passive
NULL	1293	2025-10-31	5	6	2	Passive
NULL	1293	2026-01-31	5	5	5	Passive
NULL	1293	2026-04-30	3	8	NULL	Passive
NULL	1294	2024-01-31	4	4	1	Passive
NULL	1294	2024-07-31	3	5	NULL	Detractor
NULL	1294	2024-10-31	4	1	1	Detractor
NULL	1294	2025-01-31	2	1	1	Passive
NULL	1294	2025-04-30	1	6	1	Detractor
NULL	1294	2025-07-31	3	2	1	Detractor
NULL	1294	2025-10-31	2	1	4	Detractor
NULL	1294	2026-01-31	6	5	1	Detractor
NULL	1294	2026-04-30	1	4	1	Detractor
NULL	1294	2026-07-31	8	1	1	Passive
NULL	1295	2024-07-31	5	4	3	Passive
NULL	1295	2024-10-31	5	7	5	Passive
NULL	1295	2025-01-31	6	6	4	Detractor
NULL	1295	2025-07-31	6	7	8	Detractor
NULL	1295	2025-10-31	5	2	7	Detractor
NULL	1295	2026-01-31	2	2	6	Detractor
NULL	1295	2026-04-30	4	4	6	Promoter
NULL	1295	2026-07-31	6	4	5	Detractor
NULL	1296	2025-10-31	5	4	NULL	Passive
NULL	1296	2026-01-31	5	5	1	Detractor
NULL	1296	2026-04-30	5	5	2	Detractor
NULL	1296	2026-07-31	3	5	1	Passive
NULL	1297	2024-01-31	10	NULL	10	Promoter
NULL	1297	2024-04-30	10	10	4	Promoter
NULL	1297	2024-07-31	10	9	10	Promoter
NULL	1297	2024-10-31	9	10	1	Promoter
NULL	1297	2025-01-31	9	9	4	Promoter
NULL	1297	2025-04-30	10	9	9	Promoter
NULL	1297	2025-07-31	7	7	10	Passive
NULL	1297	2025-10-31	8	7	7	Passive
NULL	1297	2026-04-30	9	NULL	10	Promoter
NULL	1297	2026-07-31	9	7	10	Promoter
NULL	1298	2024-04-30	1	2	1	Detractor
NULL	1299	2024-01-31	7	4	5	Promoter
NULL	1299	2024-04-30	8	3	6	Detractor
NULL	1299	2024-07-31	7	9	3	Passive
NULL	1299	2025-04-30	6	6	2	Detractor
NULL	1299	2026-04-30	7	9	10	Promoter
NULL	1299	2026-07-31	4	3	7	Detractor
NULL	1300	2026-01-31	8	4	6	Passive
NULL	1300	2026-04-30	6	6	7	Passive
NULL	1301	2024-01-31	10	10	NULL	Promoter
NULL	1301	2024-04-30	3	6	NULL	Detractor
NULL	1301	2024-07-31	8	2	3	Promoter
NULL	1301	2025-04-30	8	6	5	Promoter
NULL	1301	2025-10-31	6	4	7	Detractor
NULL	1301	2026-01-31	5	5	8	Passive
NULL	1302	2024-01-31	7	5	6	Detractor
NULL	1302	2024-04-30	5	7	5	Detractor
NULL	1302	2024-07-31	9	9	7	Promoter
NULL	1302	10/31/2024	10	8	10	Promoter
NULL	1302	2025-01-31	8	8	4	Promoter
NULL	1302	2025-04-30	7	7	1	Promoter
NULL	1302	2026-01-31	7	7	8	Promoter
NULL	1302	2026-04-30	6	10	6	Passive
NULL	1302	2026-07-31	5	7	7	Detractor
NULL	1303	2024-01-31	3	4	2	Detractor
NULL	1303	2024-07-31	2	2	3	Passive
NULL	1303	2025-04-30	6	2	3	Detractor
NULL	1303	2026-04-30	9	3	5	Promoter
NULL	1303	2026-07-31	6	7	3	Detractor
NULL	1304	2024-07-31	5	3	9	Detractor
NULL	1304	2025-01-31	7	6	6	Passive
NULL	1304	04/30/2025	6	7	1	Passive
NULL	1304	2026-01-31	7	6	3	Detractor
NULL	1304	2026-07-31	6	4	7	Detractor
NULL	1305	2024-01-31	7	7	9	Passive
NULL	1305	2024-04-30	6	8	1	Passive
NULL	1305	2024-10-31	6	6	4	Passive
NULL	1305	2025-01-31	5	4	7	Detractor
NULL	1305	2025-10-31	7	4	3	Passive
NULL	1305	2026-04-30	5	4	1	Passive
NULL	1305	2026-07-31	5	5	4	Promoter
NULL	1307	2025-01-31	4	5	3	Detractor
NULL	1307	2025-04-30	3	1	2	Detractor
NULL	1307	2025-07-31	1	4	3	Detractor
NULL	1307	2025-10-31	3	3	3	Passive
NULL	1307	01/31/2026	3	4	4	Passive
NULL	1307	2026-04-30	5	4	1	Passive
NULL	1307	2026-07-31	1	4	1	Detractor
NULL	1308	2024-04-30	6	2	3	Passive
NULL	1308	2024-07-31	7	2	7	Promoter
NULL	1308	2024-10-31	6	3	2	Detractor
NULL	1308	2025-01-31	10	NULL	2	Promoter
NULL	1308	2025-04-30	5	8	NULL	Detractor
NULL	1308	2026-01-31	7	5	10	Detractor
NULL	1308	2026-04-30	6	5	3	Detractor
NULL	1308	2026-07-31	10	4	3	Promoter
NULL	1309	2026-04-30	8	4	7	Promoter
NULL	1309	2026-07-31	6	4	6	Detractor
NULL	1310	2025-04-30	8	4	8	Passive
NULL	1310	2025-07-31	6	6	9	Promoter
NULL	1310	2025-10-31	9	8	5	Promoter
NULL	1310	2026-01-31	6	6	10	Detractor
NULL	1310	2026-04-30	8	9	10	Passive
NULL	1310	2026-07-31	8	10	2	Promoter
NULL	1311	2025-07-31	1	3	NULL	Detractor
NULL	1311	2025-10-31	5	4	2	Detractor
NULL	1311	2026-01-31	1	1	1	Detractor
NULL	1311	2026-07-31	2	3	3	Passive
NULL	1312	2024-04-30	8	8	7	Promoter
NULL	1312	07/31/2024	10	8	8	Promoter
NULL	1312	2024-10-31	10	9	10	Promoter
NULL	1312	2025-04-30	10	10	9	Promoter
NULL	1312	2025-10-31	10	8	4	Promoter
NULL	1312	2026-04-30	10	10	8	Promoter
NULL	1312	2026-07-31	9	7	10	Promoter
NULL	1313	2026-07-31	7	4	10	Passive
NULL	1314	2024-07-31	1	1	2	Detractor
NULL	1314	2024-10-31	2	5	3	Detractor
NULL	1314	2025-01-31	3	1	1	Detractor
NULL	1314	2025-04-30	2	1	1	Detractor
NULL	1314	2026-01-31	2	1	4	Detractor
NULL	1314	2026-04-30	2	1	1	Passive
NULL	1315	2024-01-31	9	2	5	Promoter
NULL	1315	2024-04-30	10	5	6	Promoter
NULL	1315	2024-07-31	6	6	3	Detractor
NULL	1315	2024-10-31	10	8	8	Promoter
NULL	1315	2025-04-30	7	10	3	Detractor
NULL	1315	2025-07-31	10	6	6	Promoter
NULL	1315	2025-10-31	5	4	6	Detractor
NULL	1315	2026-01-31	9	4	6	Promoter
NULL	1315	2026-07-31	6	9	7	Detractor
NULL	1316	01/31/2024	9	7	8	Promoter
NULL	1316	2024-07-31	9	6	3	Promoter
NULL	1316	2024-10-31	6	4	10	Passive
NULL	1316	2025-01-31	10	7	8	Detractor
NULL	1316	2025-10-31	8	7	5	Passive
NULL	1316	04/30/2026	10	9	3	Promoter
NULL	1316	2026-07-31	8	6	10	Detractor
NULL	1317	2025-01-31	1	1	2	Detractor
NULL	1317	2025-04-30	2	5	4	Detractor
NULL	1317	2025-07-31	3	1	1	Detractor
NULL	1317	2026-01-31	1	3	5	Detractor
NULL	1317	2026-07-31	2	5	4	Detractor
NULL	1318	2024-04-30	3	5	5	Detractor
NULL	1318	2024-07-31	4	4	4	Promoter
NULL	1318	2024-10-31	9	5	6	Passive
NULL	1318	2025-01-31	6	5	6	Detractor
NULL	1318	2025-04-30	7	6	4	Passive
NULL	1318	2025-07-31	7	4	8	Promoter
NULL	1318	10/31/2025	5	4	1	Detractor
NULL	1318	2026-01-31	6	5	9	Detractor
NULL	1318	2026-04-30	3	6	6	Detractor
NULL	1318	2026-07-31	5	7	5	Detractor
NULL	1319	2024-01-31	3	4	6	Detractor
NULL	1319	2024-04-30	6	4	7	Detractor
NULL	1319	2024-07-31	4	4	4	Detractor
NULL	1319	2025-01-31	6	3	7	Detractor
NULL	1319	2025-04-30	3	1	4	Detractor
NULL	1319	2025-07-31	4	2	2	Detractor
NULL	1319	2026-01-31	5	2	3	Passive
NULL	1319	2026-04-30	6	2	6	Passive
NULL	1319	2026-07-31	1	2	4	Passive
NULL	1320	2026-01-31	10	10	9	Promoter
NULL	1321	2024-07-31	4	1	1	Detractor
NULL	1321	2024-10-31	1	2	1	Passive
NULL	1321	2025-01-31	4	1	1	Detractor
NULL	1321	2025-04-30	1	1	4	Detractor
NULL	1321	2025-07-31	3	1	1	Detractor
NULL	1321	2025-10-31	1	1	1	Detractor
NULL	1321	2026-04-30	1	NULL	1	Passive
NULL	1321	2026-07-31	4	1	3	Detractor
NULL	1322	2024-01-31	7	4	9	Passive
NULL	1322	2024-04-30	9	8	4	Promoter
NULL	1322	2025-01-31	6	5	9	Detractor
NULL	1322	2025-04-30	9	7	8	Promoter
NULL	1322	2025-07-31	7	NULL	6	Detractor
NULL	1322	2025-10-31	2	6	1	Passive
NULL	1322	2026-04-30	9	3	7	Promoter
NULL	1322	2026-07-31	8	6	8	Passive
NULL	1323	2025-01-31	2	1	1	Detractor
NULL	1323	2025-10-31	1	1	1	Detractor
NULL	1323	2026-01-31	3	1	1	Passive
NULL	1323	2026-04-30	5	6	1	Detractor
NULL	1323	2026-07-31	1	1	4	Promoter
NULL	1324	2024-01-31	9	6	10	Passive
NULL	1324	2024-04-30	8	10	10	Promoter
NULL	1324	2024-07-31	9	5	9	Promoter
NULL	1324	2024-10-31	10	NULL	9	Promoter
NULL	1324	2025-04-30	10	9	6	Promoter
NULL	1324	2025-10-31	10	8	5	Detractor
NULL	1324	2026-01-31	6	10	6	Detractor
NULL	1324	2026-04-30	6	8	7	Detractor
NULL	1324	2026-07-31	10	5	8	Promoter
NULL	1325	2024-01-31	8	7	7	Promoter
NULL	1325	2024-07-31	6	6	10	Detractor
NULL	1325	2025-01-31	6	6	9	Detractor
NULL	1325	2025-04-30	10	3	8	Promoter
NULL	1325	2025-10-31	5	7	3	Detractor
NULL	1325	2026-04-30	6	6	4	Detractor
NULL	1325	2026-07-31	3	3	1	Passive
NULL	1328	2024-01-31	8	7	7	Passive
NULL	1328	2024-04-30	10	4	7	Promoter
NULL	1328	2024-07-31	8	2	9	Detractor
NULL	1328	2024-10-31	7	7	7	Promoter
NULL	1328	2025-01-31	4	6	3	Detractor
NULL	1328	2025-04-30	5	4	7	Detractor
NULL	1328	2025-07-31	6	5	4	Passive
NULL	1328	2025-10-31	8	7	4	Promoter
NULL	1328	2026-04-30	4	2	2	Detractor
NULL	1328	2026-07-31	5	6	7	Detractor
NULL	1329	2026-04-30	5	4	4	Passive
NULL	1331	2025-10-31	1	6	4	Detractor
NULL	1331	2026-01-31	6	1	2	Detractor
NULL	1331	2026-04-30	3	3	1	Passive
NULL	1331	2026-07-31	3	2	4	Detractor
NULL	1332	04/30/2024	7	3	7	Passive
NULL	1332	2024-07-31	8	5	2	Promoter
NULL	1332	2024-10-31	6	8	5	Detractor
NULL	1332	2025-01-31	9	8	4	Promoter
NULL	1332	2025-10-31	7	10	4	Passive
NULL	1332	2026-01-31	8	5	8	Passive
NULL	1332	2026-04-30	6	8	7	Promoter
NULL	1332	2026-07-31	6	5	6	Passive
NULL	1333	2025-04-30	5	8	7	Detractor
NULL	1333	2025-07-31	3	7	3	Detractor
NULL	1333	2025-10-31	6	NULL	6	Detractor
NULL	1333	2026-01-31	6	5	2	Detractor
NULL	1333	2026-04-30	8	7	6	Passive
NULL	1335	2024-01-31	6	3	1	Detractor
NULL	1335	2024-07-31	7	4	5	Detractor
NULL	1335	2024-10-31	4	8	3	Detractor
NULL	1335	2025-01-31	6	6	8	Detractor
NULL	1335	2025-04-30	5	5	6	Detractor
NULL	1335	2025-07-31	4	3	6	Detractor
NULL	1335	10/31/2025	6	9	4	Detractor
NULL	1335	2026-04-30	6	8	2	Detractor
NULL	1335	2026-07-31	6	7	4	Promoter
NULL	1336	2024-01-31	7	1	6	Promoter
NULL	1336	2024-04-30	7	3	4	Promoter
NULL	1336	2024-10-31	3	4	NULL	Detractor
NULL	1336	2025-01-31	4	4	2	Detractor
NULL	1336	2025-04-30	4	5	3	Detractor
NULL	1336	2026-04-30	4	5	NULL	Passive
NULL	1337	2026-04-30	10	10	NULL	Passive
NULL	1337	2026-07-31	10	4	7	Promoter
NULL	1338	2026-04-30	7	5	8	Detractor
NULL	1339	2024-01-31	2	5	4	Passive
NULL	1339	2024-04-30	3	1	4	Detractor
NULL	1339	2024-07-31	7	2	7	Promoter
NULL	1339	2025-01-31	5	1	5	Detractor
NULL	1339	2025-04-30	5	3	6	Passive
NULL	1339	2025-07-31	4	4	1	Passive
NULL	1339	2025-10-31	2	5	2	Passive
NULL	1339	01/31/2026	3	5	1	Detractor
NULL	1339	2026-04-30	1	5	1	Detractor
NULL	1339	2026-07-31	1	1	2	Passive
NULL	1340	2024-07-31	8	3	NULL	Passive
NULL	1340	2024-10-31	6	2	6	Passive
NULL	1340	2025-01-31	9	6	4	Promoter
NULL	1340	2025-04-30	7	6	2	Promoter
NULL	1340	2025-07-31	9	10	5	Promoter
NULL	1340	2025-10-31	6	8	1	Passive
NULL	1340	2026-07-31	5	3	5	Passive
NULL	1341	2024-01-31	3	2	2	Passive
NULL	1341	2024-04-30	7	5	4	Promoter
NULL	1341	2024-07-31	9	5	5	Promoter
NULL	1341	2025-01-31	5	7	1	Detractor
NULL	1341	2025-04-30	6	5	7	Detractor
NULL	1341	2026-01-31	3	1	9	Detractor
NULL	1341	2026-04-30	6	2	8	Detractor
NULL	1341	2026-07-31	6	5	2	Detractor
NULL	1342	2026-07-31	10	6	6	Promoter
NULL	1343	2026-04-30	5	5	3	Detractor
NULL	1343	2026-07-31	5	7	1	Detractor
NULL	1344	2025-01-31	6	3	3	Detractor
NULL	1344	2025-04-30	5	5	7	Detractor
NULL	1344	2025-10-31	1	5	5	Passive
NULL	1344	2026-01-31	5	2	1	Detractor
NULL	1344	2026-07-31	4	8	6	Passive
NULL	1345	2026-07-31	3	6	1	Detractor
NULL	1346	2024-01-31	4	4	4	Detractor
NULL	1346	2024-04-30	5	2	1	Passive
NULL	1346	2024-07-31	3	6	4	Detractor
NULL	1346	2024-10-31	4	3	3	Promoter
NULL	1346	2025-01-31	6	2	3	Detractor
NULL	1346	2025-04-30	2	1	2	Detractor
NULL	1346	2025-07-31	4	9	4	Passive
NULL	1346	2025-10-31	6	6	4	Detractor
NULL	1346	2026-01-31	4	2	6	Promoter
NULL	1346	2026-04-30	6	4	2	Detractor
NULL	1346	2026-07-31	1	4	1	Detractor
NULL	1347	2025-07-31	8	6	4	Promoter
NULL	1347	2025-10-31	6	3	5	Detractor
NULL	1347	2026-01-31	5	6	4	Promoter
NULL	1347	2026-07-31	7	7	6	Passive
NULL	1348	2025-04-30	10	8	1	Promoter
NULL	1348	2025-07-31	10	8	10	Promoter
NULL	1348	10/31/2025	4	6	10	Passive
NULL	1348	2026-01-31	6	10	5	Promoter
NULL	1348	2026-04-30	6	5	6	Passive
NULL	1348	2026-07-31	7	5	7	Promoter
NULL	1349	2025-04-30	9	8	9	Promoter
NULL	1349	2025-07-31	10	5	7	Promoter
NULL	1349	2025-10-31	8	10	7	Passive
NULL	1349	2026-01-31	8	10	7	Promoter
NULL	1349	2026-04-30	8	10	9	Detractor
NULL	1349	07/31/2026	10	7	5	Promoter
NULL	1350	2024-01-31	7	6	5	Passive
NULL	1350	2024-04-30	5	6	6	Detractor
NULL	1350	2024-07-31	7	8	4	Promoter
NULL	1350	2024-10-31	6	9	2	Passive
NULL	1350	2025-01-31	5	9	6	Detractor
NULL	1350	2025-07-31	7	4	5	Promoter
NULL	1350	2025-10-31	5	4	3	Passive
NULL	1350	2026-01-31	7	4	3	Promoter
NULL	1350	2026-07-31	6	7	1	Detractor
NULL	1351	2024-07-31	8	8	9	Promoter
NULL	1351	2024-10-31	6	8	8	Detractor
NULL	1351	2025-01-31	10	8	8	Promoter
NULL	1351	2025-10-31	10	8	8	Promoter
NULL	1351	2026-01-31	10	8	7	Promoter
NULL	1351	2026-04-30	9	6	10	Promoter
NULL	1351	2026-07-31	7	8	7	Passive
NULL	1352	2024-01-31	2	3	10	Promoter
NULL	1352	2024-07-31	5	5	7	Detractor
NULL	1352	10/31/2024	6	10	2	Passive
NULL	1352	01/31/2025	8	4	5	Detractor
NULL	1352	04/30/2025	6	4	1	Detractor
NULL	1352	2026-01-31	6	6	9	Promoter
NULL	1352	2026-04-30	5	5	3	Passive
NULL	1352	2026-07-31	5	4	2	Detractor
NULL	1353	2024-10-31	7	8	8	Passive
NULL	1353	2025-04-30	7	5	8	Passive
NULL	1353	2025-07-31	6	NULL	4	Detractor
NULL	1353	2025-10-31	10	6	4	Promoter
NULL	1353	2026-01-31	6	4	6	Promoter
NULL	1353	2026-07-31	9	4	1	Promoter
NULL	1354	2025-10-31	7	5	3	Detractor
NULL	1354	2026-01-31	1	NULL	3	Detractor
NULL	1354	2026-04-30	4	1	4	Detractor
NULL	1354	2026-07-31	5	2	5	Detractor
NULL	1355	2025-07-31	5	4	NULL	Passive
NULL	1355	2026-01-31	6	3	2	Detractor
NULL	1355	2026-04-30	5	4	4	Passive
NULL	1355	2026-07-31	3	4	1	Detractor
NULL	1356	2026-04-30	6	4	1	Detractor
NULL	1356	2026-07-31	3	1	3	Detractor
NULL	1357	2024-01-31	6	8	9	Detractor
NULL	1357	2024-04-30	6	8	7	Detractor
NULL	1357	2024-07-31	1	5	2	Detractor
NULL	1357	2024-10-31	6	4	9	Detractor
NULL	1357	2025-01-31	9	7	2	Passive
NULL	1357	2025-04-30	6	4	4	Detractor
NULL	1357	2025-07-31	6	4	9	Passive
NULL	1357	2026-01-31	8	5	3	Detractor
NULL	1358	2024-01-31	6	7	6	Promoter
NULL	1358	2024-07-31	5	6	3	Detractor
NULL	1358	2024-10-31	7	3	6	Passive
NULL	1358	2025-01-31	9	7	4	Promoter
NULL	1358	2025-07-31	7	4	2	Passive
NULL	1358	2025-10-31	6	2	5	Detractor
NULL	1358	2026-04-30	3	8	9	Detractor
NULL	1358	2026-07-31	4	6	4	Detractor
NULL	1359	2025-07-31	6	1	1	Detractor
NULL	1359	2025-10-31	3	7	2	Passive
NULL	1359	2026-01-31	7	7	3	Detractor
NULL	1359	2026-07-31	5	5	NULL	Passive
NULL	1360	2025-04-30	2	1	NULL	Detractor
NULL	1360	2025-07-31	5	4	4	Passive
NULL	1360	2025-10-31	3	1	7	Passive
NULL	1360	2026-01-31	5	8	1	Detractor
NULL	1362	2025-04-30	4	5	2	Passive
NULL	1362	2025-07-31	5	5	4	Detractor
NULL	1362	2025-10-31	6	3	6	Detractor
NULL	1362	2026-04-30	8	4	4	Detractor
NULL	1362	2026-07-31	3	6	1	Passive
NULL	1363	2025-10-31	6	6	2	Detractor
NULL	1363	2026-01-31	9	6	10	Detractor
NULL	1363	2026-04-30	4	10	5	Passive
NULL	1363	2026-07-31	7	NULL	4	Promoter
NULL	1364	2024-10-31	5	4	9	Detractor
NULL	1364	2025-01-31	5	1	3	Detractor
NULL	1364	2025-04-30	5	9	2	Detractor
NULL	1364	2025-07-31	5	6	3	Detractor
NULL	1364	2025-10-31	6	6	5	Detractor
NULL	1364	2026-01-31	6	6	3	Detractor
NULL	1365	2024-01-31	10	7	1	Promoter
NULL	1365	2024-07-31	7	6	5	Promoter
NULL	1365	2024-10-31	7	8	2	Promoter
NULL	1365	04/30/2025	6	3	5	Detractor
NULL	1365	2025-07-31	6	6	2	Detractor
NULL	1365	2025-10-31	4	8	4	Promoter
NULL	1365	2026-01-31	6	8	5	Detractor
NULL	1365	2026-07-31	6	5	7	Detractor
NULL	1366	2025-01-31	8	6	7	Detractor
NULL	1366	2025-04-30	7	8	8	Passive
NULL	1366	2025-10-31	7	3	7	Passive
NULL	1366	01/31/2026	10	8	4	Promoter
NULL	1366	2026-04-30	7	7	10	Passive
NULL	1366	2026-07-31	6	5	10	Detractor
NULL	1367	2025-04-30	7	6	7	Passive
NULL	1367	2025-07-31	6	7	6	Detractor
NULL	1367	2026-01-31	10	9	1	Passive
NULL	1367	2026-04-30	9	10	4	Promoter
NULL	1368	2024-01-31	7	1	8	Passive
NULL	1368	2024-04-30	4	3	1	Detractor
NULL	1368	2024-07-31	4	7	9	Detractor
NULL	1368	2025-01-31	6	3	9	Detractor
NULL	1368	2025-04-30	6	6	2	Detractor
NULL	1368	2025-10-31	8	2	5	Promoter
NULL	1368	2026-01-31	6	NULL	4	Detractor
NULL	1369	2025-04-30	7	4	9	Passive
NULL	1369	2025-07-31	8	9	3	Detractor
NULL	1369	2026-01-31	7	10	6	Detractor
NULL	1369	2026-04-30	6	3	8	Detractor
NULL	1369	2026-07-31	5	9	3	Detractor
NULL	1370	2024-04-30	7	6	4	Detractor
NULL	1370	2024-07-31	7	2	3	Promoter
NULL	1370	2024-10-31	6	8	2	Passive
NULL	1370	2025-01-31	5	3	4	Detractor
NULL	1370	10/31/2025	6	3	6	Detractor
NULL	1370	2026-04-30	8	7	2	Promoter
NULL	1370	2026-07-31	1	5	NULL	Passive
NULL	1371	2025-10-31	5	8	5	Detractor
NULL	1371	2026-01-31	8	8	8	Passive
NULL	1371	2026-04-30	10	5	7	Detractor
NULL	1372	2025-07-31	5	4	4	Passive
NULL	1372	2026-01-31	3	3	3	Detractor
NULL	1372	2026-04-30	7	2	2	Promoter
NULL	1373	2024-10-31	8	8	10	Passive
NULL	1373	2025-04-30	10	9	10	Promoter
NULL	1373	2025-07-31	10	7	NULL	Passive
NULL	1373	2025-10-31	9	10	6	Promoter
NULL	1373	2026-01-31	9	6	5	Promoter
NULL	1373	04/30/2026	7	8	10	Promoter
NULL	1374	2024-01-31	6	4	4	Detractor
NULL	1374	2024-07-31	2	8	5	Detractor
NULL	1374	2025-01-31	2	3	4	Detractor
NULL	1374	2025-07-31	8	7	6	Passive
NULL	1374	2025-10-31	7	4	3	Passive
NULL	1374	2026-01-31	6	8	5	Detractor
NULL	1374	2026-04-30	3	8	10	Detractor
NULL	1374	2026-07-31	5	8	5	Detractor
NULL	1375	2024-01-31	10	10	10	Promoter
NULL	1375	2024-04-30	7	8	10	Promoter
NULL	1375	2025-01-31	7	10	4	Passive
NULL	1375	2025-04-30	10	10	10	Promoter
NULL	1375	2025-07-31	8	NULL	8	Detractor
NULL	1375	2026-01-31	9	8	8	Promoter
NULL	1375	2026-04-30	9	10	8	Promoter
NULL	1376	2025-04-30	6	7	5	Detractor
NULL	1376	2025-07-31	5	4	4	Detractor
NULL	1376	2025-10-31	8	10	5	Passive
NULL	1376	2026-07-31	5	5	3	Detractor
NULL	1377	2024-01-31	6	7	7	Detractor
NULL	1377	2024-07-31	8	6	5	Passive
NULL	1377	2024-10-31	5	4	10	Detractor
NULL	1377	2025-04-30	6	3	8	Promoter
NULL	1377	2025-07-31	10	8	2	Promoter
NULL	1377	2025-10-31	6	6	7	Promoter
NULL	1377	2026-01-31	5	4	1	Detractor
NULL	1377	2026-04-30	5	6	8	Detractor
NULL	1378	2024-04-30	6	10	9	Passive
NULL	1378	2025-01-31	7	8	9	Detractor
NULL	1378	2025-04-30	5	8	4	Detractor
NULL	1378	2025-07-31	4	7	10	Detractor
NULL	1378	2026-04-30	8	8	1	Passive
NULL	1379	2024-01-31	4	7	5	Detractor
NULL	1379	2024-04-30	6	7	3	Passive
NULL	1379	2024-07-31	7	6	5	Detractor
NULL	1379	2024-10-31	8	5	10	Passive
NULL	1379	2025-01-31	8	2	3	Promoter
NULL	1379	2025-04-30	6	8	NULL	Detractor
NULL	1379	2025-07-31	4	6	3	Detractor
NULL	1379	2025-10-31	6	7	NULL	Detractor
NULL	1379	2026-01-31	4	9	5	Passive
NULL	1379	2026-04-30	8	6	7	Passive
NULL	1379	2026-07-31	4	6	7	Passive
NULL	1380	2024-10-31	4	3	10	Detractor
NULL	1380	2025-01-31	6	6	8	Detractor
NULL	1380	2025-04-30	6	9	5	Detractor
NULL	1380	2026-01-31	7	3	3	Passive
NULL	1380	2026-07-31	4	6	6	Passive
NULL	1382	2024-01-31	7	7	1	Detractor
NULL	1382	2024-07-31	7	7	NULL	Passive
NULL	1382	10/31/2024	6	5	4	Passive
NULL	1382	2025-07-31	7	4	5	Passive
NULL	1382	2026-01-31	6	6	2	Passive
NULL	1382	2026-04-30	8	5	6	Passive
NULL	1382	2026-07-31	5	6	7	Detractor
NULL	1383	2026-04-30	10	6	9	Promoter
NULL	1384	2026-07-31	9	5	5	Promoter
NULL	1385	2025-01-31	10	10	7	Promoter
NULL	1385	2025-07-31	9	7	9	Promoter
NULL	1385	2026-01-31	10	7	9	Promoter
NULL	1386	2025-10-31	7	1	4	Passive
NULL	1386	2026-01-31	6	5	5	Passive
NULL	1386	2026-04-30	3	7	NULL	Passive
NULL	1386	2026-07-31	6	7	8	Promoter
NULL	1387	2025-04-30	1	1	4	Detractor
NULL	1388	2026-01-31	8	6	7	Promoter
NULL	1388	2026-07-31	8	NULL	5	Promoter
NULL	1389	2024-01-31	3	4	1	Detractor
NULL	1389	2024-04-30	6	3	5	Detractor
NULL	1389	2024-07-31	6	7	2	Passive
NULL	1389	2024-10-31	6	7	3	Detractor
NULL	1389	2025-01-31	10	4	6	Passive
NULL	1389	2025-04-30	8	7	7	Detractor
NULL	1389	2025-07-31	9	1	6	Promoter
NULL	1389	2025-10-31	10	7	3	Promoter
NULL	1389	2026-01-31	6	9	5	Passive
NULL	1389	2026-04-30	5	4	2	Detractor
NULL	1393	2025-04-30	4	3	9	Detractor
NULL	1393	2025-07-31	4	2	4	Promoter
NULL	1393	2026-01-31	4	NULL	NULL	Promoter
NULL	1394	2024-04-30	2	6	5	Detractor
NULL	1394	2024-07-31	6	5	7	Passive
NULL	1394	2025-01-31	6	6	8	Detractor
NULL	1394	2025-04-30	8	3	5	Passive
NULL	1394	2026-01-31	5	6	5	Passive
NULL	1394	2026-07-31	6	1	5	Detractor
NULL	1395	2024-01-31	7	7	6	Passive
NULL	1395	2024-04-30	6	7	8	Detractor
NULL	1395	2024-10-31	6	6	6	Detractor
NULL	1395	2025-04-30	8	8	4	Passive
NULL	1395	2025-07-31	6	7	7	Detractor
NULL	1395	2025-10-31	8	8	4	Passive
NULL	1395	2026-04-30	4	7	6	Detractor
NULL	1395	2026-07-31	8	8	10	Promoter
NULL	1396	2024-01-31	7	5	6	Detractor
NULL	1396	2024-04-30	6	4	10	Passive
NULL	1396	2024-07-31	4	2	4	Detractor
NULL	1396	2024-10-31	7	10	8	Promoter
NULL	1396	2025-04-30	7	2	6	Detractor
NULL	1396	2025-07-31	8	3	7	Promoter
NULL	1396	2026-01-31	5	5	NULL	Detractor
NULL	1396	2026-04-30	9	8	9	Passive
NULL	1396	2026-07-31	1	2	10	Passive
NULL	1397	2026-01-31	7	8	5	Promoter
NULL	1397	2026-04-30	8	10	4	Passive
NULL	1397	2026-07-31	8	4	3	Detractor
NULL	1398	2025-01-31	5	4	4	Passive
NULL	1398	2025-04-30	3	4	1	Detractor
NULL	1398	07/31/2025	8	8	4	Promoter
NULL	1398	2025-10-31	4	NULL	3	Passive
NULL	1398	2026-01-31	5	3	1	Detractor
NULL	1398	2026-04-30	6	5	1	Detractor
NULL	1398	2026-07-31	3	4	1	Passive
NULL	1399	2024-04-30	5	8	3	Detractor
NULL	1399	2024-07-31	3	3	7	Passive
NULL	1399	2025-04-30	7	6	4	Passive
NULL	1399	2025-07-31	10	4	7	Promoter
NULL	1399	2025-10-31	7	6	5	Passive
NULL	1399	2026-01-31	6	3	5	Detractor
NULL	1399	2026-04-30	6	4	2	Detractor
NULL	1399	2026-07-31	10	7	4	Passive
NULL	1400	2024-01-31	10	10	2	Promoter
NULL	1400	2024-04-30	6	9	8	Promoter
NULL	1400	2024-10-31	5	7	7	Detractor
NULL	1400	2025-01-31	7	10	NULL	Passive
NULL	1400	2025-07-31	9	4	NULL	Promoter
NULL	1400	2026-01-31	8	7	9	Detractor
NULL	1400	2026-04-30	9	10	7	Passive
NULL	1400	2026-07-31	9	6	4	Promoter
NULL	1401	2024-01-31	10	7	4	Passive
NULL	1401	2024-07-31	4	6	3	Detractor
NULL	1401	2024-10-31	8	8	2	Passive
NULL	1401	2025-04-30	6	6	2	Detractor
NULL	1401	2025-07-31	6	5	5	Detractor
NULL	1401	2025-10-31	5	4	9	Detractor
NULL	1401	01/31/2026	6	5	9	Passive
NULL	1401	2026-04-30	7	7	9	Detractor
NULL	1401	2026-07-31	5	6	9	Detractor
NULL	1402	2024-04-30	4	4	7	Passive
NULL	1402	2024-10-31	8	7	8	Passive
NULL	1402	2025-01-31	7	8	1	Promoter
NULL	1402	2026-01-31	3	6	4	Detractor
NULL	1402	2026-07-31	6	6	4	Promoter
NULL	1403	2026-01-31	7	4	6	Passive
NULL	1403	2026-04-30	5	10	4	Passive
NULL	1403	2026-07-31	7	9	NULL	Detractor
NULL	1404	2025-10-31	5	3	6	Detractor
NULL	1404	2026-01-31	6	6	6	Detractor
NULL	1404	2026-04-30	6	2	2	Detractor
NULL	1405	2026-04-30	1	5	2	Detractor
NULL	1405	2026-07-31	5	8	4	Detractor
NULL	1406	2024-01-31	1	1	1	Passive
NULL	1406	2024-04-30	1	5	3	Passive
NULL	1406	2024-07-31	3	1	1	Passive
NULL	1406	2025-01-31	1	1	1	Detractor
NULL	1407	2024-10-31	1	1	9	Promoter
NULL	1407	2025-01-31	3	1	1	Detractor
NULL	1407	2025-04-30	4	6	2	Detractor
NULL	1407	2025-07-31	3	1	3	Detractor
NULL	1407	2025-10-31	6	4	1	Detractor
NULL	1407	2026-01-31	1	3	6	Detractor
NULL	1407	2026-04-30	1	1	3	Detractor
NULL	1407	2026-07-31	3	2	1	Detractor
NULL	1408	2024-04-30	4	5	3	Detractor
NULL	1408	2024-07-31	8	6	4	Passive
NULL	1408	2024-10-31	5	7	9	Detractor
NULL	1408	2025-10-31	5	4	3	Passive
NULL	1408	2026-01-31	4	2	7	Detractor
NULL	1408	2026-04-30	2	4	2	Detractor
NULL	1408	2026-07-31	6	3	1	Detractor
NULL	1409	2025-10-31	3	7	7	Detractor
NULL	1409	2026-01-31	6	3	3	Detractor
NULL	1410	2025-07-31	3	4	1	Detractor
NULL	1410	2025-10-31	5	3	1	Passive
NULL	1410	2026-01-31	4	3	1	Detractor
NULL	1410	2026-04-30	1	1	1	Passive
NULL	1410	2026-07-31	1	6	5	Passive
NULL	1411	2024-07-31	4	7	3	Detractor
NULL	1411	2024-10-31	5	9	6	Detractor
NULL	1411	2025-07-31	10	5	1	Promoter
NULL	1411	2025-10-31	6	4	NULL	Detractor
NULL	1411	2026-04-30	8	6	7	Passive
NULL	1411	2026-07-31	8	7	6	Promoter
NULL	1412	2026-07-31	7	7	4	Promoter
NULL	1413	2024-01-31	4	3	10	Passive
NULL	1413	2024-04-30	4	4	6	Passive
NULL	1413	2024-07-31	3	4	6	Passive
NULL	1413	2025-01-31	3	5	2	Detractor
NULL	1413	2025-04-30	3	NULL	5	Passive
NULL	1413	2025-07-31	1	5	4	Detractor
NULL	1413	2025-10-31	2	3	4	Detractor
NULL	1413	2026-01-31	5	6	2	Detractor
NULL	1413	2026-04-30	4	6	4	Detractor
NULL	1414	04/30/2024	5	4	7	Passive
NULL	1414	2024-07-31	6	8	5	Detractor
NULL	1414	2025-01-31	3	1	6	Detractor
NULL	1414	2025-07-31	6	6	1	Detractor
NULL	1415	2024-01-31	3	1	7	Detractor
NULL	1415	2024-10-31	5	1	6	Detractor
NULL	1415	2025-01-31	3	1	NULL	Detractor
NULL	1415	2025-04-30	3	1	2	Detractor
NULL	1415	2025-07-31	3	4	2	Detractor
NULL	1415	2026-01-31	5	1	4	Detractor
NULL	1416	2024-01-31	5	NULL	2	Detractor
NULL	1416	2024-04-30	4	7	5	Detractor
NULL	1416	2024-07-31	6	1	1	Passive
NULL	1416	2025-01-31	5	6	8	Detractor
NULL	1416	2025-10-31	8	3	5	Passive
NULL	1416	2026-04-30	1	5	NULL	Detractor
NULL	1416	2026-07-31	4	4	6	Detractor
NULL	1418	2025-07-31	7	3	4	Passive
NULL	1418	2026-01-31	5	7	4	Promoter
NULL	1418	2026-07-31	7	7	5	Promoter
NULL	1419	04/30/2025	10	6	5	Promoter
NULL	1419	2025-07-31	10	7	6	Promoter
NULL	1419	2025-10-31	7	6	7	Passive
NULL	1419	2026-01-31	9	9	6	Promoter
NULL	1419	2026-04-30	6	9	6	Detractor
NULL	1419	2026-07-31	7	10	5	Passive
NULL	1420	2025-04-30	8	8	5	Passive
NULL	1420	2025-07-31	10	6	9	Detractor
NULL	1420	2025-10-31	8	7	3	Promoter
NULL	1420	2026-01-31	8	8	10	Passive
NULL	1421	2024-01-31	8	5	2	Promoter
NULL	1421	2024-04-30	4	2	2	Passive
NULL	1421	2024-07-31	5	3	NULL	Detractor
NULL	1421	2024-10-31	9	3	8	Promoter
NULL	1421	2025-01-31	5	8	7	Detractor
NULL	1421	2025-04-30	2	8	6	Detractor
NULL	1421	2025-07-31	4	1	4	Detractor
NULL	1421	2025-10-31	7	6	8	Detractor
NULL	1421	2026-01-31	5	5	1	Passive
NULL	1421	2026-04-30	6	4	1	Detractor
NULL	1422	2026-07-31	9	8	NULL	Passive
NULL	1423	2025-10-31	5	1	4	Promoter
NULL	1423	2026-01-31	3	2	1	Detractor
NULL	1423	2026-04-30	6	8	2	Detractor
NULL	1424	2024-04-30	1	7	1	Detractor
NULL	1424	2024-07-31	1	1	6	Detractor
NULL	1424	2024-10-31	1	1	2	Passive
NULL	1425	2024-01-31	10	9	5	Detractor
NULL	1425	2024-04-30	7	6	5	Promoter
NULL	1425	2024-07-31	9	9	10	Promoter
NULL	1425	2024-10-31	8	10	7	Passive
NULL	1425	2025-04-30	8	10	10	Promoter
NULL	1425	2025-07-31	7	7	5	Promoter
NULL	1425	2025-10-31	8	2	10	Passive
NULL	1425	2026-01-31	6	4	2	Passive
NULL	1425	2026-07-31	8	10	7	Detractor
NULL	1426	2025-04-30	9	4	5	Promoter
NULL	1426	2026-01-31	5	4	1	Detractor
NULL	1426	2026-04-30	5	8	7	Detractor
NULL	1426	2026-07-31	6	7	2	Passive
NULL	1427	2024-04-30	6	8	6	Promoter
NULL	1427	2024-07-31	6	5	4	Passive
NULL	1427	2025-01-31	1	NULL	6	Detractor
NULL	1427	2025-04-30	5	6	4	Detractor
NULL	1427	2025-07-31	6	3	6	Detractor
NULL	1427	2025-10-31	4	5	7	Detractor
NULL	1428	2025-04-30	7	5	8	Passive
NULL	1428	2025-07-31	9	7	5	Promoter
NULL	1429	2026-04-30	3	5	NULL	Detractor
NULL	1430	2024-07-31	1	3	3	Passive
NULL	1430	2024-10-31	1	7	3	Detractor
NULL	1430	2025-01-31	3	1	2	Detractor
NULL	1430	2025-07-31	1	1	3	Passive
NULL	1430	2025-10-31	1	4	4	Passive
NULL	1430	2026-01-31	2	1	1	Passive
NULL	1430	2026-04-30	1	5	8	Passive
NULL	1431	2024-01-31	6	8	8	Promoter
NULL	1431	2024-07-31	9	4	6	Promoter
NULL	1431	2024-10-31	6	6	7	Detractor
NULL	1431	2025-01-31	4	4	5	Detractor
NULL	1431	2025-04-30	5	3	8	Detractor
NULL	1431	2025-07-31	7	9	10	Promoter
NULL	1431	2025-10-31	5	7	3	Detractor
NULL	1431	2026-01-31	5	8	4	Detractor
NULL	1431	2026-04-30	8	9	NULL	Promoter
NULL	1431	2026-07-31	6	6	8	Passive
NULL	1432	2025-01-31	3	4	2	Passive
NULL	1432	2025-04-30	4	5	2	Passive
NULL	1432	2025-07-31	4	7	3	Passive
NULL	1432	2025-10-31	5	3	6	Passive
NULL	1432	2026-01-31	4	5	5	Detractor
NULL	1432	2026-04-30	5	1	2	Detractor
NULL	1432	2026-07-31	3	1	5	Detractor
NULL	1433	2025-01-31	5	5	4	Passive
NULL	1433	2025-04-30	7	5	9	Detractor
NULL	1433	2025-07-31	2	5	6	Detractor
NULL	1433	2025-10-31	4	3	1	Detractor
NULL	1433	2026-01-31	7	2	4	Passive
NULL	1433	2026-04-30	7	3	3	Promoter
NULL	1433	2026-07-31	4	5	7	Detractor
NULL	1434	2024-01-31	6	3	5	Detractor
NULL	1434	2024-04-30	6	5	6	Promoter
NULL	1434	2025-04-30	6	5	8	Detractor
NULL	1434	2025-10-31	9	3	6	Promoter
NULL	1434	2026-01-31	5	7	7	Detractor
NULL	1434	2026-04-30	5	6	5	Detractor
NULL	1434	2026-07-31	5	7	4	Detractor
NULL	1436	2024-04-30	5	6	7	Passive
NULL	1436	2024-07-31	7	1	8	Promoter
NULL	1436	2024-10-31	6	5	5	Detractor
NULL	1436	2025-04-30	8	7	6	Promoter
NULL	1436	2025-07-31	4	6	8	Promoter
NULL	1436	2025-10-31	7	8	2	Promoter
NULL	1436	2026-01-31	6	7	5	Detractor
NULL	1436	2026-04-30	7	9	6	Promoter
NULL	1436	2026-07-31	6	7	9	Detractor
NULL	1437	2026-04-30	4	8	NULL	Detractor
NULL	1437	2026-07-31	7	6	2	Passive
NULL	1438	2024-01-31	10	10	7	Promoter
NULL	1438	2025-01-31	7	10	10	Promoter
NULL	1438	2025-04-30	10	NULL	8	Promoter
NULL	1438	2025-07-31	10	10	6	Passive
NULL	1438	2025-10-31	10	10	8	Promoter
NULL	1438	2026-01-31	10	6	9	Promoter
NULL	1438	2026-04-30	10	10	5	Promoter
NULL	1438	2026-07-31	10	6	5	Promoter
NULL	1439	2025-01-31	10	10	4	Passive
NULL	1439	2025-04-30	10	10	7	Promoter
NULL	1439	2026-01-31	10	9	10	Promoter
NULL	1439	2026-07-31	10	9	6	Promoter
NULL	1440	2024-01-31	10	8	7	Promoter
NULL	1440	2024-04-30	10	8	4	Promoter
NULL	1440	2024-07-31	10	10	7	Passive
NULL	1440	2024-10-31	9	7	8	Promoter
NULL	1440	2025-04-30	10	10	10	Promoter
NULL	1440	2025-07-31	6	NULL	8	Passive
NULL	1441	2024-01-31	5	8	4	Detractor
NULL	1441	2024-04-30	9	9	2	Detractor
NULL	1441	2024-07-31	7	7	6	Passive
NULL	1441	2024-10-31	7	1	9	Passive
NULL	1441	2025-01-31	7	9	6	Passive
NULL	1441	2025-04-30	6	6	6	Detractor
NULL	1441	2025-07-31	7	8	7	Promoter
NULL	1441	2025-10-31	7	4	10	Passive
NULL	1441	2026-01-31	7	4	8	Detractor
NULL	1441	2026-04-30	7	6	NULL	Promoter
NULL	1441	2026-07-31	8	2	8	Detractor
NULL	1442	2025-10-31	8	7	8	Passive
NULL	1442	2026-01-31	8	9	7	Detractor
NULL	1442	2026-04-30	6	7	6	Detractor
NULL	1442	2026-07-31	8	8	6	Passive
NULL	1443	2024-01-31	6	3	6	Passive
NULL	1443	2024-04-30	8	2	6	Passive
NULL	1443	2024-10-31	6	3	4	Passive
NULL	1443	2025-01-31	7	7	NULL	Promoter
NULL	1443	2025-04-30	7	1	2	Passive
NULL	1443	2025-07-31	6	7	10	Passive
NULL	1443	2025-10-31	10	6	8	Detractor
NULL	1443	2026-01-31	9	7	3	Detractor
NULL	1443	2026-04-30	7	8	6	Passive
NULL	1443	2026-07-31	8	3	5	Passive
NULL	1444	2025-10-31	9	NULL	10	Promoter
NULL	1444	2026-01-31	5	10	1	Passive
NULL	1444	2026-04-30	9	4	10	Promoter
NULL	1444	2026-07-31	7	9	7	Passive
NULL	1445	2024-01-31	4	5	5	Detractor
NULL	1445	2024-04-30	6	NULL	10	Detractor
NULL	1445	2024-07-31	8	8	3	Passive
NULL	1445	2024-10-31	9	4	6	Promoter
NULL	1445	2025-01-31	10	10	NULL	Promoter
NULL	1445	2025-04-30	10	5	4	Promoter
NULL	1445	2025-07-31	10	10	10	Promoter
NULL	1445	2025-10-31	10	6	7	Promoter
NULL	1445	2026-01-31	7	6	10	Passive
NULL	1445	2026-04-30	7	7	7	Passive
NULL	1445	2026-07-31	8	3	7	Promoter
NULL	1446	2026-04-30	8	6	4	Passive
NULL	1446	2026-07-31	4	9	8	Detractor
NULL	1447	2024-01-31	8	4	2	Passive
NULL	1447	2024-07-31	5	2	6	Detractor
NULL	1447	2025-01-31	8	6	1	Detractor
NULL	1447	2025-04-30	4	7	2	Detractor
NULL	1447	2025-07-31	4	4	7	Promoter
NULL	1447	2025-10-31	2	4	3	Detractor
NULL	1447	2026-01-31	4	1	1	Detractor
NULL	1447	2026-07-31	7	1	3	Passive
NULL	1448	2024-01-31	5	7	7	Passive
NULL	1448	2024-04-30	7	4	8	Passive
NULL	1448	2024-07-31	7	2	5	Passive
NULL	1448	2024-10-31	5	6	6	Passive
NULL	1448	2025-01-31	4	5	5	Detractor
NULL	1448	2025-10-31	4	9	8	Detractor
NULL	1448	2026-01-31	7	8	2	Detractor
NULL	1450	2024-01-31	5	7	NULL	Detractor
NULL	1450	2024-04-30	6	6	8	Detractor
NULL	1450	2025-01-31	7	5	8	Passive
NULL	1450	2025-07-31	9	10	4	Passive
NULL	1450	2025-10-31	7	6	5	Detractor
NULL	1450	2026-04-30	7	8	2	Promoter
NULL	1450	2026-07-31	6	8	6	Promoter
NULL	1451	2024-04-30	6	6	6	Detractor
NULL	1451	2024-07-31	8	8	8	Promoter
NULL	1451	2024-10-31	10	6	2	Promoter
NULL	1451	2025-01-31	7	6	5	Promoter
NULL	1451	2025-04-30	8	4	7	Passive
NULL	1451	2025-07-31	7	2	5	Passive
NULL	1451	2025-10-31	10	4	5	Passive
NULL	1451	2026-04-30	8	6	8	Passive
NULL	1451	2026-07-31	3	8	5	Detractor
NULL	1452	2024-01-31	9	9	3	Promoter
NULL	1452	2024-07-31	7	NULL	5	Passive
NULL	1452	2024-10-31	8	7	4	Passive
NULL	1452	2025-01-31	7	7	8	Promoter
NULL	1452	2025-04-30	7	6	8	Passive
NULL	1452	2025-07-31	8	1	10	Passive
NULL	1452	2025-10-31	8	6	6	Passive
NULL	1452	2026-04-30	5	6	7	Detractor
NULL	1452	2026-07-31	8	7	10	Promoter
NULL	1453	2026-04-30	8	6	10	Promoter
NULL	1454	2026-07-31	8	7	NULL	Passive
NULL	1455	2024-04-30	1	5	2	Detractor
NULL	1455	2024-10-31	7	2	4	Detractor
NULL	1455	2025-01-31	4	1	3	Detractor
NULL	1455	2025-04-30	4	3	9	Detractor
NULL	1455	2025-07-31	6	4	5	Detractor
NULL	1455	2025-10-31	3	3	3	Passive
NULL	1455	2026-04-30	4	3	5	Detractor
NULL	1455	2026-07-31	2	4	4	Passive
NULL	1456	2024-01-31	8	10	8	Passive
NULL	1456	2024-04-30	10	8	2	Detractor
NULL	1456	2024-07-31	9	3	10	Passive
NULL	1456	2024-10-31	10	8	10	Promoter
NULL	1456	2025-01-31	10	3	3	Promoter
NULL	1456	2025-04-30	8	5	3	Detractor
NULL	1456	2025-07-31	8	7	10	Passive
NULL	1456	2026-01-31	9	10	8	Promoter
NULL	1456	2026-04-30	10	9	4	Promoter
NULL	1456	2026-07-31	8	6	9	Passive
NULL	1457	2024-01-31	6	5	9	Detractor
NULL	1457	2024-04-30	10	6	9	Promoter
NULL	1457	2024-07-31	4	9	NULL	Passive
NULL	1457	2024-10-31	8	9	10	Passive
NULL	1457	2025-04-30	7	6	5	Promoter
NULL	1457	2025-07-31	7	6	10	Detractor
NULL	1457	2026-01-31	7	7	7	Detractor
NULL	1457	2026-04-30	7	9	6	Promoter
NULL	1458	2024-04-30	8	NULL	5	Detractor
NULL	1458	2024-07-31	8	9	3	Promoter
NULL	1458	2024-10-31	6	6	8	Passive
NULL	1458	2025-01-31	6	8	7	Detractor
NULL	1458	2025-07-31	8	9	6	Promoter
NULL	1458	2026-04-30	7	4	7	Passive
NULL	1458	2026-07-31	8	9	8	Promoter
NULL	1459	2026-07-31	4	1	5	Detractor
NULL	1461	2024-07-31	6	6	NULL	Detractor
NULL	1461	2024-10-31	4	5	5	Passive
NULL	1461	2025-04-30	9	6	4	Promoter
NULL	1461	2025-10-31	4	NULL	2	Detractor
NULL	1461	2026-01-31	5	6	7	Detractor
NULL	1461	2026-04-30	5	3	4	Detractor
NULL	1461	2026-07-31	4	6	8	Detractor
NULL	1462	2025-01-31	10	8	8	Promoter
NULL	1462	2025-10-31	7	7	9	Passive
NULL	1462	2026-04-30	8	7	7	Promoter
NULL	1462	2026-07-31	10	6	8	Detractor
NULL	1463	2024-07-31	7	5	7	Passive
NULL	1463	2024-10-31	7	7	3	Detractor
NULL	1463	2025-01-31	9	8	5	Promoter
NULL	1463	2025-07-31	3	8	5	Detractor
NULL	1463	2025-10-31	10	9	8	Promoter
NULL	1463	2026-01-31	7	6	NULL	Passive
NULL	1463	2026-04-30	6	8	3	Detractor
NULL	1463	2026-07-31	9	7	NULL	Detractor
NULL	1464	2026-01-31	2	1	3	Detractor
NULL	1464	2026-04-30	2	4	7	Detractor
NULL	1465	2024-04-30	5	7	5	Detractor
NULL	1465	2024-07-31	8	5	2	Promoter
NULL	1465	2024-10-31	6	8	5	Detractor
NULL	1465	2025-04-30	5	6	5	Promoter
NULL	1465	2026-04-30	6	3	NULL	Detractor
NULL	1465	2026-07-31	8	5	5	Passive
NULL	1467	2024-01-31	8	8	7	Passive
NULL	1467	2024-07-31	10	4	3	Promoter
NULL	1467	2024-10-31	10	5	NULL	Promoter
NULL	1467	2025-01-31	6	1	1	Detractor
NULL	1467	2025-04-30	3	7	4	Detractor
NULL	1467	2025-07-31	5	5	5	Detractor
NULL	1467	2025-10-31	8	6	3	Detractor
NULL	1467	2026-01-31	2	2	2	Detractor
NULL	1467	2026-04-30	7	5	8	Promoter
NULL	1467	2026-07-31	5	3	6	Detractor
NULL	1468	2024-01-31	9	6	8	Promoter
NULL	1468	2024-04-30	10	5	7	Promoter
NULL	1468	2024-07-31	10	8	10	Promoter
NULL	1468	2024-10-31	8	7	10	Detractor
NULL	1468	2025-04-30	10	10	NULL	Detractor
NULL	1468	2025-10-31	10	8	9	Passive
NULL	1468	2026-07-31	8	10	10	Promoter
NULL	1469	2024-07-31	7	3	8	Promoter
NULL	1469	2025-01-31	4	5	7	Passive
NULL	1469	2025-04-30	3	1	4	Promoter
NULL	1469	2025-07-31	3	4	2	Detractor
NULL	1469	2025-10-31	4	NULL	1	Promoter
NULL	1469	2026-04-30	6	4	3	Detractor
NULL	1470	2024-01-31	2	1	2	Passive
NULL	1470	2024-04-30	1	1	4	Detractor
NULL	1470	2024-07-31	1	1	2	Detractor
NULL	1470	10/31/2024	3	1	5	Detractor
NULL	1470	2025-01-31	1	1	1	Detractor
NULL	1470	2026-01-31	3	1	1	Detractor
NULL	1471	2025-07-31	5	2	6	Detractor
NULL	1471	2025-10-31	1	4	1	Detractor
NULL	1471	2026-01-31	7	5	1	Promoter
NULL	1471	2026-04-30	6	NULL	2	Detractor
NULL	1471	2026-07-31	6	1	NULL	Detractor
NULL	1472	2025-04-30	3	3	5	Detractor
NULL	1472	2025-07-31	5	3	NULL	Detractor
NULL	1472	2026-01-31	1	4	5	Detractor
NULL	1472	2026-04-30	4	4	4	Passive
NULL	1472	2026-07-31	3	7	4	Detractor
NULL	1473	2024-01-31	8	6	9	Promoter
NULL	1473	2024-04-30	9	6	7	Promoter
NULL	1473	2024-07-31	8	7	10	Passive
NULL	1473	2025-01-31	5	10	10	Detractor
NULL	1473	2025-04-30	8	9	10	Passive
NULL	1473	2025-07-31	10	7	7	Promoter
NULL	1473	2026-01-31	10	7	10	Promoter
NULL	1473	2026-07-31	8	8	9	Promoter
NULL	1474	2024-01-31	8	NULL	4	Detractor
NULL	1474	2024-07-31	2	8	6	Detractor
NULL	1474	2024-10-31	5	5	7	Detractor
NULL	1474	2025-01-31	2	3	3	Detractor
NULL	1474	2025-07-31	7	4	3	Detractor
NULL	1474	01/31/2026	5	4	1	Detractor
NULL	1474	2026-04-30	4	6	4	Detractor
NULL	1474	2026-07-31	4	8	3	Passive
NULL	1475	2024-01-31	6	2	8	Detractor
NULL	1475	2024-04-30	5	4	6	Passive
NULL	1475	2024-07-31	7	4	4	Passive
NULL	1475	2025-04-30	7	5	2	Passive
NULL	1475	2026-01-31	7	7	5	Detractor
NULL	1475	2026-04-30	8	7	2	Promoter
NULL	1475	2026-07-31	6	8	8	Detractor
NULL	1476	2025-01-31	7	8	9	Passive
NULL	1476	2025-07-31	7	7	7	Promoter
NULL	1476	2025-10-31	4	6	4	Detractor
NULL	1476	2026-01-31	7	6	8	Promoter
NULL	1476	2026-04-30	6	6	9	Detractor
NULL	1476	2026-07-31	3	7	10	Passive
NULL	1478	2024-07-31	3	7	5	Detractor
NULL	1478	2024-10-31	4	3	2	Detractor
NULL	1478	01/31/2025	3	1	2	Passive
NULL	1478	2025-04-30	1	1	3	Detractor
NULL	1478	2025-07-31	3	5	7	Passive
NULL	1478	2026-01-31	5	4	5	Passive
NULL	1478	2026-04-30	5	5	5	Detractor
NULL	1478	2026-07-31	1	3	2	Detractor
NULL	1479	2026-04-30	10	8	8	Promoter
NULL	1480	2024-01-31	4	5	6	Detractor
NULL	1480	2024-07-31	7	1	6	Passive
NULL	1480	2024-10-31	5	5	1	Detractor
NULL	1480	2025-01-31	5	3	NULL	Promoter
NULL	1480	2025-04-30	4	4	1	Detractor
NULL	1480	2025-10-31	5	2	1	Detractor
NULL	1481	2024-04-30	1	7	1	Detractor
NULL	1481	2024-07-31	3	4	1	Detractor
NULL	1482	2024-07-31	7	5	5	Passive
NULL	1482	2024-10-31	4	7	1	Detractor
NULL	1482	2025-01-31	5	2	3	Detractor
NULL	1482	2025-04-30	2	3	3	Passive
NULL	1482	2025-10-31	1	9	7	Detractor
NULL	1482	2026-01-31	4	5	5	Detractor
NULL	1482	2026-07-31	4	6	10	Passive
NULL	1483	2024-10-31	3	4	3	Detractor
NULL	1483	2025-01-31	6	7	5	Detractor
NULL	1483	2025-04-30	4	9	3	Detractor
NULL	1483	2025-07-31	3	7	10	Detractor
NULL	1483	2025-10-31	6	4	4	Detractor
NULL	1483	2026-01-31	9	4	3	Promoter
NULL	1483	2026-04-30	8	5	6	Passive
NULL	1485	2024-04-30	1	1	5	Detractor
NULL	1485	2024-10-31	6	4	2	Detractor
NULL	1485	2025-01-31	3	3	1	Detractor
NULL	1485	2025-04-30	4	7	2	Detractor
NULL	1485	2025-10-31	6	1	6	Detractor
NULL	1485	2026-01-31	1	2	1	Detractor
NULL	1485	2026-04-30	2	1	4	Detractor
NULL	1486	2026-04-30	10	7	7	Passive
NULL	1486	2026-07-31	7	5	9	Passive
NULL	1487	2024-01-31	9	9	6	Promoter
NULL	1487	2024-04-30	10	NULL	10	Promoter
NULL	1487	2025-07-31	10	10	10	Promoter
NULL	1487	2026-01-31	10	4	8	Promoter
NULL	1487	2026-04-30	10	9	9	Promoter
NULL	1487	2026-07-31	9	8	10	Passive
NULL	1489	2024-01-31	10	NULL	6	Passive
NULL	1489	2024-04-30	8	8	NULL	Passive
NULL	1489	2024-07-31	8	5	8	Promoter
NULL	1489	2024-10-31	7	7	6	Detractor
NULL	1489	2025-01-31	3	9	8	Passive
NULL	1489	2025-04-30	7	5	4	Detractor
NULL	1489	2025-10-31	6	6	4	Detractor
NULL	1489	2026-01-31	9	10	6	Promoter
NULL	1489	2026-04-30	9	7	6	Detractor
NULL	1489	2026-07-31	9	7	7	Promoter
NULL	1490	2024-10-31	7	6	1	Promoter
NULL	1490	2025-01-31	6	4	10	Detractor
NULL	1490	2025-04-30	7	1	1	Promoter
NULL	1490	2025-10-31	4	5	5	Detractor
NULL	1490	2026-01-31	8	5	3	Promoter
NULL	1490	04/30/2026	6	4	1	Detractor
NULL	1490	2026-07-31	5	2	4	Detractor
NULL	1491	2025-01-31	6	4	1	Detractor
NULL	1491	2025-07-31	3	5	6	Detractor
NULL	1491	2025-10-31	5	3	1	Detractor
NULL	1491	2026-04-30	3	1	5	Detractor
NULL	1491	2026-07-31	5	9	1	Detractor
NULL	1492	2025-01-31	4	6	1	Detractor
NULL	1492	2025-04-30	9	5	2	Promoter
NULL	1492	2025-07-31	4	5	1	Passive
NULL	1492	2026-01-31	5	1	1	Detractor
NULL	1492	2026-04-30	2	3	3	Detractor
NULL	1492	2026-07-31	10	4	4	Promoter
NULL	1493	2026-01-31	4	6	1	Passive
NULL	1493	2026-04-30	1	3	4	Detractor
NULL	1493	2026-07-31	2	7	4	Detractor
NULL	1843	2026-07-31	3	6	6	Promoter
NULL	1494	2025-04-30	9	5	10	Passive
NULL	1494	2025-10-31	8	7	4	Promoter
NULL	1494	2026-04-30	8	10	4	Passive
NULL	1494	2026-07-31	9	7	1	Promoter
NULL	1495	2024-01-31	10	3	3	Promoter
NULL	1495	2024-04-30	7	10	7	Passive
NULL	1495	2025-01-31	8	5	4	Promoter
NULL	1495	2025-04-30	5	7	8	Detractor
NULL	1495	2025-07-31	7	10	4	Passive
NULL	1495	2025-10-31	7	5	7	Detractor
NULL	1496	2026-07-31	4	3	3	Passive
NULL	1497	2024-01-31	6	3	5	Detractor
NULL	1497	2024-07-31	5	1	1	Passive
NULL	1497	2024-10-31	6	1	3	Detractor
NULL	1497	2025-01-31	5	2	10	Detractor
NULL	1497	2025-10-31	5	5	6	Detractor
NULL	1497	2026-01-31	6	5	4	Passive
NULL	1497	2026-04-30	1	7	5	Detractor
NULL	1497	2026-07-31	4	6	5	Detractor
NULL	1499	2024-01-31	2	6	2	Detractor
NULL	1499	2024-04-30	4	1	4	Passive
NULL	1500	2024-01-31	7	9	7	Promoter
NULL	1500	2024-07-31	9	8	4	Passive
NULL	1500	2025-01-31	4	8	8	Detractor
NULL	1500	2025-10-31	7	7	6	Passive
NULL	1500	2026-01-31	8	7	2	Promoter
NULL	1500	2026-07-31	6	NULL	3	Detractor
NULL	1501	2024-01-31	2	2	7	Detractor
NULL	1501	2024-04-30	7	8	1	Detractor
NULL	1501	2024-07-31	8	6	6	Passive
NULL	1501	2024-10-31	8	6	6	Promoter
NULL	1501	2025-01-31	6	6	3	Promoter
NULL	1501	2025-04-30	6	7	8	Detractor
NULL	1501	2025-07-31	8	4	7	Passive
NULL	1501	2026-01-31	8	6	9	Detractor
NULL	1501	2026-04-30	8	7	9	Passive
NULL	1501	2026-07-31	10	8	7	Promoter
NULL	1502	2025-10-31	1	7	1	Detractor
NULL	1502	2026-04-30	3	6	2	Detractor
NULL	1502	2026-07-31	5	1	2	Promoter
NULL	1503	2024-07-31	5	7	5	Detractor
NULL	1503	2025-07-31	3	7	4	Detractor
NULL	1503	2025-10-31	3	7	5	Passive
NULL	1503	2026-01-31	3	1	3	Detractor
NULL	1503	2026-04-30	3	1	6	Detractor
NULL	1503	2026-07-31	2	5	10	Detractor
NULL	1504	2024-01-31	7	10	3	Passive
NULL	1504	2024-10-31	9	9	5	Promoter
NULL	1504	2025-04-30	8	7	9	Passive
NULL	1504	2025-10-31	10	7	10	Promoter
NULL	1504	2026-01-31	10	7	5	Passive
NULL	1504	2026-04-30	6	10	1	Detractor
NULL	1505	2025-01-31	2	1	5	Passive
NULL	1505	2025-07-31	6	7	4	Detractor
NULL	1505	2025-10-31	4	5	5	Detractor
NULL	1505	2026-01-31	3	4	2	Detractor
NULL	1505	2026-04-30	7	5	NULL	Promoter
NULL	1505	2026-07-31	3	4	2	Detractor
NULL	1506	2024-01-31	10	8	NULL	Promoter
NULL	1506	2024-04-30	10	7	5	Promoter
NULL	1506	2024-07-31	8	10	2	Passive
NULL	1506	2025-01-31	8	8	6	Passive
NULL	1506	2025-04-30	8	9	9	Passive
NULL	1506	2025-07-31	10	6	10	Promoter
NULL	1508	2024-01-31	1	2	1	Detractor
NULL	1508	2024-04-30	1	1	3	Detractor
NULL	1508	2024-07-31	2	1	1	Passive
NULL	1508	2024-10-31	1	1	1	Detractor
NULL	1508	2025-01-31	2	1	1	Detractor
NULL	1508	2025-04-30	1	1	1	Detractor
NULL	1508	2025-07-31	1	1	1	Detractor
NULL	1508	2025-10-31	4	2	3	Detractor
NULL	1508	2026-01-31	1	1	1	Detractor
NULL	1508	2026-04-30	1	2	1	Detractor
NULL	1508	2026-07-31	1	1	1	Passive
NULL	1509	2024-01-31	10	7	10	Detractor
NULL	1509	2024-04-30	10	9	8	Promoter
NULL	1509	2024-07-31	10	10	3	Promoter
NULL	1509	2024-10-31	9	10	7	Passive
NULL	1509	2025-01-31	10	10	4	Passive
NULL	1509	2025-07-31	10	10	7	Promoter
NULL	1509	2025-10-31	9	6	7	Promoter
NULL	1509	2026-01-31	6	8	10	Detractor
NULL	1509	2026-04-30	10	7	8	Promoter
NULL	1509	2026-07-31	9	8	5	Promoter
NULL	1510	2024-01-31	3	3	2	Passive
NULL	1510	2024-04-30	5	6	3	Detractor
NULL	1510	2024-07-31	2	5	1	Passive
NULL	1510	2025-01-31	3	4	4	Detractor
NULL	1510	2025-04-30	6	3	6	Passive
NULL	1510	07/31/2025	1	5	4	Promoter
NULL	1510	2025-10-31	3	2	1	Promoter
NULL	1510	2026-01-31	2	1	6	Passive
NULL	1511	2026-04-30	3	2	NULL	Detractor
NULL	1511	2026-07-31	6	1	6	Promoter
NULL	1512	2024-04-30	5	5	7	Detractor
NULL	1512	2024-07-31	5	2	2	Promoter
NULL	1512	10/31/2024	6	5	2	Passive
NULL	1512	2025-04-30	3	2	1	Passive
NULL	1512	2025-10-31	3	NULL	7	Detractor
NULL	1512	2026-04-30	5	8	1	Detractor
NULL	1513	2024-01-31	6	4	NULL	Detractor
NULL	1513	2024-04-30	6	6	5	Detractor
NULL	1513	2024-07-31	4	7	2	Detractor
NULL	1513	2025-01-31	4	2	8	Detractor
NULL	1513	2025-04-30	9	8	3	Promoter
NULL	1513	2025-07-31	6	5	4	Passive
NULL	1513	2026-07-31	4	7	2	Detractor
NULL	1514	2024-04-30	6	4	4	Detractor
NULL	1514	2025-01-31	5	7	3	Detractor
NULL	1514	2025-04-30	4	8	3	Detractor
NULL	1514	2025-07-31	6	1	4	Passive
NULL	1514	2025-10-31	3	4	6	Detractor
NULL	1514	2026-04-30	4	6	4	Detractor
NULL	1515	2024-01-31	3	7	3	Detractor
NULL	1515	2024-04-30	7	6	9	Passive
NULL	1515	2024-07-31	6	7	1	Detractor
NULL	1515	2024-10-31	7	4	5	Passive
NULL	1515	2025-01-31	8	4	10	Promoter
NULL	1515	2025-04-30	5	2	7	Passive
NULL	1515	2025-07-31	9	6	4	Passive
NULL	1515	2025-10-31	6	7	10	Detractor
NULL	1515	2026-01-31	7	5	6	Promoter
NULL	1515	2026-04-30	8	5	9	Passive
NULL	1515	2026-07-31	5	7	6	Passive
NULL	1516	2024-01-31	7	1	2	Promoter
NULL	1516	2024-04-30	5	4	1	Detractor
NULL	1516	2024-07-31	6	3	5	Passive
NULL	1516	2024-10-31	6	3	5	Detractor
NULL	1516	2025-07-31	3	8	5	Detractor
NULL	1516	2025-10-31	2	1	3	Passive
NULL	1516	2026-04-30	3	1	5	Passive
NULL	1516	2026-07-31	6	4	3	Detractor
NULL	1517	2024-01-31	5	6	4	Detractor
NULL	1517	2024-07-31	4	3	NULL	Promoter
NULL	1517	2024-10-31	7	8	2	Promoter
NULL	1517	2025-01-31	6	10	5	Detractor
NULL	1517	2025-04-30	7	5	2	Promoter
NULL	1517	2025-10-31	2	5	7	Passive
NULL	1517	2026-01-31	5	2	5	Passive
NULL	1517	2026-07-31	4	7	5	Passive
NULL	1518	2025-07-31	2	1	6	Detractor
NULL	1519	2026-01-31	8	8	10	Promoter
NULL	1519	2026-04-30	10	10	10	Promoter
NULL	1519	2026-07-31	7	9	7	Passive
NULL	1521	2024-07-31	6	4	1	Detractor
NULL	1521	2025-01-31	7	5	4	Detractor
NULL	1521	2025-04-30	4	3	1	Detractor
NULL	1521	2025-07-31	3	7	NULL	Passive
NULL	1521	2025-10-31	4	3	10	Detractor
NULL	1521	2026-01-31	3	8	5	Detractor
NULL	1521	07/31/2026	5	8	7	Detractor
NULL	1522	2024-04-30	2	5	7	Passive
NULL	1522	2024-07-31	6	6	7	Detractor
NULL	1522	2024-10-31	2	NULL	3	Detractor
NULL	1522	2025-01-31	2	6	6	Detractor
NULL	1522	2025-04-30	6	4	2	Detractor
NULL	1522	2025-10-31	2	NULL	2	Detractor
NULL	1522	2026-01-31	3	3	1	Detractor
NULL	1522	2026-04-30	3	4	3	Detractor
NULL	1523	2025-04-30	8	8	7	Detractor
NULL	1523	2025-07-31	10	10	10	Promoter
NULL	1523	2025-10-31	10	10	10	Detractor
NULL	1523	2026-01-31	8	NULL	5	Detractor
NULL	1523	2026-07-31	8	7	9	Passive
NULL	1524	2025-01-31	4	1	2	Passive
NULL	1524	2025-07-31	6	1	2	Promoter
NULL	1524	2025-10-31	6	4	3	Detractor
NULL	1524	04/30/2026	5	6	4	Detractor
NULL	1524	2026-07-31	6	2	2	Detractor
NULL	1525	2026-04-30	8	5	6	Passive
NULL	1525	2026-07-31	7	7	5	Detractor
NULL	1526	2024-01-31	5	4	5	Detractor
NULL	1526	2024-07-31	6	3	1	Detractor
NULL	1526	2025-01-31	6	4	3	Detractor
NULL	1526	2025-04-30	4	3	7	Detractor
NULL	1526	2025-07-31	6	5	3	Detractor
NULL	1526	2026-04-30	5	4	1	Passive
NULL	1526	2026-07-31	5	7	7	Detractor
NULL	1527	2024-01-31	7	5	5	Passive
NULL	1527	2024-07-31	10	6	2	Promoter
NULL	1527	2024-10-31	7	5	4	Passive
NULL	1527	2025-01-31	8	3	5	Passive
NULL	1527	2025-04-30	8	3	4	Promoter
NULL	1527	2025-07-31	4	4	7	Detractor
NULL	1527	2026-01-31	7	5	6	Promoter
NULL	1527	2026-04-30	5	3	6	Detractor
NULL	1528	2025-01-31	6	9	10	Detractor
NULL	1528	2025-04-30	9	8	6	Promoter
NULL	1528	2025-07-31	9	9	10	Passive
NULL	1528	2025-10-31	10	9	NULL	Promoter
NULL	1528	2026-01-31	9	8	NULL	Promoter
NULL	1528	2026-07-31	9	10	10	Promoter
NULL	1529	2024-01-31	8	6	5	Passive
NULL	1529	2024-04-30	8	4	5	Passive
NULL	1529	2025-04-30	5	10	7	Detractor
NULL	1529	2026-01-31	9	5	5	Promoter
NULL	1529	2026-04-30	7	5	1	Passive
NULL	1529	2026-07-31	6	6	6	Promoter
NULL	1530	2024-01-31	7	10	10	Passive
NULL	1530	2024-04-30	10	NULL	9	Promoter
NULL	1531	2025-04-30	5	6	6	Detractor
NULL	1531	2025-10-31	7	6	5	Passive
NULL	1531	2026-01-31	5	6	5	Detractor
NULL	1532	2024-01-31	4	6	2	Detractor
NULL	1532	2024-04-30	5	6	7	Detractor
NULL	1532	2024-07-31	4	4	1	Detractor
NULL	1532	2024-10-31	6	1	2	Detractor
NULL	1532	2025-01-31	4	5	2	Detractor
NULL	1532	2025-04-30	7	6	7	Promoter
NULL	1532	2025-07-31	3	5	1	Detractor
NULL	1532	2025-10-31	2	1	2	Passive
NULL	1532	2026-04-30	6	3	1	Detractor
NULL	1532	2026-07-31	4	5	2	Detractor
NULL	1533	2024-01-31	9	7	9	Promoter
NULL	1533	2024-07-31	10	5	8	Promoter
NULL	1533	2024-10-31	10	10	10	Promoter
NULL	1533	01/31/2025	10	10	5	Promoter
NULL	1533	2026-01-31	9	7	8	Promoter
NULL	1533	2026-04-30	6	5	2	Detractor
NULL	1533	2026-07-31	8	5	3	Passive
NULL	1534	2024-07-31	8	10	10	Promoter
NULL	1534	2024-10-31	10	9	8	Promoter
NULL	1534	2025-01-31	8	7	8	Detractor
NULL	1534	2025-04-30	7	6	10	Passive
NULL	1534	2025-10-31	10	10	6	Passive
NULL	1535	2025-07-31	6	3	NULL	Detractor
NULL	1535	2025-10-31	3	6	8	Detractor
NULL	1535	2026-01-31	4	7	9	Detractor
NULL	1535	2026-04-30	4	2	7	Detractor
NULL	1536	2024-01-31	6	3	2	Passive
NULL	1536	2024-07-31	4	5	3	Detractor
NULL	1536	2024-10-31	4	5	4	Passive
NULL	1536	2025-01-31	6	2	6	Promoter
NULL	1536	2025-04-30	5	4	5	Passive
NULL	1536	2025-07-31	6	2	8	Passive
NULL	1536	2026-01-31	5	3	4	Passive
NULL	1536	2026-07-31	3	3	6	Passive
NULL	1537	2024-01-31	4	3	1	Detractor
NULL	1537	07/31/2024	3	3	2	Detractor
NULL	1537	2024-10-31	5	3	8	Passive
NULL	1537	2025-01-31	1	1	4	Passive
NULL	1537	2025-04-30	1	6	3	Detractor
NULL	1537	2025-07-31	2	2	2	Passive
NULL	1537	2025-10-31	6	4	5	Detractor
NULL	1537	2026-01-31	4	2	6	Detractor
NULL	1537	2026-04-30	4	6	5	Detractor
NULL	1537	2026-07-31	4	5	1	Passive
NULL	1538	2024-01-31	8	7	4	Promoter
NULL	1538	2024-04-30	5	7	7	Detractor
NULL	1538	2024-07-31	9	2	4	Promoter
NULL	1538	2024-10-31	6	1	4	Detractor
NULL	1539	2024-10-31	10	6	5	Promoter
NULL	1539	2025-04-30	8	10	10	Promoter
NULL	1539	2025-07-31	10	NULL	10	Promoter
NULL	1539	2025-10-31	10	NULL	10	Promoter
NULL	1539	2026-01-31	10	10	6	Passive
NULL	1539	2026-04-30	5	7	5	Detractor
NULL	1539	2026-07-31	3	8	7	Passive
NULL	1540	2025-10-31	3	4	NULL	Detractor
NULL	1540	2026-04-30	2	NULL	3	Detractor
NULL	1540	2026-07-31	6	4	8	Detractor
NULL	1542	2025-01-31	3	1	5	Detractor
NULL	1542	10/31/2025	1	2	1	Detractor
NULL	1543	2024-01-31	7	10	4	Passive
NULL	1543	2024-04-30	6	5	7	Detractor
NULL	1543	2024-07-31	6	4	8	Promoter
NULL	1543	2024-10-31	9	8	5	Promoter
NULL	1543	2025-04-30	8	8	4	Detractor
NULL	1543	2025-07-31	5	8	NULL	Detractor
NULL	1543	2026-01-31	7	6	7	Passive
NULL	1543	2026-04-30	7	3	4	Promoter
NULL	1543	2026-07-31	5	3	5	Detractor
NULL	1544	2024-01-31	6	2	8	Detractor
NULL	1544	2024-04-30	8	2	6	Passive
NULL	1544	2024-07-31	6	1	1	Detractor
NULL	1544	2024-10-31	4	4	6	Detractor
NULL	1544	2025-04-30	7	9	3	Promoter
NULL	1544	2025-07-31	8	6	9	Passive
NULL	1544	2025-10-31	7	3	10	Promoter
NULL	1544	2026-01-31	9	6	2	Promoter
NULL	1544	2026-07-31	4	9	10	Passive
NULL	1545	2025-01-31	4	6	5	Detractor
NULL	1545	2025-04-30	2	8	4	Passive
NULL	1545	2025-10-31	4	6	NULL	Promoter
NULL	1545	2026-01-31	5	2	NULL	Detractor
NULL	1545	2026-04-30	3	1	1	Detractor
NULL	1545	2026-07-31	4	4	3	Detractor
NULL	1546	2026-04-30	7	7	6	Promoter
NULL	1546	2026-07-31	7	3	3	Passive
NULL	1547	2024-01-31	7	6	5	Passive
NULL	1547	2024-07-31	3	6	2	Passive
NULL	1547	2025-01-31	7	10	10	Passive
NULL	1547	2025-04-30	6	1	4	Detractor
NULL	1547	2026-01-31	10	8	7	Passive
NULL	1547	2026-04-30	9	6	7	Promoter
NULL	1548	2024-10-31	2	1	2	Passive
NULL	1548	2025-01-31	5	6	4	Detractor
NULL	1548	2025-04-30	3	5	NULL	Detractor
NULL	1548	2025-07-31	4	5	1	Detractor
NULL	1548	2025-10-31	3	1	3	Detractor
NULL	1548	2026-04-30	5	5	1	Detractor
NULL	1548	2026-07-31	1	NULL	6	Detractor
NULL	1549	2026-04-30	6	5	5	Passive
NULL	1549	2026-07-31	8	6	8	Promoter
NULL	1550	2024-01-31	6	3	1	Detractor
NULL	1550	2024-07-31	6	4	8	Detractor
NULL	1550	2024-10-31	3	5	4	Passive
NULL	1550	2025-01-31	6	2	6	Detractor
NULL	1550	2025-07-31	5	1	1	Detractor
NULL	1550	2025-10-31	4	2	4	Detractor
NULL	1550	2026-01-31	6	3	5	Passive
NULL	1550	2026-07-31	5	1	7	Passive
NULL	1551	2024-04-30	8	5	2	Passive
NULL	1551	2024-07-31	7	5	5	Detractor
NULL	1551	2025-01-31	6	7	5	Detractor
NULL	1551	2025-04-30	7	2	NULL	Promoter
NULL	1551	2025-07-31	7	3	5	Promoter
NULL	1551	2025-10-31	6	NULL	6	Detractor
NULL	1551	2026-04-30	9	5	9	Promoter
NULL	1551	2026-07-31	8	7	7	Detractor
NULL	1552	2024-04-30	7	3	1	Promoter
NULL	1552	2024-07-31	6	1	5	Passive
NULL	1552	2024-10-31	5	7	7	Detractor
NULL	1552	2025-01-31	5	5	2	Passive
NULL	1552	2025-04-30	8	3	1	Promoter
NULL	1552	2025-10-31	5	8	1	Detractor
NULL	1552	2026-01-31	6	6	3	Passive
NULL	1552	2026-07-31	7	3	10	Promoter
NULL	1553	2024-04-30	6	5	1	Detractor
NULL	1553	2024-07-31	4	6	4	Detractor
NULL	1553	2025-01-31	6	7	7	Detractor
NULL	1553	2025-04-30	8	1	8	Promoter
NULL	1553	2025-07-31	4	6	4	Passive
NULL	1553	2026-01-31	6	7	4	Promoter
NULL	1553	04/30/2026	4	7	2	Detractor
NULL	1553	2026-07-31	5	3	6	Detractor
NULL	1554	2024-04-30	4	8	5	Detractor
NULL	1554	2024-07-31	8	6	3	Passive
NULL	1554	2024-10-31	3	NULL	2	Detractor
NULL	1554	2025-01-31	2	2	7	Detractor
NULL	1554	04/30/2025	6	8	6	Passive
NULL	1554	2025-07-31	8	2	2	Detractor
NULL	1554	2025-10-31	7	2	4	Promoter
NULL	1555	2025-01-31	3	1	1	Detractor
NULL	1555	2025-04-30	4	1	5	Passive
NULL	1555	2025-07-31	2	5	2	Detractor
NULL	1555	2025-10-31	3	4	4	Detractor
NULL	1555	2026-01-31	1	6	1	Detractor
NULL	1555	2026-04-30	2	5	6	Passive
NULL	1556	2025-10-31	3	NULL	1	Passive
NULL	1556	2026-01-31	4	1	6	Detractor
NULL	1556	2026-04-30	2	4	2	Detractor
NULL	1556	2026-07-31	2	4	4	Passive
NULL	1557	2026-04-30	10	6	8	Promoter
NULL	1557	2026-07-31	10	10	5	Promoter
NULL	1558	2024-01-31	7	5	2	Promoter
NULL	1558	2024-04-30	8	NULL	8	Passive
NULL	1558	07/31/2024	9	6	10	Promoter
NULL	1558	2024-10-31	10	5	4	Passive
NULL	1558	2025-01-31	9	8	7	Promoter
NULL	1558	2025-07-31	10	9	7	Passive
NULL	1558	2026-01-31	6	5	3	Passive
NULL	1558	2026-07-31	10	7	3	Promoter
NULL	1559	2024-10-31	8	10	4	Passive
NULL	1559	2025-01-31	5	6	4	Passive
NULL	1559	2025-04-30	6	7	10	Passive
NULL	1559	2026-01-31	4	7	2	Passive
NULL	1560	04/30/2026	3	8	1	Detractor
NULL	1563	2026-04-30	8	10	9	Passive
NULL	1563	2026-07-31	10	9	6	Promoter
NULL	1564	2025-01-31	10	5	7	Promoter
NULL	1564	2025-04-30	9	10	NULL	Promoter
NULL	1564	2025-07-31	7	10	4	Detractor
NULL	1564	2025-10-31	8	10	10	Promoter
NULL	1564	2026-01-31	10	4	8	Passive
NULL	1564	2026-04-30	8	8	5	Passive
NULL	1564	2026-07-31	6	6	7	Detractor
NULL	1565	2024-04-30	5	8	8	Detractor
NULL	1565	2024-07-31	3	6	3	Detractor
NULL	1565	10/31/2024	10	4	3	Promoter
NULL	1565	2025-01-31	4	8	5	Detractor
NULL	1565	2025-04-30	7	5	5	Passive
NULL	1565	2025-07-31	5	5	1	Passive
NULL	1565	2026-01-31	7	6	5	Passive
NULL	1565	2026-04-30	5	NULL	1	Detractor
NULL	1565	2026-07-31	8	5	3	Passive
NULL	1566	2024-01-31	6	3	5	Detractor
NULL	1566	2024-04-30	9	6	6	Promoter
NULL	1566	2024-07-31	6	4	3	Passive
NULL	1566	2025-01-31	4	9	NULL	Detractor
NULL	1566	2025-04-30	4	3	7	Passive
NULL	1566	2025-07-31	7	6	5	Promoter
NULL	1566	2025-10-31	8	5	6	Promoter
NULL	1566	2026-01-31	8	7	4	Passive
NULL	1567	2024-10-31	5	8	2	Detractor
NULL	1567	2025-04-30	5	6	4	Detractor
NULL	1567	2025-07-31	4	2	4	Passive
NULL	1567	2025-10-31	6	3	1	Detractor
NULL	1567	2026-01-31	4	8	1	Detractor
NULL	1567	2026-04-30	4	2	5	Passive
NULL	1568	2026-01-31	10	NULL	8	Promoter
NULL	1568	2026-04-30	10	10	10	Promoter
NULL	1569	2024-01-31	4	6	8	Detractor
NULL	1570	2024-01-31	8	5	5	Detractor
NULL	1570	2024-04-30	7	7	1	Passive
NULL	1570	2024-07-31	8	6	7	Passive
NULL	1570	2025-01-31	7	7	1	Passive
NULL	1570	2025-04-30	4	3	1	Detractor
NULL	1570	2025-07-31	6	8	1	Detractor
NULL	1570	2026-07-31	7	3	4	Promoter
NULL	1571	2025-10-31	2	1	4	Detractor
NULL	1572	2024-01-31	4	3	1	Passive
NULL	1572	2024-04-30	5	3	1	Detractor
NULL	1572	2024-07-31	3	6	7	Detractor
NULL	1572	2025-01-31	3	1	5	Promoter
NULL	1572	2025-04-30	5	4	1	Detractor
NULL	1572	2025-07-31	4	NULL	5	Passive
NULL	1572	2025-10-31	4	4	6	Detractor
NULL	1572	2026-01-31	3	1	8	Detractor
NULL	1572	2026-04-30	1	6	4	Detractor
NULL	1572	2026-07-31	5	NULL	1	Detractor
NULL	1573	2024-01-31	10	8	7	Promoter
NULL	1573	2024-04-30	8	7	NULL	Detractor
NULL	1573	2025-01-31	10	8	7	Promoter
NULL	1573	2026-01-31	8	8	10	Passive
NULL	1573	2026-04-30	10	9	10	Promoter
NULL	1573	2026-07-31	10	6	7	Promoter
NULL	1574	2025-10-31	3	5	3	Detractor
NULL	1574	2026-01-31	1	2	2	Promoter
NULL	1574	2026-04-30	1	4	2	Promoter
NULL	1574	2026-07-31	2	4	1	Detractor
NULL	1576	2024-01-31	4	7	1	Detractor
NULL	1576	2024-04-30	4	4	1	Detractor
NULL	1576	2024-07-31	5	1	6	Detractor
NULL	1576	2024-10-31	6	1	8	Detractor
NULL	1576	2025-01-31	7	NULL	2	Promoter
NULL	1576	2025-04-30	9	3	7	Promoter
NULL	1576	2025-07-31	10	7	3	Promoter
NULL	1576	2025-10-31	3	6	6	Passive
NULL	1576	2026-01-31	4	1	8	Detractor
NULL	1576	2026-04-30	8	6	6	Detractor
NULL	1577	2024-04-30	9	6	5	Promoter
NULL	1577	2024-07-31	9	9	10	Promoter
NULL	1577	2024-10-31	9	6	9	Promoter
NULL	1577	2025-01-31	10	5	5	Passive
NULL	1577	2025-07-31	7	1	5	Detractor
NULL	1577	2025-10-31	9	7	7	Promoter
NULL	1577	2026-04-30	9	7	8	Promoter
NULL	1578	2024-07-31	5	2	2	Passive
NULL	1578	2025-01-31	4	4	1	Detractor
NULL	1578	2025-04-30	5	4	8	Detractor
NULL	1578	2025-07-31	2	4	6	Detractor
NULL	1578	2025-10-31	5	4	5	Passive
NULL	1578	2026-04-30	5	4	2	Detractor
NULL	1578	2026-07-31	6	5	6	Detractor
NULL	1579	2024-01-31	7	10	3	Passive
NULL	1579	2024-04-30	7	9	3	Promoter
NULL	1579	2024-07-31	7	5	8	Promoter
NULL	1579	2025-01-31	6	8	9	Detractor
NULL	1579	2025-04-30	5	8	5	Promoter
NULL	1579	2025-07-31	9	6	8	Promoter
NULL	1579	2026-04-30	7	5	5	Passive
NULL	1579	2026-07-31	8	5	10	Passive
NULL	1580	2025-10-31	7	5	4	Passive
NULL	1580	01/31/2026	7	6	3	Detractor
NULL	1580	2026-04-30	4	5	7	Passive
NULL	1580	2026-07-31	7	7	8	Passive
NULL	1581	2024-01-31	4	6	4	Detractor
NULL	1581	2024-04-30	3	3	2	Detractor
NULL	1581	2024-07-31	4	2	1	Detractor
NULL	1581	2024-10-31	4	6	2	Detractor
NULL	1581	2025-07-31	5	5	4	Detractor
NULL	1581	2026-01-31	8	6	1	Promoter
NULL	1581	2026-04-30	1	8	2	Detractor
NULL	1582	2025-01-31	3	3	NULL	Detractor
NULL	1582	2025-07-31	5	7	8	Detractor
NULL	1582	2025-10-31	3	5	9	Detractor
NULL	1582	2026-01-31	1	4	4	Detractor
NULL	1582	2026-04-30	7	7	4	Passive
NULL	1583	2024-07-31	8	7	7	Promoter
NULL	1583	2025-01-31	10	5	6	Promoter
NULL	1583	2025-04-30	1	6	9	Detractor
NULL	1583	2025-10-31	8	4	3	Promoter
NULL	1583	2026-04-30	6	8	5	Detractor
NULL	1583	2026-07-31	8	5	6	Detractor
NULL	1584	2026-01-31	6	5	5	Detractor
NULL	1584	2026-04-30	9	5	8	Promoter
NULL	1585	2024-01-31	4	2	3	Detractor
NULL	1585	2024-10-31	3	NULL	4	Promoter
NULL	1585	2025-04-30	4	3	4	Passive
NULL	1585	2025-07-31	3	3	1	Detractor
NULL	1585	2025-10-31	2	1	1	Detractor
NULL	1585	2026-04-30	3	1	1	Detractor
NULL	1585	2026-07-31	1	6	1	Detractor
NULL	1586	2024-01-31	8	7	10	Passive
NULL	1586	04/30/2024	9	7	9	Passive
NULL	1586	2024-07-31	8	8	5	Promoter
NULL	1586	2024-10-31	7	7	10	Promoter
NULL	1586	2025-01-31	8	6	5	Promoter
NULL	1586	2025-04-30	10	5	3	Promoter
NULL	1586	2026-01-31	7	9	4	Promoter
NULL	1587	2024-01-31	7	6	7	Passive
NULL	1587	2024-04-30	8	5	9	Promoter
NULL	1587	2024-10-31	6	10	7	Detractor
NULL	1587	2025-01-31	7	4	5	Passive
NULL	1587	2025-07-31	8	7	10	Promoter
NULL	1587	2025-10-31	7	6	10	Passive
NULL	1587	2026-04-30	6	7	6	Detractor
NULL	1587	2026-07-31	9	5	4	Promoter
NULL	1588	2025-04-30	10	9	7	Promoter
NULL	1588	2025-07-31	6	6	8	Detractor
NULL	1588	2025-10-31	8	6	8	Passive
NULL	1588	2026-01-31	9	8	4	Promoter
NULL	1588	2026-04-30	8	5	7	Promoter
NULL	1588	2026-07-31	7	5	4	Passive
NULL	1589	2024-04-30	8	4	6	Passive
NULL	1589	2024-07-31	5	3	5	Detractor
NULL	1589	2024-10-31	9	5	4	Promoter
NULL	1589	2025-01-31	6	4	5	Detractor
NULL	1589	2025-04-30	8	4	1	Passive
NULL	1589	2025-07-31	7	4	6	Passive
NULL	1589	2025-10-31	7	8	5	Promoter
NULL	1589	2026-01-31	7	6	6	Passive
NULL	1589	2026-04-30	6	6	8	Detractor
NULL	1590	2024-01-31	3	5	3	Detractor
NULL	1590	2024-04-30	6	3	6	Detractor
NULL	1590	2024-07-31	2	6	1	Detractor
NULL	1590	2024-10-31	2	5	1	Detractor
NULL	1590	2025-04-30	4	3	8	Detractor
NULL	1590	2025-07-31	5	2	1	Detractor
NULL	1590	2026-01-31	2	4	8	Detractor
NULL	1590	2026-04-30	8	3	9	Detractor
NULL	1591	2024-01-31	5	1	4	Detractor
NULL	1591	2024-07-31	4	1	3	Detractor
NULL	1591	2025-01-31	1	5	1	Detractor
NULL	1591	2025-04-30	6	2	1	Detractor
NULL	1591	2025-07-31	4	5	4	Detractor
NULL	1591	2026-04-30	3	3	3	Detractor
NULL	1591	07/31/2026	2	2	1	Passive
NULL	1592	2025-10-31	6	10	6	Detractor
NULL	1592	2026-01-31	7	4	9	Passive
NULL	1592	2026-04-30	10	5	9	Passive
NULL	1592	2026-07-31	5	6	5	Detractor
NULL	1593	2024-01-31	5	7	2	Detractor
NULL	1593	2024-10-31	4	3	3	Detractor
NULL	1593	2025-01-31	5	4	9	Detractor
NULL	1593	2025-04-30	4	5	4	Detractor
NULL	1593	07/31/2025	4	1	3	Detractor
NULL	1593	2025-10-31	3	4	10	Passive
NULL	1593	2026-01-31	6	4	4	Detractor
NULL	1593	2026-04-30	1	1	3	Detractor
NULL	1593	2026-07-31	7	4	6	Detractor
NULL	1594	2025-10-31	6	NULL	3	Detractor
NULL	1594	2026-01-31	6	4	6	Detractor
NULL	1594	2026-04-30	6	9	5	Detractor
NULL	1594	2026-07-31	8	7	2	Promoter
NULL	1596	2026-07-31	10	7	5	Promoter
NULL	1597	2026-07-31	9	4	10	Promoter
NULL	1598	2024-01-31	10	9	10	Promoter
NULL	1598	2024-04-30	9	8	10	Promoter
NULL	1598	2024-07-31	8	10	6	Passive
NULL	1598	2024-10-31	8	6	8	Passive
NULL	1598	2025-04-30	8	9	7	Passive
NULL	1598	2025-07-31	9	5	8	Promoter
NULL	1598	2026-01-31	8	6	7	Detractor
NULL	1598	2026-04-30	8	7	7	Passive
NULL	1598	2026-07-31	6	9	10	Detractor
NULL	1599	2024-07-31	5	5	4	Detractor
NULL	1599	2024-10-31	7	6	7	Promoter
NULL	1599	2025-01-31	8	7	7	Detractor
NULL	1599	2025-07-31	9	7	5	Promoter
NULL	1599	2025-10-31	8	7	2	Passive
NULL	1599	2026-04-30	7	10	6	Promoter
NULL	1599	2026-07-31	7	8	6	Detractor
NULL	1600	2024-07-31	4	4	7	Detractor
NULL	1600	2024-10-31	6	8	7	Detractor
NULL	1600	2025-01-31	10	6	7	Promoter
NULL	1600	2025-04-30	6	9	6	Detractor
NULL	1600	2025-10-31	6	7	8	Detractor
NULL	1600	2026-01-31	4	6	8	Passive
NULL	1600	2026-07-31	10	6	7	Detractor
NULL	1602	2024-04-30	5	4	10	Detractor
NULL	1602	2024-07-31	5	1	5	Passive
NULL	1602	2025-01-31	1	7	5	Passive
NULL	1603	2025-10-31	2	3	1	Detractor
NULL	1603	2026-01-31	1	NULL	1	Detractor
NULL	1603	2026-04-30	4	4	3	Detractor
NULL	1603	2026-07-31	3	1	4	Passive
NULL	1604	2026-07-31	6	5	9	Detractor
NULL	1605	2026-01-31	4	3	5	Detractor
NULL	1606	2026-04-30	3	1	6	Promoter
NULL	1607	2024-01-31	5	7	6	Detractor
NULL	1607	2024-10-31	5	4	6	Detractor
NULL	1607	2025-01-31	7	5	8	Promoter
NULL	1607	2025-04-30	9	10	6	Promoter
NULL	1607	2026-01-31	6	6	4	Detractor
NULL	1607	2026-04-30	5	6	8	Detractor
NULL	1607	2026-07-31	10	7	4	Promoter
NULL	1608	2025-04-30	8	6	2	Promoter
NULL	1608	2025-07-31	9	6	6	Promoter
NULL	1608	2025-10-31	8	5	5	Promoter
NULL	1608	2026-01-31	7	6	9	Passive
NULL	1608	2026-04-30	4	10	4	Promoter
NULL	1608	2026-07-31	8	8	5	Promoter
NULL	1609	2024-01-31	4	3	10	Promoter
NULL	1609	2024-04-30	8	4	3	Passive
NULL	1609	2024-07-31	7	3	9	Promoter
NULL	1609	2024-10-31	5	8	2	Detractor
NULL	1609	2025-04-30	6	2	7	Passive
NULL	1609	2025-07-31	4	6	3	Detractor
NULL	1609	2026-01-31	6	7	2	Detractor
NULL	1609	2026-04-30	7	NULL	6	Promoter
NULL	1610	2024-07-31	10	NULL	10	Promoter
NULL	1610	2024-10-31	9	10	7	Promoter
NULL	1610	2025-01-31	7	8	10	Promoter
NULL	1610	2025-04-30	10	7	7	Promoter
NULL	1610	2025-07-31	10	10	5	Promoter
NULL	1610	2026-04-30	8	NULL	8	Passive
NULL	1611	2024-01-31	7	7	1	Detractor
NULL	1611	2024-07-31	4	7	NULL	Detractor
NULL	1611	2025-01-31	9	7	4	Promoter
NULL	1611	2025-04-30	5	7	5	Detractor
NULL	1611	2025-07-31	7	8	6	Passive
NULL	1611	2025-10-31	8	6	4	Detractor
NULL	1611	2026-01-31	10	5	8	Promoter
NULL	1611	04/30/2026	7	7	7	Promoter
NULL	1611	2026-07-31	5	7	2	Detractor
NULL	1612	2024-01-31	1	2	3	Detractor
NULL	1612	2024-07-31	5	6	3	Promoter
NULL	1612	2024-10-31	1	2	4	Detractor
NULL	1612	2025-04-30	3	5	4	Detractor
NULL	1612	2025-10-31	4	3	7	Detractor
NULL	1612	2026-01-31	3	5	4	Detractor
NULL	1612	2026-04-30	2	5	1	Passive
NULL	1612	2026-07-31	1	1	4	Detractor
NULL	1613	2025-10-31	5	4	8	Detractor
NULL	1613	2026-01-31	4	1	1	Detractor
NULL	1613	2026-04-30	7	7	2	Detractor
NULL	1613	2026-07-31	3	2	6	Passive
NULL	1614	2024-04-30	5	4	3	Detractor
NULL	1614	2024-07-31	6	9	3	Passive
NULL	1614	2025-04-30	3	7	8	Detractor
NULL	1614	2025-07-31	5	7	7	Passive
NULL	1614	2025-10-31	5	8	7	Passive
NULL	1614	2026-01-31	5	5	5	Passive
NULL	1614	2026-04-30	8	1	4	Passive
NULL	1614	2026-07-31	6	5	4	Detractor
NULL	1615	2026-01-31	7	2	8	Promoter
NULL	1617	2024-01-31	7	5	NULL	Passive
NULL	1617	2024-04-30	7	7	8	Promoter
NULL	1617	2024-07-31	7	6	6	Promoter
NULL	1617	2024-10-31	3	6	6	Detractor
NULL	1617	2025-01-31	5	5	8	Detractor
NULL	1617	2025-04-30	8	6	6	Passive
NULL	1617	2025-07-31	9	8	3	Promoter
NULL	1617	2025-10-31	6	8	7	Detractor
NULL	1617	2026-04-30	7	9	5	Promoter
NULL	1617	2026-07-31	7	9	9	Passive
NULL	1618	2024-01-31	4	1	NULL	Detractor
NULL	1618	2024-04-30	4	2	5	Detractor
NULL	1618	2025-04-30	3	2	5	Detractor
NULL	1618	2025-07-31	1	6	2	Passive
NULL	1618	2025-10-31	2	3	3	Detractor
NULL	1618	2026-01-31	6	5	4	Passive
NULL	1618	07/31/2026	1	1	2	Detractor
NULL	1619	2026-01-31	6	4	3	Detractor
NULL	1619	2026-04-30	7	6	5	Passive
NULL	1619	2026-07-31	5	5	5	Promoter
NULL	1620	2024-01-31	6	9	3	Detractor
NULL	1620	2024-04-30	3	3	7	Detractor
NULL	1620	2024-07-31	4	1	1	Passive
NULL	1620	2025-01-31	7	4	3	Detractor
NULL	1620	2025-07-31	5	7	3	Passive
NULL	1620	2025-10-31	6	6	7	Promoter
NULL	1620	2026-04-30	6	5	5	Promoter
NULL	1620	2026-07-31	2	7	1	Detractor
NULL	1621	2026-07-31	4	2	5	Detractor
NULL	1622	2024-01-31	8	4	5	Promoter
NULL	1622	2024-04-30	7	8	7	Detractor
NULL	1622	2024-07-31	7	2	1	Promoter
NULL	1622	2025-01-31	8	6	8	Passive
NULL	1622	2025-10-31	9	6	10	Promoter
NULL	1622	2026-01-31	10	7	4	Promoter
NULL	1622	2026-04-30	6	8	7	Promoter
NULL	1622	2026-07-31	3	10	8	Detractor
NULL	1623	2025-10-31	4	5	5	Detractor
NULL	1623	2026-01-31	6	6	7	Detractor
NULL	1623	2026-04-30	9	7	8	Promoter
NULL	1624	2025-01-31	7	10	6	Passive
NULL	1624	2025-04-30	8	7	4	Passive
NULL	1624	2025-07-31	4	5	9	Detractor
NULL	1624	2025-10-31	6	4	NULL	Detractor
NULL	1624	2026-01-31	8	5	7	Passive
NULL	1624	2026-04-30	2	4	10	Detractor
NULL	1624	2026-07-31	8	4	6	Passive
NULL	1625	2024-01-31	9	6	8	Promoter
NULL	1625	2024-10-31	8	8	10	Passive
NULL	1625	2025-01-31	8	7	3	Passive
NULL	1625	07/31/2025	8	6	7	Passive
NULL	1625	2025-10-31	7	10	5	Passive
NULL	1625	2026-01-31	9	7	6	Promoter
NULL	1625	2026-04-30	10	6	10	Promoter
NULL	1626	2024-04-30	8	10	10	Promoter
NULL	1626	2024-07-31	8	9	7	Passive
NULL	1626	2025-04-30	10	9	7	Promoter
NULL	1626	2025-07-31	10	7	9	Passive
NULL	1626	2025-10-31	6	7	3	Passive
NULL	1626	2026-01-31	10	6	6	Passive
NULL	1626	2026-04-30	8	5	7	Promoter
NULL	1626	2026-07-31	7	10	10	Detractor
NULL	1627	2024-04-30	4	3	4	Detractor
NULL	1627	2024-07-31	5	5	7	Detractor
NULL	1627	2024-10-31	3	5	3	Detractor
NULL	1627	2025-01-31	5	4	2	Promoter
NULL	1627	2025-04-30	6	7	9	Detractor
NULL	1627	2025-07-31	6	6	9	Passive
NULL	1627	2025-10-31	9	8	1	Promoter
NULL	1627	01/31/2026	7	4	5	Promoter
NULL	1627	2026-04-30	7	2	5	Promoter
NULL	1628	2024-10-31	6	4	9	Detractor
NULL	1628	2025-01-31	6	6	3	Detractor
NULL	1628	2025-04-30	5	6	6	Detractor
NULL	1628	2025-10-31	7	5	7	Detractor
NULL	1628	2026-04-30	6	6	10	Promoter
NULL	1629	2024-01-31	4	7	10	Passive
NULL	1629	2024-07-31	7	4	2	Passive
NULL	1629	2024-10-31	3	3	3	Detractor
NULL	1629	2025-01-31	4	6	6	Passive
NULL	1629	2025-07-31	4	5	5	Detractor
NULL	1629	2025-10-31	3	1	7	Detractor
NULL	1629	2026-01-31	3	6	NULL	Detractor
NULL	1630	2026-01-31	8	7	9	Passive
NULL	1630	2026-04-30	8	7	7	Promoter
NULL	1630	2026-07-31	9	NULL	8	Passive
NULL	1631	2024-04-30	10	10	4	Promoter
NULL	1631	2024-10-31	8	10	10	Promoter
NULL	1631	2025-01-31	10	7	8	Promoter
NULL	1631	2025-04-30	9	10	10	Promoter
NULL	1631	2026-01-31	8	10	7	Passive
NULL	1631	2026-04-30	10	7	7	Promoter
NULL	1631	2026-07-31	7	10	10	Promoter
NULL	1632	2024-07-31	7	7	3	Passive
NULL	1632	2025-04-30	6	2	3	Promoter
NULL	1632	2025-07-31	4	6	2	Detractor
NULL	1632	2025-10-31	4	7	2	Passive
NULL	1632	2026-04-30	4	1	4	Passive
NULL	1632	2026-07-31	7	4	3	Passive
NULL	1633	2025-01-31	6	5	7	Detractor
NULL	1633	2025-07-31	8	7	1	Passive
NULL	1633	2025-10-31	10	8	8	Detractor
NULL	1634	2026-01-31	9	4	7	Promoter
NULL	1634	2026-04-30	10	7	7	Promoter
NULL	1634	2026-07-31	6	5	6	Passive
NULL	1635	2025-07-31	5	5	7	Promoter
NULL	1635	2025-10-31	7	3	1	Promoter
NULL	1635	2026-01-31	6	1	2	Detractor
NULL	1635	2026-04-30	4	2	1	Promoter
NULL	1635	2026-07-31	8	7	4	Passive
NULL	1636	2024-01-31	10	5	3	Promoter
NULL	1636	2024-04-30	9	7	1	Passive
NULL	1636	2024-07-31	8	10	10	Detractor
NULL	1636	2024-10-31	6	6	6	Promoter
NULL	1636	2025-01-31	6	8	6	Passive
NULL	1636	2025-04-30	9	10	8	Promoter
NULL	1636	2025-10-31	8	10	5	Detractor
NULL	1636	2026-01-31	7	9	8	Detractor
NULL	1636	04/30/2026	7	6	10	Passive
NULL	1637	2024-04-30	9	7	10	Promoter
NULL	1637	2024-07-31	9	10	6	Promoter
NULL	1638	2024-01-31	8	3	2	Passive
NULL	1638	2024-04-30	9	8	5	Promoter
NULL	1638	2024-07-31	8	7	9	Passive
NULL	1638	10/31/2024	7	3	8	Passive
NULL	1638	2025-01-31	5	6	4	Detractor
NULL	1638	2025-04-30	10	2	8	Promoter
NULL	1638	2025-07-31	7	10	9	Passive
NULL	1638	2025-10-31	10	6	10	Promoter
NULL	1638	2026-01-31	8	6	3	Passive
NULL	1638	2026-07-31	5	5	5	Detractor
NULL	1639	2025-10-31	7	8	7	Passive
NULL	1639	2026-01-31	8	7	6	Passive
NULL	1639	2026-04-30	5	10	3	Detractor
NULL	1641	2024-07-31	7	4	1	Passive
NULL	1641	2024-10-31	5	9	7	Passive
NULL	1641	01/31/2025	2	1	3	Detractor
NULL	1641	2025-10-31	4	4	4	Passive
NULL	1641	2026-01-31	7	2	3	Promoter
NULL	1641	2026-04-30	5	4	6	Passive
NULL	1642	2024-01-31	3	4	7	Passive
NULL	1642	2024-04-30	2	5	6	Detractor
NULL	1642	2024-07-31	3	6	1	Detractor
NULL	1642	2025-01-31	4	5	3	Detractor
NULL	1642	2025-04-30	5	4	5	Detractor
NULL	1642	2025-07-31	7	7	4	Promoter
NULL	1643	01/31/2024	5	2	1	Detractor
NULL	1643	2024-04-30	4	5	6	Detractor
NULL	1643	2024-07-31	3	5	4	Detractor
NULL	1643	2024-10-31	5	5	4	Passive
NULL	1643	2025-01-31	4	6	2	Detractor
NULL	1643	2025-04-30	5	1	7	Detractor
NULL	1643	2025-07-31	1	3	NULL	Detractor
NULL	1643	2026-01-31	3	3	NULL	Detractor
NULL	1643	2026-04-30	3	1	1	Detractor
NULL	1643	2026-07-31	4	1	1	Detractor
NULL	1644	2024-07-31	7	6	3	Passive
NULL	1644	2025-04-30	6	NULL	7	Detractor
NULL	1644	2025-07-31	5	3	5	Detractor
NULL	1644	2025-10-31	9	5	3	Promoter
NULL	1644	2026-01-31	9	6	5	Promoter
NULL	1644	2026-07-31	5	6	6	Detractor
NULL	1645	2024-01-31	4	5	5	Passive
NULL	1645	2024-04-30	4	2	3	Passive
NULL	1645	07/31/2024	7	3	7	Promoter
NULL	1645	2025-01-31	1	4	6	Detractor
NULL	1645	2025-04-30	1	6	4	Detractor
NULL	1645	2026-04-30	4	4	1	Detractor
NULL	1645	2026-07-31	8	6	2	Detractor
NULL	1646	2025-10-31	4	1	6	Detractor
NULL	1647	2024-01-31	4	5	2	Detractor
NULL	1647	2024-07-31	5	3	2	Detractor
NULL	1647	2024-10-31	6	6	7	Passive
NULL	1647	2025-01-31	5	3	3	Detractor
NULL	1648	2024-07-31	3	1	3	Detractor
NULL	1648	2024-10-31	2	2	3	Detractor
NULL	1648	2025-04-30	3	1	1	Detractor
NULL	1648	2025-07-31	2	1	4	Detractor
NULL	1648	2025-10-31	1	3	1	Passive
NULL	1648	2026-01-31	4	1	3	Passive
NULL	1648	2026-04-30	2	4	1	Detractor
NULL	1648	2026-07-31	3	1	2	Detractor
NULL	1649	2024-07-31	10	8	3	Promoter
NULL	1649	2025-01-31	5	5	8	Detractor
NULL	1649	2025-04-30	6	9	10	Detractor
NULL	1649	2025-07-31	4	6	8	Passive
NULL	1649	2025-10-31	7	5	8	Promoter
NULL	1649	07/31/2026	8	6	7	Detractor
NULL	1650	2024-01-31	1	3	4	Detractor
NULL	1650	2024-04-30	1	1	NULL	Passive
NULL	1650	2024-07-31	1	3	5	Detractor
NULL	1650	2024-10-31	3	1	5	Detractor
NULL	1650	2025-04-30	3	3	2	Passive
NULL	1650	2025-10-31	1	1	3	Detractor
NULL	1650	2026-04-30	1	3	5	Detractor
NULL	1651	2024-01-31	6	7	7	Passive
NULL	1651	2024-04-30	7	4	5	Detractor
NULL	1651	2024-07-31	5	8	5	Promoter
NULL	1651	2024-10-31	7	6	9	Passive
NULL	1651	2025-01-31	9	6	4	Promoter
NULL	1651	2025-04-30	9	10	7	Passive
NULL	1651	2025-07-31	7	8	7	Passive
NULL	1651	2025-10-31	7	6	8	Detractor
NULL	1651	2026-01-31	6	8	6	Detractor
NULL	1651	2026-07-31	9	4	4	Promoter
NULL	1652	2025-01-31	4	1	2	Detractor
NULL	1652	2025-04-30	3	5	4	Detractor
NULL	1652	2025-07-31	4	4	2	Detractor
NULL	1652	2025-10-31	3	1	3	Detractor
NULL	1652	2026-04-30	1	2	4	Detractor
NULL	1652	2026-07-31	3	6	3	Passive
NULL	1653	2026-07-31	7	5	4	Passive
NULL	1654	2024-01-31	3	8	9	Detractor
NULL	1654	2024-04-30	8	7	3	Passive
NULL	1654	2024-07-31	6	3	5	Detractor
NULL	1654	2024-10-31	8	2	8	Passive
NULL	1654	2025-04-30	6	1	3	Detractor
NULL	1654	2025-10-31	10	6	2	Promoter
NULL	1654	2026-01-31	6	5	3	Passive
NULL	1654	2026-07-31	6	7	8	Detractor
NULL	1655	2024-07-31	3	NULL	NULL	Detractor
NULL	1655	2024-10-31	3	3	3	Detractor
NULL	1655	2025-01-31	1	7	1	Detractor
NULL	1655	2025-04-30	4	1	1	Passive
NULL	1655	2025-10-31	4	4	3	Detractor
NULL	1655	2026-01-31	4	4	4	Detractor
NULL	1655	2026-07-31	1	4	1	Detractor
NULL	1656	2024-04-30	5	9	6	Detractor
NULL	1657	2024-01-31	6	10	10	Detractor
NULL	1657	2024-04-30	9	4	10	Passive
NULL	1657	2024-07-31	9	10	10	Promoter
NULL	1657	2024-10-31	10	9	9	Detractor
NULL	1657	2025-01-31	8	10	9	Passive
NULL	1657	2025-07-31	8	9	3	Passive
NULL	1657	2025-10-31	7	10	9	Promoter
NULL	1657	2026-01-31	9	10	9	Promoter
NULL	1658	2026-01-31	5	9	4	Detractor
NULL	1658	2026-07-31	5	7	1	Passive
NULL	1659	2024-04-30	9	6	8	Promoter
NULL	1659	2024-07-31	6	4	10	Detractor
NULL	1659	2024-10-31	4	6	4	Detractor
NULL	1659	2025-07-31	5	2	3	Detractor
NULL	1659	2025-10-31	7	6	4	Passive
NULL	1659	2026-01-31	7	6	7	Promoter
NULL	1659	2026-04-30	6	3	5	Detractor
NULL	1659	2026-07-31	6	6	1	Passive
NULL	1660	2024-01-31	1	4	1	Detractor
NULL	1660	2024-04-30	4	3	5	Promoter
NULL	1660	2024-07-31	6	NULL	NULL	Detractor
NULL	1660	2024-10-31	7	2	7	Promoter
NULL	1660	2025-01-31	6	8	2	Detractor
NULL	1660	2025-04-30	6	6	2	Detractor
NULL	1660	2025-07-31	3	6	3	Passive
NULL	1660	2025-10-31	4	1	3	Detractor
NULL	1660	04/30/2026	3	5	9	Detractor
NULL	1662	2024-04-30	5	1	6	Detractor
NULL	1662	2024-10-31	5	5	1	Passive
NULL	1662	2025-01-31	1	2	2	Passive
NULL	1663	2024-01-31	3	7	3	Detractor
NULL	1663	2024-07-31	6	4	7	Detractor
NULL	1663	2025-01-31	6	9	7	Detractor
NULL	1663	2025-04-30	6	7	10	Detractor
NULL	1663	2025-07-31	9	5	7	Promoter
NULL	1663	10/31/2025	6	5	3	Detractor
NULL	1663	01/31/2026	8	5	2	Promoter
NULL	1663	2026-07-31	2	9	5	Detractor
NULL	1664	2026-07-31	1	3	1	Detractor
NULL	1665	2025-10-31	3	8	3	Passive
NULL	1665	2026-01-31	4	5	2	Detractor
NULL	1665	2026-04-30	4	3	4	Passive
NULL	1665	2026-07-31	5	1	4	Detractor
NULL	1667	2024-10-31	5	4	1	Detractor
NULL	1667	01/31/2025	5	5	8	Detractor
NULL	1667	2025-04-30	4	3	1	Passive
NULL	1667	2025-10-31	6	6	3	Passive
NULL	1667	2026-01-31	8	7	9	Detractor
NULL	1668	2024-01-31	8	7	6	Passive
NULL	1668	2025-01-31	10	6	7	Promoter
NULL	1668	2025-04-30	8	5	4	Detractor
NULL	1668	2025-10-31	5	8	8	Detractor
NULL	1668	2026-01-31	10	10	5	Promoter
NULL	1668	2026-04-30	9	7	6	Promoter
NULL	1668	2026-07-31	9	9	4	Promoter
NULL	1669	2024-01-31	8	1	1	Promoter
NULL	1669	2024-04-30	2	5	1	Passive
NULL	1669	2024-07-31	1	1	3	Detractor
NULL	1669	2024-10-31	4	3	2	Detractor
NULL	1669	2025-07-31	1	5	5	Detractor
NULL	1669	2025-10-31	5	4	2	Passive
NULL	1669	2026-04-30	1	5	1	Detractor
NULL	1670	2024-01-31	4	3	2	Passive
NULL	1670	2024-04-30	7	5	5	Detractor
NULL	1670	2024-10-31	10	8	6	Promoter
NULL	1670	2025-04-30	6	8	4	Promoter
NULL	1670	2025-07-31	9	7	6	Promoter
NULL	1670	2025-10-31	9	7	4	Promoter
NULL	1670	2026-01-31	10	6	8	Promoter
NULL	1670	2026-04-30	10	7	10	Promoter
NULL	1670	2026-07-31	7	7	8	Passive
NULL	1671	2026-04-30	6	8	3	Passive
NULL	1671	2026-07-31	10	9	6	Promoter
NULL	1672	2024-01-31	4	NULL	5	Detractor
NULL	1672	2024-04-30	7	4	5	Passive
NULL	1672	2024-10-31	7	3	6	Passive
NULL	1672	2025-04-30	9	9	10	Promoter
NULL	1672	2025-07-31	9	8	8	Promoter
NULL	1672	2025-10-31	8	4	4	Passive
NULL	1672	2026-01-31	8	8	1	Passive
NULL	1672	2026-04-30	8	4	8	Passive
NULL	1672	2026-07-31	6	1	4	Detractor
NULL	1673	2025-10-31	10	8	9	Promoter
NULL	1673	2026-01-31	10	NULL	10	Promoter
NULL	1673	2026-04-30	10	10	6	Promoter
NULL	1674	2024-01-31	4	4	1	Detractor
NULL	1674	2024-04-30	1	3	1	Detractor
NULL	1674	2024-10-31	6	4	5	Detractor
NULL	1674	2025-01-31	4	1	4	Promoter
NULL	1674	2025-04-30	6	6	1	Detractor
NULL	1674	2025-07-31	7	1	2	Detractor
NULL	1674	2025-10-31	3	1	4	Detractor
NULL	1674	2026-01-31	5	6	5	Passive
NULL	1674	2026-07-31	6	2	1	Detractor
NULL	1675	2024-01-31	5	2	3	Detractor
NULL	1675	2024-04-30	5	5	5	Passive
NULL	1675	2024-07-31	4	1	9	Passive
NULL	1675	2024-10-31	5	1	5	Detractor
NULL	1675	2025-01-31	3	2	6	Detractor
NULL	1675	2025-04-30	1	1	3	Detractor
NULL	1675	2025-07-31	5	4	3	Passive
NULL	1675	2026-01-31	2	3	5	Detractor
NULL	1675	2026-04-30	6	4	4	Passive
NULL	1675	2026-07-31	1	1	8	Detractor
NULL	1676	2025-10-31	9	10	9	Promoter
NULL	1676	2026-04-30	7	5	9	Passive
NULL	1676	2026-07-31	4	5	10	Promoter
NULL	1677	2025-10-31	5	NULL	4	Detractor
NULL	1677	2026-04-30	5	3	1	Passive
NULL	1678	2025-04-30	1	1	1	Detractor
NULL	1678	2025-07-31	1	1	1	Detractor
NULL	1678	2025-10-31	1	2	1	Promoter
NULL	1678	01/31/2026	2	3	3	Detractor
NULL	1678	2026-04-30	3	6	1	Detractor
NULL	1679	2024-01-31	2	2	5	Detractor
NULL	1679	2024-04-30	7	4	5	Detractor
NULL	1679	07/31/2024	8	9	8	Passive
NULL	1679	2025-07-31	3	2	3	Passive
NULL	1679	2025-10-31	6	2	4	Detractor
NULL	1679	2026-04-30	8	1	4	Passive
NULL	1679	2026-07-31	9	5	5	Promoter
NULL	1680	2024-01-31	1	1	1	Detractor
NULL	1680	2024-04-30	2	1	7	Passive
NULL	1680	2024-10-31	4	2	2	Passive
NULL	1680	2025-01-31	1	NULL	2	Passive
NULL	1680	2025-04-30	2	1	2	Promoter
NULL	1680	2025-07-31	4	2	1	Detractor
NULL	1680	2026-01-31	2	2	1	Detractor
NULL	1680	2026-04-30	1	1	2	Passive
NULL	1680	2026-07-31	2	1	4	Passive
NULL	1681	2024-01-31	5	5	5	Detractor
NULL	1681	2024-04-30	7	5	4	Promoter
NULL	1681	2024-07-31	6	10	6	Detractor
NULL	1681	2024-10-31	10	8	1	Promoter
NULL	1681	2025-01-31	4	5	3	Detractor
NULL	1681	2025-04-30	5	2	8	Promoter
NULL	1681	2025-07-31	9	10	7	Promoter
NULL	1681	2026-01-31	5	6	3	Passive
NULL	1681	2026-04-30	10	6	2	Promoter
NULL	1681	2026-07-31	6	7	6	Passive
NULL	1682	2025-10-31	7	8	2	Passive
NULL	1682	2026-07-31	5	6	4	Passive
NULL	1683	2026-01-31	2	6	NULL	Passive
NULL	1683	2026-07-31	3	4	9	Detractor
NULL	1684	2024-01-31	10	10	6	Promoter
NULL	1684	2024-04-30	10	6	6	Promoter
NULL	1684	2024-07-31	9	7	10	Promoter
NULL	1684	2024-10-31	7	10	10	Promoter
NULL	1684	2025-01-31	9	10	10	Promoter
NULL	1684	2025-04-30	10	8	5	Promoter
NULL	1684	2025-07-31	8	7	6	Promoter
NULL	1684	2025-10-31	10	9	10	Promoter
NULL	1684	2026-04-30	8	8	6	Detractor
NULL	1684	2026-07-31	9	9	9	Promoter
NULL	1685	2024-01-31	4	5	7	Detractor
NULL	1685	2024-04-30	6	6	NULL	Detractor
NULL	1685	2024-07-31	7	6	3	Passive
NULL	1685	2024-10-31	7	7	6	Passive
NULL	1685	2025-01-31	8	5	6	Passive
NULL	1685	2025-04-30	3	NULL	7	Detractor
NULL	1685	2025-10-31	3	2	5	Promoter
NULL	1685	2026-01-31	8	5	5	Detractor
NULL	1685	2026-04-30	8	3	3	Promoter
NULL	1686	2024-01-31	2	2	4	Passive
NULL	1686	2024-04-30	5	3	NULL	Detractor
NULL	1686	2024-07-31	6	2	NULL	Detractor
NULL	1686	2024-10-31	5	1	2	Detractor
NULL	1686	01/31/2025	6	4	3	Detractor
NULL	1686	2025-04-30	3	5	5	Detractor
NULL	1686	2025-10-31	5	7	1	Passive
NULL	1686	2026-01-31	4	4	6	Detractor
NULL	1686	2026-04-30	6	6	7	Detractor
NULL	1687	2025-10-31	5	1	2	Passive
NULL	1687	2026-01-31	2	2	7	Passive
NULL	1687	2026-07-31	2	5	5	Detractor
NULL	1688	2024-10-31	6	3	2	Detractor
NULL	1688	2025-01-31	6	3	3	Detractor
NULL	1688	2025-04-30	3	5	9	Detractor
NULL	1688	07/31/2025	3	2	4	Detractor
NULL	1688	2025-10-31	3	1	4	Detractor
NULL	1688	2026-01-31	4	1	7	Detractor
NULL	1688	2026-04-30	3	2	3	Passive
NULL	1688	2026-07-31	3	9	6	Detractor
NULL	1689	2024-01-31	4	1	10	Detractor
NULL	1689	2024-04-30	7	1	6	Passive
NULL	1689	2024-07-31	4	8	1	Detractor
NULL	1689	2024-10-31	6	1	7	Passive
NULL	1689	2025-01-31	5	3	9	Detractor
NULL	1689	2025-04-30	3	4	7	Detractor
NULL	1689	2025-07-31	7	4	1	Promoter
NULL	1689	2025-10-31	4	6	1	Detractor
NULL	1689	2026-01-31	7	4	5	Detractor
NULL	1689	2026-04-30	4	6	3	Detractor
NULL	1690	2026-01-31	6	4	2	Detractor
NULL	1690	2026-04-30	3	6	1	Detractor
NULL	1690	07/31/2026	2	5	4	Passive
NULL	1691	2024-01-31	2	1	1	Detractor
NULL	1691	2024-04-30	1	4	2	Detractor
NULL	1691	2024-07-31	2	1	2	Detractor
NULL	1691	2025-01-31	1	5	1	Passive
NULL	1691	2025-07-31	2	3	1	Passive
NULL	1691	2026-01-31	1	5	NULL	Detractor
NULL	1691	2026-04-30	1	1	NULL	Detractor
NULL	1691	2026-07-31	1	3	1	Detractor
NULL	1693	2024-01-31	9	1	7	Promoter
NULL	1693	2024-10-31	7	8	5	Passive
NULL	1693	2025-01-31	6	4	10	Detractor
NULL	1693	2025-04-30	7	3	1	Promoter
NULL	1693	2026-04-30	7	1	2	Passive
NULL	1693	2026-07-31	4	NULL	5	Detractor
NULL	1694	2025-01-31	6	5	6	Detractor
NULL	1694	2025-04-30	7	7	6	Passive
NULL	1694	2025-07-31	4	3	1	Detractor
NULL	1694	2025-10-31	6	5	4	Detractor
NULL	1694	2026-04-30	5	2	5	Detractor
NULL	1694	2026-07-31	9	5	2	Promoter
NULL	1695	2024-01-31	6	4	6	Detractor
NULL	1695	2024-04-30	5	4	7	Detractor
NULL	1695	2024-07-31	6	5	3	Detractor
NULL	1695	2024-10-31	6	5	7	Detractor
NULL	1695	2025-07-31	4	4	1	Passive
NULL	1695	2025-10-31	7	3	7	Passive
NULL	1695	2026-04-30	3	7	7	Passive
NULL	1695	2026-07-31	7	4	7	Detractor
NULL	1696	2025-07-31	8	6	4	Passive
NULL	1696	2025-10-31	6	7	8	Detractor
NULL	1696	2026-04-30	7	3	5	Promoter
NULL	1696	2026-07-31	7	4	9	Passive
NULL	1697	2024-01-31	10	9	9	Promoter
NULL	1697	2024-07-31	10	9	8	Detractor
NULL	1697	2024-10-31	10	10	10	Promoter
NULL	1697	2025-04-30	10	10	10	Promoter
NULL	1697	07/31/2025	10	8	10	Promoter
NULL	1697	2026-04-30	10	4	6	Passive
NULL	1698	2024-01-31	8	5	8	Passive
NULL	1698	2024-04-30	8	7	5	Passive
NULL	1698	10/31/2024	7	9	5	Detractor
NULL	1698	2025-01-31	6	6	4	Detractor
NULL	1698	2025-04-30	9	8	7	Promoter
NULL	1698	2025-07-31	9	10	3	Detractor
NULL	1698	2026-01-31	7	7	4	Promoter
NULL	1698	2026-04-30	6	2	6	Passive
NULL	1698	2026-07-31	5	6	6	Passive
NULL	1699	2026-01-31	6	4	2	Detractor
NULL	1699	2026-04-30	9	8	5	Promoter
NULL	1700	2025-04-30	10	9	6	Promoter
NULL	1700	2025-07-31	10	7	9	Promoter
NULL	1700	2025-10-31	10	4	7	Promoter
NULL	1700	2026-01-31	7	9	8	Passive
NULL	1700	2026-07-31	10	10	6	Promoter
NULL	1701	2024-01-31	3	4	3	Detractor
NULL	1701	2024-04-30	8	1	3	Passive
NULL	1701	2024-07-31	5	NULL	2	Detractor
NULL	1701	2025-01-31	5	1	7	Detractor
NULL	1701	2025-04-30	5	4	4	Detractor
NULL	1701	2025-07-31	5	7	3	Passive
NULL	1701	2026-04-30	5	4	5	Promoter
NULL	1701	2026-07-31	6	3	4	Detractor
NULL	1702	2024-04-30	6	NULL	6	Passive
NULL	1702	2024-07-31	3	3	2	Detractor
NULL	1702	2024-10-31	4	2	5	Detractor
NULL	1702	2025-01-31	4	3	4	Passive
NULL	1702	2025-04-30	5	NULL	3	Detractor
NULL	1702	2025-07-31	5	4	6	Detractor
NULL	1702	2025-10-31	7	5	4	Detractor
NULL	1702	2026-01-31	3	5	4	Detractor
NULL	1702	2026-07-31	6	4	5	Detractor
NULL	1703	2024-01-31	1	1	5	Passive
NULL	1703	2024-04-30	2	NULL	1	Detractor
NULL	1703	2024-07-31	1	1	1	Detractor
NULL	1703	2024-10-31	1	1	2	Detractor
NULL	1703	2025-01-31	1	2	1	Detractor
NULL	1703	2025-04-30	1	1	1	Passive
NULL	1703	2025-07-31	5	1	2	Detractor
NULL	1703	2025-10-31	3	2	4	Passive
NULL	1703	2026-01-31	1	1	1	Detractor
NULL	1703	2026-04-30	1	NULL	1	Detractor
NULL	1703	2026-07-31	2	2	1	Detractor
NULL	1704	2026-01-31	6	4	1	Passive
NULL	1704	2026-07-31	6	10	1	Detractor
NULL	1705	2025-10-31	4	1	4	Detractor
NULL	1705	2026-01-31	4	7	5	Detractor
NULL	1705	2026-04-30	4	1	7	Detractor
NULL	1705	2026-07-31	6	7	7	Detractor
NULL	1706	2024-04-30	5	5	9	Detractor
NULL	1706	2024-07-31	3	7	4	Detractor
NULL	1706	2024-10-31	8	2	1	Passive
NULL	1706	2025-01-31	8	4	8	Passive
NULL	1706	2025-04-30	8	7	7	Passive
NULL	1706	2025-07-31	9	2	7	Promoter
NULL	1706	2025-10-31	4	5	10	Passive
NULL	1706	2026-01-31	6	5	7	Passive
NULL	1706	2026-04-30	7	4	5	Passive
NULL	1707	2024-01-31	4	6	7	Detractor
NULL	1707	2024-07-31	5	3	4	Promoter
NULL	1707	2024-10-31	4	4	6	Detractor
NULL	1707	2025-07-31	1	NULL	6	Detractor
NULL	1707	2026-07-31	7	4	3	Promoter
NULL	1709	2024-07-31	6	4	6	Detractor
NULL	1709	2025-01-31	3	4	5	Detractor
NULL	1709	2025-04-30	7	4	3	Promoter
NULL	1709	2025-07-31	3	2	1	Passive
NULL	1709	10/31/2025	6	4	1	Detractor
NULL	1709	2026-01-31	5	3	NULL	Detractor
NULL	1709	2026-04-30	3	NULL	3	Detractor
NULL	1710	2024-01-31	6	3	3	Detractor
NULL	1710	2024-04-30	4	6	3	Promoter
NULL	1710	2024-07-31	5	5	8	Passive
NULL	1710	2024-10-31	8	8	10	Detractor
NULL	1710	2025-01-31	6	9	2	Detractor
NULL	1710	2025-04-30	6	6	6	Detractor
NULL	1710	07/31/2025	6	4	6	Detractor
NULL	1710	2025-10-31	6	5	4	Detractor
NULL	1710	2026-01-31	4	9	4	Promoter
NULL	1710	2026-04-30	6	5	6	Detractor
NULL	1710	2026-07-31	7	5	3	Passive
NULL	1711	2024-01-31	1	1	1	Detractor
NULL	1711	2024-10-31	1	4	1	Passive
NULL	1711	2025-01-31	1	2	1	Detractor
NULL	1711	2025-04-30	1	1	2	Detractor
NULL	1711	2025-07-31	1	2	1	Detractor
NULL	1711	2026-01-31	1	1	2	Promoter
NULL	1711	2026-04-30	1	1	1	Detractor
NULL	1711	2026-07-31	1	1	5	Detractor
NULL	1713	2024-04-30	10	NULL	6	Promoter
NULL	1713	2025-01-31	9	8	7	Passive
NULL	1713	2025-04-30	9	10	8	Promoter
NULL	1713	2025-07-31	10	10	8	Promoter
NULL	1713	2025-10-31	9	8	7	Detractor
NULL	1713	2026-04-30	7	10	5	Promoter
NULL	1713	07/31/2026	10	9	6	Promoter
NULL	1714	2024-10-31	3	6	4	Detractor
NULL	1714	2025-10-31	6	1	5	Promoter
NULL	1714	2026-01-31	4	5	4	Detractor
NULL	1714	04/30/2026	6	5	4	Detractor
NULL	1715	2024-04-30	2	3	5	Passive
NULL	1715	01/31/2025	5	5	1	Detractor
NULL	1716	2024-04-30	3	5	5	Detractor
NULL	1716	2024-07-31	5	5	6	Passive
NULL	1716	2025-01-31	4	5	3	Detractor
NULL	1716	2026-01-31	4	5	1	Passive
NULL	1716	2026-04-30	7	7	1	Passive
NULL	1717	2024-07-31	5	6	4	Promoter
NULL	1717	2024-10-31	4	6	5	Detractor
NULL	1717	2025-01-31	4	3	1	Detractor
NULL	1717	2025-07-31	3	5	3	Detractor
NULL	1717	2026-07-31	6	5	3	Detractor
NULL	1718	2026-01-31	6	6	9	Detractor
NULL	1718	2026-07-31	6	7	8	Detractor
NULL	1719	2024-04-30	10	8	7	Promoter
NULL	1719	2024-07-31	9	10	4	Promoter
NULL	1719	2024-10-31	6	10	4	Detractor
NULL	1719	2025-01-31	9	10	10	Promoter
NULL	1719	2025-04-30	10	8	9	Promoter
NULL	1719	2025-07-31	10	10	8	Promoter
NULL	1719	2026-01-31	10	10	10	Promoter
NULL	1719	2026-07-31	8	10	9	Detractor
NULL	1720	2026-04-30	10	9	5	Detractor
NULL	1720	2026-07-31	10	7	5	Promoter
NULL	1721	2024-07-31	6	6	7	Detractor
NULL	1721	2025-01-31	5	6	2	Passive
NULL	1721	2025-04-30	9	8	5	Promoter
NULL	1721	2025-07-31	4	4	3	Passive
NULL	1721	2025-10-31	6	4	6	Detractor
NULL	1721	2026-01-31	2	3	3	Detractor
NULL	1721	2026-04-30	5	6	2	Detractor
NULL	1722	2024-01-31	4	9	3	Promoter
NULL	1722	04/30/2024	4	3	1	Detractor
NULL	1722	2024-07-31	5	4	6	Detractor
NULL	1722	2024-10-31	10	7	4	Promoter
NULL	1722	2025-01-31	6	7	5	Detractor
NULL	1722	2025-07-31	3	4	6	Detractor
NULL	1722	2025-10-31	5	6	6	Detractor
NULL	1722	2026-01-31	5	7	4	Detractor
NULL	1722	2026-04-30	6	6	3	Passive
NULL	1722	2026-07-31	7	3	6	Detractor
NULL	1723	2024-01-31	7	5	5	Passive
NULL	1723	2024-10-31	6	4	6	Detractor
NULL	1723	04/30/2025	3	7	5	Passive
NULL	1723	2025-07-31	8	8	6	Detractor
NULL	1723	2026-04-30	6	4	7	Passive
NULL	1723	2026-07-31	7	9	6	Passive
NULL	1724	2024-04-30	6	5	10	Promoter
NULL	1724	2024-07-31	9	8	10	Promoter
NULL	1724	2024-10-31	7	10	2	Passive
NULL	1724	2025-01-31	9	10	4	Promoter
NULL	1724	2025-04-30	10	7	7	Passive
NULL	1724	2026-01-31	6	7	4	Detractor
NULL	1724	2026-04-30	5	6	8	Detractor
NULL	1724	2026-07-31	8	9	NULL	Promoter
NULL	1725	2024-01-31	7	5	6	Promoter
NULL	1725	2024-07-31	8	6	3	Passive
NULL	1725	2025-01-31	6	4	9	Detractor
NULL	1725	2025-10-31	1	6	4	Detractor
NULL	1725	2026-01-31	7	6	5	Detractor
NULL	1725	2026-04-30	4	3	7	Detractor
NULL	1726	2025-07-31	10	NULL	1	Promoter
NULL	1726	2025-10-31	7	7	3	Passive
NULL	1726	2026-04-30	10	7	10	Promoter
NULL	1728	2024-01-31	6	6	1	Detractor
NULL	1728	2025-01-31	6	7	5	Detractor
NULL	1728	2025-04-30	8	6	8	Passive
NULL	1729	2025-07-31	5	8	9	Detractor
NULL	1729	2026-04-30	6	10	NULL	Detractor
NULL	1729	2026-07-31	8	8	6	Promoter
NULL	1730	2025-01-31	3	1	1	Detractor
NULL	1730	2025-04-30	5	2	1	Detractor
NULL	1730	2025-07-31	1	3	1	Passive
NULL	1730	2025-10-31	4	2	7	Detractor
NULL	1731	2024-01-31	5	7	3	Detractor
NULL	1731	2024-07-31	4	6	3	Detractor
NULL	1731	10/31/2024	6	3	1	Detractor
NULL	1731	2025-01-31	3	7	4	Detractor
NULL	1731	04/30/2025	6	6	3	Passive
NULL	1731	2025-07-31	8	3	3	Passive
NULL	1731	2025-10-31	5	5	1	Detractor
NULL	1731	2026-04-30	5	5	5	Detractor
NULL	1731	2026-07-31	5	4	4	Passive
NULL	1732	2024-10-31	9	6	7	Detractor
NULL	1732	2025-01-31	8	4	8	Passive
NULL	1732	2025-10-31	8	8	7	Detractor
NULL	1732	2026-01-31	8	9	10	Promoter
NULL	1732	04/30/2026	7	6	6	Promoter
NULL	1732	2026-07-31	6	4	6	Detractor
NULL	1733	2025-01-31	9	6	5	Promoter
NULL	1733	2025-04-30	5	5	10	Detractor
NULL	1733	2025-07-31	4	7	8	Detractor
NULL	1733	2026-01-31	4	5	4	Detractor
NULL	1733	2026-04-30	6	4	3	Promoter
NULL	1733	2026-07-31	6	4	5	Detractor
NULL	1735	2025-10-31	8	3	3	Promoter
NULL	1735	2026-01-31	4	4	10	Detractor
NULL	1735	2026-04-30	3	5	1	Passive
NULL	1736	2024-10-31	9	6	10	Promoter
NULL	1736	2025-04-30	10	3	3	Promoter
NULL	1736	2025-07-31	9	9	7	Promoter
NULL	1736	2026-04-30	9	6	3	Promoter
NULL	1736	2026-07-31	5	7	9	Detractor
NULL	1737	2026-01-31	7	3	7	Passive
NULL	1737	2026-04-30	6	6	7	Detractor
NULL	1737	2026-07-31	4	5	5	Promoter
NULL	1738	2025-10-31	6	4	2	Detractor
NULL	1738	2026-04-30	10	8	8	Passive
NULL	1738	2026-07-31	4	7	7	Detractor
NULL	3567	2025-10-31	6	3	1	Detractor
NULL	3567	2026-04-30	7	7	7	Detractor
NULL	3567	2026-07-31	6	6	2	Detractor
NULL	1739	2024-04-30	2	5	3	Passive
NULL	1739	2024-07-31	5	1	5	Detractor
NULL	1739	2024-10-31	5	1	2	Promoter
NULL	1739	2025-04-30	5	5	5	Detractor
NULL	1739	2025-10-31	3	4	10	Detractor
NULL	1739	2026-01-31	4	5	8	Detractor
NULL	1739	2026-04-30	3	1	4	Detractor
NULL	1739	07/31/2026	5	1	2	Detractor
NULL	1740	2024-01-31	5	4	7	Detractor
NULL	1740	2024-04-30	3	2	5	Detractor
NULL	1740	2024-10-31	7	6	3	Promoter
NULL	1740	2025-04-30	6	6	3	Detractor
NULL	1740	2026-04-30	3	5	7	Detractor
NULL	1741	2024-10-31	4	7	5	Passive
NULL	1741	2025-04-30	4	10	10	Detractor
NULL	1741	2025-07-31	4	10	7	Detractor
NULL	1741	2025-10-31	8	4	10	Passive
NULL	1741	2026-01-31	10	5	6	Passive
NULL	1741	2026-07-31	7	6	4	Passive
NULL	1742	2025-10-31	5	4	1	Detractor
NULL	1743	2026-04-30	4	1	3	Detractor
NULL	1743	2026-07-31	4	2	4	Detractor
NULL	1744	2026-07-31	7	9	4	Promoter
NULL	1746	2025-07-31	5	1	6	Detractor
NULL	1746	2025-10-31	3	3	6	Passive
NULL	1746	2026-04-30	5	5	6	Passive
NULL	1746	2026-07-31	8	5	5	Passive
NULL	1748	2025-04-30	9	7	4	Promoter
NULL	1748	2025-10-31	10	10	8	Promoter
NULL	1748	2026-07-31	8	9	5	Passive
NULL	1749	2024-01-31	4	1	1	Detractor
NULL	1749	2024-04-30	4	1	4	Passive
NULL	1749	2024-07-31	4	5	4	Detractor
NULL	1749	2025-01-31	4	5	4	Detractor
NULL	1749	2025-07-31	4	5	10	Passive
NULL	1749	2025-10-31	6	7	1	Passive
NULL	1749	2026-01-31	6	5	1	Passive
NULL	1749	2026-04-30	4	NULL	5	Passive
NULL	1750	2024-01-31	9	7	5	Promoter
NULL	1750	2024-04-30	3	8	10	Detractor
NULL	1750	2024-10-31	8	9	5	Promoter
NULL	1750	2025-04-30	7	7	5	Detractor
NULL	1750	2025-07-31	6	8	3	Detractor
NULL	1750	2025-10-31	9	5	4	Promoter
NULL	1751	2024-01-31	6	8	6	Detractor
NULL	1752	2024-10-31	9	7	7	Promoter
NULL	1752	2025-01-31	6	6	4	Detractor
NULL	1752	2025-04-30	8	6	5	Promoter
NULL	1752	2025-10-31	10	5	1	Promoter
NULL	1752	2026-04-30	6	6	6	Detractor
NULL	1753	2024-01-31	9	6	7	Promoter
NULL	1753	2024-07-31	5	NULL	1	Detractor
NULL	1753	2024-10-31	5	8	9	Promoter
NULL	1753	2025-01-31	3	6	5	Passive
NULL	1753	2025-04-30	10	3	6	Promoter
NULL	1753	2025-07-31	6	10	3	Passive
NULL	1753	2025-10-31	5	9	1	Detractor
NULL	1753	2026-04-30	10	5	7	Promoter
NULL	1753	07/31/2026	9	10	7	Promoter
NULL	1754	2025-01-31	6	4	3	Detractor
NULL	1754	2025-04-30	6	4	5	Detractor
NULL	1754	2025-10-31	8	6	5	Passive
NULL	1755	2025-04-30	2	5	1	Detractor
NULL	1755	2025-07-31	1	1	2	Passive
NULL	1755	2025-10-31	1	1	1	Detractor
NULL	1755	2026-01-31	1	1	1	Detractor
NULL	1755	2026-04-30	3	1	1	Detractor
NULL	1755	2026-07-31	1	1	1	Detractor
NULL	1756	2026-07-31	1	3	1	Passive
NULL	1757	2024-01-31	10	4	4	Promoter
NULL	1757	2024-04-30	5	4	NULL	Passive
NULL	1757	2025-01-31	4	7	2	Detractor
NULL	1757	2025-04-30	9	8	9	Promoter
NULL	1757	2025-07-31	9	4	3	Promoter
NULL	1757	2026-01-31	9	9	5	Promoter
NULL	1757	2026-04-30	5	6	6	Passive
NULL	1758	2024-01-31	5	2	6	Detractor
NULL	1758	2024-04-30	4	7	1	Promoter
NULL	1758	2024-07-31	4	7	6	Detractor
NULL	1758	2024-10-31	6	10	8	Passive
NULL	1758	2025-04-30	6	4	4	Passive
NULL	1758	07/31/2025	6	6	5	Detractor
NULL	1758	2025-10-31	6	6	3	Detractor
NULL	1758	2026-04-30	7	3	4	Promoter
NULL	1759	2024-01-31	3	6	9	Detractor
NULL	1759	2024-04-30	4	5	3	Detractor
NULL	1759	2024-07-31	7	4	5	Passive
NULL	1759	2024-10-31	7	9	7	Promoter
NULL	1759	2025-01-31	6	3	5	Detractor
NULL	1759	2025-04-30	4	5	5	Detractor
NULL	1759	2026-04-30	7	9	4	Promoter
NULL	1759	2026-07-31	2	1	3	Detractor
NULL	1760	2025-10-31	9	9	4	Detractor
NULL	1760	2026-01-31	7	9	5	Passive
NULL	1760	2026-07-31	9	8	7	Promoter
NULL	1762	2024-01-31	10	4	4	Promoter
NULL	1762	2024-04-30	8	4	3	Promoter
NULL	1762	2025-01-31	7	6	NULL	Promoter
NULL	1762	2025-07-31	8	8	8	Promoter
NULL	1762	2026-01-31	9	5	1	Passive
NULL	1762	2026-04-30	8	6	10	Passive
NULL	1762	2026-07-31	9	8	4	Promoter
NULL	1763	2024-04-30	6	5	4	Detractor
NULL	1763	2024-07-31	8	1	1	Detractor
NULL	1763	2024-10-31	2	4	3	Passive
NULL	1763	2025-04-30	4	1	2	Detractor
NULL	1763	2025-10-31	5	3	3	Detractor
NULL	1764	2025-01-31	7	4	10	Promoter
NULL	1764	2025-04-30	8	5	7	Passive
NULL	1764	2025-07-31	10	4	6	Passive
NULL	1764	2025-10-31	7	7	9	Promoter
NULL	1764	2026-01-31	10	7	10	Promoter
NULL	1764	2026-04-30	8	9	7	Detractor
NULL	1765	2024-01-31	7	4	2	Detractor
NULL	1765	2024-04-30	5	1	1	Detractor
NULL	1765	2025-04-30	6	7	1	Detractor
NULL	1765	2025-07-31	3	1	2	Detractor
NULL	1765	2025-10-31	3	6	1	Detractor
NULL	1765	2026-04-30	6	NULL	4	Detractor
NULL	1765	07/31/2026	7	6	3	Detractor
NULL	1767	2024-07-31	1	5	4	Detractor
NULL	1767	2024-10-31	6	1	5	Passive
NULL	1767	2025-01-31	3	4	3	Detractor
NULL	1767	2025-04-30	3	5	2	Detractor
NULL	1767	2025-07-31	5	1	3	Detractor
NULL	1767	2025-10-31	1	2	1	Detractor
NULL	1767	2026-01-31	5	5	5	Promoter
NULL	1767	2026-04-30	3	1	5	Passive
NULL	1767	2026-07-31	4	8	5	Detractor
NULL	1768	2024-07-31	2	5	6	Detractor
NULL	1768	2024-10-31	7	6	10	Promoter
NULL	1768	2025-04-30	4	6	7	Detractor
NULL	1768	2025-07-31	6	1	4	Passive
NULL	1768	2026-01-31	7	7	1	Passive
NULL	1768	2026-04-30	8	7	1	Promoter
NULL	1769	2024-01-31	3	5	6	Detractor
NULL	1769	2024-04-30	6	2	9	Detractor
NULL	1769	2024-07-31	3	3	5	Detractor
NULL	1769	2024-10-31	7	8	8	Promoter
NULL	1769	2025-04-30	6	6	3	Passive
NULL	1769	2026-04-30	4	3	1	Passive
NULL	1770	2024-01-31	9	NULL	10	Passive
NULL	1770	2024-04-30	7	10	5	Detractor
NULL	1770	2024-07-31	8	10	7	Promoter
NULL	1770	2025-04-30	6	8	5	Promoter
NULL	1770	2025-07-31	10	8	7	Promoter
NULL	1770	10/31/2025	7	2	8	Promoter
NULL	1770	2026-01-31	10	6	5	Promoter
NULL	1770	2026-04-30	6	10	7	Detractor
NULL	1770	2026-07-31	10	7	6	Promoter
NULL	1772	2024-01-31	9	3	7	Promoter
NULL	1772	2024-04-30	4	7	8	Passive
NULL	1772	2024-10-31	7	4	7	Passive
NULL	1772	2025-01-31	5	3	7	Passive
NULL	1772	2025-04-30	10	9	8	Promoter
NULL	1772	2025-07-31	5	4	6	Detractor
NULL	1772	2025-10-31	9	5	8	Promoter
NULL	1772	2026-01-31	5	5	6	Detractor
NULL	1773	2024-01-31	6	5	4	Detractor
NULL	1773	2024-04-30	1	8	7	Passive
NULL	1773	2024-10-31	6	5	1	Passive
NULL	1773	2025-01-31	3	4	1	Passive
NULL	1773	2025-04-30	4	4	2	Detractor
NULL	1773	2025-10-31	5	3	8	Passive
NULL	1773	2026-07-31	1	3	5	Detractor
NULL	1774	2024-01-31	7	3	NULL	Passive
NULL	1774	2024-10-31	5	1	5	Detractor
NULL	1774	2025-01-31	2	3	2	Passive
NULL	1774	2025-04-30	3	1	1	Detractor
NULL	1774	2025-07-31	2	6	8	Detractor
NULL	1774	2026-01-31	2	1	1	Detractor
NULL	1774	2026-04-30	4	1	3	Passive
NULL	1774	2026-07-31	1	2	5	Detractor
NULL	1775	2024-10-31	4	10	9	Detractor
NULL	1775	2025-04-30	6	6	6	Detractor
NULL	1775	2025-10-31	7	6	8	Passive
NULL	1775	2026-01-31	6	6	5	Detractor
NULL	1775	2026-04-30	7	5	9	Passive
NULL	1775	2026-07-31	6	7	6	Passive
NULL	1776	2025-04-30	5	2	3	Detractor
NULL	1776	2025-10-31	1	4	4	Promoter
NULL	1777	2024-01-31	10	8	10	Promoter
NULL	1777	2024-07-31	7	8	10	Promoter
NULL	1777	2024-10-31	8	10	10	Promoter
NULL	1777	2025-01-31	10	7	8	Promoter
NULL	1778	2025-07-31	9	2	4	Promoter
NULL	1778	2026-01-31	4	5	4	Detractor
NULL	1778	2026-04-30	3	6	4	Detractor
NULL	1779	2024-10-31	9	7	6	Promoter
NULL	1779	2025-01-31	7	7	6	Passive
NULL	1779	2025-04-30	9	10	8	Promoter
NULL	1779	2025-07-31	10	4	6	Passive
NULL	1779	2025-10-31	8	8	10	Passive
NULL	1779	2026-01-31	9	10	7	Promoter
NULL	1779	2026-04-30	10	9	NULL	Promoter
NULL	1779	2026-07-31	9	6	7	Promoter
NULL	1780	2024-04-30	8	8	10	Passive
NULL	1780	2024-10-31	5	4	10	Detractor
NULL	1780	2025-01-31	8	10	NULL	Promoter
NULL	1780	2025-10-31	8	7	5	Passive
NULL	1780	2026-01-31	8	10	9	Passive
NULL	1781	2026-01-31	1	1	5	Detractor
NULL	1781	2026-04-30	1	2	1	Detractor
NULL	1781	2026-07-31	2	3	1	Passive
NULL	1783	2024-01-31	4	3	3	Promoter
NULL	1783	2024-10-31	3	4	7	Passive
NULL	1783	2025-01-31	5	4	2	Detractor
NULL	1783	2025-04-30	2	3	NULL	Detractor
NULL	1783	2025-07-31	3	4	7	Detractor
NULL	1783	2026-04-30	3	4	1	Passive
NULL	1783	2026-07-31	4	3	4	Detractor
NULL	1784	2026-07-31	6	5	9	Passive
NULL	1785	2024-10-31	1	1	2	Detractor
NULL	1785	2025-04-30	1	1	1	Detractor
NULL	1785	2025-07-31	5	1	4	Detractor
NULL	1785	2026-04-30	3	3	6	Detractor
NULL	1785	2026-07-31	2	2	1	Passive
NULL	1786	2024-04-30	10	NULL	5	Passive
NULL	1786	2024-07-31	6	2	3	Detractor
NULL	1786	2024-10-31	3	7	6	Detractor
NULL	1786	2025-01-31	8	2	3	Passive
NULL	1786	2025-04-30	3	7	3	Passive
NULL	1786	2025-07-31	3	5	2	Detractor
NULL	1786	2025-10-31	4	2	3	Detractor
NULL	1786	2026-04-30	7	6	4	Promoter
NULL	1787	2024-01-31	10	10	10	Promoter
NULL	1787	2024-04-30	8	9	6	Passive
NULL	1787	2025-01-31	10	10	7	Promoter
NULL	1787	2025-10-31	6	9	10	Detractor
NULL	1787	2026-01-31	8	5	10	Passive
NULL	1787	2026-04-30	9	10	9	Promoter
NULL	1788	2024-10-31	6	6	2	Detractor
NULL	1788	2025-04-30	5	7	7	Detractor
NULL	1788	2025-07-31	4	8	10	Passive
NULL	1788	2025-10-31	6	5	6	Detractor
NULL	1788	2026-01-31	6	8	6	Passive
NULL	1788	2026-04-30	7	6	4	Promoter
NULL	1788	2026-07-31	6	7	9	Passive
NULL	1789	2025-10-31	10	6	7	Promoter
NULL	1789	2026-01-31	10	9	9	Promoter
NULL	1789	2026-04-30	9	10	8	Detractor
NULL	1789	2026-07-31	7	10	9	Promoter
NULL	1791	2024-01-31	2	3	2	Promoter
NULL	1791	2024-07-31	7	5	6	Promoter
NULL	1791	2024-10-31	4	5	3	Promoter
NULL	1791	2025-01-31	3	7	6	Detractor
NULL	1791	2025-04-30	4	3	3	Detractor
NULL	1791	2025-10-31	6	NULL	8	Passive
NULL	1791	01/31/2026	3	5	5	Detractor
NULL	1791	2026-04-30	6	9	7	Promoter
NULL	1791	2026-07-31	2	8	6	Detractor
NULL	1792	2024-10-31	6	5	8	Detractor
NULL	1792	2025-01-31	3	3	8	Detractor
NULL	1792	2025-04-30	5	7	5	Detractor
NULL	1792	2026-01-31	6	6	3	Detractor
NULL	1792	2026-04-30	7	7	8	Passive
NULL	1792	2026-07-31	3	5	3	Detractor
NULL	1794	2025-10-31	8	4	3	Promoter
NULL	1794	01/31/2026	7	7	1	Passive
NULL	1795	2024-01-31	2	4	2	Detractor
NULL	1795	2024-04-30	1	7	5	Detractor
NULL	1795	2024-07-31	2	NULL	5	Detractor
NULL	1795	2024-10-31	1	1	7	Detractor
NULL	1795	2025-04-30	4	NULL	1	Detractor
NULL	1795	2025-07-31	3	4	4	Detractor
NULL	1795	2025-10-31	2	4	3	Passive
NULL	1795	2026-01-31	1	3	3	Passive
NULL	1795	2026-04-30	4	1	5	Passive
NULL	1795	2026-07-31	3	6	2	Passive
NULL	1796	2026-04-30	8	9	4	Passive
NULL	1797	2025-04-30	6	6	5	Detractor
NULL	1797	2025-07-31	6	4	3	Promoter
NULL	1797	2026-01-31	5	2	1	Detractor
NULL	1797	2026-04-30	6	3	6	Detractor
NULL	1798	2024-01-31	5	8	4	Passive
NULL	1798	2024-10-31	4	4	9	Detractor
NULL	1798	2025-01-31	4	5	6	Passive
NULL	1798	2025-04-30	5	4	5	Detractor
NULL	1798	2025-10-31	3	3	8	Detractor
NULL	1798	2026-01-31	6	7	5	Detractor
NULL	1798	2026-04-30	1	6	4	Detractor
NULL	1798	2026-07-31	7	1	5	Promoter
NULL	1799	2026-04-30	4	5	1	Detractor
NULL	1800	2024-01-31	4	7	3	Detractor
NULL	1800	2024-07-31	6	4	3	Detractor
NULL	1800	2024-10-31	1	4	2	Detractor
NULL	1800	2025-01-31	3	6	4	Detractor
NULL	1800	2025-07-31	10	5	5	Detractor
NULL	1800	10/31/2025	2	9	NULL	Detractor
NULL	1800	2026-04-30	3	5	7	Detractor
NULL	1802	2024-01-31	3	4	2	Passive
NULL	1802	2024-04-30	4	6	1	Detractor
NULL	1802	07/31/2024	2	4	1	Detractor
NULL	1803	2026-04-30	7	5	2	Promoter
NULL	1803	2026-07-31	3	4	3	Detractor
NULL	1804	2024-01-31	2	4	1	Detractor
NULL	1804	2024-04-30	1	1	2	Detractor
NULL	1804	2024-07-31	1	3	1	Passive
NULL	1804	2025-01-31	2	2	5	Passive
NULL	1804	2025-04-30	4	1	1	Detractor
NULL	1804	2025-07-31	7	1	2	Passive
NULL	1804	2025-10-31	4	1	3	Detractor
NULL	1804	2026-01-31	4	4	2	Passive
NULL	1804	2026-07-31	3	1	4	Detractor
NULL	1805	2024-01-31	4	4	1	Detractor
NULL	1805	2024-04-30	8	6	1	Promoter
NULL	1805	2024-07-31	7	2	6	Passive
NULL	1805	2024-10-31	1	3	8	Passive
NULL	1805	01/31/2025	4	2	6	Passive
NULL	1805	04/30/2025	5	8	1	Detractor
NULL	1805	2025-07-31	7	5	2	Detractor
NULL	1805	2025-10-31	6	5	4	Detractor
NULL	1805	2026-07-31	5	6	6	Detractor
NULL	1806	2025-10-31	7	10	7	Promoter
NULL	1806	2026-01-31	9	NULL	5	Promoter
NULL	1806	2026-04-30	10	10	8	Passive
NULL	1807	2024-01-31	8	3	NULL	Promoter
NULL	1807	2024-04-30	7	9	2	Detractor
NULL	1807	2024-07-31	6	3	10	Passive
NULL	1807	2024-10-31	6	9	6	Detractor
NULL	1807	2025-01-31	5	7	8	Detractor
NULL	1807	2025-07-31	7	3	10	Passive
NULL	1807	2026-01-31	8	NULL	3	Passive
NULL	1807	2026-04-30	6	5	2	Detractor
NULL	1807	2026-07-31	5	9	5	Detractor
NULL	1808	2026-07-31	5	6	1	Detractor
NULL	1809	2024-04-30	4	7	1	Detractor
NULL	1809	2024-07-31	2	4	2	Detractor
NULL	1809	2024-10-31	7	1	3	Passive
NULL	1809	2025-01-31	6	5	3	Detractor
NULL	1809	2025-04-30	8	1	8	Promoter
NULL	1809	2025-07-31	5	5	3	Detractor
NULL	1809	2025-10-31	7	9	NULL	Promoter
NULL	1809	2026-01-31	5	4	2	Detractor
NULL	1809	2026-07-31	4	3	7	Detractor
NULL	1810	2024-01-31	3	3	5	Passive
NULL	1810	2024-04-30	8	3	4	Detractor
NULL	1810	2024-07-31	7	4	4	Promoter
NULL	1810	2024-10-31	7	5	5	Passive
NULL	1810	2025-01-31	6	7	7	Passive
NULL	1810	2025-04-30	6	4	7	Detractor
NULL	1810	2025-10-31	5	4	3	Detractor
NULL	1810	2026-01-31	4	6	1	Detractor
NULL	1810	2026-07-31	7	5	4	Passive
NULL	1811	2026-07-31	10	7	4	Promoter
NULL	1812	2024-01-31	4	1	7	Detractor
NULL	1812	2024-07-31	4	2	2	Passive
NULL	1812	2025-01-31	6	3	1	Passive
NULL	1812	2025-04-30	3	3	3	Detractor
NULL	1812	2025-07-31	8	4	4	Passive
NULL	1812	2025-10-31	1	4	5	Detractor
NULL	1812	2026-01-31	4	6	4	Detractor
NULL	1812	2026-04-30	5	8	2	Detractor
NULL	1812	2026-07-31	2	4	3	Passive
NULL	1813	2025-01-31	1	3	1	Detractor
NULL	1813	2025-04-30	1	3	6	Detractor
NULL	1813	2025-07-31	3	1	2	Promoter
NULL	1813	2025-10-31	1	3	1	Detractor
NULL	1813	2026-01-31	2	4	1	Detractor
NULL	1813	2026-04-30	1	3	1	Detractor
NULL	1813	2026-07-31	1	1	5	Detractor
NULL	1814	2026-04-30	1	2	3	Passive
NULL	1815	01/31/2024	4	3	5	Passive
NULL	1815	2024-07-31	7	7	5	Detractor
NULL	1815	2025-01-31	5	5	4	Passive
NULL	1815	2025-07-31	8	6	8	Detractor
NULL	1815	2025-10-31	10	4	7	Passive
NULL	1815	2026-01-31	7	5	6	Passive
NULL	1815	2026-04-30	8	7	6	Promoter
NULL	1815	2026-07-31	10	5	10	Promoter
NULL	1816	2026-07-31	6	5	1	Detractor
NULL	1817	2024-01-31	6	10	10	Detractor
NULL	1817	2024-10-31	10	7	5	Promoter
NULL	1817	2025-01-31	9	10	9	Promoter
NULL	1817	2025-07-31	9	4	7	Promoter
NULL	1817	2025-10-31	10	6	6	Promoter
NULL	1817	2026-01-31	10	10	7	Promoter
NULL	1817	2026-07-31	5	6	7	Promoter
NULL	1818	2024-10-31	10	4	10	Promoter
NULL	1818	2025-01-31	8	10	9	Passive
NULL	1818	2025-04-30	6	10	10	Passive
NULL	1818	2025-07-31	5	9	10	Detractor
NULL	1818	2026-01-31	8	7	6	Promoter
NULL	1818	2026-07-31	9	9	8	Promoter
NULL	1819	2025-10-31	7	3	4	Promoter
NULL	1819	2026-04-30	7	6	2	Promoter
NULL	1819	2026-07-31	6	6	5	Promoter
NULL	1820	2024-01-31	3	1	1	Detractor
NULL	1820	04/30/2024	1	3	9	Detractor
NULL	1820	2024-07-31	1	4	1	Passive
NULL	1820	2025-04-30	1	4	7	Passive
NULL	1820	07/31/2025	5	1	6	Passive
NULL	1820	2025-10-31	1	NULL	1	Detractor
NULL	1820	2026-07-31	1	1	2	Detractor
NULL	1821	2024-01-31	4	1	1	Detractor
NULL	1821	2024-04-30	2	2	1	Passive
NULL	1821	2024-07-31	2	1	9	Detractor
NULL	1821	2025-01-31	1	1	1	Detractor
NULL	1821	2025-04-30	4	3	4	Detractor
NULL	1821	2025-07-31	4	1	2	Detractor
NULL	1821	2025-10-31	4	NULL	1	Detractor
NULL	1823	2024-01-31	6	6	4	Detractor
NULL	1823	2024-04-30	3	2	5	Passive
NULL	1823	2024-07-31	3	NULL	7	Detractor
NULL	1823	2024-10-31	7	6	6	Passive
NULL	1823	2025-01-31	3	6	1	Detractor
NULL	1823	2025-04-30	6	3	8	Detractor
NULL	1823	2026-01-31	4	4	8	Detractor
NULL	1823	2026-04-30	6	4	3	Passive
NULL	1823	2026-07-31	4	6	3	Detractor
NULL	1824	2024-01-31	6	6	7	Passive
NULL	1824	2024-04-30	9	5	6	Passive
NULL	1824	2025-01-31	8	8	10	Detractor
NULL	1824	2025-04-30	6	NULL	9	Detractor
NULL	1824	2025-10-31	8	5	3	Passive
NULL	1824	2026-04-30	4	7	4	Detractor
NULL	1824	2026-07-31	7	6	1	Passive
NULL	1825	2025-04-30	3	1	5	Detractor
NULL	1825	2025-07-31	3	4	4	Passive
NULL	1825	2025-10-31	6	5	1	Detractor
NULL	1825	2026-01-31	4	2	6	Passive
NULL	1825	2026-04-30	1	1	4	Passive
NULL	1825	2026-07-31	3	1	4	Promoter
NULL	1826	2024-01-31	2	4	1	Promoter
NULL	1826	2024-04-30	4	1	9	Passive
NULL	1826	2024-07-31	1	4	2	Passive
NULL	1826	2024-10-31	6	5	4	Detractor
NULL	1826	2025-01-31	5	5	5	Detractor
NULL	1826	2025-04-30	5	5	7	Detractor
NULL	1826	2025-07-31	5	6	6	Detractor
NULL	1826	10/31/2025	4	2	2	Passive
NULL	1826	2026-01-31	4	3	3	Detractor
NULL	1826	2026-04-30	4	5	NULL	Passive
NULL	1826	2026-07-31	3	3	3	Detractor
NULL	1827	2025-10-31	7	5	5	Promoter
NULL	1827	2026-01-31	7	6	7	Passive
NULL	1827	2026-04-30	5	7	3	Detractor
NULL	1827	2026-07-31	8	2	3	Promoter
NULL	1828	2024-01-31	5	4	2	Detractor
NULL	1828	2024-07-31	6	8	4	Detractor
NULL	1828	2024-10-31	5	NULL	9	Detractor
NULL	1828	2025-01-31	7	4	6	Promoter
NULL	1828	2025-04-30	4	2	5	Detractor
NULL	1828	2025-07-31	4	9	6	Passive
NULL	1828	2026-04-30	3	5	2	Promoter
NULL	1828	2026-07-31	4	3	1	Detractor
NULL	1829	2024-07-31	10	7	5	Promoter
NULL	1829	2024-10-31	10	10	7	Promoter
NULL	1829	2025-01-31	9	5	7	Passive
NULL	1829	2025-04-30	10	3	8	Promoter
NULL	1829	2025-07-31	9	8	6	Promoter
NULL	1829	2025-10-31	7	6	10	Promoter
NULL	1829	2026-01-31	7	5	3	Passive
NULL	1829	2026-04-30	9	7	1	Detractor
NULL	1829	2026-07-31	8	5	6	Promoter
NULL	1830	2025-10-31	7	4	5	Promoter
NULL	1830	2026-01-31	7	5	5	Promoter
NULL	1830	2026-07-31	7	10	3	Passive
NULL	1831	2026-07-31	7	4	7	Passive
NULL	1832	2024-04-30	8	9	5	Passive
NULL	1832	2024-07-31	5	4	7	Detractor
NULL	1832	2024-10-31	6	5	9	Promoter
NULL	1832	2025-01-31	4	5	2	Detractor
NULL	1832	2025-04-30	7	6	1	Passive
NULL	1832	2025-10-31	10	6	4	Promoter
NULL	1833	2024-01-31	4	1	3	Detractor
NULL	1833	2024-04-30	7	1	1	Passive
NULL	1833	2024-07-31	3	4	1	Promoter
NULL	1833	2024-10-31	3	3	3	Detractor
NULL	1833	2025-01-31	8	6	1	Passive
NULL	1833	2025-04-30	6	4	1	Passive
NULL	1833	2025-10-31	4	8	8	Detractor
NULL	1833	2026-01-31	1	1	3	Detractor
NULL	1833	2026-04-30	5	2	1	Passive
NULL	1833	2026-07-31	4	3	1	Detractor
NULL	1834	2024-07-31	6	6	10	Detractor
NULL	1834	2024-10-31	5	5	8	Passive
NULL	1834	2025-04-30	4	7	4	Detractor
NULL	1834	2025-07-31	8	6	10	Promoter
NULL	1834	2025-10-31	5	4	5	Detractor
NULL	1834	2026-01-31	7	6	9	Detractor
NULL	1834	2026-04-30	5	4	10	Detractor
NULL	1834	2026-07-31	6	7	5	Detractor
NULL	1835	2024-10-31	10	6	8	Promoter
NULL	1835	2025-04-30	7	4	8	Promoter
NULL	1835	2025-07-31	7	7	8	Passive
NULL	1835	2025-10-31	10	10	6	Promoter
NULL	1835	2026-01-31	9	7	2	Promoter
NULL	1835	2026-04-30	10	6	6	Passive
NULL	1835	2026-07-31	10	9	6	Promoter
NULL	1836	2025-04-30	7	7	6	Promoter
NULL	1836	2025-10-31	4	4	NULL	Detractor
NULL	1836	2026-01-31	9	3	2	Promoter
NULL	1836	2026-04-30	4	4	1	Detractor
NULL	1836	2026-07-31	7	4	1	Detractor
NULL	1837	2024-04-30	3	4	4	Promoter
NULL	1837	2024-07-31	5	6	3	Passive
NULL	1837	2025-04-30	3	2	5	Passive
NULL	1837	07/31/2025	6	2	1	Detractor
NULL	1837	2026-01-31	5	5	7	Detractor
NULL	1837	2026-04-30	6	2	9	Detractor
NULL	1838	2025-01-31	6	9	7	Detractor
NULL	1838	2025-04-30	5	3	7	Passive
NULL	1838	2025-10-31	9	6	4	Promoter
NULL	1838	2026-01-31	6	5	4	Passive
NULL	1838	2026-04-30	6	7	NULL	Promoter
NULL	1839	2025-07-31	4	2	1	Detractor
NULL	1839	2025-10-31	2	3	1	Detractor
NULL	1839	01/31/2026	5	1	1	Detractor
NULL	1839	2026-04-30	3	3	1	Detractor
NULL	1841	2024-01-31	9	8	10	Promoter
NULL	1841	2024-04-30	7	7	9	Promoter
NULL	1841	2024-07-31	10	9	9	Promoter
NULL	1841	2024-10-31	9	8	5	Promoter
NULL	1841	2025-01-31	10	8	5	Promoter
NULL	1841	2025-04-30	7	6	3	Passive
NULL	1841	2025-07-31	8	4	7	Passive
NULL	1841	2026-01-31	7	10	4	Detractor
NULL	1841	2026-04-30	8	8	7	Passive
NULL	1841	2026-07-31	9	2	10	Promoter
NULL	1842	2024-01-31	9	9	6	Promoter
NULL	1842	2024-04-30	10	7	6	Promoter
NULL	1842	2024-07-31	10	7	6	Promoter
NULL	1842	2024-10-31	6	10	10	Detractor
NULL	1842	2025-01-31	10	10	1	Passive
NULL	1842	2025-04-30	8	9	10	Passive
NULL	1842	2025-07-31	10	7	8	Promoter
NULL	1842	2025-10-31	7	10	9	Detractor
NULL	1842	2026-01-31	9	8	10	Promoter
NULL	1842	2026-04-30	9	10	6	Promoter
NULL	1842	2026-07-31	10	10	5	Promoter
NULL	1844	2024-01-31	6	5	8	Detractor
NULL	1844	2024-04-30	6	9	3	Detractor
NULL	1844	2024-07-31	6	6	1	Detractor
NULL	1844	2024-10-31	6	10	4	Detractor
NULL	1844	2025-04-30	6	9	5	Detractor
NULL	1844	2025-07-31	9	3	1	Passive
NULL	1844	2025-10-31	8	7	1	Detractor
NULL	1844	2026-01-31	5	8	2	Detractor
NULL	1844	2026-07-31	8	8	3	Promoter
NULL	1845	2024-01-31	6	7	8	Passive
NULL	1845	2024-10-31	9	7	10	Detractor
NULL	1845	2025-01-31	10	8	5	Promoter
NULL	1845	2025-04-30	8	3	5	Passive
NULL	1845	2026-01-31	9	8	8	Passive
NULL	1845	2026-04-30	9	5	9	Promoter
NULL	1845	2026-07-31	6	7	7	Detractor
NULL	1847	2024-01-31	9	7	6	Promoter
NULL	1847	2024-10-31	10	7	1	Promoter
NULL	1847	2025-04-30	8	8	7	Promoter
NULL	1847	2025-10-31	8	6	10	Passive
NULL	1847	2026-01-31	10	8	7	Promoter
NULL	1847	2026-04-30	10	10	9	Promoter
NULL	1847	2026-07-31	7	7	5	Passive
NULL	1848	2024-01-31	7	8	9	Passive
NULL	1848	2024-04-30	10	9	1	Promoter
NULL	1849	2024-04-30	4	4	7	Detractor
NULL	1849	2024-07-31	5	2	5	Passive
NULL	1849	2024-10-31	5	3	6	Passive
NULL	1849	2025-01-31	7	6	1	Detractor
NULL	1849	2025-04-30	2	4	NULL	Detractor
NULL	1849	2025-07-31	1	8	7	Passive
NULL	1849	10/31/2025	4	7	5	Passive
NULL	1849	2026-04-30	3	7	7	Passive
NULL	1850	2024-04-30	8	7	9	Promoter
NULL	1850	2024-07-31	10	10	9	Promoter
NULL	1850	2024-10-31	9	9	8	Promoter
NULL	1850	2025-01-31	10	9	8	Promoter
NULL	1850	2025-04-30	10	10	9	Passive
NULL	1850	2025-07-31	10	8	6	Promoter
NULL	1850	2026-01-31	9	NULL	8	Promoter
NULL	1850	2026-07-31	7	10	10	Passive
NULL	1851	2024-01-31	6	7	6	Detractor
NULL	1851	2024-07-31	4	5	8	Detractor
NULL	1851	2024-10-31	7	7	3	Promoter
NULL	1851	2025-04-30	5	4	6	Detractor
NULL	1851	2025-07-31	6	4	1	Detractor
NULL	1851	2025-10-31	8	4	1	Promoter
NULL	1851	2026-01-31	4	3	NULL	Detractor
NULL	1851	2026-04-30	7	4	7	Passive
NULL	1851	2026-07-31	6	7	6	Detractor
NULL	1852	2025-07-31	8	7	5	Promoter
NULL	1852	2025-10-31	5	9	9	Detractor
NULL	1852	2026-01-31	7	9	9	Passive
NULL	1852	2026-04-30	6	9	7	Detractor
NULL	1852	2026-07-31	6	NULL	6	Detractor
NULL	1853	2024-04-30	2	7	4	Detractor
NULL	1853	2024-07-31	7	5	4	Passive
NULL	1853	2025-01-31	3	6	1	Passive
NULL	1853	2025-04-30	6	3	7	Passive
NULL	1853	2025-07-31	5	7	5	Passive
NULL	1853	2025-10-31	5	2	5	Detractor
NULL	1853	2026-01-31	7	2	8	Passive
NULL	1854	2026-01-31	6	10	8	Passive
NULL	1854	2026-04-30	8	10	6	Passive
NULL	1855	2026-07-31	8	8	4	Passive
NULL	1856	2025-04-30	4	4	1	Promoter
NULL	1856	2025-10-31	4	3	1	Passive
NULL	1856	2026-01-31	4	1	5	Passive
NULL	1856	2026-04-30	5	2	1	Passive
NULL	1856	2026-07-31	5	6	2	Detractor
NULL	1857	2024-04-30	4	5	4	Detractor
NULL	1857	2024-07-31	5	4	3	Detractor
NULL	1857	2025-01-31	4	5	6	Detractor
NULL	1857	2025-07-31	4	7	4	Detractor
NULL	1857	2025-10-31	6	3	3	Detractor
NULL	1857	2026-01-31	1	NULL	3	Detractor
NULL	1857	2026-07-31	1	4	5	Detractor
NULL	1858	2025-07-31	2	1	1	Detractor
NULL	1858	2025-10-31	2	2	3	Detractor
NULL	1858	2026-04-30	5	1	NULL	Detractor
NULL	1858	2026-07-31	2	1	4	Detractor
NULL	1859	2024-04-30	8	NULL	6	Passive
NULL	1859	2024-10-31	6	10	10	Detractor
NULL	1859	2025-01-31	9	5	6	Promoter
NULL	1859	2025-04-30	8	NULL	NULL	Promoter
NULL	1859	2025-10-31	7	NULL	6	Passive
NULL	1859	2026-01-31	9	7	10	Promoter
NULL	1859	2026-04-30	9	10	7	Promoter
NULL	1860	2024-04-30	6	5	3	Detractor
NULL	1860	2024-10-31	4	1	5	Detractor
NULL	1860	2025-01-31	5	1	4	Passive
NULL	1860	2025-04-30	3	2	6	Passive
NULL	1860	2025-07-31	3	1	2	Detractor
NULL	1860	2026-01-31	6	3	4	Passive
NULL	1860	2026-07-31	4	4	3	Detractor
NULL	1861	2025-10-31	7	5	5	Detractor
NULL	1861	2026-01-31	9	9	5	Promoter
NULL	1861	2026-04-30	3	6	5	Passive
NULL	1862	2025-01-31	7	9	7	Passive
NULL	1862	2025-04-30	5	7	NULL	Promoter
NULL	1862	2025-10-31	10	3	4	Promoter
NULL	1862	2026-01-31	9	7	7	Promoter
NULL	1862	2026-04-30	7	5	3	Passive
NULL	1862	2026-07-31	6	4	7	Detractor
NULL	1863	2025-07-31	5	5	3	Detractor
NULL	1863	2025-10-31	7	5	5	Detractor
NULL	1863	2026-01-31	4	5	10	Detractor
NULL	1863	2026-04-30	6	4	7	Detractor
NULL	1863	2026-07-31	7	3	3	Passive
NULL	1864	2024-01-31	8	4	9	Detractor
NULL	1864	07/31/2024	3	3	4	Detractor
NULL	1864	2024-10-31	7	3	1	Detractor
NULL	1864	2025-01-31	9	8	4	Promoter
NULL	1864	2025-04-30	5	5	3	Detractor
NULL	1864	2025-10-31	5	5	6	Detractor
NULL	1864	2026-01-31	3	5	1	Detractor
NULL	1864	2026-04-30	8	5	4	Promoter
NULL	1864	2026-07-31	5	3	8	Passive
NULL	1865	2024-01-31	6	6	1	Detractor
NULL	1865	2024-07-31	6	3	1	Detractor
NULL	1865	2024-10-31	7	4	NULL	Passive
NULL	1865	2025-04-30	7	3	3	Passive
NULL	1865	2025-07-31	3	9	2	Detractor
NULL	1865	2025-10-31	5	3	8	Passive
NULL	1865	2026-01-31	2	5	7	Detractor
NULL	1865	2026-07-31	6	7	10	Detractor
NULL	1866	2025-04-30	10	6	8	Promoter
NULL	1866	2025-07-31	7	8	4	Detractor
NULL	1866	2025-10-31	9	6	5	Passive
NULL	1866	2026-01-31	6	3	9	Detractor
NULL	1866	2026-04-30	10	8	10	Promoter
NULL	1866	2026-07-31	5	5	7	Detractor
NULL	1867	2024-01-31	6	8	7	Detractor
NULL	1867	2024-07-31	7	4	6	Promoter
NULL	1867	2024-10-31	7	8	6	Promoter
NULL	1867	2026-04-30	7	8	6	Passive
NULL	1867	2026-07-31	5	NULL	5	Detractor
NULL	1868	2025-04-30	3	NULL	7	Detractor
NULL	1868	2025-07-31	7	4	2	Promoter
NULL	1868	2025-10-31	4	6	2	Passive
NULL	1868	2026-01-31	3	4	1	Detractor
NULL	1868	2026-04-30	7	6	5	Promoter
NULL	1868	2026-07-31	3	5	3	Detractor
NULL	1869	2024-01-31	5	4	2	Passive
NULL	1869	2024-04-30	6	6	7	Detractor
NULL	1869	2024-07-31	6	1	7	Detractor
NULL	1869	2024-10-31	7	5	7	Passive
NULL	1869	2025-01-31	4	4	5	Detractor
NULL	1869	2025-04-30	6	4	7	Passive
NULL	1869	2025-10-31	6	1	7	Passive
NULL	1869	2026-01-31	3	7	1	Detractor
NULL	1869	2026-07-31	7	6	4	Passive
NULL	1870	2024-01-31	4	4	1	Detractor
NULL	1870	2024-04-30	3	2	4	Promoter
NULL	1870	2024-10-31	6	4	NULL	Detractor
NULL	1870	2025-01-31	4	1	1	Passive
NULL	1870	2025-04-30	5	4	4	Detractor
NULL	1870	2025-10-31	5	3	6	Detractor
NULL	1870	2026-01-31	2	5	7	Detractor
NULL	1870	2026-04-30	5	7	4	Detractor
NULL	1870	2026-07-31	4	5	6	Detractor
NULL	1871	2024-01-31	7	9	5	Detractor
NULL	1871	2024-04-30	8	9	3	Passive
NULL	1871	2025-01-31	8	7	10	Passive
NULL	1871	2025-04-30	10	10	6	Promoter
NULL	1871	2025-10-31	9	8	8	Promoter
NULL	1871	2026-01-31	10	10	6	Promoter
NULL	1871	2026-04-30	10	9	8	Promoter
NULL	1873	2025-01-31	5	8	4	Passive
NULL	1873	2025-04-30	5	7	8	Detractor
NULL	1873	2026-01-31	2	5	6	Detractor
NULL	1873	2026-04-30	6	4	3	Detractor
NULL	1874	2026-07-31	7	3	4	Passive
NULL	1875	2024-07-31	7	7	8	Passive
NULL	1875	2024-10-31	9	7	4	Promoter
NULL	1875	2025-04-30	7	4	6	Passive
NULL	1875	2025-07-31	8	5	3	Passive
NULL	1875	2026-01-31	10	8	10	Promoter
NULL	1875	2026-07-31	7	7	4	Passive
NULL	1876	2024-07-31	9	7	10	Passive
NULL	1876	2024-10-31	9	10	10	Passive
NULL	1876	2025-01-31	9	10	10	Promoter
NULL	1876	2025-04-30	10	10	7	Detractor
NULL	1876	2025-07-31	10	10	8	Promoter
NULL	1876	10/31/2025	10	6	5	Detractor
NULL	1877	2025-07-31	1	1	1	Passive
NULL	1877	2026-01-31	2	3	2	Detractor
NULL	1877	2026-04-30	4	1	4	Promoter
NULL	1877	2026-07-31	1	4	2	Passive
NULL	1878	2024-01-31	9	5	2	Promoter
NULL	1878	2024-04-30	3	6	4	Detractor
NULL	1878	2024-07-31	4	6	8	Detractor
NULL	1878	2024-10-31	10	NULL	1	Promoter
NULL	1878	2025-01-31	5	4	1	Promoter
NULL	1878	2025-04-30	8	5	8	Promoter
NULL	1878	2025-07-31	7	4	5	Promoter
NULL	1878	2025-10-31	6	3	8	Detractor
NULL	1878	2026-01-31	7	5	NULL	Promoter
NULL	1878	2026-04-30	5	6	5	Detractor
NULL	1878	2026-07-31	4	4	5	Promoter
NULL	1879	2026-04-30	9	9	10	Promoter
NULL	1879	2026-07-31	9	9	7	Promoter
NULL	1881	2025-10-31	4	NULL	5	Detractor
NULL	1881	2026-01-31	5	6	3	Passive
NULL	1881	2026-04-30	5	6	6	Detractor
NULL	1881	2026-07-31	7	6	4	Promoter
NULL	1882	2024-01-31	7	5	8	Detractor
NULL	1882	2024-10-31	6	6	8	Passive
NULL	1882	2025-01-31	6	3	7	Detractor
NULL	1882	2025-04-30	6	3	1	Detractor
NULL	1882	2025-07-31	9	7	10	Promoter
NULL	1882	2025-10-31	5	3	9	Detractor
NULL	1882	2026-01-31	7	2	5	Passive
NULL	1882	2026-04-30	7	8	6	Detractor
NULL	1883	2026-01-31	9	9	7	Promoter
NULL	1883	2026-04-30	7	7	8	Passive
NULL	1883	2026-07-31	9	7	4	Promoter
NULL	1884	2024-07-31	6	2	5	Detractor
NULL	1884	2024-10-31	7	6	3	Passive
NULL	1884	2025-04-30	4	1	8	Passive
NULL	1884	2025-07-31	8	5	7	Promoter
NULL	1884	2026-01-31	9	4	6	Promoter
NULL	1884	2026-04-30	8	8	3	Passive
NULL	1885	2025-07-31	7	6	9	Passive
NULL	1885	2025-10-31	10	7	6	Promoter
NULL	1885	2026-01-31	9	7	8	Promoter
NULL	1885	2026-04-30	10	7	5	Promoter
NULL	1885	2026-07-31	5	7	5	Detractor
NULL	1886	2024-01-31	10	7	10	Passive
NULL	1886	2024-04-30	9	10	10	Promoter
NULL	1886	2025-04-30	9	8	6	Promoter
NULL	1886	2025-07-31	10	7	7	Promoter
NULL	1886	2026-01-31	8	6	6	Passive
NULL	1887	2024-07-31	6	NULL	4	Passive
NULL	1887	2025-01-31	6	5	3	Passive
NULL	1887	2025-04-30	8	7	8	Promoter
NULL	1887	2025-07-31	8	7	6	Detractor
NULL	1887	2026-01-31	5	3	5	Passive
NULL	1887	2026-04-30	4	4	9	Passive
NULL	1887	2026-07-31	7	8	2	Promoter
NULL	1888	2024-01-31	6	10	6	Detractor
NULL	1888	2024-04-30	9	10	8	Passive
NULL	1888	2024-07-31	7	6	10	Promoter
NULL	1888	2024-10-31	10	10	10	Promoter
NULL	1888	2025-01-31	10	10	9	Promoter
NULL	1888	2025-04-30	10	9	6	Promoter
NULL	1888	2025-07-31	9	7	7	Promoter
NULL	1888	2025-10-31	6	8	10	Passive
NULL	1888	2026-01-31	10	9	7	Promoter
NULL	1888	2026-04-30	7	8	10	Passive
NULL	1888	2026-07-31	10	6	10	Promoter
NULL	1890	2024-01-31	7	7	8	Passive
NULL	1890	2024-04-30	9	7	NULL	Promoter
NULL	1890	2024-07-31	9	4	10	Promoter
NULL	1890	2024-10-31	10	10	9	Promoter
NULL	1890	2025-04-30	7	9	6	Passive
NULL	1890	2025-07-31	9	7	10	Detractor
NULL	1890	2025-10-31	6	5	7	Passive
NULL	1890	2026-01-31	9	7	4	Promoter
NULL	1890	2026-04-30	9	7	4	Promoter
NULL	1890	2026-07-31	7	8	7	Passive
NULL	1891	2026-07-31	8	8	6	Promoter
NULL	1892	2024-01-31	10	10	5	Promoter
NULL	1892	2024-04-30	10	8	10	Promoter
NULL	1892	2024-07-31	7	10	7	Passive
NULL	1892	2025-04-30	10	5	8	Promoter
NULL	1892	2025-10-31	10	10	NULL	Promoter
NULL	1892	2026-01-31	8	10	10	Promoter
NULL	1892	2026-04-30	10	10	9	Detractor
NULL	1892	2026-07-31	7	8	2	Passive
NULL	1893	2025-07-31	4	5	4	Detractor
NULL	1893	2025-10-31	4	3	4	Passive
NULL	1893	2026-04-30	3	7	3	Passive
NULL	1895	2024-01-31	10	6	6	Passive
NULL	1895	2024-07-31	10	9	9	Promoter
NULL	1895	2024-10-31	8	10	9	Promoter
NULL	1895	2025-01-31	10	10	10	Promoter
NULL	1895	2025-07-31	10	NULL	9	Promoter
NULL	1895	2026-01-31	9	10	8	Promoter
NULL	1895	2026-04-30	9	10	9	Promoter
NULL	1895	2026-07-31	10	10	8	Promoter
NULL	1897	2024-01-31	2	1	3	Detractor
NULL	1897	2024-10-31	5	6	6	Detractor
NULL	1897	2025-01-31	8	6	7	Detractor
NULL	1897	2025-04-30	4	3	1	Promoter
NULL	1897	2025-07-31	5	6	8	Detractor
NULL	1897	2025-10-31	6	6	6	Detractor
NULL	1897	2026-01-31	4	4	6	Passive
NULL	1897	2026-07-31	8	3	3	Passive
NULL	1898	2025-01-31	7	8	5	Promoter
NULL	1898	2025-04-30	6	8	8	Detractor
NULL	1898	2025-10-31	9	7	5	Promoter
NULL	1898	2026-04-30	7	8	10	Detractor
NULL	1899	2024-01-31	5	4	5	Detractor
NULL	1899	2024-04-30	6	3	6	Detractor
NULL	1899	2024-10-31	2	5	8	Passive
NULL	1899	2025-01-31	1	1	2	Detractor
NULL	1899	2025-04-30	2	1	4	Detractor
NULL	1899	2025-07-31	3	2	2	Passive
NULL	1899	2026-01-31	3	7	4	Detractor
NULL	1899	2026-04-30	3	3	2	Detractor
NULL	1899	2026-07-31	1	5	1	Detractor
NULL	1900	2025-04-30	3	7	3	Detractor
NULL	1900	2025-10-31	8	8	8	Passive
NULL	1900	2026-01-31	7	8	9	Passive
NULL	1900	2026-07-31	6	6	4	Passive
NULL	1901	2025-04-30	9	8	8	Promoter
NULL	1901	2025-07-31	9	7	7	Promoter
NULL	1901	2025-10-31	9	7	8	Promoter
NULL	1901	2026-01-31	10	10	8	Detractor
NULL	1901	2026-04-30	6	9	6	Passive
NULL	1902	2025-07-31	7	6	8	Passive
NULL	1902	2025-10-31	9	5	6	Promoter
NULL	1902	2026-01-31	7	6	6	Promoter
NULL	1902	2026-04-30	6	5	NULL	Detractor
NULL	1902	07/31/2026	6	8	6	Detractor
NULL	1903	2024-01-31	6	8	1	Detractor
NULL	1903	2024-04-30	9	6	5	Promoter
NULL	1903	2024-07-31	8	10	9	Passive
NULL	1903	2025-01-31	8	6	6	Passive
NULL	1903	2025-04-30	9	10	5	Promoter
NULL	1903	2025-07-31	7	6	5	Passive
NULL	1903	2025-10-31	6	8	5	Detractor
NULL	1903	2026-01-31	8	7	10	Passive
NULL	1903	2026-07-31	10	4	4	Promoter
NULL	1904	2024-10-31	2	1	4	Promoter
NULL	1904	2025-01-31	1	7	6	Detractor
NULL	1904	2025-04-30	2	2	5	Promoter
NULL	1904	2025-07-31	1	3	1	Detractor
NULL	1904	2025-10-31	1	5	2	Detractor
NULL	1904	2026-01-31	1	4	1	Detractor
NULL	1904	2026-04-30	2	1	1	Passive
NULL	1904	2026-07-31	6	4	1	Passive
NULL	1905	2024-07-31	7	10	10	Passive
NULL	1905	2024-10-31	9	4	NULL	Promoter
NULL	1905	01/31/2025	9	8	10	Promoter
NULL	1905	2025-04-30	9	8	7	Promoter
NULL	1905	2025-07-31	8	8	7	Promoter
NULL	1905	2025-10-31	7	10	5	Passive
NULL	1906	2024-01-31	9	6	2	Passive
NULL	1906	2024-04-30	10	1	5	Promoter
NULL	1906	2024-10-31	8	7	7	Detractor
NULL	1906	2025-04-30	9	7	10	Promoter
NULL	1906	2025-07-31	10	9	4	Passive
NULL	1906	2025-10-31	9	9	7	Promoter
NULL	1906	2026-01-31	9	6	5	Promoter
NULL	1906	2026-04-30	9	5	8	Detractor
NULL	1906	2026-07-31	4	10	9	Detractor
NULL	1907	2025-10-31	7	7	5	Passive
NULL	1907	2026-04-30	10	4	9	Promoter
NULL	1907	2026-07-31	7	9	5	Promoter
NULL	1909	01/31/2025	3	1	3	Promoter
NULL	1909	2025-07-31	6	5	5	Detractor
NULL	1909	2025-10-31	5	6	8	Passive
NULL	1910	2026-01-31	6	4	1	Detractor
NULL	1910	2026-07-31	6	9	3	Detractor
NULL	1911	10/31/2025	6	4	7	Detractor
NULL	1911	2026-01-31	5	4	1	Passive
NULL	1911	04/30/2026	7	NULL	9	Passive
NULL	1911	2026-07-31	6	4	6	Detractor
NULL	1912	2024-01-31	1	2	1	Detractor
NULL	1912	2024-04-30	2	3	2	Detractor
NULL	1912	2024-07-31	1	1	1	Detractor
NULL	1912	2024-10-31	3	5	1	Detractor
NULL	1912	2025-01-31	1	NULL	5	Passive
NULL	1912	2025-04-30	1	1	1	Detractor
NULL	1912	2026-01-31	1	1	3	Passive
NULL	1912	04/30/2026	3	6	1	Passive
NULL	1912	2026-07-31	2	4	1	Detractor
NULL	1913	2025-10-31	7	10	6	Promoter
NULL	1914	2025-04-30	5	2	5	Detractor
NULL	1914	2025-07-31	5	1	3	Passive
NULL	1914	2025-10-31	2	7	5	Promoter
NULL	1914	2026-04-30	5	1	2	Detractor
NULL	1914	2026-07-31	2	3	1	Detractor
NULL	1915	2026-07-31	3	7	5	Passive
NULL	1916	01/31/2024	6	3	4	Detractor
NULL	1916	2025-01-31	4	1	1	Detractor
NULL	1916	2025-07-31	7	5	6	Promoter
NULL	1916	2026-01-31	1	2	5	Detractor
NULL	1916	2026-04-30	2	4	4	Detractor
NULL	1916	2026-07-31	3	5	5	Detractor
NULL	1917	2026-04-30	10	4	6	Promoter
NULL	1918	2025-04-30	9	7	8	Promoter
NULL	1918	2025-07-31	10	9	10	Promoter
NULL	1919	2024-01-31	5	3	5	Detractor
NULL	1919	2024-04-30	5	6	NULL	Detractor
NULL	1919	2024-10-31	9	5	9	Passive
NULL	1919	2025-01-31	7	1	3	Passive
NULL	1919	2025-04-30	5	1	8	Detractor
NULL	1919	2026-04-30	7	7	2	Passive
NULL	1919	2026-07-31	7	10	8	Passive
NULL	1920	2025-07-31	5	4	1	Passive
NULL	1920	2025-10-31	5	4	1	Detractor
NULL	1920	2026-01-31	6	2	5	Detractor
NULL	1920	2026-04-30	4	5	2	Detractor
NULL	1921	2025-10-31	5	1	NULL	Detractor
NULL	1921	2026-01-31	1	3	3	Passive
NULL	1921	2026-04-30	2	NULL	1	Promoter
NULL	1922	2025-07-31	8	6	6	Passive
NULL	1922	2026-01-31	5	9	6	Detractor
NULL	1922	2026-07-31	3	4	4	Passive
NULL	1924	2024-01-31	6	4	4	Detractor
NULL	1924	2024-04-30	6	3	5	Passive
NULL	1924	2024-07-31	6	4	2	Detractor
NULL	1924	2024-10-31	4	3	6	Passive
NULL	1924	2025-01-31	6	5	5	Detractor
NULL	1924	2025-10-31	3	1	1	Detractor
NULL	1924	2026-01-31	1	10	7	Detractor
NULL	1924	2026-04-30	5	6	5	Detractor
NULL	1924	2026-07-31	7	4	9	Promoter
NULL	1925	2025-01-31	1	2	6	Passive
NULL	1925	2025-04-30	3	1	8	Detractor
NULL	1925	2025-07-31	3	2	4	Passive
NULL	1925	2025-10-31	4	2	1	Passive
NULL	1925	2026-04-30	5	4	1	Detractor
NULL	1925	2026-07-31	2	6	2	Detractor
NULL	1926	2024-01-31	5	7	2	Detractor
NULL	1926	2024-04-30	5	10	3	Detractor
NULL	1926	2024-07-31	3	3	7	Detractor
NULL	1926	2024-10-31	6	7	4	Passive
NULL	1926	2025-01-31	2	6	2	Passive
NULL	1926	2025-04-30	4	3	6	Detractor
NULL	1926	10/31/2025	2	5	4	Passive
NULL	1926	2026-07-31	3	6	4	Detractor
NULL	1928	2025-10-31	8	4	4	Detractor
NULL	1928	2026-01-31	3	8	7	Detractor
NULL	1928	2026-04-30	5	8	6	Passive
NULL	1928	2026-07-31	5	2	NULL	Passive
NULL	1929	2024-07-31	10	9	10	Promoter
NULL	1929	2024-10-31	10	9	6	Promoter
NULL	1929	2025-01-31	7	10	9	Passive
NULL	1929	2025-10-31	9	8	7	Passive
NULL	1929	2026-01-31	7	6	7	Detractor
NULL	1929	2026-04-30	9	7	8	Promoter
NULL	1930	2025-07-31	8	4	5	Passive
NULL	1930	2025-10-31	8	6	7	Passive
NULL	1930	2026-01-31	5	8	10	Detractor
NULL	1930	2026-04-30	6	6	6	Promoter
NULL	1930	2026-07-31	5	10	10	Detractor
NULL	1931	2024-07-31	8	10	10	Promoter
NULL	1931	2024-10-31	10	7	6	Promoter
NULL	1931	2025-01-31	10	6	10	Promoter
NULL	1931	2025-04-30	9	10	10	Detractor
NULL	1931	2025-07-31	10	9	4	Promoter
NULL	1931	2026-01-31	10	10	10	Promoter
NULL	1931	2026-07-31	10	10	6	Promoter
NULL	1932	2024-04-30	3	4	3	Detractor
NULL	1932	2024-07-31	8	7	4	Promoter
NULL	1932	2024-10-31	1	3	4	Passive
NULL	1932	2025-01-31	4	6	8	Passive
NULL	1932	2025-10-31	7	8	5	Detractor
NULL	1932	2026-04-30	7	3	5	Passive
NULL	1932	2026-07-31	2	6	4	Passive
NULL	1933	2024-07-31	9	7	8	Promoter
NULL	1933	2024-10-31	10	8	10	Promoter
NULL	1934	2025-07-31	10	9	10	Detractor
NULL	1934	10/31/2025	9	10	10	Promoter
NULL	1935	2024-01-31	8	3	5	Promoter
NULL	1935	2024-07-31	9	7	3	Promoter
NULL	1935	2025-01-31	8	4	5	Promoter
NULL	1935	2025-04-30	9	2	7	Promoter
NULL	1935	2025-07-31	5	4	5	Detractor
NULL	1935	2025-10-31	7	5	3	Passive
NULL	1935	2026-01-31	6	6	1	Detractor
NULL	1935	2026-04-30	6	6	6	Detractor
NULL	1936	2024-10-31	7	8	9	Passive
NULL	1936	2025-04-30	6	3	2	Detractor
NULL	1936	2025-07-31	6	7	6	Detractor
NULL	1936	2026-04-30	9	6	9	Promoter
NULL	1937	2025-04-30	10	7	9	Promoter
NULL	1937	2025-07-31	9	6	10	Passive
NULL	1937	2025-10-31	9	6	4	Promoter
NULL	1937	2026-01-31	9	8	5	Promoter
NULL	1937	2026-04-30	9	10	10	Promoter
NULL	1937	2026-07-31	9	10	5	Promoter
NULL	1938	2026-07-31	5	1	4	Detractor
NULL	1939	2024-04-30	9	10	8	Promoter
NULL	1939	2024-10-31	8	6	8	Promoter
NULL	1939	2025-04-30	7	7	2	Promoter
NULL	1939	2025-10-31	6	8	10	Detractor
NULL	1939	2026-04-30	10	5	9	Promoter
NULL	1939	2026-07-31	9	6	10	Promoter
NULL	1940	2024-07-31	2	NULL	3	Detractor
NULL	1940	2025-01-31	8	6	1	Passive
NULL	1940	2025-10-31	7	8	5	Promoter
NULL	1940	2026-01-31	8	8	6	Promoter
NULL	1940	2026-04-30	7	9	3	Detractor
NULL	1941	01/31/2026	10	10	9	Passive
NULL	1941	2026-04-30	10	3	9	Promoter
NULL	1942	2025-10-31	9	4	6	Passive
NULL	1942	2026-01-31	8	6	7	Passive
NULL	1943	2024-04-30	2	6	3	Detractor
NULL	1943	2024-10-31	5	4	6	Passive
NULL	1943	2025-01-31	3	7	7	Detractor
NULL	1943	2025-04-30	3	4	1	Passive
NULL	1943	2025-07-31	3	4	7	Detractor
NULL	1943	2025-10-31	3	4	5	Passive
NULL	1943	2026-01-31	4	4	1	Detractor
NULL	1943	2026-07-31	4	5	6	Detractor
NULL	1944	2025-07-31	7	4	5	Passive
NULL	1944	2025-10-31	5	3	3	Passive
NULL	1944	2026-01-31	6	5	1	Detractor
NULL	1944	2026-04-30	6	3	NULL	Detractor
NULL	1944	2026-07-31	5	7	8	Promoter
NULL	1945	2024-01-31	8	10	NULL	Promoter
NULL	1945	2024-04-30	8	7	10	Passive
NULL	1945	2024-07-31	10	6	7	Promoter
NULL	1945	2024-10-31	6	9	8	Detractor
NULL	1945	2025-01-31	10	8	6	Promoter
NULL	1945	2025-10-31	6	8	6	Passive
NULL	1945	2026-01-31	7	10	6	Passive
NULL	1945	2026-04-30	7	3	9	Passive
NULL	1945	2026-07-31	10	6	NULL	Promoter
NULL	1946	2024-01-31	1	2	3	Detractor
NULL	1946	2024-07-31	4	4	1	Passive
NULL	1946	2024-10-31	3	3	1	Detractor
NULL	1946	2026-04-30	8	1	3	Passive
NULL	1946	2026-07-31	3	3	6	Detractor
NULL	1947	2026-01-31	9	6	7	Promoter
NULL	1949	2024-07-31	5	8	NULL	Passive
NULL	1949	2024-10-31	7	5	8	Promoter
NULL	1949	2025-01-31	4	5	7	Detractor
NULL	1949	2025-04-30	8	5	NULL	Passive
NULL	1949	2025-07-31	9	7	5	Promoter
NULL	1949	2025-10-31	4	5	5	Detractor
NULL	1949	2026-01-31	8	6	9	Promoter
NULL	1949	2026-04-30	5	6	4	Detractor
NULL	1950	2025-01-31	1	5	5	Promoter
NULL	1950	2025-04-30	4	9	5	Passive
NULL	1950	2025-10-31	4	8	8	Detractor
NULL	1950	2026-01-31	7	1	5	Passive
NULL	1950	2026-04-30	3	6	5	Passive
NULL	1952	2024-04-30	4	1	9	Detractor
NULL	1952	2024-07-31	6	9	5	Detractor
NULL	1952	2024-10-31	5	7	4	Promoter
NULL	1952	2025-07-31	6	7	2	Detractor
NULL	1952	10/31/2025	9	5	NULL	Promoter
NULL	1952	2026-01-31	7	5	7	Passive
NULL	1952	2026-04-30	7	NULL	4	Passive
NULL	1952	2026-07-31	8	6	8	Passive
NULL	1953	2025-04-30	6	10	10	Detractor
NULL	1953	2025-10-31	8	5	7	Detractor
NULL	1953	2026-01-31	5	8	8	Passive
NULL	1953	2026-04-30	6	7	7	Detractor
NULL	1953	2026-07-31	10	3	2	Promoter
NULL	1954	2024-01-31	9	4	6	Passive
NULL	1954	2024-04-30	5	8	3	Detractor
NULL	1954	2024-10-31	8	6	6	Passive
NULL	1954	2025-01-31	7	9	5	Passive
NULL	1954	2025-07-31	7	5	10	Passive
NULL	1954	2025-10-31	9	10	6	Promoter
NULL	1954	2026-01-31	10	9	6	Detractor
NULL	1954	2026-07-31	7	5	10	Passive
NULL	1955	2025-07-31	1	2	2	Passive
NULL	1955	2025-10-31	3	1	2	Detractor
NULL	1955	2026-01-31	1	1	4	Detractor
NULL	1955	2026-04-30	1	1	3	Detractor
NULL	1955	2026-07-31	1	NULL	1	Passive
NULL	1956	2024-04-30	9	5	7	Promoter
NULL	1956	2024-07-31	8	9	6	Passive
NULL	1956	2024-10-31	7	8	8	Promoter
NULL	1956	2025-01-31	3	4	7	Promoter
NULL	1956	2025-07-31	7	8	6	Promoter
NULL	1956	2025-10-31	7	8	5	Passive
NULL	1956	2026-04-30	7	8	10	Promoter
NULL	1956	2026-07-31	9	8	6	Promoter
NULL	1957	2024-01-31	8	3	7	Passive
NULL	1957	2024-04-30	7	7	2	Promoter
NULL	1957	2024-07-31	3	2	8	Detractor
NULL	1957	2025-07-31	6	7	7	Detractor
NULL	1957	2025-10-31	5	5	3	Promoter
NULL	1957	2026-01-31	4	4	8	Detractor
NULL	1957	2026-07-31	6	8	6	Detractor
NULL	1958	04/30/2024	8	3	3	Passive
NULL	1958	2024-07-31	6	6	4	Detractor
NULL	1958	2024-10-31	7	8	8	Passive
NULL	1958	2025-01-31	6	8	9	Detractor
NULL	1958	2026-01-31	5	4	2	Detractor
NULL	1958	2026-04-30	6	8	7	Passive
NULL	1958	2026-07-31	6	7	5	Promoter
NULL	1959	2025-04-30	9	5	5	Promoter
NULL	1959	2025-07-31	7	10	3	Passive
NULL	1959	2025-10-31	7	6	10	Detractor
NULL	1959	2026-04-30	6	4	7	Detractor
NULL	1959	2026-07-31	8	4	NULL	Promoter
NULL	1960	2026-07-31	8	3	1	Passive
NULL	1961	2024-01-31	3	1	4	Detractor
NULL	1961	2024-04-30	4	7	4	Promoter
NULL	1961	2024-10-31	3	4	1	Passive
NULL	1961	2025-04-30	3	3	6	Detractor
NULL	1961	2026-01-31	2	1	9	Detractor
NULL	1961	2026-04-30	2	3	1	Detractor
NULL	1961	2026-07-31	4	3	1	Detractor
NULL	1962	2024-04-30	5	1	1	Detractor
NULL	1962	2025-01-31	4	3	1	Detractor
NULL	1962	2025-07-31	1	3	5	Passive
NULL	1962	2025-10-31	2	1	2	Detractor
NULL	1962	2026-01-31	6	4	1	Passive
NULL	1962	2026-04-30	4	4	3	Passive
NULL	1962	2026-07-31	1	1	4	Detractor
NULL	1963	2024-04-30	1	1	1	Detractor
NULL	1963	2024-10-31	4	1	3	Detractor
NULL	1963	2025-04-30	2	1	5	Detractor
NULL	1963	2025-07-31	1	1	NULL	Passive
NULL	1963	2025-10-31	2	5	2	Detractor
NULL	1963	2026-04-30	1	1	2	Promoter
NULL	1963	2026-07-31	4	3	3	Detractor
NULL	1964	2024-01-31	2	3	5	Detractor
NULL	1964	2024-04-30	4	5	1	Detractor
NULL	1964	2024-07-31	5	1	1	Detractor
NULL	1964	2024-10-31	2	3	6	Detractor
NULL	1964	2025-01-31	9	4	7	Promoter
NULL	1964	2025-04-30	5	1	1	Passive
NULL	1964	2026-01-31	4	5	1	Passive
NULL	1964	2026-04-30	5	6	1	Detractor
NULL	1964	2026-07-31	7	3	5	Promoter
NULL	1965	2024-07-31	6	10	7	Detractor
NULL	1965	2025-10-31	7	6	5	Promoter
NULL	1965	01/31/2026	3	6	8	Detractor
NULL	1965	2026-04-30	6	2	6	Detractor
NULL	1965	2026-07-31	5	8	6	Detractor
NULL	1966	2024-04-30	3	1	1	Detractor
NULL	1966	2024-07-31	2	1	7	Detractor
NULL	1966	2024-10-31	2	1	2	Promoter
NULL	1966	2025-01-31	4	2	1	Detractor
NULL	1966	2025-04-30	1	1	1	Detractor
NULL	1966	2025-07-31	3	3	1	Detractor
NULL	1966	10/31/2025	3	1	1	Detractor
NULL	1966	2026-04-30	4	1	2	Detractor
NULL	1967	2025-04-30	5	6	1	Promoter
NULL	1967	2025-07-31	5	9	1	Detractor
NULL	1967	2025-10-31	5	2	6	Detractor
NULL	1967	01/31/2026	4	1	5	Detractor
NULL	1967	2026-07-31	6	6	2	Detractor
NULL	1968	2024-01-31	9	6	9	Promoter
NULL	1968	2024-04-30	9	7	10	Promoter
NULL	1968	2024-07-31	9	3	8	Promoter
NULL	1968	2025-01-31	5	7	5	Passive
NULL	1968	2025-04-30	7	9	10	Promoter
NULL	1968	2025-10-31	7	5	2	Promoter
NULL	1968	2026-04-30	6	6	6	Detractor
NULL	1968	2026-07-31	9	8	7	Promoter
NULL	1969	2024-01-31	5	3	5	Passive
NULL	1969	2024-04-30	5	4	8	Passive
NULL	1969	2024-07-31	6	1	NULL	Detractor
NULL	1969	2025-04-30	5	4	4	Passive
NULL	1969	2025-10-31	5	NULL	6	Detractor
NULL	1969	2026-01-31	5	3	2	Detractor
NULL	1969	2026-04-30	4	9	NULL	Detractor
NULL	1970	2025-04-30	4	1	5	Promoter
NULL	1970	2025-07-31	6	4	3	Detractor
NULL	1970	2025-10-31	6	3	1	Passive
NULL	1970	2026-01-31	1	6	1	Passive
NULL	1971	2025-04-30	6	3	1	Detractor
NULL	1971	2025-07-31	2	3	4	Passive
NULL	1971	2025-10-31	1	4	1	Promoter
NULL	1971	2026-01-31	4	3	8	Detractor
NULL	1971	2026-04-30	4	1	3	Detractor
NULL	1971	2026-07-31	5	2	5	Detractor
NULL	1974	2025-07-31	8	5	5	Promoter
NULL	1974	2026-04-30	5	5	1	Detractor
NULL	1975	2025-01-31	4	4	7	Detractor
NULL	1975	2025-04-30	3	3	7	Detractor
NULL	1975	2025-07-31	1	3	1	Promoter
NULL	1975	2025-10-31	1	1	1	Passive
NULL	1975	2026-01-31	5	2	7	Passive
NULL	1975	2026-04-30	4	4	2	Passive
NULL	1975	2026-07-31	6	4	3	Detractor
NULL	1976	2024-01-31	5	7	4	Detractor
NULL	1976	2024-04-30	10	NULL	5	Promoter
NULL	1976	2024-07-31	7	9	10	Promoter
NULL	1976	2025-01-31	9	8	10	Promoter
NULL	1976	2025-04-30	9	8	7	Promoter
NULL	1976	2025-07-31	8	8	NULL	Promoter
NULL	1976	10/31/2025	9	9	9	Promoter
NULL	1976	2026-01-31	9	9	9	Passive
NULL	1976	2026-04-30	6	10	6	Passive
NULL	1976	2026-07-31	9	9	7	Promoter
NULL	1977	2025-04-30	7	5	4	Passive
NULL	1977	2025-07-31	6	8	6	Passive
NULL	1977	2025-10-31	8	7	10	Passive
NULL	1977	2026-01-31	8	4	3	Passive
NULL	1977	2026-04-30	8	5	7	Passive
NULL	1979	2025-10-31	9	8	9	Promoter
NULL	1979	2026-01-31	8	3	6	Passive
NULL	1979	2026-04-30	7	7	10	Detractor
NULL	1980	2025-01-31	1	4	5	Detractor
NULL	1980	2025-04-30	4	5	2	Detractor
NULL	1980	2025-10-31	3	1	NULL	Detractor
NULL	1981	2025-01-31	3	4	8	Detractor
NULL	1981	2025-04-30	8	9	7	Detractor
NULL	1981	2025-07-31	7	4	7	Promoter
NULL	1981	2025-10-31	7	6	5	Promoter
NULL	1981	2026-01-31	6	8	4	Promoter
NULL	1981	2026-04-30	8	5	5	Promoter
NULL	1981	2026-07-31	7	4	2	Passive
NULL	1983	2024-10-31	7	4	5	Detractor
NULL	1983	2025-01-31	3	7	5	Detractor
NULL	1983	2025-07-31	6	5	10	Detractor
NULL	1983	2025-10-31	6	4	7	Detractor
NULL	1983	2026-01-31	4	4	1	Detractor
NULL	1983	2026-04-30	5	3	3	Passive
NULL	1983	2026-07-31	5	8	2	Passive
NULL	1984	2024-01-31	5	5	NULL	Detractor
NULL	1984	2024-04-30	7	6	9	Passive
NULL	1984	2024-07-31	5	1	6	Passive
NULL	1984	2024-10-31	5	7	4	Detractor
NULL	1984	2025-04-30	3	4	NULL	Detractor
NULL	1984	2025-07-31	5	7	8	Detractor
NULL	1984	2025-10-31	4	1	6	Detractor
NULL	1984	2026-01-31	3	5	3	Detractor
NULL	1984	2026-04-30	5	4	1	Detractor
NULL	1985	2025-01-31	7	7	3	Passive
NULL	1985	2025-04-30	8	8	6	Promoter
NULL	1985	2025-07-31	8	3	3	Passive
NULL	1985	2025-10-31	8	8	2	Passive
NULL	1985	2026-04-30	6	6	6	Detractor
NULL	1986	2024-10-31	5	2	7	Promoter
NULL	1986	2025-04-30	7	4	1	Promoter
NULL	1986	2025-07-31	5	4	3	Detractor
NULL	1986	2025-10-31	5	5	1	Detractor
NULL	1986	2026-01-31	2	6	4	Detractor
NULL	1986	2026-04-30	3	3	1	Passive
NULL	1986	2026-07-31	5	3	5	Passive
NULL	1987	2025-07-31	8	7	10	Promoter
NULL	1987	2025-10-31	10	8	4	Promoter
NULL	1989	2026-07-31	6	3	6	Detractor
NULL	1990	2026-04-30	1	2	4	Promoter
NULL	1991	2024-01-31	7	1	6	Passive
NULL	1991	2024-04-30	4	6	NULL	Detractor
NULL	1991	07/31/2024	10	5	8	Promoter
NULL	1991	2024-10-31	4	3	5	Detractor
NULL	1991	2025-01-31	8	4	3	Passive
NULL	1991	2025-07-31	6	4	2	Passive
NULL	1991	2025-10-31	6	4	5	Promoter
NULL	1991	2026-01-31	4	2	4	Detractor
NULL	1991	2026-04-30	7	6	2	Promoter
NULL	1991	2026-07-31	4	5	6	Passive
NULL	1993	2026-07-31	4	3	5	Passive
NULL	1994	2024-01-31	10	5	4	Promoter
NULL	1994	2024-04-30	9	7	6	Promoter
NULL	1994	2024-10-31	10	6	6	Passive
NULL	1994	2025-01-31	5	10	8	Detractor
NULL	1994	2025-04-30	10	6	10	Promoter
NULL	1994	2025-07-31	9	10	10	Promoter
NULL	1994	2026-01-31	7	8	5	Promoter
NULL	1994	2026-07-31	8	10	10	Passive
NULL	1995	2025-04-30	6	1	1	Promoter
NULL	1995	2025-07-31	2	3	3	Detractor
NULL	1995	2025-10-31	5	5	8	Detractor
NULL	1995	2026-01-31	5	3	2	Passive
NULL	1995	2026-04-30	3	4	1	Detractor
NULL	1995	2026-07-31	4	8	1	Detractor
NULL	1996	2026-01-31	8	9	7	Promoter
NULL	1996	2026-04-30	8	6	9	Promoter
NULL	1996	2026-07-31	10	9	10	Promoter
NULL	1997	2024-07-31	3	5	2	Detractor
NULL	1997	2025-01-31	4	3	1	Detractor
NULL	1997	2025-04-30	7	2	5	Passive
NULL	1997	2025-07-31	2	5	1	Detractor
NULL	1997	2026-01-31	3	5	1	Promoter
NULL	1997	2026-04-30	6	3	1	Detractor
NULL	1997	2026-07-31	7	2	9	Passive
NULL	1998	2025-01-31	4	2	1	Detractor
NULL	1998	2025-07-31	7	1	1	Passive
NULL	1998	2025-10-31	1	3	7	Passive
NULL	1998	2026-01-31	2	1	2	Detractor
NULL	1998	2026-04-30	3	1	3	Detractor
NULL	1998	2026-07-31	1	5	3	Detractor
NULL	1999	2024-04-30	4	8	7	Passive
NULL	1999	2024-07-31	7	5	2	Promoter
NULL	1999	2025-01-31	7	4	3	Promoter
NULL	1999	2025-04-30	6	8	6	Detractor
NULL	1999	2025-10-31	10	4	2	Promoter
NULL	2000	2024-04-30	9	5	10	Promoter
NULL	2000	2024-10-31	5	6	1	Detractor
NULL	2000	2025-04-30	10	4	8	Promoter
NULL	2000	2025-07-31	10	6	2	Detractor
NULL	2000	2026-01-31	6	4	2	Promoter
NULL	2001	2024-10-31	10	10	10	Promoter
NULL	2001	2025-07-31	10	7	5	Promoter
NULL	2001	2025-10-31	10	6	4	Promoter
NULL	2001	2026-01-31	10	8	10	Promoter
NULL	2001	2026-04-30	10	7	9	Promoter
NULL	2001	2026-07-31	10	10	9	Passive
NULL	2002	2024-04-30	1	4	3	Detractor
NULL	2002	2024-07-31	2	6	5	Passive
NULL	2002	2024-10-31	4	3	2	Passive
NULL	2002	2025-01-31	3	1	6	Passive
NULL	2002	2025-04-30	1	4	NULL	Detractor
NULL	2002	2025-10-31	4	5	7	Passive
NULL	2002	2026-04-30	5	1	1	Detractor
NULL	2002	2026-07-31	2	3	4	Detractor
NULL	2003	2025-04-30	8	6	7	Promoter
NULL	2003	2025-10-31	10	8	9	Promoter
NULL	2003	2026-01-31	10	7	4	Promoter
NULL	2003	2026-07-31	8	10	4	Passive
NULL	2004	2025-01-31	1	1	1	Detractor
NULL	2004	2025-07-31	4	6	1	Passive
NULL	2004	2026-01-31	1	5	1	Detractor
NULL	2004	2026-04-30	1	1	1	Detractor
NULL	2004	07/31/2026	1	2	1	Detractor
NULL	2005	2024-01-31	4	5	3	Passive
NULL	2005	2024-04-30	2	4	3	Detractor
NULL	2005	2024-07-31	6	3	5	Passive
NULL	2005	2024-10-31	8	2	8	Passive
NULL	2005	2025-01-31	6	NULL	6	Promoter
NULL	2005	2025-04-30	5	8	8	Detractor
NULL	2005	2025-07-31	7	1	8	Passive
NULL	2005	2025-10-31	10	2	2	Promoter
NULL	2005	2026-01-31	6	4	6	Passive
NULL	2005	2026-04-30	5	6	7	Detractor
NULL	2006	2024-04-30	4	5	2	Detractor
NULL	2006	2024-07-31	3	6	1	Passive
NULL	2006	2024-10-31	6	4	5	Detractor
NULL	2006	2025-04-30	5	5	5	Detractor
NULL	2006	2025-07-31	3	8	NULL	Promoter
NULL	2006	2026-01-31	3	7	3	Passive
NULL	2006	2026-04-30	6	3	5	Passive
NULL	2007	2025-04-30	7	7	10	Passive
NULL	2007	2025-07-31	9	9	6	Promoter
NULL	2007	2025-10-31	10	7	8	Detractor
NULL	2007	2026-01-31	10	9	10	Promoter
NULL	2007	2026-07-31	10	10	10	Promoter
NULL	2009	2025-04-30	6	9	7	Detractor
NULL	2009	2025-07-31	6	5	4	Passive
NULL	2009	2025-10-31	9	6	4	Promoter
NULL	2009	2026-01-31	5	1	6	Detractor
NULL	2009	2026-04-30	6	10	5	Passive
NULL	2010	2026-01-31	8	5	9	Passive
NULL	2010	2026-04-30	6	6	2	Detractor
NULL	2010	2026-07-31	7	6	3	Passive
NULL	2012	2024-01-31	6	5	3	Passive
NULL	2012	2024-04-30	6	2	4	Detractor
NULL	2012	2024-10-31	7	4	2	Detractor
NULL	2012	2025-01-31	4	4	6	Detractor
NULL	2012	2025-07-31	5	7	1	Passive
NULL	2012	2026-01-31	4	4	8	Passive
NULL	2013	2025-01-31	8	10	5	Passive
NULL	2013	2025-04-30	10	4	9	Promoter
NULL	2013	2025-07-31	6	6	6	Detractor
NULL	2013	2025-10-31	9	6	6	Promoter
NULL	2013	2026-01-31	9	5	6	Promoter
NULL	2013	2026-04-30	7	5	7	Passive
NULL	2013	2026-07-31	10	6	8	Promoter
NULL	2014	2025-04-30	6	10	6	Detractor
NULL	2014	2025-10-31	7	4	7	Passive
NULL	2014	2026-04-30	4	NULL	8	Detractor
NULL	2014	2026-07-31	4	3	4	Detractor
NULL	2015	2025-04-30	9	7	8	Promoter
NULL	2015	2025-07-31	10	8	10	Promoter
NULL	2015	10/31/2025	3	10	5	Detractor
NULL	2015	2026-04-30	8	10	6	Passive
NULL	2015	2026-07-31	10	NULL	4	Detractor
NULL	2016	2024-07-31	6	4	6	Detractor
NULL	2016	2024-10-31	4	4	1	Detractor
NULL	2016	2025-01-31	4	3	4	Passive
NULL	2016	2025-04-30	6	3	1	Detractor
NULL	2016	2025-07-31	5	3	2	Passive
NULL	2016	2025-10-31	5	4	4	Detractor
NULL	2016	2026-01-31	4	5	7	Detractor
NULL	2016	2026-04-30	1	1	4	Passive
NULL	2016	2026-07-31	4	4	6	Detractor
NULL	2017	2024-04-30	2	7	1	Detractor
NULL	2017	2024-07-31	7	7	3	Passive
NULL	2017	2025-01-31	5	7	4	Detractor
NULL	2017	2025-04-30	4	5	4	Passive
NULL	2017	2026-01-31	6	8	2	Detractor
NULL	2017	2026-07-31	4	3	8	Detractor
NULL	2019	2024-01-31	6	4	1	Detractor
NULL	2019	2024-04-30	8	4	9	Detractor
NULL	2019	2024-07-31	6	8	2	Detractor
NULL	2019	2024-10-31	6	6	6	Detractor
NULL	2020	2024-10-31	3	2	1	Detractor
NULL	2020	2025-07-31	1	1	1	Detractor
NULL	2020	2025-10-31	3	1	5	Passive
NULL	2020	2026-01-31	4	1	1	Detractor
NULL	2020	2026-07-31	1	2	1	Detractor
NULL	2021	2024-01-31	2	2	1	Detractor
NULL	2021	2024-04-30	1	2	1	Passive
NULL	2021	2024-07-31	3	1	NULL	Detractor
NULL	2021	2024-10-31	3	NULL	3	Detractor
NULL	2021	2025-04-30	3	3	3	Detractor
NULL	2021	2025-10-31	3	5	1	Passive
NULL	2021	2026-01-31	2	2	1	Detractor
NULL	2021	2026-04-30	1	2	5	Passive
NULL	2021	2026-07-31	1	4	7	Passive
NULL	2022	2024-07-31	6	5	1	Passive
NULL	2022	2024-10-31	4	7	4	Detractor
NULL	2022	2025-01-31	6	4	1	Detractor
NULL	2022	2025-07-31	5	6	10	Detractor
NULL	2022	2026-01-31	4	4	8	Promoter
NULL	2023	2024-01-31	4	6	1	Detractor
NULL	2023	2024-07-31	2	1	3	Promoter
NULL	2023	2024-10-31	7	4	5	Promoter
NULL	2023	2025-04-30	2	8	2	Passive
NULL	2023	2025-07-31	6	6	4	Passive
NULL	2023	10/31/2025	5	3	3	Detractor
NULL	2023	2026-01-31	5	6	7	Detractor
NULL	2023	2026-04-30	4	6	3	Detractor
NULL	2023	2026-07-31	5	2	5	Passive
NULL	2024	2026-04-30	2	1	4	Detractor
NULL	2024	2026-07-31	3	2	1	Passive
NULL	2025	2024-01-31	3	5	4	Detractor
NULL	2025	2024-07-31	1	4	1	Detractor
NULL	2025	2024-10-31	5	8	8	Detractor
NULL	2025	2025-04-30	6	5	2	Promoter
NULL	2025	2025-07-31	6	7	5	Passive
NULL	2025	2025-10-31	5	4	1	Detractor
NULL	2025	2026-07-31	6	8	1	Passive
NULL	2026	2024-01-31	1	1	1	Detractor
NULL	2026	2024-04-30	3	1	1	Promoter
NULL	2026	2024-10-31	1	5	2	Detractor
NULL	2026	2025-01-31	1	1	1	Detractor
NULL	2026	2025-04-30	5	NULL	1	Detractor
NULL	2026	2025-10-31	1	2	1	Detractor
NULL	2026	2026-01-31	1	1	2	Detractor
NULL	2026	2026-04-30	3	1	1	Detractor
NULL	2027	2024-01-31	6	10	10	Detractor
NULL	2027	2024-04-30	10	10	9	Promoter
NULL	2027	2024-07-31	8	7	10	Promoter
NULL	2027	2024-10-31	9	NULL	10	Promoter
NULL	2027	2025-01-31	8	7	6	Promoter
NULL	2027	2025-04-30	9	8	8	Promoter
NULL	2027	2025-07-31	10	8	10	Promoter
NULL	2027	2025-10-31	10	10	10	Promoter
NULL	2027	2026-01-31	9	9	6	Promoter
NULL	2027	2026-04-30	8	9	9	Passive
NULL	2027	2026-07-31	10	10	8	Promoter
NULL	2028	04/30/2024	2	1	5	Detractor
NULL	2028	2024-07-31	3	5	3	Detractor
NULL	2028	2024-10-31	5	6	5	Detractor
NULL	2028	2025-07-31	2	3	3	Promoter
NULL	2028	2025-10-31	4	5	2	Passive
NULL	2028	2026-01-31	3	8	4	Detractor
NULL	2028	2026-04-30	1	5	6	Detractor
NULL	2028	2026-07-31	1	3	1	Detractor
NULL	2029	2024-01-31	10	3	8	Promoter
NULL	2029	2025-04-30	6	NULL	7	Detractor
NULL	2029	2025-07-31	7	7	8	Passive
NULL	2029	2025-10-31	9	3	9	Promoter
NULL	2030	2025-01-31	2	2	4	Detractor
NULL	2030	2025-07-31	2	4	2	Passive
NULL	2030	2026-01-31	2	1	1	Passive
NULL	2030	2026-04-30	1	1	1	Detractor
NULL	2030	2026-07-31	1	1	5	Detractor
NULL	2032	04/30/2024	9	5	6	Promoter
NULL	2032	2025-01-31	10	NULL	7	Passive
NULL	2032	2025-07-31	6	10	7	Detractor
NULL	2032	2026-01-31	4	4	10	Detractor
NULL	2032	2026-04-30	8	9	5	Passive
NULL	2033	2025-01-31	10	10	9	Promoter
NULL	2033	04/30/2025	9	10	3	Passive
NULL	2033	2025-07-31	7	6	9	Detractor
NULL	2033	2026-01-31	10	9	6	Promoter
NULL	2033	2026-04-30	7	6	NULL	Promoter
NULL	2033	2026-07-31	10	7	7	Promoter
NULL	2034	2024-07-31	6	5	8	Detractor
NULL	2034	2024-10-31	6	NULL	8	Detractor
NULL	2034	2025-01-31	5	NULL	6	Passive
NULL	2034	2025-07-31	2	5	9	Passive
NULL	2034	10/31/2025	5	5	4	Detractor
NULL	2034	2026-01-31	7	3	10	Promoter
NULL	2034	2026-04-30	2	2	5	Passive
NULL	2035	2024-04-30	1	1	1	Detractor
NULL	2035	2024-07-31	3	9	1	Promoter
NULL	2035	2025-01-31	6	1	1	Passive
NULL	2035	2025-04-30	1	2	4	Detractor
NULL	2035	2025-07-31	1	1	2	Detractor
NULL	2035	2025-10-31	3	1	1	Detractor
NULL	2035	2026-04-30	5	1	4	Detractor
NULL	2035	2026-07-31	6	4	10	Promoter
NULL	2036	2026-07-31	7	8	8	Promoter
NULL	2037	2024-10-31	6	2	1	Passive
NULL	2037	2025-04-30	6	7	6	Detractor
NULL	2037	2025-07-31	6	7	6	Passive
NULL	2037	2025-10-31	5	6	4	Promoter
NULL	2037	2026-01-31	8	7	1	Passive
NULL	2037	2026-04-30	7	6	6	Detractor
NULL	2037	2026-07-31	6	6	4	Passive
NULL	2040	2024-04-30	10	7	7	Promoter
NULL	2040	2024-07-31	10	7	9	Passive
NULL	2040	2024-10-31	9	5	9	Promoter
NULL	2040	2025-04-30	10	8	9	Promoter
NULL	2040	2025-07-31	9	10	6	Promoter
NULL	2040	2025-10-31	10	10	5	Promoter
NULL	2040	2026-01-31	10	4	9	Promoter
NULL	2040	2026-04-30	9	9	9	Promoter
NULL	2040	2026-07-31	10	NULL	10	Promoter
NULL	2041	2025-01-31	4	6	6	Detractor
NULL	2041	2025-07-31	5	1	4	Detractor
NULL	2041	2026-04-30	4	1	1	Detractor
NULL	2041	2026-07-31	4	3	7	Detractor
NULL	2042	2024-01-31	8	8	2	Detractor
NULL	2042	2024-07-31	6	7	1	Detractor
NULL	2042	2024-10-31	7	5	1	Passive
NULL	2042	2025-01-31	5	8	3	Detractor
NULL	2042	2026-01-31	7	3	5	Passive
NULL	2042	2026-04-30	6	5	6	Promoter
NULL	2043	2026-01-31	9	6	10	Promoter
NULL	2043	2026-07-31	7	6	3	Detractor
NULL	2044	2025-01-31	6	6	9	Passive
NULL	2044	2025-04-30	2	NULL	2	Detractor
NULL	2044	2025-07-31	4	2	3	Passive
NULL	2045	2024-04-30	7	5	4	Passive
NULL	2045	2024-10-31	6	8	6	Detractor
NULL	2045	2025-01-31	9	NULL	1	Promoter
NULL	2045	2025-04-30	5	10	6	Detractor
NULL	2045	2025-10-31	8	7	6	Detractor
NULL	2046	2024-01-31	3	6	7	Detractor
NULL	2047	2024-04-30	10	10	10	Promoter
NULL	2047	2024-07-31	10	10	NULL	Promoter
NULL	2047	2024-10-31	10	8	10	Promoter
NULL	2047	2025-01-31	9	5	8	Promoter
NULL	2047	2025-10-31	10	10	8	Promoter
NULL	2047	2026-01-31	9	5	4	Passive
NULL	2047	2026-04-30	10	8	10	Promoter
NULL	2047	2026-07-31	8	7	5	Passive
NULL	2048	2024-01-31	5	1	1	Detractor
NULL	2048	2024-04-30	4	2	1	Detractor
NULL	2048	2024-07-31	1	4	4	Detractor
NULL	2048	2025-01-31	5	3	4	Detractor
NULL	2048	2025-07-31	1	6	2	Detractor
NULL	2048	2026-07-31	2	1	2	Detractor
NULL	2049	2026-04-30	10	2	3	Promoter
NULL	2049	2026-07-31	8	6	9	Passive
NULL	2050	2025-10-31	4	2	NULL	Detractor
NULL	2050	2026-04-30	4	4	1	Detractor
NULL	2050	2026-07-31	4	5	7	Detractor
NULL	2051	2026-07-31	9	4	8	Promoter
NULL	2052	2024-01-31	4	9	4	Detractor
NULL	2052	2024-04-30	5	7	1	Detractor
NULL	2052	2024-07-31	5	4	3	Detractor
NULL	2052	2024-10-31	5	5	8	Detractor
NULL	2052	01/31/2025	2	2	2	Detractor
NULL	2052	2025-10-31	5	8	1	Detractor
NULL	2052	2026-01-31	5	8	5	Detractor
NULL	2052	2026-04-30	8	7	6	Passive
NULL	2052	2026-07-31	10	4	4	Promoter
NULL	2053	2024-04-30	6	8	6	Passive
NULL	2053	2024-07-31	6	8	8	Detractor
NULL	2053	2024-10-31	4	6	3	Passive
NULL	2053	2025-01-31	5	6	5	Detractor
NULL	2053	2025-04-30	6	7	8	Detractor
NULL	2053	2025-07-31	8	1	1	Passive
NULL	2053	2025-10-31	9	6	NULL	Detractor
NULL	2053	2026-01-31	10	3	7	Promoter
NULL	2053	2026-04-30	7	4	5	Passive
NULL	2054	2025-07-31	6	3	2	Detractor
NULL	2054	2025-10-31	7	4	6	Passive
NULL	2054	2026-07-31	10	10	9	Promoter
NULL	2055	2024-01-31	7	3	5	Passive
NULL	2055	2024-04-30	5	4	10	Promoter
NULL	2055	2024-10-31	4	5	3	Detractor
NULL	2055	2025-01-31	8	5	9	Promoter
NULL	2055	2025-10-31	7	2	8	Promoter
NULL	2055	2026-01-31	7	8	5	Passive
NULL	2055	2026-04-30	6	6	6	Detractor
NULL	2056	2026-07-31	10	7	2	Promoter
NULL	2057	2024-01-31	6	8	1	Detractor
NULL	2057	2024-10-31	5	5	7	Passive
NULL	2058	2024-01-31	8	6	1	Passive
NULL	2058	2024-04-30	6	3	9	Detractor
NULL	2058	2024-07-31	4	3	8	Detractor
NULL	2058	2025-01-31	5	8	6	Detractor
NULL	2058	07/31/2025	7	8	4	Promoter
NULL	2058	2025-10-31	7	4	7	Passive
NULL	2058	2026-04-30	10	4	4	Promoter
NULL	2058	2026-07-31	5	1	6	Detractor
NULL	2059	2024-01-31	9	6	6	Promoter
NULL	2059	2024-04-30	7	1	8	Passive
NULL	2059	2024-07-31	7	6	7	Passive
NULL	2059	2024-10-31	4	5	3	Detractor
NULL	2059	2025-01-31	6	7	6	Passive
NULL	2059	2025-07-31	7	4	8	Detractor
NULL	2059	2025-10-31	7	2	8	Passive
NULL	2060	2025-01-31	8	4	2	Promoter
NULL	2060	2025-04-30	7	2	6	Promoter
NULL	2060	2025-07-31	6	7	3	Detractor
NULL	2060	2025-10-31	7	8	7	Passive
NULL	2060	2026-07-31	7	6	10	Promoter
NULL	2061	2024-04-30	5	5	10	Detractor
NULL	2061	2025-01-31	7	7	7	Promoter
NULL	2061	2025-04-30	6	9	6	Detractor
NULL	2061	2025-10-31	6	5	2	Passive
NULL	2061	2026-01-31	5	5	5	Passive
NULL	2061	2026-07-31	9	4	9	Passive
NULL	2062	2024-01-31	4	8	3	Detractor
NULL	2062	2024-04-30	5	3	4	Promoter
NULL	2062	2024-07-31	7	4	6	Passive
NULL	2062	2024-10-31	6	4	7	Detractor
NULL	2062	2025-01-31	6	7	5	Passive
NULL	2062	2025-07-31	6	NULL	7	Detractor
NULL	2062	2025-10-31	4	7	2	Detractor
NULL	2062	2026-01-31	5	8	1	Detractor
NULL	2062	2026-04-30	5	4	7	Detractor
NULL	2064	2024-04-30	1	2	2	Passive
NULL	2065	2024-10-31	6	1	8	Passive
NULL	2065	01/31/2025	4	1	2	Detractor
NULL	2065	2025-04-30	3	4	5	Promoter
NULL	2065	2025-07-31	6	4	4	Detractor
NULL	2065	2025-10-31	7	3	4	Promoter
NULL	2065	2026-04-30	4	3	4	Detractor
NULL	2065	2026-07-31	2	5	7	Detractor
NULL	2066	2025-01-31	7	1	5	Passive
NULL	2066	2025-04-30	3	6	6	Detractor
NULL	2066	2025-07-31	2	1	3	Detractor
NULL	2066	2026-01-31	1	4	6	Passive
NULL	2067	2025-10-31	3	6	3	Detractor
NULL	2067	2026-01-31	4	7	7	Detractor
NULL	2067	07/31/2026	7	7	4	Passive
NULL	2068	01/31/2024	6	4	7	Detractor
NULL	2068	2024-04-30	4	4	2	Detractor
NULL	2068	2024-07-31	1	8	3	Detractor
NULL	2068	2024-10-31	6	7	4	Promoter
NULL	2068	2025-01-31	5	5	7	Detractor
NULL	2068	2025-04-30	7	7	3	Detractor
NULL	2068	2025-10-31	7	2	6	Passive
NULL	2068	2026-04-30	5	5	5	Detractor
NULL	2068	2026-07-31	5	2	4	Detractor
NULL	2069	2024-01-31	9	6	NULL	Promoter
NULL	2069	2024-04-30	9	8	6	Promoter
NULL	2069	2024-07-31	10	5	10	Promoter
NULL	2069	2024-10-31	10	10	9	Promoter
NULL	2069	2025-01-31	10	10	10	Promoter
NULL	2069	2025-04-30	10	8	7	Promoter
NULL	2069	2025-07-31	10	8	10	Passive
NULL	2069	2025-10-31	10	10	8	Promoter
NULL	2069	2026-01-31	10	8	10	Promoter
NULL	2069	2026-04-30	10	10	9	Promoter
NULL	2069	2026-07-31	8	10	10	Promoter
NULL	2071	2026-01-31	6	10	9	Detractor
NULL	2071	2026-04-30	5	6	10	Detractor
NULL	2071	2026-07-31	9	8	10	Promoter
NULL	2072	01/31/2024	9	8	2	Promoter
NULL	2072	2024-10-31	8	8	10	Promoter
NULL	2072	2025-04-30	6	3	NULL	Detractor
NULL	2072	2025-07-31	6	7	NULL	Passive
NULL	2073	2024-04-30	5	3	10	Detractor
NULL	2073	2024-07-31	4	4	5	Detractor
NULL	2073	2024-10-31	9	6	6	Promoter
NULL	2073	2025-01-31	5	5	6	Promoter
NULL	2073	04/30/2025	3	5	4	Passive
NULL	2073	2025-10-31	4	8	1	Passive
NULL	2073	2026-04-30	9	10	6	Promoter
NULL	2073	2026-07-31	7	5	4	Detractor
NULL	2074	2024-04-30	1	3	6	Detractor
NULL	2074	2024-07-31	1	4	3	Detractor
NULL	2074	2024-10-31	4	5	1	Detractor
NULL	2074	2025-04-30	4	3	1	Detractor
NULL	2074	2025-07-31	1	4	5	Detractor
NULL	2074	2026-01-31	2	2	3	Passive
NULL	2074	2026-04-30	3	2	2	Detractor
NULL	2074	2026-07-31	1	4	7	Detractor
NULL	2075	2024-01-31	2	4	1	Detractor
NULL	2075	2024-04-30	3	3	NULL	Passive
NULL	2075	2024-07-31	2	1	1	Promoter
NULL	2075	2025-01-31	1	1	1	Detractor
NULL	2075	2025-04-30	4	2	2	Passive
NULL	2075	2025-07-31	1	2	2	Detractor
NULL	2075	2025-10-31	4	5	4	Promoter
NULL	2075	2026-04-30	5	10	4	Detractor
NULL	2075	2026-07-31	6	5	1	Detractor
NULL	2077	2024-01-31	10	9	7	Promoter
NULL	2077	2024-04-30	10	10	8	Promoter
NULL	2077	2024-10-31	10	10	3	Promoter
NULL	2077	2025-01-31	10	7	10	Promoter
NULL	2077	2025-07-31	8	10	7	Detractor
NULL	2077	2026-01-31	9	9	7	Promoter
NULL	2078	2024-01-31	3	6	7	Detractor
NULL	2078	2024-04-30	4	6	2	Detractor
NULL	2078	2024-07-31	5	7	3	Passive
NULL	2078	2024-10-31	3	1	1	Detractor
NULL	2078	2025-01-31	3	5	6	Passive
NULL	2078	2025-04-30	6	8	8	Detractor
NULL	2078	2025-07-31	6	4	1	Detractor
NULL	2078	2025-10-31	7	3	4	Passive
NULL	2078	2026-01-31	5	5	9	Detractor
NULL	2078	2026-04-30	6	7	5	Detractor
NULL	2079	2024-04-30	3	2	1	Detractor
NULL	2079	2024-10-31	5	3	3	Detractor
NULL	2079	2025-01-31	5	7	4	Detractor
NULL	2079	2025-04-30	5	3	6	Detractor
NULL	2079	2025-07-31	5	5	3	Passive
NULL	2079	2025-10-31	4	8	5	Detractor
NULL	2079	2026-04-30	4	2	4	Passive
NULL	2079	2026-07-31	6	2	3	Detractor
NULL	2080	2024-07-31	5	4	1	Passive
NULL	2080	2025-01-31	3	5	1	Detractor
NULL	2081	2024-10-31	3	6	7	Detractor
NULL	2081	2025-01-31	7	3	5	Passive
NULL	2081	2025-07-31	6	4	10	Detractor
NULL	2081	2026-04-30	7	6	10	Promoter
NULL	2081	2026-07-31	4	3	3	Detractor
NULL	2082	2025-01-31	6	4	5	Detractor
NULL	2082	2025-04-30	5	5	3	Passive
NULL	2082	2025-10-31	9	5	1	Promoter
NULL	2082	2026-01-31	8	3	7	Detractor
NULL	2082	2026-07-31	6	8	8	Passive
NULL	2083	2024-10-31	4	9	3	Detractor
NULL	2083	2025-07-31	5	8	7	Detractor
NULL	2083	2025-10-31	10	4	1	Passive
NULL	2083	2026-01-31	10	5	3	Promoter
NULL	2083	2026-04-30	7	8	10	Passive
NULL	2083	2026-07-31	7	7	4	Promoter
NULL	2084	2024-01-31	5	6	8	Detractor
NULL	2084	2024-07-31	6	6	1	Detractor
NULL	2084	2025-07-31	3	4	2	Promoter
NULL	2084	2025-10-31	8	4	6	Passive
NULL	2084	2026-04-30	7	5	6	Promoter
NULL	2084	2026-07-31	3	8	1	Promoter
NULL	2085	2026-07-31	6	8	9	Detractor
NULL	2086	2024-01-31	7	1	8	Detractor
NULL	2086	2024-04-30	6	5	5	Passive
NULL	2086	2024-07-31	9	6	8	Promoter
NULL	2086	2024-10-31	10	5	9	Promoter
NULL	2086	2025-01-31	9	10	6	Detractor
NULL	2086	2025-04-30	7	10	3	Passive
NULL	2086	2025-07-31	5	8	4	Passive
NULL	2086	2025-10-31	2	7	8	Detractor
NULL	2086	2026-01-31	5	9	6	Detractor
NULL	2086	2026-04-30	8	6	4	Promoter
NULL	2086	2026-07-31	10	10	4	Promoter
NULL	2087	2024-04-30	7	9	5	Promoter
NULL	2087	2024-10-31	5	9	6	Promoter
NULL	2087	2025-01-31	8	2	1	Detractor
NULL	2087	2025-04-30	10	5	4	Passive
NULL	2087	2025-07-31	10	5	10	Promoter
NULL	2087	2025-10-31	6	10	7	Detractor
NULL	2087	2026-07-31	7	5	5	Promoter
NULL	2088	2024-01-31	1	4	1	Detractor
NULL	2088	2024-04-30	1	4	1	Detractor
NULL	2088	2024-07-31	1	2	1	Detractor
NULL	2088	2024-10-31	1	3	1	Passive
NULL	2088	2025-01-31	2	4	1	Detractor
NULL	2088	2025-04-30	2	1	1	Detractor
NULL	2088	2026-04-30	1	2	1	Passive
NULL	2088	2026-07-31	3	1	1	Detractor
NULL	2089	2024-01-31	2	7	7	Detractor
NULL	2089	2024-04-30	6	6	7	Passive
NULL	2089	2024-10-31	5	9	3	Detractor
NULL	2089	2025-01-31	7	2	7	Detractor
NULL	2089	2025-04-30	8	8	NULL	Passive
NULL	2089	2025-07-31	3	7	5	Detractor
NULL	2089	2026-07-31	4	NULL	8	Detractor
NULL	2090	2025-07-31	2	1	4	Detractor
NULL	2090	2025-10-31	4	5	2	Detractor
NULL	2090	2026-04-30	3	1	6	Detractor
NULL	2090	2026-07-31	1	6	6	Passive
NULL	2091	2024-07-31	10	10	10	Promoter
NULL	2091	2024-10-31	10	6	8	Promoter
NULL	2091	2025-01-31	7	10	7	Promoter
NULL	2091	2025-04-30	10	10	10	Detractor
NULL	2092	2024-01-31	6	1	5	Detractor
NULL	2092	2024-04-30	4	3	2	Detractor
NULL	2092	2024-07-31	4	5	5	Passive
NULL	2092	2025-01-31	5	8	2	Detractor
NULL	2092	2025-04-30	5	4	10	Passive
NULL	2092	2025-07-31	5	6	5	Detractor
NULL	2092	2025-10-31	1	3	3	Detractor
NULL	2092	2026-01-31	3	4	8	Passive
NULL	2092	2026-04-30	6	NULL	5	Promoter
NULL	2092	2026-07-31	1	5	6	Detractor
NULL	2093	2024-01-31	1	3	4	Detractor
NULL	2093	2024-04-30	4	3	4	Detractor
NULL	2094	2024-01-31	1	2	7	Detractor
NULL	2094	2024-10-31	2	1	1	Promoter
NULL	2094	2025-01-31	3	5	4	Detractor
NULL	2094	2025-10-31	4	1	2	Detractor
NULL	2094	2026-01-31	1	5	3	Passive
NULL	2094	2026-04-30	2	1	2	Passive
NULL	2094	2026-07-31	2	4	3	Detractor
NULL	2095	2026-07-31	2	6	6	Detractor
NULL	2097	2024-04-30	6	1	4	Detractor
NULL	2097	2024-07-31	3	9	6	Detractor
NULL	2097	2024-10-31	5	9	8	Passive
NULL	2097	2025-01-31	3	4	3	Detractor
NULL	2097	2025-07-31	4	4	7	Passive
NULL	2097	2026-01-31	7	NULL	7	Passive
NULL	2097	2026-04-30	8	5	6	Passive
NULL	2098	2025-10-31	5	6	2	Detractor
NULL	2098	2026-01-31	8	2	4	Passive
NULL	2098	2026-04-30	9	4	4	Promoter
NULL	2099	2024-01-31	3	2	6	Detractor
NULL	2099	2024-04-30	6	2	4	Passive
NULL	2099	2024-07-31	5	5	1	Passive
NULL	2099	2025-01-31	6	4	7	Detractor
NULL	2099	2025-04-30	3	6	5	Detractor
NULL	2099	2025-07-31	6	9	6	Detractor
NULL	2099	2025-10-31	5	10	1	Detractor
NULL	2099	2026-04-30	7	6	4	Passive
NULL	2100	2024-04-30	10	8	7	Promoter
NULL	2100	2024-07-31	10	8	10	Promoter
NULL	2100	2024-10-31	10	10	7	Passive
NULL	2100	2025-01-31	9	NULL	6	Promoter
NULL	2100	2025-04-30	10	7	8	Promoter
NULL	2100	2025-07-31	10	9	8	Promoter
NULL	2100	2025-10-31	10	10	8	Promoter
NULL	2100	2026-01-31	9	9	8	Promoter
NULL	2100	2026-04-30	10	6	6	Promoter
NULL	2100	2026-07-31	10	9	10	Promoter
NULL	2102	2024-01-31	9	8	2	Promoter
NULL	2102	2024-07-31	6	7	6	Detractor
NULL	2102	2025-04-30	7	5	2	Passive
NULL	2102	2025-07-31	10	4	10	Passive
NULL	2102	2025-10-31	7	4	3	Detractor
NULL	2102	2026-07-31	8	8	7	Passive
NULL	2103	2024-04-30	6	8	4	Detractor
NULL	2103	2024-07-31	8	9	8	Promoter
NULL	2103	2024-10-31	8	10	6	Passive
NULL	2103	2025-01-31	5	10	10	Passive
NULL	2103	2025-04-30	10	9	9	Promoter
NULL	2103	2025-07-31	8	10	4	Promoter
NULL	2103	2025-10-31	9	8	10	Promoter
NULL	2103	2026-04-30	7	7	NULL	Passive
NULL	2103	2026-07-31	6	7	9	Detractor
NULL	2104	2026-01-31	9	6	3	Promoter
NULL	2104	2026-04-30	8	10	3	Passive
NULL	2104	2026-07-31	7	4	4	Passive
NULL	2105	2024-04-30	5	5	6	Passive
NULL	2105	2026-01-31	3	4	1	Detractor
NULL	2105	2026-04-30	4	4	4	Detractor
NULL	2105	2026-07-31	4	5	5	Passive
NULL	2107	2026-04-30	3	7	9	Detractor
NULL	2107	07/31/2026	5	8	5	Passive
NULL	2109	2024-01-31	1	1	1	Detractor
NULL	2109	2024-07-31	2	1	2	Passive
NULL	2109	2024-10-31	1	2	1	Detractor
NULL	2109	2025-01-31	1	1	NULL	Detractor
NULL	2109	2025-04-30	4	4	1	Passive
NULL	2109	2025-07-31	1	3	1	Detractor
NULL	2109	2025-10-31	4	1	3	Detractor
NULL	2110	2024-01-31	9	7	5	Passive
NULL	2110	2024-04-30	5	5	6	Detractor
NULL	2110	2024-07-31	1	8	5	Detractor
NULL	2110	2024-10-31	7	8	6	Passive
NULL	2110	2025-10-31	8	10	1	Passive
NULL	2110	2026-01-31	5	5	5	Detractor
NULL	2110	2026-04-30	10	2	1	Promoter
NULL	2110	2026-07-31	7	6	1	Passive
NULL	2111	2025-01-31	6	5	5	Passive
NULL	2111	2025-10-31	7	10	2	Passive
NULL	2111	2026-01-31	8	3	7	Promoter
NULL	2112	2025-10-31	6	5	6	Passive
NULL	2112	2026-04-30	5	5	3	Detractor
NULL	2112	2026-07-31	6	3	1	Detractor
NULL	2113	2024-01-31	10	9	5	Promoter
NULL	2113	2024-07-31	5	3	10	Detractor
NULL	2113	2024-10-31	7	9	8	Passive
NULL	2113	2025-01-31	6	8	9	Passive
NULL	2113	2025-04-30	6	8	1	Detractor
NULL	2113	2025-07-31	8	NULL	5	Promoter
NULL	2113	2025-10-31	3	9	6	Passive
NULL	2113	2026-01-31	6	8	8	Detractor
NULL	2113	2026-04-30	7	7	10	Passive
NULL	2114	2024-01-31	6	3	5	Detractor
NULL	2114	04/30/2024	4	4	5	Detractor
NULL	2114	2024-07-31	3	3	6	Detractor
NULL	2114	2024-10-31	6	5	3	Detractor
NULL	2114	2025-01-31	6	6	7	Detractor
NULL	2114	2025-04-30	6	6	1	Promoter
NULL	2114	2025-10-31	3	10	7	Detractor
NULL	2114	2026-01-31	4	4	5	Detractor
NULL	2114	2026-04-30	8	5	5	Passive
NULL	2115	2024-04-30	6	4	4	Detractor
NULL	2115	2024-07-31	6	8	6	Promoter
NULL	2115	2024-10-31	5	6	7	Passive
NULL	2115	2025-04-30	9	7	6	Promoter
NULL	2115	2026-04-30	5	3	4	Passive
NULL	2115	2026-07-31	6	4	9	Detractor
NULL	2116	2024-04-30	4	9	6	Detractor
NULL	2116	2024-07-31	5	8	4	Detractor
NULL	2116	2024-10-31	9	4	6	Promoter
NULL	2116	2025-01-31	7	10	3	Passive
NULL	2116	2025-04-30	7	4	6	Passive
NULL	2116	2026-04-30	8	8	10	Passive
NULL	2118	2024-07-31	5	6	4	Detractor
NULL	2118	2025-01-31	6	10	2	Detractor
NULL	2118	2025-07-31	6	NULL	4	Detractor
NULL	2118	2025-10-31	3	2	6	Detractor
NULL	2118	2026-01-31	7	6	2	Passive
NULL	2118	2026-07-31	4	5	5	Detractor
NULL	2119	2024-10-31	10	6	6	Passive
NULL	2119	2025-01-31	6	7	7	Detractor
NULL	2119	2025-10-31	8	5	7	Promoter
NULL	2119	2026-04-30	7	9	2	Passive
NULL	2119	2026-07-31	6	8	5	Detractor
NULL	2122	2026-01-31	9	6	4	Promoter
NULL	2122	2026-07-31	10	NULL	3	Promoter
NULL	2123	2025-07-31	10	6	10	Promoter
NULL	2123	2026-04-30	10	8	10	Passive
NULL	2123	2026-07-31	9	9	10	Detractor
NULL	2124	2024-10-31	1	3	6	Detractor
NULL	2124	2025-01-31	5	9	8	Detractor
NULL	2124	2025-07-31	5	1	2	Passive
NULL	2124	2025-10-31	3	4	1	Detractor
NULL	2124	2026-07-31	5	1	1	Promoter
NULL	2125	2025-04-30	4	7	1	Passive
NULL	2125	2025-10-31	3	2	9	Promoter
NULL	2125	2026-04-30	5	4	8	Promoter
NULL	2125	2026-07-31	6	6	2	Passive
NULL	2126	2025-04-30	5	5	6	Detractor
NULL	2126	2025-07-31	5	5	NULL	Passive
NULL	2126	2025-10-31	7	1	6	Promoter
NULL	2126	01/31/2026	4	4	NULL	Detractor
NULL	2126	2026-07-31	6	7	5	Detractor
NULL	2127	2026-01-31	4	1	6	Detractor
NULL	2127	2026-04-30	5	2	3	Detractor
NULL	2128	2024-01-31	5	4	6	Passive
NULL	2128	2024-04-30	7	5	5	Passive
NULL	2128	2024-10-31	5	4	3	Passive
NULL	2128	2025-04-30	5	2	7	Detractor
NULL	2128	2025-07-31	6	5	5	Detractor
NULL	2128	2025-10-31	5	1	5	Detractor
NULL	2128	2026-04-30	4	7	4	Detractor
NULL	2128	2026-07-31	7	5	5	Passive
NULL	2129	2024-04-30	5	3	6	Detractor
NULL	2129	2024-07-31	4	5	1	Detractor
NULL	2129	2024-10-31	6	4	2	Detractor
NULL	2129	2025-10-31	10	5	6	Passive
NULL	2129	2026-01-31	3	5	7	Promoter
NULL	2129	2026-04-30	6	3	6	Detractor
NULL	2129	2026-07-31	4	8	6	Detractor
NULL	2130	2024-04-30	9	NULL	4	Promoter
NULL	2130	2024-07-31	8	10	8	Passive
NULL	2130	2025-01-31	8	6	5	Promoter
NULL	2130	2025-04-30	6	6	9	Detractor
NULL	2130	2025-07-31	9	8	9	Promoter
NULL	2130	2025-10-31	10	7	7	Promoter
NULL	2130	2026-01-31	7	4	4	Promoter
NULL	2130	2026-07-31	5	8	10	Detractor
NULL	2131	2024-04-30	5	6	2	Detractor
NULL	2131	2024-07-31	4	1	7	Passive
NULL	2131	2024-10-31	1	3	3	Detractor
NULL	2131	2025-01-31	4	NULL	6	Detractor
NULL	2131	2025-04-30	4	1	5	Detractor
NULL	2131	2025-07-31	4	5	5	Detractor
NULL	2131	2025-10-31	6	1	2	Passive
NULL	2131	2026-01-31	4	NULL	5	Detractor
NULL	2131	2026-04-30	7	5	NULL	Promoter
NULL	2131	2026-07-31	4	3	6	Detractor
NULL	2132	2024-01-31	3	4	5	Passive
NULL	2132	2024-04-30	4	NULL	7	Detractor
NULL	2132	2024-07-31	6	1	3	Detractor
NULL	2132	2024-10-31	3	1	2	Detractor
NULL	2132	2025-01-31	3	NULL	4	Detractor
NULL	2132	2025-04-30	5	5	8	Detractor
NULL	2133	2026-04-30	7	7	5	Detractor
NULL	2133	2026-07-31	7	6	9	Passive
NULL	2134	2024-04-30	5	4	6	Detractor
NULL	2134	2024-07-31	6	NULL	10	Passive
NULL	2134	2024-10-31	3	3	3	Detractor
NULL	2134	2025-01-31	6	7	8	Detractor
NULL	2134	2026-01-31	4	3	7	Detractor
NULL	2134	2026-07-31	4	8	4	Passive
NULL	2135	2024-04-30	8	10	10	Promoter
NULL	2135	2024-07-31	5	6	4	Passive
NULL	2135	2024-10-31	9	4	7	Passive
NULL	2135	2025-04-30	7	10	8	Passive
NULL	2135	2025-07-31	7	NULL	9	Detractor
NULL	2135	2025-10-31	4	7	4	Detractor
NULL	2136	2025-04-30	2	8	2	Passive
NULL	2136	2025-07-31	5	1	5	Detractor
NULL	2136	2025-10-31	4	3	10	Detractor
NULL	2136	2026-07-31	5	2	4	Passive
NULL	2137	2024-07-31	8	5	5	Promoter
NULL	2137	2024-10-31	2	1	3	Detractor
NULL	2137	2025-04-30	7	7	1	Passive
NULL	2137	2025-07-31	3	2	5	Detractor
NULL	2137	2025-10-31	8	7	1	Passive
NULL	2137	2026-01-31	2	4	7	Passive
NULL	2137	2026-04-30	4	4	6	Detractor
NULL	2137	2026-07-31	4	2	2	Passive
NULL	2138	2024-01-31	8	6	6	Promoter
NULL	2138	2024-04-30	6	5	6	Detractor
NULL	2138	2024-07-31	10	4	8	Promoter
NULL	2138	2024-10-31	10	9	7	Promoter
NULL	2138	2025-07-31	5	2	10	Detractor
NULL	2138	2026-01-31	9	5	9	Promoter
NULL	2138	2026-04-30	8	6	6	Promoter
NULL	2138	2026-07-31	10	8	10	Promoter
NULL	2139	2024-01-31	10	7	10	Promoter
NULL	2139	2024-04-30	6	8	10	Passive
NULL	2139	07/31/2024	7	10	6	Promoter
NULL	2139	2025-01-31	6	NULL	6	Detractor
NULL	2139	2025-04-30	9	8	4	Promoter
NULL	2139	2026-04-30	6	5	7	Promoter
NULL	2139	2026-07-31	8	5	6	Passive
NULL	2140	2024-10-31	7	10	4	Detractor
NULL	2140	2025-04-30	8	5	10	Passive
NULL	2140	2025-07-31	8	7	10	Passive
NULL	2140	2025-10-31	10	7	7	Promoter
NULL	2140	2026-01-31	10	10	9	Promoter
NULL	2140	2026-04-30	10	8	8	Promoter
NULL	2140	2026-07-31	5	8	10	Detractor
NULL	2141	2024-01-31	10	NULL	2	Promoter
NULL	2141	2025-01-31	5	7	4	Detractor
NULL	2141	2025-04-30	7	7	8	Promoter
NULL	2141	2025-07-31	9	9	1	Promoter
NULL	2141	2025-10-31	8	4	3	Passive
NULL	2141	2026-01-31	7	7	3	Promoter
NULL	2141	2026-04-30	9	7	8	Promoter
NULL	2142	2026-07-31	1	2	4	Detractor
NULL	2143	2024-01-31	5	9	6	Detractor
NULL	2143	2024-04-30	4	9	2	Passive
NULL	2143	2024-07-31	4	6	5	Passive
NULL	2143	2024-10-31	6	4	5	Passive
NULL	2143	2025-01-31	9	5	7	Promoter
NULL	2143	2025-04-30	6	6	8	Promoter
NULL	2143	10/31/2025	7	8	3	Passive
NULL	2144	2024-01-31	5	1	4	Detractor
NULL	2144	2024-07-31	2	7	2	Detractor
NULL	2144	2024-10-31	3	6	4	Detractor
NULL	2144	2025-01-31	6	1	1	Detractor
NULL	2144	2025-07-31	6	2	8	Detractor
NULL	2144	2025-10-31	5	1	5	Detractor
NULL	2144	04/30/2026	4	2	3	Detractor
NULL	2144	2026-07-31	1	5	1	Detractor
NULL	2145	2024-10-31	8	6	4	Passive
NULL	2145	2025-01-31	10	9	3	Passive
NULL	2145	2025-10-31	5	6	8	Detractor
NULL	2145	2026-01-31	5	5	2	Detractor
NULL	2145	2026-04-30	6	9	4	Detractor
NULL	2145	2026-07-31	6	9	7	Detractor
NULL	2146	2024-07-31	9	6	7	Promoter
NULL	2146	2025-07-31	9	7	7	Promoter
NULL	2147	2025-10-31	6	6	1	Detractor
NULL	2147	2026-01-31	4	2	6	Promoter
NULL	2147	2026-07-31	9	6	6	Promoter
NULL	2148	2025-01-31	5	7	8	Detractor
NULL	2148	2025-04-30	7	10	4	Passive
NULL	2148	2025-07-31	5	6	6	Detractor
NULL	2148	2025-10-31	5	7	5	Detractor
NULL	2148	2026-01-31	8	8	6	Passive
NULL	2148	2026-04-30	8	2	4	Promoter
NULL	2148	2026-07-31	7	5	6	Passive
NULL	2149	2024-01-31	1	4	3	Detractor
NULL	2149	2024-04-30	1	1	1	Detractor
NULL	2149	2024-07-31	1	4	1	Detractor
NULL	2149	2024-10-31	6	1	5	Detractor
NULL	2149	2025-01-31	5	2	4	Detractor
NULL	2149	2025-04-30	3	4	2	Detractor
NULL	2149	2025-07-31	2	1	7	Detractor
NULL	2149	2025-10-31	4	6	1	Detractor
NULL	2149	2026-01-31	4	4	4	Promoter
NULL	2149	2026-04-30	4	4	4	Promoter
NULL	2149	2026-07-31	1	1	3	Detractor
NULL	2150	2024-01-31	5	4	6	Passive
NULL	2150	2024-04-30	4	5	NULL	Detractor
NULL	2150	2024-07-31	5	2	7	Passive
NULL	2150	2024-10-31	6	6	5	Detractor
NULL	2150	2025-01-31	5	2	7	Detractor
NULL	2150	2025-04-30	7	8	4	Passive
NULL	2150	2025-10-31	5	1	8	Detractor
NULL	2151	2025-01-31	3	4	2	Detractor
NULL	2151	2025-04-30	3	1	2	Passive
NULL	2151	2025-07-31	8	NULL	8	Passive
NULL	2151	2026-01-31	4	3	1	Detractor
NULL	2151	2026-04-30	5	5	1	Detractor
NULL	2151	2026-07-31	4	1	5	Detractor
NULL	2152	2025-07-31	7	3	7	Passive
NULL	2152	2025-10-31	6	1	6	Passive
NULL	2152	2026-01-31	8	3	6	Passive
NULL	2152	2026-04-30	6	5	6	Detractor
NULL	2152	2026-07-31	6	7	8	Detractor
NULL	2153	2024-07-31	1	1	1	Detractor
NULL	2153	2024-10-31	1	3	2	Detractor
NULL	2153	2025-04-30	3	1	1	Promoter
NULL	2153	2025-10-31	1	1	4	Promoter
NULL	2153	2026-04-30	4	2	2	Detractor
NULL	2153	2026-07-31	1	3	NULL	Detractor
NULL	2154	2025-01-31	5	5	5	Detractor
NULL	2154	2025-04-30	6	5	8	Promoter
NULL	2154	2025-07-31	4	6	6	Passive
NULL	2154	2025-10-31	5	1	5	Detractor
NULL	2154	2026-01-31	5	7	5	Detractor
NULL	2155	2025-10-31	8	8	10	Promoter
NULL	2155	2026-01-31	8	6	2	Promoter
NULL	2155	2026-04-30	7	7	5	Passive
NULL	2155	2026-07-31	8	5	10	Passive
NULL	2156	2024-07-31	6	6	1	Detractor
NULL	2156	2025-04-30	9	3	5	Promoter
NULL	2156	2025-07-31	6	NULL	5	Detractor
NULL	2156	2026-04-30	2	1	4	Detractor
NULL	2157	2024-01-31	5	5	6	Detractor
NULL	2157	2024-04-30	4	4	1	Detractor
NULL	2157	2024-07-31	1	2	1	Detractor
NULL	2157	2024-10-31	4	2	4	Detractor
NULL	2158	2024-01-31	3	1	4	Detractor
NULL	2158	2024-07-31	5	5	2	Passive
NULL	2158	01/31/2025	5	1	2	Detractor
NULL	2158	2025-04-30	3	5	2	Detractor
NULL	2158	2025-07-31	6	4	2	Detractor
NULL	2158	2025-10-31	3	1	1	Detractor
NULL	2158	2026-01-31	1	3	3	Detractor
NULL	2158	2026-04-30	3	2	3	Detractor
NULL	2159	2025-10-31	6	3	1	Detractor
NULL	2159	2026-01-31	5	5	2	Passive
NULL	2159	2026-07-31	3	5	8	Passive
NULL	2160	2024-04-30	8	6	NULL	Detractor
NULL	2160	2025-01-31	7	9	6	Passive
NULL	2160	2025-04-30	6	8	2	Passive
NULL	2160	2025-07-31	6	7	5	Passive
NULL	2160	2026-01-31	9	7	10	Promoter
NULL	2161	2026-07-31	5	7	3	Detractor
NULL	2162	2025-10-31	10	6	7	Promoter
NULL	2162	2026-01-31	10	10	8	Promoter
NULL	2162	2026-04-30	10	6	4	Promoter
NULL	2162	2026-07-31	10	6	10	Promoter
NULL	2163	2024-01-31	8	5	6	Passive
NULL	2163	2024-07-31	8	10	7	Promoter
NULL	2163	2025-01-31	10	5	7	Promoter
NULL	2163	2025-04-30	8	10	9	Promoter
NULL	2163	2025-10-31	5	9	10	Detractor
NULL	2163	2026-01-31	10	5	10	Promoter
NULL	2163	2026-07-31	10	4	5	Promoter
NULL	2164	07/31/2024	5	7	4	Detractor
NULL	2164	2024-10-31	4	4	5	Passive
NULL	2164	2025-04-30	10	7	6	Promoter
NULL	2164	2025-07-31	9	9	10	Promoter
NULL	2164	2025-10-31	8	3	3	Passive
NULL	2164	2026-04-30	8	6	8	Passive
NULL	2164	2026-07-31	10	10	3	Passive
NULL	2165	2024-01-31	6	7	6	Passive
NULL	2165	2024-04-30	7	5	6	Promoter
NULL	2165	2024-07-31	10	8	7	Promoter
NULL	2165	2024-10-31	8	5	7	Detractor
NULL	2165	2025-01-31	8	5	2	Detractor
NULL	2165	2025-07-31	9	10	5	Promoter
NULL	2165	2025-10-31	7	10	5	Detractor
NULL	2165	2026-01-31	8	8	6	Passive
NULL	2165	2026-07-31	7	10	10	Passive
NULL	2166	2024-01-31	4	1	1	Detractor
NULL	2166	2024-04-30	5	2	5	Detractor
NULL	2166	2024-07-31	1	2	1	Detractor
NULL	2166	2024-10-31	2	3	1	Detractor
NULL	2166	01/31/2025	3	1	1	Detractor
NULL	2166	2025-04-30	1	1	1	Detractor
NULL	2166	2025-07-31	4	1	1	Detractor
NULL	2166	10/31/2025	4	2	3	Detractor
NULL	2166	2026-01-31	7	3	2	Detractor
NULL	2166	2026-07-31	1	3	3	Detractor
NULL	2167	01/31/2024	4	2	2	Detractor
NULL	2167	2024-04-30	3	4	4	Promoter
NULL	2167	2024-07-31	1	4	4	Detractor
NULL	2167	2025-01-31	3	4	2	Passive
NULL	2167	07/31/2025	2	NULL	4	Detractor
NULL	2167	2026-01-31	2	3	4	Passive
NULL	2167	2026-04-30	3	1	1	Detractor
NULL	2168	2024-01-31	4	6	6	Detractor
NULL	2168	2024-10-31	2	2	1	Detractor
NULL	2168	01/31/2025	5	5	3	Detractor
NULL	2168	2025-04-30	4	9	5	Promoter
NULL	2168	2025-07-31	4	4	1	Detractor
NULL	2168	2025-10-31	3	9	6	Passive
NULL	2168	2026-01-31	1	2	1	Detractor
NULL	2168	2026-04-30	3	5	2	Detractor
NULL	2169	2024-01-31	4	5	1	Detractor
NULL	2170	2024-01-31	4	7	5	Detractor
NULL	2170	2024-04-30	6	6	1	Detractor
NULL	2170	2024-07-31	6	9	NULL	Detractor
NULL	2170	2024-10-31	7	5	3	Promoter
NULL	2170	2025-01-31	7	4	7	Passive
NULL	2170	2025-04-30	10	4	6	Passive
NULL	2170	2025-07-31	7	6	3	Passive
NULL	2170	2025-10-31	4	5	1	Passive
NULL	2170	2026-01-31	6	5	2	Promoter
NULL	2170	2026-07-31	7	2	7	Promoter
NULL	2171	2024-01-31	3	2	1	Detractor
NULL	2171	2024-04-30	2	1	2	Detractor
NULL	2171	10/31/2024	1	3	1	Passive
NULL	2172	2024-01-31	6	5	7	Detractor
NULL	2172	2025-01-31	4	5	6	Detractor
NULL	2172	2025-04-30	6	5	6	Detractor
NULL	2172	2025-07-31	4	1	7	Detractor
NULL	2172	2025-10-31	3	6	4	Passive
NULL	2172	2026-01-31	4	5	10	Passive
NULL	2172	2026-04-30	4	6	5	Detractor
NULL	2172	2026-07-31	3	4	6	Detractor
NULL	2173	04/30/2025	2	5	8	Detractor
NULL	2173	2025-07-31	9	5	6	Promoter
NULL	2173	2025-10-31	7	7	5	Promoter
NULL	2173	2026-04-30	7	5	3	Promoter
NULL	2173	2026-07-31	8	8	4	Promoter
NULL	2174	2025-04-30	8	4	4	Passive
NULL	2174	2025-07-31	7	9	6	Passive
NULL	2174	2025-10-31	7	3	6	Promoter
NULL	2174	01/31/2026	6	8	10	Passive
NULL	2174	2026-07-31	7	3	9	Passive
NULL	2175	2024-10-31	6	4	1	Passive
NULL	2175	2025-04-30	8	4	3	Passive
NULL	2175	2025-07-31	6	5	NULL	Detractor
NULL	2175	2025-10-31	4	4	5	Passive
NULL	2175	2026-04-30	7	5	1	Detractor
NULL	2175	2026-07-31	6	4	9	Detractor
NULL	2176	2024-01-31	3	2	4	Passive
NULL	2176	2024-04-30	6	1	1	Detractor
NULL	2176	2024-07-31	3	5	2	Passive
NULL	2176	2024-10-31	3	7	2	Passive
NULL	2176	2025-01-31	4	3	1	Detractor
NULL	2176	2025-04-30	4	4	5	Detractor
NULL	2176	04/30/2026	5	2	6	Detractor
NULL	2176	2026-07-31	4	3	6	Detractor
NULL	2177	2024-01-31	3	7	3	Passive
NULL	2177	2024-10-31	6	1	5	Detractor
NULL	2177	2025-01-31	7	4	5	Promoter
NULL	2177	2025-04-30	6	5	5	Detractor
NULL	2177	2025-07-31	4	4	NULL	Detractor
NULL	2177	2025-10-31	5	6	NULL	Detractor
NULL	2177	2026-04-30	6	5	9	Detractor
NULL	2178	2024-04-30	3	7	8	Passive
NULL	2178	07/31/2024	5	9	8	Passive
NULL	2178	2025-01-31	5	3	9	Detractor
NULL	2178	2025-04-30	4	6	8	Passive
NULL	2178	2025-07-31	6	4	6	Detractor
NULL	2178	2025-10-31	5	2	2	Detractor
NULL	2179	2024-01-31	4	5	6	Detractor
NULL	2179	2024-04-30	7	6	NULL	Promoter
NULL	2180	2024-01-31	5	5	4	Detractor
NULL	2180	2024-07-31	5	2	1	Promoter
NULL	2180	2025-01-31	3	3	7	Detractor
NULL	2180	2025-07-31	3	7	4	Detractor
NULL	2180	2025-10-31	5	10	1	Passive
NULL	2180	2026-07-31	5	7	2	Detractor
NULL	2181	2024-04-30	5	3	3	Detractor
NULL	2181	2024-10-31	6	7	4	Passive
NULL	2181	2025-04-30	5	3	5	Detractor
NULL	2181	2025-10-31	7	4	3	Passive
NULL	2181	2026-01-31	5	6	4	Passive
NULL	2181	2026-04-30	3	4	6	Passive
NULL	2181	2026-07-31	6	1	3	Detractor
NULL	2182	2024-01-31	2	1	3	Detractor
NULL	2182	2024-04-30	1	1	3	Passive
NULL	2182	2024-07-31	4	1	5	Detractor
NULL	2182	2025-01-31	3	5	1	Passive
NULL	2183	2025-07-31	2	4	4	Passive
NULL	2183	2025-10-31	6	4	4	Detractor
NULL	2183	2026-07-31	4	4	2	Detractor
NULL	2184	2024-01-31	5	2	NULL	Passive
NULL	2184	2024-07-31	6	4	4	Detractor
NULL	2184	2024-10-31	2	6	1	Detractor
NULL	2184	2025-01-31	3	4	4	Detractor
NULL	2184	2025-04-30	3	3	NULL	Detractor
NULL	2184	2025-10-31	2	5	1	Detractor
NULL	2184	2026-04-30	5	3	1	Detractor
NULL	2184	2026-07-31	5	7	4	Passive
NULL	2186	2024-07-31	3	3	2	Detractor
NULL	2186	2024-10-31	2	5	NULL	Detractor
NULL	2186	2025-01-31	3	1	2	Promoter
NULL	2186	2025-04-30	1	1	5	Detractor
NULL	2186	2025-07-31	1	4	3	Detractor
NULL	2186	2025-10-31	6	4	4	Detractor
NULL	2186	2026-01-31	3	1	3	Passive
NULL	2186	2026-04-30	2	4	1	Detractor
NULL	2186	2026-07-31	5	2	1	Detractor
NULL	2188	2025-04-30	8	4	NULL	Promoter
NULL	2188	2025-07-31	4	4	8	Detractor
NULL	2188	2026-07-31	10	7	6	Promoter
NULL	2189	2024-01-31	6	4	8	Promoter
NULL	2189	2024-04-30	5	1	5	Detractor
NULL	2189	2024-07-31	10	4	3	Promoter
NULL	2189	2024-10-31	5	7	4	Detractor
NULL	2189	2025-01-31	8	6	4	Passive
NULL	2189	2025-04-30	8	9	4	Promoter
NULL	2189	2025-07-31	5	6	4	Detractor
NULL	2189	2026-01-31	3	5	6	Detractor
NULL	2189	2026-04-30	5	7	5	Passive
NULL	2189	2026-07-31	8	3	1	Promoter
NULL	2190	2024-07-31	6	6	6	Passive
NULL	2190	2024-10-31	7	6	8	Passive
NULL	2190	2025-07-31	6	6	7	Detractor
NULL	2190	2025-10-31	8	5	6	Promoter
NULL	2190	2026-01-31	7	3	9	Passive
NULL	2190	2026-04-30	9	5	5	Passive
NULL	2191	2024-10-31	7	1	4	Passive
NULL	2191	2025-01-31	5	4	6	Detractor
NULL	2191	2025-04-30	3	7	1	Passive
NULL	2191	2025-07-31	4	4	9	Passive
NULL	2191	2025-10-31	7	4	9	Promoter
NULL	2191	2026-01-31	4	3	3	Passive
NULL	2191	2026-04-30	4	9	4	Detractor
NULL	2191	2026-07-31	5	7	5	Passive
NULL	2192	2024-04-30	5	6	7	Detractor
NULL	2192	2024-07-31	7	6	3	Detractor
NULL	2192	2024-10-31	4	7	4	Detractor
NULL	2192	2025-01-31	8	7	7	Promoter
NULL	2192	2025-04-30	6	NULL	6	Detractor
NULL	2192	2025-10-31	6	5	7	Detractor
NULL	2192	2026-01-31	8	6	4	Passive
NULL	2192	2026-04-30	6	4	5	Detractor
NULL	2193	2025-04-30	1	1	4	Detractor
NULL	2193	2025-10-31	1	3	1	Detractor
NULL	2193	2026-01-31	1	1	1	Detractor
NULL	2193	2026-04-30	1	2	1	Detractor
NULL	2193	2026-07-31	1	4	1	Passive
NULL	2194	2025-01-31	4	8	1	Passive
NULL	2194	2025-04-30	5	1	4	Detractor
NULL	2194	2025-10-31	5	3	3	Detractor
NULL	2194	2026-01-31	1	2	5	Passive
NULL	2194	2026-07-31	4	3	5	Detractor
NULL	2195	2024-01-31	9	4	5	Passive
NULL	2195	2024-10-31	10	8	6	Promoter
NULL	2195	2025-01-31	10	10	5	Passive
NULL	2195	2025-04-30	9	10	9	Detractor
NULL	2195	2025-07-31	10	6	7	Promoter
NULL	2195	2025-10-31	7	6	8	Passive
NULL	2195	2026-01-31	9	10	5	Promoter
NULL	2195	2026-04-30	10	10	10	Promoter
NULL	2196	2024-01-31	4	1	4	Detractor
NULL	2196	2024-04-30	5	5	1	Detractor
NULL	2196	2024-07-31	7	1	3	Passive
NULL	2196	2024-10-31	1	2	1	Passive
NULL	2196	2025-01-31	4	4	1	Detractor
NULL	2196	2025-04-30	3	6	6	Detractor
NULL	2196	2025-07-31	4	3	4	Detractor
NULL	2196	2026-01-31	2	5	1	Detractor
NULL	2196	2026-04-30	5	3	6	Detractor
NULL	2196	2026-07-31	5	1	3	Detractor
NULL	2197	2024-01-31	5	2	3	Promoter
NULL	2197	2024-07-31	7	6	2	Passive
NULL	2197	2024-10-31	5	1	8	Detractor
NULL	2197	2025-01-31	2	1	6	Detractor
NULL	2197	2025-04-30	5	5	4	Detractor
NULL	2197	2025-07-31	4	3	3	Passive
NULL	2197	2025-10-31	5	2	2	Passive
NULL	2197	2026-01-31	2	6	NULL	Detractor
NULL	2197	2026-07-31	6	4	5	Detractor
NULL	2198	2024-04-30	9	8	4	Promoter
NULL	2198	2024-07-31	6	9	4	Detractor
NULL	2198	2024-10-31	3	1	8	Detractor
NULL	2198	2025-01-31	4	4	5	Detractor
NULL	2198	2025-04-30	8	3	5	Passive
NULL	2198	2025-07-31	6	7	6	Detractor
NULL	2198	2026-04-30	4	5	1	Detractor
NULL	2198	2026-07-31	5	3	5	Passive
NULL	2199	2024-10-31	1	10	4	Detractor
NULL	2199	2026-01-31	3	1	1	Passive
NULL	2199	2026-04-30	7	3	4	Passive
NULL	2199	2026-07-31	2	2	2	Detractor
NULL	2200	2024-01-31	8	9	8	Passive
NULL	2200	2024-04-30	8	1	8	Passive
NULL	2200	2024-07-31	8	4	10	Passive
NULL	2200	2024-10-31	10	4	10	Promoter
NULL	2200	2025-01-31	9	2	4	Promoter
NULL	2200	2025-07-31	7	8	8	Passive
NULL	2200	2026-07-31	5	6	10	Detractor
NULL	2201	2025-10-31	4	5	2	Passive
NULL	2201	2026-01-31	4	2	2	Detractor
NULL	2201	2026-07-31	5	4	7	Detractor
NULL	2202	2024-04-30	1	1	3	Detractor
NULL	2202	2024-07-31	6	3	1	Passive
NULL	2202	2025-01-31	2	3	4	Passive
NULL	2202	2025-04-30	3	4	6	Detractor
NULL	2202	2025-07-31	3	5	4	Detractor
NULL	2202	2025-10-31	3	6	3	Detractor
NULL	2202	2026-01-31	4	4	3	Passive
NULL	2202	2026-04-30	5	3	5	Detractor
NULL	2202	2026-07-31	3	1	4	Detractor
NULL	2203	2024-01-31	3	2	6	Promoter
NULL	2203	2024-04-30	8	3	10	Promoter
NULL	2203	2024-07-31	6	7	7	Passive
NULL	2203	2024-10-31	6	7	5	Detractor
NULL	2203	2025-01-31	7	5	3	Detractor
NULL	2203	2025-10-31	8	8	6	Detractor
NULL	2203	2026-07-31	7	8	6	Promoter
NULL	2204	2024-01-31	4	1	8	Detractor
NULL	2204	2024-04-30	3	3	1	Detractor
NULL	2204	2024-07-31	7	3	1	Passive
NULL	2204	2024-10-31	6	6	1	Detractor
NULL	2204	2025-01-31	3	4	3	Promoter
NULL	2204	2025-04-30	3	5	4	Detractor
NULL	2204	2025-07-31	5	5	NULL	Detractor
NULL	2204	2025-10-31	3	6	5	Detractor
NULL	2204	2026-04-30	5	8	7	Detractor
NULL	2204	2026-07-31	6	7	8	Passive
NULL	2205	2024-01-31	3	6	4	Passive
NULL	2205	2024-07-31	7	4	5	Passive
NULL	2205	2025-07-31	3	5	1	Detractor
NULL	2205	2025-10-31	5	6	6	Passive
NULL	2206	2026-07-31	7	8	4	Passive
NULL	2208	2026-01-31	9	7	9	Promoter
NULL	2208	2026-04-30	10	NULL	7	Promoter
NULL	2208	2026-07-31	8	8	10	Passive
NULL	2209	2024-01-31	1	4	1	Detractor
NULL	2209	2024-07-31	4	1	6	Detractor
NULL	2209	2024-10-31	6	NULL	1	Detractor
NULL	2209	2025-01-31	7	4	4	Detractor
NULL	2209	2025-04-30	1	4	7	Detractor
NULL	2209	2025-07-31	4	6	1	Detractor
NULL	2209	2026-01-31	6	4	4	Promoter
NULL	2209	2026-07-31	4	1	5	Detractor
NULL	2210	2025-10-31	6	6	8	Detractor
NULL	2210	2026-01-31	4	4	4	Detractor
NULL	2210	2026-07-31	5	8	5	Passive
NULL	2211	2026-01-31	10	9	5	Promoter
NULL	2211	2026-07-31	9	8	8	Promoter
NULL	2212	2024-01-31	5	4	2	Promoter
NULL	2212	2024-07-31	4	1	NULL	Passive
NULL	2212	2024-10-31	2	2	1	Detractor
NULL	2212	2025-01-31	4	3	2	Detractor
NULL	2212	2025-04-30	3	4	4	Promoter
NULL	2212	2025-07-31	6	7	6	Detractor
NULL	2212	2025-10-31	8	5	7	Passive
NULL	2212	2026-01-31	4	5	1	Promoter
NULL	2212	2026-04-30	4	1	2	Passive
NULL	2212	2026-07-31	2	NULL	5	Passive
NULL	2214	2024-01-31	9	3	8	Promoter
NULL	2215	2024-04-30	10	6	6	Promoter
NULL	2215	2026-04-30	9	10	10	Promoter
NULL	2215	2026-07-31	9	7	10	Promoter
NULL	2216	2024-01-31	5	9	5	Detractor
NULL	2216	2024-04-30	6	7	4	Passive
NULL	2216	2024-07-31	6	3	4	Detractor
NULL	2216	2025-01-31	8	2	6	Passive
NULL	2216	2025-07-31	6	2	2	Passive
NULL	2216	2026-04-30	6	4	3	Detractor
NULL	2219	2024-01-31	1	2	2	Detractor
NULL	2219	2024-04-30	3	2	1	Detractor
NULL	2219	2024-07-31	4	1	2	Detractor
NULL	2219	2025-04-30	5	4	2	Detractor
NULL	2219	2025-07-31	2	4	1	Detractor
NULL	2219	2025-10-31	3	1	1	Passive
NULL	2219	2026-01-31	3	NULL	1	Passive
NULL	2219	2026-07-31	1	4	2	Detractor
NULL	2220	2024-01-31	3	7	7	Detractor
NULL	2220	2024-07-31	7	4	7	Passive
NULL	2220	2024-10-31	8	4	2	Promoter
NULL	2220	2025-04-30	6	6	4	Passive
NULL	2220	2025-07-31	8	3	10	Passive
NULL	2220	2025-10-31	6	3	3	Detractor
NULL	2220	2026-01-31	4	2	5	Detractor
NULL	2220	2026-07-31	9	5	6	Promoter
NULL	2221	2025-07-31	8	5	4	Passive
NULL	2221	2026-01-31	8	6	8	Passive
NULL	2221	2026-04-30	4	4	6	Detractor
NULL	2221	2026-07-31	3	7	6	Detractor
NULL	2222	2026-04-30	10	6	6	Promoter
NULL	2222	2026-07-31	7	NULL	7	Promoter
NULL	2223	2025-04-30	7	7	6	Passive
NULL	2223	2025-07-31	4	7	8	Detractor
NULL	2223	2026-04-30	6	5	10	Promoter
NULL	2224	2026-07-31	3	1	4	Detractor
NULL	2225	2024-01-31	1	NULL	4	Promoter
NULL	2225	2024-07-31	3	3	3	Detractor
NULL	2225	2024-10-31	5	5	5	Detractor
NULL	2225	2025-01-31	6	7	2	Detractor
NULL	2225	2025-04-30	8	8	4	Passive
NULL	2225	2025-07-31	4	1	1	Detractor
NULL	2225	2025-10-31	7	3	7	Passive
NULL	2225	2026-01-31	7	1	5	Passive
NULL	2227	2024-04-30	9	9	6	Promoter
NULL	2227	2024-07-31	9	6	6	Promoter
NULL	2227	2025-01-31	8	7	9	Promoter
NULL	2227	2025-04-30	7	9	5	Detractor
NULL	2227	2025-07-31	8	7	4	Promoter
NULL	2227	2026-01-31	7	8	7	Detractor
NULL	2227	2026-04-30	6	4	3	Passive
NULL	2227	07/31/2026	8	4	4	Passive
NULL	2228	2025-10-31	9	4	6	Promoter
NULL	2228	2026-01-31	9	10	5	Promoter
NULL	2229	2025-07-31	9	4	7	Promoter
NULL	2230	2024-01-31	9	5	10	Promoter
NULL	2230	2024-04-30	5	10	5	Passive
NULL	2230	2024-07-31	8	9	NULL	Promoter
NULL	2230	2024-10-31	7	7	7	Passive
NULL	2230	2025-01-31	10	7	7	Promoter
NULL	2230	2025-04-30	8	9	6	Passive
NULL	2230	2025-07-31	7	5	2	Promoter
NULL	2230	2025-10-31	10	6	7	Promoter
NULL	2230	2026-01-31	9	8	9	Detractor
NULL	2230	2026-04-30	8	8	2	Passive
NULL	2230	2026-07-31	10	NULL	8	Promoter
NULL	2231	2024-01-31	7	5	5	Detractor
NULL	2231	2024-04-30	7	9	8	Detractor
NULL	2231	2024-07-31	9	7	4	Promoter
NULL	2231	2024-10-31	10	10	7	Promoter
NULL	2231	01/31/2025	10	10	8	Promoter
NULL	2231	2026-01-31	8	10	3	Promoter
NULL	2231	2026-04-30	10	9	4	Promoter
NULL	2232	01/31/2024	10	5	NULL	Promoter
NULL	2232	2024-04-30	10	7	1	Promoter
NULL	2232	2024-07-31	9	6	6	Promoter
NULL	2232	2024-10-31	9	10	9	Passive
NULL	2232	2025-01-31	10	10	7	Promoter
NULL	2232	04/30/2025	6	10	8	Detractor
NULL	2232	2025-07-31	10	7	8	Passive
NULL	2232	2026-04-30	9	NULL	7	Promoter
NULL	2232	2026-07-31	9	7	9	Promoter
NULL	2233	2026-07-31	7	2	6	Detractor
NULL	2234	2025-07-31	3	5	6	Detractor
NULL	2234	2025-10-31	5	4	9	Detractor
NULL	2234	2026-07-31	5	5	4	Detractor
NULL	2235	2026-07-31	2	7	6	Passive
NULL	2236	2024-01-31	9	7	8	Promoter
NULL	2236	2024-04-30	9	9	10	Promoter
NULL	2236	2024-07-31	10	7	4	Promoter
NULL	2236	2025-01-31	10	6	7	Promoter
NULL	2237	2024-01-31	7	8	6	Passive
NULL	2237	2024-04-30	8	8	8	Passive
NULL	2237	2024-07-31	7	5	6	Passive
NULL	2237	2024-10-31	8	7	6	Promoter
NULL	2237	2025-01-31	10	5	5	Promoter
NULL	2237	2025-04-30	9	4	3	Promoter
NULL	2237	2025-10-31	3	5	5	Passive
NULL	2237	2026-04-30	9	7	6	Promoter
NULL	2237	2026-07-31	7	8	7	Detractor
NULL	2238	2024-01-31	6	4	8	Detractor
NULL	2238	2024-07-31	7	8	9	Promoter
NULL	2238	2024-10-31	9	6	5	Passive
NULL	2238	2025-01-31	8	6	9	Passive
NULL	2238	2025-04-30	8	8	7	Detractor
NULL	2238	2025-07-31	10	9	6	Promoter
NULL	2238	2026-01-31	5	7	3	Detractor
NULL	2238	2026-04-30	5	2	2	Detractor
NULL	2239	2024-01-31	5	3	5	Passive
NULL	2239	2024-10-31	3	5	7	Detractor
NULL	2239	2025-01-31	5	1	8	Detractor
NULL	2239	2025-04-30	6	4	4	Passive
NULL	2239	2025-07-31	5	3	2	Detractor
NULL	2239	2025-10-31	5	1	4	Detractor
NULL	2239	2026-01-31	2	2	1	Promoter
NULL	2239	2026-04-30	7	4	6	Passive
NULL	2239	2026-07-31	6	4	7	Detractor
NULL	2240	2024-01-31	1	4	6	Detractor
NULL	2240	04/30/2024	8	8	6	Detractor
NULL	2240	2024-07-31	5	5	7	Detractor
NULL	2240	2025-01-31	7	9	3	Passive
NULL	2240	2025-04-30	9	9	4	Promoter
NULL	2240	2025-07-31	8	6	6	Detractor
NULL	2240	2025-10-31	7	5	4	Detractor
NULL	2240	2026-04-30	8	6	NULL	Passive
NULL	2240	2026-07-31	8	7	9	Promoter
NULL	2241	2025-01-31	5	5	1	Detractor
NULL	2241	2025-07-31	8	3	4	Passive
NULL	2241	2026-01-31	3	1	8	Detractor
NULL	2241	2026-04-30	6	7	8	Detractor
NULL	2241	2026-07-31	5	2	1	Detractor
NULL	2242	2024-01-31	1	8	NULL	Passive
NULL	2242	2024-04-30	3	4	3	Detractor
NULL	2242	2024-07-31	5	5	2	Detractor
NULL	2242	2024-10-31	5	6	1	Detractor
NULL	2242	2025-04-30	4	5	1	Detractor
NULL	2242	2025-07-31	5	1	4	Passive
NULL	2242	2025-10-31	3	5	2	Detractor
NULL	2242	2026-04-30	4	5	4	Detractor
NULL	2242	07/31/2026	4	4	8	Passive
NULL	2243	2025-07-31	9	3	8	Promoter
NULL	2243	2025-10-31	6	10	9	Passive
NULL	2243	2026-01-31	4	7	3	Passive
NULL	2243	2026-04-30	4	6	5	Detractor
NULL	2243	2026-07-31	7	3	7	Passive
NULL	2244	2024-07-31	6	7	6	Promoter
NULL	2244	2024-10-31	10	5	7	Promoter
NULL	2244	2025-01-31	3	3	9	Detractor
NULL	2244	2025-04-30	7	6	3	Promoter
NULL	2244	2025-07-31	8	4	7	Detractor
NULL	2244	2025-10-31	1	5	2	Detractor
NULL	2244	2026-01-31	6	7	7	Passive
NULL	2244	2026-07-31	6	3	5	Detractor
NULL	2245	2024-04-30	5	3	8	Detractor
NULL	2245	2024-07-31	5	4	3	Detractor
NULL	2245	2024-10-31	7	3	1	Passive
NULL	2245	2025-04-30	5	2	1	Detractor
NULL	2245	2025-07-31	3	7	5	Passive
NULL	2245	2026-01-31	3	4	6	Detractor
NULL	2245	2026-04-30	2	7	1	Detractor
NULL	2246	2024-04-30	1	5	4	Detractor
NULL	2246	2024-07-31	3	6	1	Detractor
NULL	2246	2024-10-31	3	2	4	Detractor
NULL	2246	2025-01-31	3	3	4	Detractor
NULL	2246	2025-04-30	4	2	2	Detractor
NULL	2246	2025-07-31	4	4	5	Detractor
NULL	2246	2025-10-31	1	1	6	Passive
NULL	2246	2026-01-31	1	1	2	Detractor
NULL	2246	2026-04-30	4	2	2	Passive
NULL	2247	2025-01-31	4	6	2	Detractor
NULL	2247	2025-04-30	6	8	5	Detractor
NULL	2247	2025-07-31	5	3	4	Detractor
NULL	2247	2025-10-31	3	8	5	Detractor
NULL	2247	2026-01-31	7	5	4	Promoter
NULL	2247	2026-04-30	3	6	9	Detractor
NULL	2247	2026-07-31	6	3	3	Detractor
NULL	2248	2024-07-31	8	5	2	Promoter
NULL	2248	2024-10-31	10	10	9	Passive
NULL	2248	2025-01-31	7	4	8	Passive
NULL	2248	2025-04-30	5	8	4	Detractor
NULL	2248	2025-07-31	10	9	4	Detractor
NULL	2248	2025-10-31	9	3	1	Promoter
NULL	2248	2026-04-30	9	8	5	Promoter
NULL	2248	2026-07-31	9	10	9	Promoter
NULL	2249	2024-07-31	5	5	8	Detractor
NULL	2249	10/31/2024	7	6	5	Passive
NULL	2249	2025-01-31	3	NULL	3	Passive
NULL	2249	2025-04-30	7	3	3	Passive
NULL	2249	2025-07-31	10	7	NULL	Promoter
NULL	2249	2025-10-31	8	6	1	Promoter
NULL	2249	2026-01-31	8	8	9	Promoter
NULL	2249	2026-07-31	10	8	7	Promoter
NULL	2250	2024-04-30	1	1	3	Detractor
NULL	2250	2024-10-31	2	3	1	Detractor
NULL	2250	2025-10-31	4	4	1	Detractor
NULL	2250	2026-01-31	1	NULL	2	Detractor
NULL	2250	2026-07-31	1	2	1	Detractor
NULL	2252	2024-01-31	1	4	3	Detractor
NULL	2252	2024-04-30	2	4	1	Passive
NULL	2252	2025-07-31	1	1	2	Passive
NULL	2252	2025-10-31	4	1	2	Detractor
NULL	2252	2026-01-31	2	2	1	Detractor
NULL	2252	2026-04-30	4	2	1	Detractor
NULL	2252	2026-07-31	3	1	1	Detractor
NULL	2253	2024-04-30	6	6	7	Detractor
NULL	2253	2024-10-31	1	6	7	Detractor
NULL	2253	2025-01-31	4	7	10	Detractor
NULL	2253	2025-04-30	4	8	5	Detractor
NULL	2253	2025-10-31	4	5	1	Detractor
NULL	2253	2026-01-31	4	5	8	Detractor
NULL	2254	2024-04-30	5	4	5	Detractor
NULL	2254	2024-10-31	6	5	4	Detractor
NULL	2254	2025-01-31	1	3	6	Detractor
NULL	2254	2025-07-31	6	7	2	Passive
NULL	2254	2025-10-31	1	5	7	Detractor
NULL	2254	2026-01-31	5	3	2	Detractor
NULL	2254	2026-04-30	4	3	1	Passive
NULL	2254	2026-07-31	7	4	4	Passive
NULL	2255	2024-01-31	10	8	10	Passive
NULL	2255	2024-04-30	10	10	3	Promoter
NULL	2255	2024-07-31	10	10	10	Promoter
NULL	2255	2024-10-31	10	6	10	Promoter
NULL	2255	2025-04-30	8	10	10	Promoter
NULL	2255	2025-10-31	6	7	10	Passive
NULL	2255	2026-01-31	9	8	10	Passive
NULL	2255	04/30/2026	10	9	10	Promoter
NULL	2256	2024-01-31	6	3	4	Detractor
NULL	2256	2024-04-30	3	4	4	Detractor
NULL	2256	2024-10-31	5	1	4	Detractor
NULL	2256	2025-01-31	6	3	6	Detractor
NULL	2256	2025-04-30	8	6	3	Passive
NULL	2256	2025-07-31	3	4	3	Promoter
NULL	2256	2025-10-31	4	5	2	Detractor
NULL	2256	2026-01-31	3	4	6	Passive
NULL	2256	2026-04-30	4	1	6	Detractor
NULL	2257	2024-01-31	6	3	8	Detractor
NULL	2257	2024-04-30	4	4	6	Promoter
NULL	2257	2024-07-31	4	4	2	Detractor
NULL	2257	2025-01-31	9	7	8	Promoter
NULL	2257	2025-07-31	7	7	1	Promoter
NULL	2257	2026-01-31	4	6	5	Passive
NULL	2257	2026-04-30	6	8	5	Detractor
NULL	2257	07/31/2026	9	6	2	Promoter
NULL	2258	2024-01-31	10	4	8	Promoter
NULL	2258	2025-01-31	6	5	5	Detractor
NULL	2258	2025-04-30	9	6	5	Promoter
NULL	2258	2025-10-31	8	9	10	Passive
NULL	2258	2026-01-31	10	7	8	Promoter
NULL	2258	2026-07-31	9	7	9	Promoter
NULL	2259	2024-01-31	6	5	7	Detractor
NULL	2259	2024-04-30	9	8	7	Promoter
NULL	2259	2024-07-31	9	10	5	Promoter
NULL	2259	2025-07-31	9	3	5	Promoter
NULL	2259	2025-10-31	8	NULL	8	Promoter
NULL	2259	2026-01-31	9	7	10	Detractor
NULL	2259	2026-04-30	10	9	7	Promoter
NULL	2260	2024-01-31	6	6	4	Detractor
NULL	2260	2024-04-30	3	5	2	Detractor
NULL	2260	2024-07-31	5	NULL	2	Detractor
NULL	2260	2025-01-31	6	5	3	Detractor
NULL	2260	2025-04-30	3	4	1	Detractor
NULL	2260	2025-07-31	3	2	2	Passive
NULL	2260	2025-10-31	6	1	5	Passive
NULL	2260	2026-01-31	5	6	2	Detractor
NULL	2260	2026-04-30	5	4	1	Detractor
NULL	2260	2026-07-31	4	2	1	Passive
NULL	2261	2025-07-31	7	1	6	Passive
NULL	2261	2026-01-31	4	4	1	Detractor
NULL	2262	2024-01-31	1	3	1	Detractor
NULL	2262	2024-07-31	1	1	10	Detractor
NULL	2262	2024-10-31	2	5	2	Detractor
NULL	2262	2025-04-30	1	3	1	Detractor
NULL	2262	2025-07-31	1	1	4	Detractor
NULL	2262	2025-10-31	1	2	9	Detractor
NULL	2262	2026-04-30	1	2	1	Detractor
NULL	2262	2026-07-31	4	1	2	Passive
NULL	2263	01/31/2024	4	7	1	Detractor
NULL	2263	2024-07-31	3	5	1	Detractor
NULL	2263	2024-10-31	5	NULL	3	Detractor
NULL	2263	2025-01-31	4	1	5	Passive
NULL	2263	2025-04-30	3	1	4	Detractor
NULL	2263	2025-07-31	2	5	2	Passive
NULL	2263	2025-10-31	2	5	3	Detractor
NULL	2263	2026-01-31	4	4	2	Detractor
NULL	2264	2024-01-31	6	8	7	Detractor
NULL	2264	2024-10-31	6	4	7	Detractor
NULL	2264	2025-04-30	8	6	2	Detractor
NULL	2264	2025-07-31	6	9	1	Detractor
NULL	2264	2025-10-31	10	10	5	Promoter
NULL	2264	2026-01-31	9	8	3	Promoter
NULL	2264	2026-04-30	5	8	5	Detractor
NULL	2265	2024-01-31	10	7	7	Promoter
NULL	2265	2024-04-30	10	3	9	Promoter
NULL	2265	2024-07-31	10	5	9	Promoter
NULL	2265	2024-10-31	8	8	9	Passive
NULL	2265	2025-01-31	10	10	4	Promoter
NULL	2265	2025-07-31	10	10	4	Passive
NULL	2265	2026-01-31	10	4	7	Promoter
NULL	2265	2026-04-30	8	7	6	Promoter
NULL	2265	2026-07-31	9	8	10	Promoter
NULL	3927	2024-04-30	7	4	9	Promoter
NULL	3927	2024-07-31	6	3	9	Detractor
NULL	3927	2024-10-31	10	7	7	Passive
NULL	3927	2025-01-31	9	6	10	Promoter
NULL	3927	2025-04-30	6	2	9	Detractor
NULL	3927	2025-07-31	7	5	6	Promoter
NULL	3927	2025-10-31	8	4	7	Promoter
NULL	3927	2026-01-31	9	5	6	Passive
NULL	3927	2026-07-31	8	9	8	Passive
NULL	2266	2024-10-31	3	2	7	Detractor
NULL	2266	2025-04-30	6	4	2	Detractor
NULL	2266	2025-07-31	6	3	2	Passive
NULL	2266	2026-01-31	7	2	NULL	Passive
NULL	2266	2026-04-30	4	5	1	Passive
NULL	2266	2026-07-31	7	6	9	Promoter
NULL	2267	2024-04-30	5	3	6	Detractor
NULL	2267	2024-07-31	4	3	NULL	Detractor
NULL	2267	2024-10-31	4	1	1	Detractor
NULL	2267	2025-01-31	5	3	6	Detractor
NULL	2267	2025-04-30	5	5	5	Detractor
NULL	2267	2025-07-31	7	5	1	Promoter
NULL	2267	2026-01-31	4	5	1	Detractor
NULL	2267	2026-04-30	8	1	NULL	Passive
NULL	2267	07/31/2026	3	6	1	Passive
NULL	2268	2025-04-30	5	7	4	Detractor
NULL	2268	2025-07-31	6	2	7	Detractor
NULL	2268	2026-01-31	7	2	6	Promoter
NULL	2269	2024-07-31	2	3	6	Promoter
NULL	2269	2025-01-31	4	5	4	Passive
NULL	2269	2025-04-30	4	4	9	Detractor
NULL	2269	2025-07-31	1	5	7	Passive
NULL	2269	2026-01-31	3	1	8	Promoter
NULL	2269	2026-04-30	6	6	3	Passive
NULL	2269	2026-07-31	6	NULL	4	Detractor
NULL	2270	10/31/2025	8	8	1	Promoter
NULL	2270	2026-01-31	8	8	10	Passive
NULL	2270	2026-04-30	8	3	5	Detractor
NULL	2270	2026-07-31	8	7	6	Promoter
NULL	2271	2024-04-30	6	3	5	Detractor
NULL	2271	2024-07-31	7	6	7	Promoter
NULL	2271	2024-10-31	6	4	2	Detractor
NULL	2271	2025-01-31	5	6	3	Detractor
NULL	2271	2025-04-30	4	6	3	Detractor
NULL	2271	2025-07-31	7	NULL	3	Passive
NULL	2271	2025-10-31	3	5	1	Detractor
NULL	2272	2024-01-31	1	4	4	Passive
NULL	2272	07/31/2024	3	7	6	Passive
NULL	2272	2024-10-31	7	NULL	7	Passive
NULL	2272	2025-01-31	3	4	2	Detractor
NULL	2272	2025-04-30	3	1	3	Detractor
NULL	2272	2025-10-31	3	4	9	Detractor
NULL	2272	2026-01-31	6	6	4	Detractor
NULL	2272	2026-04-30	5	3	2	Detractor
NULL	2272	2026-07-31	5	4	1	Passive
NULL	2273	2025-07-31	5	4	3	Detractor
NULL	2273	2025-10-31	7	1	9	Passive
NULL	2273	2026-07-31	2	1	3	Detractor
NULL	2274	2024-01-31	6	2	8	Detractor
NULL	2274	2024-04-30	2	1	3	Detractor
NULL	2274	2024-07-31	4	1	4	Passive
NULL	2274	2025-01-31	3	7	1	Passive
NULL	2274	2025-04-30	5	3	2	Passive
NULL	2274	2025-07-31	8	NULL	6	Passive
NULL	2274	10/31/2025	3	1	1	Detractor
NULL	2274	2026-01-31	7	4	1	Promoter
NULL	2274	2026-04-30	3	2	7	Detractor
NULL	2275	2024-10-31	2	4	1	Passive
NULL	2275	2025-01-31	2	1	4	Detractor
NULL	2275	2025-04-30	6	4	2	Detractor
NULL	2275	2025-07-31	3	5	3	Detractor
NULL	2275	2025-10-31	8	6	1	Passive
NULL	2275	2026-01-31	4	2	1	Detractor
NULL	2275	2026-07-31	2	6	2	Detractor
NULL	2276	2024-07-31	9	9	10	Promoter
NULL	2276	2024-10-31	10	8	2	Promoter
NULL	2276	2025-01-31	8	6	10	Passive
NULL	2276	2025-04-30	10	10	7	Promoter
NULL	2276	2025-10-31	7	7	9	Detractor
NULL	2276	2026-01-31	10	5	5	Passive
NULL	2276	2026-07-31	9	10	8	Passive
NULL	2277	2026-07-31	7	8	5	Detractor
NULL	2278	2024-04-30	5	5	5	Detractor
NULL	2278	2024-07-31	8	8	8	Promoter
NULL	2278	2024-10-31	4	10	10	Passive
NULL	2278	2025-01-31	10	5	8	Promoter
NULL	2278	2025-04-30	5	5	6	Detractor
NULL	2278	2025-07-31	6	7	8	Passive
NULL	2278	2025-10-31	5	7	5	Detractor
NULL	2278	2026-01-31	8	10	8	Passive
NULL	2278	2026-04-30	7	4	4	Promoter
NULL	2278	2026-07-31	5	5	8	Passive
NULL	2279	2026-04-30	9	10	5	Promoter
NULL	2280	2025-07-31	2	4	5	Detractor
NULL	2280	2025-10-31	7	NULL	1	Passive
NULL	2280	2026-04-30	1	2	1	Detractor
NULL	2280	2026-07-31	5	1	1	Detractor
NULL	2281	2024-10-31	5	2	5	Detractor
NULL	2281	2025-01-31	3	2	1	Detractor
NULL	2281	2025-04-30	3	7	2	Passive
NULL	2281	2025-07-31	5	3	5	Detractor
NULL	2281	2025-10-31	1	1	4	Detractor
NULL	2281	2026-01-31	2	1	6	Detractor
NULL	2281	2026-04-30	1	2	7	Detractor
NULL	2281	2026-07-31	3	1	1	Detractor
NULL	2282	2024-01-31	10	8	5	Promoter
NULL	2282	2024-04-30	9	8	8	Promoter
NULL	2282	2024-07-31	9	9	5	Promoter
NULL	2282	2024-10-31	10	6	8	Promoter
NULL	2282	2025-01-31	7	10	10	Promoter
NULL	2282	2025-04-30	6	4	8	Passive
NULL	2282	2025-07-31	9	8	10	Promoter
NULL	2282	2025-10-31	8	10	8	Promoter
NULL	2282	2026-01-31	9	10	8	Promoter
NULL	2282	2026-04-30	10	8	7	Promoter
NULL	2282	2026-07-31	5	6	10	Passive
NULL	2283	2025-04-30	3	3	5	Passive
NULL	2283	2025-07-31	6	3	4	Detractor
NULL	2283	2026-01-31	4	3	1	Detractor
NULL	2283	2026-07-31	2	5	1	Detractor
NULL	2284	2024-07-31	3	2	3	Passive
NULL	2284	2024-10-31	1	NULL	3	Detractor
NULL	2284	2025-01-31	1	1	1	Promoter
NULL	2284	2025-04-30	1	1	1	Detractor
NULL	2284	2025-07-31	3	3	3	Detractor
NULL	2284	2025-10-31	1	1	1	Passive
NULL	2284	2026-01-31	1	1	3	Passive
NULL	2284	2026-07-31	1	1	5	Detractor
NULL	2285	2024-07-31	5	3	3	Detractor
NULL	2285	2024-10-31	4	6	4	Detractor
NULL	2285	2025-01-31	2	1	3	Passive
NULL	2285	2025-04-30	4	7	8	Detractor
NULL	2285	2026-01-31	6	3	NULL	Promoter
NULL	2285	2026-04-30	3	4	7	Passive
NULL	2286	2024-01-31	8	7	3	Passive
NULL	2286	2024-04-30	7	5	7	Passive
NULL	2286	2024-07-31	6	7	6	Detractor
NULL	2286	2024-10-31	7	6	10	Passive
NULL	2286	2025-01-31	6	7	8	Detractor
NULL	2286	2025-07-31	7	10	5	Passive
NULL	2286	2025-10-31	10	3	5	Promoter
NULL	2286	2026-04-30	10	9	9	Promoter
NULL	2286	2026-07-31	9	9	2	Promoter
NULL	2287	2024-01-31	10	10	10	Passive
NULL	2287	04/30/2024	5	8	9	Detractor
NULL	2287	2024-07-31	8	9	9	Promoter
NULL	2287	2024-10-31	10	10	7	Promoter
NULL	2287	2025-01-31	9	10	NULL	Promoter
NULL	2287	2025-07-31	8	9	8	Passive
NULL	2287	2025-10-31	10	10	6	Promoter
NULL	2287	2026-01-31	9	8	7	Promoter
NULL	2287	2026-07-31	7	8	6	Detractor
NULL	2288	2025-04-30	3	7	6	Detractor
NULL	2288	2026-04-30	8	3	2	Promoter
NULL	2288	2026-07-31	3	3	9	Passive
NULL	2289	2025-01-31	8	8	9	Passive
NULL	2289	2025-04-30	4	8	5	Promoter
NULL	2289	2025-07-31	7	3	6	Passive
NULL	2289	2025-10-31	5	7	8	Detractor
NULL	2289	2026-04-30	5	8	4	Passive
NULL	2289	2026-07-31	6	NULL	8	Detractor
NULL	2291	2026-01-31	4	4	6	Passive
NULL	2291	2026-07-31	7	5	8	Passive
NULL	2292	2025-01-31	5	4	6	Passive
NULL	2292	2025-07-31	6	NULL	9	Detractor
NULL	2292	2025-10-31	4	5	5	Promoter
NULL	2292	2026-01-31	2	4	9	Detractor
NULL	2293	2024-01-31	8	10	6	Detractor
NULL	2293	2024-04-30	10	10	10	Promoter
NULL	2293	2024-07-31	9	10	8	Promoter
NULL	2293	2024-10-31	10	10	10	Promoter
NULL	2293	2025-01-31	10	10	5	Promoter
NULL	2293	2025-04-30	9	6	9	Promoter
NULL	2293	2025-07-31	10	10	7	Promoter
NULL	2293	2026-01-31	10	10	8	Promoter
NULL	2293	2026-04-30	10	9	10	Promoter
NULL	2294	2024-01-31	8	8	8	Passive
NULL	2294	04/30/2024	9	NULL	6	Promoter
NULL	2294	2024-10-31	9	10	10	Promoter
NULL	2294	2025-01-31	10	5	8	Promoter
NULL	2294	2025-04-30	8	8	6	Promoter
NULL	2294	2025-10-31	10	6	5	Promoter
NULL	2294	04/30/2026	8	4	9	Passive
NULL	2294	2026-07-31	8	7	9	Promoter
NULL	2295	2024-01-31	3	NULL	2	Detractor
NULL	2295	2024-04-30	2	5	4	Passive
NULL	2295	2024-07-31	9	8	4	Promoter
NULL	2295	2024-10-31	4	4	6	Detractor
NULL	2295	2025-04-30	4	4	7	Promoter
NULL	2295	2025-07-31	6	5	5	Detractor
NULL	2295	2025-10-31	3	7	3	Detractor
NULL	2295	2026-01-31	10	3	2	Detractor
NULL	2295	2026-04-30	5	5	2	Detractor
NULL	2295	2026-07-31	7	5	5	Detractor
NULL	2297	2024-01-31	9	7	6	Promoter
NULL	2298	2025-01-31	3	6	6	Detractor
NULL	2298	2025-04-30	6	5	6	Detractor
NULL	2298	2026-01-31	5	9	1	Detractor
NULL	2300	2025-07-31	10	5	7	Promoter
NULL	2300	2025-10-31	5	9	4	Passive
NULL	2300	2026-01-31	5	7	3	Detractor
NULL	2300	2026-04-30	5	5	2	Passive
NULL	2300	2026-07-31	6	2	3	Detractor
NULL	2301	2024-01-31	5	6	4	Passive
NULL	2301	2024-04-30	4	6	5	Detractor
NULL	2301	2024-07-31	6	1	6	Detractor
NULL	2301	2024-10-31	4	1	7	Detractor
NULL	2301	2025-01-31	3	4	3	Detractor
NULL	2301	2025-04-30	3	2	8	Promoter
NULL	2301	2025-07-31	4	1	7	Passive
NULL	2301	2026-04-30	2	3	4	Detractor
NULL	2301	2026-07-31	4	5	3	Detractor
NULL	2303	2025-07-31	8	6	3	Passive
NULL	2303	2025-10-31	7	9	8	Detractor
NULL	2303	2026-01-31	5	10	9	Detractor
NULL	2303	2026-04-30	7	6	6	Promoter
NULL	2303	2026-07-31	8	6	7	Passive
NULL	2304	2025-01-31	5	5	6	Passive
NULL	2304	2025-04-30	8	8	1	Detractor
NULL	2304	2025-07-31	7	7	7	Passive
NULL	2304	2025-10-31	6	3	7	Detractor
NULL	2304	2026-07-31	5	3	5	Detractor
NULL	2305	2026-01-31	10	NULL	4	Promoter
NULL	2305	04/30/2026	10	4	8	Promoter
NULL	2306	2026-01-31	9	8	8	Passive
NULL	2306	2026-04-30	10	6	10	Promoter
NULL	2306	2026-07-31	10	9	7	Promoter
NULL	2307	2024-01-31	8	6	10	Promoter
NULL	2307	2024-04-30	8	7	6	Promoter
NULL	2307	07/31/2024	7	5	4	Detractor
NULL	2307	2025-01-31	10	10	6	Promoter
NULL	2307	2025-07-31	10	NULL	10	Promoter
NULL	2307	2026-01-31	9	NULL	7	Promoter
NULL	2307	2026-04-30	9	7	5	Promoter
NULL	2307	2026-07-31	9	10	8	Promoter
NULL	2309	2026-07-31	7	4	5	Promoter
NULL	2310	2024-10-31	6	2	4	Detractor
NULL	2310	2025-01-31	6	4	5	Detractor
NULL	2310	2025-04-30	3	3	1	Passive
NULL	2310	2026-01-31	4	5	4	Detractor
NULL	2310	2026-04-30	6	6	1	Detractor
NULL	2310	2026-07-31	8	5	8	Detractor
NULL	2311	2024-07-31	6	9	4	Detractor
NULL	2311	01/31/2025	7	7	6	Promoter
NULL	2311	2025-04-30	4	5	6	Detractor
NULL	2311	2025-07-31	6	9	5	Detractor
NULL	2311	2026-01-31	7	2	7	Passive
NULL	2311	2026-04-30	8	8	1	Promoter
NULL	2312	2025-01-31	4	10	8	Detractor
NULL	2312	2025-04-30	8	10	10	Passive
NULL	2312	2025-07-31	10	10	8	Promoter
NULL	2312	2026-01-31	10	5	10	Promoter
NULL	2312	2026-04-30	9	7	10	Promoter
NULL	2312	2026-07-31	9	7	7	Promoter
NULL	2313	2024-01-31	1	1	4	Detractor
NULL	2313	2024-07-31	2	1	5	Detractor
NULL	2313	2025-01-31	4	1	3	Detractor
NULL	2313	2025-04-30	1	1	1	Passive
NULL	2313	2025-07-31	1	2	1	Detractor
NULL	2313	2025-10-31	1	1	2	Detractor
NULL	2313	2026-04-30	3	3	1	Detractor
NULL	2313	2026-07-31	1	4	8	Detractor
NULL	2314	2026-04-30	4	4	4	Detractor
NULL	2314	2026-07-31	3	5	1	Promoter
NULL	2315	2024-10-31	6	2	5	Detractor
NULL	2315	2025-01-31	7	7	4	Promoter
NULL	2315	2025-04-30	8	9	6	Passive
NULL	2315	2025-07-31	7	5	7	Detractor
NULL	2315	2025-10-31	7	9	7	Passive
NULL	2315	2026-01-31	2	5	9	Detractor
NULL	2315	2026-04-30	9	7	6	Promoter
NULL	2316	2024-01-31	7	7	NULL	Promoter
NULL	2316	2024-04-30	10	9	8	Promoter
NULL	2316	2024-10-31	9	7	3	Promoter
NULL	2316	2025-01-31	10	7	8	Promoter
NULL	2316	2025-04-30	9	6	8	Promoter
NULL	2316	2025-07-31	8	10	8	Passive
NULL	2316	2026-04-30	10	10	7	Promoter
NULL	2316	2026-07-31	9	4	4	Promoter
NULL	2317	2025-10-31	8	10	8	Promoter
NULL	2317	2026-01-31	8	4	NULL	Promoter
NULL	2317	2026-07-31	6	9	7	Detractor
NULL	2318	2024-01-31	9	5	8	Promoter
NULL	2318	2024-07-31	10	9	9	Promoter
NULL	2318	2024-10-31	9	NULL	5	Promoter
NULL	2318	2025-04-30	10	10	10	Promoter
NULL	2318	2025-07-31	9	10	7	Passive
NULL	2318	2026-01-31	9	5	8	Passive
NULL	2318	2026-04-30	7	9	5	Passive
NULL	2318	2026-07-31	10	8	5	Promoter
NULL	2319	2024-01-31	6	6	5	Detractor
NULL	2319	2024-04-30	10	8	8	Promoter
NULL	2319	2025-04-30	8	9	4	Detractor
NULL	2319	2025-10-31	10	5	6	Promoter
NULL	2319	2026-01-31	5	8	9	Detractor
NULL	2319	2026-04-30	8	6	5	Passive
NULL	2319	2026-07-31	10	7	3	Passive
NULL	2320	2024-07-31	9	10	8	Passive
NULL	2320	2025-04-30	7	4	5	Detractor
NULL	2320	2025-07-31	10	7	5	Promoter
NULL	2320	2025-10-31	8	7	6	Passive
NULL	2320	2026-01-31	8	9	7	Promoter
NULL	2320	04/30/2026	5	6	7	Detractor
NULL	2320	2026-07-31	6	3	3	Detractor
NULL	2321	2026-07-31	4	4	3	Passive
NULL	2322	2024-10-31	7	5	4	Promoter
NULL	2322	2025-01-31	7	10	10	Promoter
NULL	2322	2025-07-31	7	7	6	Promoter
NULL	2322	2025-10-31	6	6	4	Promoter
NULL	2322	2026-01-31	7	6	8	Promoter
NULL	2322	2026-04-30	2	5	8	Detractor
NULL	2322	2026-07-31	9	8	10	Passive
NULL	2323	2024-01-31	4	5	3	Detractor
NULL	2323	2024-04-30	1	1	7	Detractor
NULL	2323	2024-07-31	1	3	6	Detractor
NULL	2323	2024-10-31	6	4	5	Passive
NULL	2323	2025-01-31	3	7	1	Detractor
NULL	2323	2025-07-31	3	2	1	Passive
NULL	2323	2025-10-31	6	6	6	Detractor
NULL	2323	2026-01-31	3	5	4	Detractor
NULL	2323	2026-07-31	5	1	4	Detractor
NULL	2324	2024-04-30	9	4	1	Detractor
NULL	2324	2025-04-30	8	5	4	Promoter
NULL	2324	2025-07-31	8	9	1	Passive
NULL	2324	2026-01-31	9	10	7	Promoter
NULL	2324	2026-07-31	10	9	9	Promoter
NULL	2325	04/30/2026	5	8	7	Detractor
NULL	2325	2026-07-31	1	3	3	Detractor
NULL	2327	2024-01-31	3	3	8	Detractor
NULL	2327	2024-04-30	6	4	3	Detractor
NULL	2327	2024-07-31	6	6	5	Detractor
NULL	2327	2024-10-31	5	1	2	Detractor
NULL	2327	2025-01-31	1	3	3	Detractor
NULL	2327	2025-04-30	4	4	8	Passive
NULL	2327	2026-01-31	3	4	8	Passive
NULL	2327	2026-07-31	4	3	4	Detractor
NULL	2328	2026-07-31	1	1	1	Detractor
NULL	2329	2024-01-31	5	10	NULL	Detractor
NULL	2329	2024-04-30	5	5	9	Detractor
NULL	2329	2024-10-31	6	1	4	Detractor
NULL	2329	2025-07-31	8	1	6	Promoter
NULL	2329	2026-01-31	6	8	2	Detractor
NULL	2329	2026-04-30	9	7	7	Passive
NULL	2329	2026-07-31	7	NULL	3	Passive
NULL	2330	2024-04-30	4	5	5	Detractor
NULL	2330	2024-07-31	4	2	5	Detractor
NULL	2330	2025-07-31	1	2	7	Passive
NULL	2330	2025-10-31	5	6	2	Detractor
NULL	2330	2026-01-31	2	3	3	Detractor
NULL	2331	2024-10-31	5	2	3	Detractor
NULL	2331	2025-04-30	8	7	NULL	Promoter
NULL	2331	2025-07-31	8	4	5	Promoter
NULL	2331	2025-10-31	8	7	5	Promoter
NULL	2331	2026-01-31	6	6	5	Passive
NULL	2332	2026-04-30	5	6	6	Detractor
NULL	2333	2024-01-31	7	5	4	Passive
NULL	2333	2024-04-30	8	5	3	Promoter
NULL	2333	2024-07-31	5	4	7	Detractor
NULL	2333	2025-01-31	7	7	6	Detractor
NULL	2333	2025-04-30	5	7	10	Detractor
NULL	2333	2025-10-31	6	6	8	Detractor
NULL	2333	2026-01-31	8	6	7	Passive
NULL	2333	2026-04-30	6	4	6	Promoter
NULL	2333	2026-07-31	9	9	7	Promoter
NULL	2334	2025-10-31	6	8	10	Detractor
NULL	2335	2024-04-30	9	7	3	Passive
NULL	2335	2024-10-31	7	9	2	Promoter
NULL	2335	2025-04-30	10	NULL	4	Promoter
NULL	2335	2025-07-31	8	8	10	Promoter
NULL	2335	2026-01-31	5	7	5	Detractor
NULL	2335	2026-07-31	5	7	7	Passive
NULL	2336	2024-01-31	3	2	6	Detractor
NULL	2336	2024-04-30	3	5	5	Detractor
NULL	2336	07/31/2024	6	2	3	Detractor
NULL	2336	2025-01-31	1	4	2	Detractor
NULL	2336	2025-04-30	3	1	NULL	Detractor
NULL	2336	2025-07-31	6	2	8	Detractor
NULL	2336	10/31/2025	1	3	1	Passive
NULL	2336	2026-04-30	3	4	NULL	Detractor
NULL	2337	2024-01-31	9	6	10	Promoter
NULL	2337	2024-04-30	9	8	6	Promoter
NULL	2337	2024-07-31	9	3	6	Promoter
NULL	2337	2024-10-31	5	5	8	Detractor
NULL	2337	2025-01-31	7	4	2	Passive
NULL	2337	2026-01-31	6	6	6	Detractor
NULL	2337	2026-07-31	8	6	6	Promoter
NULL	2338	2024-01-31	10	NULL	6	Promoter
NULL	2338	2024-10-31	6	9	3	Detractor
NULL	2338	2025-04-30	5	6	6	Detractor
NULL	2338	2026-01-31	4	9	8	Passive
NULL	2338	2026-04-30	9	4	5	Detractor
NULL	2338	2026-07-31	7	5	7	Passive
NULL	2339	2025-04-30	10	7	6	Promoter
NULL	2339	07/31/2025	8	9	3	Detractor
NULL	2339	2026-01-31	5	6	8	Detractor
NULL	2339	2026-07-31	6	10	6	Detractor
NULL	2340	2024-01-31	6	7	3	Detractor
NULL	2340	2024-04-30	7	4	6	Passive
NULL	2340	2024-07-31	7	5	10	Passive
NULL	2340	2025-01-31	8	NULL	4	Promoter
NULL	2340	2025-04-30	4	NULL	8	Promoter
NULL	2340	2025-07-31	5	2	3	Passive
NULL	2340	2025-10-31	10	4	8	Promoter
NULL	2340	2026-01-31	6	5	5	Passive
NULL	2341	2024-01-31	4	1	4	Detractor
NULL	2341	2024-04-30	7	5	3	Passive
NULL	2341	2026-07-31	5	4	8	Detractor
NULL	2342	2025-01-31	5	7	4	Detractor
NULL	2342	2025-04-30	4	5	4	Detractor
NULL	2342	2025-07-31	1	1	1	Detractor
NULL	2342	2025-10-31	2	8	2	Passive
NULL	2342	2026-01-31	5	6	4	Detractor
NULL	2342	2026-04-30	8	6	6	Passive
NULL	2343	2024-01-31	2	4	3	Detractor
NULL	2343	2024-04-30	1	1	NULL	Detractor
NULL	2343	2024-07-31	4	1	4	Detractor
NULL	2344	2024-07-31	4	5	2	Detractor
NULL	2344	01/31/2025	5	7	10	Detractor
NULL	2344	10/31/2025	9	6	3	Promoter
NULL	2344	2026-01-31	4	6	2	Detractor
NULL	2344	2026-04-30	7	1	3	Passive
NULL	2344	2026-07-31	10	3	4	Promoter
NULL	2345	2024-04-30	8	9	5	Promoter
NULL	2345	2024-07-31	4	2	6	Detractor
NULL	2345	2024-10-31	10	4	NULL	Promoter
NULL	2345	2025-01-31	5	6	4	Detractor
NULL	2345	2025-07-31	8	3	6	Detractor
NULL	2345	2025-10-31	10	5	1	Passive
NULL	2345	2026-01-31	7	6	10	Passive
NULL	2345	2026-04-30	5	8	NULL	Detractor
NULL	2346	2024-01-31	2	2	4	Detractor
NULL	2346	2024-04-30	2	1	4	Detractor
NULL	2346	2024-07-31	4	1	3	Detractor
NULL	2346	2024-10-31	2	8	4	Detractor
NULL	2346	2025-04-30	3	3	2	Detractor
NULL	2346	2025-07-31	4	5	3	Detractor
NULL	2346	2026-04-30	3	1	5	Promoter
NULL	2346	2026-07-31	2	5	7	Passive
NULL	2347	2024-07-31	2	2	6	Passive
NULL	2347	2024-10-31	8	5	1	Promoter
NULL	2347	2025-01-31	7	NULL	1	Passive
NULL	2347	2025-04-30	1	1	4	Passive
NULL	2347	2025-07-31	6	5	1	Detractor
NULL	2347	2026-04-30	2	5	1	Passive
NULL	2347	2026-07-31	3	5	1	Detractor
NULL	2349	2024-01-31	10	10	5	Promoter
NULL	2349	2024-04-30	6	10	10	Passive
NULL	2349	2024-07-31	10	10	NULL	Promoter
NULL	2349	2025-01-31	5	5	9	Detractor
NULL	2349	2025-04-30	7	6	6	Detractor
NULL	2349	2026-01-31	9	10	4	Promoter
NULL	2349	2026-04-30	10	9	5	Promoter
NULL	2349	2026-07-31	10	6	1	Promoter
NULL	2350	2024-10-31	9	4	6	Promoter
NULL	2350	2025-01-31	8	6	4	Promoter
NULL	2350	2025-04-30	5	9	3	Passive
NULL	2350	2025-10-31	7	8	9	Passive
NULL	2350	2026-01-31	10	5	3	Promoter
NULL	2350	2026-04-30	7	8	3	Passive
NULL	2351	2024-04-30	7	5	10	Promoter
NULL	2351	2024-07-31	10	7	2	Promoter
NULL	2351	2024-10-31	8	4	9	Passive
NULL	2351	2025-10-31	7	5	9	Promoter
NULL	2351	2026-04-30	8	4	10	Detractor
NULL	2352	2025-01-31	6	5	6	Detractor
NULL	2352	2025-07-31	6	9	6	Detractor
NULL	2352	2025-10-31	8	5	7	Passive
NULL	2352	2026-04-30	9	7	3	Promoter
NULL	2352	2026-07-31	6	3	4	Detractor
NULL	2353	2025-07-31	2	6	5	Passive
NULL	2354	2024-07-31	7	4	2	Detractor
NULL	2354	2024-10-31	7	7	3	Promoter
NULL	2354	2025-04-30	5	7	6	Promoter
NULL	2354	2025-07-31	6	8	3	Detractor
NULL	2354	2025-10-31	6	7	6	Detractor
NULL	2354	2026-01-31	4	5	3	Promoter
NULL	2354	2026-04-30	8	9	8	Passive
NULL	2354	2026-07-31	7	6	2	Detractor
NULL	2355	2024-01-31	6	4	2	Passive
NULL	2355	2024-04-30	6	NULL	4	Detractor
NULL	2355	2024-07-31	5	5	4	Passive
NULL	2355	2024-10-31	9	6	4	Passive
NULL	2355	01/31/2025	7	4	7	Promoter
NULL	2355	2025-04-30	6	3	5	Detractor
NULL	2355	2025-07-31	8	8	5	Promoter
NULL	2355	2025-10-31	4	1	7	Detractor
NULL	2355	2026-01-31	7	8	6	Passive
NULL	2355	2026-04-30	7	9	6	Passive
NULL	2356	2024-07-31	6	1	4	Detractor
NULL	2356	2024-10-31	6	4	6	Passive
NULL	2356	2025-07-31	5	2	6	Promoter
NULL	2356	2026-01-31	2	5	4	Promoter
NULL	2356	2026-04-30	5	4	4	Detractor
NULL	2356	07/31/2026	4	NULL	4	Detractor
NULL	2357	2024-01-31	10	8	10	Passive
NULL	2357	2024-04-30	4	10	NULL	Detractor
NULL	2357	2024-07-31	8	10	5	Promoter
NULL	2357	2024-10-31	10	10	10	Promoter
NULL	2357	2025-01-31	8	6	8	Promoter
NULL	2357	2025-07-31	6	10	10	Detractor
NULL	2357	2025-10-31	7	9	10	Passive
NULL	2357	2026-01-31	9	6	3	Promoter
NULL	2357	04/30/2026	9	9	6	Detractor
NULL	2358	2025-04-30	7	NULL	5	Passive
NULL	2358	2025-07-31	6	4	3	Detractor
NULL	2358	2026-01-31	7	5	4	Passive
NULL	2359	2025-10-31	10	10	4	Promoter
NULL	2359	2026-07-31	9	7	7	Promoter
NULL	2360	2026-04-30	9	9	4	Promoter
NULL	2361	2024-07-31	9	5	5	Promoter
NULL	2361	2024-10-31	7	8	7	Detractor
NULL	2361	2025-01-31	5	6	6	Passive
NULL	2361	2025-04-30	7	6	3	Promoter
NULL	2361	2026-01-31	8	10	10	Passive
NULL	2362	2024-01-31	4	4	8	Detractor
NULL	2363	2024-10-31	4	1	4	Passive
NULL	2363	2025-01-31	5	3	7	Detractor
NULL	2363	2025-04-30	1	NULL	3	Passive
NULL	2363	2025-07-31	4	2	4	Passive
NULL	2363	2025-10-31	5	2	NULL	Detractor
NULL	2363	2026-01-31	5	8	NULL	Passive
NULL	2363	2026-07-31	5	2	5	Detractor
NULL	2364	2024-01-31	4	7	3	Detractor
NULL	2364	2024-07-31	4	7	4	Detractor
NULL	2364	2024-10-31	2	3	5	Detractor
NULL	2364	2025-01-31	6	4	3	Detractor
NULL	2364	2025-10-31	5	8	3	Detractor
NULL	2364	2026-01-31	3	2	6	Detractor
NULL	2364	2026-07-31	7	1	5	Promoter
NULL	2365	2024-01-31	7	6	5	Promoter
NULL	2365	2024-04-30	8	6	4	Promoter
NULL	2365	07/31/2024	6	6	3	Detractor
NULL	2365	2025-07-31	6	3	1	Detractor
NULL	2365	2026-01-31	7	7	5	Passive
NULL	2365	2026-07-31	5	5	7	Detractor
NULL	2366	2024-01-31	7	10	8	Passive
NULL	2366	2024-04-30	8	6	8	Passive
NULL	2366	2024-07-31	10	10	1	Promoter
NULL	2366	2024-10-31	7	10	10	Detractor
NULL	2366	2025-04-30	8	8	3	Promoter
NULL	2366	2025-07-31	8	6	NULL	Passive
NULL	2366	2026-01-31	8	7	NULL	Promoter
NULL	2366	2026-07-31	7	10	4	Promoter
NULL	2367	2025-04-30	7	7	1	Passive
NULL	2367	2025-07-31	7	6	10	Promoter
NULL	2367	10/31/2025	6	4	4	Detractor
NULL	2367	2026-01-31	4	6	1	Detractor
NULL	2367	04/30/2026	6	6	4	Detractor
NULL	2367	2026-07-31	7	8	5	Promoter
NULL	2368	2024-04-30	5	5	3	Detractor
NULL	2368	2024-07-31	6	4	1	Detractor
NULL	2368	2024-10-31	3	5	5	Detractor
NULL	2368	2025-01-31	8	4	5	Passive
NULL	2368	2025-07-31	2	1	6	Detractor
NULL	2368	2025-10-31	4	3	1	Detractor
NULL	2368	2026-01-31	7	7	1	Promoter
NULL	2368	2026-04-30	1	4	1	Detractor
NULL	2370	2024-04-30	7	5	4	Passive
NULL	2370	2024-07-31	8	7	6	Promoter
NULL	2370	2025-07-31	5	4	3	Detractor
NULL	2370	2025-10-31	5	4	7	Detractor
NULL	2370	2026-04-30	6	6	7	Detractor
NULL	2370	2026-07-31	4	3	10	Detractor
NULL	2371	2025-01-31	8	4	3	Passive
NULL	2371	2025-04-30	9	4	NULL	Promoter
NULL	2371	2025-07-31	7	10	3	Promoter
NULL	2371	2025-10-31	6	7	3	Detractor
NULL	2371	2026-01-31	5	5	9	Detractor
NULL	2371	2026-07-31	9	6	8	Promoter
NULL	2372	2024-01-31	5	9	8	Passive
NULL	2372	04/30/2024	7	9	9	Passive
NULL	2372	2024-07-31	7	10	7	Passive
NULL	2372	2024-10-31	8	9	10	Passive
NULL	2372	2025-10-31	8	9	5	Detractor
NULL	2372	2026-01-31	10	8	3	Promoter
NULL	2372	2026-04-30	9	8	5	Promoter
NULL	2373	2025-04-30	10	10	8	Promoter
NULL	2373	2026-01-31	9	7	7	Promoter
NULL	2373	2026-04-30	9	10	9	Promoter
NULL	2374	2024-10-31	10	8	6	Promoter
NULL	2374	01/31/2025	10	3	6	Passive
NULL	2374	2025-10-31	8	7	9	Passive
NULL	2375	2026-04-30	6	8	NULL	Detractor
NULL	2375	2026-07-31	3	3	8	Detractor
NULL	2376	2024-01-31	2	1	1	Detractor
NULL	2376	04/30/2024	1	1	4	Detractor
NULL	2376	2024-07-31	1	1	3	Detractor
NULL	2376	2024-10-31	2	5	4	Promoter
NULL	2376	2025-01-31	1	1	1	Detractor
NULL	2376	2025-07-31	3	5	1	Detractor
NULL	2376	2025-10-31	1	1	7	Detractor
NULL	2376	2026-01-31	3	3	1	Detractor
NULL	2376	2026-04-30	3	1	1	Passive
NULL	2376	2026-07-31	1	2	4	Detractor
NULL	2377	2026-07-31	4	4	5	Detractor
NULL	2378	2026-04-30	6	5	1	Detractor
NULL	2378	2026-07-31	7	8	3	Detractor
NULL	2379	2024-01-31	8	7	5	Promoter
NULL	2379	2024-07-31	6	6	4	Detractor
NULL	2379	2024-10-31	5	5	2	Detractor
NULL	2379	2025-01-31	7	4	3	Passive
NULL	2379	2025-07-31	5	6	2	Detractor
NULL	2379	2025-10-31	5	6	5	Detractor
NULL	2379	2026-01-31	6	6	5	Detractor
NULL	2379	2026-04-30	4	6	5	Passive
NULL	2379	2026-07-31	9	2	5	Promoter
NULL	2381	2024-01-31	7	7	3	Promoter
NULL	2381	04/30/2024	10	4	8	Promoter
NULL	2381	2024-07-31	10	6	6	Promoter
NULL	2381	2024-10-31	7	10	7	Passive
NULL	2381	2025-01-31	9	10	1	Passive
NULL	2381	2025-07-31	9	5	10	Promoter
NULL	2381	2025-10-31	8	6	5	Passive
NULL	2381	2026-01-31	8	5	4	Promoter
NULL	2381	2026-04-30	6	9	6	Promoter
NULL	2381	2026-07-31	10	3	5	Passive
NULL	2382	07/31/2024	3	4	4	Detractor
NULL	2382	2024-10-31	4	NULL	4	Detractor
NULL	2382	2025-01-31	6	1	NULL	Detractor
NULL	2382	2025-04-30	5	5	5	Detractor
NULL	2382	2025-07-31	6	5	7	Detractor
NULL	2382	2025-10-31	7	5	7	Promoter
NULL	2382	2026-01-31	4	4	3	Detractor
NULL	2382	2026-04-30	4	5	6	Detractor
NULL	2382	2026-07-31	4	5	7	Detractor
NULL	2383	2024-01-31	6	NULL	6	Detractor
NULL	2383	2024-04-30	9	7	9	Promoter
NULL	2383	2024-07-31	8	10	6	Detractor
NULL	2383	2025-01-31	7	7	4	Detractor
NULL	2384	2024-01-31	5	6	7	Detractor
NULL	2384	2024-04-30	4	1	4	Detractor
NULL	2384	2024-10-31	9	6	2	Promoter
NULL	2384	2025-01-31	8	4	7	Passive
NULL	2384	2025-07-31	8	2	2	Detractor
NULL	2384	2025-10-31	7	7	5	Passive
NULL	2384	2026-01-31	4	8	3	Detractor
NULL	2384	2026-04-30	6	3	2	Detractor
NULL	2384	2026-07-31	6	8	2	Detractor
NULL	2385	2025-04-30	6	8	10	Passive
NULL	2385	2025-07-31	5	8	8	Passive
NULL	2385	10/31/2025	10	7	2	Promoter
NULL	2385	2026-01-31	7	4	4	Promoter
NULL	2385	2026-07-31	10	9	3	Promoter
NULL	2387	2024-10-31	10	5	6	Promoter
NULL	2387	2025-04-30	4	4	1	Passive
NULL	2387	2025-07-31	4	8	7	Detractor
NULL	2387	2025-10-31	8	2	1	Promoter
NULL	2387	2026-01-31	6	7	6	Detractor
NULL	2387	2026-04-30	5	4	3	Detractor
NULL	2387	2026-07-31	5	4	6	Detractor
NULL	2388	2024-04-30	1	4	4	Detractor
NULL	2388	2025-04-30	3	5	4	Promoter
NULL	2388	2025-07-31	2	5	7	Passive
NULL	2388	2025-10-31	5	6	NULL	Detractor
NULL	2388	2026-01-31	3	2	NULL	Detractor
NULL	2388	04/30/2026	2	6	1	Detractor
NULL	2388	2026-07-31	2	4	1	Detractor
NULL	2389	2024-01-31	6	NULL	2	Detractor
NULL	2389	2024-04-30	3	7	3	Passive
NULL	2389	2025-01-31	6	6	7	Detractor
NULL	2389	2025-04-30	8	4	1	Passive
NULL	2389	2025-07-31	4	8	10	Detractor
NULL	2389	2025-10-31	6	7	7	Detractor
NULL	2389	2026-04-30	3	3	5	Detractor
NULL	2389	2026-07-31	7	4	2	Passive
NULL	2390	2024-07-31	7	4	6	Passive
NULL	2390	2024-10-31	7	9	NULL	Passive
NULL	2390	2025-01-31	6	6	6	Passive
NULL	2390	2025-04-30	3	9	5	Detractor
NULL	2390	2025-07-31	6	1	4	Passive
NULL	2390	2025-10-31	6	10	8	Passive
NULL	2390	2026-04-30	2	7	NULL	Detractor
NULL	2390	2026-07-31	6	10	NULL	Detractor
NULL	2392	2026-07-31	5	6	5	Detractor
NULL	2393	2024-01-31	5	2	NULL	Detractor
NULL	2393	2024-04-30	6	2	6	Passive
NULL	2393	2025-01-31	4	1	5	Detractor
NULL	2393	2025-04-30	2	2	5	Passive
NULL	2393	2025-10-31	8	NULL	2	Passive
NULL	2393	2026-01-31	5	2	6	Detractor
NULL	2393	2026-07-31	5	5	6	Detractor
NULL	2394	2026-01-31	9	5	5	Detractor
NULL	2394	2026-04-30	8	3	10	Passive
NULL	2394	2026-07-31	8	8	NULL	Passive
NULL	2395	2025-07-31	1	4	1	Detractor
NULL	2396	2024-10-31	9	6	4	Promoter
NULL	2396	2025-07-31	5	6	2	Detractor
NULL	2396	2025-10-31	7	6	NULL	Passive
NULL	2396	2026-01-31	6	3	3	Passive
NULL	2396	2026-04-30	7	9	2	Detractor
NULL	2397	2024-01-31	9	6	8	Promoter
NULL	2397	2024-04-30	6	4	1	Passive
NULL	2397	2024-07-31	5	5	2	Passive
NULL	2397	2024-10-31	2	5	8	Detractor
NULL	2397	2025-01-31	5	2	2	Detractor
NULL	2397	2025-04-30	9	7	5	Promoter
NULL	2397	2025-07-31	3	6	5	Detractor
NULL	2397	2025-10-31	6	5	3	Detractor
NULL	2397	2026-01-31	8	4	4	Detractor
NULL	2397	2026-04-30	6	5	9	Passive
NULL	2397	2026-07-31	4	3	7	Detractor
NULL	2398	2025-07-31	5	5	8	Detractor
NULL	2398	2025-10-31	5	6	2	Detractor
NULL	2398	2026-01-31	4	9	5	Detractor
NULL	2398	2026-04-30	4	6	8	Detractor
NULL	2398	2026-07-31	5	6	1	Detractor
NULL	2399	2024-01-31	6	7	8	Detractor
NULL	2399	2024-04-30	5	5	4	Detractor
NULL	2399	2024-07-31	2	3	9	Detractor
NULL	2399	2024-10-31	3	6	7	Detractor
NULL	2399	2025-01-31	3	7	5	Detractor
NULL	2399	2025-04-30	8	6	10	Promoter
NULL	2399	2026-01-31	4	5	5	Passive
NULL	2399	2026-04-30	8	4	2	Passive
NULL	2399	2026-07-31	9	9	4	Promoter
NULL	2400	2024-07-31	8	1	9	Passive
NULL	2400	2024-10-31	5	3	7	Detractor
NULL	2400	2025-01-31	6	6	2	Detractor
NULL	2400	2025-10-31	4	1	7	Detractor
NULL	2400	01/31/2026	6	7	1	Promoter
NULL	2400	2026-04-30	1	NULL	2	Detractor
NULL	2401	2024-01-31	4	6	3	Detractor
NULL	2401	2024-04-30	5	1	2	Passive
NULL	2401	2024-07-31	2	3	NULL	Detractor
NULL	2401	2024-10-31	5	7	2	Detractor
NULL	2401	2025-04-30	4	7	7	Detractor
NULL	2401	2025-07-31	7	4	4	Passive
NULL	2401	2026-01-31	6	6	8	Detractor
NULL	2401	2026-04-30	3	4	6	Detractor
NULL	2401	2026-07-31	4	2	7	Detractor
NULL	2402	2024-01-31	10	8	7	Promoter
NULL	2402	2024-04-30	7	10	8	Promoter
NULL	2402	2024-07-31	10	8	9	Promoter
NULL	2402	2025-01-31	8	8	7	Passive
NULL	2402	2025-07-31	8	9	10	Passive
NULL	2402	2025-10-31	10	9	8	Promoter
NULL	2402	2026-01-31	9	10	7	Promoter
NULL	2402	2026-04-30	10	6	9	Passive
NULL	2402	2026-07-31	9	9	9	Promoter
NULL	2403	2026-07-31	5	4	4	Detractor
NULL	2404	2024-01-31	10	7	10	Promoter
NULL	2404	2024-04-30	10	9	7	Promoter
NULL	2404	2025-01-31	10	9	6	Passive
NULL	2404	2025-04-30	10	9	7	Passive
NULL	2404	2025-07-31	7	9	7	Detractor
NULL	2404	2025-10-31	10	8	7	Passive
NULL	2404	2026-01-31	7	8	6	Promoter
NULL	2404	2026-04-30	10	8	8	Promoter
NULL	2404	2026-07-31	10	8	7	Promoter
NULL	2405	2024-01-31	6	6	7	Promoter
NULL	2405	2024-04-30	4	6	4	Detractor
NULL	2405	2024-07-31	2	NULL	8	Passive
NULL	2405	2025-01-31	4	6	4	Detractor
NULL	2405	2025-10-31	4	4	1	Passive
NULL	2405	2026-01-31	6	5	1	Passive
NULL	2405	2026-07-31	1	5	7	Passive
NULL	2407	01/31/2025	10	NULL	8	Promoter
NULL	2407	2025-04-30	10	7	5	Passive
NULL	2407	2025-07-31	9	9	7	Promoter
NULL	2407	2025-10-31	8	4	5	Promoter
NULL	2407	2026-01-31	7	9	8	Promoter
NULL	2407	2026-04-30	9	5	9	Passive
NULL	2409	01/31/2024	8	8	8	Passive
NULL	2409	2024-04-30	10	9	7	Promoter
NULL	2409	2024-10-31	10	10	9	Promoter
NULL	2409	2025-01-31	8	10	10	Detractor
NULL	2409	2025-07-31	7	7	6	Passive
NULL	2409	2025-10-31	6	8	9	Passive
NULL	2409	2026-01-31	10	9	10	Promoter
NULL	2409	2026-07-31	9	8	4	Promoter
NULL	2410	2024-01-31	9	7	7	Promoter
NULL	2410	2024-07-31	7	10	9	Passive
NULL	2410	2024-10-31	8	7	10	Promoter
NULL	2410	2025-01-31	8	7	10	Promoter
NULL	2410	2025-04-30	8	7	1	Detractor
NULL	2410	2025-07-31	10	7	10	Promoter
NULL	2410	2026-01-31	7	6	7	Passive
NULL	2410	2026-04-30	10	6	7	Promoter
NULL	2411	2024-01-31	7	8	8	Detractor
NULL	2411	2024-10-31	9	7	NULL	Passive
NULL	2411	2025-01-31	8	7	9	Passive
NULL	2411	2025-10-31	6	7	NULL	Detractor
NULL	2411	2026-01-31	9	9	6	Passive
NULL	2411	2026-04-30	5	5	6	Detractor
NULL	2411	07/31/2026	4	8	6	Detractor
NULL	2412	2024-04-30	9	3	5	Promoter
NULL	2412	2024-07-31	5	5	4	Detractor
NULL	2412	2024-10-31	5	10	2	Passive
NULL	2412	2025-01-31	7	6	NULL	Promoter
NULL	2412	2025-04-30	7	5	5	Passive
NULL	2412	2025-07-31	5	6	6	Passive
NULL	2412	2025-10-31	7	6	5	Passive
NULL	2412	2026-07-31	8	2	5	Detractor
NULL	2413	2024-07-31	2	8	5	Detractor
NULL	2413	2024-10-31	3	1	5	Passive
NULL	2413	2025-01-31	3	1	4	Passive
NULL	2413	2025-04-30	3	3	1	Detractor
NULL	2413	2025-07-31	4	NULL	1	Promoter
NULL	2413	2026-04-30	2	2	1	Detractor
NULL	2413	2026-07-31	3	3	1	Detractor
NULL	2414	2024-04-30	5	1	1	Detractor
NULL	2414	2024-07-31	4	5	3	Passive
NULL	2414	2024-10-31	4	4	8	Passive
NULL	2414	2025-01-31	3	7	3	Detractor
NULL	2414	2025-04-30	6	1	8	Detractor
NULL	2414	2025-07-31	4	4	6	Passive
NULL	2414	2026-01-31	6	5	3	Detractor
NULL	2414	2026-04-30	2	4	1	Detractor
NULL	2415	2024-01-31	8	9	6	Passive
NULL	2415	2024-04-30	6	4	5	Detractor
NULL	2415	2024-07-31	4	8	9	Detractor
NULL	2415	2024-10-31	10	3	4	Promoter
NULL	2415	2025-04-30	7	4	5	Passive
NULL	2415	2026-01-31	5	4	6	Passive
NULL	2415	04/30/2026	7	7	8	Promoter
NULL	2415	2026-07-31	6	NULL	9	Detractor
NULL	2416	2024-01-31	7	6	2	Detractor
NULL	2416	2024-04-30	6	6	7	Detractor
NULL	2416	2024-07-31	8	7	7	Passive
NULL	2416	2025-01-31	6	10	2	Detractor
NULL	2416	2025-04-30	9	5	7	Promoter
NULL	2416	2025-07-31	7	5	2	Detractor
NULL	2416	2026-01-31	7	7	2	Passive
NULL	2416	2026-07-31	8	3	7	Passive
NULL	2418	2024-01-31	4	4	NULL	Detractor
NULL	2418	2024-04-30	5	4	5	Passive
NULL	2418	2024-07-31	6	8	3	Detractor
NULL	2418	2024-10-31	4	5	2	Detractor
NULL	2418	01/31/2025	7	4	5	Detractor
NULL	2418	2025-04-30	2	4	6	Detractor
NULL	2418	2025-07-31	4	1	5	Detractor
NULL	2418	2025-10-31	5	1	9	Detractor
NULL	2418	2026-01-31	7	4	3	Passive
NULL	2418	2026-07-31	6	6	1	Passive
NULL	2419	2024-04-30	10	3	6	Promoter
NULL	2419	2024-10-31	5	5	5	Detractor
NULL	2419	2025-04-30	4	6	7	Detractor
NULL	2419	2025-07-31	9	8	6	Promoter
NULL	2419	2025-10-31	8	9	3	Passive
NULL	2419	2026-01-31	7	6	8	Passive
NULL	2419	2026-04-30	7	8	8	Passive
NULL	2419	2026-07-31	6	9	6	Detractor
NULL	2420	2024-01-31	7	3	1	Detractor
NULL	2420	2024-04-30	4	5	3	Detractor
NULL	2420	2024-10-31	3	5	6	Detractor
NULL	2420	2025-01-31	8	3	4	Passive
NULL	2420	2025-04-30	8	4	9	Passive
NULL	2420	2025-07-31	8	9	6	Promoter
NULL	2420	2025-10-31	6	10	4	Passive
NULL	2420	2026-01-31	6	5	6	Detractor
NULL	2420	2026-04-30	6	4	NULL	Detractor
NULL	2420	2026-07-31	7	8	8	Detractor
NULL	2421	2024-01-31	10	6	7	Promoter
NULL	2421	2024-04-30	10	10	7	Promoter
NULL	2421	2024-07-31	9	10	10	Promoter
NULL	2421	2024-10-31	9	6	10	Promoter
NULL	2421	2025-01-31	9	8	6	Passive
NULL	2421	2025-04-30	8	7	6	Promoter
NULL	2422	2024-07-31	7	7	5	Passive
NULL	2422	2024-10-31	4	10	2	Detractor
NULL	2422	2025-01-31	6	3	6	Passive
NULL	2423	01/31/2024	10	5	9	Promoter
NULL	2423	2024-04-30	9	9	1	Promoter
NULL	2423	2024-10-31	7	4	6	Passive
NULL	2423	2025-01-31	8	10	7	Promoter
NULL	2423	2025-04-30	10	6	4	Promoter
NULL	2423	2025-07-31	7	10	7	Passive
NULL	2423	10/31/2025	9	5	7	Promoter
NULL	2423	2026-01-31	5	7	7	Passive
NULL	2423	2026-04-30	5	8	6	Detractor
NULL	2423	2026-07-31	6	8	8	Passive
NULL	2424	2024-07-31	6	2	1	Passive
NULL	2424	2024-10-31	2	3	2	Detractor
NULL	2424	2025-01-31	6	9	9	Detractor
NULL	2424	2025-04-30	1	4	1	Passive
NULL	2424	2025-07-31	5	8	2	Promoter
NULL	2424	2026-01-31	6	5	4	Detractor
NULL	2424	2026-04-30	4	4	1	Detractor
NULL	2425	2024-01-31	6	2	NULL	Detractor
NULL	2425	2024-04-30	3	2	3	Detractor
NULL	2425	2024-07-31	3	8	3	Detractor
NULL	2425	2025-01-31	1	7	4	Passive
NULL	2425	2025-04-30	3	6	1	Passive
NULL	2425	2025-10-31	6	3	4	Detractor
NULL	2425	2026-07-31	3	6	2	Detractor
NULL	2426	2024-01-31	4	8	7	Detractor
NULL	2426	2024-07-31	7	2	5	Promoter
NULL	2426	10/31/2024	4	6	6	Detractor
NULL	2426	2025-01-31	7	7	7	Passive
NULL	2426	2025-04-30	3	2	5	Detractor
NULL	2426	2025-10-31	5	4	7	Detractor
NULL	2426	2026-01-31	7	4	4	Promoter
NULL	2427	2024-07-31	5	5	6	Detractor
NULL	2427	2024-10-31	9	8	8	Promoter
NULL	2427	2025-04-30	6	7	5	Passive
NULL	2427	2025-07-31	8	3	6	Promoter
NULL	2427	2026-04-30	7	3	2	Promoter
NULL	2428	2024-10-31	8	6	3	Promoter
NULL	2428	2025-01-31	10	10	10	Promoter
NULL	2428	2025-04-30	8	10	NULL	Promoter
NULL	2428	2025-07-31	10	10	5	Promoter
NULL	2428	2025-10-31	7	NULL	6	Passive
NULL	2428	01/31/2026	10	10	7	Promoter
NULL	2428	2026-07-31	9	10	6	Passive
NULL	2430	2024-01-31	6	8	2	Passive
NULL	2430	2024-07-31	6	1	5	Promoter
NULL	2430	2025-01-31	6	6	1	Detractor
NULL	2430	2025-04-30	5	6	5	Promoter
NULL	2430	2025-07-31	5	5	5	Promoter
NULL	2430	2025-10-31	7	4	3	Promoter
NULL	2430	2026-01-31	7	2	5	Promoter
NULL	2430	2026-07-31	9	6	7	Promoter
NULL	2431	2024-07-31	1	4	6	Detractor
NULL	2431	2024-10-31	2	4	7	Passive
NULL	2431	2025-04-30	2	4	3	Detractor
NULL	2431	2025-07-31	2	3	1	Detractor
NULL	2431	2025-10-31	3	4	3	Detractor
NULL	2431	2026-01-31	2	3	2	Detractor
NULL	2431	2026-07-31	4	2	2	Passive
NULL	2432	2026-04-30	7	5	4	Promoter
NULL	2433	2024-04-30	8	8	10	Passive
NULL	2433	2024-07-31	7	8	9	Passive
NULL	2433	2024-10-31	9	9	7	Passive
NULL	2433	2025-04-30	8	10	8	Passive
NULL	2433	2025-07-31	7	9	10	Promoter
NULL	2433	2026-01-31	7	7	8	Promoter
NULL	2433	2026-04-30	10	8	7	Passive
NULL	2433	2026-07-31	10	6	7	Promoter
NULL	2434	2024-01-31	6	3	1	Passive
NULL	2434	2024-07-31	5	NULL	8	Detractor
NULL	2434	2024-10-31	6	3	7	Passive
NULL	2434	2025-04-30	5	NULL	3	Detractor
NULL	2434	2025-07-31	7	5	4	Passive
NULL	2434	2026-01-31	4	3	4	Passive
NULL	2434	2026-04-30	5	6	5	Passive
NULL	2436	2026-01-31	1	5	2	Detractor
NULL	2436	2026-04-30	7	2	6	Promoter
NULL	2438	2026-04-30	5	7	10	Passive
NULL	2438	2026-07-31	9	5	8	Promoter
NULL	2439	2024-01-31	1	1	3	Passive
NULL	2439	2024-04-30	2	2	4	Passive
NULL	2439	2024-07-31	1	1	1	Detractor
NULL	2439	2024-10-31	1	NULL	1	Detractor
NULL	2439	2025-04-30	3	1	3	Detractor
NULL	2439	2025-10-31	1	1	2	Detractor
NULL	2439	2026-04-30	2	1	2	Passive
NULL	2441	2024-07-31	6	2	1	Promoter
NULL	2441	2025-07-31	6	4	2	Passive
NULL	2441	2025-10-31	5	5	3	Detractor
NULL	2441	2026-01-31	4	2	4	Detractor
NULL	2441	2026-04-30	2	1	NULL	Detractor
NULL	2441	2026-07-31	2	4	7	Detractor
NULL	2442	2024-07-31	4	1	4	Detractor
NULL	2442	2024-10-31	1	1	4	Detractor
NULL	2442	2025-01-31	4	1	5	Passive
NULL	2442	2025-04-30	3	4	4	Detractor
NULL	2442	2025-10-31	3	1	1	Detractor
NULL	2442	2026-01-31	3	7	1	Detractor
NULL	2442	2026-07-31	5	8	4	Detractor
NULL	2444	2024-01-31	4	3	1	Detractor
NULL	2444	2024-07-31	5	1	3	Detractor
NULL	2444	10/31/2024	5	6	7	Passive
NULL	2444	2025-07-31	7	8	4	Promoter
NULL	2444	2025-10-31	7	3	1	Promoter
NULL	2444	2026-01-31	7	3	4	Promoter
NULL	2445	2026-07-31	6	9	5	Detractor
NULL	2446	2024-04-30	9	NULL	9	Promoter
NULL	2446	2024-10-31	9	8	9	Promoter
NULL	2446	2025-04-30	6	7	8	Detractor
NULL	2446	2025-07-31	8	8	4	Passive
NULL	2446	2026-07-31	10	3	6	Promoter
NULL	2447	2024-01-31	8	7	6	Passive
NULL	2447	2024-04-30	9	9	4	Promoter
NULL	2447	2024-07-31	8	8	6	Passive
NULL	2447	2024-10-31	8	2	7	Passive
NULL	2447	2025-01-31	5	7	5	Detractor
NULL	2447	2025-04-30	10	6	6	Promoter
NULL	2447	2025-07-31	7	5	8	Passive
NULL	2447	2026-04-30	10	7	10	Promoter
NULL	2447	2026-07-31	7	7	6	Passive
NULL	2448	2024-01-31	7	9	10	Passive
NULL	2448	2024-04-30	7	5	1	Passive
NULL	2448	2024-10-31	6	8	5	Detractor
NULL	2448	01/31/2025	9	9	5	Passive
NULL	2448	2025-07-31	7	9	10	Detractor
NULL	2448	2026-01-31	7	9	7	Promoter
NULL	2448	2026-07-31	9	5	5	Promoter
NULL	2449	2024-01-31	4	1	5	Passive
NULL	2449	2024-04-30	6	3	6	Detractor
NULL	2449	2024-07-31	6	7	3	Detractor
NULL	2449	2024-10-31	4	5	7	Detractor
NULL	2449	2025-01-31	6	NULL	7	Detractor
NULL	2449	2025-04-30	5	3	5	Promoter
NULL	2449	2025-07-31	5	8	8	Detractor
NULL	2449	2025-10-31	8	5	8	Passive
NULL	2449	2026-01-31	6	5	6	Detractor
NULL	2449	2026-04-30	5	7	7	Passive
NULL	2449	2026-07-31	10	5	5	Promoter
NULL	2451	2024-04-30	9	2	8	Promoter
NULL	2451	2024-07-31	4	6	3	Detractor
NULL	2451	2024-10-31	3	5	1	Promoter
NULL	2451	2025-01-31	6	6	2	Passive
NULL	2451	2025-10-31	3	5	4	Detractor
NULL	2451	2026-01-31	4	5	6	Passive
NULL	2451	2026-04-30	6	8	6	Passive
NULL	2452	2025-07-31	5	7	6	Detractor
NULL	2452	2025-10-31	4	6	4	Detractor
NULL	2452	2026-01-31	7	6	2	Detractor
NULL	2452	2026-04-30	6	2	8	Detractor
NULL	2453	2024-01-31	1	1	1	Detractor
NULL	2453	2024-07-31	2	1	1	Promoter
NULL	2453	2025-01-31	3	2	NULL	Detractor
NULL	2453	2025-04-30	4	1	NULL	Detractor
NULL	2453	2025-07-31	1	1	1	Passive
NULL	2453	2025-10-31	2	2	2	Detractor
NULL	2453	2026-01-31	3	1	4	Detractor
NULL	2453	2026-04-30	1	1	1	Passive
NULL	2453	2026-07-31	4	4	1	Passive
NULL	2454	2026-07-31	10	8	4	Promoter
NULL	2456	2024-04-30	6	5	5	Detractor
NULL	2456	2024-07-31	8	5	3	Passive
NULL	2456	2024-10-31	4	7	3	Detractor
NULL	2456	2025-04-30	4	7	5	Passive
NULL	2456	2025-07-31	6	5	5	Passive
NULL	2456	2026-01-31	7	7	10	Passive
NULL	2456	2026-04-30	9	4	7	Promoter
NULL	2457	2026-04-30	9	2	6	Promoter
NULL	2457	2026-07-31	8	9	10	Promoter
NULL	2458	04/30/2024	7	10	10	Passive
NULL	2458	2024-07-31	6	5	8	Detractor
NULL	2458	2024-10-31	8	10	9	Passive
NULL	2458	2025-01-31	10	10	5	Promoter
NULL	2458	2025-07-31	9	5	5	Promoter
NULL	2458	2025-10-31	9	10	9	Promoter
NULL	2458	2026-01-31	10	8	10	Promoter
NULL	2458	04/30/2026	9	5	6	Promoter
NULL	2458	2026-07-31	8	10	NULL	Passive
NULL	2459	2024-04-30	4	5	2	Detractor
NULL	2459	2024-10-31	2	1	1	Detractor
NULL	2459	01/31/2025	3	4	NULL	Detractor
NULL	2459	2025-07-31	5	4	1	Detractor
NULL	2459	2026-01-31	3	2	4	Passive
NULL	2459	2026-07-31	5	1	4	Detractor
NULL	2460	2025-10-31	1	2	1	Detractor
NULL	2461	2026-07-31	3	5	3	Passive
NULL	2463	2024-01-31	6	5	4	Detractor
NULL	2463	2024-04-30	9	10	8	Promoter
NULL	2463	2024-07-31	7	6	4	Passive
NULL	2463	2024-10-31	8	7	9	Promoter
NULL	2463	2025-01-31	10	3	6	Promoter
NULL	2463	2025-04-30	8	4	2	Passive
NULL	2463	2025-07-31	3	6	7	Detractor
NULL	2463	10/31/2025	7	4	5	Detractor
NULL	2463	2026-01-31	6	6	6	Detractor
NULL	2463	2026-07-31	9	NULL	9	Promoter
NULL	2464	2024-01-31	5	1	2	Detractor
NULL	2464	2024-04-30	6	4	5	Detractor
NULL	2464	2024-07-31	9	7	4	Promoter
NULL	2464	2024-10-31	7	6	10	Promoter
NULL	2464	2025-04-30	3	5	5	Detractor
NULL	2464	2025-07-31	5	3	4	Detractor
NULL	2464	2025-10-31	4	5	6	Detractor
NULL	2465	2024-01-31	6	8	10	Detractor
NULL	2465	2024-10-31	8	4	4	Promoter
NULL	2465	2025-01-31	8	7	8	Passive
NULL	2465	2025-07-31	10	8	8	Promoter
NULL	2465	2025-10-31	6	7	9	Detractor
NULL	2465	2026-01-31	7	3	4	Promoter
NULL	2465	2026-04-30	6	3	6	Detractor
NULL	2465	2026-07-31	7	5	7	Passive
NULL	2466	2025-01-31	4	9	10	Detractor
NULL	2466	2025-07-31	8	9	2	Promoter
NULL	2466	2025-10-31	8	10	10	Passive
NULL	2467	2025-01-31	2	5	5	Detractor
NULL	2467	2025-04-30	3	6	3	Detractor
NULL	2467	2025-07-31	1	6	6	Detractor
NULL	2467	2025-10-31	1	1	3	Detractor
NULL	2467	2026-01-31	2	1	2	Detractor
NULL	2467	2026-07-31	1	NULL	3	Detractor
NULL	2468	2025-04-30	3	1	6	Detractor
NULL	2468	2025-10-31	7	4	2	Promoter
NULL	2468	2026-01-31	6	8	1	Detractor
NULL	2468	2026-04-30	3	2	1	Detractor
NULL	2468	2026-07-31	3	7	4	Detractor
NULL	2469	2025-07-31	4	9	5	Detractor
NULL	2470	2026-04-30	1	3	8	Detractor
NULL	2470	2026-07-31	8	7	1	Passive
NULL	2471	2025-04-30	5	8	6	Detractor
NULL	2471	2025-07-31	7	7	2	Promoter
NULL	2471	2025-10-31	5	3	6	Detractor
NULL	2471	2026-01-31	7	7	6	Promoter
NULL	2471	2026-04-30	5	5	4	Passive
NULL	2471	2026-07-31	4	5	2	Detractor
NULL	2472	2026-01-31	3	1	3	Detractor
NULL	2472	2026-04-30	2	3	8	Detractor
NULL	2472	2026-07-31	2	5	1	Detractor
NULL	2473	2024-01-31	7	7	4	Promoter
NULL	2473	2024-07-31	7	8	4	Promoter
NULL	2473	2024-10-31	7	6	6	Passive
NULL	2473	2025-04-30	9	5	6	Promoter
NULL	2473	2025-10-31	6	6	4	Detractor
NULL	2473	2026-04-30	7	10	10	Detractor
NULL	2474	2024-01-31	4	2	1	Detractor
NULL	2474	2024-04-30	2	4	2	Detractor
NULL	2474	2025-01-31	3	2	7	Passive
NULL	2474	2025-07-31	3	2	1	Detractor
NULL	2474	2025-10-31	6	6	1	Detractor
NULL	2474	2026-01-31	3	5	6	Promoter
NULL	2474	2026-04-30	5	5	6	Passive
NULL	2475	2025-07-31	6	7	1	Detractor
NULL	2475	2026-01-31	5	6	NULL	Passive
NULL	2475	2026-04-30	7	10	5	Promoter
NULL	2475	2026-07-31	6	8	9	Detractor
NULL	2476	2025-04-30	8	2	3	Promoter
NULL	2476	2025-07-31	5	8	6	Detractor
NULL	2476	2025-10-31	6	3	6	Detractor
NULL	2476	2026-01-31	6	8	5	Detractor
NULL	2476	2026-04-30	3	1	4	Detractor
NULL	2477	2024-04-30	8	6	8	Passive
NULL	2477	2024-10-31	10	4	6	Promoter
NULL	2477	2025-04-30	8	5	10	Promoter
NULL	2477	2025-07-31	10	6	7	Promoter
NULL	2477	2025-10-31	7	10	3	Passive
NULL	2477	2026-01-31	7	10	6	Promoter
NULL	2477	2026-04-30	9	9	7	Detractor
NULL	2478	2025-07-31	1	1	1	Detractor
NULL	2478	2025-10-31	1	1	1	Passive
NULL	2479	2024-01-31	6	6	5	Detractor
NULL	2479	2024-04-30	8	4	7	Promoter
NULL	2479	2024-07-31	8	6	6	Passive
NULL	2479	2025-01-31	7	6	10	Passive
NULL	2479	04/30/2025	8	6	NULL	Promoter
NULL	2479	2025-10-31	6	8	8	Detractor
NULL	2479	2026-04-30	5	6	3	Passive
NULL	2479	2026-07-31	6	5	8	Detractor
NULL	2480	2024-07-31	7	4	1	Promoter
NULL	2480	2024-10-31	2	3	1	Detractor
NULL	2480	2025-01-31	3	1	1	Passive
NULL	2480	2025-04-30	5	4	2	Detractor
NULL	2480	2026-01-31	3	4	6	Passive
NULL	2480	2026-07-31	5	2	4	Promoter
NULL	2482	2024-01-31	7	8	10	Passive
NULL	2482	2024-04-30	6	6	6	Passive
NULL	2483	2024-01-31	10	5	10	Promoter
NULL	2483	2024-04-30	10	10	9	Promoter
NULL	2483	2024-10-31	10	9	10	Promoter
NULL	2483	2025-04-30	8	8	10	Detractor
NULL	2483	2025-07-31	10	7	8	Promoter
NULL	2483	2025-10-31	9	8	10	Promoter
NULL	2483	2026-07-31	10	7	10	Promoter
NULL	2484	2024-07-31	6	5	7	Passive
NULL	2484	2024-10-31	4	2	6	Detractor
NULL	2484	2025-01-31	5	4	1	Passive
NULL	2484	2025-04-30	5	3	3	Passive
NULL	2484	2025-07-31	1	1	2	Promoter
NULL	2484	2025-10-31	7	2	3	Passive
NULL	2484	2026-01-31	5	4	3	Detractor
NULL	2484	2026-04-30	4	7	3	Passive
NULL	2484	2026-07-31	2	5	7	Passive
NULL	2485	2024-10-31	10	9	7	Promoter
NULL	2485	2025-04-30	9	10	8	Promoter
NULL	2485	2025-07-31	10	9	10	Promoter
NULL	2485	2025-10-31	9	8	6	Promoter
NULL	2485	2026-01-31	9	10	10	Passive
NULL	2485	2026-04-30	7	9	NULL	Promoter
NULL	2485	2026-07-31	9	10	5	Promoter
NULL	2487	2024-07-31	4	4	4	Detractor
NULL	2487	2025-04-30	3	4	4	Passive
NULL	2487	2026-04-30	5	2	4	Detractor
NULL	2488	2024-10-31	3	4	1	Detractor
NULL	2488	2025-01-31	1	7	2	Detractor
NULL	2488	2025-07-31	1	5	9	Detractor
NULL	2488	2025-10-31	4	3	3	Detractor
NULL	2488	2026-04-30	4	5	8	Detractor
NULL	2488	2026-07-31	1	1	9	Detractor
NULL	2489	2026-07-31	9	9	10	Promoter
NULL	2490	2024-01-31	3	7	7	Passive
NULL	2490	2024-10-31	6	4	3	Detractor
NULL	2490	2025-04-30	3	3	8	Detractor
NULL	2490	2025-07-31	5	3	10	Detractor
NULL	2490	2025-10-31	7	8	1	Passive
NULL	2490	2026-01-31	5	4	6	Detractor
NULL	2491	2024-01-31	3	5	5	Passive
NULL	2491	2024-04-30	5	5	6	Passive
NULL	2491	2024-10-31	4	1	9	Detractor
NULL	2491	2025-01-31	7	1	7	Promoter
NULL	2491	2025-04-30	4	1	2	Passive
NULL	2491	2025-07-31	4	1	1	Passive
NULL	2491	2025-10-31	5	3	3	Passive
NULL	2491	2026-01-31	4	1	6	Detractor
NULL	2491	2026-04-30	3	1	1	Detractor
NULL	2492	2024-01-31	3	5	8	Passive
NULL	2492	2024-04-30	5	6	6	Detractor
NULL	2492	2024-07-31	9	1	10	Passive
NULL	2492	01/31/2025	7	9	6	Passive
NULL	2492	2025-04-30	7	7	NULL	Passive
NULL	2492	2025-07-31	7	5	6	Promoter
NULL	2493	2025-07-31	7	2	5	Passive
NULL	2493	2026-01-31	4	4	8	Passive
NULL	2494	2026-04-30	5	3	8	Passive
NULL	2495	01/31/2024	6	2	8	Detractor
NULL	2495	2024-04-30	6	6	1	Detractor
NULL	2495	2024-07-31	5	5	10	Detractor
NULL	2495	2025-01-31	4	NULL	2	Passive
NULL	2495	2025-10-31	5	4	8	Passive
NULL	2495	2026-01-31	6	2	2	Passive
NULL	2495	2026-04-30	3	6	7	Detractor
NULL	2495	2026-07-31	3	NULL	8	Detractor
NULL	2497	2025-10-31	8	6	9	Promoter
NULL	2497	01/31/2026	5	7	6	Detractor
NULL	2497	2026-04-30	9	6	6	Passive
NULL	2497	2026-07-31	5	5	NULL	Promoter
NULL	2498	2024-01-31	7	6	6	Detractor
NULL	2498	2024-04-30	8	10	9	Promoter
NULL	2498	2024-07-31	9	7	7	Promoter
NULL	2498	2025-07-31	5	8	9	Detractor
NULL	2498	2025-10-31	9	8	9	Promoter
NULL	2498	2026-01-31	10	7	9	Promoter
NULL	2498	2026-04-30	9	4	5	Promoter
NULL	2498	2026-07-31	8	6	5	Promoter
NULL	2499	2024-01-31	4	8	5	Detractor
NULL	2499	2024-04-30	4	3	5	Detractor
NULL	2499	2024-10-31	7	3	5	Promoter
NULL	2499	2025-07-31	8	4	7	Passive
NULL	2499	2026-01-31	10	6	5	Passive
NULL	2499	2026-04-30	5	2	7	Detractor
NULL	2499	2026-07-31	4	5	1	Passive
NULL	2500	2026-07-31	8	6	7	Promoter
NULL	2501	2024-01-31	8	9	8	Passive
NULL	2501	2024-04-30	9	5	8	Promoter
NULL	2501	2024-10-31	10	6	7	Promoter
NULL	2501	2025-04-30	9	5	9	Passive
NULL	2501	2025-07-31	6	7	8	Detractor
NULL	2501	2026-01-31	4	5	6	Detractor
NULL	2501	2026-07-31	7	6	5	Passive
NULL	2502	2024-04-30	9	6	5	Promoter
NULL	2502	2024-07-31	8	5	7	Promoter
NULL	2502	2025-01-31	9	10	10	Promoter
NULL	2502	2025-04-30	8	NULL	4	Passive
NULL	2502	2025-10-31	10	8	10	Passive
NULL	2502	2026-07-31	10	5	7	Promoter
NULL	2503	2025-07-31	6	9	5	Detractor
NULL	2503	2025-10-31	8	7	10	Passive
NULL	2504	2025-01-31	8	5	NULL	Passive
NULL	2505	2025-04-30	5	9	9	Detractor
NULL	2505	2025-07-31	10	7	10	Promoter
NULL	2505	2025-10-31	7	8	8	Passive
NULL	2505	01/31/2026	10	5	10	Passive
NULL	2505	2026-04-30	10	10	NULL	Promoter
NULL	2505	2026-07-31	10	8	6	Promoter
NULL	2506	2026-07-31	8	6	3	Promoter
NULL	2507	2024-01-31	2	7	5	Detractor
NULL	2507	2024-04-30	7	7	7	Promoter
NULL	2507	2024-07-31	6	4	9	Detractor
NULL	2507	2024-10-31	7	10	4	Passive
NULL	2507	2025-01-31	5	5	3	Detractor
NULL	2507	2025-04-30	5	1	1	Detractor
NULL	2507	2025-07-31	6	4	4	Passive
NULL	2507	2025-10-31	8	8	9	Passive
NULL	2507	2026-01-31	7	7	6	Promoter
NULL	2507	2026-04-30	8	10	1	Passive
NULL	2507	2026-07-31	3	5	3	Detractor
NULL	2509	10/31/2025	8	9	7	Detractor
NULL	2509	2026-01-31	3	4	4	Passive
NULL	2509	2026-04-30	8	5	10	Promoter
NULL	2512	2024-04-30	3	4	2	Promoter
NULL	2512	2024-10-31	1	6	7	Detractor
NULL	2512	2025-01-31	5	2	1	Detractor
NULL	2512	2025-04-30	1	3	1	Detractor
NULL	2512	2025-07-31	3	5	5	Detractor
NULL	2512	2025-10-31	4	4	5	Detractor
NULL	2512	2026-01-31	2	3	5	Detractor
NULL	2512	2026-07-31	5	5	NULL	Detractor
NULL	2513	2025-01-31	9	10	6	Promoter
NULL	2513	2025-04-30	4	6	10	Detractor
NULL	2513	2025-07-31	10	7	4	Passive
NULL	2513	2026-04-30	10	5	7	Promoter
NULL	2515	2024-01-31	10	6	10	Promoter
NULL	2515	2024-07-31	5	8	8	Detractor
NULL	2515	2025-01-31	8	6	3	Passive
NULL	2515	2025-04-30	6	10	7	Detractor
NULL	2515	2025-07-31	6	6	5	Detractor
NULL	2515	2025-10-31	7	3	4	Passive
NULL	2515	2026-01-31	9	6	10	Promoter
NULL	2515	2026-04-30	5	8	4	Passive
NULL	2515	2026-07-31	10	6	2	Passive
NULL	2516	2024-10-31	6	5	10	Passive
NULL	2516	2025-01-31	3	7	4	Passive
NULL	2516	2025-04-30	7	6	7	Promoter
NULL	2516	2025-10-31	6	7	10	Detractor
NULL	2516	2026-01-31	5	8	7	Detractor
NULL	2516	2026-04-30	8	6	NULL	Passive
NULL	2516	2026-07-31	6	7	7	Passive
NULL	2517	2025-10-31	7	2	5	Detractor
NULL	2517	2026-07-31	3	7	3	Detractor
NULL	2518	07/31/2025	5	8	NULL	Passive
NULL	2518	2025-10-31	6	8	2	Detractor
NULL	2518	2026-01-31	2	2	7	Detractor
NULL	2518	2026-04-30	7	6	5	Passive
NULL	2519	2024-04-30	10	6	7	Promoter
NULL	2519	2024-07-31	8	7	6	Promoter
NULL	2519	2025-01-31	9	7	6	Passive
NULL	2519	2025-04-30	7	8	8	Detractor
NULL	2519	10/31/2025	7	7	9	Detractor
NULL	2519	2026-04-30	8	5	6	Passive
NULL	2519	2026-07-31	10	5	9	Promoter
NULL	2520	2024-01-31	6	7	5	Promoter
NULL	2520	2024-04-30	7	10	5	Detractor
NULL	2520	2024-07-31	8	6	NULL	Detractor
NULL	2520	2025-04-30	10	7	4	Promoter
NULL	2520	2025-07-31	8	6	6	Passive
NULL	2520	2026-01-31	5	6	4	Detractor
NULL	2520	2026-04-30	5	3	4	Detractor
NULL	2522	2025-04-30	7	4	6	Promoter
NULL	2522	2025-10-31	4	4	1	Passive
NULL	2522	2026-01-31	4	7	4	Passive
NULL	2524	2024-07-31	8	6	5	Passive
NULL	2524	2024-10-31	9	7	5	Promoter
NULL	2524	2025-01-31	9	8	6	Detractor
NULL	2524	2025-04-30	4	10	5	Detractor
NULL	2524	2025-07-31	9	9	5	Promoter
NULL	2524	2025-10-31	9	8	7	Passive
NULL	2524	2026-04-30	9	10	5	Promoter
NULL	2524	2026-07-31	6	8	8	Detractor
NULL	2525	2025-01-31	6	2	1	Detractor
NULL	2525	2025-04-30	5	5	1	Detractor
NULL	2525	2025-07-31	8	3	2	Passive
NULL	2525	2025-10-31	9	5	5	Promoter
NULL	2525	2026-04-30	8	5	5	Passive
NULL	2525	2026-07-31	5	7	5	Detractor
NULL	2526	2024-04-30	9	9	4	Promoter
NULL	2526	07/31/2024	6	8	5	Passive
NULL	2526	2025-01-31	10	9	7	Promoter
NULL	2526	2025-04-30	9	6	5	Promoter
NULL	2526	2025-07-31	10	4	10	Promoter
NULL	2526	2025-10-31	5	1	8	Detractor
NULL	2526	2026-01-31	8	8	10	Passive
NULL	2526	2026-04-30	6	10	6	Detractor
NULL	2527	2025-01-31	7	3	5	Passive
NULL	2527	2025-07-31	5	3	7	Passive
NULL	2527	2025-10-31	6	6	6	Promoter
NULL	2527	2026-01-31	2	6	5	Passive
NULL	2527	2026-07-31	5	7	4	Detractor
NULL	2528	2024-04-30	5	NULL	5	Passive
NULL	2528	2024-07-31	10	4	1	Promoter
NULL	2528	2024-10-31	6	8	3	Passive
NULL	2528	2025-01-31	4	8	7	Detractor
NULL	2528	2025-04-30	7	2	1	Passive
NULL	2528	2025-07-31	6	4	5	Detractor
NULL	2528	2025-10-31	5	8	1	Detractor
NULL	2528	2026-01-31	8	5	4	Promoter
NULL	2528	2026-04-30	4	2	3	Passive
NULL	2528	2026-07-31	6	9	8	Detractor
NULL	2529	2026-01-31	1	4	1	Promoter
NULL	2529	2026-04-30	1	4	1	Detractor
NULL	2529	2026-07-31	1	1	1	Passive
NULL	2530	2024-07-31	5	5	4	Detractor
NULL	2530	2024-10-31	7	7	9	Passive
NULL	2530	2025-07-31	9	8	5	Promoter
NULL	2530	2025-10-31	7	5	2	Promoter
NULL	2530	2026-01-31	6	4	7	Detractor
NULL	2530	04/30/2026	9	6	6	Promoter
NULL	2531	2025-04-30	10	8	6	Promoter
NULL	2531	2025-07-31	10	7	7	Promoter
NULL	2531	2025-10-31	10	8	7	Detractor
NULL	2531	2026-04-30	9	10	8	Promoter
NULL	2531	2026-07-31	10	6	9	Promoter
NULL	2532	2025-07-31	5	9	5	Detractor
NULL	2532	2026-01-31	10	9	9	Promoter
NULL	2532	2026-04-30	10	10	9	Promoter
NULL	2532	2026-07-31	8	10	10	Passive
NULL	2534	2024-01-31	6	7	6	Passive
NULL	2534	2024-04-30	9	3	6	Passive
NULL	2534	2024-07-31	7	1	10	Detractor
NULL	2534	2025-01-31	9	7	3	Promoter
NULL	2534	2025-04-30	8	9	3	Passive
NULL	2534	2025-10-31	4	6	10	Detractor
NULL	2534	2026-04-30	8	5	NULL	Detractor
NULL	2534	2026-07-31	8	8	6	Detractor
NULL	2535	2026-04-30	8	10	10	Passive
NULL	2535	2026-07-31	9	10	9	Passive
NULL	2536	2024-04-30	5	8	4	Detractor
NULL	2536	2024-10-31	9	8	NULL	Passive
NULL	2536	2025-04-30	8	NULL	6	Passive
NULL	2536	2025-10-31	8	8	5	Promoter
NULL	2536	2026-01-31	8	7	8	Promoter
NULL	2536	2026-04-30	8	8	8	Promoter
NULL	2536	2026-07-31	10	3	5	Promoter
NULL	2537	2025-07-31	6	7	8	Detractor
NULL	2537	2025-10-31	4	8	NULL	Detractor
NULL	2537	2026-01-31	5	4	6	Detractor
NULL	2537	2026-04-30	7	5	5	Passive
NULL	2538	2025-07-31	6	7	8	Detractor
NULL	2538	2025-10-31	4	6	5	Passive
NULL	2538	2026-01-31	4	6	7	Detractor
NULL	2538	2026-07-31	6	7	2	Detractor
NULL	2539	2024-10-31	5	6	4	Detractor
NULL	2539	2025-01-31	1	1	7	Detractor
NULL	2539	2025-04-30	5	4	3	Detractor
NULL	2539	2025-07-31	4	7	1	Detractor
NULL	2539	2025-10-31	6	2	3	Detractor
NULL	2539	2026-04-30	5	5	5	Promoter
NULL	2539	2026-07-31	7	3	1	Passive
NULL	2540	2025-01-31	6	7	6	Detractor
NULL	2540	2025-04-30	9	7	7	Promoter
NULL	2540	2025-07-31	10	6	7	Promoter
NULL	2540	2025-10-31	4	4	6	Passive
NULL	2540	2026-04-30	6	8	8	Passive
NULL	2540	2026-07-31	8	4	2	Passive
NULL	2541	2025-07-31	8	2	4	Detractor
NULL	2541	2025-10-31	7	4	6	Passive
NULL	2541	2026-07-31	1	6	5	Detractor
NULL	2542	2024-01-31	3	2	1	Detractor
NULL	2542	2024-04-30	3	3	1	Detractor
NULL	2542	2024-07-31	3	4	4	Detractor
NULL	2542	2024-10-31	3	1	2	Detractor
NULL	2542	2025-01-31	3	1	3	Detractor
NULL	2542	2025-07-31	1	8	6	Detractor
NULL	2542	2025-10-31	3	2	6	Detractor
NULL	2542	2026-01-31	4	2	3	Detractor
NULL	2543	2026-04-30	9	5	5	Detractor
NULL	2543	2026-07-31	8	6	6	Passive
NULL	2544	2026-01-31	6	2	5	Detractor
NULL	2544	2026-07-31	5	5	6	Detractor
NULL	2546	2025-07-31	5	5	6	Detractor
NULL	2546	10/31/2025	6	3	4	Passive
NULL	2546	2026-01-31	8	3	5	Promoter
NULL	2546	2026-04-30	10	4	10	Promoter
NULL	2546	2026-07-31	9	5	2	Promoter
NULL	2547	2025-07-31	5	1	1	Detractor
NULL	2547	2025-10-31	1	6	6	Detractor
NULL	2547	2026-07-31	5	1	1	Detractor
NULL	2548	2024-01-31	5	4	7	Detractor
NULL	2548	2024-04-30	3	4	7	Passive
NULL	2548	2024-07-31	5	3	1	Passive
NULL	2548	2025-01-31	6	1	7	Passive
NULL	2548	2025-04-30	6	5	4	Detractor
NULL	2548	2025-10-31	2	2	5	Promoter
NULL	2548	2026-01-31	2	1	1	Detractor
NULL	2548	2026-04-30	5	1	3	Passive
NULL	2548	2026-07-31	4	4	3	Detractor
NULL	2549	2025-04-30	10	7	10	Promoter
NULL	2549	2025-10-31	7	7	10	Passive
NULL	2549	2026-01-31	9	7	8	Promoter
NULL	2549	2026-04-30	9	4	8	Promoter
NULL	2549	2026-07-31	10	10	NULL	Detractor
NULL	2551	2024-01-31	8	7	4	Passive
NULL	2551	2024-04-30	8	9	8	Passive
NULL	2551	2024-07-31	6	4	7	Detractor
NULL	2551	2024-10-31	6	1	5	Detractor
NULL	2551	2025-01-31	6	4	NULL	Detractor
NULL	2551	2025-04-30	7	6	6	Detractor
NULL	2551	2026-04-30	7	3	7	Detractor
NULL	2551	2026-07-31	6	5	5	Detractor
NULL	2552	2025-01-31	5	5	7	Detractor
NULL	2552	2025-10-31	8	7	5	Promoter
NULL	2552	2026-01-31	8	2	3	Promoter
NULL	2552	2026-04-30	1	4	4	Detractor
NULL	2552	2026-07-31	6	1	3	Passive
NULL	2553	2025-10-31	4	8	8	Detractor
NULL	2553	2026-01-31	10	10	8	Passive
NULL	2553	2026-04-30	6	8	10	Passive
NULL	2553	2026-07-31	7	8	3	Passive
NULL	2554	2024-04-30	5	1	5	Detractor
NULL	2554	2024-07-31	1	3	4	Detractor
NULL	2554	2025-01-31	5	6	4	Passive
NULL	2554	2025-04-30	2	3	4	Detractor
NULL	2554	2025-07-31	1	1	5	Detractor
NULL	2554	2025-10-31	4	3	NULL	Detractor
NULL	2554	2026-01-31	1	4	6	Detractor
NULL	2554	2026-04-30	5	1	3	Passive
NULL	2555	2025-10-31	4	3	2	Passive
NULL	2555	2026-01-31	5	3	7	Detractor
NULL	2555	2026-04-30	5	5	1	Detractor
NULL	2556	2024-07-31	7	9	8	Detractor
NULL	2556	2025-01-31	8	10	8	Passive
NULL	2556	04/30/2025	10	7	6	Promoter
NULL	2556	2025-10-31	10	10	8	Passive
NULL	2556	2026-01-31	8	9	7	Passive
NULL	2556	04/30/2026	8	7	4	Passive
NULL	2556	2026-07-31	8	10	8	Promoter
NULL	2557	2024-10-31	10	8	10	Promoter
NULL	2557	2025-01-31	10	8	6	Promoter
NULL	2557	2025-04-30	10	8	10	Promoter
NULL	2557	2025-07-31	10	10	4	Promoter
NULL	2557	2025-10-31	8	7	6	Passive
NULL	2557	2026-01-31	10	5	10	Promoter
NULL	2557	2026-04-30	10	5	8	Promoter
NULL	2557	2026-07-31	10	10	7	Promoter
NULL	2558	2024-01-31	6	10	9	Detractor
NULL	2558	2024-07-31	7	5	4	Promoter
NULL	2558	10/31/2024	9	5	6	Promoter
NULL	2558	2025-04-30	6	2	4	Detractor
NULL	2558	2025-07-31	7	2	10	Promoter
NULL	2558	2025-10-31	4	6	2	Detractor
NULL	2558	2026-01-31	6	5	3	Passive
NULL	2558	2026-04-30	8	3	7	Passive
NULL	2558	2026-07-31	4	7	1	Detractor
NULL	2561	2025-04-30	4	3	9	Detractor
NULL	2561	2025-07-31	4	2	4	Detractor
NULL	2561	2025-10-31	4	2	1	Promoter
NULL	2561	2026-04-30	4	6	6	Detractor
NULL	2562	2024-01-31	5	1	3	Detractor
NULL	2562	2025-04-30	5	4	4	Detractor
NULL	2562	2025-07-31	5	3	3	Detractor
NULL	2562	2026-01-31	2	2	1	Detractor
NULL	2562	2026-07-31	6	1	4	Detractor
NULL	2563	2024-04-30	5	4	2	Detractor
NULL	2563	2024-07-31	5	4	NULL	Detractor
NULL	2563	2025-01-31	6	9	2	Detractor
NULL	2563	2025-04-30	9	10	6	Promoter
NULL	2563	2025-07-31	6	6	4	Passive
NULL	2563	2026-01-31	5	5	7	Passive
NULL	2564	2024-07-31	9	4	10	Promoter
NULL	2564	2024-10-31	10	9	10	Promoter
NULL	2564	2025-01-31	10	9	8	Promoter
NULL	2564	2025-04-30	10	10	7	Passive
NULL	2564	2025-07-31	6	6	7	Detractor
NULL	2564	2025-10-31	10	6	5	Promoter
NULL	2564	2026-04-30	10	10	10	Promoter
NULL	2564	2026-07-31	9	9	10	Promoter
NULL	2565	2025-04-30	5	5	3	Detractor
NULL	2566	2026-04-30	1	2	3	Detractor
NULL	2566	2026-07-31	4	3	3	Detractor
NULL	2567	2024-07-31	5	3	2	Detractor
NULL	2567	2024-10-31	6	9	10	Passive
NULL	2567	2025-01-31	4	9	3	Detractor
NULL	2567	2025-04-30	7	5	3	Passive
NULL	2567	2026-01-31	7	8	6	Promoter
NULL	2567	2026-04-30	7	1	2	Promoter
NULL	2568	2026-04-30	5	7	4	Detractor
NULL	2569	01/31/2024	7	4	7	Promoter
NULL	2569	2024-04-30	6	4	10	Detractor
NULL	2569	2024-07-31	8	8	8	Passive
NULL	2569	2024-10-31	10	6	6	Promoter
NULL	2569	2025-04-30	8	8	5	Promoter
NULL	2569	2025-10-31	7	5	9	Passive
NULL	2569	2026-04-30	10	9	4	Passive
NULL	2569	2026-07-31	9	7	10	Passive
NULL	2570	2025-10-31	4	1	1	Passive
NULL	2570	2026-01-31	6	1	3	Detractor
NULL	2570	2026-04-30	5	1	1	Passive
NULL	2571	2025-04-30	2	3	1	Detractor
NULL	2571	2025-07-31	5	2	8	Passive
NULL	2571	2026-01-31	6	9	6	Detractor
NULL	2571	2026-04-30	6	1	4	Detractor
NULL	2571	2026-07-31	3	5	3	Detractor
NULL	2572	2024-04-30	3	4	3	Detractor
NULL	2572	2024-07-31	4	4	3	Detractor
NULL	2572	2025-01-31	7	1	3	Promoter
NULL	2572	2025-04-30	2	1	6	Promoter
NULL	2572	2025-10-31	4	3	3	Passive
NULL	2572	2026-04-30	4	2	1	Detractor
NULL	2572	2026-07-31	5	3	5	Detractor
NULL	2573	10/31/2025	5	NULL	3	Detractor
NULL	2573	2026-01-31	6	9	1	Detractor
NULL	2573	2026-04-30	4	7	2	Detractor
NULL	2574	2025-01-31	6	4	3	Passive
NULL	2574	2025-04-30	7	5	5	Passive
NULL	2574	2025-07-31	3	4	5	Passive
NULL	2574	2025-10-31	7	5	4	Promoter
NULL	2574	2026-01-31	5	4	1	Detractor
NULL	2574	2026-04-30	4	8	1	Passive
NULL	2575	2026-01-31	10	6	10	Promoter
NULL	2576	2024-01-31	2	1	1	Detractor
NULL	2576	2024-07-31	1	1	1	Passive
NULL	2576	2025-01-31	1	3	1	Detractor
NULL	2576	2025-04-30	1	1	2	Passive
NULL	2576	2025-07-31	1	1	1	Detractor
NULL	2576	2025-10-31	4	2	1	Detractor
NULL	2576	2026-01-31	1	3	2	Detractor
NULL	2576	2026-04-30	1	6	5	Passive
NULL	2576	2026-07-31	1	2	3	Detractor
NULL	2577	2026-04-30	4	5	5	Promoter
NULL	2577	2026-07-31	4	5	4	Passive
NULL	2578	2024-04-30	3	2	1	Detractor
NULL	2578	2024-07-31	1	3	4	Detractor
NULL	2578	2025-07-31	4	NULL	3	Passive
NULL	2578	2025-10-31	3	4	2	Detractor
NULL	2578	2026-04-30	2	4	1	Passive
NULL	2578	2026-07-31	3	1	2	Passive
NULL	2579	2026-07-31	7	4	7	Promoter
NULL	2580	2024-04-30	7	6	6	Passive
NULL	2580	2024-07-31	7	5	8	Passive
NULL	2580	2024-10-31	5	5	7	Passive
NULL	2580	2025-01-31	6	1	2	Detractor
NULL	2580	2025-04-30	9	8	3	Promoter
NULL	2580	2025-10-31	8	6	4	Promoter
NULL	2580	2026-04-30	7	8	3	Detractor
NULL	2581	2025-07-31	9	9	10	Promoter
NULL	2581	2025-10-31	8	9	8	Promoter
NULL	2581	2026-01-31	10	10	10	Promoter
NULL	2581	2026-04-30	9	8	7	Promoter
NULL	2581	2026-07-31	9	7	10	Detractor
NULL	2582	2025-04-30	6	6	10	Detractor
NULL	2582	2025-07-31	8	10	10	Detractor
NULL	2582	2025-10-31	10	8	6	Promoter
NULL	2582	2026-04-30	4	8	10	Detractor
NULL	2582	2026-07-31	7	7	7	Detractor
NULL	2583	2025-10-31	8	4	3	Detractor
NULL	2583	2026-01-31	7	6	3	Promoter
NULL	2583	2026-04-30	9	7	9	Promoter
NULL	2584	2025-01-31	8	1	5	Passive
NULL	2584	2025-04-30	6	6	5	Detractor
NULL	2584	2025-07-31	5	5	1	Passive
NULL	2584	2025-10-31	4	4	1	Detractor
NULL	2584	01/31/2026	6	5	3	Detractor
NULL	2584	2026-04-30	5	7	4	Passive
NULL	2585	2024-04-30	5	9	2	Detractor
NULL	2585	2024-07-31	4	3	NULL	Detractor
NULL	2585	2025-07-31	6	8	2	Passive
NULL	2585	2025-10-31	2	2	2	Detractor
NULL	2585	2026-01-31	3	2	6	Detractor
NULL	2586	2024-01-31	3	3	8	Detractor
NULL	2586	2024-07-31	7	7	9	Passive
NULL	2586	2024-10-31	7	6	1	Passive
NULL	2586	2025-01-31	7	10	NULL	Detractor
NULL	2586	2025-04-30	6	4	8	Passive
NULL	2586	2025-07-31	7	7	3	Passive
NULL	2586	2025-10-31	10	9	7	Promoter
NULL	2586	2026-01-31	8	3	5	Detractor
NULL	2586	07/31/2026	4	8	5	Detractor
NULL	2587	2024-01-31	5	4	6	Passive
NULL	2587	2024-10-31	5	4	5	Detractor
NULL	2587	2025-01-31	6	2	1	Passive
NULL	2587	2025-07-31	6	6	6	Detractor
NULL	2587	2025-10-31	4	1	5	Detractor
NULL	2587	2026-01-31	4	4	1	Promoter
NULL	2587	2026-04-30	3	2	2	Detractor
NULL	2587	2026-07-31	2	1	5	Detractor
NULL	2588	2024-10-31	4	5	9	Detractor
NULL	2588	2025-01-31	8	6	6	Promoter
NULL	2588	2025-04-30	7	7	8	Passive
NULL	2588	2025-07-31	6	2	4	Detractor
NULL	2589	2024-07-31	6	6	7	Detractor
NULL	2589	2024-10-31	5	6	4	Passive
NULL	2589	01/31/2025	4	2	4	Passive
NULL	2589	2025-04-30	5	4	5	Detractor
NULL	2589	2025-07-31	6	5	7	Detractor
NULL	2589	2026-01-31	7	5	3	Promoter
NULL	2589	2026-04-30	7	5	5	Passive
NULL	2589	2026-07-31	6	3	8	Detractor
NULL	2590	2025-10-31	9	10	7	Promoter
NULL	2590	2026-01-31	3	7	4	Detractor
NULL	2590	2026-04-30	9	8	7	Promoter
NULL	2590	2026-07-31	4	8	10	Promoter
NULL	2591	2025-01-31	9	8	9	Promoter
NULL	2591	2025-04-30	8	9	5	Promoter
NULL	2591	2025-10-31	10	9	7	Promoter
NULL	2591	2026-04-30	10	7	6	Promoter
NULL	2592	2025-07-31	9	2	10	Promoter
NULL	2592	2025-10-31	7	10	6	Promoter
NULL	2592	2026-01-31	7	7	8	Promoter
NULL	2592	2026-04-30	9	10	8	Promoter
NULL	2592	2026-07-31	7	7	7	Passive
NULL	2594	2024-01-31	5	4	6	Detractor
NULL	2594	2024-07-31	4	6	2	Detractor
NULL	2594	2024-10-31	2	NULL	5	Detractor
NULL	2594	2025-01-31	3	7	2	Passive
NULL	2594	2025-07-31	1	3	7	Passive
NULL	2594	2025-10-31	1	1	7	Passive
NULL	2594	2026-01-31	3	5	8	Passive
NULL	2594	2026-07-31	4	5	1	Detractor
NULL	2595	2024-10-31	10	10	5	Promoter
NULL	2595	2025-01-31	10	8	7	Passive
NULL	2595	2025-04-30	4	9	10	Detractor
NULL	2595	2025-07-31	9	8	9	Promoter
NULL	2595	2025-10-31	6	10	5	Passive
NULL	2595	2026-04-30	8	6	9	Promoter
NULL	2595	2026-07-31	8	10	7	Passive
NULL	2596	2025-01-31	9	6	6	Passive
NULL	2596	2025-04-30	8	7	7	Promoter
NULL	2596	2025-07-31	7	9	7	Promoter
NULL	2596	2026-01-31	8	10	NULL	Passive
NULL	2596	2026-04-30	9	9	8	Passive
NULL	2596	2026-07-31	8	10	10	Promoter
NULL	2597	2024-01-31	10	9	5	Promoter
NULL	2597	2024-04-30	10	10	10	Promoter
NULL	2597	2024-07-31	7	10	6	Passive
NULL	2597	2024-10-31	10	9	6	Promoter
NULL	2597	2025-01-31	8	2	9	Passive
NULL	2597	2025-04-30	8	9	7	Passive
NULL	2597	2025-07-31	5	6	9	Detractor
NULL	2597	2025-10-31	8	7	4	Passive
NULL	2598	2024-07-31	3	4	3	Passive
NULL	2598	2024-10-31	6	3	1	Detractor
NULL	2598	2025-01-31	9	6	7	Promoter
NULL	2598	2025-04-30	3	5	2	Promoter
NULL	2598	2025-07-31	3	2	1	Detractor
NULL	2598	2026-07-31	2	6	1	Passive
NULL	2599	2024-01-31	3	6	3	Detractor
NULL	2599	2024-07-31	2	6	9	Promoter
NULL	2599	2024-10-31	8	4	2	Passive
NULL	2599	2025-01-31	2	2	7	Passive
NULL	2599	2025-04-30	4	4	1	Detractor
NULL	2599	2025-07-31	3	1	NULL	Promoter
NULL	2599	2025-10-31	5	5	2	Detractor
NULL	2599	2026-01-31	3	4	2	Detractor
NULL	2599	2026-04-30	5	2	3	Detractor
NULL	2599	2026-07-31	6	5	3	Passive
NULL	2600	2025-04-30	5	4	2	Detractor
NULL	2600	2025-07-31	8	7	6	Passive
NULL	2600	2025-10-31	3	4	7	Detractor
NULL	2600	2026-04-30	7	8	3	Promoter
NULL	2601	2026-07-31	5	4	5	Detractor
NULL	2602	2025-01-31	10	10	1	Promoter
NULL	2602	2025-04-30	10	NULL	10	Promoter
NULL	2602	07/31/2025	10	9	10	Promoter
NULL	2602	2025-10-31	10	4	2	Promoter
NULL	2602	2026-01-31	10	10	6	Detractor
NULL	2602	2026-04-30	10	6	9	Promoter
NULL	2602	2026-07-31	10	6	10	Promoter
NULL	2604	2024-01-31	10	9	8	Promoter
NULL	2604	2024-04-30	10	6	8	Passive
NULL	2604	2024-10-31	10	10	10	Promoter
NULL	2604	2025-04-30	10	NULL	4	Promoter
NULL	2604	2025-10-31	10	7	6	Detractor
NULL	2604	2026-01-31	8	7	7	Passive
NULL	2604	2026-04-30	9	6	10	Promoter
NULL	2605	2024-01-31	2	4	1	Detractor
NULL	2605	2024-04-30	3	4	2	Detractor
NULL	2605	2024-07-31	3	2	1	Detractor
NULL	2605	2024-10-31	1	4	4	Detractor
NULL	2605	2025-04-30	4	5	4	Passive
NULL	2605	2025-07-31	1	3	1	Detractor
NULL	2605	2025-10-31	2	3	3	Detractor
NULL	2605	2026-01-31	2	4	2	Detractor
NULL	2605	2026-04-30	6	6	1	Detractor
NULL	2605	2026-07-31	7	3	3	Promoter
NULL	2607	2024-01-31	5	5	2	Detractor
NULL	2607	2024-04-30	2	1	4	Detractor
NULL	2607	2024-07-31	4	3	6	Promoter
NULL	2607	2024-10-31	3	4	3	Detractor
NULL	2607	2025-01-31	5	5	2	Detractor
NULL	2607	2025-04-30	6	5	9	Detractor
NULL	2607	2025-10-31	9	9	7	Promoter
NULL	2607	2026-01-31	3	3	2	Detractor
NULL	2607	2026-04-30	5	2	4	Passive
NULL	2607	2026-07-31	5	5	4	Detractor
NULL	2608	2024-01-31	10	3	NULL	Promoter
NULL	2608	2024-04-30	5	4	10	Passive
NULL	2608	2024-07-31	6	NULL	9	Promoter
NULL	2608	2024-10-31	7	3	3	Passive
NULL	2608	2025-04-30	8	9	7	Passive
NULL	2608	2025-07-31	5	6	10	Detractor
NULL	2608	2026-01-31	9	9	4	Promoter
NULL	2608	2026-04-30	6	5	10	Detractor
NULL	2608	2026-07-31	7	10	5	Passive
NULL	2609	2025-10-31	8	6	3	Detractor
NULL	2609	2026-01-31	5	2	4	Detractor
NULL	2609	2026-07-31	6	4	7	Detractor
NULL	2610	2024-04-30	8	2	7	Passive
NULL	2610	2024-07-31	9	7	5	Promoter
NULL	2610	2025-01-31	9	6	3	Promoter
NULL	2610	2025-04-30	8	6	3	Passive
NULL	2610	2025-07-31	10	5	7	Detractor
NULL	2610	2025-10-31	9	4	5	Promoter
NULL	2610	2026-04-30	10	5	8	Passive
NULL	2611	2026-01-31	2	4	3	Detractor
NULL	2611	2026-07-31	1	2	3	Detractor
NULL	2612	2024-01-31	10	8	7	Promoter
NULL	2612	2024-04-30	9	6	10	Promoter
NULL	2612	2024-07-31	8	8	9	Passive
NULL	2612	2025-07-31	10	10	NULL	Promoter
NULL	2612	2025-10-31	10	10	8	Passive
NULL	2613	2024-04-30	10	10	5	Passive
NULL	2613	2024-07-31	10	8	10	Passive
NULL	2613	2024-10-31	9	5	10	Promoter
NULL	2613	2025-04-30	10	8	8	Passive
NULL	2613	2026-04-30	6	6	4	Detractor
NULL	2613	2026-07-31	8	7	3	Detractor
NULL	2614	2026-04-30	10	10	7	Passive
NULL	2614	2026-07-31	10	10	10	Promoter
NULL	2615	2024-01-31	7	1	7	Promoter
NULL	2615	2024-04-30	8	5	5	Passive
NULL	2615	2024-07-31	4	6	2	Promoter
NULL	2615	2024-10-31	3	3	7	Promoter
NULL	2615	2025-01-31	7	3	4	Promoter
NULL	2615	2025-04-30	3	1	7	Detractor
NULL	2615	2025-07-31	1	3	1	Detractor
NULL	2615	2025-10-31	4	6	7	Detractor
NULL	2615	2026-01-31	6	7	3	Detractor
NULL	2616	2025-10-31	4	1	4	Detractor
NULL	2616	2026-01-31	3	3	2	Passive
NULL	2616	2026-04-30	3	2	4	Detractor
NULL	2617	2025-10-31	6	8	7	Passive
NULL	2617	2026-04-30	7	6	9	Passive
NULL	2617	2026-07-31	5	7	4	Detractor
NULL	2618	2026-04-30	8	7	6	Promoter
NULL	2619	2025-01-31	10	7	3	Promoter
NULL	2619	2025-04-30	9	NULL	5	Promoter
NULL	2619	2025-07-31	5	5	6	Detractor
NULL	2619	2025-10-31	6	5	7	Detractor
NULL	2619	2026-04-30	9	9	5	Detractor
NULL	2619	2026-07-31	8	4	3	Passive
NULL	2620	2025-01-31	4	6	4	Detractor
NULL	2620	2025-07-31	4	6	4	Detractor
NULL	2620	10/31/2025	2	5	4	Detractor
NULL	2620	2026-04-30	5	6	6	Detractor
NULL	2620	2026-07-31	4	6	4	Passive
NULL	2622	2026-01-31	7	2	5	Promoter
NULL	2624	2024-10-31	5	5	1	Detractor
NULL	2624	2025-01-31	4	5	3	Detractor
NULL	2624	2025-04-30	2	6	5	Detractor
NULL	2624	2025-07-31	3	3	1	Detractor
NULL	2624	2026-01-31	3	5	4	Detractor
NULL	2624	2026-04-30	5	4	6	Detractor
NULL	2624	07/31/2026	5	8	2	Detractor
NULL	2625	2026-07-31	7	7	4	Promoter
NULL	2626	2025-07-31	6	4	9	Detractor
NULL	2626	2025-10-31	5	4	1	Detractor
NULL	2626	2026-04-30	6	2	3	Detractor
NULL	2627	2024-01-31	5	7	8	Detractor
NULL	2627	2024-04-30	7	5	6	Promoter
NULL	2627	2024-07-31	9	9	9	Promoter
NULL	2627	2024-10-31	8	4	10	Passive
NULL	2627	2025-01-31	7	9	1	Detractor
NULL	2627	2025-07-31	8	8	10	Passive
NULL	2627	2026-01-31	6	6	3	Detractor
NULL	2627	07/31/2026	8	4	6	Passive
NULL	2628	2024-01-31	3	6	1	Detractor
NULL	2628	2024-07-31	1	2	3	Detractor
NULL	2628	2024-10-31	4	2	2	Detractor
NULL	2628	2025-01-31	1	NULL	1	Detractor
NULL	2628	2025-07-31	1	1	2	Passive
NULL	2628	10/31/2025	1	2	2	Detractor
NULL	2628	2026-01-31	2	2	3	Detractor
NULL	2628	2026-07-31	3	6	1	Detractor
NULL	2629	2024-07-31	5	3	8	Detractor
NULL	2629	2024-10-31	4	7	4	Detractor
NULL	2629	2025-01-31	7	4	7	Promoter
NULL	2629	2025-04-30	7	5	NULL	Promoter
NULL	2629	2025-07-31	4	6	3	Detractor
NULL	2629	2025-10-31	7	6	9	Detractor
NULL	2629	01/31/2026	9	10	4	Promoter
NULL	2629	2026-04-30	8	8	4	Detractor
NULL	2630	2024-01-31	5	6	3	Promoter
NULL	2630	2024-04-30	3	5	2	Promoter
NULL	2630	2024-07-31	4	6	5	Detractor
NULL	2630	2024-10-31	1	4	6	Detractor
NULL	2630	2025-01-31	2	4	3	Passive
NULL	2630	2025-04-30	3	5	3	Detractor
NULL	2630	2025-10-31	6	2	8	Detractor
NULL	2630	2026-04-30	6	3	3	Detractor
NULL	2630	2026-07-31	6	7	3	Detractor
NULL	2631	2024-01-31	7	6	10	Passive
NULL	2631	2024-04-30	8	4	3	Promoter
NULL	2631	2024-07-31	5	6	7	Detractor
NULL	2631	2024-10-31	4	3	2	Detractor
NULL	2631	2025-01-31	7	9	1	Passive
NULL	2631	2025-04-30	5	3	5	Detractor
NULL	2631	2025-07-31	7	4	7	Passive
NULL	2632	2025-07-31	6	10	5	Detractor
NULL	2633	2024-01-31	4	5	1	Detractor
NULL	2633	2024-04-30	5	7	6	Detractor
NULL	2633	2024-07-31	5	4	4	Passive
NULL	2633	2025-04-30	3	7	1	Detractor
NULL	2633	2025-10-31	5	2	6	Detractor
NULL	2633	2026-01-31	5	3	6	Detractor
NULL	2633	2026-04-30	7	2	1	Promoter
NULL	2633	2026-07-31	4	6	3	Detractor
NULL	2634	2026-04-30	6	7	10	Detractor
NULL	2634	2026-07-31	6	10	5	Passive
NULL	2635	2025-04-30	1	4	1	Passive
NULL	2635	2026-01-31	2	1	2	Detractor
NULL	2636	2024-10-31	5	6	2	Detractor
NULL	2636	2025-01-31	8	NULL	6	Passive
NULL	2636	2025-04-30	7	1	6	Passive
NULL	2636	2025-10-31	6	5	4	Promoter
NULL	2636	2026-01-31	7	3	8	Passive
NULL	2636	2026-04-30	3	3	3	Passive
NULL	2637	2024-01-31	10	4	2	Promoter
NULL	2637	2024-04-30	4	10	5	Detractor
NULL	2637	2025-04-30	6	6	8	Detractor
NULL	2637	2025-07-31	4	8	5	Passive
NULL	2637	2025-10-31	5	NULL	7	Detractor
NULL	2637	2026-01-31	6	2	1	Detractor
NULL	2637	2026-04-30	8	7	3	Promoter
NULL	2638	2025-10-31	3	1	NULL	Detractor
NULL	2638	2026-01-31	5	10	5	Passive
NULL	2638	2026-04-30	7	5	3	Promoter
NULL	2638	2026-07-31	8	3	1	Promoter
NULL	2640	2024-10-31	7	5	3	Detractor
NULL	2640	2025-04-30	8	4	5	Passive
NULL	2640	2025-07-31	7	6	6	Detractor
NULL	2640	2026-01-31	4	9	3	Detractor
NULL	2640	2026-04-30	10	4	7	Promoter
NULL	2640	07/31/2026	5	6	8	Passive
NULL	2641	10/31/2024	3	4	3	Detractor
NULL	2641	2025-07-31	5	1	1	Detractor
NULL	2641	2026-01-31	6	1	2	Detractor
NULL	2641	2026-04-30	2	NULL	4	Detractor
NULL	2641	2026-07-31	3	1	4	Detractor
NULL	2642	2025-10-31	8	7	9	Detractor
NULL	2642	2026-01-31	7	5	9	Promoter
NULL	2642	2026-04-30	5	3	8	Passive
NULL	2642	2026-07-31	8	9	9	Detractor
NULL	2643	2024-01-31	7	10	10	Passive
NULL	2643	2024-04-30	8	9	6	Passive
NULL	2643	2024-07-31	9	7	7	Promoter
NULL	2643	2024-10-31	6	9	10	Detractor
NULL	2643	2025-04-30	10	4	6	Promoter
NULL	2643	2025-10-31	6	2	6	Detractor
NULL	2643	2026-01-31	8	10	9	Promoter
NULL	2643	2026-04-30	8	8	3	Detractor
NULL	2644	01/31/2026	7	6	6	Passive
NULL	2644	2026-07-31	8	6	9	Promoter
NULL	2645	2024-10-31	5	6	4	Detractor
NULL	2645	2025-01-31	6	7	2	Detractor
NULL	2645	2025-07-31	7	7	1	Passive
NULL	2645	2026-01-31	5	2	2	Detractor
NULL	2645	2026-04-30	5	4	1	Passive
NULL	2645	2026-07-31	8	3	10	Passive
NULL	2646	2024-04-30	7	9	6	Detractor
NULL	2646	2024-07-31	5	4	3	Passive
NULL	2646	2025-01-31	8	6	2	Promoter
NULL	2646	2025-07-31	6	10	8	Detractor
NULL	2646	2025-10-31	5	7	8	Detractor
NULL	2646	2026-04-30	4	5	10	Detractor
NULL	2646	2026-07-31	7	9	9	Passive
NULL	2647	2024-04-30	3	6	4	Passive
NULL	2647	2024-07-31	9	2	6	Passive
NULL	2647	2024-10-31	6	9	NULL	Detractor
NULL	2647	2025-01-31	2	2	5	Detractor
NULL	2647	2026-04-30	7	5	5	Passive
NULL	2647	2026-07-31	10	7	5	Promoter
NULL	2648	2025-07-31	5	6	1	Detractor
NULL	2648	2025-10-31	7	9	6	Detractor
NULL	2648	2026-01-31	3	6	8	Detractor
NULL	2648	2026-07-31	6	1	8	Detractor
NULL	2649	2024-01-31	9	5	1	Promoter
NULL	2649	2024-07-31	5	5	3	Detractor
NULL	2649	2024-10-31	4	3	3	Detractor
NULL	2649	2025-01-31	3	1	1	Detractor
NULL	2649	2025-04-30	7	1	4	Promoter
NULL	2649	2025-07-31	2	1	4	Detractor
NULL	2649	2026-07-31	2	2	3	Detractor
NULL	2650	2024-01-31	7	7	4	Passive
NULL	2650	2024-10-31	5	5	10	Detractor
NULL	2650	2025-04-30	3	6	7	Detractor
NULL	2650	2025-07-31	7	1	1	Passive
NULL	2650	2025-10-31	8	8	4	Passive
NULL	2650	2026-01-31	7	9	8	Promoter
NULL	2650	2026-07-31	8	1	8	Passive
NULL	2651	2024-10-31	8	4	1	Passive
NULL	2651	2025-01-31	5	4	6	Detractor
NULL	2651	2025-04-30	6	6	4	Detractor
NULL	2651	2025-07-31	7	9	4	Detractor
NULL	2651	2025-10-31	7	5	3	Passive
NULL	2651	2026-04-30	8	8	4	Passive
NULL	2651	2026-07-31	10	5	4	Promoter
NULL	3545	2025-04-30	10	9	10	Promoter
NULL	3545	2025-07-31	9	4	8	Passive
NULL	3545	2025-10-31	10	6	8	Promoter
NULL	3545	2026-01-31	10	10	7	Promoter
NULL	3545	2026-07-31	10	8	7	Passive
NULL	2652	2024-04-30	7	5	5	Promoter
NULL	2652	2024-07-31	7	6	5	Promoter
NULL	2652	2024-10-31	6	7	8	Detractor
NULL	2652	2025-04-30	8	10	9	Detractor
NULL	2652	2025-07-31	7	7	10	Passive
NULL	2652	2025-10-31	8	2	7	Promoter
NULL	2652	2026-01-31	4	8	3	Promoter
NULL	2652	2026-07-31	8	5	7	Promoter
NULL	2653	2025-07-31	7	7	3	Detractor
NULL	2653	2025-10-31	6	6	10	Detractor
NULL	2653	2026-04-30	9	10	7	Promoter
NULL	2653	2026-07-31	5	10	8	Detractor
NULL	2654	2026-07-31	1	1	5	Detractor
NULL	2655	2024-04-30	3	6	1	Promoter
NULL	2655	2024-07-31	2	1	4	Detractor
NULL	2655	2024-10-31	3	4	1	Passive
NULL	2655	2025-04-30	6	7	3	Detractor
NULL	2655	2025-07-31	1	1	4	Passive
NULL	2655	2025-10-31	4	5	7	Detractor
NULL	2655	2026-01-31	4	1	3	Promoter
NULL	2655	2026-07-31	4	4	1	Detractor
NULL	2656	2024-07-31	6	9	4	Passive
NULL	2656	2024-10-31	7	8	5	Passive
NULL	2656	2025-01-31	4	10	10	Passive
NULL	2656	2025-04-30	5	3	8	Passive
NULL	2656	2025-07-31	7	NULL	9	Passive
NULL	2656	2025-10-31	6	9	6	Detractor
NULL	2656	2026-01-31	5	8	2	Passive
NULL	2656	2026-04-30	8	7	2	Passive
NULL	2657	2026-04-30	1	1	1	Detractor
NULL	2657	2026-07-31	1	3	2	Detractor
NULL	3733	2025-04-30	2	4	3	Detractor
NULL	3733	2025-07-31	3	4	1	Detractor
NULL	3733	2025-10-31	7	3	4	Detractor
NULL	3733	2026-01-31	3	4	3	Detractor
NULL	3733	2026-04-30	6	5	8	Passive
NULL	3733	2026-07-31	1	5	3	Detractor
NULL	2658	2024-01-31	5	4	1	Detractor
NULL	2658	2024-04-30	4	2	1	Detractor
NULL	2658	2024-07-31	1	7	1	Detractor
NULL	2658	2024-10-31	4	1	1	Detractor
NULL	2658	2025-01-31	4	1	7	Detractor
NULL	2658	2025-04-30	5	2	1	Detractor
NULL	2658	2025-07-31	4	3	4	Detractor
NULL	2658	2025-10-31	4	3	1	Passive
NULL	2658	2026-01-31	3	1	6	Passive
NULL	2658	2026-07-31	3	2	1	Detractor
NULL	2659	2024-04-30	8	10	10	Passive
NULL	2659	2024-07-31	6	9	6	Detractor
NULL	2659	2024-10-31	10	2	5	Promoter
NULL	2659	2025-01-31	9	8	8	Promoter
NULL	2659	07/31/2025	9	5	8	Promoter
NULL	2659	2025-10-31	9	4	5	Promoter
NULL	2659	2026-01-31	6	7	9	Passive
NULL	2659	2026-04-30	10	4	4	Promoter
NULL	2659	2026-07-31	9	9	9	Passive
NULL	2660	2024-01-31	6	4	5	Promoter
NULL	2660	2024-10-31	4	4	4	Detractor
NULL	2660	2025-01-31	6	4	7	Promoter
NULL	2660	2025-04-30	8	4	9	Promoter
NULL	2660	2025-10-31	4	4	10	Passive
NULL	2660	2026-04-30	3	7	8	Passive
NULL	2660	2026-07-31	8	10	1	Promoter
NULL	2661	2024-04-30	9	8	9	Passive
NULL	2661	2024-07-31	10	6	9	Promoter
NULL	2661	2025-01-31	9	5	5	Promoter
NULL	2661	2025-04-30	7	10	10	Passive
NULL	2661	2026-04-30	10	8	6	Promoter
NULL	2661	2026-07-31	8	9	10	Detractor
NULL	2662	2024-01-31	5	6	7	Detractor
NULL	2662	2024-04-30	8	5	7	Passive
NULL	2662	2024-07-31	6	9	8	Detractor
NULL	2662	2024-10-31	7	4	8	Passive
NULL	2662	2025-07-31	3	8	6	Detractor
NULL	2662	2026-04-30	7	5	8	Passive
NULL	2662	2026-07-31	6	3	2	Passive
NULL	2663	2025-07-31	3	6	4	Passive
NULL	2663	2025-10-31	6	6	4	Detractor
NULL	2663	2026-01-31	6	4	7	Detractor
NULL	2663	2026-04-30	3	4	4	Detractor
NULL	2664	2024-07-31	4	5	5	Promoter
NULL	2664	2024-10-31	6	3	6	Detractor
NULL	2664	2025-01-31	1	1	1	Promoter
NULL	2664	2025-04-30	5	4	3	Detractor
NULL	2664	2025-07-31	2	1	3	Detractor
NULL	2664	2025-10-31	1	2	1	Detractor
NULL	2664	2026-01-31	1	1	4	Detractor
NULL	2665	2025-07-31	7	5	1	Passive
NULL	2665	2025-10-31	6	8	9	Detractor
NULL	2665	2026-01-31	7	8	8	Promoter
NULL	2665	2026-04-30	6	2	5	Passive
NULL	2666	2025-01-31	3	6	5	Passive
NULL	2666	2025-07-31	2	3	1	Passive
NULL	2666	2025-10-31	1	1	7	Passive
NULL	2666	2026-07-31	2	NULL	3	Promoter
NULL	2667	2024-10-31	5	4	5	Passive
NULL	2667	2025-01-31	9	5	4	Promoter
NULL	2668	2025-04-30	2	1	1	Detractor
NULL	2668	2026-01-31	2	1	5	Passive
NULL	2669	2024-04-30	6	3	7	Passive
NULL	2669	2024-07-31	8	7	9	Passive
NULL	2669	2024-10-31	8	8	5	Passive
NULL	2669	2025-01-31	6	4	3	Detractor
NULL	2669	2025-04-30	4	5	5	Passive
NULL	2669	2025-07-31	7	6	6	Promoter
NULL	2669	2026-01-31	7	1	6	Passive
NULL	2669	2026-04-30	4	5	8	Detractor
NULL	2669	2026-07-31	3	9	5	Detractor
NULL	2670	2024-04-30	6	7	4	Promoter
NULL	2670	2024-07-31	1	6	10	Detractor
NULL	2670	2025-01-31	5	5	7	Detractor
NULL	2670	2025-04-30	4	9	2	Detractor
NULL	2670	2025-07-31	3	7	4	Detractor
NULL	2670	2025-10-31	3	4	9	Detractor
NULL	2670	2026-01-31	5	3	7	Detractor
NULL	2670	2026-04-30	5	NULL	1	Promoter
NULL	2670	2026-07-31	7	4	2	Passive
NULL	2671	2026-07-31	8	3	7	Promoter
NULL	2672	2024-01-31	6	6	8	Detractor
NULL	2672	2024-04-30	5	6	10	Passive
NULL	2672	2024-07-31	6	4	1	Promoter
NULL	2672	2024-10-31	7	5	8	Detractor
NULL	2672	2025-01-31	6	9	2	Detractor
NULL	2672	2025-04-30	7	9	5	Passive
NULL	2672	2025-07-31	5	3	7	Detractor
NULL	2672	2025-10-31	7	NULL	4	Passive
NULL	2672	2026-01-31	8	8	8	Passive
NULL	2672	2026-04-30	3	7	3	Detractor
NULL	2672	2026-07-31	8	4	5	Passive
NULL	2673	2024-01-31	10	NULL	2	Promoter
NULL	2673	2024-04-30	8	6	8	Passive
NULL	2673	2024-07-31	9	8	3	Promoter
NULL	2673	2025-01-31	10	NULL	7	Promoter
NULL	2673	2025-04-30	10	8	7	Promoter
NULL	2673	2025-10-31	7	NULL	5	Promoter
NULL	2673	2026-01-31	7	7	6	Passive
NULL	2673	2026-04-30	6	10	10	Passive
NULL	2674	2024-01-31	4	1	1	Passive
NULL	2674	2024-04-30	1	1	1	Detractor
NULL	2674	2024-07-31	1	1	1	Detractor
NULL	2674	2024-10-31	3	2	1	Passive
NULL	2674	2025-01-31	1	1	1	Detractor
NULL	2674	2025-04-30	1	1	2	Passive
NULL	2674	2025-07-31	2	2	1	Detractor
NULL	2674	2025-10-31	1	1	1	Passive
NULL	2674	2026-04-30	1	1	1	Passive
NULL	2674	2026-07-31	1	1	1	Passive
NULL	2675	2024-01-31	7	4	8	Passive
NULL	2675	2024-04-30	5	5	5	Detractor
NULL	2675	2025-01-31	9	6	NULL	Promoter
NULL	2675	2025-07-31	7	4	7	Passive
NULL	2675	2025-10-31	10	7	6	Promoter
NULL	2675	2026-01-31	10	5	5	Promoter
NULL	2676	2024-04-30	3	8	1	Passive
NULL	2676	2024-07-31	5	8	3	Passive
NULL	2676	2025-04-30	1	3	2	Detractor
NULL	2676	2025-07-31	1	2	4	Detractor
NULL	2676	10/31/2025	3	6	4	Passive
NULL	2676	2026-01-31	6	2	4	Passive
NULL	2676	2026-04-30	5	3	3	Detractor
NULL	2676	07/31/2026	2	3	3	Detractor
NULL	2677	2024-04-30	2	5	NULL	Promoter
NULL	2677	2024-07-31	3	4	4	Detractor
NULL	2677	2024-10-31	3	3	4	Detractor
NULL	2677	2025-01-31	3	4	5	Detractor
NULL	2677	2025-10-31	6	3	NULL	Detractor
NULL	2677	2026-01-31	1	2	1	Detractor
NULL	2677	2026-04-30	5	4	8	Detractor
NULL	2677	2026-07-31	7	1	4	Passive
NULL	2678	2024-07-31	4	3	2	Detractor
NULL	2678	2024-10-31	7	2	5	Promoter
NULL	2678	2025-04-30	9	5	5	Passive
NULL	2678	2025-10-31	2	4	5	Detractor
NULL	2678	2026-04-30	5	8	7	Promoter
NULL	2678	2026-07-31	3	5	6	Detractor
NULL	2679	2024-01-31	7	4	9	Promoter
NULL	2679	2024-04-30	8	6	8	Passive
NULL	2679	2024-07-31	10	2	4	Passive
NULL	2679	2024-10-31	6	6	3	Detractor
NULL	2679	2025-01-31	7	8	8	Passive
NULL	2679	2025-04-30	9	9	6	Promoter
NULL	2679	2025-10-31	6	9	6	Passive
NULL	2679	2026-07-31	9	8	5	Promoter
NULL	2680	2024-07-31	6	1	2	Passive
NULL	2680	2024-10-31	3	5	5	Detractor
NULL	2680	2025-04-30	3	5	4	Passive
NULL	2680	2025-07-31	5	2	6	Detractor
NULL	2680	2025-10-31	1	7	1	Passive
NULL	2680	2026-01-31	3	4	3	Passive
NULL	2680	2026-04-30	2	3	5	Detractor
NULL	2680	2026-07-31	4	2	8	Detractor
NULL	2681	2025-01-31	10	4	5	Promoter
NULL	2681	2025-04-30	5	5	3	Detractor
NULL	2681	2025-07-31	5	7	4	Detractor
NULL	2681	2025-10-31	5	9	6	Detractor
NULL	2682	2025-07-31	10	NULL	9	Promoter
NULL	2682	2026-04-30	5	NULL	5	Detractor
NULL	2682	2026-07-31	7	7	5	Passive
NULL	2683	2024-01-31	1	1	1	Detractor
NULL	2683	2024-10-31	3	1	NULL	Detractor
NULL	2683	2025-01-31	3	2	5	Passive
NULL	2683	2025-04-30	1	NULL	2	Passive
NULL	2683	2025-07-31	1	4	5	Passive
NULL	2683	2026-04-30	3	1	1	Detractor
NULL	2683	07/31/2026	5	4	1	Passive
NULL	2684	2026-01-31	3	1	1	Detractor
NULL	2684	2026-04-30	1	4	2	Detractor
NULL	2684	2026-07-31	3	6	2	Passive
NULL	2685	2025-10-31	8	3	5	Passive
NULL	2685	2026-01-31	6	3	2	Detractor
NULL	2685	2026-07-31	6	4	3	Detractor
NULL	2686	2024-01-31	2	5	4	Detractor
NULL	2686	2024-04-30	5	2	1	Passive
NULL	2686	2024-07-31	4	1	2	Detractor
NULL	2686	2024-10-31	3	6	5	Detractor
NULL	2686	2025-04-30	6	10	2	Detractor
NULL	2686	2025-10-31	5	3	1	Detractor
NULL	2686	2026-01-31	5	5	4	Detractor
NULL	2686	2026-07-31	3	4	3	Detractor
NULL	2687	2025-01-31	10	8	1	Promoter
NULL	2687	2025-04-30	7	NULL	6	Passive
NULL	2687	07/31/2025	9	6	5	Promoter
NULL	2687	2025-10-31	5	9	4	Detractor
NULL	2687	01/31/2026	8	9	6	Promoter
NULL	2687	2026-04-30	10	9	7	Promoter
NULL	2687	2026-07-31	10	9	9	Passive
NULL	2688	2024-01-31	3	6	7	Detractor
NULL	2688	2024-04-30	4	4	2	Detractor
NULL	2688	2024-07-31	7	8	4	Promoter
NULL	2688	2024-10-31	3	4	3	Detractor
NULL	2688	2025-01-31	7	8	1	Promoter
NULL	2688	2025-04-30	5	1	2	Promoter
NULL	2688	2025-07-31	5	7	5	Passive
NULL	2688	2026-04-30	1	2	4	Passive
NULL	2689	2024-01-31	9	9	7	Promoter
NULL	2689	2024-04-30	10	10	4	Promoter
NULL	2689	2024-10-31	9	7	10	Promoter
NULL	2689	2025-01-31	10	10	10	Promoter
NULL	2689	2025-07-31	9	4	6	Promoter
NULL	2689	2025-10-31	8	9	10	Passive
NULL	2689	2026-04-30	10	9	8	Passive
NULL	2689	2026-07-31	8	7	6	Promoter
NULL	2691	2024-01-31	4	8	1	Passive
NULL	2691	2024-10-31	8	2	NULL	Promoter
NULL	2691	2025-01-31	5	7	7	Detractor
NULL	2691	2025-04-30	6	8	5	Passive
NULL	2691	2025-07-31	5	7	4	Detractor
NULL	2691	2025-10-31	5	9	7	Detractor
NULL	2691	2026-01-31	5	2	5	Passive
NULL	2691	2026-04-30	6	7	5	Promoter
NULL	2692	2024-10-31	7	8	8	Passive
NULL	2692	2025-07-31	7	6	6	Passive
NULL	2692	2025-10-31	7	2	9	Promoter
NULL	2692	2026-01-31	8	6	6	Promoter
NULL	2692	2026-04-30	9	6	10	Promoter
NULL	2692	2026-07-31	10	9	8	Promoter
NULL	2693	2024-10-31	9	8	10	Promoter
NULL	2693	2025-10-31	8	5	3	Promoter
NULL	2693	2026-01-31	8	8	10	Passive
NULL	2693	2026-07-31	8	10	3	Detractor
NULL	2694	2025-04-30	7	4	2	Promoter
NULL	2694	2025-07-31	4	5	6	Detractor
NULL	2694	2025-10-31	5	3	8	Detractor
NULL	2694	2026-01-31	5	4	1	Detractor
NULL	2694	2026-04-30	4	2	1	Passive
NULL	2694	2026-07-31	5	8	5	Detractor
NULL	2695	2024-01-31	2	6	5	Detractor
NULL	2695	2024-07-31	5	2	4	Detractor
NULL	2695	2025-01-31	1	8	6	Detractor
NULL	2695	2025-04-30	6	5	7	Detractor
NULL	2695	2025-07-31	5	4	4	Passive
NULL	2695	2025-10-31	4	3	6	Promoter
NULL	2696	2026-04-30	8	2	4	Passive
NULL	2696	2026-07-31	6	1	1	Detractor
NULL	2697	2024-01-31	4	5	3	Detractor
NULL	2697	2024-04-30	5	6	3	Detractor
NULL	2697	2024-07-31	4	8	1	Detractor
NULL	2697	2024-10-31	7	3	9	Detractor
NULL	2697	2025-04-30	1	7	1	Passive
NULL	2697	2025-07-31	5	4	NULL	Detractor
NULL	2697	2026-07-31	7	NULL	2	Promoter
NULL	2698	2024-01-31	8	5	4	Promoter
NULL	2698	2024-04-30	9	6	5	Promoter
NULL	2698	2024-07-31	7	7	6	Passive
NULL	2698	2025-04-30	8	9	7	Passive
NULL	2698	2025-07-31	6	8	6	Detractor
NULL	2698	2025-10-31	7	8	2	Promoter
NULL	2698	2026-01-31	10	9	5	Promoter
NULL	2698	2026-04-30	9	6	2	Promoter
NULL	2698	2026-07-31	9	5	4	Promoter
NULL	2699	2025-01-31	5	1	4	Detractor
NULL	2699	2025-10-31	5	7	5	Passive
NULL	2699	2026-01-31	5	4	6	Passive
NULL	2699	2026-04-30	8	6	10	Promoter
NULL	2699	2026-07-31	7	4	5	Passive
NULL	2700	2024-10-31	6	1	3	Passive
NULL	2700	2025-01-31	4	2	1	Detractor
NULL	2700	2025-04-30	1	6	8	Passive
NULL	2700	2025-07-31	8	6	8	Passive
NULL	2700	2025-10-31	6	6	6	Detractor
NULL	2700	2026-01-31	3	4	8	Detractor
NULL	2701	2024-04-30	3	1	1	Detractor
NULL	2701	2024-07-31	1	1	3	Detractor
NULL	2701	2025-01-31	3	6	2	Passive
NULL	2701	2025-07-31	1	2	6	Detractor
NULL	2701	2026-01-31	3	6	1	Passive
NULL	2701	2026-07-31	1	1	3	Detractor
NULL	2702	2024-04-30	6	4	7	Detractor
NULL	2702	2024-07-31	4	4	2	Detractor
NULL	2702	2024-10-31	3	6	6	Detractor
NULL	2702	2025-01-31	3	8	2	Detractor
NULL	2702	2025-04-30	7	3	NULL	Passive
NULL	2702	2025-07-31	6	8	3	Passive
NULL	2702	2026-04-30	6	6	4	Detractor
NULL	2702	2026-07-31	4	7	4	Detractor
NULL	2703	01/31/2024	9	4	6	Promoter
NULL	2703	2024-10-31	7	8	6	Passive
NULL	2703	2025-04-30	7	5	1	Passive
NULL	2703	2025-10-31	4	10	7	Passive
NULL	2703	2026-01-31	7	8	6	Passive
NULL	2703	2026-04-30	3	4	3	Detractor
NULL	2704	2024-04-30	10	1	3	Promoter
NULL	2704	2024-10-31	6	4	6	Detractor
NULL	2704	2025-01-31	7	5	8	Passive
NULL	2704	2025-04-30	7	4	4	Detractor
NULL	2704	2025-07-31	9	9	4	Promoter
NULL	2704	2025-10-31	6	10	5	Promoter
NULL	2704	2026-01-31	7	NULL	5	Passive
NULL	2704	2026-04-30	5	4	7	Passive
NULL	2704	2026-07-31	5	4	8	Passive
NULL	2705	2024-01-31	2	9	5	Detractor
NULL	2705	2024-04-30	6	3	6	Detractor
NULL	2705	2024-07-31	7	6	7	Promoter
NULL	2705	2024-10-31	9	9	10	Promoter
NULL	2705	2025-01-31	7	6	8	Promoter
NULL	2705	2025-04-30	5	3	3	Detractor
NULL	2705	2025-07-31	6	7	3	Passive
NULL	2705	2026-01-31	8	8	4	Promoter
NULL	2705	2026-07-31	9	5	3	Promoter
NULL	2706	2024-07-31	4	1	8	Detractor
NULL	2706	2024-10-31	8	6	1	Promoter
NULL	2706	2025-04-30	6	NULL	5	Detractor
NULL	2706	2025-07-31	3	7	3	Detractor
NULL	2706	2025-10-31	6	1	2	Detractor
NULL	2706	2026-04-30	7	4	4	Passive
NULL	2707	2024-07-31	6	2	2	Detractor
NULL	2707	2024-10-31	7	4	9	Passive
NULL	2707	2025-01-31	7	3	8	Passive
NULL	2707	2025-04-30	8	5	3	Promoter
NULL	2707	2025-07-31	8	8	8	Promoter
NULL	2707	2026-04-30	6	9	7	Detractor
NULL	2708	2024-07-31	6	NULL	5	Detractor
NULL	2708	2025-04-30	8	4	5	Detractor
NULL	2708	2025-07-31	8	7	10	Passive
NULL	2708	2025-10-31	7	8	5	Promoter
NULL	2708	2026-07-31	7	6	5	Passive
NULL	2709	2024-01-31	2	1	1	Detractor
NULL	2709	2024-04-30	1	1	3	Detractor
NULL	2709	2024-07-31	2	1	1	Passive
NULL	2709	2024-10-31	1	1	1	Detractor
NULL	2709	2025-04-30	1	1	1	Passive
NULL	2709	07/31/2025	2	2	7	Detractor
NULL	2709	2025-10-31	1	1	6	Detractor
NULL	2709	2026-01-31	2	2	2	Detractor
NULL	2709	2026-04-30	1	1	3	Detractor
NULL	2709	2026-07-31	1	1	2	Passive
NULL	2710	2024-01-31	4	8	6	Detractor
NULL	2710	2024-04-30	5	NULL	6	Promoter
NULL	2710	2024-07-31	8	5	4	Promoter
NULL	2710	2024-10-31	1	NULL	6	Detractor
NULL	2710	2025-01-31	4	4	6	Detractor
NULL	2710	2025-04-30	6	7	4	Passive
NULL	2710	2025-10-31	5	7	4	Passive
NULL	2710	2026-01-31	6	5	4	Detractor
NULL	2710	2026-07-31	8	5	8	Promoter
NULL	2711	2025-01-31	1	3	7	Detractor
NULL	2711	2025-04-30	1	2	2	Passive
NULL	2711	2025-07-31	1	6	1	Detractor
NULL	2711	2025-10-31	1	1	4	Passive
NULL	2711	2026-01-31	2	3	8	Passive
NULL	2711	2026-04-30	3	1	1	Detractor
NULL	2711	2026-07-31	1	1	1	Detractor
NULL	2712	2024-04-30	1	5	1	Detractor
NULL	2712	2024-07-31	5	3	1	Detractor
NULL	2712	2024-10-31	5	1	4	Detractor
NULL	2712	2025-04-30	5	8	5	Passive
NULL	2712	2025-07-31	4	1	7	Detractor
NULL	2712	01/31/2026	5	6	5	Detractor
NULL	2712	2026-04-30	5	8	5	Detractor
NULL	2712	2026-07-31	5	5	9	Detractor
NULL	2713	2025-01-31	6	3	5	Detractor
NULL	2713	2025-04-30	7	6	4	Passive
NULL	2713	2025-07-31	8	NULL	4	Promoter
NULL	2713	2026-04-30	4	10	10	Detractor
NULL	2714	2026-01-31	5	4	7	Detractor
NULL	2714	2026-07-31	8	1	9	Passive
NULL	2715	2026-01-31	10	6	9	Promoter
NULL	2715	2026-07-31	7	5	9	Detractor
NULL	2716	2025-01-31	8	3	9	Promoter
NULL	2716	2025-04-30	9	10	NULL	Promoter
NULL	2716	2025-07-31	7	10	10	Passive
NULL	2716	01/31/2026	5	8	8	Promoter
NULL	2716	2026-04-30	7	4	10	Promoter
NULL	2717	2025-10-31	6	4	7	Passive
NULL	2717	2026-01-31	7	4	7	Detractor
NULL	2717	2026-07-31	7	8	7	Passive
NULL	2718	2024-01-31	7	3	4	Passive
NULL	2718	2024-04-30	5	6	4	Detractor
NULL	2718	2024-10-31	5	NULL	7	Detractor
NULL	2718	2025-01-31	7	10	2	Promoter
NULL	2718	2025-10-31	9	3	8	Promoter
NULL	2718	2026-01-31	7	7	9	Passive
NULL	2719	2024-04-30	8	4	7	Detractor
NULL	2719	2024-07-31	3	1	4	Detractor
NULL	2719	2024-10-31	7	6	NULL	Promoter
NULL	2719	2025-01-31	8	3	6	Promoter
NULL	2719	2025-07-31	5	1	4	Passive
NULL	2719	2025-10-31	8	4	2	Passive
NULL	2719	2026-04-30	5	6	5	Detractor
NULL	2719	2026-07-31	4	8	5	Detractor
NULL	2720	2024-01-31	5	3	2	Detractor
NULL	2720	2024-07-31	8	5	6	Promoter
NULL	2720	2024-10-31	5	2	2	Detractor
NULL	2720	2025-01-31	5	6	2	Detractor
NULL	2720	2025-04-30	2	3	3	Passive
NULL	2720	2025-07-31	6	2	6	Passive
NULL	2720	2025-10-31	6	7	5	Detractor
NULL	2720	01/31/2026	4	5	6	Passive
NULL	2720	2026-04-30	4	2	6	Detractor
NULL	2720	2026-07-31	3	3	NULL	Detractor
NULL	2721	2024-10-31	5	4	3	Detractor
NULL	2721	2025-07-31	4	3	1	Detractor
NULL	2721	2026-01-31	2	3	2	Detractor
NULL	2721	2026-04-30	5	6	3	Passive
NULL	2721	2026-07-31	6	5	6	Detractor
NULL	2722	2024-01-31	2	1	4	Passive
NULL	2722	2024-04-30	1	1	9	Detractor
NULL	2722	2024-07-31	3	2	7	Detractor
NULL	2722	2024-10-31	2	2	1	Passive
NULL	2722	01/31/2025	5	2	5	Passive
NULL	2722	2025-10-31	3	4	2	Passive
NULL	2722	2026-01-31	2	2	6	Detractor
NULL	2722	2026-04-30	1	4	3	Detractor
NULL	2723	2024-04-30	9	10	7	Promoter
NULL	2723	2024-07-31	7	9	9	Promoter
NULL	2723	2024-10-31	6	4	10	Detractor
NULL	2723	2025-04-30	9	7	7	Promoter
NULL	2723	2025-07-31	9	9	7	Promoter
NULL	2723	2025-10-31	6	5	7	Detractor
NULL	2723	07/31/2026	7	8	9	Promoter
NULL	2724	2025-04-30	6	6	6	Passive
NULL	2724	2026-01-31	7	8	10	Passive
NULL	2724	2026-04-30	5	4	8	Detractor
NULL	2725	2024-04-30	7	10	5	Passive
NULL	2725	2024-07-31	10	10	10	Promoter
NULL	2725	2024-10-31	10	7	6	Promoter
NULL	2725	2025-01-31	10	9	8	Promoter
NULL	2725	2025-07-31	7	10	9	Passive
NULL	2725	2025-10-31	9	10	10	Passive
NULL	2725	2026-01-31	9	9	9	Passive
NULL	2725	2026-07-31	6	8	3	Detractor
NULL	2726	2025-01-31	2	5	6	Detractor
NULL	2726	2026-04-30	7	4	2	Detractor
NULL	2726	2026-07-31	3	5	9	Passive
NULL	2727	2025-10-31	4	2	4	Detractor
NULL	2727	2026-01-31	3	2	3	Detractor
NULL	2728	2025-07-31	7	8	3	Promoter
NULL	2728	2025-10-31	10	8	9	Promoter
NULL	2728	2026-01-31	8	8	6	Promoter
NULL	2728	2026-07-31	4	8	2	Promoter
NULL	2729	2024-01-31	7	9	5	Passive
NULL	2729	2024-04-30	6	10	6	Detractor
NULL	2729	2024-07-31	6	4	3	Detractor
NULL	2729	2025-04-30	5	6	5	Detractor
NULL	2729	2025-07-31	6	1	10	Passive
NULL	2729	2025-10-31	6	4	2	Detractor
NULL	2729	2026-01-31	5	4	6	Detractor
NULL	2729	2026-04-30	7	4	4	Promoter
NULL	2729	2026-07-31	7	5	4	Passive
NULL	2730	2024-07-31	3	3	3	Detractor
NULL	2730	2025-01-31	5	1	NULL	Detractor
NULL	2730	04/30/2025	3	8	5	Detractor
NULL	2730	2025-10-31	5	4	7	Detractor
NULL	2730	2026-04-30	2	5	6	Passive
NULL	2730	2026-07-31	6	6	4	Detractor
NULL	2732	2025-07-31	10	9	9	Promoter
NULL	2732	2026-04-30	9	7	6	Promoter
NULL	2732	2026-07-31	9	10	10	Promoter
NULL	2733	2024-04-30	4	2	6	Passive
NULL	2733	2024-10-31	4	6	6	Detractor
NULL	2733	2025-04-30	4	7	5	Detractor
NULL	2733	2025-07-31	6	7	3	Detractor
NULL	2733	2025-10-31	4	4	3	Detractor
NULL	2733	2026-01-31	9	5	6	Promoter
NULL	2733	2026-04-30	6	2	5	Detractor
NULL	2733	2026-07-31	7	NULL	4	Passive
NULL	2734	2026-04-30	7	10	9	Passive
NULL	2734	2026-07-31	9	7	6	Promoter
NULL	2735	2026-07-31	4	7	8	Detractor
NULL	2736	01/31/2024	8	6	5	Passive
NULL	2736	2024-10-31	4	2	10	Detractor
NULL	2736	2025-01-31	10	9	10	Promoter
NULL	2736	2025-04-30	10	8	6	Promoter
NULL	2736	2025-07-31	10	6	6	Promoter
NULL	2736	2025-10-31	6	7	9	Detractor
NULL	2736	2026-01-31	10	7	8	Passive
NULL	2737	2026-04-30	5	4	2	Detractor
NULL	2737	2026-07-31	6	1	3	Passive
NULL	2739	2026-01-31	3	3	4	Detractor
NULL	2739	2026-04-30	1	1	1	Detractor
NULL	2739	2026-07-31	1	4	2	Detractor
NULL	2740	2024-01-31	2	5	1	Detractor
NULL	2740	2024-04-30	7	2	4	Passive
NULL	2740	2024-07-31	2	5	6	Detractor
NULL	2740	2024-10-31	5	2	1	Detractor
NULL	2740	2025-01-31	5	1	3	Detractor
NULL	2740	2025-04-30	2	5	3	Passive
NULL	2740	2025-10-31	1	3	3	Detractor
NULL	2740	2026-01-31	2	3	1	Detractor
NULL	2740	2026-04-30	5	4	5	Passive
NULL	2741	2026-04-30	9	6	4	Detractor
NULL	2742	2026-07-31	4	6	4	Passive
NULL	2743	2025-10-31	5	NULL	6	Detractor
NULL	2743	2026-01-31	2	4	6	Detractor
NULL	2744	2024-01-31	5	4	3	Detractor
NULL	2744	2024-07-31	5	6	8	Detractor
NULL	2744	2024-10-31	5	2	6	Detractor
NULL	2744	2025-01-31	4	5	8	Detractor
NULL	2744	2025-04-30	5	2	3	Promoter
NULL	2744	2025-10-31	7	7	4	Passive
NULL	2744	2026-01-31	8	5	4	Passive
NULL	2744	2026-07-31	6	4	3	Detractor
NULL	2745	2024-04-30	4	2	7	Detractor
NULL	2746	2024-07-31	9	7	4	Promoter
NULL	2746	2025-01-31	7	10	6	Detractor
NULL	2746	2025-10-31	7	10	5	Passive
NULL	2746	2026-01-31	9	10	5	Promoter
NULL	2746	2026-07-31	10	8	10	Promoter
NULL	2748	2024-04-30	5	9	7	Detractor
NULL	2748	2024-07-31	4	NULL	1	Detractor
NULL	2748	2025-07-31	5	6	10	Passive
NULL	2748	2025-10-31	5	7	3	Passive
NULL	2748	2026-01-31	6	1	2	Promoter
NULL	2748	2026-04-30	6	6	8	Passive
NULL	2748	2026-07-31	5	5	4	Passive
NULL	2749	2024-01-31	4	2	10	Passive
NULL	2752	2024-01-31	9	4	6	Promoter
NULL	2752	2024-04-30	4	7	2	Detractor
NULL	2752	2024-07-31	6	NULL	5	Detractor
NULL	2752	2024-10-31	4	1	3	Promoter
NULL	2752	2025-01-31	7	2	7	Promoter
NULL	2752	2025-07-31	6	4	6	Detractor
NULL	2752	2025-10-31	6	9	4	Detractor
NULL	2752	2026-04-30	5	6	1	Passive
NULL	2753	2025-07-31	7	5	7	Passive
NULL	2755	2024-01-31	7	8	7	Passive
NULL	2755	2024-04-30	10	4	5	Promoter
NULL	2755	07/31/2024	10	7	9	Promoter
NULL	2755	2024-10-31	9	7	5	Promoter
NULL	2755	2025-04-30	9	7	NULL	Promoter
NULL	2755	2025-07-31	10	9	10	Promoter
NULL	2755	2025-10-31	10	8	10	Promoter
NULL	2755	2026-01-31	10	7	3	Promoter
NULL	2755	2026-04-30	10	10	10	Passive
NULL	2755	2026-07-31	9	8	7	Passive
NULL	2756	2024-04-30	2	1	1	Passive
NULL	2756	2024-07-31	6	1	1	Detractor
NULL	2756	2024-10-31	2	3	1	Detractor
NULL	2757	2025-01-31	10	7	10	Promoter
NULL	2757	2025-04-30	9	9	4	Promoter
NULL	2757	2025-07-31	8	9	7	Passive
NULL	2757	2025-10-31	7	9	4	Promoter
NULL	2757	2026-01-31	8	9	8	Passive
NULL	2757	2026-07-31	10	10	10	Promoter
NULL	2758	2024-07-31	2	1	5	Detractor
NULL	2758	2024-10-31	1	1	4	Passive
NULL	2758	2025-01-31	1	2	2	Detractor
NULL	2758	2025-07-31	1	1	1	Detractor
NULL	2758	2025-10-31	2	1	1	Passive
NULL	2758	2026-01-31	2	1	2	Passive
NULL	2758	2026-04-30	1	2	5	Detractor
NULL	2759	2024-04-30	4	NULL	4	Passive
NULL	2759	2024-07-31	1	3	3	Detractor
NULL	2759	2024-10-31	6	4	1	Detractor
NULL	2759	2025-07-31	2	3	1	Passive
NULL	2759	2025-10-31	3	5	2	Detractor
NULL	2759	2026-04-30	3	2	5	Passive
NULL	2759	2026-07-31	4	8	3	Detractor
NULL	2760	2024-10-31	6	2	5	Passive
NULL	2760	2025-04-30	4	5	7	Detractor
NULL	2760	2025-10-31	8	7	10	Passive
NULL	2760	2026-01-31	7	6	4	Promoter
NULL	2760	2026-04-30	6	NULL	5	Passive
NULL	2761	2024-04-30	6	5	4	Passive
NULL	2761	2024-07-31	7	7	1	Passive
NULL	2761	2024-10-31	8	5	5	Passive
NULL	2761	2025-01-31	8	7	7	Passive
NULL	2762	01/31/2024	7	6	4	Passive
NULL	2762	2024-10-31	6	2	6	Detractor
NULL	2762	2025-01-31	4	7	9	Passive
NULL	2762	2025-10-31	8	3	1	Promoter
NULL	2762	2026-01-31	6	8	6	Passive
NULL	2762	2026-04-30	10	6	2	Promoter
NULL	2762	2026-07-31	7	7	5	Passive
NULL	2763	2024-10-31	8	5	6	Passive
NULL	2763	2025-04-30	7	3	1	Passive
NULL	2763	2025-10-31	4	6	7	Detractor
NULL	2763	2026-04-30	2	5	2	Detractor
NULL	2763	2026-07-31	5	8	3	Detractor
NULL	2765	2024-01-31	7	7	2	Detractor
NULL	2765	2024-04-30	6	4	5	Detractor
NULL	2765	2024-10-31	3	10	5	Passive
NULL	2765	2025-01-31	5	5	4	Detractor
NULL	2765	2025-04-30	6	6	10	Detractor
NULL	2765	2025-07-31	4	6	7	Passive
NULL	2765	2025-10-31	7	8	6	Passive
NULL	2765	2026-04-30	2	5	2	Passive
NULL	2765	2026-07-31	7	5	6	Promoter
NULL	2766	2024-04-30	2	1	4	Promoter
NULL	2766	2024-07-31	4	4	7	Detractor
NULL	2766	2024-10-31	1	1	2	Detractor
NULL	2766	2025-04-30	3	NULL	4	Passive
NULL	2766	2025-07-31	3	4	1	Detractor
NULL	2766	2025-10-31	4	4	3	Passive
NULL	2766	2026-01-31	5	4	4	Detractor
NULL	2766	2026-04-30	5	1	2	Promoter
NULL	2766	07/31/2026	5	3	2	Detractor
NULL	2768	2024-01-31	3	6	4	Detractor
NULL	2768	2024-04-30	7	2	6	Promoter
NULL	2768	2024-07-31	7	8	1	Promoter
NULL	2768	2024-10-31	3	6	6	Detractor
NULL	2768	2025-04-30	3	9	1	Detractor
NULL	2768	2026-01-31	7	5	4	Passive
NULL	2768	04/30/2026	7	8	5	Passive
NULL	2768	2026-07-31	6	8	9	Detractor
NULL	2769	2024-04-30	1	3	2	Detractor
NULL	2769	2025-01-31	5	1	1	Passive
NULL	2769	2025-04-30	3	1	3	Passive
NULL	2769	2025-07-31	4	1	4	Detractor
NULL	2769	2026-01-31	2	5	1	Detractor
NULL	2770	2026-01-31	8	10	10	Promoter
NULL	2770	2026-04-30	10	10	10	Passive
NULL	2770	2026-07-31	7	10	9	Detractor
NULL	2771	2024-01-31	5	NULL	NULL	Passive
NULL	2771	2024-04-30	6	2	2	Passive
NULL	2771	2024-07-31	8	5	5	Promoter
NULL	2771	2025-01-31	8	6	8	Promoter
NULL	2771	2025-04-30	6	4	3	Passive
NULL	2771	2025-07-31	2	7	6	Detractor
NULL	2771	2025-10-31	9	3	3	Promoter
NULL	2771	2026-01-31	5	7	6	Detractor
NULL	2771	2026-07-31	5	2	6	Detractor
NULL	2772	2024-07-31	10	10	8	Promoter
NULL	2772	2024-10-31	10	6	8	Promoter
NULL	2772	2025-01-31	8	9	4	Promoter
NULL	2772	2025-04-30	10	8	10	Promoter
NULL	2772	2025-07-31	10	5	6	Promoter
NULL	2772	2026-01-31	8	10	10	Passive
NULL	2772	2026-04-30	9	5	7	Promoter
NULL	2772	2026-07-31	10	7	7	Detractor
NULL	2773	2024-01-31	6	1	5	Detractor
NULL	2773	2024-10-31	6	6	NULL	Passive
NULL	2773	2025-01-31	7	3	3	Passive
NULL	2773	2025-07-31	3	2	7	Detractor
NULL	2773	2025-10-31	2	4	1	Passive
NULL	2773	2026-01-31	2	10	4	Passive
NULL	2773	2026-04-30	5	4	3	Detractor
NULL	2773	2026-07-31	6	3	7	Detractor
NULL	2774	2024-01-31	1	7	1	Passive
NULL	2774	2024-04-30	5	2	1	Detractor
NULL	2774	2024-07-31	3	1	1	Promoter
NULL	2774	2024-10-31	1	3	1	Passive
NULL	2774	2025-01-31	2	1	1	Passive
NULL	2774	2025-07-31	2	1	1	Detractor
NULL	2774	2026-01-31	3	4	1	Detractor
NULL	2775	2024-10-31	4	4	1	Detractor
NULL	2775	2025-01-31	3	2	8	Promoter
NULL	2775	2025-04-30	7	4	7	Promoter
NULL	2775	2025-07-31	3	6	6	Detractor
NULL	2775	2025-10-31	3	4	6	Detractor
NULL	2775	2026-01-31	5	6	3	Passive
NULL	2775	2026-07-31	3	6	5	Detractor
NULL	2776	2024-01-31	6	9	8	Detractor
NULL	2776	2024-04-30	5	7	6	Passive
NULL	2776	2024-10-31	8	8	10	Promoter
NULL	2776	2025-04-30	7	4	3	Passive
NULL	2776	2025-07-31	7	5	2	Passive
NULL	2776	2026-01-31	6	9	5	Detractor
NULL	2776	2026-04-30	6	6	5	Detractor
NULL	2776	2026-07-31	5	7	7	Passive
NULL	2778	2024-01-31	5	2	8	Passive
NULL	2778	2024-04-30	7	6	8	Passive
NULL	2778	2024-10-31	8	9	5	Promoter
NULL	2778	2025-07-31	10	3	3	Promoter
NULL	2778	2025-10-31	6	6	9	Passive
NULL	2778	2026-01-31	10	8	5	Detractor
NULL	2778	2026-04-30	5	6	5	Detractor
NULL	2778	2026-07-31	6	5	8	Detractor
NULL	2779	2024-04-30	8	7	4	Passive
NULL	2779	2024-07-31	10	6	10	Promoter
NULL	2779	10/31/2024	6	2	6	Detractor
NULL	2779	2025-01-31	5	7	7	Detractor
NULL	2779	2025-04-30	8	3	8	Detractor
NULL	2779	2025-07-31	6	5	8	Passive
NULL	2779	2025-10-31	6	10	8	Detractor
NULL	2779	2026-01-31	6	5	4	Passive
NULL	2779	2026-04-30	4	6	8	Detractor
NULL	2779	2026-07-31	10	9	3	Promoter
NULL	2780	2025-10-31	8	7	8	Detractor
NULL	2780	2026-01-31	10	10	9	Promoter
NULL	2780	2026-07-31	6	9	7	Promoter
NULL	2781	2025-10-31	8	4	6	Detractor
NULL	2781	2026-01-31	5	5	1	Detractor
NULL	2781	2026-04-30	3	NULL	6	Detractor
NULL	2782	2024-01-31	1	1	1	Detractor
NULL	2782	2024-04-30	2	2	1	Detractor
NULL	2782	2024-10-31	1	3	NULL	Detractor
NULL	2782	2025-01-31	1	1	2	Detractor
NULL	2782	2025-04-30	1	1	6	Detractor
NULL	2782	2025-07-31	3	1	3	Detractor
NULL	2782	2025-10-31	2	1	1	Passive
NULL	2782	2026-01-31	1	2	6	Promoter
NULL	2782	2026-04-30	1	2	4	Detractor
NULL	2783	2024-04-30	10	10	8	Promoter
NULL	2783	2024-10-31	9	5	10	Promoter
NULL	2783	2025-01-31	7	6	9	Promoter
NULL	2783	2025-04-30	8	4	9	Promoter
NULL	2783	2025-07-31	10	3	7	Promoter
NULL	2783	2025-10-31	8	6	9	Promoter
NULL	2783	01/31/2026	9	10	NULL	Passive
NULL	2783	2026-04-30	10	6	7	Promoter
NULL	2783	2026-07-31	10	9	4	Promoter
NULL	2784	2024-07-31	6	9	5	Detractor
NULL	2784	2024-10-31	7	5	NULL	Detractor
NULL	2784	2025-01-31	7	5	5	Passive
NULL	2784	2025-07-31	5	4	7	Detractor
NULL	2784	2025-10-31	5	6	2	Detractor
NULL	2784	2026-01-31	4	5	5	Detractor
NULL	2784	2026-04-30	7	3	7	Promoter
NULL	2784	2026-07-31	6	NULL	5	Detractor
NULL	2785	01/31/2026	6	4	1	Detractor
NULL	2785	2026-04-30	5	3	3	Detractor
NULL	2785	2026-07-31	6	6	3	Detractor
NULL	2786	01/31/2024	6	2	4	Detractor
NULL	2786	2024-04-30	7	2	5	Passive
NULL	2786	2024-10-31	3	4	2	Passive
NULL	2786	2025-01-31	4	4	6	Detractor
NULL	2786	2025-04-30	6	2	1	Detractor
NULL	2786	2025-10-31	3	7	6	Detractor
NULL	2786	2026-01-31	4	2	5	Detractor
NULL	2786	2026-04-30	7	2	4	Passive
NULL	2786	2026-07-31	5	1	4	Detractor
NULL	2787	2024-01-31	3	4	5	Detractor
NULL	2787	2024-10-31	4	4	6	Detractor
NULL	2787	2025-01-31	7	5	6	Passive
NULL	2787	2025-04-30	6	4	4	Detractor
NULL	2787	2025-07-31	3	3	3	Passive
NULL	2787	2025-10-31	6	5	3	Detractor
NULL	2787	04/30/2026	3	1	4	Detractor
NULL	2787	2026-07-31	5	3	1	Detractor
NULL	2788	2024-10-31	2	5	7	Passive
NULL	2788	2025-01-31	2	9	6	Detractor
NULL	2788	2025-07-31	1	5	6	Detractor
NULL	2788	2025-10-31	6	6	4	Detractor
NULL	2788	2026-01-31	6	8	2	Detractor
NULL	2788	2026-07-31	7	7	5	Promoter
NULL	2789	2024-01-31	7	9	2	Promoter
NULL	2789	2024-10-31	6	3	7	Detractor
NULL	2789	2025-01-31	4	4	8	Detractor
NULL	2789	2025-04-30	7	5	2	Detractor
NULL	2789	2025-07-31	2	3	7	Detractor
NULL	2789	2025-10-31	7	8	6	Detractor
NULL	2789	2026-04-30	4	1	1	Detractor
NULL	2790	2024-01-31	4	6	7	Detractor
NULL	2790	2024-04-30	8	4	6	Passive
NULL	2790	2024-10-31	5	6	1	Passive
NULL	2790	2025-01-31	5	5	3	Detractor
NULL	2790	2025-04-30	3	3	5	Detractor
NULL	2790	2025-07-31	4	6	3	Detractor
NULL	2790	2025-10-31	10	1	2	Promoter
NULL	2791	2024-01-31	10	10	10	Promoter
NULL	2791	2024-04-30	8	10	10	Passive
NULL	2791	2024-07-31	7	9	7	Detractor
NULL	2791	2025-01-31	10	8	10	Promoter
NULL	2791	2025-07-31	9	9	7	Promoter
NULL	2791	2025-10-31	9	7	3	Promoter
NULL	2791	2026-01-31	8	9	5	Passive
NULL	2791	2026-04-30	7	10	9	Promoter
NULL	2791	2026-07-31	10	10	10	Promoter
NULL	2792	2026-04-30	7	1	5	Passive
NULL	2792	2026-07-31	7	6	8	Promoter
NULL	2794	2024-01-31	7	7	2	Detractor
NULL	2794	2024-04-30	2	6	6	Detractor
NULL	2794	2024-07-31	5	1	3	Detractor
NULL	2794	2025-01-31	5	4	4	Detractor
NULL	2794	2025-04-30	2	2	3	Detractor
NULL	2794	2025-07-31	3	10	8	Detractor
NULL	2794	2025-10-31	2	4	1	Detractor
NULL	2794	2026-01-31	5	3	3	Passive
NULL	2794	2026-07-31	5	4	1	Detractor
NULL	2795	2024-04-30	10	7	8	Promoter
NULL	2795	2024-10-31	7	5	10	Detractor
NULL	2795	2025-01-31	7	7	1	Promoter
NULL	2795	2025-04-30	7	4	3	Passive
NULL	2795	2026-04-30	6	1	6	Detractor
NULL	2796	2025-10-31	7	7	8	Promoter
NULL	2797	2024-10-31	5	9	4	Detractor
NULL	2797	2025-04-30	5	8	7	Detractor
NULL	2797	01/31/2026	7	5	9	Promoter
NULL	2797	2026-04-30	6	6	7	Detractor
NULL	2798	2026-07-31	7	4	1	Passive
NULL	2799	2024-04-30	2	3	1	Promoter
NULL	2799	2024-10-31	1	1	2	Detractor
NULL	2799	2025-01-31	1	1	2	Detractor
NULL	2799	2025-04-30	3	4	3	Passive
NULL	2799	2025-07-31	1	3	4	Detractor
NULL	2799	2025-10-31	1	3	2	Detractor
NULL	2799	2026-01-31	4	4	8	Passive
NULL	2799	07/31/2026	1	4	1	Detractor
NULL	2800	2026-01-31	9	10	9	Promoter
NULL	2800	2026-04-30	10	5	8	Promoter
NULL	2800	2026-07-31	10	7	5	Promoter
NULL	2801	2024-01-31	5	9	1	Passive
NULL	2801	2024-07-31	7	5	5	Passive
NULL	2801	2025-04-30	8	3	6	Passive
NULL	2801	2025-07-31	5	1	1	Detractor
NULL	2801	2025-10-31	4	3	2	Passive
NULL	2801	2026-01-31	6	3	4	Passive
NULL	2801	2026-04-30	4	6	3	Detractor
NULL	2802	2025-04-30	6	3	3	Detractor
NULL	2802	2025-07-31	2	1	4	Detractor
NULL	2802	2025-10-31	3	3	4	Detractor
NULL	2802	2026-01-31	3	2	2	Detractor
NULL	2802	2026-07-31	2	1	1	Detractor
NULL	2803	2024-01-31	6	8	7	Detractor
NULL	2803	2024-04-30	7	6	10	Passive
NULL	2803	2024-07-31	4	6	3	Detractor
NULL	2803	2024-10-31	7	7	2	Promoter
NULL	2803	2025-04-30	8	8	7	Promoter
NULL	2803	2025-07-31	8	3	7	Promoter
NULL	2803	2025-10-31	6	6	6	Detractor
NULL	2803	2026-01-31	8	5	6	Promoter
NULL	2803	2026-04-30	9	7	7	Promoter
NULL	2803	2026-07-31	9	9	3	Passive
NULL	2804	2024-01-31	2	1	2	Detractor
NULL	2804	2024-10-31	1	4	1	Passive
NULL	2804	2025-07-31	1	1	3	Detractor
NULL	2805	2024-01-31	10	9	9	Passive
NULL	2805	2024-04-30	9	8	8	Promoter
NULL	2805	2024-07-31	10	8	10	Promoter
NULL	2805	2025-01-31	7	7	5	Detractor
NULL	2805	2025-04-30	10	7	5	Promoter
NULL	2805	2025-07-31	10	9	7	Promoter
NULL	2805	10/31/2025	10	7	9	Promoter
NULL	2805	2026-04-30	10	8	8	Promoter
NULL	2805	2026-07-31	9	5	10	Promoter
NULL	2806	2025-04-30	4	1	1	Passive
NULL	2806	2025-07-31	4	6	3	Detractor
NULL	2806	2026-04-30	2	2	5	Detractor
NULL	2806	2026-07-31	6	4	5	Detractor
NULL	2807	2024-01-31	6	10	10	Detractor
NULL	2807	2024-07-31	8	7	8	Passive
NULL	2807	2024-10-31	7	9	9	Promoter
NULL	2807	2025-01-31	10	10	9	Promoter
NULL	2807	2025-04-30	5	7	10	Detractor
NULL	2807	2025-07-31	6	5	7	Detractor
NULL	2807	2025-10-31	8	7	4	Passive
NULL	2807	2026-01-31	7	7	9	Detractor
NULL	2807	2026-07-31	10	9	NULL	Promoter
NULL	2808	2026-07-31	8	6	10	Passive
NULL	2809	2024-01-31	9	6	10	Promoter
NULL	2809	2024-07-31	10	8	10	Promoter
NULL	2809	10/31/2024	10	10	4	Promoter
NULL	2809	2025-01-31	10	NULL	10	Promoter
NULL	2809	2025-04-30	10	10	6	Promoter
NULL	2809	2025-07-31	10	4	8	Promoter
NULL	2809	2025-10-31	6	9	9	Detractor
NULL	2809	2026-04-30	10	8	10	Detractor
NULL	2809	2026-07-31	9	10	7	Promoter
NULL	2810	2024-01-31	3	6	2	Detractor
NULL	2810	2024-04-30	8	6	3	Detractor
NULL	2810	07/31/2024	4	9	1	Detractor
NULL	2810	2024-10-31	6	3	3	Detractor
NULL	2810	2025-01-31	5	5	4	Detractor
NULL	2810	2025-04-30	4	1	1	Detractor
NULL	2810	2025-07-31	6	1	1	Detractor
NULL	2810	2025-10-31	1	1	6	Passive
NULL	2810	2026-01-31	6	6	4	Detractor
NULL	2811	2024-07-31	10	7	9	Promoter
NULL	2811	2025-01-31	10	6	7	Promoter
NULL	2811	2025-04-30	10	8	8	Promoter
NULL	2811	2026-01-31	10	10	9	Promoter
NULL	2811	2026-04-30	9	8	10	Promoter
NULL	2811	2026-07-31	8	10	10	Passive
NULL	2812	01/31/2025	5	2	10	Detractor
NULL	2812	2025-04-30	7	3	5	Passive
NULL	2812	2025-07-31	6	3	7	Detractor
NULL	2812	2025-10-31	7	6	10	Detractor
NULL	2812	2026-01-31	6	7	2	Detractor
NULL	2812	2026-04-30	7	3	1	Promoter
NULL	2812	2026-07-31	4	5	2	Detractor
NULL	2813	2026-07-31	5	3	2	Passive
NULL	2815	2025-10-31	2	2	2	Detractor
NULL	2815	2026-01-31	2	NULL	8	Passive
NULL	2815	2026-07-31	6	2	2	Passive
NULL	2816	2024-04-30	7	8	7	Detractor
NULL	2816	07/31/2024	6	4	5	Passive
NULL	2816	2024-10-31	6	8	8	Detractor
NULL	2816	2025-01-31	7	4	5	Passive
NULL	2816	2025-07-31	5	6	4	Detractor
NULL	2816	2025-10-31	6	8	6	Detractor
NULL	2816	2026-04-30	4	6	9	Detractor
NULL	2816	2026-07-31	4	6	10	Detractor
NULL	3023	2024-04-30	2	9	6	Detractor
NULL	3023	2024-07-31	6	8	4	Promoter
NULL	3023	2024-10-31	6	4	2	Passive
NULL	3023	2025-01-31	6	6	3	Detractor
NULL	3023	2025-07-31	5	6	4	Detractor
NULL	3023	2025-10-31	5	4	1	Promoter
NULL	3023	2026-04-30	9	1	6	Promoter
NULL	3023	2026-07-31	4	6	2	Detractor
NULL	2817	2024-04-30	6	NULL	5	Detractor
NULL	2817	2024-07-31	6	7	2	Detractor
NULL	2817	2024-10-31	3	1	4	Detractor
NULL	2817	2025-04-30	5	3	3	Detractor
NULL	2817	2025-07-31	6	3	6	Passive
NULL	2817	2025-10-31	5	6	2	Detractor
NULL	2817	2026-01-31	6	1	4	Passive
NULL	2817	2026-04-30	7	3	5	Passive
NULL	2817	2026-07-31	4	5	1	Detractor
NULL	2818	2024-01-31	10	10	7	Promoter
NULL	2818	2024-07-31	7	6	10	Passive
NULL	2818	2024-10-31	7	8	5	Passive
NULL	2818	2025-01-31	10	7	10	Promoter
NULL	2818	2025-04-30	10	9	7	Promoter
NULL	2818	2025-07-31	10	10	4	Promoter
NULL	2818	2026-01-31	8	7	10	Promoter
NULL	2818	2026-04-30	10	NULL	3	Promoter
NULL	2819	2025-07-31	5	NULL	3	Detractor
NULL	2819	2025-10-31	1	5	1	Passive
NULL	2819	2026-01-31	4	4	1	Detractor
NULL	2820	2025-07-31	3	6	10	Detractor
NULL	2820	2025-10-31	6	4	4	Detractor
NULL	2820	2026-01-31	8	2	6	Passive
NULL	2820	2026-04-30	3	4	3	Detractor
NULL	2820	2026-07-31	1	5	6	Detractor
NULL	2821	2026-07-31	4	5	1	Passive
NULL	2823	2025-01-31	2	5	3	Detractor
NULL	2823	2025-04-30	5	8	6	Detractor
NULL	2823	2025-07-31	9	3	7	Promoter
NULL	2823	2025-10-31	6	3	8	Passive
NULL	2823	2026-01-31	8	4	10	Promoter
NULL	2823	2026-04-30	8	3	9	Passive
NULL	2823	2026-07-31	7	5	8	Passive
NULL	2824	2024-07-31	6	8	7	Passive
NULL	2824	01/31/2025	5	9	1	Detractor
NULL	2824	2025-07-31	5	8	8	Detractor
NULL	2824	2025-10-31	4	7	4	Detractor
NULL	2824	2026-01-31	9	4	4	Promoter
NULL	2824	2026-04-30	7	9	1	Promoter
NULL	2825	2024-01-31	7	6	9	Promoter
NULL	2825	2024-04-30	4	NULL	5	Detractor
NULL	2825	07/31/2024	3	5	6	Detractor
NULL	2825	2024-10-31	4	3	7	Detractor
NULL	2825	2025-01-31	6	6	8	Detractor
NULL	2825	2025-07-31	6	5	7	Detractor
NULL	2825	2026-01-31	4	2	3	Detractor
NULL	2825	04/30/2026	6	6	4	Passive
NULL	2826	2024-10-31	3	5	2	Detractor
NULL	2826	2025-01-31	6	2	5	Detractor
NULL	2826	2025-04-30	7	5	1	Passive
NULL	2826	2025-07-31	4	3	2	Detractor
NULL	2826	2025-10-31	6	4	2	Detractor
NULL	2826	2026-01-31	2	5	3	Detractor
NULL	2826	2026-04-30	4	8	1	Passive
NULL	2827	2026-01-31	1	4	2	Detractor
NULL	2827	2026-04-30	3	3	4	Detractor
NULL	2827	2026-07-31	6	7	6	Detractor
NULL	2828	2024-04-30	6	6	10	Detractor
NULL	2828	2024-07-31	8	9	4	Promoter
NULL	2828	2024-10-31	5	5	7	Detractor
NULL	2828	2025-01-31	9	5	6	Passive
NULL	2828	2025-07-31	6	6	8	Detractor
NULL	2828	10/31/2025	7	6	7	Promoter
NULL	2829	2024-10-31	4	2	4	Detractor
NULL	2829	2025-01-31	4	5	3	Detractor
NULL	2829	2025-04-30	5	4	7	Detractor
NULL	2829	2025-10-31	2	4	4	Detractor
NULL	2829	2026-07-31	5	5	6	Detractor
NULL	2830	2024-04-30	6	NULL	7	Detractor
NULL	2830	2025-01-31	4	6	5	Detractor
NULL	2830	2025-04-30	5	5	6	Detractor
NULL	2830	2025-07-31	10	2	3	Promoter
NULL	2831	2026-01-31	1	1	1	Detractor
NULL	2831	2026-04-30	4	1	3	Passive
NULL	2831	2026-07-31	1	1	3	Detractor
NULL	2832	2026-07-31	10	7	9	Promoter
NULL	2833	2024-01-31	3	4	1	Detractor
NULL	2833	2024-04-30	6	1	7	Detractor
NULL	2833	2024-07-31	1	6	4	Detractor
NULL	2833	2025-01-31	8	4	1	Promoter
NULL	2833	2025-04-30	6	4	5	Detractor
NULL	2833	2025-07-31	1	4	4	Detractor
NULL	2833	2026-01-31	5	1	3	Detractor
NULL	2833	2026-04-30	7	3	1	Passive
NULL	2834	2024-01-31	1	2	1	Detractor
NULL	2834	2024-10-31	5	2	2	Detractor
NULL	2834	2025-04-30	4	3	6	Detractor
NULL	2834	2025-07-31	6	3	1	Passive
NULL	2834	2026-01-31	3	9	1	Promoter
NULL	2834	2026-04-30	5	4	2	Detractor
NULL	2834	2026-07-31	2	5	3	Detractor
NULL	2835	2024-04-30	3	6	1	Detractor
NULL	2835	2024-07-31	6	5	NULL	Detractor
NULL	2835	2024-10-31	6	10	1	Detractor
NULL	2835	2025-01-31	8	6	9	Promoter
NULL	2835	2025-04-30	8	4	NULL	Passive
NULL	2835	2025-07-31	6	3	4	Detractor
NULL	2835	2025-10-31	5	9	7	Promoter
NULL	2835	2026-01-31	6	4	6	Detractor
NULL	2835	2026-07-31	4	6	7	Detractor
NULL	2836	2024-01-31	6	5	5	Detractor
NULL	2836	2024-04-30	7	6	10	Detractor
NULL	2836	2024-07-31	9	7	6	Promoter
NULL	2836	2025-01-31	5	6	7	Detractor
NULL	2836	2025-10-31	7	9	2	Passive
NULL	2836	2026-01-31	7	5	6	Passive
NULL	2836	2026-04-30	10	2	7	Detractor
NULL	2836	2026-07-31	10	10	8	Promoter
NULL	2837	2024-01-31	9	7	4	Detractor
NULL	2837	2024-04-30	8	7	6	Detractor
NULL	2837	2024-07-31	7	5	7	Passive
NULL	2837	2024-10-31	7	3	8	Promoter
NULL	2837	2025-01-31	7	6	7	Promoter
NULL	2837	2025-04-30	7	7	6	Detractor
NULL	2837	2025-07-31	9	7	6	Promoter
NULL	2837	2025-10-31	6	6	5	Detractor
NULL	2837	2026-01-31	7	9	5	Detractor
NULL	2837	2026-04-30	6	7	6	Passive
NULL	2837	2026-07-31	6	8	8	Detractor
NULL	2838	2025-04-30	3	6	5	Detractor
NULL	2838	2025-10-31	5	4	5	Detractor
NULL	2838	2026-01-31	4	7	5	Detractor
NULL	2838	2026-04-30	2	3	1	Detractor
NULL	2838	2026-07-31	4	7	4	Detractor
NULL	2839	2025-07-31	3	3	3	Detractor
NULL	2839	2025-10-31	3	7	3	Detractor
NULL	2839	2026-01-31	4	7	5	Detractor
NULL	2839	2026-04-30	3	7	6	Detractor
NULL	2840	2026-07-31	6	5	5	Detractor
NULL	2841	2025-10-31	10	9	8	Passive
NULL	2841	2026-01-31	9	10	6	Passive
NULL	2841	2026-07-31	10	8	6	Promoter
NULL	2842	2024-01-31	3	3	5	Passive
NULL	2842	2024-04-30	4	7	1	Passive
NULL	2842	2024-10-31	2	1	6	Detractor
NULL	2842	2025-01-31	2	3	2	Detractor
NULL	2842	2025-10-31	2	3	2	Detractor
NULL	2842	2026-01-31	1	5	3	Detractor
NULL	2842	2026-04-30	2	1	5	Detractor
NULL	2842	2026-07-31	3	3	1	Detractor
NULL	2843	2024-10-31	5	5	6	Passive
NULL	2843	2025-04-30	5	1	1	Detractor
NULL	2843	2025-07-31	1	4	5	Detractor
NULL	2843	2025-10-31	3	6	1	Promoter
NULL	2843	01/31/2026	6	8	2	Detractor
NULL	2843	2026-04-30	4	3	5	Detractor
NULL	2844	2026-01-31	4	3	5	Passive
NULL	2844	2026-04-30	6	6	2	Detractor
NULL	2845	2024-01-31	5	1	4	Detractor
NULL	2845	2024-04-30	5	1	3	Passive
NULL	2845	2024-10-31	4	6	1	Passive
NULL	2845	2025-01-31	3	2	5	Detractor
NULL	2845	2025-07-31	1	4	6	Detractor
NULL	2845	2025-10-31	6	NULL	4	Detractor
NULL	2845	2026-01-31	2	3	5	Detractor
NULL	2845	2026-07-31	3	3	5	Detractor
NULL	2846	2025-01-31	10	9	10	Passive
NULL	2846	2025-04-30	10	7	6	Promoter
NULL	2846	2025-07-31	10	9	7	Promoter
NULL	2846	2025-10-31	10	8	7	Promoter
NULL	2846	2026-07-31	10	9	6	Promoter
NULL	2847	2024-04-30	4	2	1	Detractor
NULL	2847	2024-07-31	2	5	5	Passive
NULL	2847	2024-10-31	5	6	1	Passive
NULL	2847	2025-01-31	6	4	3	Detractor
NULL	2847	2025-04-30	7	1	6	Promoter
NULL	2847	2025-07-31	5	3	2	Detractor
NULL	2847	2025-10-31	4	7	3	Detractor
NULL	2847	2026-01-31	5	1	2	Detractor
NULL	2847	2026-04-30	1	3	3	Detractor
NULL	2847	2026-07-31	5	7	1	Detractor
NULL	2848	2026-01-31	4	2	4	Detractor
NULL	2848	2026-04-30	3	2	5	Detractor
NULL	2848	2026-07-31	2	3	3	Detractor
NULL	2849	2026-04-30	10	NULL	9	Promoter
NULL	2849	2026-07-31	8	10	5	Promoter
NULL	2850	2025-01-31	9	9	7	Promoter
NULL	2850	2025-04-30	9	7	6	Promoter
NULL	2850	2025-07-31	7	9	5	Promoter
NULL	2850	2025-10-31	6	7	6	Detractor
NULL	2850	2026-04-30	7	8	6	Promoter
NULL	2851	2024-01-31	4	6	6	Detractor
NULL	2851	2024-04-30	8	5	10	Promoter
NULL	2851	2024-07-31	7	8	NULL	Passive
NULL	2852	2024-01-31	6	2	10	Promoter
NULL	2853	2024-07-31	1	4	2	Detractor
NULL	2853	2024-10-31	5	1	4	Detractor
NULL	2853	2025-04-30	2	1	1	Detractor
NULL	2853	2025-07-31	3	6	3	Passive
NULL	2853	2025-10-31	4	1	1	Passive
NULL	2853	2026-01-31	4	1	9	Detractor
NULL	2853	2026-04-30	6	3	1	Detractor
NULL	2853	2026-07-31	7	1	1	Promoter
NULL	2854	2024-04-30	6	3	5	Detractor
NULL	2854	2024-07-31	6	3	1	Passive
NULL	2854	2024-10-31	3	9	6	Detractor
NULL	2854	2025-01-31	3	2	3	Detractor
NULL	2854	2025-04-30	6	7	5	Detractor
NULL	2854	2025-07-31	5	5	9	Passive
NULL	2854	2025-10-31	5	3	3	Detractor
NULL	2854	2026-01-31	5	6	8	Passive
NULL	2854	2026-04-30	8	5	8	Passive
NULL	2854	2026-07-31	5	2	4	Detractor
NULL	2855	2024-10-31	4	5	5	Detractor
NULL	2855	2025-01-31	4	4	4	Detractor
NULL	2855	2025-10-31	5	2	1	Detractor
NULL	2855	2026-01-31	7	3	7	Passive
NULL	2855	2026-07-31	4	1	1	Detractor
NULL	2856	2026-01-31	4	1	8	Detractor
NULL	2856	2026-07-31	3	3	4	Detractor
NULL	2857	2024-01-31	9	5	NULL	Promoter
NULL	2857	2024-10-31	8	6	4	Passive
NULL	2857	2025-04-30	3	6	2	Detractor
NULL	2857	2025-10-31	4	10	7	Detractor
NULL	2857	2026-01-31	9	5	3	Passive
NULL	2857	2026-04-30	8	9	5	Passive
NULL	2858	2024-01-31	10	2	7	Promoter
NULL	2858	2024-04-30	10	6	5	Promoter
NULL	2859	2026-07-31	8	8	9	Detractor
NULL	2860	2024-10-31	5	2	4	Detractor
NULL	2860	2025-07-31	6	4	1	Detractor
NULL	2860	2026-01-31	4	7	6	Detractor
NULL	2860	2026-07-31	9	1	4	Promoter
NULL	2861	2024-04-30	3	2	2	Detractor
NULL	2861	2024-07-31	2	4	7	Detractor
NULL	2861	2025-01-31	4	1	6	Detractor
NULL	2862	2024-04-30	7	4	4	Passive
NULL	2862	2024-07-31	6	6	3	Detractor
NULL	2862	2025-01-31	4	NULL	5	Passive
NULL	2862	2025-04-30	5	4	3	Passive
NULL	2862	2025-07-31	3	3	5	Promoter
NULL	2862	2025-10-31	7	2	1	Detractor
NULL	2862	2026-01-31	7	3	2	Detractor
NULL	2862	2026-04-30	7	5	4	Passive
NULL	2862	2026-07-31	6	2	5	Promoter
NULL	2863	2024-01-31	5	6	4	Detractor
NULL	2863	2024-04-30	7	4	8	Promoter
NULL	2863	2024-07-31	5	7	4	Detractor
NULL	2863	2024-10-31	6	7	3	Passive
NULL	2863	2025-01-31	7	6	4	Promoter
NULL	2863	2025-04-30	7	6	9	Passive
NULL	2863	10/31/2025	5	10	8	Detractor
NULL	2863	2026-04-30	9	1	10	Promoter
NULL	2863	2026-07-31	6	5	5	Detractor
NULL	2864	2025-10-31	5	8	4	Detractor
NULL	2864	2026-04-30	9	5	10	Promoter
NULL	2864	2026-07-31	7	10	6	Passive
NULL	2865	2026-04-30	8	9	8	Passive
NULL	2865	2026-07-31	10	8	4	Promoter
NULL	2866	2024-10-31	7	10	10	Passive
NULL	2866	2025-01-31	10	8	10	Promoter
NULL	2866	2025-04-30	9	10	4	Promoter
NULL	2866	2025-07-31	9	8	8	Promoter
NULL	2866	2025-10-31	6	10	9	Detractor
NULL	2866	2026-01-31	10	8	6	Passive
NULL	2868	2024-01-31	2	5	5	Detractor
NULL	2868	2024-04-30	5	4	6	Detractor
NULL	2868	2024-07-31	6	8	6	Detractor
NULL	2868	2024-10-31	9	7	8	Promoter
NULL	2868	2025-01-31	5	5	5	Detractor
NULL	2868	2025-04-30	7	1	7	Detractor
NULL	2868	2025-07-31	6	5	4	Detractor
NULL	2868	2026-01-31	7	8	4	Detractor
NULL	2868	2026-04-30	6	9	6	Detractor
NULL	2868	2026-07-31	4	6	6	Passive
NULL	2869	2024-01-31	8	9	5	Passive
NULL	2869	2025-01-31	5	6	6	Passive
NULL	2869	2025-07-31	8	8	3	Passive
NULL	2869	2025-10-31	7	10	4	Passive
NULL	2869	2026-01-31	8	5	5	Promoter
NULL	2870	2024-07-31	10	9	6	Promoter
NULL	2870	2024-10-31	9	10	9	Promoter
NULL	2870	2025-01-31	10	9	6	Passive
NULL	2870	2025-04-30	9	6	9	Promoter
NULL	2870	2025-07-31	9	10	6	Passive
NULL	2870	2025-10-31	5	10	8	Detractor
NULL	2870	2026-01-31	7	10	10	Passive
NULL	2870	2026-07-31	10	7	9	Passive
NULL	2871	2024-01-31	8	7	6	Passive
NULL	2871	2024-07-31	7	10	10	Passive
NULL	2871	2025-01-31	5	8	6	Detractor
NULL	2871	2025-04-30	9	6	10	Promoter
NULL	2872	2024-01-31	8	5	NULL	Passive
NULL	2872	2024-04-30	6	8	4	Promoter
NULL	2872	2024-07-31	2	5	9	Detractor
NULL	2872	2025-04-30	5	5	1	Detractor
NULL	2872	2025-07-31	6	4	4	Promoter
NULL	2872	2026-01-31	6	7	6	Promoter
NULL	2872	2026-04-30	8	7	3	Passive
NULL	2873	2025-01-31	5	6	5	Promoter
NULL	2873	2025-04-30	8	5	7	Passive
NULL	2873	2025-07-31	5	4	6	Passive
NULL	2873	2025-10-31	6	5	5	Detractor
NULL	2873	2026-01-31	6	2	10	Detractor
NULL	2873	2026-04-30	6	3	9	Detractor
NULL	2874	2024-01-31	4	8	6	Detractor
NULL	2874	2024-04-30	5	5	9	Detractor
NULL	2874	2024-07-31	3	5	5	Detractor
NULL	2874	2024-10-31	7	4	6	Passive
NULL	2874	2025-04-30	7	4	4	Passive
NULL	2874	2026-04-30	9	5	NULL	Promoter
NULL	2874	2026-07-31	7	6	5	Promoter
NULL	2875	2026-07-31	7	6	2	Passive
NULL	2876	2024-01-31	3	5	5	Detractor
NULL	2876	2024-04-30	4	3	2	Detractor
NULL	2876	2024-10-31	1	1	7	Promoter
NULL	2876	01/31/2025	5	7	4	Detractor
NULL	2876	2025-04-30	3	4	2	Detractor
NULL	2876	2025-07-31	3	4	1	Passive
NULL	2876	2025-10-31	5	1	6	Detractor
NULL	2876	2026-01-31	4	7	7	Passive
NULL	2876	2026-04-30	4	3	4	Detractor
NULL	2877	2026-01-31	5	3	3	Detractor
NULL	2877	2026-04-30	8	NULL	4	Detractor
NULL	2877	2026-07-31	7	8	6	Passive
NULL	2879	2025-10-31	9	6	5	Promoter
NULL	2880	2024-01-31	4	3	5	Detractor
NULL	2880	2024-07-31	5	4	4	Detractor
NULL	2880	2024-10-31	3	2	4	Detractor
NULL	2880	2025-01-31	5	8	3	Passive
NULL	2880	2025-04-30	5	3	9	Detractor
NULL	2880	2026-01-31	4	5	1	Detractor
NULL	2880	2026-07-31	5	1	1	Detractor
NULL	2881	2024-01-31	5	4	6	Detractor
NULL	2881	04/30/2024	4	2	6	Promoter
NULL	2881	2024-10-31	4	1	1	Detractor
NULL	2881	2025-01-31	2	1	5	Detractor
NULL	2881	04/30/2025	2	8	2	Detractor
NULL	2881	2025-07-31	3	2	2	Detractor
NULL	2881	2025-10-31	3	6	7	Passive
NULL	2881	2026-01-31	8	3	7	Passive
NULL	2881	2026-04-30	7	6	3	Promoter
NULL	2881	2026-07-31	6	1	9	Detractor
NULL	2882	2026-07-31	8	7	4	Passive
NULL	2883	2024-01-31	2	3	1	Detractor
NULL	2883	2024-04-30	1	2	4	Detractor
NULL	2883	2024-07-31	3	3	1	Passive
NULL	2883	2024-10-31	2	2	3	Promoter
NULL	2883	2025-01-31	3	5	6	Detractor
NULL	2883	2025-04-30	2	3	3	Passive
NULL	2883	2026-01-31	4	1	NULL	Detractor
NULL	2883	2026-04-30	1	2	1	Detractor
NULL	2883	2026-07-31	3	6	2	Passive
NULL	2884	2024-01-31	3	4	1	Passive
NULL	2884	2024-04-30	5	4	5	Detractor
NULL	2884	2024-10-31	4	1	1	Detractor
NULL	2884	2025-01-31	7	1	3	Detractor
NULL	2884	2025-04-30	7	3	1	Detractor
NULL	2884	2025-07-31	5	5	7	Detractor
NULL	2884	2025-10-31	5	1	6	Detractor
NULL	2884	2026-01-31	4	4	6	Detractor
NULL	2884	2026-04-30	5	2	7	Passive
NULL	2885	2026-01-31	8	4	3	Passive
NULL	2885	2026-04-30	7	4	6	Passive
NULL	2885	2026-07-31	8	6	5	Passive
NULL	2886	10/31/2025	6	6	1	Passive
NULL	2886	2026-01-31	4	3	3	Detractor
NULL	2886	2026-07-31	3	2	4	Detractor
NULL	2887	2024-07-31	3	8	5	Detractor
NULL	2887	2024-10-31	10	6	3	Promoter
NULL	2887	2025-04-30	5	4	8	Promoter
NULL	2887	2025-10-31	7	8	2	Passive
NULL	2887	2026-01-31	6	3	4	Passive
NULL	2887	2026-04-30	3	10	10	Detractor
NULL	2887	2026-07-31	4	10	6	Detractor
NULL	2888	2024-07-31	4	4	5	Promoter
NULL	2888	2024-10-31	6	2	8	Detractor
NULL	2888	2025-01-31	5	1	1	Detractor
NULL	2888	2025-04-30	5	6	6	Passive
NULL	2888	2025-07-31	4	5	1	Passive
NULL	2888	2025-10-31	2	5	4	Detractor
NULL	2888	2026-01-31	3	4	6	Detractor
NULL	2888	2026-04-30	5	4	7	Detractor
NULL	2888	2026-07-31	4	6	8	Passive
NULL	2889	2025-04-30	9	9	10	Promoter
NULL	2889	2025-07-31	8	7	10	Promoter
NULL	2889	2025-10-31	10	4	8	Promoter
NULL	2889	2026-01-31	9	7	6	Detractor
NULL	2890	2024-01-31	4	2	5	Detractor
NULL	2890	2024-04-30	6	5	4	Passive
NULL	2890	2024-07-31	7	7	1	Passive
NULL	2890	2024-10-31	7	NULL	3	Detractor
NULL	2890	2025-01-31	8	8	1	Passive
NULL	2890	2025-07-31	6	3	6	Detractor
NULL	2890	2026-01-31	4	3	5	Detractor
NULL	2890	2026-04-30	3	5	5	Detractor
NULL	2890	2026-07-31	8	NULL	8	Promoter
NULL	2892	2026-07-31	6	4	10	Detractor
NULL	2893	2024-01-31	1	3	1	Passive
NULL	2893	2024-04-30	3	6	3	Passive
NULL	2895	2024-01-31	7	5	7	Promoter
NULL	2895	2024-10-31	4	5	6	Passive
NULL	2895	2025-01-31	7	7	9	Passive
NULL	2895	2025-04-30	6	6	7	Passive
NULL	2895	2025-07-31	5	9	7	Detractor
NULL	2895	2025-10-31	5	5	8	Detractor
NULL	2895	2026-01-31	10	8	10	Passive
NULL	2895	2026-04-30	8	5	10	Passive
NULL	2896	2025-04-30	4	3	1	Passive
NULL	2896	2025-07-31	4	7	3	Detractor
NULL	2896	2025-10-31	5	1	3	Passive
NULL	2896	2026-04-30	3	5	5	Promoter
NULL	2896	2026-07-31	4	3	3	Detractor
NULL	2898	2025-07-31	5	9	8	Detractor
NULL	2898	2025-10-31	4	3	10	Detractor
NULL	2898	2026-04-30	4	8	1	Promoter
NULL	2898	2026-07-31	6	3	1	Detractor
NULL	2899	2024-10-31	7	NULL	10	Promoter
NULL	2899	2025-01-31	10	10	8	Promoter
NULL	2899	2025-04-30	9	10	5	Passive
NULL	2899	2025-07-31	7	10	4	Promoter
NULL	2899	2025-10-31	9	10	8	Promoter
NULL	2899	2026-01-31	3	8	4	Detractor
NULL	2899	2026-04-30	7	5	8	Promoter
NULL	2900	2026-07-31	10	10	9	Promoter
NULL	2901	2024-07-31	9	7	9	Passive
NULL	2901	2024-10-31	10	7	8	Promoter
NULL	2901	2025-01-31	10	10	6	Passive
NULL	2901	2025-04-30	9	9	9	Promoter
NULL	2901	2025-10-31	10	10	10	Promoter
NULL	2901	2026-01-31	10	10	6	Promoter
NULL	2901	2026-04-30	9	10	5	Promoter
NULL	2901	2026-07-31	10	8	8	Promoter
NULL	2902	2024-01-31	8	10	9	Passive
NULL	2902	07/31/2024	6	6	7	Detractor
NULL	2902	2024-10-31	6	8	8	Detractor
NULL	2902	2025-01-31	9	7	9	Detractor
NULL	2902	2025-07-31	10	10	7	Promoter
NULL	2904	2025-10-31	10	10	6	Promoter
NULL	2904	2026-04-30	7	7	6	Passive
NULL	2905	2024-01-31	10	5	2	Promoter
NULL	2905	2024-10-31	9	6	5	Passive
NULL	2905	2025-01-31	7	6	7	Promoter
NULL	2905	2025-04-30	7	8	9	Passive
NULL	2905	2025-07-31	4	7	3	Detractor
NULL	2905	2025-10-31	8	5	10	Passive
NULL	2905	2026-04-30	6	6	6	Detractor
NULL	2905	2026-07-31	8	2	8	Detractor
NULL	2906	2024-01-31	7	8	2	Promoter
NULL	2906	2024-04-30	10	3	6	Promoter
NULL	2906	2024-10-31	6	8	6	Detractor
NULL	2906	2025-01-31	5	4	9	Detractor
NULL	2906	2025-04-30	4	5	8	Detractor
NULL	2906	2025-07-31	8	6	6	Passive
NULL	2906	2026-04-30	6	3	6	Passive
NULL	2906	2026-07-31	7	4	3	Promoter
NULL	2908	2024-04-30	6	5	1	Detractor
NULL	2908	2024-07-31	6	4	1	Detractor
NULL	2908	2024-10-31	4	7	4	Detractor
NULL	2908	04/30/2025	8	1	4	Promoter
NULL	2908	2025-07-31	5	7	8	Detractor
NULL	2908	2025-10-31	7	5	7	Passive
NULL	2908	2026-04-30	6	5	5	Passive
NULL	2908	2026-07-31	3	3	2	Promoter
NULL	2909	2025-01-31	8	4	7	Detractor
NULL	2909	2025-04-30	6	2	10	Passive
NULL	2909	2025-07-31	8	9	7	Detractor
NULL	2909	2025-10-31	8	7	6	Passive
NULL	2909	2026-01-31	8	4	9	Promoter
NULL	2909	2026-04-30	6	6	8	Detractor
NULL	2909	2026-07-31	8	9	4	Passive
NULL	2910	2024-07-31	7	6	3	Promoter
NULL	2910	2024-10-31	5	2	10	Detractor
NULL	2910	2025-01-31	5	3	5	Detractor
NULL	2910	2025-04-30	6	5	5	Detractor
NULL	2910	2025-07-31	5	4	5	Promoter
NULL	2910	2025-10-31	6	2	1	Detractor
NULL	2910	2026-01-31	5	4	3	Detractor
NULL	2910	2026-04-30	5	3	5	Passive
NULL	2911	2026-07-31	2	2	3	Detractor
NULL	2912	2025-07-31	8	1	6	Promoter
NULL	2912	2026-04-30	6	8	8	Passive
NULL	2913	2025-10-31	10	9	NULL	Promoter
NULL	2913	2026-01-31	7	NULL	10	Promoter
NULL	2914	2024-01-31	6	6	7	Passive
NULL	2914	2024-04-30	7	6	8	Detractor
NULL	2914	2024-07-31	6	9	NULL	Passive
NULL	2914	2024-10-31	8	7	8	Detractor
NULL	2914	2025-01-31	5	6	9	Detractor
NULL	2914	2025-04-30	6	5	4	Detractor
NULL	2914	2025-07-31	4	7	8	Detractor
NULL	2914	2025-10-31	7	4	5	Promoter
NULL	2914	2026-07-31	7	3	2	Promoter
NULL	2915	2026-04-30	9	4	1	Passive
NULL	2915	2026-07-31	7	4	7	Passive
NULL	2916	2024-10-31	5	3	8	Detractor
NULL	2916	2026-01-31	4	7	7	Passive
NULL	2916	2026-04-30	3	NULL	1	Promoter
NULL	2916	2026-07-31	3	6	7	Detractor
NULL	2917	2024-04-30	3	7	2	Detractor
NULL	2917	2024-07-31	3	1	5	Detractor
NULL	2917	2024-10-31	3	5	5	Detractor
NULL	2917	2025-01-31	2	1	6	Detractor
NULL	2917	2025-04-30	3	4	5	Detractor
NULL	2917	2026-07-31	3	5	3	Detractor
NULL	2918	2025-04-30	3	1	4	Detractor
NULL	2918	2025-07-31	5	5	6	Passive
NULL	2918	2025-10-31	4	1	4	Detractor
NULL	2918	2026-04-30	4	NULL	1	Passive
NULL	2920	2025-01-31	6	5	3	Detractor
NULL	2920	2025-04-30	8	4	7	Promoter
NULL	2920	2026-04-30	7	5	3	Detractor
NULL	2920	2026-07-31	10	7	9	Promoter
NULL	2921	2025-10-31	4	3	7	Passive
NULL	2921	2026-01-31	1	1	1	Detractor
NULL	2921	2026-07-31	2	7	2	Detractor
NULL	2922	2026-04-30	5	5	1	Passive
NULL	2922	2026-07-31	7	9	6	Passive
NULL	2923	2024-04-30	4	2	3	Detractor
NULL	2923	2024-07-31	4	2	1	Passive
NULL	2923	2024-10-31	1	2	2	Detractor
NULL	2923	2025-04-30	7	3	3	Passive
NULL	2923	2025-07-31	3	5	7	Passive
NULL	2923	2026-01-31	5	3	6	Detractor
NULL	2923	2026-07-31	1	2	1	Detractor
NULL	2924	2024-01-31	6	5	3	Detractor
NULL	2924	2024-07-31	4	3	2	Detractor
NULL	2924	2025-01-31	6	7	3	Passive
NULL	2924	2025-04-30	3	6	1	Detractor
NULL	2924	2025-07-31	2	4	NULL	Detractor
NULL	2924	2025-10-31	7	4	1	Passive
NULL	2924	2026-04-30	1	2	7	Detractor
NULL	2924	2026-07-31	4	6	5	Detractor
NULL	2925	2024-07-31	7	7	9	Passive
NULL	2925	2024-10-31	9	10	10	Promoter
NULL	2925	2025-01-31	6	10	7	Passive
NULL	2925	2025-07-31	9	NULL	7	Promoter
NULL	2925	2025-10-31	8	10	10	Passive
NULL	2925	01/31/2026	10	9	6	Promoter
NULL	2925	2026-07-31	9	8	9	Promoter
NULL	2926	2025-07-31	9	7	6	Promoter
NULL	2926	2026-01-31	6	7	3	Passive
NULL	2926	2026-04-30	6	NULL	6	Passive
NULL	2927	2024-01-31	4	4	1	Detractor
NULL	2927	2024-04-30	4	3	6	Detractor
NULL	2927	2024-10-31	6	4	6	Passive
NULL	2927	2025-01-31	4	3	3	Detractor
NULL	2927	2025-07-31	4	1	4	Detractor
NULL	2927	2025-10-31	5	3	3	Detractor
NULL	2927	2026-01-31	4	2	9	Passive
NULL	2927	2026-04-30	7	2	2	Promoter
NULL	2927	2026-07-31	1	5	8	Detractor
NULL	2928	2024-01-31	2	4	1	Detractor
NULL	2928	2024-04-30	1	8	2	Passive
NULL	2928	2024-07-31	6	2	6	Passive
NULL	2928	2024-10-31	1	6	1	Passive
NULL	2928	2025-04-30	5	5	1	Detractor
NULL	2928	2025-07-31	8	2	5	Promoter
NULL	2928	2025-10-31	4	NULL	9	Detractor
NULL	2928	2026-04-30	7	4	6	Passive
NULL	2928	2026-07-31	6	5	NULL	Detractor
NULL	2929	2025-10-31	7	4	4	Passive
NULL	2929	2026-01-31	9	7	7	Promoter
NULL	2929	2026-04-30	10	9	5	Promoter
NULL	2929	2026-07-31	9	5	5	Promoter
NULL	2930	2025-10-31	8	6	6	Passive
NULL	2930	2026-01-31	9	8	4	Passive
NULL	2930	2026-04-30	9	4	9	Promoter
NULL	2931	2025-10-31	9	7	6	Promoter
NULL	2931	07/31/2026	8	8	4	Passive
NULL	2932	2025-07-31	6	3	1	Detractor
NULL	2932	2025-10-31	5	7	7	Detractor
NULL	2932	2026-04-30	6	3	6	Detractor
NULL	2932	2026-07-31	8	1	3	Passive
NULL	2933	2024-01-31	4	4	1	Detractor
NULL	2933	2024-04-30	8	1	9	Promoter
NULL	2933	2024-10-31	3	5	4	Detractor
NULL	2933	2025-01-31	3	2	7	Promoter
NULL	2933	2025-04-30	6	9	7	Detractor
NULL	2933	2025-07-31	6	3	2	Passive
NULL	2933	2025-10-31	4	5	6	Detractor
NULL	2933	2026-01-31	4	3	3	Detractor
NULL	2933	2026-04-30	8	5	4	Detractor
NULL	2933	2026-07-31	6	4	5	Detractor
NULL	2934	2026-01-31	4	5	6	Detractor
NULL	2934	2026-04-30	6	4	2	Detractor
NULL	2935	01/31/2025	5	3	1	Detractor
NULL	2935	2025-04-30	5	7	1	Detractor
NULL	2935	2025-07-31	6	1	8	Detractor
NULL	2935	2026-01-31	6	4	5	Detractor
NULL	2935	2026-04-30	6	5	7	Detractor
NULL	2935	2026-07-31	8	4	8	Promoter
NULL	2936	2024-01-31	5	6	3	Detractor
NULL	2936	2024-04-30	4	7	3	Detractor
NULL	2936	2024-07-31	6	3	8	Passive
NULL	2936	2024-10-31	6	8	2	Passive
NULL	2936	2025-01-31	5	6	5	Detractor
NULL	2936	2025-07-31	7	5	3	Passive
NULL	2936	2025-10-31	8	2	5	Passive
NULL	2936	2026-01-31	9	7	6	Promoter
NULL	2936	2026-04-30	5	4	6	Detractor
NULL	2937	2024-01-31	3	2	1	Detractor
NULL	2937	2024-04-30	4	2	5	Detractor
NULL	2937	2024-07-31	7	5	6	Promoter
NULL	2937	2024-10-31	4	5	3	Detractor
NULL	2937	01/31/2025	5	5	5	Passive
NULL	2937	2025-10-31	4	7	4	Detractor
NULL	2937	2026-01-31	3	6	3	Detractor
NULL	2937	2026-07-31	8	6	3	Passive
NULL	2938	2026-04-30	4	9	9	Promoter
NULL	2938	2026-07-31	7	NULL	NULL	Passive
NULL	2939	2024-01-31	6	7	4	Detractor
NULL	2939	2024-04-30	6	6	6	Detractor
NULL	2939	2024-07-31	8	NULL	4	Promoter
NULL	2939	2024-10-31	8	4	9	Passive
NULL	2939	2025-01-31	6	4	6	Detractor
NULL	2939	2025-04-30	7	7	1	Passive
NULL	2939	2025-07-31	6	6	8	Promoter
NULL	2939	2025-10-31	6	7	6	Detractor
NULL	2939	2026-01-31	6	8	7	Detractor
NULL	2939	2026-04-30	3	4	2	Passive
NULL	2939	2026-07-31	5	4	5	Passive
NULL	2940	07/31/2026	8	8	6	Promoter
NULL	2941	2024-07-31	10	8	5	Promoter
NULL	2941	2024-10-31	9	7	9	Promoter
NULL	2941	2025-04-30	9	7	NULL	Promoter
NULL	2941	2025-07-31	10	9	6	Promoter
NULL	2941	2025-10-31	10	8	7	Promoter
NULL	2941	2026-04-30	10	10	7	Promoter
NULL	2942	2024-01-31	8	NULL	8	Passive
NULL	2942	2024-04-30	7	8	2	Detractor
NULL	2942	2024-07-31	4	10	5	Passive
NULL	2942	2024-10-31	8	7	5	Passive
NULL	2942	2025-04-30	9	9	4	Promoter
NULL	2942	2025-07-31	4	8	NULL	Passive
NULL	2942	10/31/2025	6	6	7	Detractor
NULL	2942	2026-04-30	7	5	6	Promoter
NULL	2943	2026-04-30	2	5	6	Passive
NULL	2943	2026-07-31	7	5	6	Promoter
NULL	2944	2024-01-31	8	6	4	Passive
NULL	2944	2024-04-30	8	5	8	Promoter
NULL	2944	2024-10-31	6	9	6	Passive
NULL	2944	2025-01-31	7	4	2	Passive
NULL	2944	2025-07-31	5	4	1	Passive
NULL	2944	2025-10-31	6	7	5	Detractor
NULL	2944	2026-01-31	3	2	1	Passive
NULL	2944	2026-04-30	7	5	7	Promoter
NULL	2944	2026-07-31	6	6	5	Detractor
NULL	2946	2026-04-30	6	3	3	Detractor
NULL	2946	2026-07-31	3	1	9	Passive
NULL	2948	2024-07-31	6	2	3	Passive
NULL	2948	2024-10-31	4	3	3	Detractor
NULL	2948	2025-01-31	5	4	1	Detractor
NULL	2948	2025-04-30	6	NULL	2	Detractor
NULL	2948	2025-07-31	4	5	1	Detractor
NULL	2948	2026-01-31	5	5	5	Detractor
NULL	2948	2026-07-31	4	1	7	Detractor
NULL	2949	2025-07-31	5	4	3	Passive
NULL	2950	2024-01-31	1	3	4	Detractor
NULL	2950	2024-04-30	3	6	2	Passive
NULL	2950	2024-10-31	5	4	3	Detractor
NULL	2950	2025-04-30	7	7	8	Passive
NULL	2950	2025-07-31	10	2	1	Promoter
NULL	2950	2026-01-31	4	5	8	Detractor
NULL	2950	2026-04-30	6	2	1	Promoter
NULL	2950	2026-07-31	5	7	3	Passive
NULL	2951	2024-01-31	4	6	1	Passive
NULL	2951	2024-04-30	6	6	5	Passive
NULL	2951	2024-07-31	10	4	6	Promoter
NULL	2951	2024-10-31	8	6	2	Passive
NULL	2951	2025-04-30	2	7	8	Detractor
NULL	2951	2025-10-31	6	8	5	Detractor
NULL	2951	2026-01-31	5	8	7	Detractor
NULL	2951	2026-04-30	8	7	1	Passive
NULL	2951	2026-07-31	3	8	8	Detractor
NULL	2954	2024-01-31	6	NULL	7	Detractor
NULL	2954	2025-04-30	6	4	4	Detractor
NULL	2954	2025-10-31	5	6	7	Passive
NULL	2954	2026-07-31	6	7	1	Detractor
NULL	2956	2024-04-30	6	3	1	Detractor
NULL	2956	2024-07-31	3	1	1	Passive
NULL	2956	2024-10-31	6	1	3	Passive
NULL	2956	2025-01-31	5	5	1	Detractor
NULL	2956	2025-10-31	4	5	6	Detractor
NULL	2956	2026-04-30	2	7	6	Passive
NULL	2957	2024-04-30	6	7	4	Detractor
NULL	2957	2024-07-31	4	4	4	Passive
NULL	2957	2024-10-31	7	NULL	7	Passive
NULL	2957	2025-01-31	5	9	7	Detractor
NULL	2957	2025-04-30	6	10	1	Passive
NULL	2957	2025-07-31	6	4	4	Promoter
NULL	2957	2025-10-31	7	5	4	Promoter
NULL	2957	2026-01-31	5	7	6	Detractor
NULL	2957	2026-04-30	4	6	6	Detractor
NULL	2958	2024-01-31	4	7	4	Passive
NULL	2958	2024-04-30	10	6	1	Detractor
NULL	2958	2024-10-31	8	5	3	Passive
NULL	2958	2025-01-31	6	4	8	Passive
NULL	2958	2025-04-30	6	7	2	Detractor
NULL	2958	2025-07-31	4	1	7	Passive
NULL	2958	2025-10-31	5	5	8	Detractor
NULL	2959	2024-01-31	9	9	9	Promoter
NULL	2959	2024-04-30	10	10	8	Promoter
NULL	2959	2024-07-31	8	9	NULL	Passive
NULL	2959	2024-10-31	10	8	9	Promoter
NULL	2959	2025-01-31	7	10	8	Passive
NULL	2959	2025-04-30	9	10	6	Promoter
NULL	2959	2025-10-31	6	9	10	Promoter
NULL	2959	2026-01-31	10	6	9	Promoter
NULL	2959	2026-07-31	9	6	4	Promoter
NULL	2960	2025-07-31	8	10	8	Passive
NULL	2960	2026-01-31	10	8	8	Promoter
NULL	2960	07/31/2026	10	8	8	Promoter
NULL	2962	2024-04-30	9	6	3	Promoter
NULL	2962	2024-07-31	8	4	8	Detractor
NULL	2962	2024-10-31	9	10	8	Promoter
NULL	2962	2025-01-31	9	6	3	Promoter
NULL	2962	2025-07-31	9	6	3	Promoter
NULL	2962	2025-10-31	5	3	7	Passive
NULL	2962	2026-04-30	6	5	9	Detractor
NULL	2962	2026-07-31	10	8	6	Promoter
NULL	2963	2024-01-31	10	10	8	Detractor
NULL	2963	2024-04-30	9	9	7	Passive
NULL	2963	2024-07-31	9	8	10	Promoter
NULL	2963	2025-01-31	10	10	10	Promoter
NULL	2963	2025-04-30	10	8	7	Promoter
NULL	2963	2025-07-31	10	5	NULL	Promoter
NULL	2963	2025-10-31	10	10	10	Passive
NULL	2963	2026-01-31	10	NULL	9	Promoter
NULL	2963	2026-04-30	10	4	8	Passive
NULL	2963	2026-07-31	10	10	10	Promoter
NULL	2964	2025-07-31	6	5	4	Promoter
NULL	2964	2025-10-31	7	4	2	Promoter
NULL	2964	2026-04-30	4	2	5	Passive
NULL	2965	2024-01-31	10	8	8	Promoter
NULL	2965	2024-04-30	8	5	8	Passive
NULL	2965	2024-07-31	10	6	9	Promoter
NULL	2965	2024-10-31	8	8	10	Promoter
NULL	2966	2024-01-31	6	10	8	Detractor
NULL	2966	2024-04-30	8	6	10	Detractor
NULL	2966	2024-10-31	5	7	NULL	Passive
NULL	2966	2025-01-31	6	9	9	Detractor
NULL	2966	2025-04-30	9	5	6	Promoter
NULL	2966	2025-07-31	7	10	8	Passive
NULL	2966	2026-01-31	9	8	3	Promoter
NULL	2966	2026-04-30	4	6	4	Detractor
NULL	2966	2026-07-31	8	4	6	Promoter
NULL	2967	2024-01-31	6	4	6	Detractor
NULL	2967	2024-04-30	4	6	4	Detractor
NULL	2967	2024-10-31	4	5	1	Passive
NULL	2967	2025-01-31	1	3	8	Promoter
NULL	2967	2025-04-30	5	5	2	Detractor
NULL	2967	2025-10-31	4	2	2	Detractor
NULL	2967	2026-04-30	2	1	4	Detractor
NULL	2967	2026-07-31	5	3	1	Detractor
NULL	2968	2024-01-31	1	8	8	Detractor
NULL	2968	2024-04-30	7	4	7	Detractor
NULL	2968	2024-10-31	4	NULL	4	Detractor
NULL	2968	2025-01-31	4	7	4	Detractor
NULL	2968	2025-04-30	6	4	1	Detractor
NULL	2968	2025-07-31	1	10	6	Detractor
NULL	2968	2026-01-31	3	8	2	Detractor
NULL	2968	2026-04-30	7	3	3	Detractor
NULL	2968	2026-07-31	3	5	6	Detractor
NULL	2969	2026-01-31	6	8	6	Detractor
NULL	2969	2026-04-30	7	NULL	6	Passive
NULL	2969	2026-07-31	8	8	7	Passive
NULL	2970	2024-01-31	6	9	6	Detractor
NULL	2970	2024-04-30	3	1	7	Passive
NULL	2970	2024-07-31	5	6	5	Detractor
NULL	2970	2024-10-31	6	5	2	Passive
NULL	2970	2025-01-31	5	1	NULL	Detractor
NULL	2970	2025-07-31	2	4	4	Promoter
NULL	2970	2025-10-31	8	8	3	Promoter
NULL	2970	2026-01-31	6	4	3	Detractor
NULL	2970	2026-04-30	5	4	2	Passive
NULL	2971	2026-01-31	3	2	1	Passive
NULL	2971	2026-07-31	5	1	6	Passive
NULL	2972	2026-01-31	4	4	2	Detractor
NULL	2972	2026-04-30	4	1	8	Passive
NULL	2974	2024-04-30	6	1	6	Passive
NULL	2974	2024-07-31	7	6	7	Passive
NULL	2974	2024-10-31	6	4	4	Detractor
NULL	2974	2025-04-30	5	9	8	Detractor
NULL	2974	2026-01-31	4	8	6	Passive
NULL	2974	2026-04-30	8	8	6	Detractor
NULL	2976	2024-10-31	6	6	6	Detractor
NULL	2976	2025-01-31	6	7	2	Detractor
NULL	2976	2025-04-30	4	5	4	Detractor
NULL	2976	2025-10-31	5	5	4	Detractor
NULL	2977	2024-01-31	9	5	1	Promoter
NULL	2977	2024-04-30	8	10	8	Passive
NULL	2977	2024-10-31	8	8	2	Promoter
NULL	2977	2025-07-31	10	8	5	Promoter
NULL	2977	2025-10-31	6	10	6	Detractor
NULL	2977	2026-01-31	9	7	7	Promoter
NULL	2977	2026-04-30	10	6	4	Promoter
NULL	2977	2026-07-31	9	8	10	Promoter
NULL	2978	2026-07-31	5	7	10	Detractor
NULL	2979	2024-01-31	7	3	3	Passive
NULL	2979	2024-04-30	9	1	1	Passive
NULL	2979	2024-10-31	6	1	4	Detractor
NULL	2979	2025-01-31	7	1	8	Passive
NULL	2979	2025-04-30	2	2	2	Passive
NULL	2979	2025-10-31	5	6	1	Detractor
NULL	2979	2026-01-31	8	3	6	Promoter
NULL	2979	2026-07-31	5	3	2	Detractor
NULL	2980	01/31/2024	5	2	NULL	Detractor
NULL	2980	2024-04-30	6	4	8	Detractor
NULL	2980	2024-07-31	3	6	2	Detractor
NULL	2980	2025-01-31	7	3	9	Detractor
NULL	2980	2025-07-31	4	4	6	Detractor
NULL	2980	2026-04-30	10	5	5	Promoter
NULL	2980	2026-07-31	4	8	7	Detractor
NULL	2981	2024-07-31	3	4	7	Passive
NULL	2981	2025-01-31	2	1	6	Detractor
NULL	2981	2025-04-30	6	4	6	Promoter
NULL	2981	2025-07-31	3	2	1	Detractor
NULL	2981	2025-10-31	2	2	7	Detractor
NULL	2981	2026-01-31	4	1	2	Detractor
NULL	2981	2026-04-30	6	6	NULL	Detractor
NULL	2981	2026-07-31	4	6	4	Detractor
NULL	2982	01/31/2024	4	2	2	Detractor
NULL	2982	2024-04-30	1	3	3	Detractor
NULL	2982	07/31/2024	1	1	3	Passive
NULL	2982	2024-10-31	4	1	3	Passive
NULL	2982	2025-04-30	3	1	2	Passive
NULL	2982	2025-07-31	2	1	1	Detractor
NULL	2982	2025-10-31	5	2	4	Passive
NULL	2982	2026-04-30	5	1	1	Detractor
NULL	2982	2026-07-31	2	5	1	Detractor
NULL	2983	2024-01-31	7	3	4	Passive
NULL	2983	2024-04-30	6	2	4	Detractor
NULL	2983	2025-07-31	2	5	5	Detractor
NULL	2984	2024-01-31	1	4	1	Detractor
NULL	2984	2024-07-31	2	5	NULL	Detractor
NULL	2984	2024-10-31	3	1	2	Detractor
NULL	2984	2025-01-31	2	2	1	Detractor
NULL	2984	2025-07-31	4	3	2	Detractor
NULL	2984	2025-10-31	1	7	2	Detractor
NULL	2984	2026-01-31	5	8	4	Detractor
NULL	2984	2026-04-30	5	3	1	Detractor
NULL	2984	2026-07-31	2	5	6	Detractor
NULL	2987	2025-07-31	8	5	7	Promoter
NULL	2987	2026-01-31	10	6	7	Promoter
NULL	2987	2026-04-30	7	10	6	Promoter
NULL	2987	2026-07-31	6	7	7	Detractor
NULL	2988	2024-07-31	10	9	8	Promoter
NULL	2988	2024-10-31	10	8	10	Promoter
NULL	2988	2025-01-31	10	8	NULL	Promoter
NULL	2988	2025-07-31	10	8	10	Promoter
NULL	2988	2025-10-31	10	8	2	Promoter
NULL	2988	2026-01-31	8	7	10	Detractor
NULL	2988	2026-04-30	9	9	NULL	Passive
NULL	2988	2026-07-31	10	6	7	Promoter
NULL	2989	2024-01-31	4	3	5	Detractor
NULL	2989	2024-04-30	1	2	10	Detractor
NULL	2989	2024-07-31	4	1	6	Detractor
NULL	2989	2024-10-31	1	4	NULL	Detractor
NULL	2989	2025-01-31	5	5	1	Detractor
NULL	2989	2026-01-31	2	3	3	Detractor
NULL	2989	2026-04-30	1	NULL	2	Detractor
NULL	2989	2026-07-31	4	1	3	Detractor
NULL	2990	2026-07-31	7	7	3	Promoter
NULL	2991	2026-04-30	3	5	7	Detractor
NULL	2991	2026-07-31	6	5	6	Passive
NULL	2992	2024-10-31	1	3	1	Detractor
NULL	2992	2025-01-31	1	2	1	Detractor
NULL	2992	2025-04-30	3	7	2	Detractor
NULL	2992	2025-07-31	4	3	4	Detractor
NULL	2992	2025-10-31	6	1	2	Detractor
NULL	2992	2026-01-31	4	3	2	Detractor
NULL	2992	2026-07-31	5	3	5	Detractor
NULL	2993	2025-04-30	2	2	1	Detractor
NULL	2993	2025-07-31	1	3	3	Detractor
NULL	2993	2025-10-31	1	5	1	Detractor
NULL	2993	2026-07-31	2	5	1	Detractor
NULL	2994	2025-07-31	2	4	2	Passive
NULL	2994	2026-07-31	5	8	NULL	Detractor
NULL	2996	2024-10-31	7	7	4	Passive
NULL	2996	2025-10-31	5	7	5	Detractor
NULL	2996	2026-01-31	9	7	8	Promoter
NULL	2996	2026-04-30	9	10	2	Passive
NULL	2997	2025-01-31	3	2	2	Detractor
NULL	2997	2025-04-30	3	1	1	Detractor
NULL	2997	2025-07-31	5	4	1	Passive
NULL	2997	2026-01-31	1	1	8	Detractor
NULL	2997	2026-04-30	1	9	1	Detractor
NULL	2997	2026-07-31	1	1	2	Detractor
NULL	2998	2024-01-31	1	4	1	Detractor
NULL	2998	2024-04-30	2	3	1	Detractor
NULL	2998	2024-07-31	1	2	3	Detractor
NULL	2998	2024-10-31	6	1	4	Passive
NULL	2998	2025-01-31	2	1	1	Passive
NULL	2998	2025-04-30	4	3	1	Detractor
NULL	2998	2025-07-31	3	4	6	Passive
NULL	2998	2025-10-31	1	5	2	Passive
NULL	2998	2026-01-31	4	2	5	Detractor
NULL	2998	2026-07-31	8	2	3	Promoter
NULL	2999	2024-01-31	8	9	8	Passive
NULL	2999	2024-10-31	7	7	6	Passive
NULL	2999	2025-01-31	7	1	3	Passive
NULL	3000	2024-07-31	1	1	1	Detractor
NULL	3000	2025-01-31	2	3	1	Detractor
NULL	3000	2025-04-30	3	3	5	Detractor
NULL	3000	2025-07-31	4	1	6	Passive
NULL	3000	2025-10-31	3	1	4	Detractor
NULL	3000	2026-01-31	1	5	6	Detractor
NULL	3000	2026-04-30	2	1	2	Detractor
NULL	3000	2026-07-31	4	1	1	Detractor
NULL	3001	2025-10-31	5	8	9	Detractor
NULL	3001	2026-01-31	6	7	7	Passive
NULL	3002	2024-01-31	2	5	5	Passive
NULL	3002	2024-07-31	4	1	2	Detractor
NULL	3002	2024-10-31	8	4	2	Promoter
NULL	3002	2025-01-31	4	1	3	Detractor
NULL	3002	2025-04-30	1	6	1	Detractor
NULL	3002	2025-07-31	3	3	4	Detractor
NULL	3002	2025-10-31	7	4	2	Promoter
NULL	3002	2026-04-30	1	1	6	Detractor
NULL	3002	2026-07-31	5	2	2	Passive
NULL	3003	07/31/2024	8	NULL	9	Promoter
NULL	3003	2025-04-30	9	7	5	Promoter
NULL	3003	2025-07-31	8	10	10	Passive
NULL	3003	2026-01-31	7	10	10	Passive
NULL	3003	2026-04-30	9	9	4	Promoter
NULL	3003	2026-07-31	9	8	10	Promoter
NULL	3004	2024-04-30	4	4	4	Promoter
NULL	3004	2024-10-31	3	9	4	Detractor
NULL	3004	2025-01-31	7	3	NULL	Promoter
NULL	3004	2025-04-30	8	6	3	Passive
NULL	3004	2025-07-31	5	4	NULL	Detractor
NULL	3004	2026-01-31	8	3	5	Passive
NULL	3004	2026-07-31	7	6	2	Passive
NULL	3005	2024-07-31	5	5	5	Detractor
NULL	3005	2024-10-31	7	5	8	Passive
NULL	3005	2025-04-30	8	3	6	Detractor
NULL	3005	2025-07-31	6	2	6	Detractor
NULL	3005	2025-10-31	7	9	4	Promoter
NULL	3005	2026-01-31	7	3	5	Passive
NULL	3005	2026-04-30	4	6	7	Detractor
NULL	3005	2026-07-31	4	6	8	Promoter
NULL	3006	2024-01-31	5	5	4	Detractor
NULL	3006	2024-04-30	5	NULL	5	Detractor
NULL	3006	2024-07-31	5	5	5	Detractor
NULL	3006	2024-10-31	1	5	6	Detractor
NULL	3006	2025-01-31	5	1	4	Detractor
NULL	3006	2025-04-30	6	5	5	Detractor
NULL	3006	2025-07-31	4	1	3	Detractor
NULL	3006	2025-10-31	6	1	4	Passive
NULL	3006	2026-01-31	5	6	5	Detractor
NULL	3006	2026-04-30	2	8	1	Passive
NULL	3007	2025-01-31	6	3	NULL	Detractor
NULL	3007	2025-04-30	4	4	6	Passive
NULL	3007	2026-01-31	6	1	1	Passive
NULL	3007	2026-04-30	5	8	6	Passive
NULL	3007	07/31/2026	6	8	5	Detractor
NULL	3008	01/31/2026	9	6	6	Promoter
NULL	3008	2026-04-30	5	9	6	Passive
NULL	3009	2024-01-31	7	5	4	Passive
NULL	3009	2024-04-30	3	5	5	Detractor
NULL	3009	2024-07-31	5	8	2	Detractor
NULL	3010	2026-01-31	3	3	1	Detractor
NULL	3010	2026-04-30	1	1	1	Detractor
NULL	3010	2026-07-31	1	1	2	Detractor
NULL	3011	2024-01-31	4	7	2	Passive
NULL	3011	2024-04-30	8	4	2	Passive
NULL	3011	2024-10-31	8	6	6	Promoter
NULL	3011	2025-01-31	5	8	8	Detractor
NULL	3011	2025-04-30	7	6	1	Passive
NULL	3011	2025-10-31	6	10	4	Detractor
NULL	3011	2026-01-31	6	10	4	Passive
NULL	3011	2026-04-30	5	6	9	Detractor
NULL	3011	2026-07-31	7	4	3	Promoter
NULL	3012	01/31/2024	5	6	7	Promoter
NULL	3012	2024-04-30	6	7	NULL	Passive
NULL	3012	2025-04-30	9	5	6	Promoter
NULL	3012	2025-10-31	6	7	NULL	Detractor
NULL	3012	2026-01-31	8	9	4	Passive
NULL	3012	2026-04-30	8	5	3	Passive
NULL	3012	2026-07-31	7	5	8	Detractor
NULL	3013	07/31/2024	6	8	9	Passive
NULL	3013	2024-10-31	8	9	8	Promoter
NULL	3013	2025-01-31	10	10	9	Promoter
NULL	3013	2025-07-31	8	10	10	Passive
NULL	3013	2025-10-31	9	8	4	Promoter
NULL	3013	2026-01-31	9	10	7	Promoter
NULL	3013	2026-04-30	6	8	7	Detractor
NULL	3014	2024-04-30	9	7	5	Promoter
NULL	3014	2024-07-31	10	10	7	Promoter
NULL	3014	2025-04-30	10	8	5	Promoter
NULL	3014	2025-07-31	7	7	6	Promoter
NULL	3014	2025-10-31	7	10	3	Passive
NULL	3014	2026-01-31	10	10	8	Promoter
NULL	3014	2026-04-30	10	10	1	Promoter
NULL	3014	2026-07-31	8	7	5	Passive
NULL	3016	2026-04-30	6	9	10	Detractor
NULL	3017	2024-01-31	6	2	4	Detractor
NULL	3017	2024-04-30	5	6	NULL	Promoter
NULL	3017	2024-07-31	6	5	3	Detractor
NULL	3017	2024-10-31	5	5	7	Detractor
NULL	3017	2025-01-31	7	5	1	Detractor
NULL	3017	2025-04-30	6	6	7	Detractor
NULL	3017	2025-07-31	4	3	3	Promoter
NULL	3017	2026-01-31	5	4	9	Passive
NULL	3017	2026-04-30	7	8	1	Passive
NULL	3017	2026-07-31	5	4	6	Detractor
NULL	3018	2026-07-31	10	8	1	Promoter
NULL	3019	2026-01-31	8	4	2	Promoter
NULL	3019	2026-04-30	9	4	5	Promoter
NULL	3019	2026-07-31	9	6	2	Promoter
NULL	3020	2024-04-30	10	10	5	Promoter
NULL	3021	2024-01-31	5	5	4	Passive
NULL	3021	2024-04-30	4	1	5	Passive
NULL	3021	2024-10-31	5	2	2	Detractor
NULL	3021	2025-01-31	5	3	5	Detractor
NULL	3021	2025-04-30	6	3	2	Detractor
NULL	3021	2025-07-31	6	3	3	Passive
NULL	3021	2026-01-31	4	5	2	Detractor
NULL	3021	2026-04-30	5	6	4	Detractor
NULL	3022	2024-01-31	5	1	6	Detractor
NULL	3022	2024-04-30	5	2	NULL	Detractor
NULL	3022	2024-07-31	3	2	2	Promoter
NULL	3022	2024-10-31	4	2	7	Detractor
NULL	3022	2025-01-31	7	1	6	Promoter
NULL	3022	2025-04-30	6	4	1	Promoter
NULL	3022	2025-07-31	10	3	4	Detractor
NULL	3022	2026-01-31	5	4	7	Detractor
NULL	3022	2026-04-30	5	8	5	Detractor
NULL	3022	2026-07-31	6	4	2	Detractor
NULL	3025	2026-07-31	10	8	5	Promoter
NULL	3026	2024-04-30	2	5	4	Detractor
NULL	3026	2024-07-31	9	5	7	Promoter
NULL	3026	2024-10-31	7	1	2	Passive
NULL	3026	2025-01-31	4	4	5	Detractor
NULL	3026	2025-07-31	6	5	6	Detractor
NULL	3026	2025-10-31	4	6	2	Detractor
NULL	3026	2026-01-31	5	5	1	Detractor
NULL	3026	2026-04-30	4	1	4	Detractor
NULL	3026	2026-07-31	4	5	4	Passive
NULL	3027	2024-10-31	7	5	3	Passive
NULL	3027	2025-01-31	4	1	1	Detractor
NULL	3027	2025-10-31	1	5	2	Detractor
NULL	3028	2026-07-31	1	1	2	Detractor
NULL	3029	2024-01-31	4	2	5	Detractor
NULL	3029	2024-04-30	3	9	4	Detractor
NULL	3029	2024-07-31	5	4	8	Detractor
NULL	3029	2024-10-31	6	2	3	Detractor
NULL	3029	2025-01-31	2	8	5	Detractor
NULL	3029	2025-04-30	4	5	4	Detractor
NULL	3029	2025-07-31	1	4	5	Detractor
NULL	3029	2025-10-31	4	4	3	Detractor
NULL	3029	2026-01-31	4	4	7	Detractor
NULL	3029	2026-07-31	7	2	3	Passive
NULL	3030	2024-01-31	9	5	8	Promoter
NULL	3030	2024-04-30	9	8	10	Promoter
NULL	3030	2024-10-31	10	9	6	Promoter
NULL	3030	01/31/2025	7	3	8	Passive
NULL	3030	2025-04-30	6	8	10	Detractor
NULL	3030	2025-07-31	9	9	6	Promoter
NULL	3030	2025-10-31	8	10	5	Passive
NULL	3030	2026-01-31	7	4	7	Passive
NULL	3030	2026-07-31	7	10	4	Promoter
NULL	3031	2024-07-31	8	6	1	Passive
NULL	3031	2024-10-31	6	3	4	Passive
NULL	3031	2025-01-31	5	6	4	Passive
NULL	3031	2025-10-31	5	1	2	Passive
NULL	3031	2026-04-30	4	1	4	Detractor
NULL	3031	07/31/2026	4	7	3	Detractor
NULL	3032	2024-01-31	7	6	5	Promoter
NULL	3032	2024-04-30	5	2	5	Promoter
NULL	3032	2025-01-31	2	5	2	Detractor
NULL	3032	2025-04-30	5	4	1	Passive
NULL	3032	2025-10-31	6	6	3	Detractor
NULL	3032	2026-01-31	6	1	3	Detractor
NULL	3032	04/30/2026	5	4	10	Passive
NULL	3032	2026-07-31	6	6	6	Detractor
NULL	3033	2024-01-31	4	3	3	Detractor
NULL	3033	2024-04-30	6	5	5	Detractor
NULL	3033	2024-07-31	5	6	2	Passive
NULL	3033	2025-07-31	6	1	7	Detractor
NULL	3033	2025-10-31	3	8	8	Detractor
NULL	3033	2026-01-31	3	6	7	Detractor
NULL	3033	2026-04-30	8	4	9	Detractor
NULL	3033	07/31/2026	9	5	6	Detractor
NULL	3034	2025-07-31	5	5	1	Promoter
NULL	3034	2025-10-31	3	3	NULL	Detractor
NULL	3034	2026-07-31	2	4	5	Detractor
NULL	3035	2026-01-31	1	2	3	Passive
NULL	3035	2026-04-30	2	5	1	Detractor
NULL	3035	2026-07-31	1	1	5	Detractor
NULL	3036	2024-10-31	4	5	6	Detractor
NULL	3036	2025-01-31	4	7	6	Detractor
NULL	3036	2025-07-31	5	4	6	Detractor
NULL	3036	2025-10-31	5	5	4	Passive
NULL	3036	2026-01-31	5	5	3	Detractor
NULL	3036	2026-04-30	5	7	5	Detractor
NULL	3036	2026-07-31	7	NULL	5	Passive
NULL	3037	2025-10-31	5	9	6	Detractor
NULL	3037	2026-01-31	5	8	2	Passive
NULL	3037	2026-04-30	9	9	4	Promoter
NULL	3037	2026-07-31	3	5	NULL	Detractor
NULL	3038	2024-01-31	8	8	10	Passive
NULL	3038	2024-04-30	10	5	8	Detractor
NULL	3038	2024-07-31	9	NULL	4	Promoter
NULL	3038	2025-01-31	7	6	9	Promoter
NULL	3038	2025-04-30	7	5	6	Passive
NULL	3038	2026-01-31	5	8	8	Detractor
NULL	3038	2026-04-30	6	8	8	Detractor
NULL	3038	2026-07-31	10	9	10	Promoter
NULL	3039	2024-01-31	3	1	4	Detractor
NULL	3039	2024-04-30	2	4	2	Detractor
NULL	3039	2024-10-31	3	7	3	Passive
NULL	3039	2025-01-31	5	4	3	Detractor
NULL	3039	2025-04-30	1	5	1	Detractor
NULL	3039	2025-07-31	3	2	4	Detractor
NULL	3039	2025-10-31	6	5	3	Detractor
NULL	3041	2025-01-31	5	6	5	Passive
NULL	3041	2025-04-30	5	4	3	Passive
NULL	3041	2025-07-31	6	4	6	Detractor
NULL	3041	2026-01-31	5	6	10	Passive
NULL	3041	2026-04-30	5	7	6	Detractor
NULL	3042	2024-04-30	3	1	1	Detractor
NULL	3042	2025-01-31	2	1	3	Detractor
NULL	3042	2025-04-30	3	1	1	Passive
NULL	3042	2025-10-31	2	1	4	Passive
NULL	3042	2026-01-31	2	1	6	Detractor
NULL	3042	2026-07-31	1	3	2	Detractor
NULL	3043	2025-01-31	7	8	8	Promoter
NULL	3043	2025-07-31	1	7	2	Detractor
NULL	3043	2025-10-31	7	4	5	Detractor
NULL	3043	2026-04-30	7	7	2	Promoter
NULL	3043	2026-07-31	5	3	1	Passive
NULL	3045	2025-10-31	6	4	6	Detractor
NULL	3045	2026-01-31	6	5	5	Detractor
NULL	3045	2026-07-31	1	1	2	Detractor
NULL	3046	2024-10-31	4	2	4	Passive
NULL	3046	2025-04-30	9	NULL	5	Promoter
NULL	3047	2026-07-31	9	9	10	Promoter
NULL	3048	2024-04-30	7	4	3	Passive
NULL	3048	01/31/2025	7	5	6	Passive
NULL	3048	2025-04-30	8	3	7	Passive
NULL	3048	2025-07-31	4	1	1	Detractor
NULL	3048	2025-10-31	4	3	6	Detractor
NULL	3048	2026-07-31	4	1	2	Detractor
NULL	3049	2024-01-31	8	7	6	Passive
NULL	3049	2024-07-31	5	4	6	Passive
NULL	3049	2025-01-31	8	9	8	Promoter
NULL	3049	2025-07-31	7	8	10	Promoter
NULL	3049	2026-01-31	8	4	9	Promoter
NULL	3049	2026-07-31	6	5	7	Detractor
NULL	3050	2026-01-31	10	10	7	Promoter
NULL	3050	2026-07-31	9	10	9	Passive
NULL	3051	2024-01-31	1	NULL	1	Promoter
NULL	3051	2024-04-30	2	1	6	Detractor
NULL	3051	2024-07-31	2	1	3	Detractor
NULL	3051	2024-10-31	3	1	NULL	Passive
NULL	3051	2025-01-31	4	3	1	Detractor
NULL	3051	2025-04-30	3	4	3	Detractor
NULL	3051	2025-07-31	1	4	NULL	Passive
NULL	3051	2025-10-31	3	6	4	Passive
NULL	3051	2026-01-31	2	1	6	Detractor
NULL	3051	2026-04-30	1	3	1	Detractor
NULL	3052	2025-04-30	4	3	3	Detractor
NULL	3052	2025-10-31	6	2	1	Detractor
NULL	3052	2026-01-31	2	3	1	Detractor
NULL	3052	2026-04-30	4	5	1	Passive
NULL	3052	07/31/2026	4	6	6	Passive
NULL	3053	2025-01-31	4	10	10	Promoter
NULL	3053	2025-04-30	9	5	6	Promoter
NULL	3053	07/31/2025	8	5	6	Passive
NULL	3053	2025-10-31	7	6	7	Passive
NULL	3053	2026-01-31	10	4	3	Passive
NULL	3053	2026-04-30	9	2	3	Promoter
NULL	3053	2026-07-31	8	7	2	Detractor
NULL	3054	2024-04-30	7	1	3	Passive
NULL	3054	2024-07-31	5	1	10	Passive
NULL	3054	2024-10-31	4	1	NULL	Passive
NULL	3054	2025-04-30	4	6	5	Detractor
NULL	3054	2026-04-30	3	6	5	Detractor
NULL	3055	2025-04-30	7	9	6	Passive
NULL	3055	2025-10-31	5	5	4	Passive
NULL	3055	2026-01-31	9	5	NULL	Promoter
NULL	3055	2026-04-30	5	5	9	Detractor
NULL	3055	2026-07-31	8	6	6	Detractor
NULL	3056	2024-01-31	9	10	7	Detractor
NULL	3056	2024-04-30	8	10	7	Promoter
NULL	3056	2024-10-31	10	10	6	Passive
NULL	3056	2025-04-30	9	7	NULL	Promoter
NULL	3056	2025-07-31	9	10	NULL	Promoter
NULL	3056	2025-10-31	8	10	8	Passive
NULL	3056	2026-01-31	9	10	10	Promoter
NULL	3056	2026-04-30	10	10	9	Promoter
NULL	3057	2025-10-31	6	9	5	Passive
NULL	3057	2026-01-31	8	3	6	Passive
NULL	3057	07/31/2026	6	7	7	Passive
NULL	3058	2024-07-31	2	5	1	Detractor
NULL	3058	2025-01-31	5	4	4	Detractor
NULL	3058	2025-04-30	5	4	8	Detractor
NULL	3058	2025-07-31	5	4	3	Promoter
NULL	3058	2025-10-31	5	NULL	3	Detractor
NULL	3058	2026-01-31	4	6	5	Detractor
NULL	3058	2026-04-30	4	6	6	Detractor
NULL	3058	2026-07-31	3	4	1	Detractor
NULL	3059	2024-01-31	7	7	4	Detractor
NULL	3059	2024-04-30	6	3	1	Detractor
NULL	3059	2024-07-31	5	7	3	Detractor
NULL	3059	2024-10-31	5	1	5	Detractor
NULL	3059	2025-01-31	3	5	4	Detractor
NULL	3059	2025-04-30	2	5	3	Passive
NULL	3059	10/31/2025	3	5	2	Detractor
NULL	3059	2026-04-30	4	3	2	Detractor
NULL	3060	2024-01-31	6	7	3	Passive
NULL	3060	2024-04-30	5	6	5	Detractor
NULL	3060	2024-07-31	10	6	10	Promoter
NULL	3060	2024-10-31	9	5	6	Promoter
NULL	3060	2025-01-31	8	9	6	Passive
NULL	3060	2025-10-31	9	6	5	Promoter
NULL	3060	2026-04-30	7	8	7	Promoter
NULL	3061	2024-01-31	9	7	6	Passive
NULL	3061	2024-04-30	9	5	NULL	Promoter
NULL	3061	2025-01-31	5	7	10	Detractor
NULL	3061	2025-04-30	6	6	6	Promoter
NULL	3061	07/31/2025	9	5	5	Promoter
NULL	3061	2025-10-31	5	6	3	Detractor
NULL	3061	2026-01-31	6	6	4	Detractor
NULL	3061	2026-04-30	8	8	5	Promoter
NULL	3061	2026-07-31	8	4	5	Promoter
NULL	3062	2024-01-31	5	5	5	Detractor
NULL	3062	2024-04-30	2	3	4	Detractor
NULL	3062	2024-07-31	4	2	3	Passive
NULL	3062	2024-10-31	5	5	2	Passive
NULL	3062	2025-01-31	6	1	1	Detractor
NULL	3062	2025-04-30	4	4	5	Detractor
NULL	3062	2025-07-31	1	5	4	Detractor
NULL	3062	2025-10-31	4	2	4	Passive
NULL	3062	2026-01-31	6	2	2	Detractor
NULL	3062	2026-04-30	9	6	3	Promoter
NULL	3062	2026-07-31	4	3	4	Detractor
NULL	3063	01/31/2024	10	9	4	Promoter
NULL	3063	2024-04-30	8	10	9	Passive
NULL	3063	2024-07-31	10	7	6	Promoter
NULL	3063	2024-10-31	10	6	5	Promoter
NULL	3063	2025-01-31	7	8	9	Promoter
NULL	3063	2025-04-30	6	7	5	Passive
NULL	3063	2025-07-31	8	10	10	Passive
NULL	3063	2025-10-31	9	8	10	Promoter
NULL	3063	2026-01-31	5	6	9	Detractor
NULL	3063	2026-04-30	10	6	8	Promoter
NULL	3063	2026-07-31	10	6	8	Promoter
NULL	3064	2024-01-31	8	8	1	Detractor
NULL	3064	2024-04-30	3	8	10	Detractor
NULL	3064	2024-07-31	9	8	8	Promoter
NULL	3065	2025-10-31	4	3	6	Detractor
NULL	3065	2026-01-31	10	6	5	Promoter
NULL	3065	2026-04-30	8	8	5	Promoter
NULL	3066	2026-01-31	3	3	2	Detractor
NULL	3066	2026-07-31	7	3	1	Passive
NULL	3067	2024-04-30	10	9	8	Promoter
NULL	3067	2024-07-31	10	9	7	Promoter
NULL	3067	2024-10-31	7	NULL	2	Passive
NULL	3067	2025-01-31	10	8	10	Promoter
NULL	3067	2025-07-31	5	10	10	Detractor
NULL	3067	2025-10-31	9	7	6	Promoter
NULL	3067	2026-01-31	9	8	9	Passive
NULL	3067	2026-07-31	7	9	10	Passive
NULL	3068	2024-04-30	6	10	6	Detractor
NULL	3068	2024-07-31	5	8	6	Passive
NULL	3068	2025-01-31	8	4	7	Passive
NULL	3068	2025-04-30	8	9	7	Promoter
NULL	3068	2025-07-31	8	10	7	Passive
NULL	3068	2025-10-31	9	9	6	Promoter
NULL	3068	2026-01-31	7	7	7	Passive
NULL	3068	2026-04-30	10	6	7	Promoter
NULL	3069	2024-04-30	7	1	7	Detractor
NULL	3069	2024-10-31	6	7	1	Detractor
NULL	3069	2025-01-31	10	9	6	Promoter
NULL	3069	2025-04-30	8	7	4	Detractor
NULL	3069	2025-10-31	8	6	3	Promoter
NULL	3069	2026-04-30	10	3	4	Promoter
NULL	3070	2026-01-31	4	3	1	Detractor
NULL	3070	2026-04-30	3	4	1	Passive
NULL	3070	2026-07-31	4	3	5	Passive
NULL	3071	2024-01-31	6	2	2	Detractor
NULL	3071	2024-04-30	7	5	6	Promoter
NULL	3071	2024-07-31	4	8	3	Promoter
NULL	3071	2024-10-31	10	5	3	Promoter
NULL	3071	2025-04-30	3	6	4	Detractor
NULL	3071	2025-07-31	5	3	7	Detractor
NULL	3071	2025-10-31	7	4	10	Passive
NULL	3071	2026-04-30	6	5	7	Detractor
NULL	3071	2026-07-31	6	2	2	Promoter
NULL	3072	2024-07-31	4	5	7	Detractor
NULL	3072	2025-01-31	4	2	4	Passive
NULL	3072	2025-04-30	4	2	6	Detractor
NULL	3072	2025-07-31	3	5	5	Passive
NULL	3072	2025-10-31	10	5	10	Promoter
NULL	3072	2026-01-31	8	8	NULL	Promoter
NULL	3072	2026-04-30	10	5	2	Promoter
NULL	3072	2026-07-31	4	3	8	Passive
NULL	3073	2024-07-31	10	5	9	Promoter
NULL	3073	2025-01-31	5	4	5	Detractor
NULL	3073	2025-04-30	7	2	8	Promoter
NULL	3073	2025-07-31	8	2	8	Passive
NULL	3073	2026-04-30	9	3	5	Promoter
NULL	3074	2026-04-30	10	10	8	Promoter
NULL	3074	2026-07-31	10	10	6	Promoter
NULL	3075	2025-07-31	9	10	8	Promoter
NULL	3075	2025-10-31	6	6	7	Passive
NULL	3075	2026-01-31	7	7	9	Passive
NULL	3075	2026-07-31	9	6	6	Promoter
NULL	3076	2024-01-31	5	10	9	Detractor
NULL	3076	04/30/2024	9	3	6	Detractor
NULL	3076	2025-04-30	4	4	10	Detractor
NULL	3076	2026-01-31	8	10	9	Promoter
NULL	3076	2026-07-31	6	6	5	Detractor
NULL	3077	2024-01-31	6	6	3	Passive
NULL	3078	2026-01-31	4	2	1	Detractor
NULL	3078	2026-04-30	4	5	1	Promoter
NULL	3078	2026-07-31	3	2	2	Detractor
NULL	3079	2024-01-31	6	6	3	Detractor
NULL	3079	2024-07-31	4	8	1	Detractor
NULL	3079	2024-10-31	6	2	5	Passive
NULL	3079	2025-01-31	5	4	4	Passive
NULL	3079	2025-10-31	5	2	5	Detractor
NULL	3079	2026-01-31	5	4	4	Promoter
NULL	3079	2026-04-30	5	2	3	Passive
NULL	3079	2026-07-31	6	1	4	Passive
NULL	3080	2024-01-31	7	6	6	Passive
NULL	3080	2024-04-30	7	9	9	Passive
NULL	3080	2024-07-31	6	8	4	Passive
NULL	3080	2024-10-31	6	5	8	Passive
NULL	3080	2025-01-31	8	5	7	Detractor
NULL	3080	2025-10-31	9	3	9	Promoter
NULL	3080	2026-04-30	4	6	7	Detractor
NULL	3080	2026-07-31	8	5	4	Passive
NULL	3081	2026-01-31	7	4	7	Passive
NULL	3081	2026-04-30	6	6	1	Detractor
NULL	3081	2026-07-31	3	5	3	Detractor
NULL	3082	2024-01-31	4	4	6	Detractor
NULL	3082	2024-04-30	6	5	1	Promoter
NULL	3082	2024-07-31	1	5	7	Promoter
NULL	3082	2024-10-31	5	5	9	Detractor
NULL	3082	2025-01-31	4	8	1	Detractor
NULL	3082	2025-04-30	7	6	10	Promoter
NULL	3082	2025-07-31	5	4	NULL	Detractor
NULL	3082	2025-10-31	4	8	9	Detractor
NULL	3082	2026-01-31	9	6	6	Promoter
NULL	3082	2026-07-31	6	7	2	Detractor
NULL	3083	2024-01-31	1	3	2	Passive
NULL	3083	2024-04-30	9	4	4	Promoter
NULL	3083	2024-10-31	6	2	4	Detractor
NULL	3083	2025-04-30	5	1	1	Passive
NULL	3083	2025-07-31	8	3	6	Passive
NULL	3083	2025-10-31	4	7	6	Detractor
NULL	3083	2026-01-31	4	5	6	Detractor
NULL	3083	2026-07-31	4	4	5	Detractor
NULL	3084	2025-10-31	7	7	5	Promoter
NULL	3084	2026-07-31	9	8	10	Promoter
NULL	3085	2024-01-31	2	1	6	Detractor
NULL	3085	2024-04-30	3	7	3	Detractor
NULL	3085	2024-07-31	4	5	6	Detractor
NULL	3085	2024-10-31	3	6	1	Passive
NULL	3085	2025-04-30	6	4	5	Detractor
NULL	3085	2025-07-31	7	4	2	Detractor
NULL	3085	2025-10-31	7	6	5	Passive
NULL	3085	2026-01-31	6	4	7	Detractor
NULL	3086	2025-10-31	8	6	7	Promoter
NULL	3086	2026-07-31	10	10	10	Promoter
NULL	3087	2025-01-31	6	2	7	Detractor
NULL	3087	2026-01-31	6	4	8	Detractor
NULL	3087	2026-04-30	6	9	8	Detractor
NULL	3087	2026-07-31	6	8	9	Detractor
NULL	3088	2024-01-31	7	6	7	Passive
NULL	3088	2024-07-31	6	8	3	Detractor
NULL	3088	2024-10-31	8	4	2	Passive
NULL	3088	2025-01-31	5	7	7	Detractor
NULL	3088	2025-04-30	6	7	5	Passive
NULL	3088	2025-07-31	8	7	5	Passive
NULL	3088	2026-01-31	7	8	NULL	Detractor
NULL	3088	2026-04-30	5	7	6	Detractor
NULL	3089	2026-01-31	7	4	4	Promoter
NULL	3089	2026-04-30	10	7	9	Promoter
NULL	3090	2025-04-30	2	2	1	Detractor
NULL	3090	2025-07-31	1	1	3	Promoter
NULL	3091	2025-04-30	7	9	5	Passive
NULL	3091	2025-07-31	5	7	7	Detractor
NULL	3091	2025-10-31	7	7	1	Passive
NULL	3091	2026-01-31	6	6	5	Detractor
NULL	3091	2026-07-31	8	4	2	Passive
NULL	3092	2025-07-31	7	8	7	Passive
NULL	3092	2025-10-31	10	8	6	Promoter
NULL	3092	2026-01-31	10	7	4	Promoter
NULL	3094	2025-04-30	1	3	1	Passive
NULL	3094	2025-07-31	1	1	1	Detractor
NULL	3094	2025-10-31	1	1	1	Detractor
NULL	3094	2026-01-31	1	1	1	Detractor
NULL	3094	2026-04-30	1	4	1	Detractor
NULL	3095	2024-07-31	7	9	7	Passive
NULL	3095	2025-01-31	7	7	7	Promoter
NULL	3095	2025-04-30	9	10	9	Promoter
NULL	3095	2025-07-31	8	8	3	Detractor
NULL	3095	2026-01-31	8	7	8	Promoter
NULL	3095	2026-04-30	6	10	10	Detractor
NULL	3095	2026-07-31	8	5	4	Promoter
NULL	3096	2024-01-31	2	1	1	Detractor
NULL	3096	2024-07-31	2	2	3	Passive
NULL	3096	2024-10-31	4	3	1	Passive
NULL	3097	2024-01-31	7	4	6	Passive
NULL	3097	2024-04-30	6	7	9	Detractor
NULL	3097	2024-07-31	7	8	7	Promoter
NULL	3097	2024-10-31	7	3	8	Passive
NULL	3097	2025-01-31	7	5	5	Passive
NULL	3097	2025-04-30	7	7	10	Passive
NULL	3097	2025-07-31	6	2	2	Detractor
NULL	3097	2025-10-31	6	6	7	Passive
NULL	3097	2026-01-31	8	10	2	Passive
NULL	3097	2026-04-30	9	7	5	Promoter
NULL	3097	2026-07-31	6	8	4	Passive
NULL	3098	2024-10-31	9	8	6	Promoter
NULL	3098	2025-01-31	5	7	10	Detractor
NULL	3098	2025-04-30	8	5	4	Passive
NULL	3099	2026-07-31	4	6	3	Detractor
NULL	3101	2024-04-30	6	4	2	Detractor
NULL	3101	2024-07-31	2	2	4	Detractor
NULL	3101	2024-10-31	6	3	1	Detractor
NULL	3101	2025-01-31	4	1	5	Detractor
NULL	3101	2025-10-31	4	2	2	Detractor
NULL	3101	2026-04-30	1	4	6	Detractor
NULL	3102	2024-01-31	6	6	3	Detractor
NULL	3102	2024-07-31	6	4	7	Detractor
NULL	3102	2024-10-31	9	10	10	Promoter
NULL	3102	2025-01-31	8	NULL	1	Passive
NULL	3102	2025-04-30	8	7	5	Passive
NULL	3102	2025-07-31	2	9	3	Passive
NULL	3102	2026-01-31	6	5	6	Detractor
NULL	3102	2026-07-31	8	7	9	Promoter
NULL	3103	2026-07-31	5	5	5	Detractor
NULL	3104	2024-04-30	6	2	1	Detractor
NULL	3104	2024-07-31	1	5	6	Detractor
NULL	3104	2024-10-31	4	3	1	Detractor
NULL	3104	2025-01-31	4	3	5	Detractor
NULL	3104	2025-04-30	2	NULL	7	Detractor
NULL	3104	2025-07-31	4	4	6	Detractor
NULL	3104	2026-01-31	2	3	3	Detractor
NULL	3104	2026-04-30	6	4	7	Detractor
NULL	3104	2026-07-31	3	3	2	Passive
NULL	3105	2025-01-31	8	6	9	Promoter
NULL	3105	2025-04-30	10	5	5	Promoter
NULL	3105	2025-07-31	9	9	6	Promoter
NULL	3105	2025-10-31	7	10	6	Passive
NULL	3105	2026-01-31	10	8	4	Promoter
NULL	3106	2025-01-31	2	6	7	Passive
NULL	3106	2025-04-30	8	4	4	Passive
NULL	3106	2025-07-31	5	4	6	Detractor
NULL	3106	2025-10-31	3	7	6	Detractor
NULL	3106	2026-01-31	7	5	2	Passive
NULL	3106	2026-04-30	10	NULL	1	Passive
NULL	3107	2024-01-31	2	2	1	Detractor
NULL	3107	2024-04-30	6	3	5	Detractor
NULL	3107	2025-01-31	4	NULL	1	Detractor
NULL	3107	2025-04-30	4	4	6	Detractor
NULL	3107	2025-07-31	4	3	3	Promoter
NULL	3107	2026-01-31	2	4	4	Detractor
NULL	3108	2024-01-31	7	1	10	Passive
NULL	3108	2024-04-30	6	6	4	Passive
NULL	3108	2024-07-31	5	5	4	Detractor
NULL	3108	2024-10-31	3	2	1	Detractor
NULL	3108	2025-01-31	6	6	5	Detractor
NULL	3108	2025-04-30	4	7	4	Detractor
NULL	3108	2025-07-31	4	NULL	8	Detractor
NULL	3108	2025-10-31	6	4	7	Promoter
NULL	3109	2024-01-31	2	4	5	Detractor
NULL	3109	2024-10-31	2	4	7	Detractor
NULL	3109	2025-01-31	1	1	2	Passive
NULL	3109	2025-04-30	2	1	1	Detractor
NULL	3109	2025-10-31	2	1	2	Detractor
NULL	3109	2026-01-31	1	1	1	Passive
NULL	3109	04/30/2026	1	1	1	Detractor
NULL	3109	2026-07-31	5	3	1	Detractor
NULL	3110	2024-01-31	5	NULL	1	Detractor
NULL	3110	2024-07-31	5	7	1	Detractor
NULL	3110	2024-10-31	6	2	6	Detractor
NULL	3110	2025-01-31	3	3	2	Detractor
NULL	3110	2025-07-31	1	5	6	Passive
NULL	3110	2025-10-31	6	2	1	Detractor
NULL	3110	2026-04-30	8	3	7	Promoter
NULL	3110	2026-07-31	3	2	5	Detractor
NULL	3111	2025-04-30	3	4	3	Detractor
NULL	3111	2025-07-31	4	5	1	Passive
NULL	3111	2025-10-31	8	2	8	Passive
NULL	3111	2026-01-31	8	5	1	Detractor
NULL	3111	2026-04-30	5	NULL	8	Detractor
NULL	3112	2024-01-31	6	5	5	Detractor
NULL	3112	2024-04-30	8	4	5	Passive
NULL	3112	2024-07-31	10	8	8	Promoter
NULL	3112	2024-10-31	9	8	9	Passive
NULL	3112	2025-01-31	7	6	4	Passive
NULL	3112	2025-04-30	8	7	5	Detractor
NULL	3114	2026-01-31	10	9	8	Passive
NULL	3114	2026-04-30	10	5	4	Passive
NULL	3114	2026-07-31	6	8	6	Detractor
NULL	3115	2024-04-30	2	7	3	Detractor
NULL	3115	2024-10-31	4	5	4	Detractor
NULL	3115	2025-01-31	5	6	2	Detractor
NULL	3115	04/30/2025	3	1	1	Detractor
NULL	3115	2025-07-31	9	2	3	Promoter
NULL	3115	2025-10-31	4	3	7	Detractor
NULL	3116	2024-04-30	6	2	4	Detractor
NULL	3116	2024-07-31	6	7	4	Detractor
NULL	3116	10/31/2024	6	NULL	7	Detractor
NULL	3116	2025-01-31	7	8	4	Passive
NULL	3116	2025-04-30	7	6	7	Detractor
NULL	3116	2025-10-31	5	7	10	Detractor
NULL	3116	2026-04-30	6	7	NULL	Detractor
NULL	3116	07/31/2026	7	4	1	Passive
NULL	3117	2024-01-31	8	3	6	Passive
NULL	3117	2024-04-30	8	8	5	Passive
NULL	3117	2025-04-30	6	NULL	4	Passive
NULL	3117	2025-07-31	6	3	8	Passive
NULL	3117	2025-10-31	10	8	4	Promoter
NULL	3117	2026-04-30	6	9	10	Detractor
NULL	3117	2026-07-31	8	5	3	Detractor
NULL	3118	2025-01-31	6	6	NULL	Passive
NULL	3118	2025-04-30	6	5	8	Detractor
NULL	3118	2025-07-31	6	4	8	Detractor
NULL	3118	2025-10-31	6	4	5	Passive
NULL	3118	2026-04-30	5	7	2	Detractor
NULL	3118	2026-07-31	10	10	5	Promoter
NULL	3119	2025-10-31	8	4	7	Passive
NULL	3119	2026-01-31	8	7	2	Detractor
NULL	3120	2024-01-31	7	6	10	Passive
NULL	3120	2024-07-31	9	8	8	Promoter
NULL	3120	2024-10-31	10	5	6	Promoter
NULL	3120	2025-01-31	5	5	3	Passive
NULL	3120	2025-04-30	8	5	6	Passive
NULL	3120	2025-07-31	2	7	9	Passive
NULL	3120	2025-10-31	6	9	10	Detractor
NULL	3120	2026-01-31	5	6	10	Detractor
NULL	3121	2025-07-31	1	5	5	Detractor
NULL	3122	2024-01-31	7	10	7	Passive
NULL	3122	2024-04-30	9	6	8	Promoter
NULL	3122	2024-10-31	4	10	4	Detractor
NULL	3122	2025-01-31	4	7	10	Detractor
NULL	3122	2025-04-30	5	6	6	Detractor
NULL	3122	2026-01-31	7	4	2	Passive
NULL	3122	2026-04-30	9	9	7	Passive
NULL	3122	2026-07-31	4	2	5	Passive
NULL	3123	2024-01-31	6	1	5	Passive
NULL	3123	2024-04-30	2	4	1	Promoter
NULL	3123	2024-10-31	6	3	3	Detractor
NULL	3123	2025-04-30	2	7	1	Detractor
NULL	3123	2025-07-31	6	5	4	Detractor
NULL	3123	2025-10-31	1	4	1	Detractor
NULL	3123	2026-01-31	6	3	1	Promoter
NULL	3123	2026-04-30	4	1	1	Detractor
NULL	3124	2024-04-30	5	6	8	Detractor
NULL	3124	2024-10-31	4	4	4	Promoter
NULL	3124	2025-01-31	9	4	8	Promoter
NULL	3124	2025-04-30	9	5	9	Promoter
NULL	3124	2025-07-31	3	NULL	NULL	Detractor
NULL	3124	2025-10-31	9	5	8	Promoter
NULL	3124	2026-04-30	4	NULL	5	Detractor
NULL	3125	2026-07-31	3	4	4	Detractor
NULL	3126	2025-04-30	3	2	3	Promoter
NULL	3126	2025-07-31	5	7	1	Detractor
NULL	3126	2026-04-30	4	1	1	Detractor
NULL	3126	2026-07-31	4	5	4	Passive
NULL	3127	2024-01-31	4	7	6	Detractor
NULL	3127	2024-04-30	5	2	9	Passive
NULL	3127	2024-10-31	5	5	4	Passive
NULL	3127	2025-01-31	7	4	3	Passive
NULL	3127	2025-04-30	4	4	7	Detractor
NULL	3127	2025-07-31	4	7	7	Detractor
NULL	3127	2026-01-31	5	1	7	Detractor
NULL	3127	2026-07-31	4	5	3	Detractor
NULL	3128	2025-07-31	5	4	2	Detractor
NULL	3128	2025-10-31	4	4	4	Detractor
NULL	3128	2026-01-31	5	4	1	Passive
NULL	3128	2026-04-30	4	6	3	Passive
NULL	3129	2025-10-31	7	7	4	Detractor
NULL	3129	2026-04-30	7	6	6	Passive
NULL	3130	2024-01-31	6	7	6	Detractor
NULL	3130	2024-04-30	3	8	5	Detractor
NULL	3130	2024-07-31	4	4	4	Detractor
NULL	3130	2024-10-31	2	4	4	Detractor
NULL	3130	2025-04-30	6	5	7	Promoter
NULL	3130	2025-07-31	8	4	3	Detractor
NULL	3130	2025-10-31	5	NULL	5	Passive
NULL	3130	2026-01-31	8	6	3	Promoter
NULL	3131	2025-04-30	7	9	10	Promoter
NULL	3131	2025-07-31	10	10	5	Promoter
NULL	3131	2026-04-30	10	7	5	Passive
NULL	3131	2026-07-31	9	10	6	Promoter
NULL	3133	2025-10-31	6	5	1	Detractor
NULL	3133	2026-01-31	5	5	4	Detractor
NULL	3133	2026-04-30	7	5	NULL	Passive
NULL	3133	2026-07-31	6	5	7	Passive
NULL	3134	2024-04-30	4	6	5	Detractor
NULL	3134	2024-07-31	5	6	8	Detractor
NULL	3134	2024-10-31	10	8	8	Promoter
NULL	3134	2025-07-31	9	2	9	Promoter
NULL	3134	2025-10-31	8	5	2	Promoter
NULL	3134	2026-01-31	4	5	7	Passive
NULL	3134	2026-07-31	7	3	5	Promoter
NULL	3135	2025-04-30	1	4	4	Detractor
NULL	3135	2025-07-31	3	2	4	Passive
NULL	3135	2025-10-31	3	8	2	Passive
NULL	3135	2026-01-31	3	4	5	Promoter
NULL	3135	2026-04-30	3	2	1	Detractor
NULL	3135	2026-07-31	5	5	NULL	Detractor
NULL	3136	2024-04-30	4	4	6	Detractor
NULL	3136	2024-07-31	1	7	3	Detractor
NULL	3136	2024-10-31	4	4	5	Detractor
NULL	3136	2025-01-31	3	7	6	Detractor
NULL	3136	2025-04-30	5	5	6	Detractor
NULL	3136	2025-07-31	6	3	6	Detractor
NULL	3136	2025-10-31	6	2	3	Passive
NULL	3137	2024-04-30	4	3	1	Detractor
NULL	3137	2024-07-31	4	3	6	Detractor
NULL	3137	2025-01-31	3	2	1	Detractor
NULL	3137	2025-10-31	3	3	1	Detractor
NULL	3137	2026-01-31	4	2	1	Passive
NULL	3137	2026-04-30	1	4	1	Passive
NULL	3137	2026-07-31	2	5	2	Passive
NULL	3139	2024-10-31	6	3	3	Detractor
NULL	3139	2025-01-31	2	1	4	Passive
NULL	3139	2025-07-31	7	1	2	Promoter
NULL	3139	2026-01-31	1	8	1	Promoter
NULL	3139	2026-04-30	2	1	5	Detractor
NULL	3140	2024-01-31	3	1	3	Detractor
NULL	3140	2024-04-30	6	4	7	Passive
NULL	3140	2024-10-31	6	7	7	Passive
NULL	3140	2025-04-30	7	2	5	Detractor
NULL	3140	2025-07-31	6	2	1	Detractor
NULL	3140	2025-10-31	4	5	1	Passive
NULL	3140	2026-04-30	5	4	4	Detractor
NULL	3140	2026-07-31	3	3	7	Passive
NULL	3141	2025-01-31	9	9	7	Promoter
NULL	3141	2025-04-30	9	5	3	Promoter
NULL	3141	2025-10-31	6	9	5	Detractor
NULL	3141	2026-04-30	7	10	9	Passive
NULL	3141	2026-07-31	7	9	5	Passive
NULL	3142	2025-01-31	1	1	1	Detractor
NULL	3142	2025-04-30	1	1	2	Detractor
NULL	3142	2025-07-31	4	1	1	Detractor
NULL	3142	2025-10-31	2	2	2	Detractor
NULL	3142	01/31/2026	2	3	4	Detractor
NULL	3142	2026-04-30	1	1	1	Detractor
NULL	3142	2026-07-31	1	3	1	Detractor
NULL	3143	2024-04-30	9	10	4	Promoter
NULL	3143	2024-07-31	10	10	5	Promoter
NULL	3143	2025-04-30	8	5	10	Promoter
NULL	3143	2025-07-31	10	10	8	Passive
NULL	3144	2024-04-30	5	1	1	Detractor
NULL	3144	2024-07-31	5	5	1	Detractor
NULL	3144	2024-10-31	8	5	2	Passive
NULL	3144	2025-01-31	7	6	2	Passive
NULL	3144	2025-04-30	4	2	5	Detractor
NULL	3144	2025-10-31	3	1	6	Passive
NULL	3144	2026-01-31	4	2	4	Detractor
NULL	3144	2026-04-30	5	4	2	Detractor
NULL	3144	2026-07-31	6	1	5	Passive
NULL	3145	2025-04-30	8	2	5	Promoter
NULL	3145	2026-07-31	5	3	8	Detractor
NULL	3146	2024-04-30	3	5	2	Detractor
NULL	3146	2024-07-31	5	4	1	Passive
NULL	3146	2024-10-31	4	8	9	Detractor
NULL	3146	2025-01-31	5	3	1	Detractor
NULL	3146	2025-04-30	2	1	2	Detractor
NULL	3146	07/31/2025	7	6	2	Passive
NULL	3146	2025-10-31	4	5	2	Detractor
NULL	3146	2026-01-31	4	1	4	Detractor
NULL	3146	2026-04-30	4	5	9	Detractor
NULL	3146	2026-07-31	7	4	10	Promoter
NULL	3147	2025-10-31	7	8	1	Passive
NULL	3147	2026-04-30	7	4	3	Promoter
NULL	3147	2026-07-31	9	2	4	Promoter
NULL	3148	2024-07-31	3	4	7	Detractor
NULL	3148	2024-10-31	5	3	4	Detractor
NULL	3148	2025-01-31	3	4	6	Detractor
NULL	3148	2025-04-30	4	4	4	Detractor
NULL	3148	2025-07-31	4	3	NULL	Promoter
NULL	3148	2025-10-31	7	6	5	Passive
NULL	3148	2026-01-31	8	4	6	Passive
NULL	3148	2026-04-30	6	NULL	3	Detractor
NULL	3148	2026-07-31	7	5	5	Passive
NULL	3149	2025-10-31	1	1	1	Detractor
NULL	3149	2026-01-31	1	1	1	Passive
NULL	3149	2026-07-31	1	1	1	Passive
NULL	3150	2026-04-30	5	3	4	Detractor
NULL	3150	2026-07-31	6	1	1	Detractor
NULL	3151	2024-01-31	3	4	6	Passive
NULL	3151	2024-04-30	4	3	6	Detractor
NULL	3151	2024-07-31	5	7	NULL	Detractor
NULL	3151	2025-04-30	7	5	4	Detractor
NULL	3151	2025-10-31	7	7	2	Promoter
NULL	3151	2026-01-31	4	2	6	Detractor
NULL	3151	2026-04-30	5	2	1	Detractor
NULL	3152	2024-01-31	8	5	4	Detractor
NULL	3152	2024-04-30	6	7	3	Detractor
NULL	3152	2024-07-31	8	9	10	Promoter
NULL	3152	2024-10-31	6	7	4	Detractor
NULL	3152	2025-04-30	9	7	8	Promoter
NULL	3152	2025-07-31	6	6	7	Promoter
NULL	3152	2025-10-31	6	7	9	Passive
NULL	3152	2026-01-31	10	3	NULL	Promoter
NULL	3152	2026-04-30	9	3	3	Passive
NULL	3152	2026-07-31	8	4	4	Promoter
NULL	3153	2024-01-31	8	6	1	Promoter
NULL	3153	2024-04-30	9	8	8	Promoter
NULL	3153	2024-07-31	9	8	10	Detractor
NULL	3153	2024-10-31	10	7	6	Promoter
NULL	3153	2025-01-31	9	8	9	Promoter
NULL	3153	2025-04-30	9	3	10	Promoter
NULL	3153	2025-07-31	9	8	7	Promoter
NULL	3153	2025-10-31	7	6	6	Detractor
NULL	3153	2026-04-30	7	4	8	Promoter
NULL	3154	2024-04-30	3	1	5	Detractor
NULL	3154	2024-07-31	1	5	4	Detractor
NULL	3154	2025-01-31	1	2	3	Passive
NULL	3154	2025-07-31	1	NULL	6	Detractor
NULL	3154	2025-10-31	6	1	1	Passive
NULL	3154	2026-01-31	3	3	1	Detractor
NULL	3154	2026-04-30	5	2	7	Detractor
NULL	3155	2024-01-31	2	5	1	Detractor
NULL	3155	2024-04-30	3	1	4	Detractor
NULL	3155	2024-07-31	1	1	1	Detractor
NULL	3155	2024-10-31	1	4	6	Detractor
NULL	3155	2025-01-31	4	1	2	Detractor
NULL	3155	2025-07-31	1	5	2	Detractor
NULL	3155	2025-10-31	1	6	2	Promoter
NULL	3155	2026-01-31	3	1	3	Detractor
NULL	3155	2026-04-30	1	3	1	Passive
NULL	3155	2026-07-31	6	1	2	Detractor
NULL	3156	2025-10-31	8	10	10	Passive
NULL	3156	2026-01-31	10	8	9	Promoter
NULL	3156	2026-07-31	8	8	7	Promoter
NULL	3157	2024-01-31	9	3	4	Promoter
NULL	3157	2024-04-30	6	4	8	Detractor
NULL	3157	2024-07-31	6	8	2	Detractor
NULL	3157	2025-01-31	9	8	8	Promoter
NULL	3157	2025-04-30	9	3	5	Promoter
NULL	3157	2025-07-31	6	6	2	Detractor
NULL	3157	2025-10-31	4	7	7	Detractor
NULL	3157	2026-01-31	8	5	7	Passive
NULL	3157	2026-07-31	5	4	9	Passive
NULL	3158	2024-01-31	6	NULL	9	Promoter
NULL	3158	04/30/2024	9	5	6	Promoter
NULL	3158	2024-07-31	7	3	7	Promoter
NULL	3158	2025-04-30	5	5	7	Detractor
NULL	3158	07/31/2025	8	10	8	Passive
NULL	3158	2025-10-31	7	6	6	Promoter
NULL	3158	2026-01-31	6	2	5	Promoter
NULL	3158	2026-04-30	6	8	7	Detractor
NULL	3160	2024-04-30	5	8	3	Promoter
NULL	3160	2024-07-31	5	9	2	Passive
NULL	3160	2024-10-31	7	6	4	Passive
NULL	3160	2025-01-31	8	8	1	Passive
NULL	3160	2025-04-30	5	5	2	Detractor
NULL	3160	2026-01-31	10	9	2	Promoter
NULL	3160	2026-04-30	5	4	6	Detractor
NULL	3161	2024-01-31	10	8	6	Promoter
NULL	3161	2024-04-30	6	3	7	Detractor
NULL	3161	2024-07-31	6	10	10	Detractor
NULL	3161	2025-01-31	8	8	1	Promoter
NULL	3161	2025-04-30	10	6	3	Promoter
NULL	3161	2025-10-31	8	5	2	Passive
NULL	3161	2026-01-31	6	10	1	Promoter
NULL	3161	2026-04-30	6	8	2	Passive
NULL	3162	2024-01-31	3	6	4	Detractor
NULL	3162	2024-04-30	6	5	6	Detractor
NULL	3162	2024-07-31	4	8	7	Detractor
NULL	3162	2024-10-31	7	6	2	Passive
NULL	3162	2025-01-31	5	4	8	Detractor
NULL	3162	07/31/2025	7	1	8	Passive
NULL	3162	2025-10-31	5	3	7	Passive
NULL	3162	2026-01-31	6	2	5	Detractor
NULL	3163	2026-04-30	7	1	1	Passive
NULL	3164	2024-04-30	10	7	9	Promoter
NULL	3164	2024-07-31	6	8	9	Detractor
NULL	3164	2024-10-31	6	7	4	Passive
NULL	3164	2025-01-31	9	8	6	Promoter
NULL	3164	2025-04-30	10	3	6	Promoter
NULL	3164	2025-07-31	7	3	4	Detractor
NULL	3164	2025-10-31	8	9	7	Passive
NULL	3164	2026-01-31	10	9	7	Promoter
NULL	3165	2024-01-31	2	6	1	Passive
NULL	3165	2024-04-30	7	2	4	Passive
NULL	3165	2024-07-31	5	2	1	Detractor
NULL	3165	2025-01-31	3	5	6	Passive
NULL	3165	2025-04-30	6	1	1	Detractor
NULL	3165	2025-07-31	5	4	3	Promoter
NULL	3165	2026-01-31	4	1	5	Passive
NULL	3165	2026-04-30	4	4	4	Detractor
NULL	3165	2026-07-31	4	2	1	Detractor
NULL	3166	01/31/2024	7	3	3	Passive
NULL	3166	2024-04-30	5	7	2	Passive
NULL	3166	2025-01-31	5	4	4	Detractor
NULL	3166	2025-07-31	5	4	7	Detractor
NULL	3166	2025-10-31	6	1	7	Detractor
NULL	3166	2026-01-31	3	NULL	5	Detractor
NULL	3166	2026-07-31	9	5	4	Promoter
NULL	3167	2024-04-30	1	2	1	Detractor
NULL	3167	2024-10-31	2	2	1	Passive
NULL	3167	2025-01-31	4	1	5	Passive
NULL	3167	2025-04-30	2	2	1	Detractor
NULL	3167	2025-07-31	5	4	1	Promoter
NULL	3167	2026-04-30	1	5	1	Detractor
NULL	3168	2024-04-30	6	10	8	Detractor
NULL	3168	2024-10-31	10	4	7	Promoter
NULL	3168	2025-04-30	9	8	5	Promoter
NULL	3168	2025-07-31	4	10	7	Detractor
NULL	3168	2025-10-31	8	7	7	Passive
NULL	3168	2026-01-31	5	8	6	Detractor
NULL	3168	2026-04-30	9	7	7	Promoter
NULL	3168	2026-07-31	6	7	7	Detractor
NULL	3170	2024-10-31	3	5	3	Detractor
NULL	3170	2025-01-31	8	7	1	Promoter
NULL	3170	2025-04-30	5	8	7	Detractor
NULL	3170	2025-10-31	3	3	NULL	Passive
NULL	3170	2026-07-31	1	6	1	Detractor
NULL	3171	2025-07-31	4	1	5	Detractor
NULL	3171	2025-10-31	3	1	5	Detractor
NULL	3171	2026-01-31	2	3	1	Detractor
NULL	3171	2026-04-30	3	7	5	Passive
NULL	3172	2024-10-31	8	6	6	Detractor
NULL	3172	2025-01-31	7	10	6	Passive
NULL	3172	2025-10-31	9	5	7	Promoter
NULL	3172	2026-01-31	7	3	9	Promoter
NULL	3172	2026-04-30	9	5	4	Promoter
NULL	3172	2026-07-31	8	6	7	Detractor
NULL	3173	2024-01-31	4	7	1	Detractor
NULL	3173	2024-07-31	5	4	2	Detractor
NULL	3173	2024-10-31	1	1	3	Detractor
NULL	3173	2025-04-30	3	NULL	3	Detractor
NULL	3173	2025-10-31	1	1	2	Detractor
NULL	3173	2026-01-31	5	1	5	Promoter
NULL	3173	2026-07-31	5	4	1	Detractor
NULL	3174	01/31/2025	7	7	1	Passive
NULL	3174	2025-07-31	4	5	8	Detractor
NULL	3174	2025-10-31	6	5	8	Detractor
NULL	3174	2026-01-31	7	6	1	Passive
NULL	3175	2024-04-30	8	4	8	Detractor
NULL	3175	2024-07-31	7	4	6	Promoter
NULL	3175	2024-10-31	8	7	4	Passive
NULL	3175	01/31/2025	9	7	1	Promoter
NULL	3175	2025-07-31	8	7	6	Passive
NULL	3175	2025-10-31	10	3	10	Passive
NULL	3175	2026-01-31	8	3	3	Detractor
NULL	3176	2024-01-31	8	4	5	Passive
NULL	3176	2024-04-30	7	8	1	Promoter
NULL	3176	2024-07-31	7	6	1	Passive
NULL	3176	2024-10-31	6	7	9	Detractor
NULL	3176	2025-04-30	7	6	4	Passive
NULL	3176	2025-07-31	8	6	6	Passive
NULL	3176	2026-01-31	5	8	8	Detractor
NULL	3176	2026-04-30	6	3	6	Detractor
NULL	3178	2024-01-31	7	9	6	Passive
NULL	3178	2024-04-30	6	6	4	Detractor
NULL	3178	2025-01-31	5	4	9	Detractor
NULL	3178	2025-04-30	8	7	6	Promoter
NULL	3178	2025-10-31	10	5	2	Promoter
NULL	3178	2026-01-31	8	6	3	Passive
NULL	3178	2026-04-30	8	6	8	Passive
NULL	3179	2025-04-30	7	10	2	Promoter
NULL	3179	2025-10-31	7	6	1	Passive
NULL	3179	2026-01-31	8	6	3	Promoter
NULL	3179	2026-07-31	9	6	1	Passive
NULL	3180	2024-01-31	6	9	8	Detractor
NULL	3180	2024-04-30	7	7	6	Promoter
NULL	3180	2024-07-31	8	7	7	Passive
NULL	3180	2024-10-31	5	5	4	Detractor
NULL	3180	2025-04-30	7	8	4	Detractor
NULL	3180	2025-07-31	5	6	5	Promoter
NULL	3180	2026-01-31	9	3	7	Promoter
NULL	3180	2026-04-30	10	6	5	Passive
NULL	3180	2026-07-31	8	8	6	Detractor
NULL	3181	2025-10-31	4	5	5	Passive
NULL	3181	2026-01-31	3	5	6	Detractor
NULL	3181	2026-04-30	5	7	3	Passive
NULL	3181	2026-07-31	9	6	2	Promoter
NULL	3182	2024-07-31	8	7	5	Promoter
NULL	3182	2024-10-31	10	6	9	Promoter
NULL	3182	2025-04-30	7	8	7	Detractor
NULL	3182	2025-07-31	7	8	7	Promoter
NULL	3182	2025-10-31	5	8	7	Detractor
NULL	3182	2026-07-31	5	9	1	Passive
NULL	3183	2026-07-31	1	1	1	Detractor
NULL	3184	2026-07-31	8	10	10	Promoter
NULL	3185	2024-04-30	6	8	5	Promoter
NULL	3185	2024-10-31	8	9	2	Promoter
NULL	3185	2025-01-31	7	9	8	Passive
NULL	3185	2025-07-31	9	3	NULL	Promoter
NULL	3185	2025-10-31	8	10	6	Passive
NULL	3185	2026-01-31	8	10	4	Passive
NULL	3186	2024-01-31	4	4	2	Detractor
NULL	3186	2024-10-31	6	6	5	Passive
NULL	3186	2025-01-31	5	6	3	Detractor
NULL	3186	2025-04-30	6	1	2	Detractor
NULL	3186	2025-10-31	8	9	6	Passive
NULL	3186	2026-04-30	8	4	7	Passive
NULL	3186	2026-07-31	6	4	5	Detractor
NULL	3187	2025-10-31	2	6	7	Detractor
NULL	3187	2026-01-31	2	6	3	Detractor
NULL	3187	2026-04-30	3	2	6	Detractor
NULL	3187	2026-07-31	3	3	5	Passive
NULL	3188	2024-10-31	7	9	4	Passive
NULL	3189	2024-01-31	6	7	5	Detractor
NULL	3189	04/30/2024	7	NULL	8	Passive
NULL	3189	2024-07-31	5	1	7	Detractor
NULL	3189	2025-01-31	2	6	6	Detractor
NULL	3189	2025-04-30	2	5	5	Passive
NULL	3189	2025-07-31	5	7	6	Detractor
NULL	3189	2025-10-31	6	3	1	Detractor
NULL	3189	2026-04-30	5	NULL	3	Detractor
NULL	3189	07/31/2026	5	5	8	Passive
NULL	3190	2024-01-31	7	2	10	Detractor
NULL	3190	2024-04-30	3	4	1	Detractor
NULL	3190	2024-07-31	3	4	NULL	Detractor
NULL	3190	10/31/2024	5	8	4	Detractor
NULL	3190	2025-04-30	7	9	4	Promoter
NULL	3190	2025-07-31	4	5	4	Passive
NULL	3190	2025-10-31	9	4	2	Promoter
NULL	3190	2026-01-31	6	7	3	Detractor
NULL	3190	2026-04-30	5	4	3	Passive
NULL	3190	2026-07-31	3	5	1	Detractor
NULL	3191	2026-01-31	5	10	8	Detractor
NULL	3191	2026-07-31	4	3	3	Detractor
NULL	3192	2026-04-30	2	2	4	Detractor
NULL	3192	2026-07-31	4	8	5	Detractor
NULL	3193	2024-07-31	6	3	5	Detractor
NULL	3193	10/31/2024	2	7	5	Detractor
NULL	3193	2025-01-31	3	8	7	Detractor
NULL	3193	2025-04-30	5	6	9	Detractor
NULL	3193	2025-07-31	8	1	5	Passive
NULL	3193	2026-01-31	7	8	6	Passive
NULL	3193	2026-07-31	6	7	4	Detractor
NULL	3194	2024-01-31	5	6	2	Detractor
NULL	3194	2024-04-30	7	6	8	Detractor
NULL	3194	2024-07-31	8	5	1	Passive
NULL	3194	2024-10-31	3	4	3	Promoter
NULL	3194	2025-01-31	5	1	8	Detractor
NULL	3194	2025-07-31	6	8	8	Detractor
NULL	3194	2025-10-31	5	2	5	Passive
NULL	3194	2026-01-31	3	4	5	Passive
NULL	3194	2026-04-30	4	3	10	Passive
NULL	3194	2026-07-31	6	4	1	Detractor
NULL	3195	2024-01-31	8	7	5	Passive
NULL	3195	2024-07-31	10	4	8	Promoter
NULL	3195	2025-04-30	4	4	7	Detractor
NULL	3195	2025-10-31	6	10	6	Passive
NULL	3195	2026-01-31	8	6	8	Promoter
NULL	3195	2026-04-30	7	8	8	Passive
NULL	3195	2026-07-31	7	5	NULL	Promoter
NULL	3196	2024-10-31	9	6	7	Promoter
NULL	3196	2025-01-31	4	4	10	Detractor
NULL	3196	2025-04-30	7	7	9	Passive
NULL	3196	2025-07-31	4	9	6	Detractor
NULL	3196	2025-10-31	3	7	1	Detractor
NULL	3196	2026-01-31	8	6	1	Promoter
NULL	3196	2026-07-31	8	3	7	Promoter
NULL	3197	04/30/2024	7	1	NULL	Detractor
NULL	3197	2024-07-31	2	3	2	Detractor
NULL	3197	2025-01-31	6	8	1	Detractor
NULL	3199	2024-07-31	10	9	10	Promoter
NULL	3199	2024-10-31	10	6	10	Promoter
NULL	3200	2024-01-31	8	6	4	Promoter
NULL	3200	2024-04-30	4	8	5	Passive
NULL	3200	2024-07-31	6	2	6	Detractor
NULL	3200	2024-10-31	7	6	3	Passive
NULL	3200	2025-04-30	6	5	NULL	Detractor
NULL	3200	2025-07-31	8	7	6	Detractor
NULL	3200	2025-10-31	5	3	2	Detractor
NULL	3200	2026-01-31	9	9	6	Promoter
NULL	3200	2026-04-30	6	3	1	Passive
NULL	3201	2025-01-31	4	8	5	Passive
NULL	3201	2025-04-30	6	6	7	Detractor
NULL	3201	2025-07-31	3	NULL	6	Passive
NULL	3201	2026-04-30	8	5	7	Passive
NULL	3201	2026-07-31	10	4	9	Promoter
NULL	3202	2024-01-31	10	7	10	Passive
NULL	3202	2024-04-30	8	5	10	Passive
NULL	3202	2024-07-31	7	5	4	Detractor
NULL	3202	2024-10-31	10	6	5	Passive
NULL	3202	2025-01-31	10	4	NULL	Promoter
NULL	3202	2025-07-31	10	7	6	Promoter
NULL	3202	2025-10-31	10	8	NULL	Promoter
NULL	3203	2024-01-31	10	8	6	Promoter
NULL	3203	2024-10-31	7	4	9	Promoter
NULL	3203	2025-04-30	7	7	10	Passive
NULL	3203	2025-10-31	9	10	5	Promoter
NULL	3203	2026-01-31	6	6	3	Detractor
NULL	3203	2026-04-30	5	6	4	Detractor
NULL	3203	2026-07-31	5	9	6	Detractor
NULL	3204	2025-04-30	6	2	10	Detractor
NULL	3204	2025-07-31	9	4	7	Promoter
NULL	3204	2026-01-31	8	NULL	3	Promoter
NULL	3204	2026-07-31	8	8	7	Promoter
NULL	3205	2024-04-30	5	7	9	Passive
NULL	3205	2024-07-31	7	8	2	Promoter
NULL	3205	2025-07-31	5	4	9	Promoter
NULL	3205	2025-10-31	5	NULL	6	Detractor
NULL	3205	2026-04-30	9	5	6	Promoter
NULL	3206	2024-07-31	1	1	NULL	Promoter
NULL	3206	2024-10-31	1	1	3	Detractor
NULL	3206	2025-07-31	5	1	1	Detractor
NULL	3206	2025-10-31	2	1	1	Detractor
NULL	3206	2026-04-30	1	3	1	Passive
NULL	3206	2026-07-31	1	4	1	Passive
NULL	3207	2024-10-31	6	2	4	Passive
NULL	3208	2024-01-31	10	9	4	Promoter
NULL	3208	04/30/2024	5	7	6	Passive
NULL	3208	2024-07-31	7	4	9	Promoter
NULL	3208	2024-10-31	5	9	6	Detractor
NULL	3208	2025-01-31	4	3	5	Detractor
NULL	3208	2025-04-30	5	5	4	Detractor
NULL	3208	2025-07-31	9	10	8	Promoter
NULL	3208	2025-10-31	7	10	9	Passive
NULL	3208	2026-01-31	7	5	5	Promoter
NULL	3209	2024-01-31	2	3	5	Detractor
NULL	3209	2024-04-30	1	1	4	Detractor
NULL	3209	2024-07-31	2	3	3	Passive
NULL	3209	2024-10-31	2	4	5	Detractor
NULL	3209	2025-01-31	3	2	1	Passive
NULL	3209	2025-04-30	1	3	3	Detractor
NULL	3209	2026-04-30	4	3	4	Detractor
NULL	3210	2024-01-31	8	5	5	Detractor
NULL	3210	2024-04-30	5	4	6	Detractor
NULL	3210	2024-07-31	5	1	6	Detractor
NULL	3210	2024-10-31	6	6	5	Promoter
NULL	3210	2025-01-31	7	7	4	Promoter
NULL	3210	2025-04-30	4	6	5	Passive
NULL	3210	2025-07-31	5	NULL	3	Detractor
NULL	3210	2025-10-31	5	2	4	Detractor
NULL	3211	2024-01-31	4	8	1	Passive
NULL	3211	2024-04-30	3	4	2	Passive
NULL	3211	2024-10-31	5	3	5	Detractor
NULL	3211	2025-01-31	5	3	2	Promoter
NULL	3211	2025-07-31	8	5	6	Promoter
NULL	3211	2025-10-31	2	1	5	Detractor
NULL	3211	2026-01-31	5	5	4	Detractor
NULL	3211	2026-04-30	1	5	3	Passive
NULL	3211	2026-07-31	4	7	1	Passive
NULL	3212	2025-04-30	9	8	2	Promoter
NULL	3212	2025-07-31	5	10	10	Detractor
NULL	3212	2026-07-31	7	10	6	Detractor
NULL	3213	2024-01-31	6	4	4	Detractor
NULL	3213	2024-04-30	6	2	1	Passive
NULL	3213	10/31/2024	5	5	3	Detractor
NULL	3213	2025-07-31	2	6	5	Detractor
NULL	3213	2026-01-31	1	5	NULL	Detractor
NULL	3213	2026-04-30	2	2	5	Detractor
NULL	3215	2025-04-30	9	3	5	Promoter
NULL	3215	2025-07-31	9	10	5	Promoter
NULL	3215	2026-04-30	2	2	7	Detractor
NULL	3215	07/31/2026	10	6	5	Promoter
NULL	3217	2024-01-31	7	4	1	Promoter
NULL	3217	2024-10-31	1	4	2	Passive
NULL	3217	2025-01-31	4	5	5	Passive
NULL	3217	2025-04-30	5	2	5	Detractor
NULL	3217	2025-07-31	5	4	2	Passive
NULL	3217	2025-10-31	5	7	4	Detractor
NULL	3217	2026-01-31	3	6	5	Detractor
NULL	3217	2026-04-30	4	4	4	Detractor
NULL	3217	2026-07-31	5	2	7	Detractor
NULL	3218	2025-04-30	3	2	2	Detractor
NULL	3218	2025-07-31	6	3	1	Detractor
NULL	3218	2025-10-31	4	1	1	Detractor
NULL	3218	2026-01-31	1	5	4	Passive
NULL	3218	2026-04-30	1	5	10	Detractor
NULL	3218	2026-07-31	6	1	1	Detractor
NULL	3219	2026-04-30	5	8	3	Detractor
NULL	3219	2026-07-31	5	8	4	Detractor
NULL	3221	2024-01-31	10	10	8	Promoter
NULL	3221	2024-07-31	7	6	9	Promoter
NULL	3221	2024-10-31	10	9	7	Promoter
NULL	3221	2025-01-31	10	10	9	Promoter
NULL	3221	2025-04-30	10	7	8	Promoter
NULL	3221	2025-10-31	8	10	NULL	Passive
NULL	3221	2026-01-31	10	9	10	Promoter
NULL	3221	2026-07-31	9	10	8	Promoter
NULL	3222	2024-01-31	3	1	4	Passive
NULL	3222	2024-04-30	3	3	2	Detractor
NULL	3222	2024-07-31	5	4	3	Detractor
NULL	3222	2024-10-31	5	4	3	Detractor
NULL	3222	2025-01-31	2	4	2	Detractor
NULL	3222	2025-07-31	6	2	5	Detractor
NULL	3222	2025-10-31	3	1	7	Detractor
NULL	3222	2026-04-30	7	5	6	Passive
NULL	3223	2024-04-30	6	7	5	Passive
NULL	3223	2024-07-31	7	6	2	Passive
NULL	3223	2024-10-31	5	9	7	Detractor
NULL	3223	2025-01-31	6	5	2	Detractor
NULL	3223	2025-04-30	7	6	4	Passive
NULL	3223	2025-07-31	6	8	9	Passive
NULL	3223	2025-10-31	6	5	5	Detractor
NULL	3223	2026-04-30	6	4	6	Passive
NULL	3224	10/31/2024	6	6	6	Passive
NULL	3224	2025-01-31	4	2	5	Detractor
NULL	3224	2025-07-31	5	6	3	Detractor
NULL	3224	2025-10-31	5	9	1	Promoter
NULL	3224	2026-04-30	3	7	10	Detractor
NULL	3224	2026-07-31	6	2	7	Detractor
NULL	3225	2026-01-31	9	10	9	Promoter
NULL	3225	2026-04-30	8	10	7	Promoter
NULL	3226	2024-10-31	5	1	7	Passive
NULL	3226	2025-01-31	4	4	4	Detractor
NULL	3226	2025-04-30	6	3	10	Passive
NULL	3226	2025-10-31	6	6	3	Detractor
NULL	3226	2026-01-31	5	2	7	Detractor
NULL	3226	2026-04-30	9	2	3	Promoter
NULL	3226	2026-07-31	6	5	7	Detractor
NULL	3227	2024-07-31	5	6	9	Detractor
NULL	3227	2024-10-31	5	3	6	Passive
NULL	3227	2026-04-30	3	4	3	Detractor
NULL	3227	2026-07-31	4	2	2	Passive
NULL	3228	2026-04-30	6	NULL	6	Passive
NULL	3228	2026-07-31	10	1	6	Passive
NULL	3229	2024-07-31	2	3	6	Detractor
NULL	3229	2024-10-31	4	NULL	2	Detractor
NULL	3229	2025-01-31	3	2	1	Detractor
NULL	3229	2025-07-31	1	1	1	Detractor
NULL	3229	2025-10-31	2	6	2	Detractor
NULL	3229	2026-04-30	2	1	1	Detractor
NULL	3229	2026-07-31	4	2	1	Detractor
NULL	3230	2024-01-31	3	10	8	Detractor
NULL	3230	2024-04-30	4	4	NULL	Detractor
NULL	3230	2024-10-31	5	2	NULL	Detractor
NULL	3230	2025-04-30	6	6	5	Passive
NULL	3230	2025-07-31	10	3	10	Passive
NULL	3230	2025-10-31	6	5	8	Detractor
NULL	3230	2026-01-31	6	6	6	Detractor
NULL	3230	2026-07-31	6	5	1	Detractor
NULL	3231	2024-10-31	5	1	4	Detractor
NULL	3231	2025-01-31	7	4	9	Passive
NULL	3231	2025-07-31	5	3	9	Detractor
NULL	3231	2025-10-31	4	4	5	Passive
NULL	3231	2026-01-31	6	NULL	4	Detractor
NULL	3231	2026-04-30	4	7	3	Detractor
NULL	3231	2026-07-31	5	7	4	Passive
NULL	3232	2024-01-31	2	6	2	Detractor
NULL	3232	2024-04-30	1	1	1	Detractor
NULL	3232	2024-07-31	1	3	1	Detractor
NULL	3232	2024-10-31	5	6	5	Detractor
NULL	3232	2025-04-30	1	7	4	Passive
NULL	3232	2025-07-31	3	4	4	Detractor
NULL	3232	2025-10-31	1	2	5	Promoter
NULL	3232	2026-01-31	3	1	1	Detractor
NULL	3232	2026-07-31	5	1	1	Detractor
NULL	3233	2024-04-30	8	8	2	Promoter
NULL	3233	2024-07-31	7	6	10	Passive
NULL	3233	2024-10-31	7	5	3	Passive
NULL	3233	2025-01-31	8	6	3	Passive
NULL	3233	2025-07-31	6	8	6	Detractor
NULL	3233	2025-10-31	6	4	4	Passive
NULL	3233	2026-01-31	6	7	NULL	Detractor
NULL	3234	2024-10-31	6	4	3	Detractor
NULL	3234	2025-01-31	6	5	5	Detractor
NULL	3234	2025-04-30	4	7	NULL	Passive
NULL	3234	2025-07-31	5	7	7	Promoter
NULL	3234	2025-10-31	4	7	8	Detractor
NULL	3234	2026-01-31	1	7	10	Passive
NULL	3234	2026-04-30	2	4	5	Passive
NULL	3234	2026-07-31	5	7	4	Promoter
NULL	3235	2024-10-31	5	8	4	Passive
NULL	3235	2025-04-30	6	5	1	Detractor
NULL	3235	2025-07-31	3	7	4	Detractor
NULL	3235	2025-10-31	2	3	9	Passive
NULL	3235	2026-01-31	1	10	3	Passive
NULL	3235	2026-04-30	4	6	5	Passive
NULL	3236	2026-01-31	6	6	1	Passive
NULL	3236	2026-04-30	4	5	1	Passive
NULL	3236	2026-07-31	5	5	6	Passive
NULL	3237	2025-07-31	10	9	8	Promoter
NULL	3237	2025-10-31	10	9	6	Promoter
NULL	3237	2026-01-31	8	8	10	Passive
NULL	3238	2024-10-31	4	3	5	Detractor
NULL	3238	2025-04-30	5	5	4	Passive
NULL	3238	2025-07-31	6	3	NULL	Detractor
NULL	3238	2025-10-31	2	1	7	Passive
NULL	3238	2026-01-31	5	5	2	Detractor
NULL	3238	2026-04-30	3	6	1	Passive
NULL	3238	2026-07-31	6	8	5	Detractor
NULL	3239	2026-01-31	5	7	5	Detractor
NULL	3239	2026-04-30	7	7	6	Passive
NULL	3239	2026-07-31	6	4	5	Promoter
NULL	3240	2024-01-31	6	5	6	Detractor
NULL	3240	2024-07-31	7	4	5	Detractor
NULL	3240	2024-10-31	6	5	7	Passive
NULL	3240	2025-04-30	4	4	1	Passive
NULL	3240	07/31/2025	5	6	6	Passive
NULL	3240	2025-10-31	5	3	2	Detractor
NULL	3240	2026-01-31	5	4	NULL	Detractor
NULL	3240	2026-07-31	7	5	1	Promoter
NULL	3241	2024-04-30	3	4	4	Passive
NULL	3241	2024-07-31	6	9	8	Detractor
NULL	3241	2024-10-31	9	9	2	Passive
NULL	3241	2025-01-31	9	4	10	Promoter
NULL	3241	2025-04-30	6	5	6	Passive
NULL	3241	2026-04-30	5	7	9	Detractor
NULL	3241	2026-07-31	4	6	4	Passive
NULL	3242	2026-04-30	8	7	10	Passive
NULL	3242	2026-07-31	10	7	10	Passive
NULL	3243	2024-07-31	9	6	4	Promoter
NULL	3243	2024-10-31	8	2	6	Promoter
NULL	3243	2025-01-31	5	6	8	Detractor
NULL	3243	2025-04-30	4	6	3	Passive
NULL	3243	2025-07-31	7	5	6	Promoter
NULL	3243	2026-01-31	6	3	7	Passive
NULL	3243	2026-04-30	6	7	2	Detractor
NULL	3245	2025-10-31	1	6	1	Passive
NULL	3245	2026-01-31	3	1	1	Passive
NULL	3245	2026-04-30	3	1	3	Detractor
NULL	3246	2025-04-30	4	4	NULL	Passive
NULL	3246	2025-07-31	8	5	2	Passive
NULL	3246	2025-10-31	3	5	4	Detractor
NULL	3246	2026-01-31	6	6	2	Passive
NULL	3246	2026-04-30	6	4	1	Detractor
NULL	3246	2026-07-31	5	5	8	Detractor
NULL	3247	2026-01-31	6	9	4	Detractor
NULL	3248	2024-01-31	7	4	7	Passive
NULL	3248	2024-07-31	8	5	4	Promoter
NULL	3248	2025-01-31	6	10	6	Passive
NULL	3248	2025-04-30	9	6	7	Passive
NULL	3248	2025-10-31	7	6	5	Passive
NULL	3248	2026-04-30	4	5	5	Passive
NULL	3248	2026-07-31	6	5	3	Detractor
NULL	3249	2024-10-31	5	5	4	Detractor
NULL	3249	2025-01-31	3	6	4	Detractor
NULL	3249	2025-04-30	6	4	5	Detractor
NULL	3249	2025-07-31	2	1	3	Passive
NULL	3249	2025-10-31	4	1	6	Detractor
NULL	3249	2026-04-30	4	6	2	Passive
NULL	3249	2026-07-31	5	9	8	Detractor
NULL	3250	2024-01-31	6	6	6	Detractor
NULL	3250	2024-04-30	7	8	7	Passive
NULL	3250	2025-01-31	4	7	2	Detractor
NULL	3250	2025-10-31	9	2	10	Passive
NULL	3250	2026-01-31	8	2	2	Promoter
NULL	3250	2026-07-31	8	4	5	Detractor
NULL	3251	2026-01-31	7	5	NULL	Promoter
NULL	3251	2026-04-30	8	5	8	Promoter
NULL	3251	2026-07-31	7	6	3	Promoter
NULL	3252	2025-10-31	5	9	6	Detractor
NULL	3252	2026-01-31	4	2	6	Detractor
NULL	3252	2026-04-30	4	6	7	Detractor
NULL	3252	07/31/2026	7	4	5	Passive
NULL	3253	2024-04-30	9	NULL	2	Promoter
NULL	3253	2024-07-31	5	9	6	Detractor
NULL	3253	2024-10-31	9	8	8	Promoter
NULL	3253	2025-04-30	5	5	5	Detractor
NULL	3253	2025-07-31	7	7	9	Promoter
NULL	3253	2026-01-31	4	9	4	Detractor
NULL	3253	2026-07-31	8	7	NULL	Passive
NULL	3254	2024-04-30	4	5	3	Promoter
NULL	3254	2024-10-31	5	8	6	Detractor
NULL	3254	2025-04-30	9	9	10	Promoter
NULL	3254	2025-07-31	6	NULL	7	Detractor
NULL	3254	2025-10-31	4	4	4	Detractor
NULL	3254	2026-01-31	8	3	6	Promoter
NULL	3254	2026-07-31	8	9	6	Passive
NULL	3255	2024-04-30	4	6	2	Detractor
NULL	3255	2024-07-31	3	3	5	Detractor
NULL	3255	2024-10-31	3	1	4	Detractor
NULL	3255	2025-01-31	4	4	3	Detractor
NULL	3255	2025-04-30	6	5	2	Promoter
NULL	3255	2025-10-31	6	1	7	Detractor
NULL	3255	2026-01-31	1	2	1	Passive
NULL	3255	2026-04-30	6	1	5	Detractor
NULL	3255	2026-07-31	5	2	3	Detractor
NULL	3256	01/31/2024	6	5	4	Passive
NULL	3256	2024-04-30	9	3	6	Promoter
NULL	3256	2025-01-31	6	7	3	Detractor
NULL	3256	2025-07-31	6	4	NULL	Promoter
NULL	3256	2025-10-31	4	4	6	Passive
NULL	3256	2026-01-31	6	3	10	Passive
NULL	3256	2026-04-30	6	7	5	Detractor
NULL	3257	2024-01-31	1	1	4	Detractor
NULL	3257	2024-04-30	1	1	1	Detractor
NULL	3257	2025-04-30	1	1	1	Detractor
NULL	3257	2025-07-31	1	1	5	Passive
NULL	3258	04/30/2025	1	1	3	Detractor
NULL	3258	2025-07-31	2	1	1	Detractor
NULL	3258	2026-04-30	4	2	1	Passive
NULL	3259	2025-04-30	5	3	7	Passive
NULL	3259	2025-07-31	3	NULL	6	Detractor
NULL	3259	2025-10-31	7	9	1	Passive
NULL	3259	2026-01-31	4	1	1	Promoter
NULL	3259	2026-04-30	2	6	7	Passive
NULL	3259	2026-07-31	2	3	5	Passive
NULL	3260	2025-01-31	6	6	4	Detractor
NULL	3260	04/30/2025	7	2	1	Detractor
NULL	3260	2025-07-31	6	2	5	Detractor
NULL	3260	2025-10-31	4	7	1	Promoter
NULL	3260	2026-01-31	6	2	2	Detractor
NULL	3260	2026-04-30	3	4	5	Detractor
NULL	3260	2026-07-31	8	5	3	Detractor
NULL	3261	2024-01-31	5	3	4	Detractor
NULL	3261	2024-10-31	4	3	9	Detractor
NULL	3261	2025-04-30	7	3	9	Passive
NULL	3261	2025-07-31	6	6	3	Detractor
NULL	3261	2025-10-31	3	6	4	Passive
NULL	3261	2026-01-31	5	3	1	Detractor
NULL	3261	2026-07-31	1	1	1	Passive
NULL	3262	2025-07-31	7	6	10	Passive
NULL	3262	2025-10-31	4	8	7	Passive
NULL	3262	2026-04-30	4	1	7	Passive
NULL	3262	2026-07-31	9	5	9	Promoter
NULL	3263	2025-10-31	4	4	5	Detractor
NULL	3263	2026-01-31	4	5	3	Detractor
NULL	3263	2026-04-30	7	6	6	Promoter
NULL	3263	2026-07-31	7	6	7	Detractor
NULL	3264	2025-07-31	7	2	1	Promoter
NULL	3264	2025-10-31	4	6	1	Detractor
NULL	3264	2026-07-31	7	4	10	Promoter
NULL	3265	2025-10-31	3	6	1	Detractor
NULL	3265	2026-01-31	4	6	2	Passive
NULL	3266	2024-01-31	9	NULL	10	Promoter
NULL	3266	2024-10-31	10	4	6	Promoter
NULL	3266	2025-01-31	8	6	5	Promoter
NULL	3266	2025-04-30	9	10	6	Promoter
NULL	3266	2025-07-31	10	4	9	Promoter
NULL	3266	2025-10-31	8	9	9	Promoter
NULL	3266	2026-01-31	10	5	8	Promoter
NULL	3266	2026-04-30	7	NULL	7	Passive
NULL	3267	2026-04-30	7	8	5	Passive
NULL	3267	2026-07-31	5	5	10	Detractor
NULL	3268	2024-10-31	8	10	5	Passive
NULL	3268	2026-01-31	9	7	4	Promoter
NULL	3268	2026-04-30	10	8	10	Passive
NULL	3268	2026-07-31	9	7	7	Promoter
NULL	3270	2024-01-31	4	6	3	Detractor
NULL	3270	2024-04-30	5	3	3	Detractor
NULL	3270	2024-07-31	6	2	5	Passive
NULL	3270	2024-10-31	5	2	NULL	Detractor
NULL	3270	2025-01-31	6	3	3	Passive
NULL	3270	2025-07-31	1	1	4	Detractor
NULL	3270	2026-01-31	2	6	3	Detractor
NULL	3272	2024-04-30	5	6	5	Passive
NULL	3272	2025-01-31	5	7	NULL	Detractor
NULL	3272	2025-04-30	8	6	1	Passive
NULL	3272	2025-07-31	6	6	1	Passive
NULL	3272	2025-10-31	5	NULL	7	Detractor
NULL	3272	2026-01-31	8	2	2	Detractor
NULL	3272	2026-04-30	9	9	9	Promoter
NULL	3273	2024-04-30	2	8	4	Detractor
NULL	3273	2024-07-31	6	2	6	Promoter
NULL	3273	2025-04-30	5	4	3	Detractor
NULL	3273	2025-07-31	2	2	1	Detractor
NULL	3273	2025-10-31	3	4	3	Detractor
NULL	3273	2026-01-31	4	2	1	Detractor
NULL	3273	2026-04-30	6	NULL	8	Detractor
NULL	3273	2026-07-31	6	3	2	Detractor
NULL	3274	2024-10-31	4	6	5	Detractor
NULL	3274	2025-01-31	7	8	8	Promoter
NULL	3274	2025-04-30	6	8	10	Detractor
NULL	3274	2025-07-31	6	5	6	Detractor
NULL	3274	2026-01-31	7	9	1	Passive
NULL	3274	2026-04-30	5	5	8	Detractor
NULL	3275	2026-01-31	5	5	2	Detractor
NULL	3275	2026-04-30	2	4	3	Detractor
NULL	3275	2026-07-31	3	6	8	Passive
NULL	3276	2024-01-31	6	8	2	Detractor
NULL	3276	2024-07-31	5	3	2	Detractor
NULL	3276	2024-10-31	7	6	2	Promoter
NULL	3276	2025-04-30	5	7	NULL	Detractor
NULL	3276	2025-07-31	6	3	8	Detractor
NULL	3276	2025-10-31	5	7	NULL	Promoter
NULL	3276	2026-01-31	5	8	5	Detractor
NULL	3276	2026-07-31	3	5	7	Passive
NULL	3279	2024-01-31	10	10	10	Promoter
NULL	3279	2024-04-30	10	10	8	Promoter
NULL	3279	2024-07-31	8	10	10	Promoter
NULL	3279	2024-10-31	10	10	10	Promoter
NULL	3279	2025-01-31	10	10	7	Passive
NULL	3279	2025-04-30	10	NULL	9	Promoter
NULL	3279	2025-07-31	10	7	10	Promoter
NULL	3279	2025-10-31	10	8	8	Promoter
NULL	3279	2026-01-31	10	8	8	Promoter
NULL	3279	2026-07-31	10	10	9	Promoter
NULL	3280	2024-01-31	3	1	NULL	Detractor
NULL	3280	2024-04-30	3	1	1	Detractor
NULL	3280	2024-10-31	2	3	1	Promoter
NULL	3280	2025-07-31	3	NULL	4	Detractor
NULL	3280	2025-10-31	1	1	1	Passive
NULL	3280	2026-04-30	1	NULL	1	Passive
NULL	3281	2024-01-31	8	10	10	Passive
NULL	3281	2024-07-31	9	7	7	Promoter
NULL	3281	2024-10-31	8	8	10	Passive
NULL	3281	2025-04-30	9	5	9	Promoter
NULL	3281	2025-10-31	7	8	10	Detractor
NULL	3281	2026-01-31	5	8	7	Passive
NULL	3281	2026-04-30	7	7	9	Promoter
NULL	3281	2026-07-31	8	7	8	Passive
NULL	3282	2026-01-31	9	9	9	Promoter
NULL	3282	2026-04-30	10	4	NULL	Promoter
NULL	3282	2026-07-31	8	7	5	Promoter
NULL	3284	2025-10-31	6	9	2	Passive
NULL	3284	2026-01-31	7	5	10	Promoter
NULL	3284	2026-07-31	8	6	5	Passive
NULL	3285	2024-01-31	10	7	8	Promoter
NULL	3285	2025-01-31	9	10	5	Promoter
NULL	3285	2025-04-30	10	6	8	Promoter
NULL	3285	2025-07-31	5	7	7	Detractor
NULL	3285	2026-01-31	8	6	10	Promoter
NULL	3286	2025-10-31	6	7	3	Detractor
NULL	3286	2026-01-31	5	1	6	Detractor
NULL	3286	2026-04-30	7	1	1	Promoter
NULL	3286	2026-07-31	7	8	4	Passive
NULL	3289	2024-07-31	6	5	2	Detractor
NULL	3289	2024-10-31	2	4	4	Detractor
NULL	3289	2025-01-31	7	4	5	Promoter
NULL	3289	2025-04-30	5	7	5	Passive
NULL	3289	2025-07-31	7	8	1	Detractor
NULL	3289	2025-10-31	3	2	5	Detractor
NULL	3291	2026-01-31	8	6	1	Passive
NULL	3291	2026-04-30	5	5	6	Passive
NULL	3291	2026-07-31	7	4	5	Promoter
NULL	3292	2024-04-30	8	7	NULL	Detractor
NULL	3292	2024-07-31	9	7	5	Promoter
NULL	3292	2024-10-31	7	6	8	Promoter
NULL	3292	2025-01-31	6	5	10	Promoter
NULL	3292	2025-07-31	9	4	9	Promoter
NULL	3292	2025-10-31	7	3	3	Passive
NULL	3292	2026-01-31	9	7	7	Promoter
NULL	3292	2026-04-30	10	8	6	Promoter
NULL	3292	2026-07-31	8	9	7	Detractor
NULL	3293	2024-10-31	7	10	10	Promoter
NULL	3293	2025-01-31	10	9	8	Promoter
NULL	3293	2025-04-30	8	9	5	Detractor
NULL	3293	2025-07-31	10	10	4	Promoter
NULL	3293	2026-01-31	10	10	8	Promoter
NULL	3294	2026-07-31	6	10	8	Detractor
NULL	3295	2024-07-31	10	6	5	Promoter
NULL	3295	2024-10-31	6	8	8	Passive
NULL	3295	2025-04-30	6	4	2	Detractor
NULL	3295	2025-07-31	5	7	4	Promoter
NULL	3295	2025-10-31	10	6	1	Promoter
NULL	3295	2026-01-31	7	7	6	Passive
NULL	3295	2026-04-30	9	8	2	Promoter
NULL	3295	2026-07-31	6	5	2	Detractor
NULL	3296	2024-01-31	3	7	1	Detractor
NULL	3296	2024-04-30	3	3	1	Detractor
NULL	3296	2024-07-31	1	1	8	Detractor
NULL	3296	2024-10-31	3	1	2	Detractor
NULL	3296	2025-04-30	4	8	2	Detractor
NULL	3296	2025-10-31	5	2	1	Detractor
NULL	3296	2026-04-30	4	1	5	Passive
NULL	3296	2026-07-31	6	1	4	Detractor
NULL	3297	2024-04-30	10	9	10	Promoter
NULL	3297	2024-10-31	8	5	9	Passive
NULL	3297	2025-01-31	10	9	8	Passive
NULL	3297	2025-04-30	9	9	10	Promoter
NULL	3297	2025-07-31	10	10	9	Passive
NULL	3297	2025-10-31	10	9	10	Promoter
NULL	3297	2026-01-31	10	9	10	Passive
NULL	3297	2026-04-30	10	7	9	Promoter
NULL	3298	2026-04-30	1	5	7	Detractor
NULL	3299	2024-10-31	2	1	6	Detractor
NULL	3299	2025-01-31	5	3	2	Detractor
NULL	3299	2025-07-31	5	5	3	Detractor
NULL	3299	2025-10-31	1	1	3	Passive
NULL	3299	2026-04-30	5	5	1	Detractor
NULL	3299	2026-07-31	3	1	1	Promoter
NULL	3300	2026-01-31	6	4	7	Detractor
NULL	3300	2026-07-31	4	3	8	Detractor
NULL	3301	2024-01-31	6	6	6	Detractor
NULL	3301	2024-04-30	8	10	9	Passive
NULL	3301	2024-07-31	5	8	3	Detractor
NULL	3301	2024-10-31	8	10	3	Passive
NULL	3301	2025-01-31	7	5	2	Passive
NULL	3301	2025-07-31	10	10	9	Detractor
NULL	3301	2025-10-31	9	8	5	Promoter
NULL	3301	2026-01-31	5	6	5	Detractor
NULL	3301	2026-04-30	9	10	10	Promoter
NULL	3301	2026-07-31	8	7	9	Passive
NULL	3302	2024-01-31	7	4	2	Detractor
NULL	3302	2025-04-30	9	5	2	Promoter
NULL	3302	2025-07-31	9	5	9	Promoter
NULL	3302	2026-04-30	7	5	5	Detractor
NULL	3303	2024-07-31	1	2	1	Detractor
NULL	3303	2025-01-31	3	1	1	Detractor
NULL	3303	2025-04-30	1	7	1	Promoter
NULL	3303	2025-07-31	1	2	1	Detractor
NULL	3303	2025-10-31	1	1	5	Passive
NULL	3306	2024-04-30	1	2	3	Detractor
NULL	3306	2024-07-31	1	1	5	Detractor
NULL	3306	2024-10-31	1	1	2	Promoter
NULL	3306	2025-01-31	4	2	1	Detractor
NULL	3306	2025-07-31	4	1	NULL	Passive
NULL	3306	2025-10-31	3	1	1	Detractor
NULL	3306	2026-01-31	1	1	3	Detractor
NULL	3307	2024-01-31	3	7	6	Detractor
NULL	3307	2024-04-30	7	4	9	Detractor
NULL	3307	2024-10-31	5	10	5	Detractor
NULL	3307	2025-04-30	10	5	7	Promoter
NULL	3307	2025-10-31	5	6	9	Detractor
NULL	3307	2026-01-31	6	8	NULL	Passive
NULL	3307	2026-07-31	7	5	6	Passive
NULL	3308	2024-07-31	9	8	7	Passive
NULL	3308	2024-10-31	8	7	1	Passive
NULL	3308	2025-01-31	6	9	8	Detractor
NULL	3308	2025-04-30	10	7	5	Promoter
NULL	3308	2025-07-31	8	8	7	Promoter
NULL	3308	2026-04-30	10	6	9	Promoter
NULL	3308	2026-07-31	10	7	7	Promoter
NULL	3309	2024-01-31	8	6	6	Passive
NULL	3309	2024-04-30	10	NULL	4	Promoter
NULL	3309	2024-10-31	9	3	6	Promoter
NULL	3309	2025-01-31	7	10	5	Passive
NULL	3310	2024-07-31	3	4	4	Promoter
NULL	3310	07/31/2025	7	4	7	Passive
NULL	3310	2025-10-31	10	10	5	Promoter
NULL	3310	2026-01-31	7	4	8	Promoter
NULL	3310	2026-04-30	10	10	10	Promoter
NULL	3310	2026-07-31	7	4	5	Passive
NULL	3311	2024-10-31	7	9	10	Promoter
NULL	3311	01/31/2025	6	3	7	Detractor
NULL	3311	2025-04-30	6	2	4	Detractor
NULL	3311	07/31/2025	3	5	6	Detractor
NULL	3311	2025-10-31	6	8	7	Detractor
NULL	3311	2026-04-30	5	4	6	Promoter
NULL	3312	2025-04-30	10	8	10	Promoter
NULL	3312	2025-07-31	8	6	2	Passive
NULL	3312	2025-10-31	6	10	7	Promoter
NULL	3312	2026-01-31	7	5	8	Passive
NULL	3313	2025-10-31	3	6	6	Passive
NULL	3313	2026-04-30	7	2	3	Promoter
NULL	3313	2026-07-31	4	4	5	Detractor
NULL	3314	2024-01-31	10	10	9	Promoter
NULL	3314	2024-04-30	9	7	8	Promoter
NULL	3314	2024-10-31	9	8	8	Promoter
NULL	3314	2025-01-31	8	3	10	Promoter
NULL	3314	2025-04-30	7	7	10	Passive
NULL	3314	2025-07-31	5	5	6	Detractor
NULL	3314	2025-10-31	6	9	6	Detractor
NULL	3314	2026-01-31	8	NULL	10	Passive
NULL	3314	2026-04-30	8	10	5	Promoter
NULL	3314	2026-07-31	9	10	4	Passive
NULL	3315	2024-10-31	6	5	7	Detractor
NULL	3315	2025-07-31	7	7	9	Passive
NULL	3315	2026-01-31	4	4	4	Detractor
NULL	3315	2026-04-30	9	10	3	Promoter
NULL	3315	2026-07-31	6	5	4	Promoter
NULL	3316	2024-01-31	10	5	9	Passive
NULL	3316	2024-04-30	5	5	5	Passive
NULL	3316	2024-07-31	7	NULL	6	Promoter
NULL	3316	2024-10-31	5	7	1	Detractor
NULL	3316	2025-01-31	8	6	7	Detractor
NULL	3316	2025-04-30	9	7	3	Promoter
NULL	3316	2025-07-31	6	7	5	Passive
NULL	3316	2025-10-31	8	8	6	Passive
NULL	3316	2026-01-31	9	4	8	Promoter
NULL	3316	2026-04-30	5	6	10	Passive
NULL	3316	2026-07-31	6	2	3	Detractor
NULL	3317	2024-01-31	8	9	5	Passive
NULL	3317	2024-07-31	8	5	8	Passive
NULL	3317	2024-10-31	10	9	10	Promoter
NULL	3317	2025-01-31	7	8	7	Detractor
NULL	3317	2025-04-30	8	10	5	Detractor
NULL	3317	2025-07-31	9	10	6	Promoter
NULL	3317	2025-10-31	5	8	10	Passive
NULL	3317	2026-01-31	7	7	5	Passive
NULL	3318	2024-04-30	8	4	5	Passive
NULL	3318	2024-07-31	10	8	7	Promoter
NULL	3318	2024-10-31	7	5	1	Promoter
NULL	3318	2025-01-31	8	3	7	Promoter
NULL	3318	2025-04-30	3	6	6	Detractor
NULL	3318	2025-07-31	6	8	3	Detractor
NULL	3318	2025-10-31	4	3	3	Detractor
NULL	3318	2026-01-31	5	7	5	Detractor
NULL	3318	2026-04-30	3	3	5	Detractor
NULL	3318	2026-07-31	5	1	2	Detractor
NULL	3319	2026-07-31	4	3	2	Detractor
NULL	3320	2025-07-31	4	8	NULL	Passive
NULL	3320	2025-10-31	6	4	7	Detractor
NULL	3320	2026-04-30	9	5	3	Promoter
NULL	3320	2026-07-31	6	3	2	Detractor
NULL	3321	2024-07-31	8	5	3	Passive
NULL	3321	2024-10-31	6	5	9	Detractor
NULL	3321	2025-07-31	4	2	3	Passive
NULL	3321	2025-10-31	5	6	4	Detractor
NULL	3321	2026-01-31	9	6	5	Promoter
NULL	3321	2026-04-30	5	4	8	Promoter
NULL	3321	2026-07-31	4	8	NULL	Promoter
NULL	3322	2025-10-31	10	7	6	Promoter
NULL	3322	2026-01-31	5	8	6	Passive
NULL	3322	2026-04-30	7	6	7	Detractor
NULL	3322	2026-07-31	5	6	8	Detractor
NULL	3323	2026-07-31	9	5	8	Promoter
NULL	3324	04/30/2025	5	9	8	Detractor
NULL	3324	2025-07-31	9	2	8	Detractor
NULL	3324	2025-10-31	7	8	6	Promoter
NULL	3324	2026-01-31	10	7	3	Promoter
NULL	3324	2026-07-31	9	2	9	Promoter
NULL	3325	2024-01-31	6	NULL	2	Detractor
NULL	3325	2024-07-31	8	8	7	Promoter
NULL	3325	2025-10-31	8	6	5	Promoter
NULL	3325	2026-07-31	7	4	5	Promoter
NULL	3326	2024-04-30	5	6	8	Detractor
NULL	3326	2024-07-31	8	8	1	Promoter
NULL	3326	2024-10-31	3	10	6	Detractor
NULL	3326	2025-01-31	10	5	3	Promoter
NULL	3326	2025-07-31	7	5	5	Promoter
NULL	3326	2025-10-31	8	1	8	Passive
NULL	3326	2026-04-30	7	4	2	Promoter
NULL	3327	2024-04-30	10	8	4	Promoter
NULL	3327	2024-07-31	10	9	8	Promoter
NULL	3327	2024-10-31	9	10	9	Promoter
NULL	3327	2025-01-31	6	8	4	Detractor
NULL	3327	2025-07-31	10	NULL	9	Promoter
NULL	3327	2025-10-31	10	8	7	Passive
NULL	3327	2026-01-31	10	7	10	Promoter
NULL	3327	2026-04-30	8	7	7	Passive
NULL	3327	07/31/2026	4	7	NULL	Detractor
NULL	3329	2025-01-31	5	5	6	Detractor
NULL	3329	2025-04-30	10	7	1	Promoter
NULL	3329	2025-07-31	8	6	2	Passive
NULL	3329	10/31/2025	7	6	6	Promoter
NULL	3329	2026-01-31	6	4	4	Detractor
NULL	3329	2026-04-30	5	NULL	5	Detractor
NULL	3329	2026-07-31	3	6	8	Detractor
NULL	3330	10/31/2024	6	10	4	Detractor
NULL	3330	2025-01-31	9	4	6	Passive
NULL	3330	2025-04-30	9	3	2	Promoter
NULL	3330	2025-07-31	8	9	5	Passive
NULL	3330	2025-10-31	8	8	4	Promoter
NULL	3330	2026-01-31	5	10	8	Detractor
NULL	3330	2026-04-30	8	7	6	Promoter
NULL	3331	2024-01-31	6	6	7	Passive
NULL	3331	2024-04-30	6	7	7	Detractor
NULL	3331	2024-07-31	7	5	5	Promoter
NULL	3331	2025-04-30	8	4	4	Passive
NULL	3331	2025-07-31	5	4	7	Passive
NULL	3331	2026-01-31	6	4	7	Detractor
NULL	3331	2026-04-30	5	10	5	Detractor
NULL	3332	2024-01-31	7	4	9	Detractor
NULL	3332	2024-04-30	9	4	8	Promoter
NULL	3332	2024-10-31	8	6	4	Detractor
NULL	3332	2025-01-31	5	7	10	Passive
NULL	3332	2025-07-31	6	7	10	Detractor
NULL	3332	2025-10-31	6	9	5	Detractor
NULL	3332	2026-01-31	10	5	7	Passive
NULL	3332	2026-04-30	6	2	3	Detractor
NULL	3333	2024-01-31	9	9	10	Promoter
NULL	3333	2024-04-30	10	10	9	Passive
NULL	3333	2025-07-31	8	7	7	Passive
NULL	3333	2026-01-31	8	9	5	Detractor
NULL	3333	2026-04-30	9	7	10	Promoter
NULL	3334	2024-01-31	5	4	7	Detractor
NULL	3334	2024-04-30	5	1	6	Detractor
NULL	3334	2024-07-31	6	5	5	Passive
NULL	3334	2025-01-31	8	6	6	Passive
NULL	3334	2025-07-31	8	3	5	Passive
NULL	3334	2026-07-31	5	1	1	Detractor
NULL	3335	2024-01-31	2	4	1	Detractor
NULL	3335	2024-07-31	4	5	5	Promoter
NULL	3335	2024-10-31	2	7	2	Detractor
NULL	3335	2025-04-30	1	1	1	Detractor
NULL	3335	2025-07-31	2	1	4	Detractor
NULL	3335	2025-10-31	6	1	1	Detractor
NULL	3335	2026-04-30	3	1	2	Detractor
NULL	3335	2026-07-31	2	1	1	Passive
NULL	3336	2025-04-30	9	6	6	Promoter
NULL	3336	2025-07-31	8	5	10	Promoter
NULL	3336	2025-10-31	9	6	4	Promoter
NULL	3336	2026-07-31	10	7	5	Promoter
NULL	3337	2026-01-31	4	6	6	Detractor
NULL	3337	2026-04-30	8	7	4	Promoter
NULL	3338	2025-07-31	6	8	8	Detractor
NULL	3338	01/31/2026	6	6	7	Detractor
NULL	3338	2026-04-30	8	10	8	Promoter
NULL	3338	2026-07-31	7	6	7	Promoter
NULL	3339	2024-07-31	6	8	10	Detractor
NULL	3339	2025-01-31	10	10	10	Promoter
NULL	3339	2025-04-30	10	9	7	Promoter
NULL	3339	2025-07-31	10	10	5	Passive
NULL	3339	2026-01-31	10	9	10	Promoter
NULL	3339	2026-04-30	8	7	10	Detractor
NULL	3339	2026-07-31	10	10	10	Promoter
NULL	3341	2024-01-31	9	10	10	Promoter
NULL	3341	2024-04-30	10	10	10	Promoter
NULL	3341	2024-07-31	10	7	7	Promoter
NULL	3341	2024-10-31	9	7	10	Promoter
NULL	3341	2025-01-31	7	9	NULL	Passive
NULL	3341	2025-04-30	10	10	10	Promoter
NULL	3341	2025-10-31	7	6	5	Detractor
NULL	3341	2026-01-31	10	10	10	Promoter
NULL	3341	2026-07-31	10	8	6	Promoter
NULL	3342	2025-04-30	3	6	2	Detractor
NULL	3342	2025-07-31	6	1	3	Detractor
NULL	3342	2026-01-31	5	4	7	Detractor
NULL	3342	2026-07-31	3	8	9	Passive
NULL	3343	2024-04-30	6	5	8	Passive
NULL	3343	2024-07-31	6	4	7	Detractor
NULL	3343	2025-01-31	9	7	5	Promoter
NULL	3343	2025-07-31	5	6	4	Detractor
NULL	3343	2026-01-31	4	4	7	Detractor
NULL	3344	2026-04-30	6	10	6	Detractor
NULL	3344	2026-07-31	3	4	4	Detractor
NULL	3345	2024-01-31	3	3	5	Detractor
NULL	3345	2024-04-30	10	1	9	Passive
NULL	3345	2024-07-31	6	NULL	4	Passive
NULL	3345	2025-01-31	3	4	5	Passive
NULL	3345	2025-04-30	6	5	2	Detractor
NULL	3345	2025-07-31	5	7	7	Passive
NULL	3346	2026-07-31	4	4	5	Detractor
NULL	3347	2026-07-31	8	6	9	Promoter
NULL	3348	2025-07-31	7	9	5	Passive
NULL	3348	2026-01-31	5	7	3	Detractor
NULL	3348	2026-04-30	6	9	7	Detractor
NULL	3348	2026-07-31	4	3	8	Detractor
NULL	3349	2024-07-31	1	1	2	Detractor
NULL	3349	2025-01-31	4	4	3	Detractor
NULL	3349	2025-04-30	8	6	3	Promoter
NULL	3349	2025-07-31	2	4	1	Detractor
NULL	3350	2025-07-31	5	6	6	Detractor
NULL	3350	2026-04-30	5	3	1	Detractor
NULL	3350	2026-07-31	7	3	4	Promoter
NULL	3351	2024-01-31	9	10	4	Promoter
NULL	3351	2024-04-30	10	7	9	Promoter
NULL	3351	2024-10-31	8	10	8	Promoter
NULL	3351	2025-01-31	8	8	7	Promoter
NULL	3351	2025-04-30	10	5	1	Promoter
NULL	3351	2025-07-31	9	9	10	Promoter
NULL	3351	2026-01-31	10	5	6	Promoter
NULL	3351	2026-04-30	9	10	8	Promoter
NULL	3352	2024-10-31	5	8	NULL	Passive
NULL	3352	2025-01-31	8	5	5	Passive
NULL	3352	2025-07-31	6	NULL	6	Detractor
NULL	3352	2025-10-31	7	7	6	Passive
NULL	3352	2026-04-30	10	5	5	Promoter
NULL	3352	2026-07-31	8	9	10	Promoter
NULL	3353	2024-01-31	8	10	8	Passive
NULL	3353	2024-10-31	7	10	7	Passive
NULL	3353	2025-04-30	10	2	8	Promoter
NULL	3353	2025-07-31	9	6	8	Promoter
NULL	3353	2026-01-31	4	7	10	Passive
NULL	3353	2026-04-30	8	8	5	Detractor
NULL	3353	2026-07-31	9	9	5	Promoter
NULL	3354	2024-01-31	7	1	10	Passive
NULL	3354	2024-04-30	7	3	1	Promoter
NULL	3354	2024-07-31	10	7	3	Promoter
NULL	3354	2024-10-31	10	5	9	Promoter
NULL	3354	2025-01-31	8	9	4	Promoter
NULL	3354	2025-04-30	9	8	8	Promoter
NULL	3354	2025-07-31	9	7	7	Promoter
NULL	3354	2025-10-31	8	10	4	Passive
NULL	3354	2026-01-31	6	7	NULL	Promoter
NULL	3354	2026-04-30	6	8	4	Detractor
NULL	3354	2026-07-31	7	NULL	8	Passive
NULL	3355	2024-04-30	6	10	4	Detractor
NULL	3355	2024-07-31	10	9	10	Promoter
NULL	3355	2024-10-31	7	8	5	Promoter
NULL	3355	2025-01-31	4	7	6	Passive
NULL	3355	2025-04-30	9	10	3	Promoter
NULL	3355	2025-10-31	5	4	4	Passive
NULL	3355	2026-01-31	5	9	3	Passive
NULL	3355	2026-04-30	7	7	5	Promoter
NULL	3355	2026-07-31	8	7	7	Passive
NULL	3356	2024-04-30	7	5	6	Passive
NULL	3356	2025-01-31	9	7	4	Passive
NULL	3356	2025-04-30	7	8	8	Promoter
NULL	3356	2025-07-31	7	7	5	Passive
NULL	3356	2025-10-31	9	9	6	Promoter
NULL	3356	2026-01-31	7	6	2	Detractor
NULL	3356	2026-04-30	5	7	3	Detractor
NULL	3356	2026-07-31	10	4	5	Promoter
NULL	3357	2024-01-31	5	7	1	Passive
NULL	3357	2024-04-30	9	1	1	Promoter
NULL	3357	2024-07-31	3	4	4	Detractor
NULL	3357	2025-01-31	2	1	4	Promoter
NULL	3357	2025-04-30	4	4	2	Detractor
NULL	3357	2025-07-31	5	7	4	Detractor
NULL	3357	2025-10-31	2	1	5	Detractor
NULL	3357	2026-04-30	5	4	5	Detractor
NULL	3357	2026-07-31	1	5	2	Detractor
NULL	3358	2025-07-31	4	9	10	Detractor
NULL	3358	2026-01-31	8	NULL	4	Detractor
NULL	3358	2026-04-30	9	9	5	Promoter
NULL	3358	2026-07-31	9	6	NULL	Promoter
NULL	3359	2026-04-30	8	5	6	Promoter
NULL	3360	2024-01-31	9	5	7	Promoter
NULL	3360	2024-04-30	7	5	2	Passive
NULL	3360	2024-07-31	8	5	7	Passive
NULL	3361	2024-01-31	1	8	5	Passive
NULL	3361	2024-04-30	4	3	1	Detractor
NULL	3361	2024-07-31	7	2	6	Passive
NULL	3361	2024-10-31	4	3	8	Detractor
NULL	3361	2025-01-31	4	1	5	Detractor
NULL	3361	2025-07-31	2	1	1	Detractor
NULL	3361	2025-10-31	6	1	1	Detractor
NULL	3361	01/31/2026	6	5	3	Passive
NULL	3361	2026-04-30	1	5	5	Detractor
NULL	3362	2024-01-31	7	10	5	Passive
NULL	3362	2024-04-30	1	4	4	Detractor
NULL	3362	2024-07-31	5	1	7	Passive
NULL	3362	2024-10-31	5	7	5	Detractor
NULL	3362	2025-01-31	6	2	2	Passive
NULL	3362	2025-04-30	5	9	6	Passive
NULL	3362	2025-07-31	3	4	9	Detractor
NULL	3362	2026-01-31	6	4	5	Detractor
NULL	3362	2026-04-30	7	6	6	Passive
NULL	3362	2026-07-31	6	5	3	Passive
NULL	3364	2026-07-31	7	5	4	Passive
NULL	3365	2025-10-31	10	8	6	Promoter
NULL	3365	2026-01-31	8	7	7	Passive
NULL	3365	2026-04-30	4	8	9	Passive
NULL	3365	2026-07-31	4	5	8	Detractor
NULL	3366	2025-07-31	6	10	7	Passive
NULL	3366	2026-01-31	7	5	10	Passive
NULL	3367	2024-07-31	2	NULL	4	Detractor
NULL	3367	2024-10-31	5	4	1	Detractor
NULL	3367	2025-04-30	7	5	1	Passive
NULL	3367	2025-07-31	5	6	1	Detractor
NULL	3367	2026-01-31	6	5	4	Detractor
NULL	3367	2026-04-30	4	5	1	Detractor
NULL	3367	2026-07-31	6	5	3	Detractor
NULL	3368	01/31/2024	4	9	10	Passive
NULL	3368	2024-07-31	6	8	10	Detractor
NULL	3368	2024-10-31	4	6	5	Detractor
NULL	3368	2025-01-31	7	9	10	Passive
NULL	3368	2025-04-30	6	8	3	Detractor
NULL	3368	2025-07-31	7	7	6	Passive
NULL	3368	2025-10-31	6	6	4	Detractor
NULL	3368	2026-04-30	8	5	6	Passive
NULL	3368	2026-07-31	7	10	6	Detractor
NULL	3369	2024-01-31	5	7	3	Passive
NULL	3369	2024-04-30	2	6	7	Detractor
NULL	3369	2024-07-31	2	4	1	Detractor
NULL	3369	2024-10-31	3	6	4	Passive
NULL	3369	2025-01-31	8	1	6	Detractor
NULL	3369	2025-04-30	5	2	2	Promoter
NULL	3369	2025-10-31	5	4	1	Detractor
NULL	3369	2026-01-31	9	1	3	Promoter
NULL	3369	2026-04-30	6	1	3	Detractor
NULL	3369	2026-07-31	4	4	NULL	Detractor
NULL	3370	2024-01-31	10	10	10	Promoter
NULL	3370	2024-07-31	8	8	10	Promoter
NULL	3370	2025-01-31	10	10	10	Promoter
NULL	3370	2025-10-31	9	8	7	Promoter
NULL	3370	2026-04-30	10	7	9	Promoter
NULL	3370	2026-07-31	8	10	6	Promoter
NULL	3371	2024-01-31	6	NULL	NULL	Passive
NULL	3371	2024-04-30	7	4	5	Promoter
NULL	3371	2024-10-31	7	9	NULL	Detractor
NULL	3371	2025-01-31	6	5	9	Detractor
NULL	3371	2025-04-30	9	9	9	Promoter
NULL	3371	2025-07-31	8	4	10	Promoter
NULL	3371	2025-10-31	8	8	10	Detractor
NULL	3371	2026-04-30	9	8	4	Promoter
NULL	3371	2026-07-31	8	6	6	Promoter
NULL	3372	04/30/2026	4	6	4	Passive
NULL	3373	2024-07-31	4	1	4	Detractor
NULL	3373	2024-10-31	5	6	8	Detractor
NULL	3373	2025-01-31	6	6	3	Detractor
NULL	3373	2025-04-30	3	2	5	Detractor
NULL	3373	07/31/2025	4	5	3	Detractor
NULL	3373	2025-10-31	7	7	2	Promoter
NULL	3373	2026-01-31	6	8	1	Passive
NULL	3374	01/31/2025	8	4	1	Passive
NULL	3374	2025-04-30	8	7	2	Passive
NULL	3374	2025-07-31	6	7	5	Passive
NULL	3374	2025-10-31	8	4	5	Passive
NULL	3374	2026-01-31	7	6	10	Passive
NULL	3374	2026-04-30	4	7	8	Detractor
NULL	3374	2026-07-31	6	7	6	Detractor
NULL	3375	2024-07-31	6	1	5	Detractor
NULL	3375	2025-01-31	4	3	3	Detractor
NULL	3375	2025-04-30	4	1	7	Passive
NULL	3375	2025-07-31	4	9	5	Detractor
NULL	3375	2025-10-31	5	8	2	Detractor
NULL	3375	2026-01-31	6	6	5	Detractor
NULL	3375	2026-07-31	2	1	5	Promoter
NULL	3376	2024-01-31	10	5	6	Promoter
NULL	3376	2024-04-30	4	4	7	Detractor
NULL	3376	2024-10-31	8	NULL	4	Promoter
NULL	3376	2025-01-31	9	4	10	Promoter
NULL	3376	2025-04-30	6	9	NULL	Passive
NULL	3376	2025-07-31	6	9	10	Detractor
NULL	3376	2025-10-31	8	7	9	Passive
NULL	3376	2026-01-31	8	10	7	Detractor
NULL	3376	2026-04-30	8	7	6	Passive
NULL	3378	2025-07-31	8	4	3	Passive
NULL	3378	2026-01-31	6	4	NULL	Detractor
NULL	3378	2026-04-30	5	7	5	Detractor
NULL	3379	2024-04-30	10	3	10	Promoter
NULL	3379	2024-07-31	5	6	6	Detractor
NULL	3379	2025-01-31	6	5	10	Detractor
NULL	3379	2025-07-31	7	8	2	Passive
NULL	3379	2025-10-31	10	7	6	Promoter
NULL	3379	2026-01-31	10	8	6	Promoter
NULL	3379	2026-04-30	9	6	10	Promoter
NULL	3379	2026-07-31	6	7	7	Detractor
NULL	3380	2025-01-31	8	4	2	Promoter
NULL	3380	2025-07-31	8	4	5	Passive
NULL	3380	2026-01-31	7	9	10	Promoter
NULL	3380	2026-04-30	8	7	5	Passive
NULL	3380	2026-07-31	8	4	5	Passive
NULL	3381	2024-07-31	9	10	3	Promoter
NULL	3381	2025-01-31	6	5	NULL	Promoter
NULL	3381	2025-04-30	7	10	5	Passive
NULL	3381	2025-07-31	10	8	6	Promoter
NULL	3381	2025-10-31	10	10	10	Detractor
NULL	3381	2026-01-31	5	7	8	Passive
NULL	3381	2026-04-30	10	6	5	Promoter
NULL	3381	2026-07-31	10	9	3	Passive
NULL	3382	2026-04-30	7	6	2	Detractor
NULL	3382	2026-07-31	7	6	4	Detractor
NULL	3383	2024-01-31	7	3	3	Promoter
NULL	3383	2024-04-30	7	7	2	Passive
NULL	3383	2024-07-31	7	7	5	Promoter
NULL	3383	2025-01-31	5	7	6	Passive
NULL	3383	2025-04-30	10	5	6	Promoter
NULL	3383	2025-07-31	5	8	7	Detractor
NULL	3383	2025-10-31	7	6	7	Passive
NULL	3383	2026-01-31	7	4	4	Detractor
NULL	3383	2026-04-30	7	3	6	Passive
NULL	3384	2024-10-31	7	4	6	Passive
NULL	3384	2025-07-31	6	4	3	Passive
NULL	3384	2025-10-31	6	4	6	Passive
NULL	3384	2026-01-31	4	4	4	Passive
NULL	3384	2026-04-30	3	6	2	Detractor
NULL	3384	2026-07-31	4	3	2	Detractor
NULL	3385	2025-01-31	7	10	4	Promoter
NULL	3385	2025-07-31	8	7	NULL	Promoter
NULL	3385	2026-01-31	10	NULL	8	Promoter
NULL	3385	2026-07-31	9	7	4	Detractor
NULL	3386	2024-04-30	7	NULL	9	Promoter
NULL	3386	2024-10-31	9	10	3	Promoter
NULL	3386	2025-04-30	10	NULL	9	Promoter
NULL	3386	2025-07-31	6	5	10	Detractor
NULL	3386	2026-07-31	7	6	5	Passive
NULL	3388	2024-01-31	5	9	5	Passive
NULL	3388	2024-04-30	7	4	4	Promoter
NULL	3388	2024-07-31	5	3	2	Detractor
NULL	3388	2024-10-31	6	4	1	Detractor
NULL	3388	2025-07-31	7	2	6	Passive
NULL	3388	2025-10-31	8	8	6	Passive
NULL	3388	2026-01-31	6	7	3	Detractor
NULL	3389	2024-01-31	10	9	9	Promoter
NULL	3389	2024-04-30	8	NULL	10	Passive
NULL	3389	2024-07-31	7	8	9	Promoter
NULL	3389	2025-01-31	8	10	10	Passive
NULL	3389	2025-04-30	6	10	9	Passive
NULL	3389	2025-07-31	6	10	5	Detractor
NULL	3389	2025-10-31	7	7	7	Promoter
NULL	3389	2026-01-31	10	10	6	Detractor
NULL	3389	2026-04-30	10	8	9	Promoter
NULL	3389	2026-07-31	10	8	5	Promoter
NULL	3390	2024-01-31	7	5	6	Promoter
NULL	3390	2025-01-31	10	8	10	Promoter
NULL	3390	2025-07-31	9	8	7	Promoter
NULL	3390	2025-10-31	5	8	4	Passive
NULL	3390	2026-01-31	9	6	9	Promoter
NULL	3391	2026-04-30	3	6	3	Detractor
NULL	3391	2026-07-31	6	9	1	Detractor
NULL	3392	2024-01-31	8	4	1	Promoter
NULL	3392	2024-04-30	4	1	NULL	Detractor
NULL	3392	2024-10-31	8	5	9	Passive
NULL	3392	01/31/2025	8	3	3	Promoter
NULL	3392	2025-04-30	6	6	4	Passive
NULL	3392	2025-07-31	9	7	9	Passive
NULL	3392	2025-10-31	6	5	4	Detractor
NULL	3392	2026-01-31	7	3	9	Passive
NULL	3392	2026-04-30	5	4	3	Detractor
NULL	3393	2026-01-31	7	4	6	Passive
NULL	3393	2026-04-30	4	NULL	5	Passive
NULL	3394	2024-01-31	4	4	8	Detractor
NULL	3394	2024-10-31	4	5	1	Detractor
NULL	3394	2025-01-31	5	3	3	Detractor
NULL	3394	2025-04-30	5	5	4	Passive
NULL	3394	2025-07-31	4	5	3	Promoter
NULL	3394	2025-10-31	6	8	5	Detractor
NULL	3394	2026-01-31	6	5	4	Detractor
NULL	3394	2026-04-30	2	1	6	Detractor
NULL	3394	2026-07-31	7	6	3	Detractor
NULL	3395	2025-04-30	5	3	4	Detractor
NULL	3395	2025-07-31	2	5	3	Detractor
NULL	3395	2026-01-31	5	1	3	Passive
NULL	3395	2026-07-31	6	5	6	Passive
NULL	3396	2026-04-30	1	1	2	Detractor
NULL	3396	2026-07-31	1	6	4	Detractor
NULL	3397	2025-10-31	8	5	7	Promoter
NULL	3397	2026-01-31	9	3	4	Promoter
NULL	3397	2026-04-30	6	6	2	Detractor
NULL	3397	07/31/2026	7	8	7	Promoter
NULL	3398	2025-07-31	4	1	1	Passive
NULL	3399	07/31/2024	8	7	5	Passive
NULL	3399	2024-10-31	1	4	5	Passive
NULL	3399	2025-01-31	7	9	4	Promoter
NULL	3399	2025-04-30	6	9	9	Detractor
NULL	3399	2025-07-31	6	6	3	Passive
NULL	3399	2025-10-31	4	6	1	Detractor
NULL	3399	2026-01-31	9	3	4	Promoter
NULL	3399	2026-04-30	5	7	10	Detractor
NULL	3399	2026-07-31	9	3	6	Promoter
NULL	3400	2024-01-31	10	5	6	Passive
NULL	3400	2024-10-31	7	3	7	Promoter
NULL	3400	2025-01-31	8	9	8	Passive
NULL	3400	2025-10-31	4	NULL	NULL	Detractor
NULL	3400	2026-01-31	6	5	4	Detractor
NULL	3400	2026-07-31	8	5	7	Passive
NULL	3401	2024-01-31	3	5	1	Detractor
NULL	3401	2024-04-30	3	2	4	Promoter
NULL	3401	2024-07-31	4	1	1	Detractor
NULL	3401	2024-10-31	3	1	NULL	Passive
NULL	3401	2025-01-31	1	1	1	Passive
NULL	3401	2025-04-30	2	1	2	Passive
NULL	3401	2026-01-31	1	1	4	Detractor
NULL	3401	2026-04-30	4	2	2	Detractor
NULL	3401	2026-07-31	2	1	3	Detractor
NULL	3402	2026-07-31	8	4	7	Promoter
NULL	3403	01/31/2024	10	5	8	Promoter
NULL	3403	2024-04-30	10	4	7	Promoter
NULL	3403	2024-07-31	7	8	7	Passive
NULL	3403	2024-10-31	9	2	7	Promoter
NULL	3403	2025-01-31	6	7	7	Detractor
NULL	3403	04/30/2025	5	5	1	Detractor
NULL	3403	2025-07-31	9	8	5	Passive
NULL	3403	2025-10-31	7	9	5	Passive
NULL	3403	2026-04-30	7	8	7	Promoter
NULL	3404	2026-07-31	4	10	4	Detractor
NULL	3405	2024-10-31	7	3	3	Promoter
NULL	3405	2025-01-31	4	5	5	Detractor
NULL	3405	2025-04-30	3	3	3	Passive
NULL	3405	2026-04-30	5	3	7	Detractor
NULL	3405	2026-07-31	6	6	8	Detractor
NULL	3406	2026-01-31	6	6	2	Detractor
NULL	3406	2026-07-31	9	4	1	Promoter
NULL	3407	2024-01-31	4	3	6	Passive
NULL	3407	2024-04-30	1	2	6	Detractor
NULL	3407	2024-07-31	2	3	7	Detractor
NULL	3407	2025-04-30	4	3	7	Detractor
NULL	3407	2025-07-31	6	1	3	Detractor
NULL	3407	2025-10-31	1	4	6	Detractor
NULL	3407	2026-01-31	3	4	7	Detractor
NULL	3407	2026-04-30	4	3	5	Passive
NULL	3408	2024-10-31	7	7	6	Promoter
NULL	3408	2025-01-31	8	4	8	Passive
NULL	3408	2026-04-30	10	9	6	Promoter
NULL	3408	2026-07-31	5	10	2	Detractor
NULL	3409	2024-04-30	7	6	5	Promoter
NULL	3409	2024-07-31	5	9	4	Detractor
NULL	3409	2025-01-31	4	5	4	Passive
NULL	3409	2025-04-30	7	5	6	Passive
NULL	3409	2025-10-31	4	6	7	Detractor
NULL	3409	2026-01-31	5	6	3	Detractor
NULL	3409	2026-07-31	7	6	7	Promoter
NULL	3411	2026-07-31	6	7	6	Passive
NULL	3412	2024-04-30	6	4	6	Detractor
NULL	3412	2024-07-31	3	6	6	Passive
NULL	3412	2024-10-31	5	8	7	Detractor
NULL	3412	2025-01-31	7	2	5	Detractor
NULL	3412	2025-07-31	6	3	5	Detractor
NULL	3412	2026-04-30	5	3	2	Detractor
NULL	3412	07/31/2026	8	5	3	Passive
NULL	3413	2024-07-31	5	3	6	Passive
NULL	3413	2024-10-31	9	6	3	Passive
NULL	3413	2025-01-31	5	5	7	Detractor
NULL	3413	2025-10-31	4	9	7	Detractor
NULL	3413	2026-01-31	7	2	5	Passive
NULL	3413	2026-04-30	6	7	5	Detractor
NULL	3413	2026-07-31	4	3	1	Detractor
NULL	3414	2024-07-31	1	5	3	Detractor
NULL	3414	2024-10-31	1	1	2	Detractor
NULL	3414	2025-01-31	4	5	2	Promoter
NULL	3414	2025-07-31	2	4	1	Detractor
NULL	3414	2025-10-31	4	1	3	Detractor
NULL	3415	2024-01-31	2	NULL	NULL	Passive
NULL	3415	2024-04-30	2	1	2	Detractor
NULL	3415	2024-07-31	1	1	4	Passive
NULL	3415	2024-10-31	4	3	2	Detractor
NULL	3415	2025-01-31	1	2	4	Detractor
NULL	3415	2025-04-30	3	1	2	Detractor
NULL	3415	2025-07-31	1	5	1	Detractor
NULL	3415	2026-01-31	2	1	5	Detractor
NULL	3415	2026-04-30	4	3	2	Detractor
NULL	3415	2026-07-31	1	2	1	Detractor
NULL	3416	2024-01-31	3	4	2	Detractor
NULL	3416	2024-04-30	3	2	4	Detractor
NULL	3417	2026-01-31	4	9	1	Detractor
NULL	3417	2026-04-30	5	7	2	Passive
NULL	3417	2026-07-31	9	6	6	Passive
NULL	3418	2026-04-30	7	7	4	Passive
NULL	3419	2024-01-31	7	5	6	Promoter
NULL	3419	2024-04-30	9	6	6	Promoter
NULL	3419	2024-07-31	5	8	9	Detractor
NULL	3419	2024-10-31	5	4	3	Detractor
NULL	3419	2025-07-31	8	4	7	Passive
NULL	3419	2025-10-31	7	5	7	Promoter
NULL	3419	2026-01-31	7	NULL	7	Promoter
NULL	3419	2026-07-31	7	10	5	Passive
NULL	3420	2024-01-31	1	3	7	Passive
NULL	3420	2024-04-30	3	7	4	Detractor
NULL	3420	2025-01-31	2	4	4	Promoter
NULL	3420	2025-07-31	4	4	8	Detractor
NULL	3420	2026-04-30	1	7	1	Detractor
NULL	3420	2026-07-31	7	1	7	Passive
NULL	3421	2025-04-30	3	5	1	Detractor
NULL	3421	2025-07-31	2	6	6	Detractor
NULL	3421	2025-10-31	3	4	2	Detractor
NULL	3421	2026-01-31	3	4	1	Detractor
NULL	3421	2026-04-30	5	7	1	Detractor
NULL	3421	2026-07-31	9	6	8	Promoter
NULL	3422	2025-10-31	8	7	4	Passive
NULL	3422	2026-01-31	7	NULL	3	Promoter
NULL	3422	2026-04-30	10	5	4	Promoter
NULL	3422	2026-07-31	9	7	8	Passive
NULL	3425	2024-04-30	8	8	7	Detractor
NULL	3425	2024-07-31	7	6	4	Promoter
NULL	3425	2025-01-31	6	8	5	Detractor
NULL	3425	2025-07-31	6	6	10	Detractor
NULL	3425	2026-07-31	8	5	2	Passive
NULL	3426	2024-04-30	8	9	5	Promoter
NULL	3426	2024-07-31	10	5	5	Passive
NULL	3426	2025-04-30	10	8	10	Promoter
NULL	3426	2025-07-31	8	6	6	Passive
NULL	3426	2026-01-31	7	8	6	Detractor
NULL	3426	2026-04-30	10	10	9	Promoter
NULL	3426	2026-07-31	8	8	3	Passive
NULL	3427	2024-07-31	7	7	8	Promoter
NULL	3427	2024-10-31	10	8	8	Promoter
NULL	3427	2025-01-31	10	7	7	Promoter
NULL	3427	2025-04-30	10	8	8	Promoter
NULL	3427	2025-07-31	10	10	9	Promoter
NULL	3427	2025-10-31	10	10	7	Promoter
NULL	3427	2026-01-31	7	10	10	Passive
NULL	3428	2024-10-31	9	8	10	Promoter
NULL	3428	2025-01-31	10	9	6	Promoter
NULL	3428	2025-04-30	10	8	7	Promoter
NULL	3428	2025-07-31	8	7	6	Passive
NULL	3428	2025-10-31	9	10	10	Promoter
NULL	3428	2026-01-31	9	6	10	Passive
NULL	3428	2026-04-30	9	7	10	Promoter
NULL	3428	2026-07-31	10	10	7	Promoter
NULL	3429	2025-04-30	7	6	6	Promoter
NULL	3429	2025-10-31	5	7	10	Promoter
NULL	3429	2026-01-31	7	7	6	Passive
NULL	3429	2026-04-30	5	NULL	3	Passive
NULL	3430	2024-10-31	5	5	4	Detractor
NULL	3430	2025-01-31	7	3	5	Passive
NULL	3430	2025-04-30	4	6	7	Passive
NULL	3430	2025-10-31	3	2	6	Detractor
NULL	3430	2026-04-30	4	6	3	Passive
NULL	3430	2026-07-31	6	5	4	Detractor
NULL	3431	2024-01-31	1	1	1	Detractor
NULL	3431	2024-07-31	1	2	3	Promoter
NULL	3431	2024-10-31	4	3	6	Passive
NULL	3431	07/31/2025	1	2	3	Detractor
NULL	3431	2026-01-31	1	3	3	Detractor
NULL	3431	2026-07-31	1	5	4	Detractor
NULL	3432	2024-01-31	8	6	5	Promoter
NULL	3432	2024-04-30	5	5	6	Detractor
NULL	3432	2024-07-31	7	10	7	Passive
NULL	3432	2025-01-31	6	8	9	Detractor
NULL	3432	2025-04-30	8	7	5	Passive
NULL	3432	2025-07-31	9	10	7	Promoter
NULL	3432	2026-01-31	5	8	2	Detractor
NULL	3432	2026-04-30	7	3	6	Detractor
NULL	3433	2026-07-31	4	4	7	Detractor
NULL	3434	2024-07-31	5	6	1	Detractor
NULL	3434	2024-10-31	8	1	3	Passive
NULL	3434	2025-01-31	4	2	2	Detractor
NULL	3434	2026-01-31	4	7	7	Passive
NULL	3435	2026-01-31	4	5	5	Detractor
NULL	3435	2026-04-30	10	5	5	Promoter
NULL	3435	2026-07-31	6	1	5	Detractor
NULL	3436	2024-01-31	8	6	8	Passive
NULL	3436	2024-07-31	7	6	4	Passive
NULL	3436	2024-10-31	6	2	3	Detractor
NULL	3436	2025-01-31	7	4	5	Passive
NULL	3437	2024-01-31	4	6	5	Passive
NULL	3437	2024-10-31	5	7	2	Detractor
NULL	3437	2025-01-31	5	6	7	Detractor
NULL	3437	2025-04-30	3	3	3	Passive
NULL	3437	2025-07-31	1	6	6	Detractor
NULL	3437	2025-10-31	4	1	4	Detractor
NULL	3437	2026-01-31	5	3	3	Passive
NULL	3437	2026-04-30	4	4	1	Detractor
NULL	3437	2026-07-31	2	4	3	Detractor
NULL	3438	2024-01-31	6	2	3	Passive
NULL	3438	04/30/2024	2	5	1	Passive
NULL	3438	2025-01-31	8	3	7	Passive
NULL	3438	2025-04-30	5	5	1	Promoter
NULL	3438	2025-07-31	6	2	1	Passive
NULL	3438	10/31/2025	3	4	7	Detractor
NULL	3438	01/31/2026	3	1	8	Detractor
NULL	3439	2026-01-31	10	5	5	Promoter
NULL	3439	2026-07-31	9	10	6	Promoter
NULL	3440	2024-01-31	6	7	7	Detractor
NULL	3440	2024-07-31	7	4	NULL	Passive
NULL	3440	2024-10-31	8	4	5	Passive
NULL	3440	2025-04-30	5	2	3	Detractor
NULL	3440	2025-10-31	6	5	6	Passive
NULL	3440	2026-01-31	9	6	2	Promoter
NULL	3440	2026-04-30	4	6	5	Passive
NULL	3440	2026-07-31	8	7	2	Promoter
NULL	3441	2024-04-30	1	1	1	Detractor
NULL	3441	2024-07-31	1	2	1	Detractor
NULL	3441	2024-10-31	3	1	1	Detractor
NULL	3441	2025-01-31	1	1	1	Detractor
NULL	3441	2025-04-30	1	4	1	Passive
NULL	3441	2025-07-31	1	1	1	Detractor
NULL	3441	2025-10-31	2	1	1	Detractor
NULL	3442	2025-01-31	9	NULL	NULL	Passive
NULL	3442	2025-04-30	10	10	7	Passive
NULL	3442	2025-07-31	9	6	10	Promoter
NULL	3442	2026-01-31	7	4	4	Detractor
NULL	3442	2026-04-30	10	7	4	Promoter
NULL	3442	07/31/2026	7	9	4	Promoter
NULL	3443	2024-04-30	3	3	5	Detractor
NULL	3443	2024-07-31	5	6	4	Detractor
NULL	3443	2025-01-31	4	5	3	Passive
NULL	3443	2025-04-30	1	7	6	Detractor
NULL	3443	2025-07-31	5	2	7	Detractor
NULL	3443	2026-01-31	1	4	1	Detractor
NULL	3443	2026-04-30	4	4	5	Detractor
NULL	3443	2026-07-31	6	5	4	Detractor
NULL	3444	2025-07-31	3	4	3	Detractor
NULL	3444	2025-10-31	6	1	2	Passive
NULL	3445	2024-01-31	5	9	4	Detractor
NULL	3445	2024-04-30	6	5	2	Detractor
NULL	3445	07/31/2024	6	3	5	Detractor
NULL	3445	2024-10-31	7	3	7	Passive
NULL	3445	2025-01-31	10	8	5	Promoter
NULL	3445	2025-07-31	7	6	8	Passive
NULL	3445	2026-07-31	9	3	8	Promoter
NULL	3446	2024-01-31	7	10	9	Passive
NULL	3446	2024-04-30	10	6	10	Passive
NULL	3446	2024-07-31	9	7	10	Promoter
NULL	3446	2024-10-31	10	6	1	Promoter
NULL	3446	2025-01-31	10	9	4	Promoter
NULL	3446	2025-04-30	9	9	6	Passive
NULL	3446	2025-10-31	7	5	3	Promoter
NULL	3446	2026-01-31	9	7	8	Promoter
NULL	3447	2024-07-31	6	4	4	Passive
NULL	3447	2025-01-31	5	2	9	Detractor
NULL	3447	2025-07-31	7	4	6	Passive
NULL	3447	2026-01-31	6	7	2	Promoter
NULL	3447	2026-04-30	3	6	6	Detractor
NULL	3448	04/30/2024	9	7	9	Promoter
NULL	3448	2025-10-31	8	7	9	Detractor
NULL	3448	2026-01-31	6	4	5	Detractor
NULL	3448	2026-04-30	8	3	1	Passive
NULL	3448	2026-07-31	6	7	7	Detractor
NULL	3449	2024-01-31	7	7	4	Passive
NULL	3449	2024-07-31	5	4	5	Detractor
NULL	3449	2024-10-31	5	1	1	Detractor
NULL	3449	2025-04-30	4	1	1	Detractor
NULL	3449	2025-10-31	4	6	1	Promoter
NULL	3449	2026-01-31	2	8	6	Detractor
NULL	3450	2026-01-31	7	NULL	9	Passive
NULL	3450	2026-04-30	6	10	3	Passive
NULL	3450	2026-07-31	5	9	7	Detractor
NULL	3451	2026-01-31	7	6	4	Passive
NULL	3451	2026-07-31	9	8	3	Promoter
NULL	3452	04/30/2024	5	4	1	Detractor
NULL	3452	2024-07-31	4	3	3	Detractor
NULL	3452	2024-10-31	5	7	3	Detractor
NULL	3452	2025-01-31	5	5	2	Promoter
NULL	3452	2025-04-30	4	7	2	Detractor
NULL	3452	2025-07-31	5	6	2	Detractor
NULL	3452	2025-10-31	4	6	2	Passive
NULL	3454	2024-07-31	3	2	1	Passive
NULL	3454	2024-10-31	6	6	7	Promoter
NULL	3454	2025-01-31	3	7	3	Passive
NULL	3454	2025-04-30	4	4	3	Detractor
NULL	3454	2025-07-31	5	4	6	Detractor
NULL	3454	2026-01-31	4	6	3	Detractor
NULL	3454	2026-04-30	4	8	5	Detractor
NULL	3454	2026-07-31	6	8	5	Detractor
NULL	3456	2024-01-31	5	4	5	Detractor
NULL	3456	2024-04-30	3	5	2	Detractor
NULL	3456	2024-10-31	6	1	2	Passive
NULL	3456	2025-01-31	3	4	4	Passive
NULL	3456	2025-04-30	4	6	6	Promoter
NULL	3456	2025-07-31	4	1	1	Detractor
NULL	3456	2025-10-31	1	3	1	Detractor
NULL	3456	2026-01-31	5	NULL	4	Detractor
NULL	3456	2026-04-30	6	3	3	Passive
NULL	3456	2026-07-31	3	2	1	Detractor
NULL	3457	2025-10-31	5	6	6	Passive
NULL	3457	2026-01-31	6	8	4	Detractor
NULL	3457	2026-07-31	1	5	4	Passive
NULL	3458	2024-01-31	7	9	10	Passive
NULL	3458	2024-07-31	5	5	4	Detractor
NULL	3458	2024-10-31	10	7	2	Promoter
NULL	3458	2025-01-31	8	4	2	Passive
NULL	3458	2025-04-30	5	3	8	Detractor
NULL	3458	2025-07-31	7	7	4	Promoter
NULL	3458	2025-10-31	8	5	4	Passive
NULL	3458	2026-01-31	4	8	4	Passive
NULL	3458	2026-04-30	6	4	7	Detractor
NULL	3458	2026-07-31	5	10	3	Detractor
NULL	3459	2024-04-30	7	NULL	9	Promoter
NULL	3459	2024-07-31	10	10	9	Promoter
NULL	3459	2024-10-31	9	10	5	Promoter
NULL	3459	2025-07-31	10	8	9	Passive
NULL	3459	2025-10-31	10	7	4	Promoter
NULL	3460	2024-04-30	6	4	9	Detractor
NULL	3460	2025-01-31	7	5	8	Promoter
NULL	3460	2025-04-30	4	8	NULL	Passive
NULL	3460	2025-10-31	5	2	4	Detractor
NULL	3460	2026-01-31	4	3	7	Detractor
NULL	3460	2026-04-30	6	4	5	Passive
NULL	3461	2024-01-31	3	3	NULL	Promoter
NULL	3461	2024-04-30	4	1	8	Detractor
NULL	3461	2024-07-31	5	2	3	Detractor
NULL	3461	2026-01-31	7	10	4	Promoter
NULL	3461	07/31/2026	5	5	3	Detractor
NULL	3462	2024-01-31	4	1	4	Passive
NULL	3462	2024-04-30	5	2	6	Passive
NULL	3462	2024-07-31	1	1	2	Detractor
NULL	3462	2024-10-31	4	4	3	Detractor
NULL	3462	2025-04-30	1	2	5	Detractor
NULL	3462	2025-07-31	2	4	3	Detractor
NULL	3462	2025-10-31	1	1	3	Passive
NULL	3462	2026-04-30	4	3	5	Detractor
NULL	3462	2026-07-31	5	3	1	Promoter
NULL	3463	2024-01-31	9	8	NULL	Promoter
NULL	3463	2024-04-30	7	10	4	Promoter
NULL	3463	2024-07-31	7	9	4	Promoter
NULL	3463	2024-10-31	10	5	6	Promoter
NULL	3463	2025-01-31	10	4	8	Passive
NULL	3463	2025-04-30	5	4	6	Detractor
NULL	3463	2025-07-31	8	8	3	Passive
NULL	3463	2025-10-31	6	8	5	Detractor
NULL	3463	2026-01-31	9	6	3	Promoter
NULL	3463	2026-04-30	8	6	5	Passive
NULL	3463	2026-07-31	8	5	4	Detractor
NULL	3464	2025-01-31	4	4	6	Passive
NULL	3464	2025-04-30	5	2	6	Detractor
NULL	3464	2025-07-31	2	7	4	Detractor
NULL	3464	2026-01-31	4	1	4	Detractor
NULL	3464	2026-07-31	6	2	4	Detractor
NULL	3466	2024-01-31	5	2	5	Passive
NULL	3466	2024-04-30	6	2	4	Passive
NULL	3466	2024-10-31	5	7	5	Detractor
NULL	3466	2025-04-30	5	5	2	Detractor
NULL	3466	2025-07-31	5	6	3	Detractor
NULL	3466	2025-10-31	3	4	1	Detractor
NULL	3466	2026-04-30	8	8	9	Promoter
NULL	3466	2026-07-31	4	2	6	Passive
NULL	3467	2024-10-31	2	4	1	Detractor
NULL	3467	2025-01-31	3	2	1	Passive
NULL	3468	2024-01-31	6	2	3	Detractor
NULL	3468	2024-07-31	5	5	1	Detractor
NULL	3468	01/31/2025	6	5	1	Passive
NULL	3468	2025-04-30	3	4	3	Detractor
NULL	3468	2025-07-31	5	4	7	Detractor
NULL	3468	2025-10-31	1	1	4	Detractor
NULL	3468	2026-01-31	3	5	3	Passive
NULL	3468	2026-04-30	4	2	4	Passive
NULL	3468	2026-07-31	1	1	6	Detractor
NULL	3469	2025-10-31	7	1	5	Promoter
NULL	3469	2026-01-31	4	6	2	Passive
NULL	3469	2026-07-31	3	1	7	Detractor
NULL	3470	2024-01-31	7	5	2	Passive
NULL	3470	2024-07-31	8	9	3	Promoter
NULL	3470	2025-01-31	4	3	6	Passive
NULL	3470	04/30/2025	9	4	7	Promoter
NULL	3470	2025-07-31	8	6	5	Passive
NULL	3470	2026-04-30	4	4	5	Passive
NULL	3470	2026-07-31	3	3	6	Passive
NULL	3471	2024-01-31	9	7	6	Promoter
NULL	3471	2024-07-31	8	NULL	6	Promoter
NULL	3471	2025-01-31	8	9	5	Detractor
NULL	3471	2025-04-30	7	NULL	5	Passive
NULL	3471	2025-07-31	8	4	6	Promoter
NULL	3471	2026-01-31	7	7	1	Promoter
NULL	3471	2026-07-31	5	7	2	Detractor
NULL	3473	2024-01-31	3	8	2	Detractor
NULL	3473	2024-04-30	6	4	3	Detractor
NULL	3473	2024-07-31	4	2	2	Promoter
NULL	3473	2024-10-31	6	3	3	Promoter
NULL	3473	2025-04-30	7	NULL	5	Promoter
NULL	3473	2025-07-31	4	NULL	3	Passive
NULL	3473	2025-10-31	5	5	5	Detractor
NULL	3473	2026-01-31	3	5	5	Detractor
NULL	3473	2026-07-31	9	2	4	Promoter
NULL	3474	2024-01-31	6	4	3	Promoter
NULL	3474	2024-04-30	4	6	7	Detractor
NULL	3474	2024-07-31	8	6	7	Detractor
NULL	3474	2024-10-31	10	10	1	Promoter
NULL	3474	2025-01-31	8	3	8	Passive
NULL	3474	2025-04-30	3	8	6	Passive
NULL	3474	2025-10-31	7	10	6	Detractor
NULL	3474	2026-01-31	7	4	6	Passive
NULL	3474	2026-04-30	4	3	2	Detractor
NULL	3474	2026-07-31	5	3	3	Detractor
NULL	3475	2025-04-30	4	3	4	Detractor
NULL	3475	2025-07-31	4	6	1	Detractor
NULL	3475	2025-10-31	5	4	8	Detractor
NULL	3475	2026-01-31	3	10	1	Detractor
NULL	3475	2026-04-30	6	3	4	Passive
NULL	3476	2024-10-31	9	10	8	Promoter
NULL	3476	2025-10-31	10	10	8	Promoter
NULL	3476	2026-01-31	8	10	7	Passive
NULL	3477	2024-04-30	10	4	10	Promoter
NULL	3477	2024-07-31	7	7	10	Passive
NULL	3477	2024-10-31	10	6	NULL	Promoter
NULL	3477	2025-01-31	6	8	10	Detractor
NULL	3477	2025-04-30	7	8	6	Detractor
NULL	3477	2025-07-31	7	7	3	Passive
NULL	3477	2025-10-31	10	7	7	Promoter
NULL	3478	2025-01-31	8	7	7	Detractor
NULL	3478	2025-04-30	4	10	8	Detractor
NULL	3478	2025-07-31	9	9	8	Promoter
NULL	3478	2025-10-31	9	7	4	Promoter
NULL	3478	2026-01-31	10	8	7	Promoter
NULL	3478	2026-07-31	10	5	10	Promoter
NULL	3479	2025-01-31	3	5	5	Detractor
NULL	3479	2025-04-30	9	6	1	Promoter
NULL	3479	2025-07-31	2	3	3	Detractor
NULL	3479	10/31/2025	4	2	9	Detractor
NULL	3479	2026-04-30	6	4	7	Detractor
NULL	3480	2024-01-31	1	NULL	1	Passive
NULL	3480	2024-04-30	1	1	3	Passive
NULL	3480	2024-07-31	3	1	1	Detractor
NULL	3480	2024-10-31	2	1	1	Detractor
NULL	3480	2025-01-31	2	2	1	Passive
NULL	3480	2025-07-31	1	1	1	Detractor
NULL	3480	2025-10-31	1	1	1	Promoter
NULL	3480	2026-01-31	1	1	3	Detractor
NULL	3480	2026-04-30	1	1	2	Passive
NULL	3481	2024-04-30	10	8	3	Promoter
NULL	3481	2024-07-31	10	6	4	Promoter
NULL	3481	2024-10-31	7	10	10	Passive
NULL	3481	2025-01-31	8	3	6	Promoter
NULL	3481	2025-04-30	9	2	6	Promoter
NULL	3481	2025-10-31	9	6	8	Promoter
NULL	3481	2026-01-31	10	9	9	Promoter
NULL	3481	2026-04-30	10	10	5	Promoter
NULL	3482	2024-07-31	8	9	6	Passive
NULL	3482	2024-10-31	7	10	8	Passive
NULL	3482	2025-01-31	10	6	7	Promoter
NULL	3482	2025-04-30	7	5	10	Passive
NULL	3482	2026-07-31	9	NULL	6	Promoter
NULL	3483	2025-04-30	10	8	6	Promoter
NULL	3483	2025-10-31	7	9	10	Passive
NULL	3483	2026-01-31	10	10	9	Passive
NULL	3483	2026-04-30	10	9	10	Promoter
NULL	3484	2024-01-31	7	6	7	Passive
NULL	3484	2024-10-31	10	10	6	Promoter
NULL	3484	2025-01-31	9	8	8	Promoter
NULL	3484	2025-04-30	8	7	6	Passive
NULL	3484	2025-07-31	8	7	9	Detractor
NULL	3484	2026-01-31	6	5	3	Detractor
NULL	3484	2026-04-30	10	2	4	Passive
NULL	3484	2026-07-31	10	3	5	Promoter
NULL	3485	2024-07-31	10	9	7	Promoter
NULL	3485	2024-10-31	9	9	8	Promoter
NULL	3485	2025-01-31	10	9	10	Promoter
NULL	3485	2025-07-31	10	10	7	Promoter
NULL	3485	2026-01-31	7	10	8	Passive
NULL	3485	2026-04-30	10	9	10	Passive
NULL	3486	2024-01-31	4	6	6	Detractor
NULL	3486	2024-07-31	4	6	8	Passive
NULL	3486	2024-10-31	3	1	3	Detractor
NULL	3486	2025-01-31	2	2	1	Detractor
NULL	3486	2025-07-31	7	4	4	Passive
NULL	3486	2026-01-31	3	NULL	NULL	Passive
NULL	3486	2026-04-30	2	6	6	Detractor
NULL	3486	2026-07-31	4	4	3	Detractor
NULL	3487	2024-10-31	3	1	4	Detractor
NULL	3487	2025-04-30	4	5	5	Detractor
NULL	3487	2025-07-31	2	7	8	Detractor
NULL	3488	2024-01-31	6	10	7	Detractor
NULL	3488	2024-07-31	8	9	8	Passive
NULL	3488	2024-10-31	6	8	3	Detractor
NULL	3488	2025-01-31	9	4	3	Promoter
NULL	3488	2025-04-30	10	8	6	Promoter
NULL	3488	07/31/2025	9	3	6	Passive
NULL	3488	10/31/2025	8	7	4	Detractor
NULL	3488	2026-04-30	8	10	5	Promoter
NULL	3488	2026-07-31	8	5	7	Passive
NULL	3489	2024-01-31	8	5	6	Detractor
NULL	3489	2024-04-30	8	8	10	Passive
NULL	3489	10/31/2024	9	10	5	Promoter
NULL	3489	2025-07-31	7	10	4	Detractor
NULL	3489	2025-10-31	8	6	7	Passive
NULL	3489	2026-04-30	8	2	7	Promoter
NULL	3489	07/31/2026	6	6	9	Passive
NULL	3490	2024-07-31	7	4	3	Promoter
NULL	3490	2024-10-31	8	8	3	Passive
NULL	3490	2025-01-31	4	5	4	Detractor
NULL	3490	2025-07-31	5	4	4	Detractor
NULL	3490	2025-10-31	5	8	5	Detractor
NULL	3490	2026-01-31	6	4	3	Detractor
NULL	3490	2026-04-30	10	7	2	Promoter
NULL	3490	2026-07-31	6	3	6	Detractor
NULL	3491	2025-07-31	6	2	7	Detractor
NULL	3491	2025-10-31	4	9	3	Detractor
NULL	3491	2026-01-31	6	3	2	Detractor
NULL	3491	2026-07-31	6	5	4	Detractor
NULL	3492	2024-07-31	4	2	2	Detractor
NULL	3492	2024-10-31	4	1	5	Passive
NULL	3492	2025-01-31	3	4	1	Promoter
NULL	3492	2025-04-30	3	1	5	Detractor
NULL	3493	2025-10-31	2	3	4	Detractor
NULL	3493	2026-01-31	5	3	3	Passive
NULL	3493	2026-04-30	7	3	3	Promoter
NULL	3493	2026-07-31	6	5	6	Passive
NULL	3494	2024-07-31	5	4	4	Detractor
NULL	3494	2024-10-31	4	4	8	Passive
NULL	3494	2025-01-31	6	5	9	Detractor
NULL	3494	2025-04-30	7	6	4	Passive
NULL	3494	2025-07-31	5	2	3	Detractor
NULL	3494	2026-01-31	5	2	1	Detractor
NULL	3495	2024-01-31	3	4	3	Detractor
NULL	3495	2024-04-30	2	6	2	Detractor
NULL	3495	2024-07-31	4	1	5	Detractor
NULL	3495	2025-01-31	4	2	1	Passive
NULL	3495	2025-04-30	1	2	7	Detractor
NULL	3495	2025-10-31	2	3	1	Detractor
NULL	3495	2026-01-31	4	2	2	Detractor
NULL	3495	2026-04-30	3	3	5	Promoter
NULL	3496	07/31/2026	5	6	5	Detractor
NULL	3497	2025-10-31	8	5	10	Passive
NULL	3497	2026-01-31	8	9	5	Promoter
NULL	3498	2024-01-31	3	1	2	Detractor
NULL	3498	2024-04-30	5	4	4	Detractor
NULL	3498	2024-07-31	4	8	1	Detractor
NULL	3498	2025-01-31	7	4	4	Promoter
NULL	3498	2025-04-30	6	6	3	Detractor
NULL	3498	2025-10-31	3	2	1	Detractor
NULL	3498	2026-01-31	7	6	10	Passive
NULL	3498	2026-07-31	5	3	7	Detractor
NULL	3500	07/31/2025	5	2	1	Detractor
NULL	3500	2026-01-31	5	5	3	Passive
NULL	3500	2026-04-30	1	8	2	Detractor
NULL	3500	2026-07-31	3	6	4	Detractor
NULL	3502	2024-01-31	7	5	8	Detractor
NULL	3502	04/30/2024	9	3	4	Promoter
NULL	3502	2024-07-31	5	8	6	Passive
NULL	3502	2024-10-31	6	7	6	Passive
NULL	3502	2025-01-31	5	10	1	Detractor
NULL	3502	2025-04-30	7	5	4	Promoter
NULL	3502	2025-10-31	6	4	3	Detractor
NULL	3502	2026-07-31	9	5	6	Promoter
NULL	3503	2024-01-31	9	8	9	Promoter
NULL	3503	2024-04-30	7	6	8	Promoter
NULL	3503	2024-10-31	7	9	8	Detractor
NULL	3503	2025-10-31	6	5	5	Detractor
NULL	3503	2026-01-31	6	7	5	Detractor
NULL	3503	2026-04-30	9	7	6	Promoter
NULL	3504	2024-01-31	1	3	3	Detractor
NULL	3504	2024-04-30	1	2	3	Passive
NULL	3504	07/31/2024	3	3	4	Detractor
NULL	3504	2024-10-31	2	1	2	Detractor
NULL	3504	2025-01-31	2	1	4	Passive
NULL	3504	2025-04-30	6	4	5	Promoter
NULL	3504	2025-07-31	1	2	1	Detractor
NULL	3504	2025-10-31	1	7	6	Detractor
NULL	3504	2026-01-31	3	3	1	Detractor
NULL	3504	2026-07-31	1	NULL	3	Promoter
NULL	3505	2024-07-31	4	3	NULL	Detractor
NULL	3505	2025-01-31	3	1	1	Detractor
NULL	3505	2025-04-30	1	4	4	Detractor
NULL	3505	2025-07-31	1	2	1	Detractor
NULL	3505	2025-10-31	1	2	1	Detractor
NULL	3505	2026-01-31	2	2	3	Passive
NULL	3505	2026-04-30	1	3	1	Detractor
NULL	3505	2026-07-31	2	NULL	2	Detractor
NULL	3506	2025-10-31	9	6	2	Passive
NULL	3506	2026-01-31	7	4	10	Passive
NULL	3506	2026-04-30	8	7	9	Passive
NULL	3507	2025-10-31	6	10	10	Detractor
NULL	3507	2026-01-31	9	7	7	Promoter
NULL	3507	2026-04-30	5	7	5	Detractor
NULL	3507	2026-07-31	10	5	7	Promoter
NULL	3508	04/30/2024	3	1	1	Detractor
NULL	3508	2024-10-31	4	3	1	Detractor
NULL	3508	2025-01-31	2	NULL	1	Detractor
NULL	3508	2025-04-30	2	5	2	Passive
NULL	3508	2025-07-31	2	4	NULL	Detractor
NULL	3508	2025-10-31	1	2	5	Passive
NULL	3508	2026-04-30	4	5	7	Detractor
NULL	3509	2024-01-31	9	10	5	Promoter
NULL	3509	2024-04-30	10	10	5	Promoter
NULL	3509	2024-07-31	10	10	10	Promoter
NULL	3509	2024-10-31	9	9	8	Detractor
NULL	3509	2025-01-31	10	10	6	Promoter
NULL	3509	2025-04-30	10	10	8	Promoter
NULL	3509	2026-01-31	10	9	10	Promoter
NULL	3509	2026-04-30	10	7	7	Promoter
NULL	3509	2026-07-31	10	10	7	Promoter
NULL	3510	2024-01-31	8	9	5	Promoter
NULL	3510	2024-04-30	9	9	8	Promoter
NULL	3510	2024-10-31	8	6	10	Promoter
NULL	3510	2025-04-30	8	9	10	Promoter
NULL	3510	2025-07-31	9	9	3	Passive
NULL	3510	2025-10-31	7	7	9	Promoter
NULL	3510	2026-04-30	10	6	9	Promoter
NULL	3510	2026-07-31	10	6	8	Promoter
NULL	3511	2024-01-31	9	6	NULL	Promoter
NULL	3511	2024-04-30	4	2	6	Detractor
NULL	3511	2024-07-31	5	7	8	Promoter
NULL	3511	2024-10-31	8	4	5	Passive
NULL	3511	2025-01-31	6	5	8	Detractor
NULL	3511	2025-04-30	6	3	8	Detractor
NULL	3511	2025-07-31	7	1	8	Promoter
NULL	3511	2025-10-31	7	6	4	Passive
NULL	3511	2026-07-31	8	5	3	Passive
NULL	3512	2025-10-31	8	6	10	Passive
NULL	3512	2026-07-31	6	10	2	Detractor
NULL	3513	2025-01-31	3	1	2	Passive
NULL	3513	2025-04-30	4	2	3	Detractor
NULL	3514	2024-04-30	3	5	3	Detractor
NULL	3514	2024-07-31	4	NULL	6	Promoter
NULL	3514	2024-10-31	6	3	5	Detractor
NULL	3514	2025-01-31	4	2	3	Detractor
NULL	3514	04/30/2025	3	1	NULL	Passive
NULL	3514	2025-10-31	7	2	4	Promoter
NULL	3514	2026-01-31	4	4	1	Promoter
NULL	3514	2026-04-30	5	7	2	Promoter
NULL	3516	2025-04-30	1	2	4	Passive
NULL	3516	2025-07-31	5	7	10	Detractor
NULL	3516	2026-04-30	5	3	1	Detractor
NULL	3516	2026-07-31	6	NULL	6	Passive
NULL	3517	2024-10-31	5	NULL	5	Detractor
NULL	3517	2025-04-30	9	5	NULL	Promoter
NULL	3517	2025-07-31	7	7	9	Passive
NULL	3517	2026-07-31	10	6	2	Passive
NULL	3518	2026-01-31	3	1	1	Detractor
NULL	3518	2026-04-30	1	2	5	Passive
NULL	3519	2024-01-31	7	5	7	Passive
NULL	3519	2024-04-30	7	10	3	Passive
NULL	3519	2024-07-31	6	8	3	Detractor
NULL	3519	2024-10-31	9	6	2	Promoter
NULL	3519	2025-01-31	7	6	2	Promoter
NULL	3519	2025-04-30	8	10	8	Promoter
NULL	3519	2025-07-31	7	5	6	Passive
NULL	3519	2025-10-31	7	1	5	Promoter
NULL	3519	2026-01-31	3	6	3	Passive
NULL	3520	2025-04-30	3	5	1	Passive
NULL	3520	2025-07-31	1	5	2	Detractor
NULL	3520	2025-10-31	4	8	5	Detractor
NULL	3520	2026-01-31	3	NULL	4	Promoter
NULL	3521	2024-10-31	1	5	3	Passive
NULL	3521	2025-01-31	3	3	1	Detractor
NULL	3521	2025-07-31	5	1	1	Detractor
NULL	3521	2026-01-31	4	1	1	Passive
NULL	3521	2026-04-30	2	6	6	Promoter
NULL	3521	2026-07-31	4	4	1	Passive
NULL	3522	2024-04-30	8	7	7	Passive
NULL	3522	2024-07-31	6	1	10	Detractor
NULL	3522	2025-01-31	8	5	10	Detractor
NULL	3522	2025-04-30	10	8	3	Promoter
NULL	3524	2026-07-31	5	3	5	Promoter
NULL	3525	2024-04-30	4	5	1	Detractor
NULL	3525	2024-07-31	3	2	5	Detractor
NULL	3525	2025-04-30	3	5	1	Passive
NULL	3525	2025-07-31	8	1	2	Promoter
NULL	3525	2025-10-31	6	3	1	Promoter
NULL	3525	2026-01-31	5	NULL	2	Passive
NULL	3525	2026-07-31	7	6	5	Promoter
NULL	3526	2024-04-30	5	8	1	Detractor
NULL	3526	2024-07-31	7	7	3	Detractor
NULL	3526	2024-10-31	4	5	6	Passive
NULL	3526	2025-01-31	4	6	1	Detractor
NULL	3526	2025-10-31	7	5	3	Passive
NULL	3526	2026-01-31	3	4	6	Detractor
NULL	3526	2026-04-30	6	5	9	Detractor
NULL	3526	2026-07-31	3	5	5	Detractor
NULL	3527	2026-07-31	7	7	10	Promoter
NULL	3528	2024-01-31	8	9	6	Passive
NULL	3528	2024-04-30	5	4	6	Passive
NULL	3528	2024-07-31	6	3	7	Passive
NULL	3528	2024-10-31	5	NULL	8	Detractor
NULL	3528	2025-01-31	6	6	5	Passive
NULL	3528	2025-04-30	7	5	7	Passive
NULL	3528	2025-07-31	9	7	7	Promoter
NULL	3528	2025-10-31	10	6	7	Promoter
NULL	3528	2026-01-31	9	7	7	Promoter
NULL	3528	2026-04-30	10	9	6	Promoter
NULL	3528	2026-07-31	5	10	3	Detractor
NULL	3529	2024-01-31	6	7	6	Detractor
NULL	3529	04/30/2024	5	9	4	Detractor
NULL	3529	2024-07-31	8	8	8	Passive
NULL	3529	2024-10-31	8	10	8	Passive
NULL	3529	2025-01-31	6	8	3	Detractor
NULL	3529	2025-04-30	5	5	9	Passive
NULL	3529	2025-07-31	7	9	8	Promoter
NULL	3529	2026-04-30	9	4	1	Promoter
NULL	3530	2024-01-31	8	4	5	Passive
NULL	3530	2024-04-30	6	6	4	Detractor
NULL	3530	2024-07-31	6	6	10	Detractor
NULL	3530	2025-01-31	6	7	10	Passive
NULL	3530	2025-04-30	10	7	8	Promoter
NULL	3530	2025-07-31	10	5	NULL	Promoter
NULL	3530	2026-01-31	10	10	9	Promoter
NULL	3531	2026-04-30	10	4	10	Promoter
NULL	3531	2026-07-31	7	8	10	Detractor
NULL	3532	2024-01-31	1	2	1	Detractor
NULL	3532	2024-04-30	4	6	1	Detractor
NULL	3532	2024-10-31	1	1	4	Detractor
NULL	3532	2025-01-31	1	2	4	Detractor
NULL	3532	2025-04-30	2	1	1	Detractor
NULL	3532	2025-07-31	4	3	3	Detractor
NULL	3532	2026-01-31	2	6	3	Detractor
NULL	3532	04/30/2026	2	3	1	Passive
NULL	3532	2026-07-31	1	4	4	Detractor
NULL	3534	2025-07-31	8	NULL	10	Detractor
NULL	3534	2026-04-30	9	6	4	Promoter
NULL	3535	2025-07-31	8	6	6	Detractor
NULL	3535	2025-10-31	6	4	3	Passive
NULL	3535	2026-01-31	8	6	7	Passive
NULL	3535	2026-07-31	5	5	10	Detractor
NULL	3536	2024-01-31	6	5	1	Detractor
NULL	3536	2024-04-30	8	4	1	Detractor
NULL	3536	2024-07-31	5	6	7	Detractor
NULL	3536	2025-01-31	2	1	7	Detractor
NULL	3536	2025-07-31	5	4	6	Detractor
NULL	3536	2025-10-31	3	5	5	Detractor
NULL	3536	2026-04-30	8	8	1	Detractor
NULL	3536	2026-07-31	3	8	5	Passive
NULL	3537	2025-01-31	5	4	1	Passive
NULL	3537	2025-04-30	3	4	3	Detractor
NULL	3537	2025-07-31	1	1	1	Detractor
NULL	3537	2025-10-31	1	2	1	Detractor
NULL	3537	2026-01-31	1	3	5	Passive
NULL	3537	2026-04-30	6	4	3	Detractor
NULL	3537	2026-07-31	3	2	5	Detractor
NULL	3538	2026-07-31	6	5	8	Passive
NULL	3539	2024-04-30	4	2	7	Detractor
NULL	3539	2024-07-31	4	5	2	Detractor
NULL	3539	2024-10-31	7	7	NULL	Passive
NULL	3539	2025-04-30	5	4	1	Detractor
NULL	3539	2025-07-31	8	5	6	Promoter
NULL	3539	2025-10-31	7	6	5	Passive
NULL	3539	2026-01-31	6	4	3	Passive
NULL	3539	2026-04-30	4	10	NULL	Detractor
NULL	3539	2026-07-31	7	10	4	Promoter
NULL	3540	2024-01-31	1	1	1	Detractor
NULL	3540	2024-10-31	2	1	1	Detractor
NULL	3540	2025-01-31	1	1	4	Detractor
NULL	3540	2025-10-31	1	3	2	Detractor
NULL	3540	2026-01-31	1	1	1	Detractor
NULL	3540	2026-04-30	1	2	1	Detractor
NULL	3540	2026-07-31	1	1	1	Detractor
NULL	3541	2025-10-31	3	2	NULL	Detractor
NULL	3541	2026-01-31	10	6	3	Promoter
NULL	3541	2026-04-30	2	7	6	Detractor
NULL	3541	2026-07-31	5	7	4	Passive
NULL	3542	2024-07-31	6	5	4	Detractor
NULL	3542	2024-10-31	7	8	6	Promoter
NULL	3542	2025-04-30	6	6	2	Promoter
NULL	3542	2025-07-31	6	6	7	Promoter
NULL	3542	2026-01-31	6	5	6	Promoter
NULL	3542	2026-04-30	4	6	1	Promoter
NULL	3542	2026-07-31	8	2	4	Detractor
NULL	3543	2024-01-31	4	7	4	Detractor
NULL	3543	2024-04-30	5	4	1	Detractor
NULL	3543	2024-07-31	5	7	NULL	Detractor
NULL	3543	2025-04-30	5	3	8	Detractor
NULL	3543	2025-07-31	5	8	4	Detractor
NULL	3543	2026-01-31	6	9	6	Detractor
NULL	3543	2026-04-30	7	5	4	Passive
NULL	3544	2024-01-31	3	NULL	7	Passive
NULL	3544	2024-04-30	6	7	5	Detractor
NULL	3544	2024-07-31	4	3	5	Passive
NULL	3544	2025-01-31	6	2	6	Detractor
NULL	3544	2025-04-30	6	4	2	Detractor
NULL	3544	2025-07-31	5	5	5	Detractor
NULL	3544	2025-10-31	3	3	4	Detractor
NULL	3544	2026-01-31	10	4	6	Promoter
NULL	3544	2026-04-30	6	5	4	Detractor
NULL	3544	2026-07-31	6	NULL	10	Detractor
NULL	3546	2025-01-31	8	2	8	Passive
NULL	3546	2025-04-30	8	4	7	Promoter
NULL	3546	2025-07-31	6	8	7	Detractor
NULL	3546	2026-04-30	8	7	10	Passive
NULL	3546	2026-07-31	8	5	5	Promoter
NULL	3547	2024-07-31	5	5	6	Detractor
NULL	3547	2024-10-31	5	6	7	Passive
NULL	3547	2025-01-31	5	7	8	Detractor
NULL	3547	2025-04-30	5	7	5	Promoter
NULL	3547	2025-07-31	7	6	4	Passive
NULL	3547	01/31/2026	7	4	1	Detractor
NULL	3548	2024-01-31	5	1	1	Detractor
NULL	3548	2024-04-30	5	8	3	Detractor
NULL	3548	2024-10-31	1	5	1	Detractor
NULL	3548	2025-01-31	5	3	5	Passive
NULL	3548	2026-01-31	1	2	3	Passive
NULL	3549	2026-01-31	6	2	1	Detractor
NULL	3550	2024-07-31	8	10	5	Passive
NULL	3550	2024-10-31	10	6	7	Promoter
NULL	3550	2025-07-31	10	10	9	Promoter
NULL	3550	2025-10-31	10	4	10	Passive
NULL	3550	2026-01-31	7	7	10	Detractor
NULL	3550	2026-04-30	10	8	10	Promoter
NULL	3550	2026-07-31	9	3	8	Promoter
NULL	3551	2024-07-31	4	1	5	Passive
NULL	3551	2024-10-31	4	3	1	Detractor
NULL	3551	2025-01-31	6	3	2	Detractor
NULL	3551	2025-04-30	1	3	1	Detractor
NULL	3551	2025-07-31	5	4	1	Detractor
NULL	3551	2025-10-31	4	5	3	Passive
NULL	3551	2026-04-30	6	6	3	Detractor
NULL	3551	2026-07-31	7	4	8	Passive
NULL	3552	2026-01-31	8	6	6	Detractor
NULL	3552	2026-04-30	10	NULL	8	Promoter
NULL	3552	2026-07-31	6	5	7	Detractor
NULL	3553	2025-01-31	10	8	6	Promoter
NULL	3553	2025-04-30	3	7	4	Detractor
NULL	3553	2025-07-31	5	4	5	Detractor
NULL	3553	2025-10-31	5	4	4	Detractor
NULL	3553	2026-01-31	5	10	1	Detractor
NULL	3553	2026-07-31	7	2	3	Promoter
NULL	3554	2024-01-31	5	1	1	Detractor
NULL	3554	2024-04-30	4	7	6	Passive
NULL	3554	2025-01-31	4	5	3	Detractor
NULL	3554	2025-04-30	3	1	1	Detractor
NULL	3554	2025-07-31	5	1	2	Detractor
NULL	3554	2025-10-31	2	3	7	Passive
NULL	3554	2026-01-31	4	5	8	Detractor
NULL	3554	2026-07-31	5	7	3	Passive
NULL	3555	2024-01-31	7	6	4	Detractor
NULL	3555	2024-04-30	4	NULL	4	Detractor
NULL	3555	2024-10-31	7	4	2	Promoter
NULL	3555	2025-04-30	9	5	8	Promoter
NULL	3555	2025-07-31	5	7	4	Detractor
NULL	3555	2026-01-31	6	3	5	Passive
NULL	3555	2026-04-30	4	4	7	Detractor
NULL	3556	2024-01-31	3	10	1	Detractor
NULL	3556	2024-04-30	3	7	6	Detractor
NULL	3556	2024-07-31	2	5	1	Passive
NULL	3556	2024-10-31	3	7	7	Detractor
NULL	3556	04/30/2025	4	1	4	Detractor
NULL	3556	2025-07-31	2	4	6	Detractor
NULL	3556	2026-01-31	4	6	1	Passive
NULL	3556	2026-04-30	4	4	4	Passive
NULL	3556	2026-07-31	6	1	NULL	Detractor
NULL	3557	2025-07-31	5	8	1	Detractor
NULL	3557	2025-10-31	2	3	4	Detractor
NULL	3557	2026-04-30	4	7	2	Detractor
NULL	3557	2026-07-31	8	10	9	Passive
NULL	3558	2024-01-31	8	7	4	Passive
NULL	3558	04/30/2024	8	7	7	Promoter
NULL	3558	2024-07-31	7	6	5	Passive
NULL	3558	2025-07-31	9	4	6	Promoter
NULL	3558	2025-10-31	7	7	6	Passive
NULL	3558	2026-04-30	5	7	5	Passive
NULL	3559	2026-07-31	4	1	1	Detractor
NULL	3560	2024-04-30	2	1	1	Detractor
NULL	3560	2024-07-31	3	3	3	Detractor
NULL	3560	2025-01-31	1	1	2	Detractor
NULL	3560	2025-04-30	2	3	6	Detractor
NULL	3560	2025-07-31	3	2	2	Detractor
NULL	3560	2025-10-31	2	2	1	Detractor
NULL	3560	2026-01-31	3	6	5	Promoter
NULL	3560	2026-04-30	1	1	5	Detractor
NULL	3560	2026-07-31	5	3	1	Detractor
NULL	3561	2026-04-30	4	7	10	Passive
NULL	3561	2026-07-31	8	7	6	Promoter
NULL	3562	2025-07-31	9	NULL	9	Promoter
NULL	3562	2026-01-31	8	5	7	Passive
NULL	3562	2026-04-30	5	7	5	Detractor
NULL	3562	2026-07-31	10	8	10	Promoter
NULL	3563	01/31/2024	10	9	8	Promoter
NULL	3563	2024-04-30	9	NULL	9	Promoter
NULL	3563	2024-07-31	10	8	10	Promoter
NULL	3563	2024-10-31	10	10	6	Promoter
NULL	3563	2025-01-31	10	10	4	Passive
NULL	3563	2025-04-30	8	7	6	Detractor
NULL	3563	2025-07-31	7	8	7	Passive
NULL	3563	2026-01-31	10	7	8	Passive
NULL	3563	2026-04-30	10	9	8	Promoter
NULL	3563	2026-07-31	6	9	7	Passive
NULL	3565	2026-04-30	7	2	4	Passive
NULL	3565	2026-07-31	5	1	3	Passive
NULL	3566	2024-01-31	9	6	8	Detractor
NULL	3566	2024-07-31	9	10	5	Promoter
NULL	3566	2024-10-31	10	6	9	Promoter
NULL	3566	2025-01-31	7	6	6	Promoter
NULL	3566	2025-04-30	10	8	5	Promoter
NULL	3566	2025-10-31	7	9	9	Detractor
NULL	3566	2026-01-31	10	5	9	Promoter
NULL	3566	2026-04-30	8	9	10	Passive
NULL	3566	2026-07-31	10	9	7	Promoter
NULL	3568	2024-01-31	5	5	2	Promoter
NULL	3568	2024-07-31	5	1	5	Detractor
NULL	3568	2024-10-31	3	5	2	Detractor
NULL	3568	2025-10-31	4	1	4	Detractor
NULL	3568	2026-01-31	5	2	4	Detractor
NULL	3569	2024-04-30	8	6	2	Passive
NULL	3569	2024-07-31	8	NULL	6	Passive
NULL	3569	2025-01-31	9	6	5	Detractor
NULL	3569	2025-04-30	7	8	5	Promoter
NULL	3569	2025-07-31	4	8	5	Detractor
NULL	3569	2025-10-31	8	3	8	Promoter
NULL	3569	2026-04-30	8	6	10	Detractor
NULL	3569	2026-07-31	7	4	8	Promoter
NULL	3570	2024-01-31	10	8	6	Promoter
NULL	3570	2024-04-30	8	6	8	Promoter
NULL	3570	2024-10-31	8	7	7	Passive
NULL	3570	2025-01-31	10	8	7	Promoter
NULL	3570	2025-07-31	10	5	8	Promoter
NULL	3570	2025-10-31	10	10	8	Promoter
NULL	3570	2026-01-31	7	7	6	Detractor
NULL	3570	2026-04-30	9	6	7	Detractor
NULL	3570	2026-07-31	8	8	8	Detractor
NULL	3571	2025-10-31	8	NULL	6	Detractor
NULL	3571	2026-01-31	6	7	7	Detractor
NULL	3571	2026-07-31	8	9	10	Passive
NULL	3572	2024-07-31	8	10	6	Detractor
NULL	3572	2024-10-31	9	7	5	Promoter
NULL	3572	2025-04-30	9	7	4	Promoter
NULL	3572	2025-07-31	10	5	7	Promoter
NULL	3572	2025-10-31	8	4	3	Passive
NULL	3572	2026-01-31	9	9	5	Promoter
NULL	3572	2026-07-31	7	5	6	Detractor
NULL	3573	2024-04-30	7	7	4	Promoter
NULL	3573	2024-07-31	6	6	4	Detractor
NULL	3573	2024-10-31	10	5	2	Promoter
NULL	3573	2025-01-31	2	5	5	Detractor
NULL	3573	2025-04-30	4	5	8	Passive
NULL	3573	2025-10-31	5	4	4	Passive
NULL	3574	2026-04-30	5	5	10	Detractor
NULL	3575	2026-01-31	6	5	3	Detractor
NULL	3575	2026-04-30	4	6	2	Detractor
NULL	3576	2025-07-31	6	7	10	Detractor
NULL	3576	2025-10-31	5	4	8	Detractor
NULL	3576	2026-01-31	4	5	4	Detractor
NULL	3576	2026-04-30	5	6	10	Detractor
NULL	3577	2024-01-31	6	5	10	Detractor
NULL	3577	07/31/2024	6	8	8	Passive
NULL	3577	2025-07-31	5	5	4	Detractor
NULL	3577	2025-10-31	7	2	5	Detractor
NULL	3577	2026-01-31	6	4	6	Detractor
NULL	3577	2026-07-31	7	3	5	Passive
NULL	3578	2026-01-31	10	7	7	Promoter
NULL	3578	2026-04-30	8	7	7	Passive
NULL	3580	2025-04-30	8	7	5	Passive
NULL	3580	2025-07-31	8	7	6	Promoter
NULL	3580	2025-10-31	6	9	4	Passive
NULL	3580	2026-01-31	6	4	3	Detractor
NULL	3581	2025-04-30	7	7	6	Detractor
NULL	3581	2025-07-31	7	9	2	Promoter
NULL	3581	2026-01-31	9	6	8	Promoter
NULL	3582	2025-01-31	1	5	1	Passive
NULL	3582	2025-04-30	1	4	3	Detractor
NULL	3582	2025-07-31	5	3	5	Detractor
NULL	3582	2025-10-31	3	1	2	Passive
NULL	3582	2026-01-31	4	3	4	Detractor
NULL	3582	2026-04-30	5	3	3	Passive
NULL	3582	07/31/2026	4	4	5	Detractor
NULL	3583	2024-01-31	5	6	4	Detractor
NULL	3583	2024-04-30	5	3	2	Detractor
NULL	3583	2024-07-31	4	5	1	Promoter
NULL	3583	2024-10-31	3	8	4	Detractor
NULL	3583	2025-01-31	1	4	3	Detractor
NULL	3583	2025-04-30	9	2	4	Promoter
NULL	3583	2025-10-31	5	4	NULL	Detractor
NULL	3584	2024-01-31	6	8	10	Promoter
NULL	3584	2025-01-31	9	6	8	Promoter
NULL	3584	2025-04-30	7	7	6	Promoter
NULL	3584	2025-10-31	9	4	NULL	Promoter
NULL	3584	2026-01-31	8	5	NULL	Promoter
NULL	3584	2026-04-30	4	NULL	9	Detractor
NULL	3584	2026-07-31	7	8	3	Passive
NULL	3586	2024-01-31	8	2	3	Promoter
NULL	3586	2024-04-30	9	8	6	Promoter
NULL	3587	2024-01-31	6	1	1	Detractor
NULL	3587	2024-04-30	2	1	2	Detractor
NULL	3587	2024-07-31	3	1	8	Promoter
NULL	3587	2024-10-31	4	6	3	Detractor
NULL	3587	2025-01-31	5	5	1	Detractor
NULL	3587	2025-04-30	5	6	2	Passive
NULL	3587	07/31/2025	1	5	NULL	Detractor
NULL	3587	2026-01-31	6	1	6	Detractor
NULL	3587	2026-04-30	3	NULL	6	Detractor
NULL	3588	2025-07-31	6	4	4	Passive
NULL	3588	2025-10-31	5	7	9	Detractor
NULL	3588	2026-01-31	7	3	4	Promoter
NULL	3589	2026-07-31	5	1	5	Promoter
NULL	3590	2025-07-31	2	3	3	Detractor
NULL	3590	2025-10-31	3	1	1	Detractor
NULL	3590	2026-01-31	2	3	1	Promoter
NULL	3590	2026-04-30	2	4	3	Detractor
NULL	3590	2026-07-31	3	3	5	Detractor
NULL	3591	2024-01-31	3	1	4	Detractor
NULL	3591	2024-07-31	3	2	3	Detractor
NULL	3591	2024-10-31	1	3	2	Detractor
NULL	3591	2025-07-31	2	1	4	Promoter
NULL	3591	2025-10-31	1	2	6	Passive
NULL	3591	2026-07-31	2	2	1	Passive
NULL	3592	2025-01-31	10	9	3	Promoter
NULL	3592	2025-04-30	10	6	10	Promoter
NULL	3592	2025-07-31	10	6	6	Promoter
NULL	3592	2026-01-31	10	5	10	Promoter
NULL	3592	2026-07-31	10	6	6	Promoter
NULL	3593	2024-01-31	1	1	1	Promoter
NULL	3593	2024-04-30	4	3	1	Detractor
NULL	3593	2024-07-31	4	6	7	Passive
NULL	3593	2024-10-31	5	NULL	3	Promoter
NULL	3593	2025-01-31	1	4	1	Detractor
NULL	3593	2025-04-30	3	3	4	Passive
NULL	3593	2025-07-31	3	8	6	Detractor
NULL	3593	2026-01-31	7	1	1	Detractor
NULL	3593	2026-04-30	5	4	1	Detractor
NULL	3594	2024-01-31	4	6	1	Detractor
NULL	3594	2024-04-30	7	2	7	Promoter
NULL	3594	2024-10-31	10	5	4	Promoter
NULL	3594	2025-01-31	6	5	6	Detractor
NULL	3594	2025-04-30	6	3	1	Detractor
NULL	3594	2025-10-31	3	7	8	Detractor
NULL	3594	2026-01-31	4	8	5	Passive
NULL	3594	2026-04-30	3	5	4	Passive
NULL	3594	2026-07-31	5	4	1	Detractor
NULL	3595	2024-01-31	9	6	5	Passive
NULL	3595	2024-04-30	6	5	3	Detractor
NULL	3595	2024-07-31	9	3	2	Detractor
NULL	3595	2025-04-30	6	4	3	Detractor
NULL	3595	2025-07-31	5	4	6	Passive
NULL	3595	2025-10-31	6	4	2	Detractor
NULL	3595	2026-01-31	8	4	8	Promoter
NULL	3595	2026-04-30	5	8	6	Detractor
NULL	3595	2026-07-31	7	5	9	Passive
NULL	3596	2024-07-31	6	NULL	9	Detractor
NULL	3596	2025-01-31	10	5	8	Promoter
NULL	3596	2025-04-30	5	8	3	Passive
NULL	3596	2025-07-31	6	7	8	Promoter
NULL	3596	2026-01-31	10	5	8	Promoter
NULL	3596	2026-04-30	8	6	1	Promoter
NULL	3597	2024-04-30	10	1	4	Promoter
NULL	3597	2025-01-31	7	7	7	Passive
NULL	3597	2025-07-31	8	6	4	Promoter
NULL	3597	2026-01-31	8	10	9	Passive
NULL	3597	04/30/2026	5	9	7	Detractor
NULL	3597	2026-07-31	9	7	6	Promoter
NULL	3598	2025-04-30	9	8	6	Promoter
NULL	3598	2025-10-31	8	9	8	Promoter
NULL	3598	2026-01-31	9	NULL	10	Promoter
NULL	3598	2026-04-30	10	5	5	Promoter
NULL	3598	2026-07-31	5	7	9	Detractor
NULL	3599	2024-04-30	4	4	3	Detractor
NULL	3599	2025-04-30	2	5	1	Detractor
NULL	3599	2025-10-31	4	5	4	Detractor
NULL	3599	2026-01-31	4	6	6	Detractor
NULL	3599	2026-04-30	6	4	3	Promoter
NULL	3599	2026-07-31	7	NULL	NULL	Promoter
NULL	3600	2025-01-31	3	3	5	Passive
NULL	3600	2025-07-31	4	5	8	Detractor
NULL	3600	2025-10-31	1	5	6	Promoter
NULL	3600	2026-01-31	5	6	5	Detractor
NULL	3600	2026-04-30	3	5	4	Detractor
NULL	3600	2026-07-31	6	4	1	Detractor
NULL	3601	2024-04-30	10	NULL	8	Promoter
NULL	3601	2024-07-31	10	9	9	Promoter
NULL	3601	2024-10-31	7	9	9	Promoter
NULL	3601	2025-01-31	9	7	5	Promoter
NULL	3601	2025-10-31	7	10	10	Promoter
NULL	3601	2026-01-31	10	10	5	Passive
NULL	3601	2026-04-30	10	10	10	Promoter
NULL	3601	2026-07-31	10	10	2	Passive
NULL	3602	2024-07-31	1	1	2	Promoter
NULL	3602	2024-10-31	1	4	1	Detractor
NULL	3602	2025-01-31	3	2	1	Detractor
NULL	3602	2025-04-30	1	1	1	Passive
NULL	3602	2025-07-31	1	1	1	Detractor
NULL	3602	2025-10-31	1	1	NULL	Passive
NULL	3602	2026-01-31	1	1	4	Detractor
NULL	3602	2026-04-30	1	1	1	Passive
NULL	3603	2024-01-31	5	7	3	Passive
NULL	3603	2024-04-30	6	2	6	Promoter
NULL	3603	2024-07-31	3	7	1	Detractor
NULL	3603	2024-10-31	4	3	5	Detractor
NULL	3603	2025-01-31	6	7	4	Passive
NULL	3603	2025-04-30	6	3	7	Passive
NULL	3603	2025-07-31	4	6	2	Detractor
NULL	3603	2025-10-31	6	6	3	Detractor
NULL	3603	2026-07-31	5	3	10	Detractor
NULL	3604	2024-01-31	10	8	7	Promoter
NULL	3604	2024-07-31	7	4	5	Promoter
NULL	3604	2024-10-31	8	7	NULL	Promoter
NULL	3604	2025-04-30	7	5	8	Passive
NULL	3604	2026-01-31	5	4	7	Promoter
NULL	3605	2026-01-31	5	5	1	Detractor
NULL	3605	2026-04-30	5	6	4	Detractor
NULL	3605	2026-07-31	7	6	7	Passive
NULL	3606	2024-04-30	3	2	2	Passive
NULL	3606	2024-07-31	6	1	5	Detractor
NULL	3606	2025-01-31	7	6	5	Detractor
NULL	3606	2025-07-31	5	2	4	Passive
NULL	3606	2025-10-31	2	4	2	Detractor
NULL	3606	2026-01-31	4	2	4	Passive
NULL	3607	2024-04-30	5	1	4	Promoter
NULL	3607	2024-07-31	3	2	1	Detractor
NULL	3607	2024-10-31	4	6	8	Detractor
NULL	3607	2025-01-31	1	8	4	Detractor
NULL	3607	2025-04-30	3	4	10	Promoter
NULL	3607	2025-07-31	2	2	4	Detractor
NULL	3607	2026-01-31	3	6	4	Detractor
NULL	3607	2026-07-31	4	5	3	Detractor
NULL	3609	2024-01-31	4	1	5	Detractor
NULL	3609	2024-04-30	6	1	3	Passive
NULL	3609	2024-07-31	2	4	1	Detractor
NULL	3609	2025-01-31	3	2	1	Detractor
NULL	3609	2025-04-30	5	2	1	Passive
NULL	3609	2025-07-31	4	4	1	Detractor
NULL	3609	2025-10-31	1	3	2	Passive
NULL	3609	2026-01-31	5	1	4	Detractor
NULL	3609	2026-04-30	1	5	2	Passive
NULL	3609	2026-07-31	2	6	7	Promoter
NULL	3610	2024-04-30	8	2	6	Passive
NULL	3610	2024-07-31	7	4	5	Detractor
NULL	3610	2024-10-31	4	1	4	Detractor
NULL	3610	2025-01-31	8	6	4	Promoter
NULL	3610	2025-04-30	5	7	3	Passive
NULL	3610	2025-07-31	3	6	4	Passive
NULL	3610	2025-10-31	6	7	6	Promoter
NULL	3610	2026-04-30	4	4	2	Promoter
NULL	3610	2026-07-31	6	3	5	Detractor
NULL	3611	10/31/2025	4	1	1	Detractor
NULL	3611	2026-01-31	2	5	2	Passive
NULL	3611	2026-04-30	3	2	4	Detractor
NULL	3611	2026-07-31	5	2	5	Detractor
NULL	3612	2024-01-31	6	1	8	Detractor
NULL	3612	2024-10-31	4	2	1	Detractor
NULL	3612	2025-01-31	7	4	4	Passive
NULL	3612	04/30/2025	5	3	NULL	Detractor
NULL	3612	2026-04-30	8	3	9	Passive
NULL	3612	2026-07-31	6	1	1	Detractor
NULL	3613	2024-04-30	2	4	1	Detractor
NULL	3613	2024-10-31	5	3	1	Detractor
NULL	3613	2025-04-30	4	6	1	Detractor
NULL	3613	2025-07-31	6	2	1	Detractor
NULL	3613	2025-10-31	8	3	2	Passive
NULL	3614	2026-07-31	10	5	10	Passive
NULL	3615	2024-04-30	7	8	10	Detractor
NULL	3615	2024-07-31	10	8	5	Promoter
NULL	3615	2024-10-31	6	7	10	Detractor
NULL	3615	2025-10-31	6	6	6	Detractor
NULL	3615	2026-01-31	8	10	9	Promoter
NULL	3615	2026-04-30	7	8	10	Detractor
NULL	3615	2026-07-31	7	5	10	Promoter
NULL	3616	2024-04-30	7	7	5	Passive
NULL	3616	2024-07-31	8	5	4	Passive
NULL	3616	2024-10-31	6	3	5	Detractor
NULL	3616	2025-04-30	6	6	6	Detractor
NULL	3616	2025-10-31	5	NULL	10	Detractor
NULL	3616	2026-04-30	9	5	NULL	Promoter
NULL	3617	2026-01-31	3	3	3	Detractor
NULL	3617	2026-07-31	3	4	6	Passive
NULL	3618	2025-04-30	6	7	7	Detractor
NULL	3618	2026-01-31	5	9	7	Detractor
NULL	3618	2026-04-30	5	8	7	Passive
NULL	3618	2026-07-31	9	4	NULL	Promoter
NULL	3619	2024-04-30	4	3	4	Detractor
NULL	3619	01/31/2025	3	1	5	Detractor
NULL	3619	2025-04-30	1	2	1	Detractor
NULL	3619	2025-07-31	4	4	1	Detractor
NULL	3619	2025-10-31	2	1	1	Detractor
NULL	3619	2026-01-31	4	6	4	Detractor
NULL	3619	2026-07-31	3	1	1	Detractor
NULL	3620	2024-01-31	4	2	3	Detractor
NULL	3620	2024-07-31	5	1	3	Passive
NULL	3620	2024-10-31	1	5	1	Detractor
NULL	3620	2025-04-30	4	1	2	Detractor
NULL	3620	07/31/2025	3	7	1	Detractor
NULL	3620	2026-01-31	5	3	1	Detractor
NULL	3620	2026-07-31	3	4	1	Detractor
NULL	3621	2024-07-31	6	3	5	Detractor
NULL	3621	2025-01-31	5	2	4	Passive
NULL	3621	2025-04-30	3	1	2	Detractor
NULL	3621	2025-07-31	3	1	4	Detractor
NULL	3621	2025-10-31	5	8	8	Detractor
NULL	3621	2026-01-31	6	6	6	Detractor
NULL	3621	2026-04-30	5	3	7	Detractor
NULL	3622	2024-04-30	6	5	4	Detractor
NULL	3622	2024-10-31	3	4	1	Detractor
NULL	3622	2025-01-31	7	6	7	Passive
NULL	3622	2025-04-30	5	7	5	Detractor
NULL	3622	2025-07-31	7	8	2	Promoter
NULL	3622	2026-01-31	4	6	5	Detractor
NULL	3622	04/30/2026	6	8	7	Detractor
NULL	3622	2026-07-31	6	8	2	Detractor
NULL	3623	2024-04-30	9	5	2	Promoter
NULL	3623	2024-07-31	7	1	2	Passive
NULL	3623	2024-10-31	3	3	6	Detractor
NULL	3623	2025-04-30	6	9	3	Detractor
NULL	3623	07/31/2025	4	2	5	Detractor
NULL	3623	2026-04-30	3	3	3	Passive
NULL	3623	2026-07-31	4	4	7	Detractor
NULL	3624	2025-10-31	3	1	2	Detractor
NULL	3624	2026-01-31	7	4	2	Passive
NULL	3624	2026-04-30	5	4	1	Passive
NULL	3624	2026-07-31	7	3	1	Promoter
NULL	3625	2024-01-31	9	8	7	Promoter
NULL	3625	2024-04-30	9	4	8	Promoter
NULL	3625	10/31/2024	10	10	7	Promoter
NULL	3625	2025-04-30	9	6	7	Passive
NULL	3625	2025-07-31	9	4	7	Promoter
NULL	3625	2026-01-31	9	9	7	Promoter
NULL	3625	2026-04-30	8	10	8	Promoter
NULL	3625	2026-07-31	10	10	7	Promoter
NULL	3626	2026-07-31	4	7	7	Promoter
NULL	3628	2025-10-31	9	5	5	Promoter
NULL	3628	2026-01-31	9	8	8	Promoter
NULL	3628	2026-04-30	10	7	5	Detractor
NULL	3630	2024-10-31	3	3	5	Detractor
NULL	3630	2025-01-31	8	8	7	Promoter
NULL	3630	2025-10-31	5	2	4	Detractor
NULL	3630	2026-01-31	9	6	6	Promoter
NULL	3631	2024-01-31	2	1	5	Detractor
NULL	3631	2024-04-30	4	2	7	Passive
NULL	3631	2024-10-31	3	5	6	Detractor
NULL	3631	2025-01-31	7	6	1	Promoter
NULL	3631	07/31/2025	3	8	6	Detractor
NULL	3631	2026-01-31	7	3	8	Promoter
NULL	3631	2026-04-30	3	4	5	Detractor
NULL	3633	2024-04-30	6	3	7	Detractor
NULL	3633	2024-07-31	6	6	6	Passive
NULL	3633	2024-10-31	4	4	4	Detractor
NULL	3633	2025-01-31	8	4	3	Promoter
NULL	3633	2025-04-30	3	7	3	Promoter
NULL	3633	2025-07-31	5	NULL	1	Passive
NULL	3633	2025-10-31	2	2	6	Detractor
NULL	3633	2026-01-31	3	3	5	Passive
NULL	3633	2026-07-31	5	1	4	Detractor
NULL	3634	2024-04-30	5	3	7	Detractor
NULL	3634	2024-07-31	5	1	5	Detractor
NULL	3634	2024-10-31	5	3	4	Passive
NULL	3634	2025-01-31	4	3	1	Passive
NULL	3634	2025-04-30	2	1	3	Promoter
NULL	3634	2025-07-31	5	3	3	Detractor
NULL	3634	2026-01-31	6	6	2	Detractor
NULL	3636	2024-01-31	4	2	2	Passive
NULL	3636	2024-04-30	3	1	1	Detractor
NULL	3636	2024-07-31	3	3	1	Passive
NULL	3636	2024-10-31	3	2	8	Detractor
NULL	3636	2025-04-30	2	4	9	Detractor
NULL	3636	2025-10-31	8	1	1	Detractor
NULL	3636	2026-01-31	3	3	NULL	Detractor
NULL	3636	2026-04-30	4	6	6	Detractor
NULL	3636	2026-07-31	5	4	1	Detractor
NULL	3638	2024-01-31	8	8	4	Promoter
NULL	3638	2024-10-31	10	3	6	Passive
NULL	3638	2025-01-31	8	9	6	Promoter
NULL	3638	2025-04-30	8	1	7	Passive
NULL	3638	2025-07-31	4	8	5	Passive
NULL	3638	2026-01-31	6	8	5	Detractor
NULL	3639	2024-01-31	2	3	5	Detractor
NULL	3639	2024-04-30	7	7	7	Promoter
NULL	3639	2024-07-31	5	3	5	Detractor
NULL	3639	2024-10-31	6	7	NULL	Detractor
NULL	3639	2025-01-31	1	5	9	Detractor
NULL	3639	2025-04-30	7	5	6	Promoter
NULL	3639	2025-07-31	3	6	7	Detractor
NULL	3639	2026-04-30	6	5	6	Passive
NULL	3640	2024-07-31	9	NULL	2	Promoter
NULL	3640	2024-10-31	4	7	9	Promoter
NULL	3640	2025-01-31	10	4	9	Promoter
NULL	3640	2025-04-30	9	5	6	Promoter
NULL	3640	2025-07-31	4	2	9	Detractor
NULL	3640	2025-10-31	4	7	7	Passive
NULL	3640	2026-01-31	8	3	6	Promoter
NULL	3640	2026-07-31	6	7	5	Detractor
NULL	3641	2024-01-31	6	8	4	Promoter
NULL	3641	2024-10-31	7	7	5	Passive
NULL	3641	2025-01-31	5	3	8	Detractor
NULL	3641	2025-04-30	3	4	2	Passive
NULL	3641	2025-07-31	6	7	5	Promoter
NULL	3641	2026-07-31	6	NULL	2	Detractor
NULL	3642	2024-01-31	10	10	10	Promoter
NULL	3642	2024-04-30	10	10	8	Promoter
NULL	3642	2024-07-31	9	6	9	Promoter
NULL	3642	2024-10-31	10	8	8	Promoter
NULL	3642	2025-04-30	10	8	6	Passive
NULL	3642	2025-10-31	9	9	6	Promoter
NULL	3642	2026-01-31	10	10	9	Promoter
NULL	3642	2026-04-30	10	10	7	Promoter
NULL	3642	2026-07-31	9	7	4	Promoter
NULL	3643	2024-10-31	9	9	4	Promoter
NULL	3643	2025-01-31	8	8	7	Promoter
NULL	3643	2025-07-31	8	10	8	Passive
NULL	3643	2025-10-31	7	8	6	Passive
NULL	3643	2026-01-31	10	6	9	Promoter
NULL	3643	2026-04-30	7	10	3	Detractor
NULL	3643	2026-07-31	10	8	7	Promoter
NULL	3644	2024-01-31	5	9	1	Detractor
NULL	3644	2024-04-30	8	9	8	Promoter
NULL	3644	2024-07-31	8	7	9	Promoter
NULL	3644	2024-10-31	5	6	4	Detractor
NULL	3644	2025-01-31	8	7	8	Promoter
NULL	3645	2025-04-30	4	5	7	Detractor
NULL	3645	2025-07-31	9	8	2	Promoter
NULL	3645	2025-10-31	5	5	7	Passive
NULL	3645	01/31/2026	6	8	8	Detractor
NULL	3645	2026-04-30	5	7	5	Detractor
NULL	3646	2025-07-31	1	3	5	Passive
NULL	3646	2026-01-31	3	3	3	Detractor
NULL	3646	2026-04-30	3	3	1	Promoter
NULL	3646	2026-07-31	3	3	3	Passive
NULL	3647	2024-01-31	6	8	1	Detractor
NULL	3647	2024-04-30	10	2	5	Promoter
NULL	3647	2024-10-31	7	7	3	Promoter
NULL	3647	2025-01-31	10	5	7	Detractor
NULL	3647	2025-04-30	8	10	7	Detractor
NULL	3647	2025-10-31	8	6	7	Passive
NULL	3647	2026-01-31	5	7	10	Detractor
NULL	3647	2026-04-30	6	5	8	Detractor
NULL	3648	2025-01-31	10	10	8	Promoter
NULL	3648	2025-04-30	9	7	5	Promoter
NULL	3648	2025-07-31	7	10	7	Detractor
NULL	3648	2025-10-31	8	10	8	Promoter
NULL	3648	2026-04-30	10	10	9	Promoter
NULL	3649	2024-01-31	6	4	4	Detractor
NULL	3649	2024-07-31	7	6	8	Passive
NULL	3649	2024-10-31	6	5	4	Passive
NULL	3649	2025-07-31	5	9	2	Passive
NULL	3649	2025-10-31	6	6	7	Passive
NULL	3649	2026-01-31	8	6	4	Promoter
NULL	3649	2026-04-30	10	7	6	Promoter
NULL	3650	2024-01-31	8	6	6	Detractor
NULL	3650	2024-04-30	8	6	2	Promoter
NULL	3650	2024-07-31	8	10	8	Promoter
NULL	3650	2025-01-31	7	NULL	7	Detractor
NULL	3650	2025-07-31	8	8	7	Passive
NULL	3650	2025-10-31	7	6	5	Passive
NULL	3651	2024-04-30	4	6	6	Detractor
NULL	3651	2024-07-31	6	8	2	Detractor
NULL	3651	10/31/2024	9	9	4	Promoter
NULL	3651	2025-04-30	8	8	NULL	Promoter
NULL	3651	2025-10-31	6	4	10	Promoter
NULL	3651	2026-01-31	6	5	8	Detractor
NULL	3651	2026-04-30	9	6	9	Promoter
NULL	3651	2026-07-31	7	7	8	Detractor
NULL	3652	2024-01-31	5	5	9	Detractor
NULL	3652	2024-04-30	8	1	7	Detractor
NULL	3652	2024-07-31	4	5	4	Detractor
NULL	3652	2024-10-31	6	5	5	Detractor
NULL	3652	2025-01-31	8	7	1	Passive
NULL	3652	2025-07-31	1	2	3	Detractor
NULL	3652	2026-01-31	8	1	5	Detractor
NULL	3652	2026-07-31	6	6	8	Detractor
NULL	3653	2024-04-30	5	6	7	Detractor
NULL	3653	2024-07-31	9	9	2	Promoter
NULL	3653	2025-04-30	7	8	9	Passive
NULL	3653	2025-10-31	7	8	1	Passive
NULL	3653	2026-01-31	5	7	9	Detractor
NULL	3653	2026-04-30	6	8	6	Detractor
NULL	3653	2026-07-31	10	9	4	Promoter
NULL	3655	2024-01-31	4	3	7	Detractor
NULL	3655	2024-04-30	3	3	10	Detractor
NULL	3655	2024-07-31	2	3	7	Detractor
NULL	3655	2024-10-31	6	4	7	Passive
NULL	3655	2025-01-31	8	2	6	Detractor
NULL	3655	2025-04-30	4	4	5	Passive
NULL	3655	2025-07-31	2	6	5	Detractor
NULL	3655	2025-10-31	3	5	8	Detractor
NULL	3655	2026-04-30	4	5	4	Detractor
NULL	3655	2026-07-31	6	3	5	Detractor
NULL	3656	2024-01-31	5	7	5	Detractor
NULL	3656	2024-04-30	4	5	5	Detractor
NULL	3656	2024-10-31	7	4	2	Detractor
NULL	3656	2025-04-30	6	6	2	Detractor
NULL	3656	2025-07-31	7	4	1	Promoter
NULL	3656	2026-01-31	1	3	1	Passive
NULL	3656	2026-04-30	7	4	2	Detractor
NULL	3657	2024-04-30	9	2	NULL	Promoter
NULL	3657	2024-07-31	7	4	6	Promoter
NULL	3657	2025-01-31	5	5	7	Detractor
NULL	3657	2025-04-30	5	9	6	Passive
NULL	3657	2025-07-31	5	7	4	Detractor
NULL	3657	2025-10-31	5	9	7	Detractor
NULL	3657	2026-01-31	5	3	4	Detractor
NULL	3658	2024-07-31	7	5	4	Passive
NULL	3658	2024-10-31	6	6	7	Promoter
NULL	3658	2025-01-31	4	6	4	Detractor
NULL	3658	2025-04-30	6	6	3	Passive
NULL	3658	2025-07-31	6	6	3	Detractor
NULL	3658	2025-10-31	4	5	10	Detractor
NULL	3658	04/30/2026	4	4	9	Passive
NULL	3658	2026-07-31	7	5	6	Passive
NULL	3659	2026-04-30	10	10	8	Promoter
NULL	3660	2026-01-31	2	3	1	Detractor
NULL	3660	2026-04-30	4	6	1	Detractor
NULL	3660	2026-07-31	1	5	1	Passive
NULL	3661	2024-04-30	4	8	5	Passive
NULL	3661	2024-10-31	9	10	7	Promoter
NULL	3661	2025-01-31	4	7	10	Detractor
NULL	3661	2025-07-31	10	6	3	Promoter
NULL	3661	2026-01-31	5	2	2	Passive
NULL	3661	2026-07-31	8	4	8	Detractor
NULL	3662	2024-04-30	8	6	8	Promoter
NULL	3662	2024-07-31	10	8	9	Passive
NULL	3662	2025-04-30	8	7	7	Passive
NULL	3662	2025-07-31	5	1	6	Detractor
NULL	3662	2025-10-31	10	10	6	Promoter
NULL	3662	2026-01-31	5	6	7	Detractor
NULL	3663	2024-01-31	10	7	10	Promoter
NULL	3663	2024-04-30	8	10	10	Promoter
NULL	3663	2024-07-31	10	10	8	Passive
NULL	3663	10/31/2024	10	9	9	Promoter
NULL	3663	2025-07-31	10	10	8	Promoter
NULL	3663	2025-10-31	9	4	10	Promoter
NULL	3663	2026-04-30	9	9	8	Detractor
NULL	3664	2024-01-31	10	7	3	Passive
NULL	3664	2024-04-30	7	3	7	Passive
NULL	3664	2024-07-31	8	5	6	Detractor
NULL	3664	2024-10-31	8	2	5	Detractor
NULL	3664	2025-01-31	7	2	7	Passive
NULL	3664	2025-07-31	5	5	6	Passive
NULL	3664	2025-10-31	5	9	6	Detractor
NULL	3664	2026-01-31	6	9	6	Detractor
NULL	3664	2026-04-30	6	8	5	Detractor
NULL	3664	2026-07-31	6	8	6	Detractor
NULL	3665	2024-01-31	6	6	7	Detractor
NULL	3665	2024-04-30	6	4	8	Passive
NULL	3665	2024-07-31	8	7	8	Detractor
NULL	3665	2025-07-31	9	7	9	Promoter
NULL	3665	2025-10-31	6	10	6	Detractor
NULL	3665	2026-01-31	8	5	4	Passive
NULL	3665	2026-04-30	8	7	9	Passive
NULL	3665	2026-07-31	7	9	8	Detractor
NULL	3666	2025-04-30	2	3	2	Detractor
NULL	3666	2025-07-31	5	6	8	Detractor
NULL	3666	2026-01-31	4	7	5	Detractor
NULL	3666	2026-04-30	3	3	7	Passive
NULL	3666	2026-07-31	6	6	NULL	Detractor
NULL	3667	2024-01-31	8	10	10	Passive
NULL	3667	2024-10-31	8	10	10	Detractor
NULL	3667	2025-01-31	10	8	7	Passive
NULL	3669	2024-01-31	6	9	2	Detractor
NULL	3669	2024-04-30	8	7	NULL	Promoter
NULL	3669	2024-07-31	7	8	8	Detractor
NULL	3669	2024-10-31	9	4	7	Promoter
NULL	3669	2025-01-31	8	10	NULL	Passive
NULL	3669	2025-04-30	7	7	4	Passive
NULL	3669	2025-07-31	10	8	10	Promoter
NULL	3669	2025-10-31	9	10	6	Promoter
NULL	3669	2026-01-31	6	5	9	Passive
NULL	3669	2026-07-31	7	7	6	Passive
NULL	3670	07/31/2025	3	5	1	Detractor
NULL	3670	2025-10-31	7	5	6	Passive
NULL	3670	2026-01-31	5	1	3	Promoter
NULL	3670	2026-04-30	4	7	4	Detractor
NULL	3671	2024-07-31	8	10	10	Passive
NULL	3671	2025-01-31	10	9	7	Passive
NULL	3671	2025-04-30	9	10	5	Promoter
NULL	3671	2025-07-31	9	6	7	Promoter
NULL	3671	2025-10-31	10	6	6	Promoter
NULL	3671	2026-01-31	8	5	9	Passive
NULL	3671	2026-04-30	6	8	6	Detractor
NULL	3672	2024-10-31	9	6	2	Promoter
NULL	3672	2025-01-31	8	10	9	Promoter
NULL	3672	2025-07-31	9	9	10	Promoter
NULL	3672	2025-10-31	8	8	5	Passive
NULL	3672	2026-01-31	10	9	5	Promoter
NULL	3672	2026-07-31	6	6	8	Detractor
NULL	3673	2024-01-31	10	9	5	Promoter
NULL	3674	2024-10-31	8	9	6	Promoter
NULL	3674	2025-01-31	10	9	7	Promoter
NULL	3675	2024-01-31	7	4	8	Passive
NULL	3675	2024-07-31	6	5	5	Detractor
NULL	3675	2024-10-31	3	7	8	Detractor
NULL	3675	2025-01-31	2	5	6	Detractor
NULL	3675	2025-10-31	8	9	NULL	Passive
NULL	3675	2026-01-31	5	3	7	Detractor
NULL	3675	2026-04-30	8	5	10	Passive
NULL	3675	2026-07-31	6	6	4	Promoter
NULL	3676	2024-01-31	6	5	3	Detractor
NULL	3676	2025-07-31	5	6	4	Detractor
NULL	3676	2025-10-31	6	4	7	Passive
NULL	3676	2026-01-31	10	NULL	1	Promoter
NULL	3676	2026-04-30	6	5	5	Detractor
NULL	3676	2026-07-31	4	4	9	Promoter
NULL	3677	2024-01-31	8	4	5	Promoter
NULL	3677	2024-04-30	4	4	10	Promoter
NULL	3677	2024-07-31	3	3	NULL	Passive
NULL	3677	2024-10-31	7	1	5	Promoter
NULL	3677	2025-01-31	8	2	2	Promoter
NULL	3677	2025-04-30	5	4	4	Passive
NULL	3677	2026-01-31	4	6	6	Detractor
NULL	3677	2026-04-30	6	8	6	Detractor
NULL	3677	2026-07-31	4	7	1	Detractor
NULL	3678	2026-01-31	6	6	3	Detractor
NULL	3678	2026-04-30	5	10	10	Promoter
NULL	3678	2026-07-31	7	NULL	6	Promoter
NULL	3679	2024-01-31	7	4	1	Promoter
NULL	3679	2024-07-31	3	3	3	Promoter
NULL	3679	2024-10-31	7	5	5	Detractor
NULL	3679	2025-01-31	4	5	4	Detractor
NULL	3679	2025-10-31	6	2	4	Detractor
NULL	3679	2026-01-31	2	6	5	Detractor
NULL	3679	2026-04-30	8	5	5	Passive
NULL	3679	2026-07-31	5	4	2	Promoter
NULL	3680	2025-10-31	7	3	2	Passive
NULL	3680	2026-01-31	6	6	5	Detractor
NULL	3680	2026-04-30	5	9	2	Detractor
NULL	3680	07/31/2026	5	5	7	Passive
NULL	3681	01/31/2024	1	9	10	Detractor
NULL	3681	2024-04-30	5	3	3	Detractor
NULL	3681	2024-07-31	5	3	4	Detractor
NULL	3681	2024-10-31	5	NULL	8	Detractor
NULL	3681	2025-04-30	4	7	4	Promoter
NULL	3681	2025-07-31	9	2	7	Promoter
NULL	3681	2026-01-31	4	5	1	Detractor
NULL	3681	2026-04-30	7	3	4	Passive
NULL	3682	2025-07-31	7	5	6	Promoter
NULL	3682	2025-10-31	4	6	1	Promoter
NULL	3682	2026-01-31	6	5	3	Detractor
NULL	3682	2026-04-30	7	2	4	Detractor
NULL	3682	2026-07-31	8	1	5	Promoter
NULL	3683	2024-04-30	9	NULL	7	Promoter
NULL	3683	2024-10-31	6	5	7	Detractor
NULL	3683	2025-01-31	3	1	3	Passive
NULL	3683	2025-04-30	5	6	6	Detractor
NULL	3683	2025-07-31	3	10	5	Passive
NULL	3683	2025-10-31	2	8	4	Detractor
NULL	3683	2026-01-31	5	4	3	Detractor
NULL	3683	2026-04-30	5	6	1	Detractor
NULL	3684	01/31/2024	4	1	1	Promoter
NULL	3684	2024-07-31	1	3	2	Detractor
NULL	3684	2025-01-31	6	4	1	Detractor
NULL	3684	2025-04-30	5	2	1	Detractor
NULL	3684	2025-07-31	2	1	4	Detractor
NULL	3684	2025-10-31	1	6	1	Detractor
NULL	3684	2026-01-31	1	2	3	Passive
NULL	3684	04/30/2026	4	1	2	Passive
NULL	3684	2026-07-31	1	2	1	Passive
NULL	3685	2024-07-31	6	5	3	Detractor
NULL	3685	2024-10-31	3	6	6	Detractor
NULL	3685	2025-01-31	9	4	5	Promoter
NULL	3685	2025-04-30	10	7	6	Passive
NULL	3685	2025-10-31	3	1	5	Detractor
NULL	3685	2026-04-30	6	3	8	Promoter
NULL	3687	2024-01-31	8	7	6	Passive
NULL	3687	2024-04-30	8	8	1	Promoter
NULL	3687	2024-07-31	9	9	8	Promoter
NULL	3687	2025-01-31	4	10	6	Detractor
NULL	3687	2025-10-31	10	9	6	Promoter
NULL	3687	2026-01-31	8	9	4	Passive
NULL	3687	2026-04-30	6	3	8	Detractor
NULL	3687	2026-07-31	7	10	8	Passive
NULL	3688	2024-07-31	3	NULL	7	Passive
NULL	3688	2025-04-30	5	2	NULL	Detractor
NULL	3688	2025-07-31	3	4	6	Detractor
NULL	3688	2026-01-31	5	1	2	Detractor
NULL	3688	2026-07-31	2	5	4	Detractor
NULL	3689	2025-01-31	7	5	7	Promoter
NULL	3689	2025-04-30	7	4	9	Promoter
NULL	3689	2025-07-31	4	7	5	Detractor
NULL	3689	2025-10-31	7	3	9	Passive
NULL	3689	2026-04-30	8	8	7	Passive
NULL	3689	2026-07-31	4	4	7	Passive
NULL	3690	2024-07-31	5	9	8	Promoter
NULL	3690	2024-10-31	6	2	5	Detractor
NULL	3690	2025-07-31	6	4	1	Detractor
NULL	3690	2025-10-31	5	5	NULL	Passive
NULL	3690	2026-01-31	2	5	1	Detractor
NULL	3691	2024-01-31	2	3	2	Detractor
NULL	3691	2025-01-31	3	7	5	Passive
NULL	3691	2025-04-30	8	NULL	7	Passive
NULL	3691	2025-07-31	7	6	1	Promoter
NULL	3691	2025-10-31	5	2	4	Detractor
NULL	3691	2026-07-31	2	1	2	Detractor
NULL	3692	2024-01-31	7	6	9	Passive
NULL	3692	2024-10-31	7	7	1	Promoter
NULL	3692	2025-01-31	9	3	10	Promoter
NULL	3692	2025-04-30	6	5	4	Detractor
NULL	3692	2025-07-31	6	9	5	Detractor
NULL	3692	2025-10-31	6	5	4	Detractor
NULL	3692	2026-01-31	8	7	5	Promoter
NULL	3692	2026-04-30	3	5	5	Detractor
NULL	3692	2026-07-31	5	NULL	5	Detractor
NULL	3693	2025-01-31	3	6	4	Passive
NULL	3693	2025-04-30	5	4	2	Detractor
NULL	3693	2025-10-31	3	5	1	Promoter
NULL	3693	2026-01-31	2	2	NULL	Detractor
NULL	3693	2026-04-30	4	3	5	Detractor
NULL	3693	2026-07-31	3	3	1	Passive
NULL	3694	2025-10-31	8	8	10	Promoter
NULL	3694	2026-01-31	7	7	7	Promoter
NULL	3694	2026-04-30	7	4	9	Passive
NULL	3694	2026-07-31	5	8	7	Detractor
NULL	3695	2024-01-31	10	10	10	Promoter
NULL	3695	2024-10-31	7	10	10	Promoter
NULL	3695	2025-01-31	7	6	9	Detractor
NULL	3695	2025-04-30	9	6	6	Detractor
NULL	3695	2025-07-31	10	10	5	Promoter
NULL	3695	2025-10-31	4	8	7	Detractor
NULL	3695	2026-01-31	9	7	10	Promoter
NULL	3695	2026-04-30	7	7	8	Detractor
NULL	3695	2026-07-31	10	10	10	Promoter
NULL	3696	2024-04-30	6	4	2	Detractor
NULL	3696	2024-07-31	8	5	2	Promoter
NULL	3696	2024-10-31	4	6	9	Detractor
NULL	3696	04/30/2025	7	7	5	Passive
NULL	3696	2025-10-31	5	7	7	Detractor
NULL	3696	2026-01-31	8	7	3	Detractor
NULL	3696	2026-04-30	7	6	9	Passive
NULL	3696	2026-07-31	6	7	4	Passive
NULL	3697	2024-01-31	5	5	9	Detractor
NULL	3697	2024-04-30	10	10	10	Promoter
NULL	3697	2024-07-31	8	NULL	7	Passive
NULL	3697	2025-01-31	10	10	9	Promoter
NULL	3697	2025-04-30	9	8	9	Promoter
NULL	3697	2025-07-31	9	10	2	Passive
NULL	3697	2025-10-31	5	9	3	Promoter
NULL	3697	2026-04-30	7	7	8	Promoter
NULL	3697	2026-07-31	8	10	5	Promoter
NULL	3698	2024-04-30	5	10	1	Detractor
NULL	3698	2025-01-31	6	NULL	2	Detractor
NULL	3698	2025-04-30	4	7	9	Promoter
NULL	3698	2025-07-31	8	5	9	Promoter
NULL	3698	2025-10-31	5	4	8	Detractor
NULL	3698	2026-01-31	2	5	4	Detractor
NULL	3698	2026-04-30	8	9	4	Detractor
NULL	3698	2026-07-31	10	2	3	Promoter
NULL	3699	04/30/2025	5	7	8	Passive
NULL	3699	2025-10-31	7	8	5	Passive
NULL	3699	2026-01-31	5	1	1	Detractor
NULL	3699	2026-04-30	8	4	9	Passive
NULL	3700	04/30/2024	7	1	1	Promoter
NULL	3700	2024-07-31	6	3	3	Detractor
NULL	3700	2025-04-30	4	5	6	Detractor
NULL	3700	2026-04-30	5	4	6	Passive
NULL	3700	2026-07-31	4	NULL	1	Detractor
NULL	3701	01/31/2024	4	6	3	Detractor
NULL	3701	2024-04-30	6	4	6	Detractor
NULL	3701	2024-10-31	5	6	5	Detractor
NULL	3701	2025-01-31	3	8	3	Detractor
NULL	3701	2025-04-30	4	6	5	Detractor
NULL	3701	2025-07-31	7	7	5	Passive
NULL	3701	2025-10-31	7	4	4	Passive
NULL	3701	2026-07-31	7	5	6	Promoter
NULL	3702	2026-07-31	6	8	1	Detractor
NULL	3703	2026-01-31	2	1	1	Passive
NULL	3703	2026-04-30	4	1	1	Detractor
NULL	3704	2024-01-31	6	7	8	Detractor
NULL	3704	2024-07-31	6	7	4	Detractor
NULL	3704	2024-10-31	5	NULL	4	Detractor
NULL	3704	2025-07-31	6	3	5	Detractor
NULL	3704	2025-10-31	10	9	1	Promoter
NULL	3704	2026-04-30	4	3	2	Detractor
NULL	3704	2026-07-31	6	7	2	Passive
NULL	3705	2025-10-31	8	4	7	Passive
NULL	3705	2026-01-31	5	5	8	Promoter
NULL	3705	2026-07-31	5	7	4	Passive
NULL	3706	2024-01-31	8	7	2	Promoter
NULL	3706	2024-07-31	5	7	4	Passive
NULL	3706	2024-10-31	6	3	5	Detractor
NULL	3706	2025-01-31	6	6	6	Detractor
NULL	3706	2025-04-30	5	1	6	Detractor
NULL	3706	2025-07-31	6	10	1	Passive
NULL	3706	2025-10-31	5	8	3	Passive
NULL	3706	2026-01-31	6	6	7	Detractor
NULL	3706	07/31/2026	4	6	6	Detractor
NULL	3707	2024-01-31	6	9	5	Promoter
NULL	3707	2024-04-30	7	6	1	Promoter
NULL	3707	2024-07-31	5	5	4	Passive
NULL	3707	2025-04-30	8	5	4	Passive
NULL	3707	2026-04-30	7	5	3	Promoter
NULL	3708	2024-10-31	7	8	10	Passive
NULL	3708	2025-01-31	8	9	5	Passive
NULL	3708	2025-07-31	8	7	5	Promoter
NULL	3708	2025-10-31	10	7	10	Passive
NULL	3708	2026-01-31	10	9	NULL	Promoter
NULL	3708	2026-04-30	10	5	5	Promoter
NULL	3708	2026-07-31	10	7	7	Passive
NULL	3709	2024-07-31	8	6	6	Detractor
NULL	3709	2025-07-31	6	10	4	Detractor
NULL	3709	2025-10-31	7	6	6	Promoter
NULL	3709	2026-01-31	5	5	10	Detractor
NULL	3709	2026-04-30	6	6	4	Detractor
NULL	3709	2026-07-31	8	2	NULL	Passive
NULL	3710	2026-01-31	3	3	5	Detractor
NULL	3710	2026-07-31	4	4	2	Detractor
NULL	3711	2024-01-31	7	6	6	Passive
NULL	3711	2024-04-30	7	7	6	Passive
NULL	3711	2024-10-31	7	7	9	Detractor
NULL	3711	2025-07-31	10	7	8	Passive
NULL	3711	2026-01-31	10	5	5	Promoter
NULL	3711	2026-07-31	10	9	7	Promoter
NULL	3712	2024-01-31	5	7	4	Detractor
NULL	3712	2024-07-31	6	4	5	Promoter
NULL	3712	2024-10-31	7	3	6	Passive
NULL	3712	2025-04-30	6	5	3	Passive
NULL	3712	2025-07-31	7	4	6	Passive
NULL	3712	2025-10-31	7	7	7	Passive
NULL	3712	2026-01-31	5	5	5	Detractor
NULL	3712	2026-04-30	6	4	9	Detractor
NULL	3712	2026-07-31	7	9	5	Passive
NULL	3713	2025-10-31	7	8	4	Passive
NULL	3713	2026-01-31	9	6	2	Promoter
NULL	3713	2026-07-31	10	8	5	Passive
NULL	3714	2024-04-30	6	3	10	Passive
NULL	3714	2024-07-31	9	5	8	Promoter
NULL	3714	2024-10-31	3	9	8	Detractor
NULL	3714	2025-04-30	8	9	3	Detractor
NULL	3714	2025-07-31	7	10	7	Detractor
NULL	3714	2026-01-31	10	5	5	Promoter
NULL	3714	2026-07-31	6	7	8	Detractor
NULL	3716	2026-01-31	1	1	1	Detractor
NULL	3716	2026-07-31	3	1	1	Detractor
NULL	3717	2025-10-31	9	9	8	Promoter
NULL	3717	2026-01-31	7	6	1	Promoter
NULL	3717	2026-04-30	10	8	7	Promoter
NULL	3718	2026-07-31	5	8	8	Detractor
NULL	3719	2024-01-31	7	7	5	Passive
NULL	3720	2024-04-30	5	8	5	Detractor
NULL	3720	2024-10-31	5	5	5	Detractor
NULL	3720	2025-01-31	7	6	10	Passive
NULL	3720	2025-04-30	9	3	NULL	Promoter
NULL	3720	2025-07-31	8	4	8	Passive
NULL	3720	2026-01-31	8	5	5	Detractor
NULL	3720	2026-04-30	6	3	5	Passive
NULL	3721	2025-10-31	10	10	10	Promoter
NULL	3721	2026-01-31	9	10	10	Promoter
NULL	3721	2026-04-30	9	4	6	Promoter
NULL	3721	2026-07-31	10	10	6	Promoter
NULL	3723	2024-10-31	5	4	6	Promoter
NULL	3723	2025-01-31	5	5	2	Detractor
NULL	3723	2025-04-30	5	5	3	Detractor
NULL	3723	2025-10-31	5	4	6	Passive
NULL	3723	2026-04-30	6	5	1	Detractor
NULL	3723	2026-07-31	6	5	6	Promoter
NULL	3724	2025-10-31	5	2	NULL	Detractor
NULL	3724	2026-01-31	5	3	3	Passive
NULL	3724	2026-04-30	5	3	5	Passive
NULL	3724	2026-07-31	4	1	NULL	Detractor
NULL	3725	2024-01-31	5	6	4	Detractor
NULL	3725	2024-07-31	8	7	1	Promoter
NULL	3725	2024-10-31	4	9	9	Detractor
NULL	3725	2025-01-31	10	5	7	Promoter
NULL	3725	2025-10-31	3	4	3	Detractor
NULL	3725	2026-04-30	3	4	5	Detractor
NULL	3725	2026-07-31	5	4	NULL	Detractor
NULL	3726	2025-07-31	4	6	8	Detractor
NULL	3726	2026-01-31	7	7	7	Passive
NULL	3726	2026-04-30	5	2	7	Detractor
NULL	3726	2026-07-31	9	8	3	Promoter
NULL	3727	2024-01-31	5	4	1	Detractor
NULL	3727	2024-04-30	5	6	2	Passive
NULL	3727	2024-10-31	7	6	4	Passive
NULL	3727	2025-04-30	7	4	5	Promoter
NULL	3727	2025-07-31	5	1	9	Passive
NULL	3727	2026-01-31	3	6	8	Detractor
NULL	3727	2026-07-31	5	1	6	Detractor
NULL	3728	2025-10-31	3	7	5	Detractor
NULL	3728	2026-01-31	8	4	2	Passive
NULL	3728	2026-04-30	5	1	6	Passive
NULL	3730	2024-01-31	5	3	1	Detractor
NULL	3730	2024-04-30	5	2	3	Detractor
NULL	3730	2024-07-31	4	1	7	Passive
NULL	3730	2024-10-31	7	6	2	Passive
NULL	3730	2025-01-31	7	6	1	Passive
NULL	3730	2025-04-30	5	7	4	Detractor
NULL	3730	2025-10-31	7	3	3	Detractor
NULL	3730	2026-01-31	7	5	8	Promoter
NULL	3730	2026-04-30	6	4	8	Detractor
NULL	3730	2026-07-31	6	5	4	Passive
NULL	3731	2026-07-31	9	9	6	Promoter
NULL	3732	2026-07-31	5	6	5	Detractor
NULL	3735	2024-01-31	6	NULL	5	Detractor
NULL	3735	2024-04-30	7	7	3	Detractor
NULL	3735	07/31/2024	6	3	9	Passive
NULL	3735	2024-10-31	5	6	5	Detractor
NULL	3735	2025-07-31	8	8	NULL	Promoter
NULL	3735	2026-01-31	8	2	1	Passive
NULL	3735	2026-07-31	8	10	4	Promoter
NULL	3736	2024-01-31	3	1	1	Detractor
NULL	3736	2024-07-31	2	2	1	Passive
NULL	3736	2025-01-31	5	4	1	Detractor
NULL	3736	2025-04-30	6	1	1	Detractor
NULL	3736	2025-07-31	1	1	2	Passive
NULL	3736	2025-10-31	3	6	2	Detractor
NULL	3736	2026-07-31	1	5	4	Detractor
NULL	3738	2024-01-31	5	9	4	Detractor
NULL	3738	2024-07-31	6	4	6	Passive
NULL	3738	2024-10-31	8	7	9	Passive
NULL	3738	2025-01-31	5	8	5	Detractor
NULL	3738	2025-04-30	10	4	5	Promoter
NULL	3738	2025-07-31	5	10	4	Detractor
NULL	3738	2025-10-31	5	5	8	Detractor
NULL	3738	2026-01-31	3	6	9	Passive
NULL	3738	2026-07-31	6	3	4	Detractor
NULL	3739	2024-01-31	5	7	7	Detractor
NULL	3739	2024-04-30	5	7	3	Detractor
NULL	3739	2024-07-31	6	5	6	Detractor
NULL	3739	2024-10-31	7	NULL	NULL	Promoter
NULL	3739	2025-01-31	6	5	6	Passive
NULL	3739	2025-04-30	7	5	4	Promoter
NULL	3739	2025-10-31	8	3	9	Promoter
NULL	3739	01/31/2026	6	5	7	Detractor
NULL	3739	2026-04-30	6	4	7	Detractor
NULL	3740	2025-07-31	7	10	10	Promoter
NULL	3740	2026-01-31	7	8	9	Promoter
NULL	3740	2026-04-30	9	5	8	Promoter
NULL	3740	2026-07-31	10	10	5	Promoter
NULL	3741	2024-10-31	10	6	10	Promoter
NULL	3741	2025-01-31	10	10	6	Promoter
NULL	3741	2025-04-30	7	6	7	Passive
NULL	3741	2025-07-31	10	10	7	Promoter
NULL	3741	2025-10-31	10	10	4	Promoter
NULL	3741	2026-01-31	7	10	9	Passive
NULL	3741	04/30/2026	10	10	7	Promoter
NULL	3741	2026-07-31	9	10	6	Promoter
NULL	3742	2026-07-31	1	1	1	Detractor
NULL	3743	2024-04-30	6	8	8	Detractor
NULL	3743	2024-07-31	6	8	10	Detractor
NULL	3743	2024-10-31	8	6	5	Promoter
NULL	3743	01/31/2025	6	5	8	Detractor
NULL	3743	2025-04-30	8	5	8	Passive
NULL	3743	2025-07-31	8	8	8	Passive
NULL	3743	2026-04-30	10	5	10	Promoter
NULL	3743	2026-07-31	5	5	9	Detractor
NULL	3744	2024-01-31	9	2	7	Passive
NULL	3744	2024-04-30	7	5	4	Promoter
NULL	3744	2024-07-31	6	10	7	Detractor
NULL	3744	2024-10-31	9	6	3	Detractor
NULL	3744	2025-01-31	6	7	8	Detractor
NULL	3744	2025-10-31	8	7	4	Promoter
NULL	3744	2026-01-31	9	5	7	Passive
NULL	3744	2026-07-31	7	6	10	Passive
NULL	3745	2024-01-31	4	3	6	Detractor
NULL	3745	2024-07-31	5	5	3	Detractor
NULL	3745	2024-10-31	4	4	5	Detractor
NULL	3745	2025-04-30	6	7	4	Detractor
NULL	3745	2025-07-31	5	3	6	Detractor
NULL	3745	2025-10-31	6	3	2	Passive
NULL	3745	2026-01-31	8	4	7	Detractor
NULL	3745	2026-04-30	5	1	2	Passive
NULL	3745	2026-07-31	6	5	3	Promoter
NULL	3746	2025-10-31	7	3	4	Promoter
NULL	3746	2026-04-30	2	5	3	Detractor
NULL	3746	2026-07-31	6	4	7	Detractor
NULL	3747	2025-01-31	8	NULL	5	Passive
NULL	3747	2025-07-31	8	6	5	Passive
NULL	3747	2025-10-31	4	4	7	Detractor
NULL	3747	2026-01-31	6	4	7	Passive
NULL	3747	2026-04-30	7	2	10	Promoter
NULL	3747	2026-07-31	6	4	6	Promoter
NULL	3748	2026-01-31	8	8	10	Detractor
NULL	3748	2026-04-30	7	7	9	Passive
NULL	3748	2026-07-31	8	10	8	Promoter
NULL	3749	2024-01-31	5	NULL	1	Detractor
NULL	3749	2024-04-30	2	10	8	Passive
NULL	3750	2024-04-30	9	4	9	Promoter
NULL	3751	2025-04-30	3	6	2	Detractor
NULL	3751	2025-07-31	10	8	5	Promoter
NULL	3751	2025-10-31	6	7	6	Passive
NULL	3751	2026-07-31	7	7	1	Passive
NULL	3752	2024-01-31	4	8	8	Detractor
NULL	3752	2024-04-30	7	5	3	Passive
NULL	3752	2024-07-31	9	4	4	Promoter
NULL	3752	2025-01-31	6	7	3	Detractor
NULL	3752	2025-07-31	4	5	8	Passive
NULL	3752	2026-01-31	7	5	NULL	Promoter
NULL	3752	2026-07-31	5	7	5	Passive
NULL	3753	2024-01-31	6	7	3	Detractor
NULL	3753	2024-04-30	6	3	9	Detractor
NULL	3753	2024-07-31	6	1	8	Detractor
NULL	3753	2024-10-31	6	6	8	Detractor
NULL	3753	2025-01-31	5	8	5	Detractor
NULL	3753	2025-04-30	6	10	5	Promoter
NULL	3753	2025-07-31	7	5	3	Detractor
NULL	3753	2025-10-31	7	6	1	Passive
NULL	3753	2026-01-31	8	1	9	Passive
NULL	3753	2026-04-30	5	8	6	Passive
NULL	3753	2026-07-31	10	9	7	Promoter
NULL	3754	2025-07-31	10	9	3	Passive
NULL	3754	2025-10-31	10	9	NULL	Detractor
NULL	3754	2026-04-30	10	10	5	Promoter
NULL	3754	2026-07-31	8	9	5	Promoter
NULL	3755	2025-01-31	5	3	1	Detractor
NULL	3755	2025-04-30	8	1	1	Passive
NULL	3755	2025-07-31	5	9	4	Detractor
NULL	3755	2025-10-31	7	3	3	Passive
NULL	3755	2026-04-30	5	1	3	Detractor
NULL	3756	2024-01-31	7	1	10	Passive
NULL	3756	2024-04-30	5	8	3	Passive
NULL	3756	2024-07-31	5	7	9	Passive
NULL	3756	2024-10-31	4	4	4	Detractor
NULL	3756	2025-04-30	6	1	5	Detractor
NULL	3756	2025-07-31	8	4	6	Passive
NULL	3756	2025-10-31	8	6	5	Passive
NULL	3756	2026-04-30	4	5	8	Detractor
NULL	3757	2026-04-30	10	6	10	Promoter
NULL	3757	2026-07-31	8	9	10	Passive
NULL	3758	2026-04-30	5	1	5	Detractor
NULL	3758	2026-07-31	5	2	4	Passive
NULL	3759	2024-01-31	3	5	5	Detractor
NULL	3759	2024-07-31	3	6	1	Passive
NULL	3759	2025-01-31	3	1	2	Passive
NULL	3759	2025-04-30	1	2	1	Detractor
NULL	3759	2025-07-31	3	2	1	Detractor
NULL	3760	01/31/2024	10	9	6	Promoter
NULL	3760	2024-04-30	8	9	4	Detractor
NULL	3760	2024-10-31	7	10	10	Passive
NULL	3760	2025-01-31	8	4	3	Promoter
NULL	3760	2025-04-30	9	6	8	Passive
NULL	3760	2025-10-31	8	7	6	Promoter
NULL	3760	2026-01-31	10	NULL	9	Promoter
NULL	3760	2026-07-31	10	6	5	Promoter
NULL	3761	2024-10-31	4	5	3	Detractor
NULL	3761	2025-04-30	4	6	2	Detractor
NULL	3761	2025-07-31	4	1	5	Detractor
NULL	3761	2025-10-31	5	3	3	Passive
NULL	3761	2026-01-31	4	7	1	Passive
NULL	3761	2026-04-30	4	5	1	Detractor
NULL	3761	2026-07-31	7	5	7	Promoter
NULL	3763	2024-04-30	8	10	8	Passive
NULL	3763	2024-07-31	10	8	9	Detractor
NULL	3763	2025-01-31	8	7	9	Passive
NULL	3763	2025-07-31	10	9	10	Promoter
NULL	3763	2025-10-31	7	7	5	Detractor
NULL	3763	2026-01-31	8	6	10	Passive
NULL	3763	2026-04-30	10	8	NULL	Promoter
NULL	3763	2026-07-31	5	6	4	Promoter
NULL	3764	2024-01-31	6	2	5	Detractor
NULL	3764	2024-04-30	5	1	1	Passive
NULL	3764	2024-07-31	1	5	9	Promoter
NULL	3764	2024-10-31	3	8	2	Passive
NULL	3764	2025-04-30	2	1	9	Promoter
NULL	3764	2026-01-31	3	2	5	Detractor
NULL	3764	2026-07-31	5	4	5	Detractor
NULL	3765	2024-01-31	8	8	NULL	Passive
NULL	3765	2025-01-31	7	2	4	Passive
NULL	3765	2025-07-31	7	4	6	Passive
NULL	3765	2025-10-31	8	8	5	Passive
NULL	3765	2026-01-31	4	5	5	Detractor
NULL	3765	04/30/2026	8	6	NULL	Passive
NULL	3765	2026-07-31	8	5	7	Passive
NULL	3766	2024-07-31	5	1	5	Detractor
NULL	3766	2024-10-31	6	6	4	Promoter
NULL	3766	2025-01-31	4	6	4	Detractor
NULL	3766	2025-07-31	2	2	6	Passive
NULL	3766	2025-10-31	4	4	4	Detractor
NULL	3766	2026-07-31	6	6	6	Detractor
NULL	3767	2024-01-31	3	NULL	6	Detractor
NULL	3767	2024-04-30	7	7	2	Promoter
NULL	3767	2024-07-31	4	NULL	3	Detractor
NULL	3767	2024-10-31	1	7	4	Detractor
NULL	3767	2025-01-31	4	3	5	Detractor
NULL	3767	2025-04-30	3	10	7	Passive
NULL	3767	2025-07-31	5	6	10	Passive
NULL	3767	10/31/2025	6	2	6	Detractor
NULL	3767	2026-04-30	4	8	2	Detractor
NULL	3767	2026-07-31	6	6	5	Detractor
NULL	3768	2024-04-30	10	10	6	Promoter
NULL	3769	2026-07-31	7	4	6	Passive
NULL	3770	2024-10-31	5	3	1	Detractor
NULL	3770	2025-01-31	4	1	1	Passive
NULL	3770	2025-04-30	7	8	6	Passive
NULL	3770	2025-07-31	5	4	6	Detractor
NULL	3770	2025-10-31	7	5	7	Passive
NULL	3770	2026-01-31	4	5	3	Promoter
NULL	3770	2026-04-30	5	6	8	Detractor
NULL	3770	2026-07-31	6	5	6	Detractor
NULL	3771	2024-04-30	10	9	4	Passive
NULL	3771	2024-07-31	10	5	9	Promoter
NULL	3771	2024-10-31	9	10	8	Promoter
NULL	3771	01/31/2025	10	5	10	Promoter
NULL	3771	2025-04-30	10	8	8	Promoter
NULL	3771	2025-10-31	10	7	9	Detractor
NULL	3771	2026-01-31	9	10	9	Promoter
NULL	3771	2026-04-30	10	8	10	Promoter
NULL	3772	2024-04-30	6	10	9	Detractor
NULL	3772	2025-01-31	10	10	8	Promoter
NULL	3773	2026-01-31	4	9	5	Detractor
NULL	3773	2026-04-30	2	3	5	Detractor
NULL	3775	01/31/2024	4	8	9	Detractor
NULL	3775	2024-04-30	5	3	8	Detractor
NULL	3775	2024-07-31	5	4	1	Promoter
NULL	3775	2024-10-31	5	4	7	Promoter
NULL	3775	2025-01-31	5	1	9	Promoter
NULL	3775	2025-04-30	5	6	6	Promoter
NULL	3775	2025-07-31	5	8	8	Detractor
NULL	3775	2025-10-31	3	1	2	Detractor
NULL	3775	2026-04-30	6	NULL	5	Detractor
NULL	3775	2026-07-31	8	6	10	Detractor
NULL	3776	2024-10-31	1	5	1	Detractor
NULL	3776	2025-01-31	1	2	1	Passive
NULL	3776	2025-04-30	1	4	3	Detractor
NULL	3776	2025-07-31	1	8	4	Detractor
NULL	3776	2025-10-31	1	1	1	Promoter
NULL	3776	2026-04-30	3	2	1	Passive
NULL	3776	2026-07-31	3	1	5	Detractor
NULL	3778	2025-10-31	8	6	6	Promoter
NULL	3778	2026-01-31	7	8	7	Passive
NULL	3778	2026-04-30	4	1	5	Detractor
NULL	3778	2026-07-31	5	7	4	Detractor
NULL	3779	2026-04-30	7	9	3	Promoter
NULL	3779	2026-07-31	6	6	7	Detractor
NULL	3780	2024-01-31	3	4	1	Passive
NULL	3780	2024-07-31	1	4	1	Detractor
NULL	3780	2024-10-31	5	4	NULL	Detractor
NULL	3780	2025-01-31	3	4	4	Passive
NULL	3780	2025-10-31	6	3	6	Detractor
NULL	3780	2026-01-31	4	5	5	Detractor
NULL	3780	2026-04-30	6	4	5	Promoter
NULL	3780	2026-07-31	5	1	5	Passive
NULL	3781	2026-01-31	3	10	2	Detractor
NULL	3782	2024-01-31	10	6	9	Promoter
NULL	3782	2024-04-30	5	6	8	Passive
NULL	3782	2024-10-31	4	4	10	Detractor
NULL	3782	2025-10-31	9	7	10	Promoter
NULL	3782	2026-07-31	9	6	9	Promoter
NULL	3783	2025-07-31	2	4	2	Detractor
NULL	3783	2025-10-31	6	5	3	Detractor
NULL	3783	2026-01-31	8	5	6	Passive
NULL	3783	2026-04-30	8	4	6	Promoter
NULL	3783	2026-07-31	6	2	NULL	Detractor
NULL	3784	2024-01-31	4	1	8	Detractor
NULL	3784	2024-07-31	6	5	8	Detractor
NULL	3784	2024-10-31	3	7	5	Passive
NULL	3784	2025-01-31	6	6	6	Detractor
NULL	3784	2025-10-31	8	5	7	Passive
NULL	3784	2026-04-30	6	6	1	Detractor
NULL	3784	2026-07-31	5	7	1	Detractor
NULL	3785	2025-04-30	6	6	3	Detractor
NULL	3785	2025-07-31	4	5	3	Detractor
NULL	3785	2025-10-31	1	8	3	Detractor
NULL	3786	2024-01-31	7	6	6	Passive
NULL	3786	2024-10-31	5	5	5	Detractor
NULL	3786	2025-01-31	4	5	6	Detractor
NULL	3786	2025-04-30	4	5	8	Detractor
NULL	3786	10/31/2025	7	5	4	Passive
NULL	3786	2026-01-31	2	5	NULL	Detractor
NULL	3786	2026-04-30	6	6	4	Passive
NULL	3787	2025-04-30	6	9	5	Detractor
NULL	3787	2025-07-31	9	5	5	Promoter
NULL	3787	2025-10-31	6	7	6	Detractor
NULL	3787	2026-01-31	8	8	5	Detractor
NULL	3787	2026-04-30	8	9	7	Passive
NULL	3787	2026-07-31	3	7	4	Detractor
NULL	3788	2024-01-31	6	1	1	Detractor
NULL	3788	2024-04-30	1	3	2	Passive
NULL	3788	2024-07-31	2	4	5	Passive
NULL	3788	2024-10-31	4	4	7	Detractor
NULL	3788	2025-04-30	3	6	1	Passive
NULL	3788	2025-07-31	4	1	4	Passive
NULL	3788	2025-10-31	5	1	2	Detractor
NULL	3788	2026-04-30	1	1	4	Passive
NULL	3788	2026-07-31	3	2	7	Detractor
NULL	3789	2026-07-31	5	8	8	Detractor
NULL	3790	2025-01-31	2	1	1	Promoter
NULL	3790	2025-07-31	1	4	5	Detractor
NULL	3790	2025-10-31	3	1	1	Passive
NULL	3790	2026-01-31	4	3	1	Detractor
NULL	3790	2026-04-30	1	4	1	Detractor
NULL	3790	2026-07-31	5	5	3	Detractor
NULL	3791	2024-04-30	10	10	10	Promoter
NULL	3791	2024-07-31	10	10	8	Promoter
NULL	3791	2025-01-31	9	7	6	Promoter
NULL	3791	2025-04-30	7	7	NULL	Passive
NULL	3791	2025-07-31	9	8	10	Promoter
NULL	3791	2025-10-31	9	4	8	Promoter
NULL	3791	2026-01-31	8	9	10	Passive
NULL	3791	2026-04-30	4	9	6	Detractor
NULL	3791	2026-07-31	10	7	9	Promoter
NULL	3793	2025-07-31	4	6	3	Passive
NULL	3793	2025-10-31	4	2	6	Passive
NULL	3793	2026-01-31	7	2	3	Passive
NULL	3793	2026-07-31	4	1	4	Passive
NULL	3794	2026-07-31	4	5	5	Detractor
NULL	3795	2024-01-31	4	1	1	Detractor
NULL	3795	2024-04-30	6	7	3	Detractor
NULL	3795	2024-10-31	1	4	1	Promoter
NULL	3795	2025-04-30	1	3	6	Passive
NULL	3795	2025-07-31	3	1	1	Passive
NULL	3795	2025-10-31	1	2	6	Detractor
NULL	3796	2024-01-31	4	5	6	Promoter
NULL	3796	2024-04-30	4	7	NULL	Detractor
NULL	3796	2024-10-31	5	2	6	Promoter
NULL	3796	2025-01-31	4	6	1	Promoter
NULL	3796	04/30/2025	1	4	4	Passive
NULL	3796	2025-07-31	4	3	3	Detractor
NULL	3796	2025-10-31	4	5	3	Detractor
NULL	3796	2026-04-30	7	6	7	Promoter
NULL	3796	2026-07-31	4	1	NULL	Detractor
NULL	3797	2024-10-31	2	2	10	Detractor
NULL	3797	2025-01-31	6	5	2	Detractor
NULL	3797	2025-04-30	3	6	4	Detractor
NULL	3797	2025-07-31	4	NULL	3	Detractor
NULL	3797	2025-10-31	1	NULL	5	Detractor
NULL	3797	2026-01-31	3	4	5	Detractor
NULL	3797	2026-04-30	3	3	3	Detractor
NULL	3797	2026-07-31	3	3	3	Detractor
NULL	3798	2024-01-31	5	8	6	Detractor
NULL	3798	2024-04-30	8	NULL	7	Passive
NULL	3798	2024-07-31	6	10	7	Detractor
NULL	3798	2024-10-31	6	8	6	Detractor
NULL	3798	2025-07-31	6	5	4	Detractor
NULL	3798	2025-10-31	7	7	6	Promoter
NULL	3798	2026-01-31	7	5	1	Promoter
NULL	3798	2026-04-30	5	4	5	Passive
NULL	3798	2026-07-31	8	5	3	Promoter
NULL	3799	2026-04-30	5	10	4	Passive
NULL	3800	2024-01-31	9	6	8	Promoter
NULL	3800	2024-04-30	7	8	6	Promoter
NULL	3800	2024-10-31	8	8	6	Passive
NULL	3800	2025-01-31	9	7	3	Promoter
NULL	3800	2025-04-30	9	8	10	Promoter
NULL	3800	2025-07-31	8	7	NULL	Passive
NULL	3800	2026-01-31	9	6	6	Promoter
NULL	3801	2025-10-31	6	5	NULL	Detractor
NULL	3801	2026-07-31	4	6	2	Detractor
NULL	3802	2024-01-31	5	7	6	Detractor
NULL	3802	2024-04-30	5	4	7	Passive
NULL	3802	2024-07-31	6	9	3	Detractor
NULL	3802	2024-10-31	10	5	3	Passive
NULL	3802	2025-01-31	7	2	1	Passive
NULL	3802	2025-04-30	6	5	6	Promoter
NULL	3802	2025-07-31	8	8	3	Detractor
NULL	3802	2026-04-30	9	5	3	Promoter
NULL	3802	2026-07-31	4	7	6	Detractor
NULL	3804	2024-01-31	10	2	4	Promoter
NULL	3804	2024-04-30	7	7	6	Passive
NULL	3804	2024-07-31	7	5	1	Promoter
NULL	3804	2025-01-31	7	9	6	Promoter
NULL	3804	2025-04-30	7	NULL	6	Promoter
NULL	3804	2025-07-31	6	10	4	Passive
NULL	3804	2025-10-31	8	7	3	Detractor
NULL	3804	2026-04-30	9	4	6	Promoter
NULL	3804	2026-07-31	6	5	6	Passive
NULL	3805	2024-07-31	5	1	1	Passive
NULL	3805	2025-01-31	5	3	6	Detractor
NULL	3805	2025-07-31	2	NULL	1	Detractor
NULL	3805	2025-10-31	2	1	3	Detractor
NULL	3805	2026-01-31	2	1	1	Detractor
NULL	3805	2026-07-31	4	2	4	Passive
NULL	3806	2024-01-31	2	4	4	Detractor
NULL	3806	2024-07-31	3	1	4	Passive
NULL	3806	2024-10-31	1	4	1	Detractor
NULL	3806	2025-01-31	2	1	1	Detractor
NULL	3806	2025-07-31	1	3	5	Detractor
NULL	3806	2025-10-31	5	3	1	Promoter
NULL	3806	2026-01-31	3	4	1	Passive
NULL	3806	2026-04-30	1	4	1	Passive
NULL	3807	2024-07-31	10	8	2	Promoter
NULL	3807	2025-01-31	7	8	10	Detractor
NULL	3807	2025-04-30	6	5	7	Detractor
NULL	3807	2025-07-31	6	7	8	Passive
NULL	3807	10/31/2025	6	4	NULL	Detractor
NULL	3807	01/31/2026	8	7	7	Promoter
NULL	3807	2026-04-30	8	8	4	Passive
NULL	3808	2026-04-30	4	8	10	Detractor
NULL	3808	2026-07-31	10	10	7	Promoter
NULL	3809	2026-07-31	4	7	6	Passive
NULL	3810	2024-07-31	8	4	7	Passive
NULL	3810	2025-04-30	9	9	5	Promoter
NULL	3810	2025-10-31	4	1	NULL	Detractor
NULL	3810	2026-07-31	8	6	2	Detractor
NULL	3811	2026-07-31	7	4	6	Passive
NULL	3812	2024-10-31	8	5	5	Promoter
NULL	3812	2025-04-30	3	7	10	Passive
NULL	3812	2025-07-31	5	5	5	Detractor
NULL	3812	2026-01-31	4	6	5	Detractor
NULL	3812	2026-04-30	4	5	9	Passive
NULL	3813	2024-04-30	5	7	9	Promoter
NULL	3813	2024-07-31	4	8	10	Detractor
NULL	3813	2024-10-31	2	6	6	Promoter
NULL	3813	2025-01-31	4	5	6	Detractor
NULL	3813	2025-04-30	4	5	5	Passive
NULL	3813	2025-10-31	8	4	10	Promoter
NULL	3813	2026-04-30	9	3	4	Promoter
NULL	3813	2026-07-31	4	4	2	Passive
NULL	3814	2024-07-31	3	9	8	Detractor
NULL	3814	2025-01-31	4	3	7	Detractor
NULL	3814	04/30/2025	6	3	4	Passive
NULL	3814	2025-07-31	3	6	7	Detractor
NULL	3814	2025-10-31	6	4	6	Detractor
NULL	3814	2026-01-31	4	8	3	Detractor
NULL	3814	2026-04-30	4	6	4	Detractor
NULL	3814	2026-07-31	3	3	NULL	Detractor
NULL	3815	2024-01-31	8	8	6	Passive
NULL	3815	2024-10-31	7	2	8	Passive
NULL	3815	2025-04-30	6	8	3	Detractor
NULL	3815	07/31/2025	4	4	10	Detractor
NULL	3815	2025-10-31	8	5	8	Detractor
NULL	3815	2026-01-31	6	9	4	Detractor
NULL	3815	2026-04-30	7	5	3	Passive
NULL	3815	2026-07-31	8	7	1	Passive
NULL	3816	2024-01-31	8	4	2	Promoter
NULL	3816	2024-04-30	6	1	6	Detractor
NULL	3816	2024-07-31	7	6	7	Promoter
NULL	3816	2024-10-31	5	5	4	Detractor
NULL	3816	2025-04-30	5	7	10	Passive
NULL	3816	2025-07-31	6	2	7	Detractor
NULL	3816	2025-10-31	4	7	3	Detractor
NULL	3816	2026-01-31	5	6	6	Detractor
NULL	3816	2026-04-30	6	8	4	Passive
NULL	3816	2026-07-31	5	2	5	Detractor
NULL	3817	2024-01-31	6	5	6	Passive
NULL	3817	2024-04-30	9	9	5	Promoter
NULL	3817	07/31/2024	5	7	4	Detractor
NULL	3817	2024-10-31	8	8	5	Promoter
NULL	3817	2025-01-31	8	8	7	Promoter
NULL	3817	2025-04-30	7	10	6	Passive
NULL	3818	2026-07-31	10	6	8	Promoter
NULL	3819	2025-04-30	2	7	2	Detractor
NULL	3819	2025-07-31	6	5	10	Detractor
NULL	3819	2026-04-30	9	6	7	Promoter
NULL	3819	2026-07-31	4	7	7	Detractor
NULL	3820	2024-07-31	7	4	7	Passive
NULL	3820	2024-10-31	8	9	5	Promoter
NULL	3820	2025-04-30	6	10	5	Detractor
NULL	3820	2025-07-31	6	7	9	Detractor
NULL	3820	2025-10-31	9	8	8	Promoter
NULL	3820	2026-04-30	7	6	7	Passive
NULL	3820	2026-07-31	10	9	6	Promoter
NULL	3821	2024-07-31	5	8	6	Detractor
NULL	3821	2024-10-31	5	7	3	Detractor
NULL	3821	2025-07-31	9	7	5	Promoter
NULL	3821	2026-01-31	6	8	5	Detractor
NULL	3822	01/31/2025	7	1	4	Passive
NULL	3822	2025-04-30	1	10	4	Detractor
NULL	3822	07/31/2025	7	4	6	Passive
NULL	3822	2026-01-31	3	3	6	Detractor
NULL	3822	2026-04-30	3	5	3	Detractor
NULL	3823	2025-01-31	3	6	7	Passive
NULL	3823	2025-07-31	7	10	1	Promoter
NULL	3823	2025-10-31	7	3	6	Passive
NULL	3823	2026-04-30	3	7	4	Passive
NULL	3823	2026-07-31	7	3	4	Detractor
NULL	3824	2024-10-31	1	4	3	Detractor
NULL	3824	2025-01-31	2	1	1	Passive
NULL	3824	2025-04-30	3	3	2	Passive
NULL	3824	2025-07-31	3	4	5	Detractor
NULL	3824	2025-10-31	6	2	2	Detractor
NULL	3824	2026-04-30	7	NULL	6	Promoter
NULL	3824	2026-07-31	3	2	4	Detractor
NULL	3825	2024-04-30	5	NULL	2	Detractor
NULL	3825	2024-07-31	7	5	1	Promoter
NULL	3825	2024-10-31	3	7	7	Passive
NULL	3825	2025-04-30	6	3	2	Detractor
NULL	3825	2025-07-31	7	8	4	Detractor
NULL	3825	2026-01-31	4	1	3	Passive
NULL	3825	2026-07-31	3	7	5	Passive
NULL	3826	2024-01-31	1	3	2	Passive
NULL	3826	2024-04-30	1	1	1	Detractor
NULL	3826	2024-10-31	4	1	2	Promoter
NULL	3826	2025-01-31	1	1	2	Passive
NULL	3826	2025-04-30	2	1	1	Passive
NULL	3826	2025-07-31	1	1	1	Detractor
NULL	3826	2026-01-31	3	1	1	Detractor
NULL	3826	2026-04-30	1	2	NULL	Detractor
NULL	3826	2026-07-31	3	1	2	Detractor
NULL	3827	2026-04-30	5	6	5	Detractor
NULL	3828	2024-01-31	5	1	3	Passive
NULL	3828	2024-04-30	6	5	9	Detractor
NULL	3828	2024-07-31	4	4	9	Detractor
NULL	3828	2024-10-31	9	6	2	Promoter
NULL	3828	2025-01-31	6	5	6	Passive
NULL	3828	2025-04-30	8	9	5	Detractor
NULL	3828	2025-10-31	6	6	7	Detractor
NULL	3828	2026-04-30	8	4	2	Promoter
NULL	3828	2026-07-31	6	10	6	Promoter
NULL	3829	2024-01-31	4	7	2	Passive
NULL	3829	2024-04-30	4	6	6	Detractor
NULL	3829	2025-07-31	5	6	2	Passive
NULL	3829	2025-10-31	6	6	1	Detractor
NULL	3829	2026-01-31	4	6	1	Detractor
NULL	3829	2026-04-30	2	2	4	Passive
NULL	3829	2026-07-31	4	3	NULL	Detractor
NULL	3830	2024-04-30	3	4	7	Detractor
NULL	3830	2024-07-31	5	3	3	Detractor
NULL	3830	2024-10-31	7	6	4	Promoter
NULL	3830	2025-01-31	7	1	1	Passive
NULL	3830	2025-04-30	4	4	2	Promoter
NULL	3830	2025-10-31	5	5	6	Detractor
NULL	3830	2026-01-31	8	5	6	Passive
NULL	3830	2026-07-31	5	3	4	Detractor
NULL	3831	2024-04-30	6	3	6	Detractor
NULL	3831	2024-07-31	6	3	5	Detractor
NULL	3831	2025-01-31	7	6	4	Passive
NULL	3831	2025-04-30	7	5	6	Passive
NULL	3831	2025-07-31	5	4	NULL	Passive
NULL	3831	2025-10-31	6	5	2	Passive
NULL	3831	2026-01-31	6	6	7	Passive
NULL	3831	2026-04-30	8	7	1	Promoter
NULL	3831	2026-07-31	8	3	10	Passive
NULL	3832	2024-01-31	6	4	1	Detractor
NULL	3832	2024-07-31	8	4	7	Promoter
NULL	3832	2024-10-31	9	3	4	Passive
NULL	3833	2024-07-31	8	9	2	Promoter
NULL	3833	2024-10-31	7	10	5	Passive
NULL	3833	2025-01-31	9	6	7	Promoter
NULL	3833	2025-04-30	8	4	6	Detractor
NULL	3833	2025-07-31	8	7	5	Passive
NULL	3833	2025-10-31	6	3	6	Detractor
NULL	3833	2026-01-31	10	8	7	Promoter
NULL	3833	04/30/2026	7	6	6	Promoter
NULL	3833	2026-07-31	5	6	6	Passive
NULL	3834	2024-04-30	3	4	3	Detractor
NULL	3834	2025-01-31	2	6	4	Detractor
NULL	3834	2025-07-31	3	4	1	Detractor
NULL	3834	2025-10-31	3	4	1	Detractor
NULL	3834	2026-01-31	5	3	4	Passive
NULL	3834	2026-07-31	2	1	3	Detractor
NULL	3835	2024-04-30	3	9	4	Detractor
NULL	3835	2024-07-31	7	2	4	Passive
NULL	3835	2025-01-31	5	6	3	Detractor
NULL	3835	2025-04-30	7	5	4	Passive
NULL	3835	2025-10-31	4	3	7	Detractor
NULL	3835	2026-01-31	5	2	1	Detractor
NULL	3835	2026-04-30	5	6	1	Passive
NULL	3835	2026-07-31	4	2	2	Passive
NULL	3836	2026-04-30	3	4	4	Detractor
NULL	3836	2026-07-31	5	5	4	Detractor
NULL	3837	2025-10-31	8	10	9	Promoter
NULL	3837	01/31/2026	8	8	8	Promoter
NULL	3838	2024-04-30	10	6	7	Promoter
NULL	3838	2024-07-31	6	6	NULL	Detractor
NULL	3838	2025-01-31	10	10	6	Promoter
NULL	3838	2025-04-30	4	3	4	Detractor
NULL	3838	2025-10-31	8	8	8	Passive
NULL	3838	2026-01-31	7	9	10	Promoter
NULL	3838	2026-07-31	8	8	6	Detractor
NULL	3839	2024-01-31	10	4	6	Promoter
NULL	3839	2024-07-31	8	NULL	9	Detractor
NULL	3839	2025-01-31	6	3	10	Detractor
NULL	3839	2025-04-30	6	7	7	Detractor
NULL	3839	2025-07-31	5	4	5	Detractor
NULL	3839	2025-10-31	8	5	10	Promoter
NULL	3839	2026-01-31	5	5	6	Detractor
NULL	3839	2026-04-30	7	6	9	Promoter
NULL	3839	2026-07-31	6	5	4	Passive
NULL	3840	2024-04-30	4	7	10	Detractor
NULL	3840	2025-01-31	4	4	8	Detractor
NULL	3840	2025-04-30	8	8	6	Detractor
NULL	3840	2025-07-31	6	7	5	Detractor
NULL	3840	2026-01-31	6	9	6	Detractor
NULL	3840	2026-04-30	8	6	9	Passive
NULL	3840	2026-07-31	8	5	10	Passive
NULL	3841	01/31/2024	5	2	1	Detractor
NULL	3841	2024-04-30	2	3	2	Passive
NULL	3841	2024-07-31	4	2	3	Detractor
NULL	3841	2024-10-31	3	3	2	Detractor
NULL	3841	2025-07-31	2	6	NULL	Detractor
NULL	3841	2025-10-31	2	4	1	Detractor
NULL	3841	2026-07-31	1	3	2	Detractor
NULL	3842	2024-01-31	6	4	4	Passive
NULL	3842	2024-04-30	6	4	2	Detractor
NULL	3842	2024-07-31	6	4	4	Detractor
NULL	3842	2024-10-31	4	1	4	Detractor
NULL	3842	2025-01-31	4	1	1	Detractor
NULL	3842	2025-04-30	4	5	6	Detractor
NULL	3842	2025-07-31	7	3	2	Promoter
NULL	3842	2026-01-31	2	5	1	Passive
NULL	3842	2026-04-30	4	7	2	Detractor
NULL	3842	2026-07-31	4	2	6	Passive
NULL	3843	2024-01-31	8	9	9	Promoter
NULL	3843	2024-04-30	9	8	9	Promoter
NULL	3843	2024-07-31	9	8	8	Promoter
NULL	3843	2024-10-31	8	5	9	Passive
NULL	3843	2025-01-31	10	6	5	Promoter
NULL	3843	2025-04-30	9	8	9	Detractor
NULL	3843	2025-07-31	6	7	10	Passive
NULL	3843	2026-01-31	9	8	8	Passive
NULL	3843	2026-04-30	8	5	5	Promoter
NULL	3844	2024-10-31	6	2	4	Detractor
NULL	3844	2025-01-31	6	1	6	Detractor
NULL	3844	04/30/2025	3	4	3	Detractor
NULL	3844	2025-10-31	6	3	6	Detractor
NULL	3844	2026-07-31	3	1	7	Detractor
NULL	3845	2024-01-31	2	4	4	Detractor
NULL	3845	2024-04-30	2	4	9	Detractor
NULL	3845	2024-10-31	4	1	5	Detractor
NULL	3845	2025-01-31	2	5	1	Detractor
NULL	3845	2025-07-31	2	3	1	Detractor
NULL	3845	2025-10-31	5	5	4	Detractor
NULL	3845	2026-01-31	4	6	1	Passive
NULL	3845	2026-04-30	4	2	1	Detractor
NULL	3846	2024-01-31	6	5	4	Detractor
NULL	3846	2024-10-31	4	6	3	Detractor
NULL	3846	2025-04-30	8	7	2	Promoter
NULL	3846	2026-04-30	3	2	7	Detractor
NULL	3846	2026-07-31	2	3	3	Detractor
NULL	3847	2024-01-31	10	4	9	Promoter
NULL	3847	2024-04-30	6	5	9	Passive
NULL	3847	2024-10-31	6	6	7	Detractor
NULL	3847	2025-01-31	9	6	1	Passive
NULL	3847	2025-04-30	10	2	5	Passive
NULL	3847	2025-07-31	7	3	7	Passive
NULL	3847	2025-10-31	8	5	7	Promoter
NULL	3847	2026-01-31	7	6	4	Promoter
NULL	3847	2026-04-30	6	9	3	Detractor
NULL	3847	2026-07-31	6	4	5	Passive
NULL	3848	2025-01-31	4	7	6	Detractor
NULL	3849	2024-01-31	4	3	6	Detractor
NULL	3849	2024-04-30	6	1	7	Detractor
NULL	3849	2024-07-31	6	2	4	Passive
NULL	3849	2025-01-31	4	5	3	Detractor
NULL	3849	2025-07-31	4	5	6	Detractor
NULL	3849	2025-10-31	7	4	1	Passive
NULL	3849	2026-01-31	4	3	3	Detractor
NULL	3849	2026-04-30	8	5	7	Passive
NULL	3849	2026-07-31	2	5	6	Detractor
NULL	3850	2026-07-31	6	3	6	Detractor
NULL	3851	2024-01-31	7	4	1	Passive
NULL	3851	2024-07-31	4	5	8	Detractor
NULL	3851	2025-04-30	6	9	4	Detractor
NULL	3851	2025-07-31	5	5	1	Detractor
NULL	3851	2025-10-31	7	3	5	Passive
NULL	3851	2026-01-31	8	4	5	Passive
NULL	3851	2026-04-30	5	4	3	Detractor
NULL	3851	2026-07-31	5	5	6	Detractor
NULL	3853	2026-04-30	4	6	1	Passive
NULL	3853	2026-07-31	3	7	1	Detractor
NULL	3854	2024-01-31	9	7	10	Promoter
NULL	3854	2024-04-30	8	8	8	Promoter
NULL	3854	2024-07-31	8	10	5	Detractor
NULL	3854	2024-10-31	10	8	9	Passive
NULL	3854	2025-04-30	10	10	8	Detractor
NULL	3854	2025-07-31	10	10	8	Promoter
NULL	3854	2026-01-31	10	9	10	Promoter
NULL	3854	2026-04-30	10	6	4	Passive
NULL	3854	2026-07-31	10	NULL	10	Promoter
NULL	3855	2026-04-30	6	5	7	Detractor
NULL	3855	2026-07-31	8	3	6	Passive
NULL	3857	2026-07-31	1	3	1	Detractor
NULL	3858	2025-10-31	9	7	10	Promoter
NULL	3858	2026-01-31	9	4	7	Promoter
NULL	3858	2026-04-30	6	9	6	Detractor
NULL	3858	2026-07-31	8	9	2	Passive
NULL	3859	2024-01-31	4	1	3	Promoter
NULL	3859	2024-07-31	1	4	2	Passive
NULL	3859	2024-10-31	4	3	2	Passive
NULL	3859	2025-01-31	1	2	3	Passive
NULL	3859	2025-07-31	3	1	2	Detractor
NULL	3859	2025-10-31	3	2	1	Detractor
NULL	3859	2026-01-31	5	3	3	Detractor
NULL	3859	2026-04-30	5	2	2	Detractor
NULL	3859	2026-07-31	3	7	4	Detractor
NULL	3860	2024-04-30	7	10	6	Passive
NULL	3860	2024-07-31	10	6	2	Promoter
NULL	3860	2024-10-31	10	7	10	Promoter
NULL	3860	2025-04-30	10	7	6	Promoter
NULL	3860	2025-07-31	10	8	8	Promoter
NULL	3860	2026-01-31	10	4	10	Promoter
NULL	3860	2026-04-30	10	9	10	Promoter
NULL	3860	2026-07-31	10	8	5	Promoter
NULL	3861	2026-01-31	4	1	2	Detractor
NULL	3861	2026-07-31	3	4	4	Detractor
NULL	3862	2024-01-31	1	2	2	Passive
NULL	3862	2024-07-31	1	1	1	Detractor
NULL	3862	2024-10-31	1	3	1	Detractor
NULL	3862	2025-04-30	3	3	1	Detractor
NULL	3862	2025-07-31	6	1	1	Passive
NULL	3862	2025-10-31	1	1	NULL	Detractor
NULL	3862	2026-04-30	4	3	3	Detractor
NULL	3863	2024-01-31	5	8	9	Passive
NULL	3863	2024-04-30	7	4	8	Passive
NULL	3863	2024-07-31	6	6	10	Passive
NULL	3863	2025-01-31	9	7	5	Promoter
NULL	3863	2025-04-30	10	7	10	Promoter
NULL	3863	2026-01-31	10	7	9	Promoter
NULL	3863	2026-07-31	8	4	4	Passive
NULL	3864	2024-04-30	7	1	1	Passive
NULL	3864	2024-07-31	5	10	7	Passive
NULL	3864	2024-10-31	6	6	6	Detractor
NULL	3864	2025-01-31	4	5	5	Detractor
NULL	3864	2025-04-30	4	6	6	Detractor
NULL	3864	2025-10-31	5	5	2	Detractor
NULL	3864	2026-01-31	2	2	8	Detractor
NULL	3864	2026-04-30	5	5	6	Detractor
NULL	3864	2026-07-31	4	6	2	Detractor
NULL	3865	2024-04-30	10	8	5	Promoter
NULL	3866	2026-04-30	8	10	6	Promoter
NULL	3866	2026-07-31	6	9	5	Detractor
NULL	3867	2026-01-31	8	3	2	Passive
NULL	3867	2026-04-30	8	5	5	Passive
NULL	3867	2026-07-31	5	10	3	Detractor
NULL	3868	2024-07-31	10	6	8	Promoter
NULL	3868	2024-10-31	5	10	7	Detractor
NULL	3868	2025-01-31	2	5	8	Detractor
NULL	3868	2025-04-30	9	5	5	Promoter
NULL	3868	2025-10-31	7	4	3	Promoter
NULL	3868	2026-04-30	4	1	8	Promoter
NULL	3868	2026-07-31	6	5	4	Detractor
NULL	3869	2024-10-31	10	10	7	Promoter
NULL	3869	2025-07-31	7	9	9	Detractor
NULL	3869	2026-04-30	9	8	6	Promoter
NULL	3869	2026-07-31	6	8	10	Passive
NULL	3870	2024-01-31	6	1	6	Detractor
NULL	3870	2024-04-30	5	2	4	Detractor
NULL	3870	2024-07-31	5	4	3	Passive
NULL	3870	2024-10-31	2	4	5	Passive
NULL	3871	2026-04-30	1	1	5	Passive
NULL	3871	2026-07-31	1	NULL	2	Passive
NULL	3872	2024-01-31	8	10	7	Promoter
NULL	3872	2024-07-31	7	7	NULL	Promoter
NULL	3872	2024-10-31	10	7	10	Promoter
NULL	3872	2025-01-31	10	8	2	Promoter
NULL	3872	2025-04-30	7	4	10	Promoter
NULL	3872	2025-10-31	8	10	10	Promoter
NULL	3872	2026-01-31	8	4	7	Passive
NULL	3873	2026-01-31	2	2	4	Detractor
NULL	3873	2026-04-30	2	9	1	Detractor
NULL	3873	2026-07-31	4	5	3	Promoter
NULL	3874	2024-01-31	2	5	5	Detractor
NULL	3874	2024-04-30	2	NULL	2	Detractor
NULL	3874	2024-07-31	6	5	2	Detractor
NULL	3874	2024-10-31	8	5	NULL	Promoter
NULL	3874	2025-01-31	4	3	1	Detractor
NULL	3874	2025-04-30	7	4	2	Passive
NULL	3874	2025-07-31	7	4	1	Passive
NULL	3874	2025-10-31	4	6	5	Detractor
NULL	3874	2026-04-30	3	2	6	Detractor
NULL	3875	2024-01-31	6	1	1	Detractor
NULL	3875	2024-07-31	3	5	1	Passive
NULL	3875	2024-10-31	6	2	1	Detractor
NULL	3875	2025-01-31	2	1	4	Detractor
NULL	3875	2025-04-30	5	NULL	6	Detractor
NULL	3875	2025-07-31	1	1	5	Detractor
NULL	3875	2026-01-31	6	4	6	Passive
NULL	3875	2026-04-30	2	1	6	Promoter
NULL	3875	2026-07-31	5	1	1	Detractor
NULL	3876	2024-01-31	5	3	5	Passive
NULL	3876	2024-04-30	4	5	7	Detractor
NULL	3876	2024-10-31	5	1	6	Detractor
NULL	3876	2025-04-30	6	2	3	Detractor
NULL	3876	2025-07-31	3	5	5	Passive
NULL	3876	2025-10-31	4	NULL	4	Detractor
NULL	3876	2026-01-31	6	2	5	Detractor
NULL	3876	2026-04-30	2	6	6	Detractor
NULL	3876	2026-07-31	2	6	5	Detractor
NULL	3877	2025-10-31	6	3	2	Passive
NULL	3877	2026-04-30	4	1	1	Detractor
NULL	3878	2024-01-31	7	3	3	Passive
NULL	3878	2024-04-30	4	3	1	Passive
NULL	3878	2024-07-31	3	6	1	Detractor
NULL	3878	2024-10-31	2	4	1	Detractor
NULL	3878	2025-01-31	1	4	1	Detractor
NULL	3878	2025-04-30	3	2	5	Passive
NULL	3878	2025-07-31	3	3	8	Passive
NULL	3878	2025-10-31	2	4	4	Passive
NULL	3878	2026-01-31	1	2	1	Detractor
NULL	3878	2026-04-30	1	3	4	Detractor
NULL	3879	2025-01-31	4	6	5	Detractor
NULL	3879	2025-07-31	5	2	4	Detractor
NULL	3879	2025-10-31	1	4	5	Detractor
NULL	3879	2026-01-31	4	3	1	Detractor
NULL	3879	2026-04-30	2	2	4	Detractor
NULL	3880	2024-10-31	1	3	2	Promoter
NULL	3880	01/31/2025	1	4	7	Detractor
NULL	3880	2025-04-30	4	1	3	Detractor
NULL	3880	2025-10-31	2	1	2	Detractor
NULL	3880	2026-01-31	1	1	5	Passive
NULL	3880	2026-04-30	1	1	1	Detractor
NULL	3880	2026-07-31	1	1	4	Detractor
NULL	3881	2025-10-31	7	8	5	Passive
NULL	3881	2026-01-31	7	3	3	Promoter
NULL	3881	2026-04-30	3	4	6	Detractor
NULL	3881	2026-07-31	7	10	7	Promoter
NULL	3882	2024-07-31	4	7	8	Promoter
NULL	3882	2024-10-31	5	6	6	Detractor
NULL	3882	2025-04-30	10	5	3	Passive
NULL	3882	2025-07-31	7	6	5	Passive
NULL	3882	2026-01-31	5	4	6	Detractor
NULL	3882	2026-07-31	6	10	9	Detractor
NULL	3883	2025-01-31	9	4	6	Promoter
NULL	3883	2025-04-30	7	3	2	Passive
NULL	3883	2025-07-31	5	9	2	Passive
NULL	3883	2025-10-31	4	9	7	Detractor
NULL	3883	2026-01-31	6	6	4	Detractor
NULL	3883	2026-04-30	6	7	5	Detractor
NULL	3883	2026-07-31	4	2	3	Detractor
NULL	3884	2025-10-31	10	10	3	Promoter
NULL	3884	2026-04-30	9	9	4	Promoter
NULL	3884	2026-07-31	8	9	1	Passive
NULL	3885	2024-04-30	5	8	4	Detractor
NULL	3885	2024-10-31	5	1	8	Detractor
NULL	3885	2025-01-31	3	7	8	Detractor
NULL	3885	2025-07-31	6	5	10	Detractor
NULL	3885	2025-10-31	5	2	8	Detractor
NULL	3885	2026-01-31	4	5	10	Passive
NULL	3885	2026-04-30	8	5	3	Passive
NULL	3885	2026-07-31	5	7	6	Detractor
NULL	3887	2025-04-30	2	7	6	Passive
NULL	3887	2025-07-31	9	4	10	Promoter
NULL	3887	2025-10-31	10	7	1	Detractor
NULL	3887	2026-01-31	2	3	1	Passive
NULL	3889	2025-10-31	2	5	10	Detractor
NULL	3889	2026-01-31	6	7	7	Passive
NULL	3889	2026-04-30	7	3	7	Passive
NULL	3890	2024-04-30	6	8	8	Detractor
NULL	3890	2024-07-31	10	5	7	Passive
NULL	3890	2024-10-31	4	5	9	Passive
NULL	3890	2025-01-31	8	5	6	Passive
NULL	3890	2025-04-30	8	6	7	Detractor
NULL	3890	2025-10-31	9	10	10	Promoter
NULL	3890	2026-04-30	6	4	5	Detractor
NULL	3890	2026-07-31	10	7	6	Promoter
NULL	3891	2026-04-30	3	8	1	Detractor
NULL	3892	2024-04-30	10	2	8	Promoter
NULL	3892	2024-07-31	8	5	7	Passive
NULL	3892	2024-10-31	5	9	1	Detractor
NULL	3892	2025-01-31	9	7	4	Promoter
NULL	3892	2025-10-31	7	10	5	Promoter
NULL	3892	2026-01-31	9	8	8	Promoter
NULL	3892	2026-07-31	6	8	6	Detractor
NULL	3893	2024-10-31	8	4	3	Passive
NULL	3893	2025-01-31	4	5	5	Detractor
NULL	3893	2025-04-30	5	6	NULL	Detractor
NULL	3893	2025-07-31	5	9	6	Detractor
NULL	3893	2026-04-30	6	10	NULL	Detractor
NULL	3893	2026-07-31	3	6	3	Passive
NULL	3894	2024-04-30	4	7	6	Passive
NULL	3894	2024-07-31	7	8	8	Promoter
NULL	3894	2025-01-31	9	10	6	Promoter
NULL	3894	2025-04-30	8	10	6	Passive
NULL	3894	2025-07-31	8	5	5	Passive
NULL	3894	2026-01-31	10	7	9	Promoter
NULL	3894	2026-07-31	3	10	4	Detractor
NULL	3895	04/30/2025	9	7	7	Promoter
NULL	3895	2025-07-31	10	10	7	Promoter
NULL	3895	2025-10-31	8	10	10	Passive
NULL	3895	2026-01-31	7	8	7	Promoter
NULL	3896	2025-10-31	10	10	4	Promoter
NULL	3896	2026-01-31	10	7	9	Promoter
NULL	3896	2026-04-30	10	10	5	Promoter
NULL	3896	2026-07-31	10	5	10	Promoter
NULL	3897	2026-01-31	8	8	10	Promoter
NULL	3898	2024-10-31	9	10	10	Promoter
NULL	3898	2025-07-31	10	9	5	Detractor
NULL	3898	2025-10-31	5	6	3	Promoter
NULL	3898	01/31/2026	6	8	7	Detractor
NULL	3898	2026-07-31	8	9	5	Passive
NULL	3899	2024-04-30	7	7	10	Promoter
NULL	3899	2024-07-31	7	6	7	Passive
NULL	3899	2024-10-31	9	8	8	Passive
NULL	3899	2025-01-31	8	9	5	Passive
NULL	3900	2024-07-31	5	6	10	Detractor
NULL	3900	2025-01-31	3	1	3	Detractor
NULL	3900	2025-07-31	10	6	2	Passive
NULL	3900	2025-10-31	4	6	1	Passive
NULL	3901	2025-01-31	4	5	2	Detractor
NULL	3901	2025-07-31	7	7	2	Promoter
NULL	3901	2025-10-31	4	7	8	Passive
NULL	3901	2026-01-31	7	8	7	Detractor
NULL	3901	2026-04-30	5	2	4	Detractor
NULL	3901	2026-07-31	7	5	7	Passive
NULL	3902	2024-01-31	5	1	3	Passive
NULL	3902	2024-04-30	3	5	5	Detractor
NULL	3902	2024-07-31	3	6	4	Detractor
NULL	3902	2024-10-31	4	1	8	Passive
NULL	3902	2025-01-31	5	3	10	Detractor
NULL	3902	2025-04-30	7	5	4	Passive
NULL	3902	2025-07-31	4	2	4	Detractor
NULL	3902	2026-01-31	1	2	3	Detractor
NULL	3902	2026-04-30	5	7	8	Detractor
NULL	3902	2026-07-31	5	6	7	Detractor
NULL	3903	2024-01-31	6	7	4	Detractor
NULL	3903	2024-04-30	2	4	4	Detractor
NULL	3903	2024-10-31	4	7	3	Detractor
NULL	3903	2025-01-31	6	1	4	Passive
NULL	3903	2025-04-30	6	2	1	Passive
NULL	3903	2025-07-31	5	5	5	Detractor
NULL	3903	2025-10-31	6	7	4	Passive
NULL	3903	2026-04-30	1	1	1	Detractor
NULL	3903	2026-07-31	5	4	1	Detractor
NULL	3904	2026-07-31	3	1	1	Detractor
NULL	3905	2025-01-31	1	9	4	Detractor
NULL	3905	2025-07-31	5	6	5	Passive
NULL	3905	2025-10-31	5	1	4	Detractor
NULL	3905	2026-04-30	4	NULL	3	Passive
NULL	3905	2026-07-31	2	3	2	Detractor
NULL	3906	2024-04-30	7	6	9	Passive
NULL	3906	2025-01-31	9	6	2	Promoter
NULL	3906	2025-04-30	9	4	7	Promoter
NULL	3906	2026-01-31	9	10	5	Detractor
NULL	3906	2026-04-30	8	7	6	Detractor
NULL	3908	2024-04-30	5	6	5	Detractor
NULL	3908	2024-07-31	5	3	6	Detractor
NULL	3908	2024-10-31	6	5	4	Passive
NULL	3908	2025-01-31	7	9	1	Passive
NULL	3908	2025-04-30	7	3	3	Passive
NULL	3908	2025-07-31	7	4	8	Passive
NULL	3908	2026-01-31	6	3	1	Detractor
NULL	3908	2026-07-31	2	5	2	Detractor
NULL	3909	2024-01-31	6	7	1	Detractor
NULL	3909	2024-04-30	9	1	1	Promoter
NULL	3909	2024-07-31	7	4	3	Passive
NULL	3909	2024-10-31	7	8	4	Promoter
NULL	3909	2025-07-31	4	7	3	Detractor
NULL	3910	2024-01-31	4	6	8	Detractor
NULL	3910	2024-07-31	5	8	10	Passive
NULL	3910	2025-10-31	7	5	7	Passive
NULL	3910	01/31/2026	7	10	5	Detractor
NULL	3911	2024-01-31	3	4	1	Detractor
NULL	3911	2024-04-30	1	4	2	Detractor
NULL	3911	2024-10-31	4	2	1	Detractor
NULL	3911	2025-01-31	1	6	2	Detractor
NULL	3911	2026-01-31	2	5	2	Detractor
NULL	3911	2026-04-30	3	1	2	Detractor
NULL	3911	2026-07-31	5	1	1	Promoter
NULL	3912	2025-04-30	9	9	10	Promoter
NULL	3912	2025-07-31	9	8	8	Passive
NULL	3912	2025-10-31	10	8	10	Promoter
NULL	3912	2026-04-30	7	8	8	Promoter
NULL	3912	2026-07-31	8	8	7	Promoter
NULL	3913	2024-01-31	5	3	6	Passive
NULL	3913	2024-07-31	8	6	4	Passive
NULL	3913	2024-10-31	5	7	1	Promoter
NULL	3913	2025-04-30	5	7	1	Detractor
NULL	3913	2025-07-31	2	2	9	Detractor
NULL	3914	2025-10-31	10	7	9	Promoter
NULL	3914	2026-01-31	7	NULL	4	Promoter
NULL	3914	2026-04-30	9	9	NULL	Promoter
NULL	3914	2026-07-31	10	2	6	Promoter
NULL	3915	2024-04-30	8	9	5	Promoter
NULL	3915	2024-07-31	9	8	6	Promoter
NULL	3915	2024-10-31	7	2	7	Passive
NULL	3915	2025-01-31	9	9	NULL	Promoter
NULL	3915	2025-04-30	6	4	9	Detractor
NULL	3915	2025-07-31	6	5	7	Passive
NULL	3915	2025-10-31	6	NULL	6	Promoter
NULL	3915	2026-01-31	4	6	7	Passive
NULL	3915	2026-04-30	10	6	8	Promoter
NULL	3915	2026-07-31	7	7	7	Passive
NULL	3916	2026-01-31	7	6	5	Promoter
NULL	3916	2026-04-30	10	10	6	Promoter
NULL	3916	2026-07-31	7	7	8	Promoter
NULL	3917	2024-01-31	2	4	5	Passive
NULL	3918	2026-01-31	5	6	5	Passive
NULL	3918	2026-04-30	1	1	4	Detractor
NULL	3918	07/31/2026	9	3	2	Passive
NULL	3919	2025-07-31	4	3	3	Detractor
NULL	3919	2025-10-31	7	7	3	Passive
NULL	3919	2026-01-31	10	5	9	Promoter
NULL	3919	2026-04-30	5	7	8	Detractor
NULL	3920	01/31/2024	5	4	9	Detractor
NULL	3920	2024-07-31	1	1	4	Detractor
NULL	3920	2024-10-31	4	7	2	Passive
NULL	3920	2025-01-31	3	3	1	Detractor
NULL	3920	2025-04-30	5	4	1	Detractor
NULL	3920	2025-07-31	4	6	1	Detractor
NULL	3920	2026-01-31	6	4	2	Detractor
NULL	3920	2026-04-30	5	6	3	Detractor
NULL	3920	2026-07-31	3	4	3	Detractor
NULL	3922	2024-01-31	10	10	9	Promoter
NULL	3922	2024-04-30	10	10	8	Promoter
NULL	3922	2024-07-31	10	8	10	Promoter
NULL	3922	2025-07-31	10	10	10	Promoter
NULL	3922	2025-10-31	10	8	8	Promoter
NULL	3922	2026-01-31	10	10	10	Promoter
NULL	3922	2026-07-31	10	10	6	Promoter
NULL	3923	2024-01-31	1	1	4	Detractor
NULL	3923	04/30/2024	3	1	1	Detractor
NULL	3923	2024-07-31	2	5	2	Detractor
NULL	3923	2025-01-31	5	1	5	Detractor
NULL	3923	2025-04-30	1	1	2	Detractor
NULL	3923	2025-10-31	3	1	7	Promoter
NULL	3923	2026-01-31	3	3	1	Passive
NULL	3925	2026-01-31	1	4	3	Detractor
NULL	3925	2026-04-30	1	1	2	Passive
NULL	3926	2024-07-31	8	5	8	Detractor
NULL	3926	2024-10-31	5	8	4	Detractor
NULL	3926	2025-01-31	10	7	6	Promoter
NULL	3926	2025-04-30	10	4	7	Promoter
NULL	3926	2025-07-31	10	6	5	Promoter
NULL	3926	2025-10-31	6	10	3	Passive
NULL	3926	2026-01-31	7	8	3	Detractor
NULL	3926	2026-04-30	9	10	6	Promoter
NULL	3926	2026-07-31	10	4	6	Promoter
NULL	3928	04/30/2024	5	1	6	Detractor
NULL	3928	2024-07-31	2	6	6	Detractor
NULL	3928	2024-10-31	5	8	8	Promoter
NULL	3928	2025-04-30	8	8	4	Promoter
NULL	3928	2025-10-31	3	6	8	Detractor
NULL	3928	2026-04-30	3	5	4	Detractor
NULL	3928	2026-07-31	4	6	NULL	Detractor
NULL	3929	2024-04-30	7	7	7	Passive
NULL	3929	2024-07-31	5	6	1	Passive
NULL	3929	2025-01-31	5	3	6	Passive
NULL	3929	2025-10-31	5	6	4	Detractor
NULL	3929	2026-01-31	6	4	7	Detractor
NULL	3930	2025-04-30	5	6	5	Detractor
NULL	3930	2025-07-31	3	8	3	Passive
NULL	3930	2025-10-31	8	5	7	Passive
NULL	3930	2026-04-30	6	7	10	Detractor
NULL	3931	2025-01-31	8	4	4	Promoter
NULL	3931	2025-04-30	8	9	6	Detractor
NULL	3931	2025-07-31	8	8	3	Promoter
NULL	3931	2025-10-31	10	2	7	Promoter
NULL	3932	2026-07-31	10	10	10	Promoter
NULL	3933	2024-01-31	3	NULL	3	Passive
NULL	3933	2024-04-30	9	6	1	Promoter
NULL	3933	2024-07-31	6	4	4	Passive
NULL	3933	2024-10-31	7	6	3	Detractor
NULL	3933	2025-01-31	5	2	4	Detractor
NULL	3933	2025-04-30	5	2	4	Detractor
NULL	3933	2025-07-31	3	4	8	Detractor
NULL	3933	2025-10-31	4	5	7	Detractor
NULL	3933	2026-01-31	3	3	9	Promoter
NULL	3933	2026-07-31	7	5	10	Promoter
NULL	3934	2025-10-31	3	1	1	Detractor
NULL	3935	2024-01-31	9	10	5	Promoter
NULL	3935	2024-04-30	10	9	10	Detractor
NULL	3935	2024-10-31	10	6	10	Passive
NULL	3935	2025-01-31	5	7	4	Detractor
NULL	3935	2025-07-31	9	8	10	Promoter
NULL	3935	2025-10-31	10	10	10	Promoter
NULL	3935	2026-07-31	10	9	5	Promoter
NULL	3936	2025-01-31	2	3	1	Detractor
NULL	3936	2025-04-30	1	4	4	Detractor
NULL	3936	2025-07-31	1	4	3	Detractor
NULL	3936	2025-10-31	4	4	1	Passive
NULL	3936	2026-01-31	1	1	2	Detractor
NULL	3936	2026-07-31	5	1	5	Detractor
NULL	3937	2024-01-31	3	1	1	Detractor
NULL	3937	2024-07-31	4	3	4	Detractor
NULL	3937	2024-10-31	3	2	2	Detractor
NULL	3937	2025-01-31	5	6	2	Passive
NULL	3937	2025-04-30	3	NULL	3	Detractor
NULL	3937	2025-10-31	2	2	5	Detractor
NULL	3937	2026-01-31	5	5	7	Detractor
NULL	3937	2026-04-30	5	1	5	Detractor
NULL	3937	2026-07-31	2	2	2	Detractor
NULL	3938	2024-01-31	3	7	NULL	Detractor
NULL	3938	2024-04-30	7	5	4	Passive
NULL	3938	2024-07-31	4	1	9	Detractor
NULL	3938	2024-10-31	9	6	3	Passive
NULL	3938	2025-04-30	4	3	5	Detractor
NULL	3938	2025-07-31	8	3	4	Passive
NULL	3938	2026-01-31	6	7	6	Detractor
NULL	3938	2026-04-30	4	5	4	Detractor
NULL	3938	2026-07-31	4	6	3	Promoter
NULL	3939	04/30/2025	9	3	6	Promoter
NULL	3939	2026-01-31	5	4	7	Passive
NULL	3939	2026-04-30	9	10	7	Promoter
NULL	3939	2026-07-31	10	2	6	Promoter
NULL	3940	2024-01-31	7	4	5	Promoter
NULL	3940	2024-04-30	5	8	3	Detractor
NULL	3940	2024-07-31	6	6	3	Detractor
NULL	3940	2024-10-31	8	2	6	Detractor
NULL	3940	2025-01-31	5	7	6	Detractor
NULL	3940	2025-10-31	6	5	2	Detractor
NULL	3940	2026-07-31	5	5	6	Detractor
NULL	3942	2026-07-31	4	9	6	Detractor
NULL	3943	2024-07-31	1	3	3	Passive
NULL	3943	2025-04-30	5	5	5	Detractor
NULL	3943	2025-07-31	1	1	2	Passive
NULL	3943	2025-10-31	3	2	5	Passive
NULL	3943	2026-04-30	5	1	3	Detractor
NULL	3943	2026-07-31	2	5	5	Promoter
NULL	3944	2024-10-31	6	4	7	Passive
NULL	3945	2024-01-31	6	7	4	Detractor
NULL	3945	2024-07-31	8	6	6	Promoter
NULL	3945	2025-07-31	7	5	4	Detractor
NULL	3945	2025-10-31	8	10	6	Passive
NULL	3945	2026-04-30	10	7	10	Promoter
NULL	3945	2026-07-31	10	8	8	Promoter
NULL	3946	2024-01-31	5	1	7	Promoter
NULL	3946	2024-04-30	3	1	1	Detractor
NULL	3946	2024-07-31	2	8	7	Detractor
NULL	3946	2024-10-31	3	2	4	Passive
NULL	3946	2025-04-30	3	5	3	Passive
NULL	3946	2025-07-31	4	5	3	Detractor
NULL	3946	2025-10-31	6	NULL	1	Passive
NULL	3946	2026-01-31	3	2	5	Detractor
NULL	3947	2024-01-31	8	4	1	Passive
NULL	3947	2024-04-30	2	6	4	Detractor
NULL	3947	2024-07-31	6	7	1	Promoter
NULL	3947	2024-10-31	4	3	4	Detractor
NULL	3947	2025-01-31	4	NULL	4	Promoter
NULL	3947	2025-04-30	6	NULL	7	Detractor
NULL	3947	2025-07-31	4	2	5	Detractor
NULL	3947	2025-10-31	6	1	4	Passive
NULL	3947	2026-01-31	2	5	2	Detractor
NULL	3947	2026-04-30	3	4	1	Detractor
NULL	3947	2026-07-31	3	4	3	Promoter
NULL	3948	2026-04-30	4	4	6	Detractor
NULL	3948	2026-07-31	4	4	1	Passive
NULL	3949	2026-04-30	8	3	4	Promoter
NULL	3949	2026-07-31	7	7	4	Passive
NULL	3950	2024-04-30	4	4	1	Passive
NULL	3950	2024-10-31	3	3	1	Passive
NULL	3950	2025-01-31	1	3	1	Passive
NULL	3950	2025-04-30	2	4	4	Detractor
NULL	3950	2025-10-31	3	NULL	4	Passive
NULL	3950	2026-04-30	1	6	5	Detractor
NULL	3951	2024-01-31	4	3	5	Detractor
NULL	3951	2024-04-30	1	1	1	Detractor
NULL	3951	2024-07-31	3	3	4	Detractor
NULL	3951	10/31/2024	2	1	NULL	Passive
NULL	3951	2025-01-31	1	1	3	Detractor
NULL	3951	2025-07-31	3	4	1	Detractor
NULL	3951	2026-01-31	5	6	4	Passive
NULL	3951	2026-07-31	1	2	1	Detractor
NULL	3952	2024-10-31	3	3	3	Detractor
NULL	3952	2025-01-31	1	5	2	Passive
NULL	3952	2025-07-31	5	5	6	Detractor
NULL	3952	2025-10-31	5	7	5	Detractor
NULL	3952	07/31/2026	2	7	NULL	Promoter
NULL	3954	2024-01-31	6	9	4	Detractor
NULL	3954	2024-04-30	5	3	6	Detractor
NULL	3954	2025-04-30	6	5	6	Detractor
NULL	3954	2025-10-31	7	6	9	Passive
NULL	3954	2026-01-31	6	5	7	Detractor
NULL	3954	2026-04-30	7	4	6	Detractor
NULL	3954	2026-07-31	7	5	4	Promoter
NULL	3955	2025-01-31	5	5	2	Promoter
NULL	3955	2025-04-30	4	2	1	Passive
NULL	3955	2025-07-31	1	2	1	Detractor
NULL	3955	2025-10-31	3	4	1	Detractor
NULL	3955	2026-04-30	1	1	1	Detractor
NULL	3955	2026-07-31	1	2	2	Detractor
NULL	3956	2024-07-31	5	2	1	Passive
NULL	3956	2024-10-31	6	3	NULL	Promoter
NULL	3956	2025-01-31	5	4	2	Detractor
NULL	3956	2025-10-31	3	3	4	Detractor
NULL	3956	2026-01-31	2	5	5	Detractor
NULL	3956	2026-04-30	7	3	3	Passive
NULL	3956	2026-07-31	4	1	4	Detractor
NULL	3957	2025-04-30	9	10	4	Promoter
NULL	3957	2025-07-31	5	9	8	Detractor
NULL	3957	2026-01-31	10	10	7	Promoter
NULL	3957	2026-04-30	10	8	7	Promoter
NULL	3957	2026-07-31	10	10	4	Promoter
NULL	3958	2025-10-31	9	3	4	Promoter
NULL	3958	2026-07-31	7	8	1	Passive
NULL	3959	2024-01-31	8	8	9	Detractor
NULL	3959	2024-04-30	5	9	8	Detractor
NULL	3959	2024-10-31	10	9	4	Promoter
NULL	3959	01/31/2025	5	7	7	Detractor
NULL	3959	2025-04-30	4	6	7	Detractor
NULL	3959	2025-07-31	7	6	8	Passive
NULL	3959	2025-10-31	6	6	9	Detractor
NULL	3959	2026-01-31	4	4	7	Passive
NULL	3959	2026-04-30	6	7	4	Passive
NULL	3959	2026-07-31	10	8	10	Promoter
NULL	3960	2024-01-31	5	5	4	Detractor
NULL	3960	2024-04-30	6	1	2	Passive
NULL	3960	2025-01-31	4	4	1	Detractor
NULL	3960	2025-04-30	3	3	1	Detractor
NULL	3960	2026-01-31	1	2	2	Detractor
NULL	3960	2026-04-30	2	3	1	Detractor
NULL	3960	2026-07-31	8	3	9	Passive
NULL	3961	2024-01-31	5	1	4	Passive
NULL	3961	2024-07-31	1	4	3	Detractor
NULL	3961	2024-10-31	3	2	NULL	Detractor
NULL	3961	2025-01-31	9	2	3	Promoter
NULL	3961	2025-04-30	3	3	6	Detractor
NULL	3961	07/31/2025	4	1	1	Promoter
NULL	3961	2025-10-31	2	1	1	Detractor
NULL	3961	2026-01-31	4	6	6	Detractor
NULL	3961	2026-04-30	3	NULL	1	Detractor
NULL	3961	2026-07-31	2	1	3	Detractor
NULL	3962	2025-01-31	1	1	1	Passive
NULL	3962	2025-04-30	6	3	1	Detractor
NULL	3962	2025-07-31	5	4	2	Passive
NULL	3962	2025-10-31	2	4	4	Passive
NULL	3962	2026-01-31	3	1	7	Detractor
NULL	3962	2026-04-30	2	3	6	Passive
NULL	3962	2026-07-31	1	3	4	Passive
NULL	3963	2024-04-30	7	3	2	Passive
NULL	3963	2024-07-31	2	1	1	Detractor
NULL	3963	10/31/2024	3	6	1	Detractor
NULL	3963	2025-01-31	5	4	6	Passive
NULL	3963	2025-04-30	7	4	4	Detractor
NULL	3963	2025-07-31	2	6	3	Detractor
NULL	3963	2025-10-31	1	4	3	Detractor
NULL	3963	2026-01-31	2	2	5	Detractor
NULL	3963	2026-04-30	4	4	8	Detractor
NULL	3963	2026-07-31	2	1	4	Passive
NULL	3964	07/31/2026	9	9	7	Passive
NULL	3965	2024-01-31	7	8	7	Promoter
NULL	3965	2024-04-30	4	3	9	Detractor
NULL	3965	2024-07-31	3	5	3	Detractor
NULL	3965	2024-10-31	3	8	7	Detractor
NULL	3965	2025-01-31	6	NULL	8	Passive
NULL	3965	2025-04-30	3	4	5	Detractor
NULL	3965	2025-07-31	10	5	5	Promoter
NULL	3965	2025-10-31	4	1	5	Detractor
NULL	3965	2026-01-31	5	2	1	Detractor
NULL	3965	2026-04-30	4	3	10	Passive
NULL	3965	2026-07-31	5	2	4	Detractor
NULL	3966	2024-01-31	6	3	3	Detractor
NULL	3966	2024-04-30	6	5	10	Detractor
NULL	3966	2024-07-31	7	9	9	Detractor
NULL	3966	2024-10-31	5	7	4	Passive
NULL	3966	04/30/2025	8	9	5	Passive
NULL	3966	2025-07-31	7	3	4	Detractor
NULL	3966	2025-10-31	8	4	1	Promoter
NULL	3966	2026-01-31	7	5	3	Passive
NULL	3966	2026-04-30	9	4	10	Promoter
NULL	3966	2026-07-31	8	5	5	Promoter
NULL	3967	2024-01-31	4	4	4	Promoter
NULL	3967	2024-04-30	3	7	5	Promoter
NULL	3967	2024-07-31	6	4	4	Detractor
NULL	3967	2024-10-31	1	2	4	Detractor
NULL	3967	2025-01-31	1	1	3	Detractor
NULL	3967	2025-04-30	7	7	7	Passive
NULL	3967	2025-07-31	6	NULL	3	Detractor
NULL	3967	2025-10-31	8	2	4	Promoter
NULL	3967	2026-01-31	6	1	3	Detractor
NULL	3967	2026-04-30	3	5	7	Detractor
NULL	3967	2026-07-31	2	3	4	Detractor
NULL	3968	2024-07-31	6	1	10	Detractor
NULL	3968	2025-01-31	5	10	3	Detractor
NULL	3968	2025-04-30	5	6	6	Detractor
NULL	3968	2025-07-31	8	6	8	Promoter
NULL	3968	2025-10-31	9	7	4	Promoter
NULL	3968	2026-04-30	8	6	2	Passive
NULL	3969	2024-01-31	7	4	10	Promoter
NULL	3969	2024-07-31	10	7	10	Detractor
NULL	3969	2025-01-31	6	9	6	Detractor
NULL	3969	2025-04-30	9	3	7	Passive
NULL	3969	2025-07-31	9	6	7	Promoter
NULL	3969	2025-10-31	10	9	3	Promoter
NULL	3969	2026-01-31	10	7	9	Promoter
NULL	3969	2026-07-31	8	5	4	Promoter
NULL	3970	2024-04-30	6	9	1	Passive
NULL	3970	2024-07-31	7	3	4	Passive
NULL	3970	2024-10-31	3	4	4	Detractor
NULL	3970	2025-07-31	6	7	7	Passive
NULL	3970	2025-10-31	5	9	5	Passive
NULL	3970	2026-04-30	8	1	3	Detractor
NULL	3970	07/31/2026	3	10	7	Detractor
NULL	3971	2025-04-30	6	10	7	Detractor
NULL	3971	2025-07-31	6	3	7	Detractor
NULL	3971	2026-01-31	6	7	4	Promoter
NULL	3971	2026-04-30	8	5	6	Passive
NULL	3972	2024-01-31	7	6	3	Detractor
NULL	3973	2026-07-31	9	10	5	Promoter
NULL	3974	2025-10-31	4	5	6	Detractor
NULL	3974	2026-01-31	4	8	5	Detractor
NULL	3974	2026-04-30	7	2	8	Passive
NULL	3974	2026-07-31	4	4	4	Detractor
NULL	3975	2024-10-31	7	7	3	Promoter
NULL	3975	2025-01-31	6	10	10	Detractor
NULL	3975	2025-04-30	10	6	9	Promoter
NULL	3975	2025-07-31	6	5	10	Passive
NULL	3975	2025-10-31	10	9	NULL	Promoter
NULL	3976	2025-07-31	5	6	5	Detractor
NULL	3976	2025-10-31	5	6	6	Detractor
NULL	3976	2026-01-31	8	8	6	Promoter
NULL	3976	2026-04-30	8	10	5	Promoter
NULL	3976	2026-07-31	5	10	9	Passive
NULL	3977	2024-07-31	9	10	5	Passive
NULL	3977	2024-10-31	7	10	8	Passive
NULL	3977	2025-01-31	7	8	7	Detractor
NULL	3977	2025-04-30	9	5	10	Promoter
NULL	3977	2025-10-31	7	9	3	Passive
NULL	3977	2026-01-31	7	5	10	Promoter
NULL	3977	2026-04-30	6	10	8	Detractor
NULL	3977	2026-07-31	7	6	7	Passive
NULL	3978	2026-04-30	3	2	8	Detractor
NULL	3980	2024-07-31	9	9	10	Promoter
NULL	3980	2025-01-31	6	10	10	Passive
NULL	3980	2025-04-30	7	4	7	Passive
NULL	3980	2025-10-31	5	7	6	Detractor
NULL	3980	2026-01-31	5	7	3	Detractor
NULL	3980	2026-04-30	8	5	1	Promoter
NULL	3980	2026-07-31	4	7	4	Detractor
NULL	3981	2025-04-30	9	3	5	Passive
NULL	3981	2025-10-31	6	3	5	Detractor
NULL	3981	2026-07-31	8	5	7	Promoter
NULL	3982	2024-07-31	8	7	6	Passive
NULL	3982	2025-01-31	7	3	1	Passive
NULL	3982	2026-01-31	6	6	6	Detractor
NULL	3982	2026-04-30	4	5	9	Passive
NULL	3983	2024-01-31	8	6	5	Detractor
NULL	3983	2024-07-31	4	NULL	2	Detractor
NULL	3983	2024-10-31	4	9	3	Detractor
NULL	3983	2025-04-30	7	7	8	Promoter
NULL	3983	2025-07-31	7	1	5	Promoter
NULL	3983	2025-10-31	5	7	2	Detractor
NULL	3983	2026-01-31	6	8	9	Detractor
NULL	3983	2026-04-30	6	5	2	Detractor
NULL	3984	2024-01-31	8	6	10	Detractor
NULL	3984	2024-07-31	10	9	7	Promoter
NULL	3984	2024-10-31	6	10	8	Detractor
NULL	3984	2025-01-31	9	9	6	Promoter
NULL	3984	2025-04-30	5	10	7	Detractor
NULL	3984	2025-07-31	8	5	9	Passive
NULL	3984	2025-10-31	8	10	8	Passive
NULL	3985	2024-10-31	5	2	4	Detractor
NULL	3985	2025-01-31	4	7	1	Promoter
NULL	3985	2025-04-30	2	3	5	Passive
NULL	3985	2026-01-31	4	5	5	Passive
NULL	3985	2026-07-31	6	5	9	Detractor
NULL	3986	2024-04-30	4	3	2	Detractor
NULL	3986	07/31/2024	6	1	3	Passive
NULL	3986	2024-10-31	2	7	3	Detractor
NULL	3986	2025-01-31	6	2	4	Detractor
NULL	3986	2025-04-30	7	2	3	Promoter
NULL	3986	2025-10-31	2	5	3	Detractor
NULL	3988	2024-01-31	4	2	3	Detractor
NULL	3988	2024-07-31	10	8	7	Promoter
NULL	3988	2024-10-31	6	6	8	Detractor
NULL	3988	2025-01-31	5	2	4	Detractor
NULL	3988	07/31/2025	10	6	4	Promoter
NULL	3988	2025-10-31	7	8	5	Passive
NULL	3988	2026-01-31	10	6	5	Promoter
NULL	3988	2026-04-30	6	8	NULL	Detractor
NULL	3988	2026-07-31	2	2	4	Passive
NULL	3989	2024-01-31	7	10	7	Passive
NULL	3989	2024-07-31	7	6	7	Passive
NULL	3989	2024-10-31	7	7	5	Promoter
NULL	3989	2025-04-30	8	3	6	Promoter
NULL	3989	2025-07-31	8	4	5	Passive
NULL	3989	2025-10-31	6	8	3	Detractor
NULL	3990	2024-01-31	5	NULL	6	Passive
NULL	3990	2024-04-30	4	3	1	Detractor
NULL	3990	2024-07-31	5	4	6	Detractor
NULL	3990	2024-10-31	6	4	4	Promoter
NULL	3990	2025-01-31	8	7	4	Passive
NULL	3990	2025-04-30	5	6	8	Detractor
NULL	3990	2025-10-31	3	5	2	Detractor
NULL	3990	2026-04-30	5	4	2	Passive
NULL	3990	2026-07-31	4	3	2	Detractor
NULL	3991	2024-01-31	7	7	7	Promoter
NULL	3991	2024-07-31	10	7	5	Promoter
NULL	3991	2024-10-31	6	7	10	Detractor
NULL	3991	2025-04-30	7	4	8	Passive
NULL	3991	2026-04-30	7	7	5	Promoter
NULL	3992	2024-04-30	1	1	1	Detractor
NULL	3992	2024-07-31	6	3	6	Promoter
NULL	3992	2024-10-31	4	1	6	Detractor
NULL	3992	2025-01-31	3	1	1	Detractor
NULL	3992	2025-04-30	4	4	3	Detractor
NULL	3992	2025-07-31	6	2	5	Detractor
NULL	3992	2025-10-31	4	2	5	Promoter
NULL	3992	2026-04-30	2	1	3	Detractor
NULL	3992	2026-07-31	5	1	6	Passive
NULL	3994	01/31/2026	6	5	8	Detractor
NULL	3994	2026-07-31	7	6	3	Passive
NULL	3995	01/31/2025	3	5	1	Detractor
NULL	3995	2025-07-31	7	1	2	Passive
NULL	3995	2025-10-31	4	3	2	Detractor
NULL	3995	2026-01-31	3	1	2	Detractor
NULL	3996	2024-01-31	10	10	10	Promoter
NULL	3996	2024-04-30	6	10	7	Detractor
NULL	3997	2024-01-31	9	5	NULL	Promoter
NULL	3997	2024-04-30	6	8	5	Detractor
NULL	3997	2024-07-31	7	6	10	Passive
NULL	3997	2024-10-31	8	8	4	Passive
NULL	3997	2025-01-31	8	4	5	Passive
NULL	3997	2025-04-30	8	4	4	Promoter
NULL	3997	2025-10-31	7	8	10	Promoter
NULL	3997	2026-04-30	8	4	7	Promoter
NULL	3997	2026-07-31	6	2	5	Detractor
NULL	3998	2024-01-31	5	2	1	Passive
NULL	3998	2024-04-30	5	6	NULL	Detractor
NULL	3998	2024-10-31	6	2	4	Detractor
NULL	3998	2025-01-31	6	3	9	Detractor
NULL	3998	2025-04-30	6	1	1	Detractor
NULL	3998	2025-07-31	5	3	7	Detractor
NULL	3998	2025-10-31	5	4	3	Detractor
NULL	3998	2026-01-31	7	3	3	Promoter
NULL	3998	2026-04-30	4	1	4	Detractor
NULL	4000	2024-01-31	1	3	1	Passive
NULL	4000	2024-04-30	3	1	2	Detractor
NULL	4000	2024-07-31	1	3	1	Passive
NULL	4000	2024-10-31	3	1	1	Passive
NULL	4000	2025-01-31	1	1	1	Passive
NULL	4000	2025-07-31	3	4	2	Detractor
NULL	4000	2025-10-31	4	2	NULL	Passive
NULL	4002	2024-01-31	9	6	5	Promoter
NULL	4002	2024-04-30	4	6	1	Detractor
NULL	4002	2024-07-31	7	7	5	Detractor
NULL	4002	2024-10-31	5	5	5	Detractor
NULL	4002	2025-01-31	4	3	6	Detractor
NULL	4002	2025-04-30	8	4	4	Detractor
NULL	4002	2025-10-31	4	5	4	Passive
NULL	4002	2026-01-31	8	8	6	Passive
NULL	4002	2026-04-30	3	8	7	Detractor
NULL	4002	2026-07-31	6	5	5	Detractor
NULL	4003	2024-04-30	6	7	7	Passive
NULL	4003	2024-07-31	6	2	5	Detractor
NULL	4003	2024-10-31	7	4	10	Detractor
NULL	4003	2025-01-31	10	9	4	Promoter
NULL	4003	2025-07-31	9	10	8	Promoter
NULL	4003	2025-10-31	7	4	6	Promoter
NULL	4003	2026-01-31	6	7	4	Detractor
NULL	4003	2026-04-30	7	7	10	Detractor
NULL	4004	2024-01-31	7	2	5	Promoter
NULL	4004	2024-04-30	6	9	1	Detractor
NULL	4004	2024-10-31	8	7	8	Promoter
NULL	4004	2025-07-31	5	3	6	Detractor
NULL	4004	2025-10-31	6	4	4	Detractor
NULL	4004	2026-01-31	9	6	3	Promoter
NULL	4004	2026-04-30	7	6	NULL	Promoter
NULL	4004	2026-07-31	3	2	8	Detractor
NULL	4005	2024-01-31	9	9	5	Promoter
NULL	4005	2024-04-30	5	1	4	Detractor
NULL	4005	2024-07-31	7	5	6	Promoter
NULL	4005	2024-10-31	9	4	3	Promoter
NULL	4005	2025-01-31	8	NULL	7	Detractor
NULL	4005	2025-04-30	6	6	8	Detractor
NULL	4005	2025-10-31	4	8	1	Passive
NULL	4005	2026-01-31	6	5	6	Passive
NULL	4005	2026-04-30	9	8	NULL	Promoter
NULL	4005	2026-07-31	5	6	5	Promoter
NULL	4006	2024-01-31	10	5	5	Promoter
NULL	4006	2024-07-31	6	9	8	Detractor
NULL	4006	2024-10-31	5	9	6	Detractor
NULL	4006	2025-01-31	7	7	7	Promoter
NULL	4006	2025-04-30	4	10	9	Detractor
NULL	4006	2025-07-31	6	6	4	Detractor
NULL	4006	2025-10-31	7	5	5	Promoter
NULL	4006	2026-01-31	7	5	4	Promoter
NULL	4006	2026-04-30	8	9	6	Passive
NULL	4007	2024-07-31	6	5	5	Detractor
NULL	4007	2025-01-31	5	9	9	Detractor
NULL	4007	2025-10-31	5	6	3	Detractor
NULL	4007	2026-01-31	5	3	4	Detractor
NULL	4007	2026-04-30	8	7	4	Passive
NULL	4007	2026-07-31	6	7	1	Promoter
NULL	4008	2024-01-31	1	3	6	Detractor
NULL	4008	2024-04-30	4	1	2	Detractor
NULL	4008	2024-07-31	2	1	2	Detractor
NULL	4008	2024-10-31	2	1	1	Promoter
NULL	4008	2025-01-31	3	1	4	Detractor
NULL	4008	2025-04-30	2	7	NULL	Promoter
NULL	4008	2025-07-31	5	1	1	Passive
NULL	4008	2025-10-31	3	NULL	3	Detractor
NULL	4008	2026-01-31	4	1	1	Detractor
NULL	4008	2026-07-31	4	3	1	Detractor
NULL	4010	2026-01-31	7	3	7	Promoter
NULL	4010	2026-07-31	1	7	6	Detractor
NULL	4011	2024-04-30	6	3	2	Detractor
NULL	4011	2024-07-31	2	4	3	Detractor
NULL	4011	2024-10-31	2	4	4	Passive
NULL	4011	2025-01-31	3	3	1	Passive
NULL	4011	2025-04-30	4	9	3	Detractor
NULL	4011	2026-01-31	4	2	2	Detractor
NULL	4012	2025-07-31	5	1	1	Passive
NULL	4012	2026-01-31	3	1	1	Passive
NULL	4013	2025-04-30	5	7	5	Detractor
NULL	4013	2025-07-31	7	4	6	Promoter
NULL	4013	2025-10-31	8	7	10	Promoter
NULL	4014	2024-01-31	5	3	3	Detractor
NULL	4014	2024-07-31	3	6	4	Detractor
NULL	4014	2025-01-31	1	NULL	6	Detractor
NULL	4014	2025-04-30	2	2	10	Passive
NULL	4014	2026-04-30	4	5	7	Detractor
NULL	4014	2026-07-31	7	7	5	Passive
NULL	4015	2025-04-30	9	9	9	Promoter
NULL	4015	2025-07-31	10	9	5	Promoter
NULL	4015	2025-10-31	10	8	6	Promoter
NULL	4015	2026-04-30	7	9	6	Promoter
NULL	4015	2026-07-31	7	6	7	Promoter
NULL	4016	2024-04-30	5	10	7	Promoter
NULL	4016	2024-07-31	9	9	6	Promoter
NULL	4016	2025-01-31	9	8	4	Promoter
NULL	4016	2025-04-30	7	5	10	Passive
NULL	4016	2025-10-31	8	8	9	Promoter
NULL	4016	2026-01-31	10	6	7	Promoter
NULL	4016	2026-04-30	10	7	7	Passive
NULL	4016	2026-07-31	4	5	7	Passive
NULL	4017	2025-10-31	7	5	9	Promoter
NULL	4017	2026-01-31	5	7	4	Detractor
NULL	4017	2026-04-30	5	3	4	Detractor
NULL	4017	07/31/2026	6	5	3	Detractor
NULL	4018	2024-04-30	5	6	10	Detractor
NULL	4018	2024-07-31	8	9	5	Promoter
NULL	4018	2024-10-31	10	1	10	Promoter
NULL	4018	2025-01-31	9	10	5	Promoter
NULL	4018	2025-04-30	3	10	NULL	Detractor
NULL	4018	2025-10-31	10	9	6	Promoter
NULL	4018	2026-01-31	8	7	2	Passive
NULL	4018	2026-04-30	7	5	7	Detractor
NULL	4018	2026-07-31	6	4	9	Detractor
NULL	4019	2024-01-31	10	10	3	Passive
NULL	4019	2024-04-30	9	7	5	Promoter
NULL	4019	2024-07-31	10	10	9	Promoter
NULL	4019	2025-04-30	10	6	6	Promoter
NULL	4019	2025-07-31	8	9	4	Detractor
NULL	4019	2025-10-31	9	7	8	Passive
NULL	4019	2026-01-31	9	10	9	Promoter
NULL	4020	2024-01-31	3	3	2	Detractor
NULL	4020	2024-07-31	4	1	5	Detractor
NULL	4020	2025-01-31	5	2	1	Detractor
NULL	4020	2025-04-30	2	3	3	Detractor
NULL	4020	2025-07-31	6	4	4	Detractor
NULL	4020	2025-10-31	2	3	1	Detractor
NULL	4020	2026-01-31	7	3	6	Passive
NULL	4020	2026-07-31	4	NULL	1	Detractor
NULL	4021	2024-01-31	6	7	7	Detractor
NULL	4021	2024-07-31	7	3	7	Detractor
NULL	4021	2024-10-31	4	4	4	Detractor
NULL	4021	2025-04-30	7	6	10	Passive
NULL	4021	2025-07-31	9	6	7	Promoter
NULL	4021	2025-10-31	9	7	7	Promoter
NULL	4021	2026-01-31	8	9	10	Promoter
NULL	4021	2026-04-30	5	6	6	Detractor
NULL	4021	2026-07-31	7	8	9	Passive
NULL	4022	2026-01-31	4	3	6	Detractor
NULL	4022	2026-04-30	7	6	3	Passive
NULL	4022	2026-07-31	4	4	3	Detractor
NULL	4023	2025-10-31	1	3	4	Detractor
NULL	4023	2026-01-31	4	2	2	Detractor
NULL	4023	2026-04-30	3	1	2	Detractor
NULL	4023	2026-07-31	2	1	1	Detractor
NULL	4024	2025-04-30	8	3	8	Promoter
NULL	4024	07/31/2025	9	NULL	5	Promoter
NULL	4024	2025-10-31	8	1	NULL	Promoter
NULL	4024	2026-01-31	4	9	6	Detractor
NULL	4024	2026-07-31	4	9	4	Detractor
NULL	4025	2024-07-31	7	5	6	Promoter
NULL	4025	2025-01-31	10	8	10	Promoter
NULL	4025	2025-07-31	8	5	3	Passive
NULL	4025	2025-10-31	9	4	6	Promoter
NULL	4025	2026-01-31	9	5	NULL	Passive
NULL	4025	2026-04-30	7	7	10	Passive
NULL	4025	2026-07-31	10	7	4	Promoter
NULL	4026	2024-01-31	4	6	1	Detractor
NULL	4026	2024-04-30	9	7	5	Promoter
NULL	4026	2025-01-31	5	4	3	Detractor
NULL	4026	2025-04-30	7	7	2	Passive
NULL	4026	2025-10-31	2	6	9	Detractor
NULL	4026	2026-01-31	7	6	8	Passive
NULL	4026	2026-04-30	5	2	3	Passive
NULL	4026	2026-07-31	3	6	6	Passive
NULL	4027	2024-01-31	4	4	5	Detractor
NULL	4027	2024-07-31	5	4	7	Detractor
NULL	4027	2024-10-31	5	4	1	Passive
NULL	4027	2025-01-31	2	8	8	Detractor
NULL	4027	2025-07-31	3	2	2	Detractor
NULL	4027	2026-01-31	3	6	8	Promoter
NULL	4027	2026-04-30	5	4	8	Detractor
NULL	4027	2026-07-31	4	5	9	Passive
NULL	4028	2024-01-31	6	5	4	Detractor
NULL	4028	2024-04-30	6	8	1	Detractor
NULL	4028	2024-07-31	5	6	5	Detractor
NULL	4028	2025-01-31	7	5	5	Passive
NULL	4028	2025-10-31	3	8	4	Passive
NULL	4028	2026-01-31	7	5	4	Passive
NULL	4028	2026-04-30	4	5	1	Detractor
NULL	4028	2026-07-31	5	8	4	Detractor
NULL	4029	2026-04-30	10	5	8	Promoter
NULL	4029	2026-07-31	8	4	10	Promoter
NULL	4030	2024-01-31	8	10	6	Passive
NULL	4030	2024-04-30	9	4	5	Promoter
NULL	4030	2024-07-31	8	3	3	Detractor
NULL	4030	2025-01-31	8	4	4	Passive
NULL	4030	2025-10-31	7	8	8	Promoter
NULL	4030	2026-04-30	10	10	1	Promoter
NULL	4030	2026-07-31	7	4	9	Passive
NULL	4031	2026-07-31	3	1	1	Detractor
NULL	4032	2025-04-30	6	5	2	Detractor
NULL	4032	2025-07-31	5	3	1	Detractor
NULL	4032	2025-10-31	4	5	2	Promoter
NULL	4032	01/31/2026	6	1	10	Detractor
NULL	4032	2026-04-30	7	4	7	Detractor
NULL	4032	2026-07-31	6	7	5	Detractor
NULL	4033	2026-07-31	4	6	4	Detractor
NULL	4035	2024-01-31	6	5	5	Detractor
NULL	4035	2024-04-30	7	5	8	Detractor
NULL	4035	2024-07-31	5	1	8	Detractor
NULL	4035	10/31/2024	6	6	6	Detractor
NULL	4035	2025-04-30	6	7	6	Detractor
NULL	4035	2025-07-31	6	7	6	Detractor
NULL	4035	2025-10-31	8	6	6	Promoter
NULL	4035	2026-01-31	10	8	1	Passive
NULL	4035	2026-07-31	6	10	4	Detractor
NULL	4036	2024-01-31	6	5	3	Detractor
NULL	4036	2024-04-30	5	1	1	Detractor
NULL	4036	2024-10-31	5	3	9	Passive
NULL	4036	2025-01-31	4	3	5	Detractor
NULL	4036	2025-04-30	4	NULL	6	Detractor
NULL	4036	2025-07-31	5	3	4	Passive
NULL	4036	2025-10-31	6	7	8	Detractor
NULL	4036	2026-04-30	3	NULL	5	Detractor
NULL	4036	2026-07-31	3	2	2	Detractor
NULL	4037	2025-01-31	7	6	8	Passive
NULL	4037	2025-04-30	10	3	7	Promoter
NULL	4037	2025-07-31	9	5	4	Promoter
NULL	4037	10/31/2025	9	7	6	Promoter
NULL	4037	2026-01-31	8	8	5	Promoter
NULL	4037	2026-07-31	9	5	8	Promoter
NULL	4039	2024-04-30	7	3	2	Detractor
NULL	4039	2024-10-31	6	6	3	Detractor
NULL	4039	2025-01-31	7	5	1	Passive
NULL	4039	2025-10-31	6	1	4	Detractor
NULL	4039	2026-01-31	4	5	3	Detractor
NULL	4039	2026-04-30	3	2	7	Detractor
NULL	4039	2026-07-31	7	4	3	Passive
NULL	4041	2025-10-31	6	7	2	Detractor
NULL	4041	2026-01-31	4	1	7	Detractor
NULL	4041	2026-04-30	5	4	1	Detractor
NULL	4041	2026-07-31	5	3	7	Passive
NULL	4042	2024-01-31	4	10	3	Detractor
NULL	4042	2024-04-30	9	8	3	Promoter
NULL	4042	2024-07-31	6	5	5	Promoter
NULL	4042	2024-10-31	10	6	3	Promoter
NULL	4042	2025-01-31	9	6	3	Promoter
NULL	4042	2025-04-30	9	10	3	Promoter
NULL	4042	2025-07-31	5	6	6	Detractor
NULL	4042	2025-10-31	8	8	9	Promoter
NULL	4042	2026-01-31	9	10	7	Promoter
NULL	4043	2024-07-31	5	1	3	Detractor
NULL	4043	2025-07-31	2	5	2	Passive
NULL	4043	2025-10-31	5	1	2	Detractor
NULL	4043	2026-01-31	1	3	NULL	Detractor
NULL	4043	2026-07-31	1	5	8	Passive
NULL	4044	2025-01-31	9	5	9	Promoter
NULL	4044	2025-07-31	10	NULL	9	Promoter
NULL	4044	2025-10-31	7	10	8	Passive
NULL	4044	2026-07-31	7	4	10	Passive
NULL	4045	2026-04-30	5	6	3	Detractor
NULL	4045	2026-07-31	7	4	9	Passive
NULL	4046	2024-04-30	7	10	10	Passive
NULL	4046	2024-10-31	10	9	9	Promoter
NULL	4046	2025-01-31	8	8	NULL	Promoter
NULL	4046	2025-04-30	10	4	9	Promoter
NULL	4046	2025-07-31	10	8	7	Promoter
NULL	4046	2026-01-31	10	10	10	Promoter
NULL	4046	2026-04-30	10	10	9	Promoter
NULL	4046	2026-07-31	10	10	10	Passive
NULL	4047	2026-01-31	7	9	8	Passive
NULL	4047	2026-07-31	7	10	5	Passive
NULL	4048	2024-10-31	5	5	5	Passive
NULL	4048	2025-04-30	6	NULL	1	Passive
NULL	4048	2025-07-31	5	1	6	Detractor
NULL	4048	2025-10-31	4	4	7	Passive
NULL	4048	2026-01-31	1	3	1	Detractor
NULL	4048	2026-07-31	1	5	1	Detractor
NULL	4049	2025-10-31	5	5	6	Detractor
NULL	4049	2026-01-31	6	8	5	Detractor
NULL	4049	2026-04-30	5	9	5	Passive
NULL	4049	2026-07-31	6	4	4	Detractor
NULL	4050	2024-01-31	10	10	10	Detractor
NULL	4050	2024-04-30	10	10	4	Promoter
NULL	4050	2024-07-31	9	9	7	Promoter
NULL	4050	2025-01-31	10	10	10	Promoter
NULL	4050	2025-10-31	10	10	10	Promoter
NULL	4050	2026-04-30	10	8	10	Promoter
NULL	4050	2026-07-31	9	10	10	Promoter
NULL	4051	2025-10-31	9	3	3	Promoter
NULL	4051	2026-01-31	5	6	7	Detractor
NULL	4051	2026-04-30	8	5	6	Passive
NULL	4052	2024-04-30	10	8	9	Promoter
NULL	4052	2024-10-31	10	9	6	Promoter
NULL	4052	2025-01-31	8	9	8	Promoter
NULL	4052	2025-04-30	9	5	9	Promoter
NULL	4052	2025-07-31	10	9	5	Promoter
NULL	4052	2026-01-31	10	8	6	Detractor
NULL	4052	2026-04-30	10	7	6	Promoter
NULL	4052	2026-07-31	7	10	7	Promoter
NULL	4053	2024-01-31	10	10	9	Promoter
NULL	4053	2024-04-30	7	6	8	Passive
NULL	4053	2025-04-30	7	7	2	Passive
NULL	4053	2025-07-31	6	8	6	Detractor
NULL	4053	2025-10-31	7	7	3	Passive
NULL	4053	01/31/2026	8	6	2	Passive
NULL	4053	2026-04-30	6	2	4	Detractor
NULL	4053	2026-07-31	9	3	10	Promoter
NULL	4054	2024-01-31	9	5	5	Promoter
NULL	4054	2024-07-31	8	8	3	Passive
NULL	4054	2024-10-31	5	NULL	7	Detractor
NULL	4054	2025-01-31	7	6	3	Promoter
NULL	4054	2025-04-30	10	7	6	Promoter
NULL	4054	2025-07-31	8	4	7	Passive
NULL	4056	2025-07-31	6	9	7	Detractor
NULL	4056	2025-10-31	6	3	6	Detractor
NULL	4056	2026-01-31	4	6	1	Passive
NULL	4056	2026-04-30	4	4	10	Detractor
NULL	4056	2026-07-31	5	10	10	Detractor
NULL	4057	2024-01-31	7	7	7	Promoter
NULL	4057	2024-04-30	10	4	3	Promoter
NULL	4057	2024-07-31	6	5	4	Detractor
NULL	4057	04/30/2025	9	7	8	Promoter
NULL	4057	2025-10-31	6	6	7	Detractor
NULL	4057	2026-01-31	6	7	9	Detractor
NULL	4057	2026-04-30	7	10	9	Promoter
NULL	4057	2026-07-31	10	5	8	Promoter
NULL	4060	2026-01-31	7	5	6	Promoter
NULL	4060	2026-04-30	3	5	4	Detractor
NULL	4060	2026-07-31	5	4	8	Detractor
NULL	4061	2025-04-30	8	10	7	Promoter
NULL	4062	07/31/2024	10	5	NULL	Promoter
NULL	4062	2024-10-31	10	7	10	Promoter
NULL	4062	2025-01-31	8	3	8	Detractor
NULL	4062	2025-04-30	8	9	5	Promoter
NULL	4062	2025-07-31	8	6	8	Passive
NULL	4062	2025-10-31	8	7	7	Promoter
NULL	4064	2025-04-30	9	8	4	Promoter
NULL	4064	2025-10-31	7	7	10	Detractor
NULL	4065	2024-04-30	10	6	5	Promoter
NULL	4065	2025-04-30	6	5	5	Detractor
NULL	4065	2025-07-31	5	7	7	Detractor
NULL	4065	2025-10-31	8	10	6	Passive
NULL	4065	2026-01-31	6	9	3	Detractor
NULL	4067	2024-04-30	1	4	2	Detractor
NULL	4067	2024-07-31	1	5	4	Detractor
NULL	4067	2024-10-31	3	3	1	Detractor
NULL	4067	2025-01-31	1	3	2	Detractor
NULL	4067	2025-04-30	2	1	1	Detractor
NULL	4067	2025-10-31	4	6	2	Detractor
NULL	4067	2026-01-31	1	6	1	Detractor
NULL	4067	2026-07-31	2	1	4	Detractor
NULL	4068	2025-01-31	7	7	5	Detractor
NULL	4068	2025-04-30	8	7	4	Passive
NULL	4068	2025-07-31	9	8	7	Promoter
NULL	4068	2025-10-31	7	8	9	Promoter
NULL	4068	2026-01-31	10	6	9	Promoter
NULL	4068	2026-07-31	4	7	10	Passive
NULL	4069	2024-10-31	7	6	9	Passive
NULL	4069	2025-07-31	10	6	9	Promoter
NULL	4069	2025-10-31	7	10	9	Promoter
NULL	4069	2026-01-31	7	8	7	Passive
NULL	4071	2024-07-31	9	7	6	Promoter
NULL	4071	2024-10-31	8	10	4	Passive
NULL	4071	2025-01-31	10	5	7	Promoter
NULL	4071	2025-04-30	10	6	6	Promoter
NULL	4071	2025-07-31	10	8	9	Promoter
NULL	4071	2026-01-31	7	10	7	Passive
NULL	4071	2026-07-31	8	5	9	Promoter
NULL	4072	2024-01-31	8	6	NULL	Detractor
NULL	4072	2024-04-30	8	7	7	Passive
NULL	4072	2024-07-31	8	4	8	Passive
NULL	4072	2024-10-31	6	7	8	Detractor
NULL	4072	2025-01-31	4	6	6	Detractor
NULL	4072	2025-04-30	6	6	4	Detractor
NULL	4072	2025-10-31	9	5	NULL	Promoter
NULL	4072	2026-07-31	10	3	1	Promoter
NULL	4073	04/30/2025	7	7	10	Promoter
NULL	4073	2025-07-31	8	5	9	Detractor
NULL	4073	2025-10-31	7	4	6	Promoter
NULL	4073	2026-01-31	4	7	6	Passive
NULL	4073	2026-04-30	7	6	4	Promoter
NULL	4073	2026-07-31	8	10	4	Passive
NULL	4074	2024-01-31	9	10	7	Promoter
NULL	4074	2024-04-30	10	3	9	Promoter
NULL	4074	2024-10-31	8	10	4	Promoter
NULL	4074	2025-01-31	10	6	10	Passive
NULL	4075	2025-10-31	6	7	10	Passive
NULL	4075	2026-01-31	9	4	5	Promoter
NULL	4075	04/30/2026	9	10	10	Passive
NULL	4076	2025-10-31	4	5	3	Passive
NULL	4076	2026-01-31	1	1	1	Passive
NULL	4076	2026-07-31	2	4	6	Detractor
NULL	4078	2024-04-30	3	1	1	Detractor
NULL	4078	2024-07-31	7	3	1	Promoter
NULL	4078	2024-10-31	4	5	1	Passive
NULL	4078	2025-01-31	5	2	4	Detractor
NULL	4078	2025-04-30	3	5	4	Detractor
NULL	4078	2025-07-31	2	2	3	Detractor
NULL	4078	2025-10-31	6	5	NULL	Passive
NULL	4078	2026-04-30	3	5	NULL	Detractor
NULL	4078	2026-07-31	1	4	4	Detractor
NULL	4079	2024-07-31	9	4	7	Promoter
NULL	4079	2025-07-31	6	6	7	Passive
NULL	4079	2025-10-31	9	4	6	Promoter
NULL	4080	2024-01-31	5	5	5	Passive
NULL	4080	2024-07-31	7	NULL	5	Promoter
NULL	4080	2025-01-31	8	9	2	Detractor
NULL	4080	2025-04-30	4	2	1	Passive
NULL	4080	2025-10-31	6	8	9	Passive
NULL	4080	2026-01-31	4	5	9	Passive
NULL	4080	2026-04-30	3	6	3	Detractor
NULL	4080	2026-07-31	4	4	6	Detractor
NULL	4081	2025-07-31	3	5	5	Passive
NULL	4081	2026-01-31	4	6	1	Detractor
NULL	4081	2026-04-30	10	2	3	Promoter
NULL	4081	2026-07-31	6	3	6	Detractor
NULL	4082	2024-04-30	2	6	6	Detractor
NULL	4082	2025-07-31	2	6	4	Detractor
NULL	4082	2025-10-31	6	6	2	Detractor
NULL	4082	2026-01-31	7	7	2	Passive
NULL	4082	2026-04-30	4	6	5	Detractor
NULL	4083	2024-04-30	8	9	6	Promoter
NULL	4083	2024-07-31	6	10	1	Detractor
NULL	4083	10/31/2024	5	10	5	Detractor
NULL	4083	2025-01-31	8	7	7	Promoter
NULL	4083	2025-07-31	9	10	6	Detractor
NULL	4083	2025-10-31	8	8	8	Passive
NULL	4083	2026-01-31	9	8	6	Passive
NULL	4083	2026-04-30	9	6	8	Promoter
NULL	4083	2026-07-31	5	5	3	Detractor
NULL	4084	2024-01-31	9	5	7	Promoter
NULL	4084	2024-04-30	2	9	1	Detractor
NULL	4084	2024-07-31	9	8	2	Promoter
NULL	4084	2024-10-31	8	6	5	Detractor
NULL	4084	2025-01-31	10	10	5	Passive
NULL	4084	2025-04-30	10	10	7	Promoter
NULL	4084	2025-10-31	6	10	5	Detractor
NULL	4084	2026-01-31	3	9	5	Detractor
NULL	4085	2024-01-31	5	6	5	Passive
NULL	4085	2024-07-31	10	5	10	Promoter
NULL	4085	2024-10-31	3	5	10	Passive
NULL	4085	2025-04-30	8	4	6	Promoter
NULL	4085	2025-07-31	8	4	8	Detractor
NULL	4085	2025-10-31	7	10	4	Passive
NULL	4085	2026-01-31	8	8	4	Promoter
NULL	4085	2026-04-30	7	7	8	Promoter
NULL	4086	2024-10-31	10	10	5	Promoter
NULL	4086	04/30/2025	9	10	8	Promoter
NULL	4086	2026-01-31	10	4	9	Promoter
NULL	4088	2024-01-31	6	8	7	Passive
NULL	4088	2024-04-30	10	10	7	Promoter
NULL	4088	2025-01-31	10	6	10	Promoter
NULL	4088	2025-04-30	9	9	7	Promoter
NULL	4088	07/31/2025	10	10	5	Promoter
NULL	4088	2025-10-31	10	10	8	Promoter
NULL	4088	2026-01-31	9	6	10	Passive
NULL	4088	2026-04-30	10	10	9	Passive
NULL	4089	2024-01-31	6	6	7	Detractor
NULL	4089	2024-10-31	3	5	9	Detractor
NULL	4089	2025-01-31	3	1	2	Detractor
NULL	4089	2025-04-30	8	5	10	Passive
NULL	4089	2025-07-31	6	6	3	Detractor
NULL	4089	2025-10-31	10	5	9	Promoter
NULL	4089	2026-04-30	9	5	5	Promoter
NULL	4089	2026-07-31	6	5	4	Detractor
NULL	4090	2026-04-30	6	9	3	Passive
NULL	4090	2026-07-31	10	NULL	3	Passive
NULL	4092	2024-07-31	8	8	2	Promoter
NULL	4092	2024-10-31	3	7	1	Detractor
NULL	4092	2025-01-31	7	6	5	Passive
NULL	4092	2025-04-30	3	7	10	Passive
NULL	4093	2024-04-30	8	10	9	Passive
NULL	4093	2024-07-31	9	10	5	Promoter
NULL	4093	2024-10-31	9	8	9	Promoter
NULL	4093	2025-01-31	9	8	5	Promoter
NULL	4093	2025-07-31	6	8	10	Detractor
NULL	4094	2025-10-31	2	4	1	Detractor
NULL	4094	2026-01-31	4	4	1	Detractor
NULL	4094	2026-04-30	4	2	6	Detractor
NULL	4094	2026-07-31	1	1	4	Detractor
NULL	4095	2024-10-31	4	7	7	Passive
NULL	4095	2025-01-31	9	1	10	Promoter
NULL	4095	2025-07-31	6	7	8	Detractor
NULL	4095	2025-10-31	8	9	7	Passive
NULL	4095	2026-04-30	8	9	6	Promoter
NULL	4095	2026-07-31	7	6	6	Promoter
NULL	4096	2024-04-30	6	2	3	Detractor
NULL	4096	2024-07-31	6	5	8	Promoter
NULL	4096	2024-10-31	5	7	5	Detractor
NULL	4096	2025-01-31	5	7	5	Detractor
NULL	4096	2025-04-30	3	7	6	Detractor
NULL	4096	2025-10-31	3	10	5	Passive
NULL	4096	2026-01-31	8	5	10	Promoter
NULL	4096	2026-07-31	6	7	2	Detractor
NULL	4097	2024-01-31	6	6	9	Detractor
NULL	4097	2024-04-30	10	6	2	Promoter
NULL	4097	2024-07-31	6	5	6	Detractor
NULL	4097	2024-10-31	5	6	6	Passive
NULL	4097	2025-01-31	6	6	7	Passive
NULL	4097	2025-07-31	4	9	4	Detractor
NULL	4097	2025-10-31	6	3	2	Detractor
NULL	4097	2026-01-31	4	NULL	10	Detractor
NULL	4097	2026-04-30	8	5	5	Passive
NULL	4097	2026-07-31	6	4	4	Detractor
NULL	4098	2026-07-31	8	8	9	Promoter
NULL	4099	2024-01-31	6	3	5	Passive
NULL	4099	2024-04-30	6	6	3	Detractor
NULL	4099	2024-07-31	2	4	3	Detractor
NULL	4099	2024-10-31	4	2	5	Detractor
NULL	4099	2025-01-31	5	6	6	Promoter
NULL	4099	2025-04-30	4	3	4	Detractor
NULL	4099	2025-07-31	7	2	9	Promoter
NULL	4099	2025-10-31	7	5	4	Passive
NULL	4099	2026-01-31	2	6	1	Detractor
NULL	4099	2026-04-30	5	2	7	Passive
NULL	4099	2026-07-31	6	6	5	Detractor
NULL	4100	2024-01-31	3	1	1	Passive
NULL	4100	2024-04-30	3	3	1	Detractor
NULL	4100	2024-07-31	3	3	6	Detractor
NULL	4100	2026-01-31	3	3	1	Passive
NULL	4101	2026-07-31	4	4	NULL	Passive
NULL	4102	2024-04-30	9	6	6	Promoter
NULL	4102	2024-07-31	10	10	3	Promoter
NULL	4102	2024-10-31	10	8	10	Promoter
NULL	4102	2025-01-31	10	8	6	Promoter
NULL	4102	2025-04-30	9	9	9	Promoter
NULL	4102	2025-07-31	10	10	4	Promoter
NULL	4102	2025-10-31	10	10	8	Promoter
NULL	4102	2026-01-31	10	10	6	Promoter
NULL	4102	07/31/2026	7	10	6	Promoter
NULL	4103	2024-10-31	8	4	1	Passive
NULL	4103	2025-04-30	5	6	4	Passive
NULL	4103	2025-07-31	5	2	4	Passive
NULL	4103	2026-01-31	5	4	2	Passive
NULL	4103	2026-04-30	4	3	5	Passive
NULL	4103	2026-07-31	5	6	1	Detractor
NULL	4104	2026-07-31	4	7	7	Detractor
NULL	4105	2024-10-31	5	6	8	Detractor
NULL	4105	2025-01-31	4	9	8	Passive
NULL	4105	2025-10-31	7	7	5	Detractor
NULL	4105	2026-01-31	9	9	7	Promoter
NULL	4105	2026-07-31	8	5	3	Passive
NULL	4106	01/31/2024	2	4	1	Passive
NULL	4106	2024-04-30	3	1	1	Detractor
NULL	4106	2024-07-31	1	4	1	Detractor
NULL	4106	2024-10-31	6	3	8	Passive
NULL	4106	2025-01-31	2	1	2	Passive
NULL	4106	2025-04-30	1	2	4	Passive
NULL	4106	2025-07-31	4	4	1	Detractor
NULL	4106	2026-07-31	4	2	5	Detractor
NULL	4107	2024-10-31	5	1	2	Detractor
NULL	4107	2025-01-31	2	2	1	Detractor
NULL	4107	2025-07-31	4	2	NULL	Detractor
NULL	4107	2025-10-31	1	3	6	Detractor
NULL	4107	2026-01-31	2	3	3	Promoter
NULL	4107	2026-07-31	1	2	2	Detractor
NULL	4108	2024-01-31	8	9	8	Passive
NULL	4108	2024-04-30	4	6	6	Detractor
NULL	4108	2024-07-31	8	6	8	Passive
NULL	4108	2025-01-31	8	10	7	Passive
NULL	4108	2025-04-30	9	7	8	Promoter
NULL	4108	2025-07-31	9	8	4	Promoter
NULL	4108	2026-04-30	8	10	8	Detractor
NULL	4108	2026-07-31	8	8	5	Promoter
NULL	4109	2024-04-30	9	7	6	Promoter
NULL	4109	2024-07-31	9	10	10	Promoter
NULL	4109	2025-01-31	9	10	7	Passive
NULL	4109	2025-07-31	10	7	5	Promoter
NULL	4109	2025-10-31	7	8	9	Detractor
NULL	4109	2026-01-31	6	5	7	Passive
NULL	4109	2026-04-30	9	10	7	Promoter
NULL	4109	2026-07-31	8	9	7	Passive
NULL	4110	2024-01-31	1	3	1	Detractor
NULL	4110	2024-04-30	4	1	3	Detractor
NULL	4110	2024-10-31	3	4	5	Detractor
NULL	4110	2025-01-31	4	2	4	Detractor
NULL	4110	2025-04-30	6	4	3	Detractor
NULL	4110	2025-10-31	5	8	7	Passive
NULL	4110	2026-01-31	1	3	4	Detractor
NULL	4110	2026-04-30	2	1	3	Promoter
NULL	4110	2026-07-31	3	2	1	Promoter
NULL	4111	2025-10-31	4	3	5	Passive
NULL	4111	2026-04-30	1	1	5	Detractor
NULL	4112	2024-01-31	9	6	8	Passive
NULL	4112	2024-04-30	8	8	3	Passive
NULL	4113	2026-07-31	10	7	10	Passive
NULL	4114	2024-10-31	8	10	5	Passive
NULL	4114	2025-01-31	8	10	NULL	Passive
NULL	4114	2025-04-30	8	7	6	Passive
NULL	4114	2025-10-31	7	6	7	Passive
NULL	4114	2026-01-31	6	10	6	Passive
NULL	4114	2026-04-30	7	7	5	Promoter
NULL	4114	2026-07-31	7	7	6	Passive
NULL	4115	2025-07-31	10	9	6	Promoter
NULL	4115	2026-01-31	10	10	5	Promoter
NULL	4115	2026-04-30	8	9	10	Passive
NULL	4115	2026-07-31	10	8	8	Promoter
NULL	4116	2024-01-31	5	5	6	Passive
NULL	4116	2024-04-30	8	NULL	6	Detractor
NULL	4116	2024-07-31	4	10	6	Detractor
NULL	4116	2025-01-31	3	5	1	Detractor
NULL	4116	2025-04-30	4	5	1	Detractor
NULL	4116	2025-07-31	4	2	3	Detractor
NULL	4116	2025-10-31	9	6	5	Promoter
NULL	4116	2026-01-31	5	6	NULL	Detractor
NULL	4116	2026-04-30	6	1	5	Detractor
NULL	4116	2026-07-31	4	7	5	Detractor
NULL	4117	2026-07-31	6	9	7	Detractor
NULL	4118	2024-04-30	4	6	4	Detractor
NULL	4118	2024-10-31	3	6	5	Passive
NULL	4118	2025-01-31	5	2	5	Detractor
NULL	4118	2025-04-30	6	6	5	Detractor
NULL	4118	2025-07-31	6	1	5	Detractor
NULL	4118	2025-10-31	6	6	4	Passive
NULL	4118	2026-01-31	9	3	5	Promoter
NULL	4118	2026-04-30	8	7	3	Passive
NULL	4118	2026-07-31	5	8	NULL	Detractor
NULL	4119	2024-01-31	8	6	5	Promoter
NULL	4119	2024-07-31	7	3	10	Passive
NULL	4119	2024-10-31	5	3	1	Detractor
NULL	4119	2025-01-31	3	5	9	Detractor
NULL	4119	2025-04-30	10	4	9	Promoter
NULL	4119	2025-07-31	8	4	1	Passive
NULL	4120	2024-01-31	1	2	3	Detractor
NULL	4120	2024-04-30	1	1	3	Detractor
NULL	4120	2024-07-31	1	1	1	Detractor
NULL	4120	2024-10-31	1	1	4	Detractor
NULL	4120	2025-01-31	4	1	1	Detractor
NULL	4120	2025-04-30	4	5	1	Detractor
NULL	4120	2025-07-31	1	3	1	Detractor
NULL	4120	2025-10-31	1	2	1	Passive
NULL	4120	2026-01-31	1	2	3	Detractor
NULL	4120	2026-04-30	2	1	10	Detractor
NULL	4121	2024-07-31	5	3	1	Detractor
NULL	4121	2024-10-31	5	4	8	Passive
NULL	4121	2025-01-31	5	6	1	Detractor
NULL	4121	2025-04-30	4	4	4	Detractor
NULL	4121	2025-10-31	7	4	10	Promoter
NULL	4121	2026-04-30	7	3	7	Promoter
NULL	4121	2026-07-31	3	7	2	Passive
NULL	4122	2024-01-31	7	5	6	Passive
NULL	4122	2024-04-30	8	5	8	Passive
NULL	4122	2024-10-31	5	8	10	Detractor
NULL	4122	2025-01-31	8	7	NULL	Passive
NULL	4122	2025-04-30	8	7	6	Passive
NULL	4122	07/31/2025	6	10	4	Promoter
NULL	4122	2025-10-31	10	5	2	Detractor
NULL	4122	2026-01-31	9	3	5	Promoter
NULL	4122	2026-04-30	5	8	4	Detractor
NULL	4122	2026-07-31	6	6	2	Detractor
NULL	4123	2026-04-30	9	6	5	Promoter
NULL	4123	2026-07-31	10	7	10	Promoter
NULL	4124	01/31/2025	6	10	9	Detractor
NULL	4124	2025-04-30	10	NULL	8	Promoter
NULL	4124	2025-07-31	10	8	9	Promoter
NULL	4124	2025-10-31	8	10	6	Passive
NULL	4124	2026-01-31	10	9	10	Passive
NULL	4124	2026-04-30	8	9	10	Passive
NULL	4124	2026-07-31	10	9	6	Passive
NULL	4125	2024-10-31	3	3	1	Detractor
NULL	4125	2025-04-30	2	1	4	Passive
NULL	4125	2025-07-31	1	1	1	Detractor
NULL	4125	2025-10-31	3	3	1	Detractor
NULL	4125	2026-01-31	2	4	1	Detractor
NULL	4125	2026-04-30	2	4	5	Passive
NULL	4126	2024-04-30	9	3	2	Detractor
NULL	4126	2024-10-31	8	7	8	Promoter
NULL	4126	2025-01-31	9	3	9	Promoter
NULL	4126	2025-04-30	9	3	6	Promoter
NULL	4126	2025-07-31	3	3	8	Detractor
NULL	4126	2025-10-31	6	6	5	Detractor
NULL	4126	2026-01-31	7	8	6	Passive
NULL	4126	2026-07-31	7	4	5	Passive
NULL	4127	2024-01-31	1	5	NULL	Detractor
NULL	4127	2024-04-30	2	3	3	Passive
NULL	4127	2024-07-31	7	3	1	Promoter
NULL	4127	2024-10-31	5	3	4	Detractor
NULL	4127	2025-01-31	7	1	3	Detractor
NULL	4127	2025-04-30	3	3	2	Detractor
NULL	4127	2025-07-31	5	4	5	Passive
NULL	4127	2025-10-31	4	1	1	Detractor
NULL	4127	2026-01-31	6	3	4	Detractor
NULL	4127	2026-04-30	6	5	1	Passive
NULL	4127	07/31/2026	3	2	3	Detractor
NULL	4128	2026-01-31	5	7	1	Detractor
NULL	4128	2026-04-30	7	1	2	Promoter
NULL	4128	2026-07-31	2	7	9	Detractor
NULL	4129	2024-04-30	7	6	7	Passive
NULL	4129	2024-07-31	9	8	4	Promoter
NULL	4129	10/31/2024	4	6	8	Detractor
NULL	4129	2025-01-31	5	7	7	Detractor
NULL	4129	2026-07-31	9	6	10	Promoter
NULL	4131	2024-01-31	7	4	4	Promoter
NULL	4131	2024-04-30	7	6	6	Passive
NULL	4131	2024-07-31	3	2	2	Detractor
NULL	4131	2025-01-31	7	6	6	Promoter
NULL	4131	2025-04-30	7	6	7	Promoter
NULL	4131	2025-07-31	5	5	2	Detractor
NULL	4131	2025-10-31	3	3	3	Passive
NULL	4131	2026-01-31	3	7	4	Detractor
NULL	4131	2026-04-30	4	2	2	Passive
NULL	4131	2026-07-31	7	3	4	Passive
NULL	4132	2024-01-31	5	8	5	Passive
NULL	4132	2024-04-30	7	7	2	Passive
NULL	4132	2024-07-31	8	8	7	Passive
NULL	4132	2025-01-31	6	3	9	Detractor
NULL	4132	2025-07-31	7	8	5	Passive
NULL	4132	2025-10-31	5	7	8	Detractor
NULL	4132	2026-01-31	8	8	3	Promoter
NULL	4132	2026-04-30	10	6	10	Promoter
NULL	4132	2026-07-31	6	6	5	Passive
NULL	4133	2025-07-31	8	6	7	Promoter
NULL	4133	2025-10-31	7	7	5	Detractor
NULL	4133	2026-01-31	9	8	7	Promoter
NULL	4133	2026-04-30	9	9	5	Promoter
NULL	4134	2024-10-31	2	5	8	Detractor
NULL	4134	2025-01-31	7	4	1	Passive
NULL	4134	2025-04-30	4	2	9	Detractor
NULL	4134	2025-07-31	4	5	2	Detractor
NULL	4134	2025-10-31	5	7	4	Detractor
NULL	4134	2026-01-31	1	7	1	Passive
NULL	4134	2026-04-30	3	4	1	Detractor
NULL	4134	2026-07-31	7	3	2	Passive
NULL	4135	2024-01-31	6	8	8	Promoter
NULL	4135	2024-07-31	8	5	7	Detractor
NULL	4135	2024-10-31	7	7	7	Passive
NULL	4135	2025-01-31	10	6	4	Promoter
NULL	4135	2025-07-31	10	7	7	Passive
NULL	4135	2025-10-31	3	6	NULL	Passive
NULL	4135	2026-01-31	8	NULL	5	Passive
NULL	4135	2026-04-30	8	4	9	Promoter
NULL	4135	2026-07-31	10	4	3	Promoter
NULL	4136	2025-04-30	3	7	2	Detractor
NULL	4136	2025-10-31	5	4	7	Detractor
NULL	4136	2026-07-31	5	1	8	Detractor
NULL	4137	2025-01-31	10	10	5	Promoter
NULL	4137	2025-04-30	10	9	9	Promoter
NULL	4137	2026-07-31	10	10	8	Promoter
NULL	4138	2024-04-30	8	6	5	Detractor
NULL	4138	2024-10-31	7	10	8	Passive
NULL	4138	2025-01-31	8	NULL	7	Passive
NULL	4138	2025-04-30	6	6	6	Detractor
NULL	4138	2025-10-31	10	3	6	Passive
NULL	4138	2026-01-31	10	7	4	Promoter
NULL	4138	04/30/2026	8	9	8	Passive
NULL	4138	2026-07-31	9	6	7	Promoter
NULL	4139	2026-04-30	6	5	5	Detractor
NULL	4139	2026-07-31	7	7	2	Promoter
NULL	4140	2026-01-31	6	NULL	2	Detractor
NULL	4140	2026-04-30	1	3	1	Promoter
NULL	4141	2024-04-30	8	6	7	Promoter
NULL	4141	2024-10-31	10	9	5	Passive
NULL	4141	2025-04-30	9	8	10	Promoter
NULL	4141	2026-01-31	9	10	9	Promoter
NULL	4141	2026-04-30	8	8	10	Promoter
NULL	4142	2025-04-30	10	5	NULL	Promoter
NULL	4142	2025-07-31	7	8	5	Detractor
NULL	4142	2025-10-31	10	7	7	Promoter
NULL	4142	2026-01-31	8	6	3	Passive
NULL	4142	2026-04-30	8	8	4	Promoter
NULL	4143	2025-10-31	9	3	1	Promoter
NULL	4143	2026-01-31	5	3	3	Detractor
NULL	4143	07/31/2026	2	NULL	3	Detractor
NULL	4146	2024-04-30	7	10	8	Passive
NULL	4146	2024-07-31	10	9	10	Promoter
NULL	4146	2024-10-31	10	5	10	Promoter
NULL	4146	2025-04-30	8	9	10	Promoter
NULL	4146	2025-07-31	10	9	6	Promoter
NULL	4146	2025-10-31	10	7	10	Promoter
NULL	4146	2026-01-31	8	10	6	Passive
NULL	4146	2026-04-30	10	10	5	Detractor
NULL	4146	2026-07-31	9	10	10	Passive
NULL	4149	2024-01-31	10	10	5	Promoter
NULL	4149	2024-07-31	10	NULL	8	Promoter
NULL	4149	2025-01-31	10	4	10	Promoter
NULL	4149	2025-04-30	9	4	4	Promoter
NULL	4149	2025-10-31	9	10	6	Promoter
NULL	4149	01/31/2026	9	9	6	Promoter
NULL	4150	2026-07-31	6	4	5	Detractor
NULL	4151	2024-01-31	10	9	5	Promoter
NULL	4151	2024-04-30	6	10	7	Detractor
NULL	4151	2024-07-31	8	NULL	3	Passive
NULL	4151	2024-10-31	10	8	6	Promoter
NULL	4151	2025-04-30	8	7	10	Passive
NULL	4151	2025-10-31	8	8	7	Passive
NULL	4151	2026-01-31	8	10	9	Promoter
NULL	4151	2026-04-30	8	10	6	Passive
NULL	4151	2026-07-31	7	10	10	Promoter
NULL	4152	2024-01-31	4	7	8	Detractor
NULL	4152	2024-04-30	4	NULL	5	Detractor
NULL	4152	2024-07-31	6	10	2	Passive
NULL	4152	10/31/2024	6	4	4	Detractor
NULL	4152	2025-07-31	6	4	6	Detractor
NULL	4152	2025-10-31	6	5	3	Detractor
NULL	4152	2026-04-30	8	9	6	Promoter
NULL	4153	2024-01-31	7	5	7	Detractor
NULL	4153	2024-04-30	5	3	7	Detractor
NULL	4153	2024-07-31	7	6	1	Promoter
NULL	4153	2025-01-31	8	4	4	Passive
NULL	4153	2025-07-31	8	6	5	Promoter
NULL	4153	2025-10-31	3	4	6	Detractor
NULL	4153	2026-04-30	6	4	1	Passive
NULL	4155	2024-01-31	3	6	4	Promoter
NULL	4155	2024-04-30	6	2	1	Detractor
NULL	4155	2024-07-31	5	4	1	Detractor
NULL	4155	2025-07-31	4	7	2	Passive
NULL	4155	2025-10-31	3	5	1	Detractor
NULL	4155	2026-01-31	5	2	3	Passive
NULL	4155	2026-04-30	7	5	3	Passive
NULL	4155	2026-07-31	3	3	7	Passive
NULL	4156	2024-01-31	6	7	5	Promoter
NULL	4156	2024-07-31	4	9	2	Detractor
NULL	4156	2024-10-31	10	NULL	2	Promoter
NULL	4156	2025-04-30	9	6	5	Detractor
NULL	4156	2025-07-31	10	7	10	Promoter
NULL	4156	2026-01-31	9	2	9	Detractor
NULL	4156	2026-04-30	6	8	1	Promoter
NULL	4156	2026-07-31	6	6	4	Detractor
NULL	4157	2024-01-31	5	4	NULL	Detractor
NULL	4157	2024-04-30	8	3	4	Promoter
NULL	4157	2024-07-31	8	3	3	Promoter
NULL	4158	2024-07-31	5	6	6	Passive
NULL	4158	2024-10-31	6	4	NULL	Promoter
NULL	4158	2025-04-30	4	6	4	Detractor
NULL	4158	2025-07-31	2	1	4	Passive
NULL	4158	2025-10-31	6	1	3	Detractor
NULL	4158	07/31/2026	5	1	6	Detractor
NULL	4159	2025-07-31	8	4	4	Promoter
NULL	4159	2025-10-31	10	7	3	Promoter
NULL	4159	2026-01-31	10	6	10	Promoter
NULL	4159	2026-04-30	7	6	5	Promoter
NULL	4160	2024-01-31	1	2	1	Detractor
NULL	4160	2024-10-31	1	1	1	Detractor
NULL	4160	2025-01-31	1	1	1	Detractor
NULL	4160	2025-07-31	1	1	2	Detractor
NULL	4160	2025-10-31	2	4	1	Detractor
NULL	4160	2026-04-30	1	3	1	Detractor
NULL	4160	2026-07-31	2	1	3	Passive
NULL	4161	2025-04-30	7	5	8	Promoter
NULL	4161	2025-07-31	7	10	6	Passive
NULL	4161	2025-10-31	9	5	5	Passive
NULL	4161	2026-01-31	9	8	6	Promoter
NULL	4161	2026-04-30	9	6	5	Promoter
NULL	4161	2026-07-31	8	9	8	Promoter
NULL	4162	2025-10-31	1	4	7	Detractor
NULL	4162	2026-07-31	2	NULL	4	Passive
NULL	4164	2024-04-30	6	4	1	Detractor
NULL	4164	2024-07-31	4	NULL	6	Promoter
NULL	4164	2024-10-31	6	6	4	Detractor
NULL	4164	2025-01-31	5	4	2	Detractor
NULL	4164	2025-04-30	5	5	5	Detractor
NULL	4164	2025-07-31	4	5	8	Detractor
NULL	4164	2025-10-31	5	6	6	Passive
NULL	4164	2026-04-30	8	3	9	Passive
NULL	4164	2026-07-31	5	2	5	Detractor
NULL	4165	2025-10-31	10	8	4	Promoter
NULL	4165	2026-01-31	6	4	6	Passive
NULL	4165	2026-04-30	8	6	8	Promoter
NULL	4166	2024-01-31	6	2	NULL	Detractor
NULL	4166	2024-04-30	3	8	5	Detractor
NULL	4166	2025-01-31	5	9	4	Detractor
NULL	4166	2025-04-30	7	4	1	Promoter
NULL	4166	2025-10-31	6	5	1	Detractor
NULL	4166	2026-01-31	4	NULL	6	Detractor
NULL	4166	2026-07-31	3	4	3	Detractor
NULL	4167	2025-10-31	3	1	NULL	Detractor
NULL	4167	2026-01-31	5	2	3	Detractor
NULL	4167	2026-04-30	4	5	9	Passive
NULL	4168	2024-04-30	9	3	10	Promoter
NULL	4168	2024-07-31	4	6	5	Detractor
NULL	4168	2024-10-31	4	5	7	Detractor
NULL	4168	2025-01-31	5	6	5	Detractor
NULL	4168	2025-07-31	6	5	2	Detractor
NULL	4168	2025-10-31	5	3	3	Detractor
NULL	4168	2026-01-31	6	8	8	Detractor
NULL	4168	2026-04-30	9	6	10	Promoter
NULL	4170	2025-10-31	8	4	7	Detractor
NULL	4170	2026-01-31	8	6	10	Passive
NULL	4170	2026-04-30	7	9	6	Passive
NULL	4170	2026-07-31	7	7	3	Detractor
NULL	4171	2026-01-31	6	9	4	Passive
NULL	4171	2026-04-30	10	5	5	Promoter
NULL	4171	2026-07-31	7	NULL	3	Passive
NULL	4172	2024-01-31	5	1	2	Passive
NULL	4172	2024-07-31	3	6	4	Detractor
NULL	4172	2025-01-31	9	1	1	Promoter
NULL	4172	2025-04-30	1	5	5	Detractor
NULL	4172	2025-07-31	3	3	1	Detractor
NULL	4172	2025-10-31	2	8	3	Passive
NULL	4172	2026-01-31	4	7	1	Detractor
NULL	4172	2026-04-30	3	3	5	Detractor
NULL	4172	07/31/2026	4	8	5	Detractor
NULL	4173	2025-04-30	2	3	2	Passive
NULL	4173	2025-07-31	3	1	5	Detractor
NULL	4173	2026-04-30	5	1	2	Detractor
NULL	4173	2026-07-31	3	2	4	Detractor
NULL	4174	2024-01-31	6	7	8	Detractor
NULL	4174	2024-04-30	5	5	2	Detractor
NULL	4174	2024-07-31	4	2	2	Passive
NULL	4174	2025-01-31	2	1	3	Detractor
NULL	4174	2025-04-30	5	6	8	Detractor
NULL	4174	2025-10-31	3	2	1	Detractor
NULL	4174	2026-01-31	6	3	7	Detractor
NULL	4174	04/30/2026	4	1	3	Detractor
NULL	4174	2026-07-31	3	2	5	Passive
NULL	4175	2024-01-31	8	3	5	Passive
NULL	4175	2024-04-30	5	6	5	Detractor
NULL	4175	2024-07-31	3	3	1	Detractor
NULL	4175	2024-10-31	2	4	3	Detractor
NULL	4175	2025-01-31	2	10	2	Detractor
NULL	4175	2025-04-30	6	4	3	Detractor
NULL	4175	2025-07-31	4	4	NULL	Passive
NULL	4175	2026-04-30	3	3	7	Passive
NULL	4175	2026-07-31	1	2	5	Detractor
NULL	4177	2025-07-31	7	5	6	Passive
NULL	4177	2026-01-31	4	5	7	Detractor
NULL	4177	2026-07-31	7	5	5	Promoter
NULL	4178	2024-01-31	7	4	4	Passive
NULL	4178	2024-07-31	7	4	5	Passive
NULL	4178	2024-10-31	6	7	7	Detractor
NULL	4178	2025-01-31	8	9	8	Passive
NULL	4178	2025-04-30	7	8	8	Passive
NULL	4178	2025-07-31	6	8	4	Passive
NULL	4178	2025-10-31	10	6	10	Promoter
NULL	4178	2026-04-30	8	7	8	Promoter
NULL	4178	2026-07-31	6	6	4	Detractor
NULL	4179	10/31/2025	5	4	8	Promoter
NULL	4179	2026-01-31	7	2	9	Passive
NULL	4179	2026-04-30	3	3	6	Detractor
NULL	4179	2026-07-31	3	4	1	Detractor
NULL	4180	2024-04-30	1	1	1	Detractor
NULL	4180	2024-07-31	7	6	3	Passive
NULL	4180	2024-10-31	6	1	1	Detractor
NULL	4180	2025-04-30	5	4	1	Detractor
NULL	4180	2025-07-31	2	1	4	Detractor
NULL	4180	2025-10-31	2	6	7	Detractor
NULL	4180	2026-01-31	3	5	2	Detractor
NULL	4180	2026-04-30	4	2	5	Passive
NULL	4180	2026-07-31	7	4	4	Passive
NULL	4181	2024-01-31	2	3	4	Detractor
NULL	4181	2024-07-31	5	5	6	Detractor
NULL	4181	2024-10-31	4	3	NULL	Detractor
NULL	4181	2025-01-31	3	6	NULL	Detractor
NULL	4181	2025-07-31	4	1	7	Passive
NULL	4181	2025-10-31	7	4	1	Passive
NULL	4181	2026-01-31	4	2	3	Passive
NULL	4181	2026-04-30	8	5	3	Passive
NULL	4181	2026-07-31	3	5	1	Detractor
NULL	4182	2024-01-31	4	NULL	6	Detractor
NULL	4182	2024-04-30	6	2	3	Detractor
NULL	4182	2024-07-31	7	8	10	Promoter
NULL	4182	2024-10-31	4	5	2	Promoter
NULL	4182	2025-04-30	6	3	3	Passive
NULL	4182	2025-07-31	4	4	2	Detractor
NULL	4182	2025-10-31	7	NULL	4	Detractor
NULL	4182	2026-01-31	6	7	NULL	Detractor
NULL	4182	2026-04-30	6	8	3	Detractor
NULL	4182	2026-07-31	6	9	4	Detractor
NULL	4183	2024-01-31	5	8	8	Promoter
NULL	4183	2024-10-31	8	3	7	Promoter
NULL	4183	2025-04-30	7	4	6	Promoter
NULL	4183	2025-10-31	9	4	5	Promoter
NULL	4183	2026-01-31	4	9	7	Detractor
NULL	4183	2026-04-30	4	4	3	Detractor
NULL	4184	2024-07-31	8	10	4	Detractor
NULL	4184	2024-10-31	5	1	NULL	Detractor
NULL	4184	2025-01-31	4	4	4	Detractor
NULL	4184	2025-10-31	5	6	NULL	Detractor
NULL	4184	2026-01-31	3	2	1	Detractor
NULL	4184	2026-04-30	6	8	5	Detractor
NULL	4185	2026-04-30	6	4	7	Detractor
NULL	4185	2026-07-31	5	8	8	Passive
NULL	4186	2024-01-31	6	7	8	Detractor
NULL	4186	2024-04-30	8	5	6	Passive
NULL	4186	2024-07-31	7	6	10	Detractor
NULL	4186	2024-10-31	5	5	3	Passive
NULL	4186	2025-01-31	6	7	8	Detractor
NULL	4186	2025-07-31	5	8	6	Detractor
NULL	4186	2026-01-31	8	10	1	Detractor
NULL	4186	2026-04-30	6	6	6	Detractor
NULL	4186	2026-07-31	7	8	5	Detractor
NULL	4187	2024-01-31	5	6	10	Detractor
NULL	4187	2024-04-30	7	7	4	Passive
NULL	4187	2024-07-31	8	8	9	Promoter
NULL	4188	2026-01-31	4	5	6	Detractor
NULL	4188	2026-04-30	6	4	10	Detractor
NULL	4188	2026-07-31	5	8	6	Passive
NULL	4189	2024-04-30	6	5	8	Detractor
NULL	4189	2024-07-31	6	5	3	Detractor
NULL	4190	2024-04-30	8	7	5	Promoter
NULL	4190	2024-07-31	8	8	4	Promoter
NULL	4190	2024-10-31	6	1	8	Detractor
NULL	4190	2025-01-31	7	6	7	Passive
NULL	4190	2025-07-31	7	7	2	Passive
NULL	4191	2024-01-31	7	9	8	Detractor
NULL	4191	2024-04-30	9	8	9	Promoter
NULL	4191	2024-10-31	7	10	6	Passive
NULL	4191	2025-01-31	8	7	8	Passive
NULL	4191	2025-07-31	9	8	8	Promoter
NULL	4191	2025-10-31	6	4	3	Passive
NULL	4191	2026-01-31	9	6	8	Promoter
NULL	4191	2026-04-30	6	4	4	Detractor
NULL	4191	2026-07-31	8	6	9	Promoter
NULL	4193	2024-01-31	9	7	4	Promoter
NULL	4193	2024-04-30	10	6	5	Detractor
NULL	4193	2024-10-31	9	7	6	Passive
NULL	4193	2025-01-31	10	8	10	Promoter
NULL	4193	2025-10-31	10	9	7	Promoter
NULL	4193	04/30/2026	7	5	8	Passive
NULL	4193	2026-07-31	9	4	9	Promoter
NULL	4194	2024-01-31	6	4	8	Detractor
NULL	4194	2024-04-30	8	4	9	Detractor
NULL	4194	2024-07-31	5	6	5	Detractor
NULL	4194	2024-10-31	6	5	7	Detractor
NULL	4194	2025-07-31	10	2	4	Passive
NULL	4194	2025-10-31	8	6	8	Passive
NULL	4194	2026-04-30	6	4	5	Passive
NULL	4195	2024-01-31	8	9	10	Passive
NULL	4195	2024-04-30	8	9	8	Passive
NULL	4195	2024-07-31	10	5	8	Passive
NULL	4195	2024-10-31	10	8	6	Promoter
NULL	4195	2025-10-31	8	NULL	6	Passive
NULL	4196	2024-01-31	7	4	6	Detractor
NULL	4196	2024-07-31	5	5	2	Detractor
NULL	4196	2024-10-31	3	5	4	Promoter
NULL	4196	2025-01-31	5	1	2	Detractor
NULL	4196	2025-07-31	5	3	6	Detractor
NULL	4196	2025-10-31	1	3	1	Detractor
NULL	4196	2026-01-31	8	5	4	Promoter
NULL	4196	2026-04-30	2	5	8	Detractor
NULL	4197	2026-04-30	3	7	1	Detractor
NULL	4198	2024-10-31	6	NULL	6	Passive
NULL	4198	2025-04-30	8	3	3	Promoter
NULL	4198	2025-07-31	5	5	4	Detractor
NULL	4198	2025-10-31	6	2	5	Detractor
NULL	4198	2026-01-31	6	8	5	Detractor
NULL	4198	2026-04-30	7	3	3	Promoter
NULL	4199	2024-07-31	6	9	7	Detractor
NULL	4199	2025-04-30	7	6	7	Passive
NULL	4199	2025-07-31	10	8	3	Promoter
NULL	4199	2025-10-31	9	10	5	Promoter
NULL	4199	2026-04-30	7	7	7	Promoter
NULL	4201	2024-07-31	7	4	4	Detractor
NULL	4201	2025-04-30	9	8	6	Promoter
NULL	4201	2025-10-31	6	7	5	Passive
NULL	4201	2026-01-31	4	5	4	Detractor
NULL	4201	2026-04-30	6	4	4	Detractor
NULL	4201	2026-07-31	9	5	4	Passive
NULL	4202	2025-07-31	7	2	5	Promoter
NULL	4202	2026-01-31	6	7	7	Detractor
NULL	4202	2026-07-31	5	4	7	Passive
NULL	4203	2026-04-30	5	5	5	Detractor
NULL	4203	2026-07-31	4	5	3	Detractor
NULL	4204	2026-01-31	4	3	2	Detractor
NULL	4204	2026-04-30	3	1	6	Passive
NULL	4204	2026-07-31	5	7	1	Detractor
NULL	4205	04/30/2024	7	10	4	Promoter
NULL	4205	2024-07-31	7	7	9	Detractor
NULL	4205	2024-10-31	7	10	2	Promoter
NULL	4205	2025-01-31	9	8	7	Promoter
NULL	4205	2025-04-30	8	7	7	Promoter
NULL	4205	2025-07-31	8	8	8	Passive
NULL	4205	2025-10-31	8	6	3	Detractor
NULL	4205	2026-01-31	9	5	5	Promoter
NULL	4206	2024-01-31	6	6	5	Detractor
NULL	4206	2024-04-30	9	9	7	Promoter
NULL	4206	2024-10-31	9	7	8	Passive
NULL	4206	2025-01-31	9	10	6	Promoter
NULL	4206	2025-04-30	6	6	8	Detractor
NULL	4206	2025-10-31	10	10	8	Promoter
NULL	4206	2026-01-31	9	10	4	Detractor
NULL	4206	2026-07-31	8	8	7	Promoter
NULL	4207	2025-04-30	7	6	4	Detractor
NULL	4207	2025-07-31	4	1	1	Detractor
NULL	4207	2026-01-31	4	3	9	Detractor
NULL	4209	2025-07-31	8	9	6	Detractor
NULL	4209	2025-10-31	5	5	6	Detractor
NULL	4209	2026-01-31	8	7	7	Passive
NULL	4209	2026-04-30	4	3	5	Detractor
NULL	4209	2026-07-31	3	8	4	Detractor
NULL	4210	2024-01-31	4	7	4	Detractor
NULL	4210	2024-04-30	7	6	7	Promoter
NULL	4210	2024-07-31	6	8	8	Promoter
NULL	4210	2024-10-31	10	3	5	Promoter
NULL	4210	2025-01-31	10	4	1	Passive
NULL	4210	2025-04-30	6	5	7	Passive
NULL	4210	2025-07-31	9	8	7	Promoter
NULL	4210	2025-10-31	5	7	6	Passive
NULL	4210	2026-04-30	4	6	2	Passive
NULL	4210	2026-07-31	3	6	4	Detractor
NULL	4211	2024-01-31	5	4	2	Detractor
NULL	4211	2024-04-30	6	4	9	Detractor
NULL	4211	2024-07-31	7	3	9	Passive
NULL	4211	2024-10-31	7	7	5	Passive
NULL	4212	2024-01-31	7	3	7	Passive
NULL	4212	2024-04-30	10	8	7	Passive
NULL	4212	2024-07-31	7	3	7	Detractor
NULL	4212	2024-10-31	4	3	10	Detractor
NULL	4212	2025-04-30	6	5	5	Passive
NULL	4212	2025-07-31	6	5	5	Detractor
NULL	4212	2025-10-31	5	8	1	Promoter
NULL	4212	2026-04-30	7	6	4	Passive
NULL	4212	2026-07-31	4	8	1	Detractor
NULL	4213	2024-01-31	2	4	4	Detractor
NULL	4213	2024-04-30	5	3	7	Detractor
NULL	4213	2024-07-31	8	3	5	Promoter
NULL	4213	2025-01-31	6	7	6	Detractor
NULL	4213	2026-01-31	6	7	3	Detractor
NULL	4213	2026-07-31	7	5	8	Promoter
NULL	4214	2026-01-31	8	6	4	Passive
NULL	4214	2026-04-30	6	3	8	Detractor
NULL	4214	2026-07-31	6	7	3	Detractor
NULL	4215	2025-07-31	3	4	4	Detractor
NULL	4215	2025-10-31	6	7	10	Passive
NULL	4215	2026-01-31	6	2	7	Detractor
NULL	4215	2026-04-30	10	7	9	Promoter
NULL	4215	2026-07-31	6	6	6	Detractor
NULL	4216	2026-04-30	10	8	8	Promoter
NULL	4216	2026-07-31	10	10	10	Passive
NULL	4217	2024-04-30	6	4	5	Passive
NULL	4217	2024-07-31	8	5	7	Promoter
NULL	4217	2024-10-31	3	10	5	Passive
NULL	4217	2025-01-31	9	6	7	Promoter
NULL	4217	2025-07-31	8	7	3	Promoter
NULL	4217	2025-10-31	6	8	5	Passive
NULL	4217	2026-01-31	7	NULL	8	Promoter
NULL	4217	2026-04-30	3	6	9	Detractor
NULL	4217	2026-07-31	8	6	5	Detractor
NULL	4218	2024-01-31	2	3	2	Detractor
NULL	4218	2024-04-30	5	3	4	Detractor
NULL	4218	2024-07-31	1	5	NULL	Detractor
NULL	4218	2025-01-31	6	6	5	Passive
NULL	4218	2026-01-31	5	2	4	Passive
NULL	4218	2026-07-31	6	6	5	Detractor
NULL	4219	2024-04-30	7	5	NULL	Passive
NULL	4219	2024-07-31	3	9	9	Detractor
NULL	4219	2024-10-31	7	10	10	Passive
NULL	4219	2025-01-31	7	10	6	Passive
NULL	4219	2025-07-31	10	NULL	7	Promoter
NULL	4219	2025-10-31	7	8	1	Promoter
NULL	4219	2026-07-31	7	4	6	Passive
NULL	4220	2024-10-31	7	6	5	Passive
NULL	4220	2025-01-31	7	6	5	Promoter
NULL	4220	2025-07-31	5	5	3	Detractor
NULL	4220	10/31/2025	7	5	5	Promoter
NULL	4220	2026-01-31	6	7	7	Detractor
NULL	4220	2026-07-31	5	5	1	Passive
NULL	4221	2024-01-31	6	9	4	Detractor
NULL	4221	2024-04-30	9	5	7	Passive
NULL	4221	2024-10-31	8	6	7	Passive
NULL	4221	2025-04-30	4	6	8	Detractor
NULL	4221	2026-04-30	9	7	3	Passive
NULL	4222	2024-07-31	8	4	10	Passive
NULL	4222	2024-10-31	8	5	7	Promoter
NULL	4222	2025-01-31	5	6	7	Detractor
NULL	4222	2025-07-31	7	8	6	Passive
NULL	4222	2025-10-31	2	4	9	Passive
NULL	4222	2026-01-31	5	6	4	Passive
NULL	4222	2026-07-31	4	9	3	Detractor
NULL	4223	2024-04-30	3	3	3	Passive
NULL	4223	2024-07-31	2	8	1	Detractor
NULL	4223	2024-10-31	3	4	4	Detractor
NULL	4223	01/31/2025	2	7	1	Detractor
NULL	4223	2025-04-30	5	5	5	Detractor
NULL	4223	2025-07-31	4	4	2	Detractor
NULL	4223	2025-10-31	5	1	4	Passive
NULL	4223	2026-01-31	6	5	5	Detractor
NULL	4223	2026-04-30	2	2	5	Passive
NULL	4223	2026-07-31	4	4	5	Passive
NULL	4224	2024-07-31	4	3	7	Detractor
NULL	4224	2024-10-31	7	1	5	Detractor
NULL	4224	2025-04-30	6	3	5	Detractor
NULL	4224	2025-07-31	1	3	5	Detractor
NULL	4224	2025-10-31	6	1	4	Detractor
NULL	4224	2026-04-30	2	2	2	Detractor
NULL	4225	2026-07-31	4	5	1	Passive
NULL	4226	2025-10-31	8	7	3	Promoter
NULL	4226	2026-01-31	7	6	NULL	Passive
NULL	4226	2026-04-30	8	6	9	Promoter
NULL	4226	2026-07-31	5	5	3	Detractor
NULL	4227	2025-01-31	5	9	1	Detractor
NULL	4227	2025-07-31	7	4	5	Passive
NULL	4227	2025-10-31	6	7	7	Promoter
NULL	4227	2026-01-31	4	3	6	Passive
NULL	4227	2026-07-31	5	6	9	Detractor
NULL	4228	2026-07-31	9	4	1	Promoter
NULL	4229	2024-01-31	10	6	4	Promoter
NULL	4229	2024-04-30	8	5	NULL	Passive
NULL	4229	2024-07-31	2	5	8	Detractor
NULL	4229	2024-10-31	6	6	2	Detractor
NULL	4229	2025-01-31	9	NULL	6	Passive
NULL	4229	2025-04-30	9	6	3	Promoter
NULL	4229	2025-07-31	7	6	6	Passive
NULL	4229	2025-10-31	5	9	7	Detractor
NULL	4229	2026-01-31	5	4	2	Detractor
NULL	4229	2026-04-30	4	2	5	Detractor
NULL	4229	2026-07-31	7	10	4	Promoter
NULL	4230	2024-01-31	8	10	7	Promoter
NULL	4230	2024-04-30	8	6	3	Passive
NULL	4230	2024-07-31	6	8	10	Detractor
NULL	4230	2025-01-31	6	5	5	Detractor
NULL	4230	04/30/2025	10	9	3	Promoter
NULL	4230	2025-07-31	6	6	9	Passive
NULL	4230	2025-10-31	5	7	10	Passive
NULL	4230	2026-01-31	6	10	6	Detractor
NULL	4230	2026-04-30	4	4	10	Detractor
NULL	4231	2024-10-31	10	8	4	Promoter
NULL	4231	2025-01-31	10	10	10	Promoter
NULL	4231	2025-04-30	10	8	9	Passive
NULL	4231	2025-10-31	8	7	3	Promoter
NULL	4231	2026-01-31	10	10	7	Promoter
NULL	4231	2026-04-30	10	10	7	Passive
NULL	4231	2026-07-31	10	10	9	Promoter
NULL	4233	2026-07-31	4	3	3	Passive
NULL	4235	2024-01-31	3	4	4	Detractor
NULL	4235	2024-07-31	5	6	4	Detractor
NULL	4235	2025-01-31	4	4	NULL	Promoter
NULL	4235	2025-07-31	7	5	2	Promoter
NULL	4235	2025-10-31	7	5	4	Passive
NULL	4235	2026-01-31	6	4	6	Detractor
NULL	4235	2026-04-30	7	7	7	Passive
NULL	4235	2026-07-31	4	9	6	Detractor
NULL	4236	2024-01-31	5	8	7	Passive
NULL	4236	2024-04-30	10	3	4	Promoter
NULL	4236	2024-07-31	8	10	4	Passive
NULL	4236	2024-10-31	8	6	10	Passive
NULL	4236	2025-01-31	7	8	7	Promoter
NULL	4236	2025-07-31	6	5	8	Passive
NULL	4236	2025-10-31	10	9	6	Promoter
NULL	4236	2026-01-31	10	8	6	Promoter
NULL	4236	2026-07-31	7	9	6	Passive
NULL	4237	2024-01-31	5	3	4	Detractor
NULL	4238	2024-04-30	3	3	6	Detractor
NULL	4238	2024-07-31	2	7	2	Detractor
NULL	4238	2024-10-31	6	2	2	Detractor
NULL	4238	2025-01-31	1	1	4	Detractor
NULL	4238	2025-04-30	4	1	8	Detractor
NULL	4238	2025-10-31	2	8	1	Detractor
NULL	4238	2026-01-31	5	5	1	Detractor
NULL	4239	2026-04-30	1	3	3	Detractor
NULL	4239	2026-07-31	1	4	7	Passive
NULL	4240	2026-07-31	4	6	7	Detractor
NULL	4241	2026-01-31	6	NULL	9	Detractor
NULL	4241	2026-04-30	9	10	10	Promoter
NULL	4241	2026-07-31	9	10	6	Promoter
NULL	4242	2024-01-31	7	3	3	Promoter
NULL	4242	2024-04-30	6	8	3	Detractor
NULL	4242	2025-01-31	8	7	5	Passive
NULL	4242	2025-04-30	8	9	7	Promoter
NULL	4242	2025-07-31	6	8	6	Detractor
NULL	4242	2025-10-31	4	6	10	Detractor
NULL	4242	2026-01-31	8	6	5	Passive
NULL	4243	2026-01-31	5	7	5	Passive
NULL	4243	2026-04-30	10	8	7	Promoter
NULL	4244	2024-01-31	4	1	2	Detractor
NULL	4244	2024-04-30	3	5	1	Detractor
NULL	4244	2025-01-31	5	3	1	Detractor
NULL	4244	2025-04-30	4	NULL	5	Passive
NULL	4244	2025-07-31	4	1	5	Passive
NULL	4245	2024-01-31	2	1	1	Passive
NULL	4245	2024-04-30	5	3	2	Passive
NULL	4245	2024-07-31	2	3	6	Detractor
NULL	4245	2024-10-31	5	2	1	Promoter
NULL	4245	2025-01-31	2	5	3	Promoter
NULL	4245	2025-04-30	3	2	6	Detractor
NULL	4245	2025-07-31	1	1	6	Passive
NULL	4245	2025-10-31	1	5	3	Passive
NULL	4245	2026-01-31	1	2	3	Detractor
NULL	4245	2026-04-30	4	4	4	Passive
NULL	4246	2025-07-31	4	3	6	Passive
NULL	4246	2025-10-31	10	4	4	Promoter
NULL	4246	2026-04-30	9	6	6	Promoter
NULL	4246	2026-07-31	7	6	5	Passive
NULL	4247	2024-04-30	9	9	4	Promoter
NULL	4247	2024-07-31	6	1	6	Passive
NULL	4247	2025-01-31	9	4	9	Promoter
NULL	4247	2025-10-31	5	7	2	Detractor
NULL	4247	2026-01-31	7	10	4	Promoter
NULL	4248	2025-04-30	1	8	4	Detractor
NULL	4248	2025-07-31	1	1	3	Detractor
NULL	4248	2026-04-30	4	1	2	Detractor
NULL	4249	2024-01-31	6	6	5	Detractor
NULL	4249	2024-07-31	4	2	6	Detractor
NULL	4249	2024-10-31	3	3	4	Detractor
NULL	4249	2025-01-31	7	6	5	Promoter
NULL	4249	2025-07-31	6	2	2	Detractor
NULL	4249	2025-10-31	6	5	5	Detractor
NULL	4249	2026-01-31	4	6	4	Passive
NULL	4249	04/30/2026	5	4	3	Detractor
NULL	4249	2026-07-31	5	2	6	Promoter
NULL	4251	2026-07-31	7	2	7	Promoter
NULL	4252	2024-07-31	10	7	9	Promoter
NULL	4252	2024-10-31	9	8	8	Promoter
NULL	4252	2025-01-31	10	9	10	Promoter
NULL	4252	2025-04-30	7	7	9	Passive
NULL	4252	2025-10-31	10	9	6	Promoter
NULL	4252	2026-04-30	10	9	8	Promoter
NULL	4252	2026-07-31	7	6	6	Detractor
NULL	4254	2025-07-31	1	4	6	Detractor
NULL	4254	2025-10-31	6	6	4	Detractor
NULL	4254	2026-01-31	10	8	8	Promoter
NULL	4254	2026-07-31	9	1	5	Promoter
NULL	4255	2024-04-30	2	1	1	Passive
NULL	4255	2024-07-31	4	1	1	Passive
NULL	4255	2024-10-31	1	5	3	Detractor
NULL	4255	2025-01-31	1	1	1	Detractor
NULL	4255	2025-04-30	1	3	5	Detractor
NULL	4255	2025-07-31	5	3	1	Detractor
NULL	4255	2025-10-31	1	3	1	Detractor
NULL	4255	2026-01-31	3	2	2	Detractor
NULL	4255	2026-04-30	1	2	1	Detractor
NULL	4255	2026-07-31	2	1	1	Passive
NULL	4256	2024-01-31	9	10	7	Promoter
NULL	4256	2024-04-30	8	5	8	Passive
NULL	4256	2024-10-31	9	8	5	Promoter
NULL	4256	2025-01-31	7	7	10	Promoter
NULL	4256	2025-04-30	8	8	8	Promoter
NULL	4256	2025-07-31	7	3	5	Detractor
NULL	4256	2025-10-31	9	10	8	Promoter
NULL	4256	2026-01-31	9	9	7	Promoter
NULL	4257	2025-01-31	6	1	9	Promoter
NULL	4257	2025-04-30	7	3	3	Promoter
NULL	4257	2025-07-31	4	5	4	Passive
NULL	4257	2025-10-31	5	2	1	Detractor
NULL	4257	2026-01-31	4	5	2	Detractor
NULL	4257	2026-04-30	3	4	5	Detractor
NULL	4258	2024-04-30	7	8	3	Promoter
NULL	4258	2024-07-31	9	6	4	Promoter
NULL	4258	04/30/2025	5	6	7	Promoter
NULL	4258	2025-07-31	5	5	4	Detractor
NULL	4258	2025-10-31	9	8	9	Promoter
NULL	4258	2026-01-31	9	5	10	Promoter
NULL	4258	2026-04-30	5	NULL	5	Detractor
NULL	4258	2026-07-31	4	10	8	Detractor
NULL	4259	2024-01-31	5	6	5	Detractor
NULL	4259	2024-04-30	4	3	6	Passive
NULL	4259	2024-07-31	8	7	1	Passive
NULL	4259	2024-10-31	2	3	3	Detractor
NULL	4259	2025-01-31	3	7	4	Detractor
NULL	4259	2025-04-30	5	3	4	Detractor
NULL	4259	2025-07-31	3	5	2	Detractor
NULL	4259	2025-10-31	3	6	5	Detractor
NULL	4259	2026-01-31	4	3	1	Passive
NULL	4259	2026-04-30	1	7	4	Detractor
NULL	4259	2026-07-31	6	4	7	Detractor
NULL	4260	2024-10-31	9	8	NULL	Passive
NULL	4260	2025-07-31	8	7	8	Promoter
NULL	4260	2025-10-31	8	7	5	Detractor
NULL	4260	2026-01-31	8	2	4	Passive
NULL	4260	2026-04-30	6	NULL	8	Detractor
NULL	4260	2026-07-31	7	10	10	Detractor
NULL	4261	2024-01-31	3	6	8	Detractor
NULL	4261	2024-07-31	5	10	NULL	Detractor
NULL	4261	2025-01-31	5	6	8	Promoter
NULL	4261	2025-04-30	10	8	6	Promoter
NULL	4261	2025-07-31	6	8	10	Detractor
NULL	4261	2025-10-31	7	8	10	Detractor
NULL	4261	2026-01-31	7	6	8	Promoter
NULL	4261	2026-04-30	7	4	4	Promoter
NULL	4261	2026-07-31	6	10	3	Passive
NULL	4262	2024-04-30	9	5	6	Passive
NULL	4262	2024-10-31	8	10	9	Promoter
NULL	4262	2025-01-31	9	10	8	Passive
NULL	4262	2025-04-30	9	7	9	Promoter
NULL	4263	2024-01-31	7	2	NULL	Passive
NULL	4263	2024-10-31	6	6	4	Detractor
NULL	4263	2025-01-31	7	3	1	Promoter
NULL	4263	2025-04-30	5	5	3	Detractor
NULL	4263	2025-10-31	5	7	4	Promoter
NULL	4263	2026-01-31	6	8	3	Detractor
NULL	4263	2026-04-30	6	9	3	Detractor
NULL	4263	2026-07-31	6	7	7	Detractor
NULL	4264	2026-01-31	5	3	1	Detractor
NULL	4264	2026-04-30	3	3	4	Detractor
NULL	4264	2026-07-31	6	5	7	Passive
NULL	4265	2024-01-31	4	5	3	Detractor
NULL	4265	2024-04-30	7	6	NULL	Passive
NULL	4265	2024-07-31	8	5	5	Promoter
NULL	4265	2024-10-31	5	6	10	Passive
NULL	4265	2025-07-31	6	6	9	Detractor
NULL	4265	2025-10-31	6	9	3	Detractor
NULL	4265	2026-01-31	6	7	7	Detractor
NULL	4265	2026-04-30	5	8	1	Detractor
NULL	4265	2026-07-31	8	6	3	Promoter
NULL	4266	2026-01-31	5	7	1	Passive
NULL	4266	2026-07-31	4	4	5	Detractor
NULL	4267	2025-07-31	3	1	2	Detractor
NULL	4267	2025-10-31	1	1	1	Detractor
NULL	4268	2024-01-31	5	1	4	Detractor
NULL	4268	2024-04-30	3	3	3	Detractor
NULL	4268	2024-07-31	4	3	7	Detractor
NULL	4268	2024-10-31	5	2	4	Detractor
NULL	4268	2025-01-31	1	4	2	Detractor
NULL	4268	2025-04-30	4	1	4	Detractor
NULL	4268	2026-04-30	5	3	2	Detractor
NULL	4268	2026-07-31	3	3	5	Passive
NULL	4269	2025-04-30	6	1	3	Detractor
NULL	4269	2025-07-31	5	3	4	Detractor
NULL	4269	2026-01-31	3	10	NULL	Passive
NULL	4271	2024-01-31	4	7	6	Promoter
NULL	4272	2024-07-31	4	3	6	Passive
NULL	4272	2024-10-31	4	6	4	Passive
NULL	4272	2025-01-31	4	3	5	Detractor
NULL	4272	2025-04-30	7	4	5	Promoter
NULL	4272	2025-07-31	3	2	1	Passive
NULL	4272	2025-10-31	3	7	6	Detractor
NULL	4272	2026-01-31	4	7	5	Detractor
NULL	4272	2026-04-30	7	4	6	Passive
NULL	4272	2026-07-31	6	5	3	Detractor
NULL	4273	2024-01-31	7	4	5	Passive
NULL	4273	2024-04-30	6	7	6	Detractor
NULL	4273	2024-10-31	8	4	8	Passive
NULL	4273	2025-04-30	9	9	8	Passive
NULL	4274	2024-07-31	10	8	10	Promoter
NULL	4274	2025-04-30	10	6	9	Passive
NULL	4274	2025-07-31	10	10	6	Passive
NULL	4274	2025-10-31	10	3	10	Promoter
NULL	4274	2026-07-31	7	10	5	Detractor
NULL	4275	2025-01-31	1	1	NULL	Passive
NULL	4275	2025-04-30	3	1	2	Detractor
NULL	4275	2025-07-31	3	2	1	Detractor
NULL	4275	01/31/2026	5	1	4	Detractor
NULL	4275	2026-04-30	7	1	6	Passive
NULL	4276	2025-07-31	5	1	2	Detractor
NULL	4276	2025-10-31	3	3	1	Detractor
NULL	4276	2026-01-31	7	1	4	Promoter
NULL	4276	2026-04-30	4	5	4	Detractor
NULL	4277	2024-07-31	8	8	10	Passive
NULL	4277	2024-10-31	10	7	7	Detractor
NULL	4277	2025-01-31	10	10	10	Promoter
NULL	4277	2025-04-30	10	7	6	Promoter
NULL	4277	2025-07-31	10	10	7	Promoter
NULL	4277	2025-10-31	9	10	5	Promoter
NULL	4277	2026-01-31	7	8	8	Detractor
NULL	4277	2026-04-30	7	8	10	Promoter
NULL	4277	2026-07-31	10	8	7	Promoter
NULL	4278	2026-04-30	5	4	7	Passive
NULL	4280	2024-01-31	7	4	7	Passive
NULL	4280	2024-04-30	7	6	5	Promoter
NULL	4280	2024-07-31	3	5	4	Passive
NULL	4280	2024-10-31	9	4	6	Promoter
NULL	4280	2025-01-31	5	4	7	Detractor
NULL	4280	2025-07-31	4	5	7	Detractor
NULL	4280	2025-10-31	8	4	5	Passive
NULL	4280	2026-04-30	7	NULL	NULL	Detractor
NULL	4281	2024-01-31	6	4	1	Detractor
NULL	4281	2024-04-30	1	2	1	Passive
NULL	4281	2024-07-31	4	7	1	Detractor
NULL	4281	2024-10-31	2	1	4	Passive
NULL	4281	2025-07-31	6	1	4	Passive
NULL	4281	2025-10-31	6	3	1	Passive
NULL	4281	2026-01-31	2	2	1	Detractor
NULL	4281	2026-04-30	2	2	5	Detractor
NULL	4282	2024-10-31	7	6	4	Passive
NULL	4282	2025-01-31	8	9	8	Passive
NULL	4282	2025-04-30	10	3	10	Promoter
NULL	4282	2025-07-31	8	6	10	Promoter
NULL	4282	2025-10-31	5	9	7	Detractor
NULL	4282	01/31/2026	9	8	8	Promoter
NULL	4282	2026-04-30	10	1	8	Promoter
NULL	4282	2026-07-31	7	10	6	Passive
NULL	4283	2024-04-30	1	4	1	Detractor
NULL	4283	2024-07-31	5	4	7	Detractor
NULL	4283	2024-10-31	2	3	2	Detractor
NULL	4283	2025-01-31	4	5	5	Detractor
NULL	4283	2025-04-30	2	3	1	Detractor
NULL	4283	2026-01-31	6	6	1	Passive
NULL	4284	2024-01-31	3	3	NULL	Detractor
NULL	4284	2024-04-30	1	3	2	Passive
NULL	4284	2024-07-31	3	1	1	Detractor
NULL	4284	2024-10-31	1	1	1	Detractor
NULL	4284	2025-01-31	1	1	3	Detractor
NULL	4284	2025-10-31	2	1	4	Promoter
NULL	4284	2026-01-31	1	3	1	Detractor
NULL	4284	2026-04-30	1	3	1	Detractor
NULL	4285	2024-01-31	3	6	2	Detractor
NULL	4285	2024-04-30	2	2	1	Detractor
NULL	4285	2024-07-31	3	3	1	Promoter
NULL	4285	2024-10-31	4	1	1	Detractor
NULL	4285	2025-01-31	4	5	2	Detractor
NULL	4285	2025-04-30	1	6	4	Passive
NULL	4285	2025-10-31	1	1	3	Detractor
NULL	4285	2026-01-31	3	1	2	Detractor
NULL	4285	2026-04-30	3	1	1	Detractor
NULL	4286	2024-01-31	3	2	5	Passive
NULL	4286	2024-04-30	3	1	6	Detractor
NULL	4286	2024-07-31	6	3	2	Detractor
NULL	4286	2025-04-30	4	5	6	Detractor
NULL	4286	2025-10-31	5	7	1	Detractor
NULL	4286	2026-01-31	4	10	2	Detractor
NULL	4286	2026-04-30	4	1	2	Detractor
NULL	4286	2026-07-31	4	6	3	Detractor
NULL	4288	2024-04-30	5	2	5	Detractor
NULL	4288	2024-07-31	1	1	3	Passive
NULL	4288	2024-10-31	4	5	1	Detractor
NULL	4288	2025-04-30	3	4	5	Detractor
NULL	4288	2025-07-31	6	1	1	Promoter
NULL	4288	2025-10-31	7	3	5	Detractor
NULL	4288	2026-01-31	6	3	2	Detractor
NULL	4288	2026-07-31	4	4	1	Promoter
NULL	4289	2024-04-30	7	10	10	Detractor
NULL	4289	2024-10-31	9	9	10	Promoter
NULL	4289	2025-10-31	10	6	7	Promoter
NULL	4290	2024-01-31	1	1	1	Detractor
NULL	4290	2024-04-30	2	1	1	Detractor
NULL	4290	2024-07-31	1	1	1	Detractor
NULL	4290	2024-10-31	3	5	2	Detractor
NULL	4290	2025-04-30	4	5	3	Detractor
NULL	4290	2026-01-31	2	3	1	Detractor
NULL	4290	2026-04-30	5	2	1	Detractor
NULL	4290	2026-07-31	1	4	1	Detractor
NULL	4291	2026-07-31	9	3	4	Promoter
NULL	4292	2024-07-31	4	8	6	Detractor
NULL	4292	2024-10-31	4	8	8	Passive
NULL	4292	2025-10-31	6	3	6	Detractor
NULL	4292	2026-01-31	6	7	4	Detractor
NULL	4292	2026-04-30	6	4	1	Detractor
NULL	4292	2026-07-31	2	4	3	Passive
NULL	4294	2026-07-31	4	1	10	Detractor
NULL	4295	2024-01-31	8	9	6	Passive
NULL	4295	2024-04-30	10	10	10	Promoter
NULL	4295	2024-07-31	8	10	9	Passive
NULL	4295	2024-10-31	10	7	10	Detractor
NULL	4295	2025-01-31	7	10	8	Passive
NULL	4295	2025-04-30	8	6	7	Passive
NULL	4295	2025-10-31	7	10	4	Detractor
NULL	4295	2026-04-30	9	8	6	Detractor
NULL	4295	2026-07-31	10	10	5	Promoter
NULL	4296	2025-01-31	9	10	5	Promoter
NULL	4296	2025-04-30	10	10	9	Passive
NULL	4296	2025-07-31	7	7	7	Passive
NULL	4296	2025-10-31	10	7	7	Promoter
NULL	4296	2026-01-31	8	6	10	Passive
NULL	4296	2026-04-30	10	8	6	Detractor
NULL	4296	2026-07-31	6	6	8	Detractor
NULL	4297	2025-10-31	8	5	5	Detractor
NULL	4297	2026-04-30	10	8	4	Promoter
NULL	4298	2024-01-31	9	9	NULL	Promoter
NULL	4298	2024-04-30	7	6	5	Promoter
NULL	4298	2024-07-31	9	5	8	Promoter
NULL	4298	2024-10-31	6	9	8	Detractor
NULL	4299	2024-01-31	1	1	1	Passive
NULL	4299	2024-04-30	3	4	2	Passive
NULL	4299	2024-07-31	4	1	3	Detractor
NULL	4299	2025-01-31	4	1	2	Passive
NULL	4299	2025-04-30	5	1	7	Detractor
NULL	4299	07/31/2025	6	4	7	Detractor
NULL	4299	2025-10-31	3	1	1	Detractor
NULL	4299	2026-01-31	1	2	1	Detractor
NULL	4299	2026-04-30	2	7	1	Detractor
NULL	4299	2026-07-31	4	3	4	Promoter
NULL	4300	2026-04-30	5	2	6	Detractor
NULL	4301	2024-10-31	4	9	5	Detractor
NULL	4301	2025-04-30	6	4	7	Detractor
NULL	4301	2025-10-31	7	5	2	Detractor
NULL	4301	2026-01-31	6	6	5	Detractor
NULL	4301	04/30/2026	4	5	4	Detractor
NULL	4301	2026-07-31	7	9	5	Promoter
NULL	4303	2024-10-31	8	7	7	Promoter
NULL	4303	2025-01-31	10	7	3	Promoter
NULL	4303	2025-07-31	10	8	6	Detractor
NULL	4303	2026-04-30	10	9	7	Passive
NULL	4303	2026-07-31	10	10	6	Promoter
NULL	4304	2026-04-30	7	2	5	Promoter
NULL	4304	2026-07-31	5	6	5	Detractor
NULL	4305	2026-01-31	9	8	7	Promoter
NULL	4305	2026-07-31	8	NULL	9	Promoter
NULL	4306	2025-01-31	1	1	4	Detractor
NULL	4306	2025-04-30	1	2	5	Detractor
NULL	4306	2025-07-31	1	2	1	Detractor
NULL	4306	2025-10-31	1	1	1	Detractor
NULL	4306	2026-07-31	4	1	1	Detractor
NULL	4307	2025-10-31	10	10	7	Promoter
NULL	4307	2026-01-31	10	4	10	Promoter
NULL	4307	2026-04-30	6	7	7	Passive
NULL	4307	2026-07-31	9	7	2	Promoter
NULL	4308	2025-01-31	3	4	3	Passive
NULL	4308	2025-07-31	3	5	3	Passive
NULL	4308	2026-01-31	5	6	6	Detractor
NULL	4308	2026-04-30	3	2	3	Passive
NULL	4308	2026-07-31	6	5	4	Promoter
NULL	4309	2025-01-31	8	5	1	Passive
NULL	4309	2025-04-30	3	6	5	Detractor
NULL	4309	2025-07-31	7	5	8	Passive
NULL	4309	2026-01-31	8	4	NULL	Passive
NULL	4309	2026-04-30	4	6	3	Detractor
NULL	4309	2026-07-31	4	5	7	Detractor
NULL	4310	2025-04-30	7	6	6	Promoter
NULL	4310	2025-07-31	9	4	3	Promoter
NULL	4310	2025-10-31	6	5	NULL	Passive
NULL	4310	2026-01-31	5	7	3	Detractor
NULL	4310	2026-04-30	8	4	7	Passive
NULL	4310	2026-07-31	7	3	10	Promoter
NULL	4311	10/31/2024	10	4	2	Promoter
NULL	4311	2025-04-30	9	8	7	Promoter
NULL	4311	2025-07-31	10	4	6	Promoter
NULL	4311	2025-10-31	5	8	6	Passive
NULL	4311	2026-01-31	7	5	5	Promoter
NULL	4311	2026-04-30	9	7	3	Promoter
NULL	4311	2026-07-31	10	NULL	3	Passive
NULL	4312	2025-07-31	8	6	NULL	Passive
NULL	4312	2025-10-31	5	3	4	Detractor
NULL	4312	2026-01-31	6	7	6	Promoter
NULL	4312	2026-04-30	7	7	5	Promoter
NULL	4312	2026-07-31	8	6	4	Promoter
NULL	4313	2025-10-31	9	5	7	Promoter
NULL	4313	2026-01-31	8	9	NULL	Promoter
NULL	4313	2026-04-30	9	10	2	Promoter
NULL	4313	2026-07-31	8	9	6	Passive
NULL	4314	2024-01-31	7	4	3	Passive
NULL	4314	2024-04-30	4	9	7	Detractor
NULL	4314	2024-10-31	8	3	5	Passive
NULL	4314	2025-01-31	6	5	5	Detractor
NULL	4314	2025-07-31	5	5	3	Passive
NULL	4314	2026-04-30	9	8	5	Promoter
NULL	4314	2026-07-31	9	6	4	Passive
NULL	4315	2024-01-31	3	3	4	Passive
NULL	4315	2024-04-30	3	5	4	Promoter
NULL	4315	2024-07-31	2	1	4	Detractor
NULL	4315	2024-10-31	5	3	1	Detractor
NULL	4316	2024-01-31	2	8	5	Passive
NULL	4316	2024-04-30	10	6	4	Promoter
NULL	4316	2024-07-31	6	2	10	Detractor
NULL	4316	2024-10-31	8	6	5	Promoter
NULL	4316	2025-04-30	8	9	2	Passive
NULL	4316	2025-10-31	9	NULL	NULL	Promoter
NULL	4316	2026-01-31	10	9	6	Promoter
NULL	4316	2026-04-30	9	3	6	Passive
NULL	4317	2025-04-30	3	9	8	Detractor
NULL	4317	2025-07-31	8	7	10	Promoter
NULL	4317	2025-10-31	6	5	8	Passive
NULL	4317	2026-04-30	6	6	4	Detractor
NULL	4317	2026-07-31	6	8	10	Detractor
NULL	4318	2024-01-31	3	3	3	Detractor
NULL	4318	2024-04-30	3	5	4	Detractor
NULL	4318	2024-07-31	4	2	1	Detractor
NULL	4318	2025-01-31	1	5	2	Detractor
NULL	4318	2025-04-30	1	9	3	Detractor
NULL	4318	2025-07-31	2	3	NULL	Passive
NULL	4319	2026-07-31	8	7	9	Passive
NULL	4320	2026-04-30	10	10	9	Promoter
NULL	4320	2026-07-31	7	10	6	Passive
NULL	4321	2025-01-31	10	9	6	Promoter
NULL	4321	04/30/2025	6	8	5	Detractor
NULL	4321	2025-07-31	9	NULL	10	Passive
NULL	4321	2026-01-31	7	10	5	Passive
NULL	4322	2024-04-30	4	6	7	Detractor
NULL	4322	2024-07-31	4	5	6	Detractor
NULL	4322	2025-01-31	7	8	4	Promoter
NULL	4322	2025-04-30	4	6	2	Passive
NULL	4322	2025-07-31	7	8	5	Promoter
NULL	4322	2025-10-31	4	5	6	Detractor
NULL	4322	2026-01-31	5	4	2	Promoter
NULL	4323	2024-04-30	7	5	7	Passive
NULL	4323	2024-07-31	5	1	6	Passive
NULL	4323	2024-10-31	3	8	8	Detractor
NULL	4323	2025-07-31	3	4	1	Detractor
NULL	4323	2025-10-31	6	3	3	Detractor
NULL	4323	2026-01-31	3	7	8	Passive
NULL	4323	2026-07-31	2	1	4	Detractor
NULL	4324	2024-04-30	1	3	6	Detractor
NULL	4324	2024-07-31	3	7	4	Passive
NULL	4324	2024-10-31	3	4	7	Detractor
NULL	4324	2025-04-30	4	4	7	Detractor
NULL	4324	2025-07-31	10	6	8	Promoter
NULL	4324	2025-10-31	2	7	1	Detractor
NULL	4324	2026-01-31	4	8	5	Detractor
NULL	4325	2024-01-31	5	1	4	Passive
NULL	4325	2024-04-30	6	3	1	Detractor
NULL	4325	2024-07-31	4	3	6	Detractor
NULL	4325	2024-10-31	6	4	3	Detractor
NULL	4325	2025-04-30	3	4	5	Detractor
NULL	4325	2025-10-31	5	5	3	Detractor
NULL	4325	2026-01-31	2	6	1	Detractor
NULL	4325	2026-04-30	2	7	9	Detractor
NULL	4325	2026-07-31	5	3	3	Detractor
NULL	4326	2024-07-31	5	8	6	Detractor
NULL	4326	2025-01-31	8	6	10	Detractor
NULL	4326	2025-04-30	9	6	1	Promoter
NULL	4326	2025-07-31	5	6	9	Detractor
NULL	4326	2026-01-31	6	5	10	Detractor
NULL	4326	2026-04-30	6	5	7	Passive
NULL	4326	2026-07-31	7	3	9	Passive
NULL	4327	2024-04-30	4	1	NULL	Passive
NULL	4327	2024-10-31	1	3	2	Passive
NULL	4327	2025-01-31	4	5	1	Detractor
NULL	4327	2025-04-30	6	3	1	Passive
NULL	4327	2025-07-31	4	7	4	Detractor
NULL	4327	2025-10-31	4	3	1	Passive
NULL	4327	2026-04-30	5	2	1	Detractor
NULL	4327	2026-07-31	1	6	5	Detractor
NULL	4328	2025-10-31	6	6	4	Detractor
NULL	4328	2026-01-31	5	6	1	Detractor
NULL	4328	2026-04-30	8	3	1	Passive
NULL	4329	2024-07-31	7	6	6	Passive
NULL	4329	2025-01-31	5	6	5	Passive
NULL	4329	2025-04-30	5	6	8	Passive
NULL	4329	2025-10-31	8	3	7	Passive
NULL	4329	2026-01-31	7	1	2	Promoter
NULL	4329	2026-04-30	6	6	4	Detractor
NULL	4329	2026-07-31	8	8	5	Passive
NULL	4330	2024-01-31	6	6	NULL	Detractor
NULL	4330	04/30/2024	8	8	8	Promoter
NULL	4330	2024-07-31	10	4	6	Promoter
NULL	4330	2025-01-31	10	9	7	Passive
NULL	4330	2025-07-31	9	4	9	Promoter
NULL	4330	2025-10-31	9	7	3	Promoter
NULL	4330	2026-01-31	9	5	7	Promoter
NULL	4330	2026-04-30	6	4	8	Detractor
NULL	4330	2026-07-31	6	9	7	Promoter
NULL	4331	2024-01-31	9	5	4	Promoter
NULL	4331	2024-04-30	10	10	6	Passive
NULL	4331	2025-01-31	8	10	10	Promoter
NULL	4331	2025-04-30	8	7	6	Passive
NULL	4331	2025-07-31	9	8	5	Passive
NULL	4331	04/30/2026	10	7	9	Detractor
NULL	4331	2026-07-31	9	8	6	Detractor
NULL	4332	2024-01-31	1	3	3	Detractor
NULL	4332	2024-04-30	3	7	7	Passive
NULL	4332	2024-07-31	1	3	1	Detractor
NULL	4332	2025-01-31	1	4	7	Passive
NULL	4332	2025-04-30	1	2	7	Detractor
NULL	4332	2025-07-31	2	2	3	Passive
NULL	4332	2025-10-31	3	3	2	Detractor
NULL	4332	2026-01-31	2	6	1	Detractor
NULL	4332	2026-04-30	2	1	3	Detractor
NULL	4332	2026-07-31	4	6	NULL	Detractor
NULL	4333	2024-01-31	3	3	7	Passive
NULL	4333	2024-04-30	2	1	7	Passive
NULL	4333	2024-07-31	3	1	3	Passive
NULL	4333	2025-01-31	2	1	NULL	Detractor
NULL	4333	2025-04-30	1	5	1	Detractor
NULL	4333	2025-07-31	1	4	1	Detractor
NULL	4333	2025-10-31	5	NULL	1	Detractor
NULL	4333	2026-01-31	7	1	2	Promoter
NULL	4333	2026-04-30	6	5	6	Detractor
NULL	4334	2024-04-30	8	6	4	Passive
NULL	4334	2024-10-31	6	6	1	Detractor
NULL	4334	2025-04-30	5	9	4	Passive
NULL	4334	2025-07-31	5	2	4	Passive
NULL	4334	01/31/2026	5	5	4	Passive
NULL	4334	2026-07-31	7	6	1	Promoter
NULL	4335	2024-01-31	6	4	2	Passive
NULL	4336	2024-10-31	7	7	1	Detractor
NULL	4336	2025-01-31	4	1	4	Detractor
NULL	4336	2025-10-31	6	6	7	Detractor
NULL	4336	2026-01-31	4	5	1	Detractor
NULL	4337	2026-01-31	6	2	4	Detractor
NULL	4337	2026-04-30	3	3	8	Detractor
NULL	4338	2024-04-30	5	9	3	Detractor
NULL	4338	2024-07-31	8	3	6	Passive
NULL	4338	2024-10-31	6	7	3	Detractor
NULL	4338	2025-01-31	5	6	6	Passive
NULL	4338	2025-04-30	6	4	6	Detractor
NULL	4338	2025-07-31	9	5	7	Promoter
NULL	4338	2025-10-31	8	7	4	Promoter
NULL	4338	2026-01-31	7	10	7	Passive
NULL	4338	2026-04-30	8	4	9	Detractor
NULL	4338	2026-07-31	8	8	10	Passive
NULL	4339	2024-07-31	9	10	10	Promoter
NULL	4339	2025-01-31	10	7	4	Promoter
NULL	4339	2025-04-30	9	9	7	Promoter
NULL	4339	2025-07-31	7	6	7	Promoter
NULL	4339	2025-10-31	10	6	10	Promoter
NULL	4339	2026-04-30	8	10	8	Passive
NULL	4339	2026-07-31	10	8	5	Promoter
NULL	4340	2026-07-31	6	7	1	Passive
NULL	4341	2026-01-31	10	10	4	Promoter
NULL	4341	2026-04-30	6	7	10	Detractor
NULL	4342	2024-01-31	7	2	4	Passive
NULL	4342	2024-04-30	7	4	6	Promoter
NULL	4342	2024-07-31	4	4	8	Detractor
NULL	4342	2025-04-30	4	6	10	Passive
NULL	4343	2026-01-31	4	9	5	Detractor
NULL	4343	2026-04-30	8	10	7	Passive
NULL	4343	2026-07-31	6	9	7	Detractor
NULL	4344	2026-01-31	8	9	8	Passive
NULL	4344	2026-04-30	10	6	6	Passive
NULL	4344	2026-07-31	10	10	4	Promoter
NULL	4345	2024-01-31	9	10	6	Promoter
NULL	4345	2024-07-31	7	8	8	Passive
NULL	4345	2024-10-31	10	8	6	Promoter
NULL	4345	2025-04-30	6	7	6	Passive
NULL	4345	2025-07-31	6	7	8	Detractor
NULL	4345	2026-01-31	6	8	2	Detractor
NULL	4345	2026-07-31	5	7	8	Passive
NULL	4346	2024-10-31	2	4	1	Passive
NULL	4346	2025-04-30	3	1	1	Detractor
NULL	4346	2025-07-31	1	1	1	Detractor
NULL	4346	2025-10-31	1	1	1	Passive
NULL	4346	2026-01-31	1	1	2	Detractor
NULL	4346	2026-04-30	2	6	1	Detractor
NULL	4346	2026-07-31	2	1	1	Detractor
NULL	4347	2024-01-31	3	6	3	Detractor
NULL	4347	2024-10-31	3	3	2	Promoter
NULL	4347	01/31/2025	4	7	4	Detractor
NULL	4347	2025-04-30	6	6	NULL	Detractor
NULL	4348	2024-04-30	5	8	6	Detractor
NULL	4348	2024-07-31	10	NULL	6	Promoter
NULL	4348	2024-10-31	10	9	6	Promoter
NULL	4348	2025-04-30	10	7	5	Promoter
NULL	4348	2025-07-31	9	5	6	Promoter
NULL	4348	2025-10-31	7	6	4	Detractor
NULL	4349	2024-01-31	3	8	4	Detractor
NULL	4349	2024-10-31	6	7	6	Detractor
NULL	4349	2025-01-31	6	4	6	Detractor
NULL	4349	2025-04-30	5	8	1	Detractor
NULL	4349	2025-07-31	6	9	6	Detractor
NULL	4349	2025-10-31	7	5	10	Passive
NULL	4349	2026-01-31	4	5	4	Detractor
NULL	4349	2026-04-30	5	5	1	Detractor
NULL	4350	2024-01-31	8	4	7	Detractor
NULL	4350	2024-04-30	3	7	5	Passive
NULL	4350	2024-07-31	4	3	3	Detractor
NULL	4350	2025-01-31	3	4	6	Promoter
NULL	4350	2025-04-30	3	5	5	Promoter
NULL	4350	2025-07-31	3	8	8	Promoter
NULL	4350	2025-10-31	4	4	NULL	Passive
NULL	4350	2026-01-31	7	5	5	Passive
NULL	4351	2024-01-31	8	6	4	Detractor
NULL	4351	2024-07-31	3	5	4	Detractor
NULL	4351	2024-10-31	9	6	7	Promoter
NULL	4351	2025-04-30	5	4	3	Detractor
NULL	4351	2025-07-31	7	6	2	Detractor
NULL	4351	2025-10-31	9	5	3	Passive
NULL	4351	2026-01-31	8	5	8	Passive
NULL	4351	2026-04-30	6	5	1	Detractor
NULL	4351	2026-07-31	5	10	2	Passive
NULL	4352	2025-01-31	8	6	9	Promoter
NULL	4352	2026-01-31	10	8	NULL	Promoter
NULL	4352	2026-04-30	9	9	8	Promoter
NULL	4352	2026-07-31	6	10	NULL	Detractor
NULL	4353	2024-04-30	5	NULL	5	Passive
NULL	4353	2025-04-30	5	7	8	Detractor
NULL	4353	10/31/2025	6	6	7	Passive
NULL	4353	2026-01-31	5	9	6	Detractor
NULL	4353	2026-07-31	8	7	4	Passive
NULL	4354	2024-01-31	7	4	9	Detractor
NULL	4354	2024-04-30	8	7	8	Promoter
NULL	4354	2024-07-31	10	9	7	Promoter
NULL	4354	2024-10-31	9	7	5	Promoter
NULL	4354	2025-04-30	6	6	5	Detractor
NULL	4354	2025-07-31	7	8	8	Passive
NULL	4354	2025-10-31	7	9	9	Passive
NULL	4354	2026-01-31	7	7	7	Passive
NULL	4354	2026-07-31	5	6	5	Detractor
NULL	4355	2024-07-31	10	9	9	Promoter
NULL	4355	2025-01-31	9	10	9	Promoter
NULL	4355	2025-04-30	9	5	9	Promoter
NULL	4355	2025-07-31	10	10	7	Promoter
NULL	4355	2026-01-31	6	6	5	Detractor
NULL	4355	2026-04-30	10	7	7	Passive
NULL	4355	2026-07-31	10	7	10	Promoter
NULL	4357	2024-01-31	7	5	4	Detractor
NULL	4357	2024-04-30	3	3	3	Passive
NULL	4357	2024-07-31	4	3	3	Detractor
NULL	4357	2024-10-31	6	1	1	Passive
NULL	4357	2025-01-31	2	3	3	Detractor
NULL	4357	2025-04-30	5	1	1	Detractor
NULL	4357	2025-07-31	4	2	3	Passive
NULL	4357	2025-10-31	6	5	6	Detractor
NULL	4357	2026-01-31	7	5	2	Passive
NULL	4357	2026-04-30	5	3	4	Promoter
NULL	4357	2026-07-31	3	4	7	Detractor
NULL	4358	2026-07-31	5	6	8	Detractor
NULL	4359	2024-01-31	6	5	6	Detractor
NULL	4359	2024-04-30	8	7	10	Passive
NULL	4359	2024-10-31	10	10	9	Promoter
NULL	4359	2025-01-31	8	9	4	Promoter
NULL	4359	2025-04-30	6	10	7	Detractor
NULL	4360	2024-10-31	4	2	1	Detractor
NULL	4360	2025-01-31	3	5	1	Passive
NULL	4360	2025-04-30	4	NULL	1	Detractor
NULL	4360	2025-07-31	2	4	5	Detractor
NULL	4360	2025-10-31	1	6	2	Detractor
NULL	4360	2026-01-31	5	6	5	Promoter
NULL	4360	2026-04-30	7	5	2	Passive
NULL	4360	2026-07-31	3	1	NULL	Passive
NULL	4361	2026-01-31	5	7	1	Detractor
NULL	4361	2026-04-30	5	5	6	Detractor
NULL	4362	2026-04-30	7	6	5	Detractor
NULL	4362	2026-07-31	4	5	1	Detractor
NULL	4364	2024-01-31	10	1	7	Promoter
NULL	4364	2024-04-30	8	6	NULL	Passive
NULL	4364	2024-10-31	3	NULL	7	Passive
NULL	4364	2025-07-31	8	9	4	Passive
NULL	4364	2025-10-31	9	2	9	Promoter
NULL	4364	01/31/2026	9	8	5	Promoter
NULL	4364	2026-04-30	8	3	7	Detractor
NULL	4364	2026-07-31	8	4	10	Promoter
NULL	4365	2024-01-31	9	5	6	Passive
NULL	4365	2024-07-31	5	9	6	Detractor
NULL	4365	2024-10-31	9	7	8	Promoter
NULL	4365	2025-01-31	7	4	10	Promoter
NULL	4365	2025-04-30	10	6	4	Promoter
NULL	4365	2025-07-31	6	5	5	Promoter
NULL	4365	2025-10-31	9	8	7	Passive
NULL	4365	2026-01-31	6	6	10	Passive
NULL	4366	2024-01-31	4	7	6	Promoter
NULL	4366	2024-04-30	4	5	3	Promoter
NULL	4366	2024-07-31	5	7	7	Detractor
NULL	4366	2024-10-31	6	7	8	Detractor
NULL	4366	2025-01-31	7	6	7	Passive
NULL	4366	2025-04-30	4	5	2	Passive
NULL	4366	2025-07-31	7	6	NULL	Promoter
NULL	4366	2026-04-30	10	4	6	Promoter
NULL	4366	2026-07-31	9	1	7	Promoter
NULL	4367	2024-10-31	7	4	6	Passive
NULL	4367	2025-01-31	10	6	7	Promoter
NULL	4367	2025-07-31	7	8	8	Passive
NULL	4367	2025-10-31	8	NULL	8	Passive
NULL	4367	2026-01-31	6	6	NULL	Detractor
NULL	4367	2026-04-30	7	7	2	Detractor
NULL	4368	2024-01-31	6	5	4	Detractor
NULL	4368	2024-07-31	6	7	9	Detractor
NULL	4368	2024-10-31	6	10	4	Detractor
NULL	4368	2025-01-31	3	4	10	Passive
NULL	4368	2025-04-30	8	7	9	Passive
NULL	4368	2025-07-31	9	8	3	Promoter
NULL	4368	10/31/2025	5	8	6	Detractor
NULL	4368	2026-01-31	4	6	1	Passive
NULL	4368	2026-07-31	7	8	9	Detractor
NULL	4369	2024-04-30	7	8	3	Promoter
NULL	4369	2024-10-31	1	4	2	Detractor
NULL	4369	2025-01-31	5	4	4	Passive
NULL	4369	2025-04-30	4	2	3	Passive
NULL	4369	2025-07-31	3	5	4	Detractor
NULL	4369	2026-01-31	5	1	4	Promoter
NULL	4369	2026-07-31	2	4	7	Detractor
NULL	4372	2026-07-31	8	10	9	Promoter
NULL	4373	2024-01-31	3	1	3	Promoter
NULL	4373	2024-07-31	4	4	3	Detractor
NULL	4374	2024-04-30	8	8	6	Detractor
NULL	4374	2025-04-30	5	10	6	Detractor
NULL	4374	2025-10-31	6	9	7	Detractor
NULL	4374	2026-01-31	7	8	6	Passive
NULL	4374	2026-04-30	7	5	4	Promoter
NULL	4375	2025-01-31	10	1	6	Promoter
NULL	4375	2025-04-30	10	9	4	Promoter
NULL	4375	2025-07-31	6	4	6	Detractor
NULL	4375	2025-10-31	8	5	4	Detractor
NULL	4376	2024-01-31	6	8	7	Detractor
NULL	4376	2024-07-31	9	6	NULL	Promoter
NULL	4376	2024-10-31	6	4	10	Detractor
NULL	4376	2025-01-31	8	2	6	Promoter
NULL	4376	2025-04-30	7	6	7	Detractor
NULL	4376	2025-07-31	10	8	6	Promoter
NULL	4376	2025-10-31	9	10	6	Promoter
NULL	4376	2026-01-31	8	6	7	Detractor
NULL	4376	2026-07-31	8	6	6	Promoter
NULL	4378	2025-07-31	6	2	1	Passive
NULL	4378	2026-01-31	4	7	4	Promoter
NULL	4378	2026-04-30	6	3	3	Detractor
NULL	4378	2026-07-31	5	2	9	Detractor
NULL	4379	2024-01-31	7	1	5	Passive
NULL	4379	2024-04-30	8	9	7	Passive
NULL	4379	2024-07-31	4	4	6	Detractor
NULL	4379	2025-01-31	7	7	6	Passive
NULL	4379	2025-07-31	10	4	3	Promoter
NULL	4379	2026-01-31	7	3	6	Promoter
NULL	4379	2026-04-30	7	5	4	Promoter
NULL	4379	2026-07-31	6	5	NULL	Passive
NULL	4381	2026-07-31	6	4	5	Promoter
NULL	4382	2025-10-31	8	7	7	Promoter
NULL	4382	2026-01-31	10	5	7	Promoter
NULL	4382	2026-04-30	4	6	6	Detractor
NULL	4382	2026-07-31	8	8	7	Promoter
NULL	4383	2024-01-31	7	6	6	Passive
NULL	4383	2024-07-31	6	6	6	Passive
NULL	4383	2025-01-31	10	8	10	Promoter
NULL	4383	2025-07-31	10	7	10	Promoter
NULL	4383	2025-10-31	8	8	5	Passive
NULL	4383	2026-04-30	4	9	7	Passive
NULL	4384	2024-04-30	4	6	9	Passive
NULL	4384	2024-07-31	2	4	6	Detractor
NULL	4384	2024-10-31	4	4	2	Detractor
NULL	4384	2025-01-31	1	7	NULL	Passive
NULL	4384	2025-04-30	6	7	6	Detractor
NULL	4384	2025-07-31	5	2	NULL	Passive
NULL	4384	2025-10-31	7	6	5	Promoter
NULL	4384	2026-01-31	7	6	5	Detractor
NULL	4384	2026-07-31	5	5	1	Passive
NULL	4385	2024-01-31	3	4	3	Passive
NULL	4385	2024-04-30	5	4	NULL	Detractor
NULL	4385	2024-07-31	7	5	3	Passive
NULL	4385	2024-10-31	6	6	5	Passive
NULL	4385	2025-04-30	5	1	8	Passive
NULL	4385	2025-07-31	4	3	2	Detractor
NULL	4386	2024-07-31	2	5	1	Passive
NULL	4386	2024-10-31	8	2	5	Detractor
NULL	4386	2025-01-31	6	1	7	Detractor
NULL	4386	04/30/2025	4	1	5	Detractor
NULL	4386	07/31/2025	6	2	1	Detractor
NULL	4386	2025-10-31	5	1	4	Detractor
NULL	4386	2026-01-31	3	5	3	Detractor
NULL	4387	2025-01-31	5	6	1	Passive
NULL	4387	2026-04-30	6	4	6	Detractor
NULL	4387	2026-07-31	7	2	5	Promoter
NULL	4388	2026-04-30	6	10	7	Passive
NULL	4389	2024-04-30	6	10	9	Detractor
NULL	4389	2024-07-31	6	4	7	Passive
NULL	4389	2024-10-31	8	7	8	Passive
NULL	4389	2025-04-30	5	7	7	Passive
NULL	4389	2025-07-31	6	7	7	Detractor
NULL	4389	2025-10-31	7	7	9	Passive
NULL	4389	2026-01-31	8	NULL	NULL	Detractor
NULL	4389	2026-04-30	10	5	6	Promoter
NULL	4389	2026-07-31	6	7	5	Detractor
NULL	4390	2026-01-31	2	6	8	Detractor
NULL	4390	2026-04-30	8	2	7	Promoter
NULL	4391	2025-04-30	8	9	5	Detractor
NULL	4391	2025-07-31	7	7	9	Passive
NULL	4391	2025-10-31	8	9	4	Passive
NULL	4391	2026-04-30	9	9	10	Passive
NULL	4391	2026-07-31	7	10	10	Promoter
NULL	4392	2024-01-31	8	10	2	Detractor
NULL	4392	2025-01-31	6	4	10	Passive
NULL	4392	2025-04-30	6	10	8	Detractor
NULL	4392	2025-07-31	8	8	10	Passive
NULL	4392	2025-10-31	4	7	4	Detractor
NULL	4393	2024-01-31	10	10	10	Promoter
NULL	4393	2024-04-30	10	10	7	Promoter
NULL	4393	2024-10-31	9	9	10	Promoter
NULL	4393	2025-04-30	10	6	10	Promoter
NULL	4393	2025-07-31	10	4	7	Passive
NULL	4393	2026-01-31	9	10	7	Promoter
NULL	4393	2026-07-31	10	8	9	Promoter
NULL	4394	2026-04-30	6	5	4	Detractor
NULL	4394	2026-07-31	5	4	5	Detractor
NULL	4395	2024-04-30	8	7	4	Passive
NULL	4395	2024-07-31	8	5	2	Passive
NULL	4395	2024-10-31	5	6	6	Detractor
NULL	4395	2025-01-31	1	3	8	Detractor
NULL	4395	2025-04-30	9	8	4	Passive
NULL	4395	2025-10-31	6	5	7	Passive
NULL	4395	2026-04-30	4	NULL	7	Detractor
NULL	4395	2026-07-31	6	8	3	Detractor
NULL	4396	2026-07-31	3	7	3	Detractor
NULL	4397	2024-04-30	7	3	4	Passive
NULL	4397	2024-07-31	6	5	5	Detractor
NULL	4397	10/31/2024	5	NULL	2	Promoter
NULL	4397	2025-04-30	6	3	6	Detractor
NULL	4397	2025-07-31	6	4	4	Passive
NULL	4397	2025-10-31	5	3	1	Detractor
NULL	4397	2026-07-31	7	6	6	Passive
NULL	4398	2024-01-31	6	8	2	Detractor
NULL	4398	2024-04-30	6	1	1	Detractor
NULL	4398	2024-07-31	3	4	3	Detractor
NULL	4398	2025-07-31	1	3	4	Detractor
NULL	4398	2025-10-31	1	7	9	Promoter
NULL	4398	2026-01-31	8	5	7	Promoter
NULL	4398	2026-04-30	6	1	1	Detractor
NULL	4398	2026-07-31	1	6	3	Passive
NULL	4399	2025-10-31	6	2	2	Detractor
NULL	4399	2026-01-31	4	7	5	Detractor
NULL	4399	2026-04-30	6	5	3	Detractor
NULL	4399	2026-07-31	8	7	1	Detractor
NULL	4400	2026-04-30	4	6	5	Detractor
NULL	4400	2026-07-31	6	2	4	Detractor
NULL	4401	2024-01-31	6	1	4	Promoter
NULL	4401	2024-04-30	8	7	6	Detractor
NULL	4401	2024-07-31	5	8	NULL	Detractor
NULL	4401	2025-04-30	7	3	5	Detractor
NULL	4401	2025-10-31	7	4	4	Passive
NULL	4401	2026-01-31	5	6	3	Passive
NULL	4401	2026-04-30	5	5	5	Detractor
NULL	4401	2026-07-31	7	6	9	Promoter
NULL	4402	2024-01-31	8	6	3	Promoter
NULL	4402	2024-07-31	4	5	4	Detractor
NULL	4402	2024-10-31	4	7	2	Detractor
NULL	4402	2025-01-31	3	5	4	Detractor
NULL	4402	2025-04-30	2	6	5	Detractor
NULL	4402	2025-07-31	3	NULL	4	Detractor
NULL	4402	2026-01-31	3	5	6	Detractor
NULL	4402	2026-04-30	3	3	7	Passive
NULL	4402	2026-07-31	4	6	5	Detractor
NULL	4403	2026-01-31	5	4	4	Passive
NULL	4403	2026-07-31	4	6	5	Detractor
NULL	4404	2024-01-31	7	4	6	Promoter
NULL	4404	2024-04-30	5	2	3	Detractor
NULL	4404	2024-07-31	10	8	6	Promoter
NULL	4404	2024-10-31	5	10	3	Passive
NULL	4404	2025-04-30	5	5	6	Detractor
NULL	4404	2025-07-31	7	9	10	Promoter
NULL	4404	2025-10-31	9	6	7	Promoter
NULL	4404	2026-01-31	3	7	9	Detractor
NULL	4404	2026-07-31	6	9	1	Detractor
NULL	4405	2025-07-31	10	8	10	Promoter
NULL	4405	2025-10-31	9	8	4	Promoter
NULL	4405	2026-04-30	10	10	5	Promoter
NULL	4405	2026-07-31	9	10	10	Promoter
NULL	4406	2024-01-31	7	5	2	Passive
NULL	4406	2024-04-30	7	8	3	Passive
NULL	4406	2024-10-31	6	5	4	Detractor
NULL	4406	2025-01-31	6	3	9	Detractor
NULL	4406	2025-07-31	4	10	3	Detractor
NULL	4406	2025-10-31	6	6	3	Detractor
NULL	4406	2026-01-31	5	6	7	Detractor
NULL	4406	2026-07-31	7	4	3	Passive
NULL	4407	2026-07-31	4	4	4	Detractor
NULL	4408	04/30/2024	4	1	1	Detractor
NULL	4408	2024-07-31	1	1	2	Detractor
NULL	4408	2025-04-30	1	NULL	2	Detractor
NULL	4408	2025-07-31	1	1	7	Detractor
NULL	4408	2026-01-31	1	3	1	Detractor
NULL	4408	2026-04-30	2	4	6	Detractor
NULL	4408	2026-07-31	2	5	2	Detractor
NULL	4409	2026-04-30	2	1	4	Detractor
NULL	4409	2026-07-31	4	3	4	Detractor
NULL	4410	2024-01-31	10	5	2	Promoter
NULL	4410	2024-04-30	6	3	7	Detractor
NULL	4410	2024-10-31	9	7	6	Promoter
NULL	4410	2025-04-30	10	6	5	Promoter
NULL	4410	2025-07-31	6	6	6	Promoter
NULL	4410	2026-04-30	8	5	5	Passive
NULL	4410	2026-07-31	7	6	2	Detractor
NULL	4411	2024-01-31	3	1	NULL	Passive
NULL	4411	2024-07-31	2	1	3	Detractor
NULL	4411	2024-10-31	4	3	1	Detractor
NULL	4411	2025-01-31	3	3	1	Detractor
NULL	4411	2025-04-30	4	4	2	Detractor
NULL	4411	2025-07-31	4	4	2	Detractor
NULL	4411	2026-07-31	5	1	6	Promoter
NULL	4412	2024-01-31	8	8	6	Passive
NULL	4412	2024-04-30	10	8	7	Promoter
NULL	4412	2024-07-31	9	7	2	Passive
NULL	4412	04/30/2025	7	8	7	Passive
NULL	4412	2025-07-31	8	8	10	Passive
NULL	4412	2025-10-31	6	4	4	Promoter
NULL	4412	2026-01-31	7	1	10	Passive
NULL	4412	2026-04-30	7	5	7	Detractor
NULL	4412	2026-07-31	7	7	8	Promoter
NULL	4414	2024-01-31	4	7	7	Promoter
NULL	4414	2024-04-30	7	5	1	Passive
NULL	4414	2024-07-31	3	4	10	Detractor
NULL	4414	2024-10-31	4	6	4	Detractor
NULL	4415	2024-01-31	3	1	1	Detractor
NULL	4415	2024-10-31	8	2	5	Promoter
NULL	4415	2025-01-31	1	4	1	Detractor
NULL	4415	2025-04-30	2	NULL	1	Detractor
NULL	4415	2025-07-31	2	2	NULL	Detractor
NULL	4415	2025-10-31	4	1	5	Passive
NULL	4415	2026-01-31	2	1	6	Passive
NULL	4415	2026-04-30	3	2	3	Detractor
NULL	4415	2026-07-31	3	1	2	Detractor
NULL	4416	2024-01-31	2	2	5	Passive
NULL	4416	2024-07-31	4	6	8	Passive
NULL	4416	2025-01-31	4	3	3	Promoter
NULL	4416	2025-04-30	2	2	1	Passive
NULL	4416	2025-10-31	4	5	5	Detractor
NULL	4416	2026-01-31	4	5	3	Detractor
NULL	4416	2026-07-31	5	5	2	Detractor
NULL	4417	2024-01-31	8	3	5	Detractor
NULL	4417	2024-04-30	8	9	6	Passive
NULL	4417	2024-07-31	8	4	7	Passive
NULL	4417	2024-10-31	10	8	3	Promoter
NULL	4417	2025-01-31	5	5	NULL	Detractor
NULL	4417	2025-04-30	8	6	7	Promoter
NULL	4417	2025-07-31	6	8	9	Passive
NULL	4417	2025-10-31	7	4	5	Detractor
NULL	4417	2026-01-31	7	5	10	Passive
NULL	4418	2024-10-31	4	1	3	Passive
NULL	4418	2025-01-31	3	3	5	Detractor
NULL	4418	2025-04-30	5	5	1	Detractor
NULL	4418	2025-10-31	5	5	4	Detractor
NULL	4418	2026-01-31	6	6	4	Detractor
NULL	4418	2026-04-30	3	3	2	Promoter
NULL	4418	2026-07-31	4	5	6	Passive
NULL	4419	2024-01-31	3	3	7	Detractor
NULL	4419	2024-04-30	6	3	4	Detractor
NULL	4419	2025-04-30	3	1	5	Passive
NULL	4419	2025-07-31	4	5	1	Passive
NULL	4419	2025-10-31	3	1	1	Passive
NULL	4419	2026-01-31	1	3	4	Detractor
NULL	4419	2026-04-30	2	5	3	Detractor
NULL	4420	2024-01-31	7	8	3	Promoter
NULL	4420	2024-04-30	9	9	10	Promoter
NULL	4420	2024-07-31	10	3	5	Promoter
NULL	4420	2024-10-31	6	7	6	Detractor
NULL	4420	2025-01-31	7	4	7	Detractor
NULL	4420	2025-04-30	6	NULL	10	Detractor
NULL	4420	2025-07-31	4	10	6	Passive
NULL	4420	2025-10-31	6	6	6	Detractor
NULL	4420	2026-01-31	5	10	6	Passive
NULL	4420	2026-04-30	7	6	8	Passive
NULL	4420	2026-07-31	7	9	3	Passive
NULL	4421	2024-01-31	3	5	NULL	Detractor
NULL	4421	2024-07-31	4	4	8	Passive
NULL	4421	2024-10-31	7	8	3	Passive
NULL	4421	2025-01-31	7	8	4	Promoter
NULL	4421	2025-04-30	6	5	3	Detractor
NULL	4421	2025-07-31	8	6	NULL	Detractor
NULL	4421	2025-10-31	4	1	2	Passive
NULL	4421	2026-01-31	4	6	NULL	Detractor
NULL	4421	2026-04-30	5	3	3	Detractor
NULL	4422	2026-07-31	8	3	6	Passive
NULL	4423	2024-01-31	3	8	NULL	Detractor
NULL	4423	2024-07-31	7	3	5	Passive
NULL	4423	2024-10-31	5	7	6	Detractor
NULL	4423	2025-01-31	4	NULL	8	Passive
NULL	4423	2025-04-30	8	5	5	Promoter
NULL	4423	2025-07-31	8	7	3	Promoter
NULL	4423	2025-10-31	10	5	8	Promoter
NULL	4423	2026-07-31	7	6	4	Detractor
NULL	4424	2026-01-31	6	6	7	Passive
NULL	4424	2026-04-30	6	8	8	Detractor
NULL	4424	07/31/2026	3	3	6	Detractor
NULL	4425	2024-01-31	8	10	10	Promoter
NULL	4425	2024-04-30	10	3	9	Passive
NULL	4426	2024-01-31	1	1	8	Detractor
NULL	4426	2024-04-30	1	1	1	Passive
NULL	4426	2024-07-31	1	1	2	Detractor
NULL	4426	2024-10-31	3	1	2	Detractor
NULL	4426	2025-01-31	4	2	2	Detractor
NULL	4426	2025-04-30	1	5	NULL	Passive
NULL	4426	2025-07-31	1	1	2	Detractor
NULL	4426	2025-10-31	1	3	6	Detractor
NULL	4426	2026-01-31	3	1	2	Detractor
NULL	4426	2026-04-30	1	1	1	Passive
NULL	4426	2026-07-31	3	1	3	Detractor
NULL	4427	2024-01-31	2	1	7	Passive
NULL	4427	2024-04-30	6	2	4	Detractor
NULL	4427	2024-07-31	1	4	2	Detractor
NULL	4427	2024-10-31	5	4	3	Detractor
NULL	4427	2025-01-31	1	2	6	Detractor
NULL	4427	2025-04-30	5	1	1	Detractor
NULL	4427	2025-10-31	4	8	5	Passive
NULL	4427	2026-07-31	1	1	3	Promoter
NULL	4428	2025-04-30	7	5	3	Passive
NULL	4428	2025-07-31	7	7	3	Passive
NULL	4428	2025-10-31	6	2	6	Passive
NULL	4428	2026-01-31	5	5	2	Passive
NULL	4428	2026-04-30	9	1	3	Promoter
NULL	4429	2024-01-31	7	5	9	Detractor
NULL	4429	2024-07-31	6	7	10	Promoter
NULL	4429	2024-10-31	5	6	3	Detractor
NULL	4429	2025-01-31	7	5	4	Passive
NULL	4429	2025-07-31	3	6	5	Detractor
NULL	4429	2025-10-31	7	6	10	Detractor
NULL	4429	2026-01-31	7	7	NULL	Passive
NULL	4429	2026-04-30	7	9	7	Promoter
NULL	4430	2026-01-31	5	6	2	Detractor
NULL	4430	2026-04-30	1	2	5	Detractor
NULL	4431	2026-04-30	10	10	7	Promoter
NULL	4432	2024-01-31	8	6	8	Passive
NULL	4432	2024-07-31	5	8	4	Detractor
NULL	4432	2024-10-31	3	5	3	Detractor
NULL	4432	2025-01-31	6	4	7	Detractor
NULL	4432	2025-04-30	7	6	10	Detractor
NULL	4432	2025-07-31	7	NULL	1	Passive
NULL	4432	2025-10-31	5	1	4	Detractor
NULL	4432	2026-01-31	5	7	6	Detractor
NULL	4432	2026-04-30	5	4	7	Detractor
NULL	4433	2024-01-31	6	6	8	Passive
NULL	4433	2024-04-30	4	5	8	Detractor
NULL	4433	2024-07-31	7	4	2	Detractor
NULL	4433	2024-10-31	5	1	7	Detractor
NULL	4433	2025-01-31	3	2	6	Detractor
NULL	4433	2025-07-31	6	6	6	Detractor
NULL	4433	2026-04-30	4	3	8	Promoter
NULL	4433	2026-07-31	7	1	7	Promoter
NULL	4434	2024-04-30	1	6	3	Detractor
NULL	4434	2024-10-31	2	5	1	Detractor
NULL	4434	2025-01-31	1	7	1	Detractor
NULL	4434	2025-07-31	3	5	1	Detractor
NULL	4434	2025-10-31	1	2	1	Passive
NULL	4434	2026-04-30	1	4	2	Passive
NULL	4434	2026-07-31	3	1	6	Detractor
NULL	4435	2026-04-30	6	7	5	Detractor
NULL	4436	2025-01-31	6	10	3	Detractor
NULL	4436	2025-04-30	5	4	8	Detractor
NULL	4436	2025-07-31	3	5	7	Detractor
NULL	4437	2024-04-30	6	8	9	Detractor
NULL	4437	2024-10-31	8	6	5	Promoter
NULL	4437	2025-01-31	7	7	5	Passive
NULL	4437	2025-04-30	8	7	7	Promoter
NULL	4437	2025-07-31	6	5	2	Detractor
NULL	4437	2025-10-31	7	3	3	Promoter
NULL	4437	2026-04-30	6	3	5	Detractor
NULL	4438	2024-01-31	7	5	3	Passive
NULL	4438	2024-07-31	1	3	1	Detractor
NULL	4438	2024-10-31	5	5	5	Detractor
NULL	4438	2025-07-31	7	1	5	Detractor
NULL	4438	2025-10-31	5	1	5	Passive
NULL	4438	2026-04-30	7	6	1	Passive
NULL	4438	2026-07-31	4	4	2	Detractor
NULL	4439	2024-04-30	7	7	6	Passive
NULL	4439	2024-07-31	7	7	1	Passive
NULL	4439	2024-10-31	4	6	1	Detractor
NULL	4439	2025-01-31	5	1	3	Detractor
NULL	4439	2025-04-30	5	4	6	Detractor
NULL	4439	2026-04-30	3	8	NULL	Detractor
NULL	4440	2024-01-31	3	1	3	Detractor
NULL	4440	2024-07-31	2	3	5	Detractor
NULL	4440	2024-10-31	4	1	2	Passive
NULL	4440	2025-01-31	3	4	2	Passive
NULL	4440	2025-04-30	6	2	1	Passive
NULL	4440	2025-10-31	1	3	2	Detractor
NULL	4440	2026-01-31	2	1	6	Detractor
NULL	4440	2026-04-30	4	5	NULL	Promoter
NULL	4440	2026-07-31	4	3	3	Detractor
NULL	4441	2025-07-31	6	6	4	Passive
NULL	4441	2025-10-31	3	6	7	Detractor
NULL	4441	2026-01-31	10	3	5	Promoter
NULL	4441	2026-04-30	4	6	4	Passive
NULL	4441	2026-07-31	3	3	7	Detractor
NULL	4442	2026-01-31	7	NULL	7	Detractor
NULL	4442	2026-07-31	9	5	3	Promoter
NULL	4443	2024-01-31	5	2	1	Detractor
NULL	4443	2024-04-30	3	1	1	Detractor
NULL	4443	2024-07-31	10	8	5	Promoter
NULL	4443	2025-01-31	6	7	6	Detractor
NULL	4443	2025-04-30	6	2	5	Detractor
NULL	4443	2025-07-31	7	2	8	Promoter
NULL	4443	2025-10-31	6	4	5	Detractor
NULL	4443	2026-01-31	4	6	7	Detractor
NULL	4443	2026-04-30	5	4	3	Detractor
NULL	4443	2026-07-31	3	1	5	Detractor
NULL	4444	2024-01-31	9	10	9	Promoter
NULL	4444	2024-04-30	10	9	4	Promoter
NULL	4444	2024-07-31	8	7	5	Promoter
NULL	4444	2025-04-30	8	7	NULL	Passive
NULL	4444	2025-07-31	10	7	7	Promoter
NULL	4444	2025-10-31	9	9	8	Promoter
NULL	4444	2026-01-31	7	10	8	Passive
NULL	4444	2026-07-31	8	5	10	Promoter
NULL	4445	2025-01-31	4	5	4	Passive
NULL	4447	2025-01-31	7	5	1	Detractor
NULL	4447	2025-04-30	4	1	7	Detractor
NULL	4447	2025-07-31	6	6	7	Detractor
NULL	4447	2025-10-31	3	5	NULL	Detractor
NULL	4447	2026-04-30	2	4	2	Passive
NULL	4447	2026-07-31	9	5	5	Promoter
NULL	4448	2024-04-30	6	9	5	Passive
NULL	4448	2024-07-31	7	7	NULL	Passive
NULL	4448	2025-01-31	10	5	1	Passive
NULL	4448	2025-07-31	9	4	7	Promoter
NULL	4448	10/31/2025	5	6	9	Detractor
NULL	4448	2026-01-31	8	7	8	Promoter
NULL	4448	2026-04-30	6	9	7	Detractor
NULL	4448	2026-07-31	9	6	5	Promoter
NULL	4449	2024-01-31	2	4	5	Detractor
NULL	4449	2024-10-31	1	1	3	Detractor
NULL	4449	2025-01-31	3	4	1	Detractor
NULL	4449	2025-07-31	1	3	1	Detractor
NULL	4449	2025-10-31	1	8	4	Detractor
NULL	4450	2025-01-31	4	3	6	Detractor
NULL	4450	2025-04-30	10	7	7	Promoter
NULL	4450	2025-07-31	7	4	5	Promoter
NULL	4450	2025-10-31	10	9	4	Promoter
NULL	4450	2026-01-31	6	10	10	Detractor
NULL	4450	2026-07-31	7	8	10	Promoter
NULL	4451	2024-10-31	7	2	3	Detractor
NULL	4451	2025-01-31	6	7	4	Detractor
NULL	4451	2025-10-31	7	NULL	7	Detractor
NULL	4453	2025-07-31	4	4	1	Passive
NULL	4453	2025-10-31	2	3	6	Detractor
NULL	4453	2026-01-31	2	3	7	Passive
NULL	4453	2026-04-30	4	1	1	Detractor
NULL	4453	2026-07-31	3	2	1	Detractor
NULL	4454	2024-01-31	4	1	1	Passive
NULL	4454	2024-04-30	2	2	8	Detractor
NULL	4454	2025-01-31	7	1	5	Passive
NULL	4454	2025-04-30	5	2	4	Detractor
NULL	4454	2025-10-31	4	6	5	Detractor
NULL	4454	2026-07-31	5	7	5	Detractor
NULL	4455	2024-04-30	3	9	8	Detractor
NULL	4455	2024-07-31	4	4	5	Detractor
NULL	4455	2025-01-31	10	7	9	Promoter
NULL	4455	2025-04-30	5	6	1	Passive
NULL	4455	2025-10-31	5	9	8	Detractor
NULL	4455	2026-04-30	8	6	4	Promoter
NULL	4455	2026-07-31	2	3	1	Detractor
