application_id	requisition_id	department_id	date_applied	screen_passed	interview_passed	offer_extended	offer_accepted	hire_date	time_to_fill_days
1	REQ-2025-313	13	2025-08-30	1	0	0	0	NULL	NULL
2	REQ-2026-132	8	09/23/2025	1	0	0	0	NULL	NULL
3	REQ-2025-152	5	2025-10-14	1	1	0	0	NULL	NULL
4	REQ-2026-195	9	2025-08-02	1	1	0	0	NULL	NULL
5	REQ-2025-298	14	2026-01-10	1	0	0	0	NULL	NULL
6	REQ-2025-256	13	2025-10-09	1	1	1	0	NULL	NULL
7	REQ-2026-150	4	2026-05-26	1	1	0	0	NULL	NULL
8	REQ-2026-269	10	2026-04-18	0	0	0	0	NULL	NULL
9	REQ-2026-121	14	2026-04-27	0	0	0	0	NULL	NULL
10	REQ-2025-340	13	2026-01-16	1	1	0	0	NULL	NULL
11	REQ-2026-138	12	2026-07-05	1	0	0	0	NULL	NULL
12	REQ-2026-290	9	2026-06-06	0	0	0	0	NULL	NULL
13	REQ-2025-139	9	2025-10-13	1	0	0	0	NULL	NULL
14	REQ-2025-307	6	2026-02-21	0	0	0	0	NULL	NULL
15	REQ-2025-104	1	2026-06-06	0	0	0	0	NULL	NULL
16	REQ-2026-134	14	01/18/2026	1	0	0	0	NULL	NULL
17	REQ-2026-201	4	2026-01-15	1	1	1	1	2026-02-09	25
18	REQ-2025-295	2	2026-05-19	0	0	0	0	NULL	NULL
19	REQ-2025-347	5	2026-06-15	1	0	0	0	NULL	NULL
20	REQ-2026-242	5	2025-09-07	1	0	0	0	NULL	NULL
21	REQ-2026-331	12	2026-04-07	1	0	0	0	NULL	NULL
22	REQ-2025-228	2	2026-01-08	0	0	0	0	NULL	NULL
23	REQ-2026-143	7	2026-04-21	1	0	0	0	NULL	NULL
24	REQ-2026-269	9	2026-05-31	0	0	0	0	NULL	NULL
25	REQ-2025-346	14	2025-08-29	0	0	0	0	NULL	NULL
26	REQ-2026-109	1	2025-10-31	1	1	1	1	2025-12-07	37
27	REQ-2025-108	1	2026-04-29	1	0	0	0	NULL	NULL
28	REQ-2025-170	12	2026-02-25	1	0	0	0	NULL	NULL
29	REQ-2025-156	16	2026-03-29	0	0	0	0	NULL	NULL
30	REQ-2026-131	3	2025-10-27	1	1	0	0	NULL	NULL
31	REQ-2025-304	1	2026-02-03	1	1	1	1	2026-03-23	48
32	REQ-2025-152	7	2026-03-30	1	0	0	0	NULL	NULL
33	REQ-2025-279	12	2026-04-30	1	0	0	0	NULL	NULL
34	REQ-2025-165	5	08/13/2025	0	0	0	0	NULL	NULL
35	REQ-2025-301	11	2026-02-01	0	0	0	0	NULL	NULL
36	REQ-2026-348	11	2026-01-25	1	1	0	0	NULL	NULL
37	REQ-2025-164	12	2025-08-17	1	1	0	0	NULL	NULL
38	REQ-2026-230	16	2025-11-07	1	1	1	1	2026-01-11	65
39	REQ-2026-352	9	2026-04-29	1	1	0	0	NULL	NULL
40	REQ-2026-147	7	2026-05-21	0	0	0	0	NULL	NULL
41	REQ-2025-288	8	2025-08-08	0	0	0	0	NULL	NULL
42	REQ-2025-139	6	2025-12-24	1	0	0	0	NULL	NULL
43	REQ-2025-102	8	2026-06-14	1	1	0	0	NULL	NULL
44	REQ-2026-235	6	2026-02-23	1	0	0	0	NULL	NULL
45	REQ-2025-314	12	2026-03-14	1	0	0	0	NULL	NULL
46	REQ-2025-209	3	2025-10-01	0	0	0	0	NULL	NULL
47	REQ-2025-234	8	2025-09-23	1	1	1	1	2025-10-08	15
48	REQ-2026-147	15	2026-01-11	1	0	0	0	NULL	NULL
49	REQ-2026-121	2	2025-08-11	0	0	0	0	NULL	NULL
50	REQ-2025-190	12	2026-02-06	0	0	0	0	NULL	NULL
51	REQ-2025-330	3	2025-10-31	1	1	0	0	NULL	NULL
52	REQ-2025-238	15	2025-09-18	0	0	0	0	NULL	NULL
53	REQ-2026-320	16	2026-07-28	0	0	0	0	NULL	NULL
54	REQ-2026-183	2	2026-04-30	1	0	0	0	NULL	NULL
55	REQ-2026-329	16	2025-08-12	1	1	0	0	NULL	NULL
56	REQ-2026-197	5	2026-07-13	0	0	0	0	NULL	NULL
57	REQ-2026-181	10	2025-11-22	0	0	0	0	NULL	NULL
58	REQ-2025-312	2	2025-11-03	0	0	0	0	NULL	NULL
59	REQ-2025-225	16	2026-01-18	1	1	0	0	NULL	NULL
60	REQ-2026-352	8	2025-09-23	0	0	0	0	NULL	NULL
61	REQ-2026-246	9	2026-05-31	1	1	0	0	NULL	NULL
62	REQ-2025-179	7	2026-02-26	1	0	0	0	NULL	NULL
63	REQ-2026-322	7	2026-03-31	1	1	1	1	2026-04-18	18
64	REQ-2026-188	12	2026-01-27	1	0	0	0	NULL	NULL
65	REQ-2025-192	3	2025-09-02	0	0	0	0	NULL	NULL
66	REQ-2025-332	6	2026-03-10	1	1	0	0	NULL	NULL
67	REQ-2026-194	6	2025-10-05	1	0	0	0	NULL	NULL
68	REQ-2026-348	4	2025-10-30	0	0	0	0	NULL	NULL
69	REQ-2025-123	9	2026-06-25	0	0	0	0	NULL	NULL
70	REQ-2025-106	4	2025-11-20	1	0	0	0	NULL	NULL
71	REQ-2026-202	14	2026-02-16	1	1	0	0	NULL	NULL
72	REQ-2025-257	13	2026-07-19	1	0	0	0	NULL	NULL
73	REQ-2026-195	3	2025-09-17	0	0	0	0	NULL	NULL
74	REQ-2025-268	11	2025-12-12	1	1	1	1	2026-01-03	22
75	REQ-2026-266	3	2025-12-15	0	0	0	0	NULL	NULL
76	REQ-2025-177	15	2025-12-22	0	0	0	0	NULL	NULL
77	REQ-2026-176	13	2025-12-09	0	0	0	0	NULL	NULL
78	REQ-2025-146	7	2025-11-07	1	1	1	0	NULL	NULL
79	REQ-2026-198	7	2025-11-23	1	0	0	0	NULL	NULL
80	REQ-2026-219	2	2026-04-13	1	0	0	0	NULL	NULL
81	REQ-2025-281	3	2025-10-18	1	0	0	0	NULL	NULL
82	REQ-2025-168	14	2025-10-19	0	0	0	0	NULL	NULL
83	REQ-2025-314	16	2026-06-27	1	0	0	0	NULL	NULL
84	REQ-2025-112	9	2025-12-24	1	1	0	0	NULL	NULL
85	REQ-2026-195	12	2025-10-02	0	0	0	0	NULL	NULL
86	REQ-2025-276	6	2025-08-15	1	1	1	1	2025-09-05	21
87	REQ-2026-187	7	2026-07-30	1	0	0	0	NULL	NULL
88	REQ-2025-318	10	2026-05-15	0	0	0	0	NULL	NULL
89	REQ-2025-179	11	2026-07-18	1	0	0	0	NULL	NULL
90	REQ-2026-119	9	2026-01-28	1	0	0	0	NULL	NULL
91	REQ-2025-234	14	2025-09-23	1	0	0	0	NULL	NULL
92	REQ-2026-127	11	2026-05-19	1	1	0	0	NULL	NULL
93	REQ-2025-262	3	2025-12-06	1	0	0	0	NULL	NULL
94	REQ-2025-233	7	2026-06-13	0	0	0	0	NULL	NULL
95	REQ-2025-349	5	2025-11-12	1	1	0	0	NULL	NULL
96	REQ-2026-286	13	2025-10-09	0	0	0	0	NULL	NULL
97	REQ-2026-348	3	2025-11-19	1	0	0	0	NULL	NULL
98	REQ-2026-155	13	2025-08-09	0	0	0	0	NULL	NULL
99	REQ-2026-335	14	2026-06-01	0	0	0	0	NULL	NULL
100	REQ-2025-149	16	2026-01-24	1	1	1	1	2026-02-14	21
101	REQ-2026-115	5	2025-12-18	1	0	0	0	NULL	NULL
102	REQ-2025-265	8	2026-03-01	1	1	0	0	NULL	NULL
103	REQ-2025-244	13	2026-05-14	1	0	0	0	NULL	NULL
104	REQ-2026-303	5	2025-12-07	0	0	0	0	NULL	NULL
105	REQ-2025-280	7	2026-03-01	1	1	0	0	NULL	NULL
106	REQ-2025-323	14	2026-01-20	0	0	0	0	NULL	NULL
107	REQ-2025-105	8	2026-06-16	1	1	1	1	2026-08-20	65
108	REQ-2025-330	2	2025-11-03	0	0	0	0	NULL	NULL
109	REQ-2026-115	1	2026-04-19	1	1	0	0	NULL	NULL
110	REQ-2026-193	7	2026-01-17	0	0	0	0	NULL	NULL
111	REQ-2026-287	3	2026-02-11	1	0	0	0	NULL	NULL
112	REQ-2026-266	11	2026-05-12	1	1	0	0	NULL	NULL
113	REQ-2026-141	5	2026-01-01	0	0	0	0	NULL	NULL
114	REQ-2026-128	8	2026-04-24	1	1	0	0	NULL	NULL
115	REQ-2026-284	13	2026-02-06	1	0	0	0	NULL	NULL
116	REQ-2025-300	8	2025-10-22	1	1	1	1	2025-12-05	44
117	REQ-2025-276	8	2026-04-19	1	0	0	0	NULL	NULL
118	REQ-2025-332	5	2026-07-16	1	0	0	0	NULL	NULL
119	REQ-2026-230	8	2025-12-04	1	0	0	0	NULL	NULL
120	REQ-2026-199	11	2025-10-12	1	1	1	1	2025-11-17	36
121	REQ-2025-244	15	2025-10-18	0	0	0	0	NULL	NULL
122	REQ-2025-203	6	2025-11-13	1	1	0	0	NULL	NULL
123	REQ-2026-201	15	2025-08-04	0	0	0	0	NULL	NULL
124	REQ-2025-129	14	2025-08-19	1	0	0	0	NULL	NULL
125	REQ-2025-341	12	2025-08-18	0	0	0	0	NULL	NULL
126	REQ-2025-274	8	2025-08-14	1	0	0	0	NULL	NULL
127	REQ-2025-172	8	2025-12-27	0	0	0	0	NULL	NULL
128	REQ-2025-152	3	2025-09-30	1	1	1	1	2025-11-22	53
129	REQ-2025-279	15	12/22/2025	0	0	0	0	NULL	NULL
130	REQ-2026-296	5	2025-11-28	1	0	0	0	NULL	NULL
131	REQ-2025-208	7	2026-06-24	1	1	0	0	NULL	NULL
132	REQ-2026-150	3	2026-07-11	1	1	0	0	NULL	NULL
133	REQ-2026-147	2	2026-01-12	0	0	0	0	NULL	NULL
134	REQ-2026-159	7	2026-06-25	1	0	0	0	NULL	NULL
135	REQ-2026-221	16	2025-11-21	0	0	0	0	NULL	NULL
136	REQ-2026-328	9	2026-02-26	0	0	0	0	NULL	NULL
137	REQ-2025-203	1	2025-11-16	0	0	0	0	NULL	NULL
138	REQ-2026-322	12	2026-06-08	0	0	0	0	NULL	NULL
139	REQ-2025-108	6	2025-09-19	0	0	0	0	NULL	NULL
140	REQ-2025-280	14	2026-01-30	1	0	0	0	NULL	NULL
141	REQ-2025-318	4	2026-02-06	1	1	0	0	NULL	NULL
142	REQ-2025-307	15	2026-02-21	1	0	0	0	NULL	NULL
143	REQ-2026-230	10	2026-07-30	1	1	0	0	NULL	NULL
144	REQ-2025-182	12	2025-08-05	1	0	0	0	NULL	NULL
145	REQ-2026-316	8	2026-06-27	0	0	0	0	NULL	NULL
146	REQ-2025-215	12	2025-11-05	1	0	0	0	NULL	NULL
147	REQ-2025-152	4	2026-01-02	0	0	0	0	NULL	NULL
148	REQ-2026-110	6	2026-04-18	1	0	0	0	NULL	NULL
149	REQ-2025-313	13	2026-01-05	1	1	1	1	2026-02-14	40
150	REQ-2025-255	9	2026-03-19	1	1	0	0	NULL	NULL
151	REQ-2026-253	13	2026-01-06	1	1	0	0	NULL	NULL
152	REQ-2026-130	7	2026-04-03	0	0	0	0	NULL	NULL
153	REQ-2025-215	16	2025-09-13	1	1	0	0	NULL	NULL
154	REQ-2025-240	16	2025-12-24	1	0	0	0	NULL	NULL
155	REQ-2026-338	5	2025-10-04	0	0	0	0	NULL	NULL
156	REQ-2026-143	5	2026-04-12	1	1	0	0	NULL	NULL
157	REQ-2025-215	10	2026-02-05	1	1	0	0	NULL	NULL
158	REQ-2025-171	1	2026-03-15	1	0	0	0	NULL	NULL
159	REQ-2025-283	15	2025-12-26	1	0	0	0	NULL	NULL
160	REQ-2025-318	10	2026-04-08	1	0	0	0	NULL	NULL
161	REQ-2026-176	12	2025-09-15	0	0	0	0	NULL	NULL
162	REQ-2026-217	4	2026-07-29	0	0	0	0	NULL	NULL
163	REQ-2025-167	9	2026-03-06	1	0	0	0	NULL	NULL
164	NULL	8	2025-12-04	0	0	0	0	NULL	NULL
165	REQ-2026-264	7	2026-07-04	1	0	0	0	NULL	NULL
166	REQ-2025-262	16	2026-03-24	1	0	0	0	NULL	NULL
167	REQ-2026-250	7	2026-06-12	0	0	0	0	NULL	NULL
168	REQ-2025-248	3	2025-08-17	1	0	0	0	NULL	NULL
169	REQ-2025-223	16	2025-12-07	1	1	0	0	NULL	NULL
170	REQ-2025-167	4	2026-06-19	1	0	0	0	NULL	NULL
171	REQ-2026-187	1	2025-08-25	1	1	1	0	NULL	NULL
172	REQ-2026-201	2	2025-12-28	1	1	0	0	NULL	NULL
173	REQ-2026-329	12	2025-11-16	0	0	0	0	NULL	NULL
174	REQ-2026-329	7	2026-01-11	0	0	0	0	NULL	NULL
175	REQ-2026-107	4	2025-11-08	1	0	0	0	NULL	NULL
176	REQ-2026-114	6	2026-07-20	1	0	0	0	NULL	NULL
177	REQ-2025-216	9	2026-05-19	1	0	0	0	NULL	NULL
178	REQ-2025-124	5	2026-01-21	0	0	0	0	NULL	NULL
179	REQ-2026-133	10	2025-12-20	0	0	0	0	NULL	NULL
180	REQ-2025-276	7	2025-11-29	1	1	0	0	NULL	NULL
181	REQ-2026-181	11	2025-08-16	1	0	0	0	NULL	NULL
182	REQ-2025-234	16	2025-11-14	1	0	0	0	NULL	NULL
183	REQ-2025-174	3	2026-04-26	0	0	0	0	NULL	NULL
184	REQ-2025-306	9	2026-01-19	0	0	0	0	NULL	NULL
185	REQ-2026-161	16	2025-09-23	1	0	0	0	NULL	NULL
186	REQ-2026-194	2	2026-06-19	1	0	0	0	NULL	NULL
187	REQ-2026-315	8	2025-08-16	0	0	0	0	NULL	NULL
188	REQ-2025-314	5	2025-08-06	0	0	0	0	NULL	NULL
189	REQ-2026-115	4	2026-05-04	1	1	0	0	NULL	NULL
190	REQ-2025-208	8	2026-02-13	1	0	0	0	NULL	NULL
191	REQ-2025-229	12	2025-12-30	0	0	0	0	NULL	NULL
192	REQ-2025-142	9	2025-09-03	0	0	0	0	NULL	NULL
193	REQ-2026-282	10	2025-12-02	0	0	0	0	NULL	NULL
194	REQ-2025-271	3	2026-01-04	1	0	0	0	NULL	NULL
195	REQ-2025-146	12	2025-10-01	1	1	0	0	NULL	NULL
196	REQ-2026-237	2	2026-04-04	1	0	0	0	NULL	NULL
197	NULL	5	2026-04-19	0	0	0	0	NULL	NULL
198	REQ-2025-216	5	2026-05-22	1	0	0	0	NULL	NULL
199	REQ-2025-324	5	2026-05-30	1	0	0	0	NULL	NULL
200	REQ-2025-190	1	2026-03-10	1	0	0	0	NULL	NULL
201	REQ-2025-218	7	2026-04-01	1	1	0	0	NULL	NULL
202	REQ-2025-302	13	2025-11-24	0	0	0	0	NULL	NULL
203	REQ-2025-151	1	2025-10-31	1	0	0	0	NULL	NULL
204	REQ-2026-328	8	2025-12-01	1	1	0	0	NULL	NULL
205	REQ-2025-262	7	2026-05-05	0	0	0	0	NULL	NULL
206	REQ-2025-173	13	2025-11-27	0	0	0	0	NULL	NULL
207	REQ-2025-271	4	2026-07-29	1	0	0	0	NULL	NULL
208	REQ-2026-316	1	2026-05-17	0	0	0	0	NULL	NULL
209	REQ-2025-268	10	2025-10-03	0	0	0	0	NULL	NULL
210	REQ-2025-295	16	2025-09-25	0	0	0	0	NULL	NULL
211	REQ-2025-301	13	2026-01-05	0	0	0	0	NULL	NULL
212	REQ-2026-247	12	2026-06-10	0	0	0	0	NULL	NULL
213	REQ-2025-326	7	2025-11-01	1	1	0	0	NULL	NULL
214	REQ-2025-117	11	2025-11-09	0	0	0	0	NULL	NULL
215	REQ-2025-205	6	2025-11-25	1	0	0	0	NULL	NULL
216	REQ-2026-183	7	2025-11-12	0	0	0	0	NULL	NULL
217	REQ-2025-340	7	2026-04-04	1	0	0	0	NULL	NULL
218	REQ-2026-242	1	2025-08-14	1	1	1	1	2025-08-30	16
219	REQ-2026-217	11	2025-09-24	1	1	0	0	NULL	NULL
220	REQ-2026-145	12	2025-11-13	1	0	0	0	NULL	NULL
221	REQ-2026-145	5	2025-12-05	1	1	1	1	2026-01-27	53
222	REQ-2025-313	16	2026-03-12	0	0	0	0	NULL	NULL
223	REQ-2025-288	16	2025-11-01	1	1	0	0	NULL	NULL
224	REQ-2026-211	9	2026-07-04	0	0	0	0	NULL	NULL
225	REQ-2025-314	12	2025-09-13	1	1	0	0	NULL	NULL
226	REQ-2026-147	8	2025-09-08	0	0	0	0	NULL	NULL
227	REQ-2025-225	12	2026-04-12	0	0	0	0	NULL	NULL
228	REQ-2026-270	4	2025-11-05	1	0	0	0	NULL	NULL
229	REQ-2026-193	15	2026-01-13	1	1	0	0	NULL	NULL
230	REQ-2026-187	5	2026-06-08	0	0	0	0	NULL	NULL
231	REQ-2025-260	4	2026-05-07	1	0	0	0	NULL	NULL
232	REQ-2026-140	6	2026-05-13	1	0	0	0	NULL	NULL
233	REQ-2026-221	7	2025-09-03	1	0	0	0	NULL	NULL
234	REQ-2025-209	3	2025-08-21	0	0	0	0	NULL	NULL
235	REQ-2026-296	12	2026-06-29	0	0	0	0	NULL	NULL
236	REQ-2025-167	3	2025-11-15	0	0	0	0	NULL	NULL
237	REQ-2026-140	8	2026-05-26	1	0	0	0	NULL	NULL
238	REQ-2025-205	9	2025-08-23	0	0	0	0	NULL	NULL
239	REQ-2025-324	13	2026-07-18	1	1	0	0	NULL	NULL
240	REQ-2025-302	5	2026-02-27	0	0	0	0	NULL	NULL
241	REQ-2025-257	13	2026-02-10	0	0	0	0	NULL	NULL
242	REQ-2025-340	5	2026-05-13	1	0	0	0	NULL	NULL
243	REQ-2026-200	12	2026-03-14	0	0	0	0	NULL	NULL
244	REQ-2026-210	2	2025-11-04	1	0	0	0	NULL	NULL
245	REQ-2025-129	7	2025-12-05	1	1	0	0	NULL	NULL
246	REQ-2025-256	15	2026-05-22	1	1	0	0	NULL	NULL
247	REQ-2026-214	9	2025-08-12	1	0	0	0	NULL	NULL
248	REQ-2025-171	6	2026-01-08	1	1	0	0	NULL	NULL
249	REQ-2026-272	11	2026-03-12	1	1	0	0	NULL	NULL
250	REQ-2026-214	16	2025-11-24	1	0	0	0	NULL	NULL
251	REQ-2025-349	15	2025-10-31	1	1	1	1	2025-12-12	42
252	REQ-2025-113	2	2026-01-13	1	0	0	0	NULL	NULL
253	REQ-2026-166	8	2025-12-11	1	1	0	0	NULL	NULL
254	REQ-2026-221	1	2026-01-30	1	0	0	0	NULL	NULL
255	REQ-2025-149	3	2025-11-02	1	0	0	0	NULL	NULL
256	REQ-2026-130	16	2025-09-29	1	1	1	1	2025-11-27	59
257	REQ-2026-166	12	2025-09-18	0	0	0	0	NULL	NULL
258	REQ-2026-202	5	2026-02-20	1	1	1	1	2026-04-05	44
259	REQ-2025-215	8	06/01/2026	0	0	0	0	NULL	NULL
260	REQ-2025-265	15	2025-10-11	1	0	0	0	NULL	NULL
261	REQ-2026-351	7	07/07/2026	1	1	0	0	NULL	NULL
262	REQ-2025-271	8	2026-06-25	1	0	0	0	NULL	NULL
263	REQ-2025-330	13	2025-08-21	0	0	0	0	NULL	NULL
264	REQ-2025-165	16	2026-06-28	0	0	0	0	NULL	NULL
265	REQ-2026-121	1	2026-05-23	1	1	0	0	NULL	NULL
266	REQ-2026-317	14	2026-01-23	1	0	0	0	NULL	NULL
267	REQ-2025-167	3	2026-03-03	0	0	0	0	NULL	NULL
268	REQ-2025-342	1	2026-04-26	0	0	0	0	NULL	NULL
269	REQ-2026-128	6	2025-08-04	1	0	0	0	NULL	NULL
270	REQ-2026-148	1	2026-01-25	0	0	0	0	NULL	NULL
271	REQ-2026-206	7	2026-02-18	1	1	1	1	2026-03-27	37
272	REQ-2025-301	1	2026-04-18	1	1	1	1	2026-05-17	29
273	REQ-2025-324	12	2026-03-11	1	1	1	1	2026-05-09	59
274	REQ-2026-155	9	2025-09-02	0	0	0	0	NULL	NULL
275	REQ-2026-103	2	2026-05-26	0	0	0	0	NULL	NULL
276	REQ-2025-117	15	2025-11-02	1	0	0	0	NULL	NULL
277	REQ-2025-184	12	2025-08-27	1	0	0	0	NULL	NULL
278	REQ-2025-152	3	2026-07-06	0	0	0	0	NULL	NULL
279	REQ-2025-125	14	2025-12-07	0	0	0	0	NULL	NULL
280	REQ-2025-207	3	2026-03-20	0	0	0	0	NULL	NULL
281	REQ-2026-157	5	2026-03-14	0	0	0	0	NULL	NULL
282	REQ-2025-182	13	2025-12-21	1	1	0	0	NULL	NULL
283	REQ-2026-264	12	2026-06-01	1	0	0	0	NULL	NULL
284	REQ-2025-225	10	2026-07-13	1	0	0	0	NULL	NULL
285	REQ-2026-299	6	2026-04-05	1	1	1	0	NULL	NULL
286	REQ-2025-313	9	2026-03-03	0	0	0	0	NULL	NULL
287	REQ-2025-154	14	2026-07-06	1	1	0	0	NULL	NULL
288	REQ-2026-121	10	2026-05-10	0	0	0	0	NULL	NULL
289	REQ-2025-239	15	2025-08-23	1	1	0	0	NULL	NULL
290	REQ-2026-183	14	2025-12-19	0	0	0	0	NULL	NULL
291	REQ-2026-194	9	2025-10-01	0	0	0	0	NULL	NULL
292	REQ-2026-197	1	2025-08-28	1	1	0	0	NULL	NULL
293	REQ-2026-284	14	01/16/2026	1	0	0	0	NULL	NULL
294	REQ-2025-162	13	2025-12-05	1	0	0	0	NULL	NULL
295	REQ-2026-336	10	07/04/2026	0	0	0	0	NULL	NULL
296	REQ-2025-108	15	2026-01-26	0	0	0	0	NULL	NULL
297	REQ-2025-165	13	2025-09-01	1	1	1	1	09/25/2025	24
298	REQ-2026-110	5	2025-10-03	1	1	1	0	NULL	NULL
299	REQ-2026-284	16	2025-08-13	0	0	0	0	NULL	NULL
300	REQ-2026-267	11	2025-10-04	0	0	0	0	NULL	NULL
301	REQ-2025-172	10	2025-12-23	1	1	1	1	2026-01-07	15
302	REQ-2025-178	15	2025-09-20	1	0	0	0	NULL	NULL
303	REQ-2025-207	14	2025-10-05	1	1	1	1	2025-12-01	57
304	REQ-2025-238	3	2025-09-01	1	0	0	0	NULL	NULL
305	REQ-2025-347	8	2025-09-26	0	0	0	0	NULL	NULL
306	REQ-2025-283	8	2026-07-15	0	0	0	0	NULL	NULL
307	REQ-2025-278	8	2025-10-15	1	1	1	0	NULL	NULL
308	REQ-2025-349	12	2026-05-04	0	0	0	0	NULL	NULL
309	REQ-2025-229	9	2025-12-06	1	1	0	0	NULL	NULL
310	REQ-2026-219	1	2025-10-07	0	0	0	0	NULL	NULL
311	REQ-2025-306	6	2026-07-27	0	0	0	0	NULL	NULL
312	REQ-2025-205	4	2026-07-10	0	0	0	0	NULL	NULL
313	REQ-2026-219	4	2025-12-13	1	1	0	0	NULL	NULL
314	REQ-2025-196	6	2025-10-16	1	0	0	0	NULL	NULL
315	REQ-2025-207	10	2026-06-18	0	0	0	0	NULL	NULL
316	REQ-2025-156	11	2025-11-11	0	0	0	0	NULL	NULL
317	REQ-2025-314	1	2025-08-26	1	1	0	0	NULL	NULL
318	REQ-2025-248	4	2025-12-09	0	0	0	0	NULL	NULL
319	REQ-2025-314	5	2026-01-17	1	0	0	0	NULL	NULL
320	REQ-2025-151	10	2026-03-25	0	0	0	0	NULL	NULL
321	REQ-2025-305	11	2025-12-26	0	0	0	0	NULL	NULL
322	REQ-2025-313	8	2025-12-17	1	0	0	0	NULL	NULL
323	REQ-2025-209	11	2025-10-27	1	0	0	0	NULL	NULL
324	REQ-2025-153	15	2025-08-05	1	0	0	0	NULL	NULL
325	REQ-2026-118	4	2025-09-11	1	1	0	0	NULL	NULL
326	REQ-2025-260	10	2025-09-29	1	0	0	0	NULL	NULL
327	REQ-2025-318	8	2026-01-21	0	0	0	0	NULL	NULL
328	REQ-2026-303	2	2026-07-17	1	1	0	0	NULL	NULL
329	NULL	3	2026-06-20	1	1	0	0	NULL	NULL
330	REQ-2025-288	8	2026-01-14	1	0	0	0	NULL	NULL
331	REQ-2026-303	3	2025-08-28	1	0	0	0	NULL	NULL
332	REQ-2025-216	9	2026-05-09	1	0	0	0	NULL	NULL
333	REQ-2026-150	9	2025-12-12	1	0	0	0	NULL	NULL
334	REQ-2026-299	16	2025-12-05	1	0	0	0	NULL	NULL
335	REQ-2025-209	9	2026-07-11	1	0	0	0	NULL	NULL
336	REQ-2026-141	13	2025-11-15	0	0	0	0	NULL	NULL
337	REQ-2025-154	7	2026-07-19	1	0	0	0	NULL	NULL
338	REQ-2025-106	9	2025-10-12	1	1	0	0	NULL	NULL
339	REQ-2025-233	7	2025-11-07	0	0	0	0	NULL	NULL
340	REQ-2025-220	4	2025-10-16	1	0	0	0	NULL	NULL
341	REQ-2025-225	11	2026-04-26	0	0	0	0	NULL	NULL
342	REQ-2026-316	15	2026-01-22	0	0	0	0	NULL	NULL
343	REQ-2026-245	12	2025-08-31	0	0	0	0	NULL	NULL
344	REQ-2025-136	9	2025-09-12	1	1	0	0	NULL	NULL
345	REQ-2025-184	6	2026-03-16	0	0	0	0	NULL	NULL
346	REQ-2025-216	11	2026-06-12	1	0	0	0	NULL	NULL
347	REQ-2026-201	16	2026-03-18	1	0	0	0	NULL	NULL
348	REQ-2025-120	8	2025-08-16	1	0	0	0	NULL	NULL
349	REQ-2026-110	10	2026-06-09	0	0	0	0	NULL	NULL
350	REQ-2026-247	4	2025-11-10	0	0	0	0	NULL	NULL
351	REQ-2026-144	3	2026-04-14	1	1	0	0	NULL	NULL
352	REQ-2025-165	7	2026-05-27	1	1	0	0	NULL	NULL
353	REQ-2026-246	12	2026-02-05	0	0	0	0	NULL	NULL
354	REQ-2026-246	11	2025-10-20	1	0	0	0	NULL	NULL
355	REQ-2025-208	3	2026-05-03	0	0	0	0	NULL	NULL
356	REQ-2026-293	16	2025-10-21	0	0	0	0	NULL	NULL
357	REQ-2026-194	3	2025-12-15	1	0	0	0	NULL	NULL
358	REQ-2025-122	12	11/29/2025	0	0	0	0	NULL	NULL
359	REQ-2026-188	10	2025-12-25	1	1	0	0	NULL	NULL
360	REQ-2026-319	14	2026-01-18	0	0	0	0	NULL	NULL
361	REQ-2026-273	13	2026-07-06	1	0	0	0	NULL	NULL
362	REQ-2026-197	15	2026-03-23	1	0	0	0	NULL	NULL
363	REQ-2026-183	10	2026-06-11	0	0	0	0	NULL	NULL
364	REQ-2025-302	9	2026-01-15	1	1	0	0	NULL	NULL
365	REQ-2025-165	15	2025-12-02	1	1	1	1	2025-12-30	28
366	REQ-2026-206	10	04/13/2026	1	0	0	0	NULL	NULL
367	REQ-2026-201	10	2026-07-08	1	0	0	0	NULL	NULL
368	REQ-2025-169	15	2026-07-18	1	0	0	0	NULL	NULL
369	REQ-2025-216	6	2026-07-18	0	0	0	0	NULL	NULL
370	REQ-2025-102	2	2026-04-05	0	0	0	0	NULL	NULL
371	REQ-2025-151	7	2025-10-13	1	0	0	0	NULL	NULL
372	REQ-2025-108	14	2025-09-19	0	0	0	0	NULL	NULL
373	REQ-2026-211	2	2025-11-24	0	0	0	0	NULL	NULL
374	REQ-2026-161	13	2026-01-02	0	0	0	0	NULL	NULL
375	REQ-2026-303	16	2026-05-19	0	0	0	0	NULL	NULL
376	REQ-2025-228	7	2025-09-23	1	0	0	0	NULL	NULL
377	REQ-2026-320	6	2026-02-06	1	0	0	0	NULL	NULL
378	REQ-2025-151	16	2026-06-01	1	0	0	0	NULL	NULL
379	REQ-2026-235	7	2026-04-30	1	0	0	0	NULL	NULL
380	REQ-2025-208	2	2025-08-08	1	1	0	0	NULL	NULL
381	REQ-2026-197	9	2025-09-04	0	0	0	0	NULL	NULL
382	REQ-2026-290	7	2026-06-07	1	1	0	0	NULL	NULL
383	REQ-2026-183	1	2025-12-15	0	0	0	0	NULL	NULL
384	REQ-2025-165	1	2026-04-16	1	1	1	0	NULL	NULL
385	REQ-2026-217	15	2026-06-06	0	0	0	0	NULL	NULL
386	REQ-2025-108	4	2026-03-17	0	0	0	0	NULL	NULL
387	REQ-2025-222	2	2026-02-26	0	0	0	0	NULL	NULL
388	REQ-2025-135	12	2025-08-04	1	0	0	0	NULL	NULL
389	REQ-2025-349	1	2025-09-28	1	0	0	0	NULL	NULL
390	REQ-2026-344	9	2026-04-06	1	1	0	0	NULL	NULL
391	REQ-2025-178	6	2026-04-14	0	0	0	0	NULL	NULL
392	REQ-2026-159	7	2026-03-10	1	1	0	0	NULL	NULL
393	REQ-2025-152	9	07/04/2026	0	0	0	0	NULL	NULL
394	REQ-2025-139	11	2026-02-25	1	1	0	0	NULL	NULL
395	REQ-2025-224	4	2026-02-22	0	0	0	0	NULL	NULL
396	REQ-2026-309	14	2026-03-18	0	0	0	0	NULL	NULL
397	REQ-2025-106	4	2025-10-10	1	0	0	0	NULL	NULL
398	REQ-2025-260	3	2026-05-15	1	0	0	0	NULL	NULL
399	REQ-2026-316	5	2025-11-14	0	0	0	0	NULL	NULL
400	REQ-2026-183	15	2025-12-21	0	0	0	0	NULL	NULL
401	REQ-2025-174	3	2025-09-14	1	1	1	1	2025-10-22	38
402	REQ-2026-221	9	2025-11-21	1	1	1	1	2025-12-20	29
403	REQ-2026-132	9	2026-02-04	0	0	0	0	NULL	NULL
404	REQ-2026-320	9	2025-08-28	1	0	0	0	NULL	NULL
405	REQ-2026-230	1	2026-06-06	1	0	0	0	NULL	NULL
406	REQ-2025-170	11	07/18/2026	0	0	0	0	NULL	NULL
407	REQ-2026-344	5	2025-12-02	1	0	0	0	NULL	NULL
408	REQ-2025-291	9	2025-12-05	0	0	0	0	NULL	NULL
409	REQ-2025-285	8	2026-05-01	0	0	0	0	NULL	NULL
410	REQ-2025-123	2	2025-08-19	0	0	0	0	NULL	NULL
411	REQ-2025-276	8	2026-01-28	0	0	0	0	NULL	NULL
412	REQ-2025-207	4	2026-07-08	0	0	0	0	NULL	NULL
413	REQ-2025-135	11	2026-07-03	1	1	0	0	NULL	NULL
414	REQ-2025-189	8	2026-02-07	1	0	0	0	NULL	NULL
415	REQ-2025-142	9	2026-01-02	1	1	0	0	NULL	NULL
416	REQ-2025-285	14	2026-01-07	0	0	0	0	NULL	NULL
417	REQ-2025-313	11	2026-05-14	1	0	0	0	NULL	NULL
418	REQ-2025-289	7	2026-01-15	1	0	0	0	NULL	NULL
419	REQ-2026-150	7	2025-08-29	0	0	0	0	NULL	NULL
420	REQ-2025-323	14	2025-09-21	1	0	0	0	NULL	NULL
421	REQ-2025-170	15	2025-12-14	1	0	0	0	NULL	NULL
422	REQ-2026-133	13	2025-10-24	1	0	0	0	NULL	NULL
423	REQ-2026-317	11	2025-11-25	0	0	0	0	NULL	NULL
424	REQ-2026-150	13	2025-11-30	0	0	0	0	NULL	NULL
425	REQ-2025-337	16	2025-09-29	0	0	0	0	NULL	NULL
426	REQ-2026-352	15	2026-04-01	0	0	0	0	NULL	NULL
427	REQ-2025-295	12	2026-02-14	1	0	0	0	NULL	NULL
428	REQ-2026-103	10	2025-09-22	0	0	0	0	NULL	NULL
429	REQ-2025-276	12	2025-12-27	1	0	0	0	NULL	NULL
430	NULL	5	2026-05-07	1	0	0	0	NULL	NULL
431	REQ-2026-128	10	2025-08-13	1	1	1	1	2025-08-31	18
432	REQ-2025-192	9	2026-01-13	0	0	0	0	NULL	NULL
433	REQ-2025-215	1	2026-03-17	1	1	0	0	NULL	NULL
434	REQ-2025-225	15	2025-08-29	1	1	0	0	NULL	NULL
435	REQ-2026-134	6	2026-05-14	0	0	0	0	NULL	NULL
436	REQ-2025-289	9	2025-12-11	0	0	0	0	NULL	NULL
437	REQ-2025-239	4	2026-06-23	1	0	0	0	NULL	NULL
438	REQ-2025-332	14	10/17/2025	1	0	0	0	NULL	NULL
439	REQ-2025-175	4	2025-10-03	0	0	0	0	NULL	NULL
440	REQ-2025-330	6	2026-07-01	0	0	0	0	NULL	NULL
441	REQ-2026-242	6	2026-05-10	1	1	0	0	NULL	NULL
442	REQ-2025-279	12	2026-06-11	1	0	0	0	NULL	NULL
443	REQ-2026-183	10	2026-04-18	1	0	0	0	NULL	NULL
444	REQ-2026-121	3	2026-05-16	1	0	0	0	NULL	NULL
445	REQ-2026-254	15	2026-04-04	1	1	1	1	2026-05-13	39
446	REQ-2025-312	2	2025-11-20	0	0	0	0	NULL	NULL
447	REQ-2026-107	8	2025-10-06	0	0	0	0	NULL	NULL
448	REQ-2025-117	16	2025-12-31	1	0	0	0	NULL	NULL
449	REQ-2026-319	12	2026-06-15	1	1	0	0	NULL	NULL
450	REQ-2026-143	14	2025-09-18	1	1	0	0	NULL	NULL
451	REQ-2026-232	12	2026-03-23	1	0	0	0	NULL	NULL
452	NULL	4	2026-06-09	0	0	0	0	NULL	NULL
453	REQ-2026-144	9	2025-11-30	1	0	0	0	NULL	NULL
454	REQ-2026-237	8	02/10/2026	1	0	0	0	NULL	NULL
455	REQ-2025-129	3	2025-09-09	1	0	0	0	NULL	NULL
456	NULL	16	2025-09-05	1	0	0	0	NULL	NULL
457	REQ-2025-271	4	2025-09-02	0	0	0	0	NULL	NULL
458	REQ-2026-187	5	2026-07-24	0	0	0	0	NULL	NULL
459	REQ-2026-118	4	01/15/2026	1	0	0	0	NULL	NULL
460	REQ-2026-197	14	2025-08-27	1	1	0	0	NULL	NULL
461	REQ-2025-142	13	2026-03-29	1	0	0	0	NULL	NULL
462	REQ-2025-306	5	2025-12-22	0	0	0	0	NULL	NULL
463	REQ-2025-323	12	2025-08-02	1	0	0	0	NULL	NULL
464	REQ-2026-226	13	2025-09-25	0	0	0	0	NULL	NULL
465	REQ-2025-330	11	2026-03-27	0	0	0	0	NULL	NULL
466	REQ-2025-280	16	2026-06-10	1	0	0	0	NULL	NULL
467	REQ-2026-214	6	2026-01-23	1	0	0	0	NULL	NULL
468	REQ-2026-103	8	2025-10-24	0	0	0	0	NULL	NULL
469	REQ-2025-179	11	2026-02-22	1	1	0	0	NULL	NULL
470	REQ-2025-276	7	2025-12-18	1	1	0	0	NULL	NULL
471	REQ-2025-208	11	2025-12-14	1	0	0	0	NULL	NULL
472	REQ-2025-203	7	2026-04-01	0	0	0	0	NULL	NULL
473	REQ-2025-120	8	2026-01-30	0	0	0	0	NULL	NULL
474	REQ-2026-352	1	2025-11-27	1	1	1	0	NULL	NULL
475	REQ-2026-221	14	2025-08-13	0	0	0	0	NULL	NULL
476	REQ-2025-288	14	2026-05-28	1	1	1	1	2026-06-30	33
477	REQ-2026-345	4	2026-01-17	0	0	0	0	NULL	NULL
478	REQ-2025-167	3	2025-08-08	1	0	0	0	NULL	NULL
479	REQ-2026-148	16	2025-12-04	0	0	0	0	NULL	NULL
480	REQ-2025-327	4	2025-10-11	1	0	0	0	NULL	NULL
481	REQ-2026-194	9	2026-07-20	1	0	0	0	NULL	NULL
482	REQ-2026-111	15	2026-04-30	0	0	0	0	NULL	NULL
483	REQ-2025-326	2	2026-07-15	0	0	0	0	NULL	NULL
484	REQ-2025-332	6	2025-08-06	1	1	0	0	NULL	NULL
485	REQ-2026-181	2	2025-10-20	1	0	0	0	NULL	NULL
486	REQ-2025-137	16	2025-08-31	0	0	0	0	NULL	NULL
487	REQ-2025-189	11	2026-06-20	0	0	0	0	NULL	NULL
488	REQ-2025-318	16	2026-02-18	1	0	0	0	NULL	NULL
489	REQ-2025-288	8	2026-05-16	1	1	0	0	NULL	NULL
490	REQ-2026-183	6	2026-04-04	1	0	0	0	NULL	NULL
491	REQ-2026-320	5	2026-03-24	0	0	0	0	NULL	NULL
492	REQ-2026-133	9	2025-10-15	0	0	0	0	NULL	NULL
493	REQ-2026-103	11	2026-04-07	0	0	0	0	NULL	NULL
494	REQ-2026-247	7	2026-04-10	0	0	0	0	NULL	NULL
495	REQ-2025-135	1	03/02/2026	0	0	0	0	NULL	NULL
496	REQ-2025-162	8	2026-06-20	0	0	0	0	NULL	NULL
497	REQ-2026-251	5	2026-07-01	0	0	0	0	NULL	NULL
498	REQ-2026-309	13	2025-10-26	1	1	0	0	NULL	NULL
499	REQ-2025-281	14	2026-06-12	1	1	1	1	2026-07-16	34
500	REQ-2026-185	16	2025-12-04	1	1	0	0	NULL	NULL
501	REQ-2026-351	11	2025-11-04	0	0	0	0	NULL	NULL
502	REQ-2026-230	13	2026-04-25	0	0	0	0	NULL	NULL
503	REQ-2026-141	9	2026-04-17	1	1	0	0	NULL	NULL
504	REQ-2025-281	9	2026-01-07	1	1	1	1	2026-02-12	36
505	REQ-2025-168	9	2025-11-18	1	1	1	1	2025-12-15	27
506	REQ-2026-107	13	2026-07-20	0	0	0	0	NULL	NULL
507	REQ-2026-219	3	2026-02-19	1	1	1	1	2026-04-19	59
508	REQ-2026-185	11	2025-10-13	1	0	0	0	NULL	NULL
509	REQ-2026-155	9	2026-07-06	1	1	0	0	NULL	NULL
510	REQ-2025-168	13	2025-12-14	1	0	0	0	NULL	NULL
511	REQ-2025-126	6	2026-04-03	1	0	0	0	NULL	NULL
512	REQ-2025-236	15	2026-02-12	0	0	0	0	NULL	NULL
513	REQ-2026-232	4	2025-12-17	1	1	1	1	2026-02-03	48
514	REQ-2025-271	9	2026-01-22	1	1	0	0	NULL	NULL
515	REQ-2025-102	4	2026-01-10	1	0	0	0	NULL	NULL
516	REQ-2025-233	7	2026-04-06	1	0	0	0	NULL	NULL
517	REQ-2025-192	7	2026-05-01	1	1	0	0	NULL	NULL
518	REQ-2026-293	14	2025-11-23	0	0	0	0	NULL	NULL
519	REQ-2026-141	7	2025-09-16	1	1	0	0	NULL	NULL
520	REQ-2026-128	16	03/08/2026	1	0	0	0	NULL	NULL
521	REQ-2026-290	2	2026-05-09	1	1	1	1	2026-07-07	59
522	REQ-2025-177	11	2026-06-05	0	0	0	0	NULL	NULL
523	REQ-2025-258	13	2026-03-05	1	0	0	0	NULL	NULL
524	REQ-2025-342	9	2026-01-30	0	0	0	0	NULL	NULL
525	REQ-2025-203	8	2026-06-08	0	0	0	0	NULL	NULL
526	REQ-2025-170	9	2025-08-16	0	0	0	0	NULL	NULL
527	REQ-2026-316	9	2026-07-06	1	1	0	0	NULL	NULL
528	REQ-2026-103	9	2025-10-20	0	0	0	0	NULL	NULL
529	REQ-2025-238	16	2026-07-05	1	0	0	0	NULL	NULL
530	REQ-2026-221	10	2026-06-17	1	0	0	0	NULL	NULL
531	REQ-2026-159	3	2025-11-19	0	0	0	0	NULL	NULL
532	REQ-2026-294	9	2026-03-17	0	0	0	0	NULL	NULL
533	REQ-2026-134	1	2026-03-21	1	1	1	1	2026-05-05	45
534	REQ-2025-346	1	2025-09-22	1	0	0	0	NULL	NULL
535	REQ-2026-235	11	2025-11-14	1	1	0	0	NULL	NULL
536	REQ-2026-187	15	2026-06-27	1	1	1	1	2026-08-24	61
537	REQ-2025-203	11	2026-04-11	0	0	0	0	NULL	NULL
538	REQ-2025-276	8	2025-11-12	1	0	0	0	NULL	NULL
539	REQ-2025-207	8	2026-02-19	1	0	0	0	NULL	NULL
540	REQ-2025-288	11	2025-10-06	1	1	1	1	2025-11-16	41
541	REQ-2025-248	7	2026-06-24	1	0	0	0	NULL	NULL
542	REQ-2025-189	14	2026-06-17	0	0	0	0	NULL	NULL
543	REQ-2026-329	4	2026-05-26	1	1	0	0	NULL	NULL
544	REQ-2026-294	15	2026-03-13	0	0	0	0	NULL	NULL
545	REQ-2026-198	3	2026-01-25	1	0	0	0	NULL	NULL
546	REQ-2025-220	3	2025-11-19	1	1	0	0	NULL	NULL
547	REQ-2026-315	5	2025-10-31	0	0	0	0	NULL	NULL
548	REQ-2025-224	10	2025-08-25	1	1	0	0	NULL	NULL
549	REQ-2026-206	10	2025-09-27	0	0	0	0	NULL	NULL
550	REQ-2026-144	11	2026-05-03	1	0	0	0	NULL	NULL
551	REQ-2025-302	14	2026-04-29	1	1	0	0	NULL	NULL
552	REQ-2026-128	5	2026-06-21	0	0	0	0	NULL	NULL
553	REQ-2025-234	5	2026-06-28	0	0	0	0	NULL	NULL
554	REQ-2025-301	8	2025-12-22	1	0	0	0	NULL	NULL
555	REQ-2025-323	15	2026-04-24	1	0	0	0	NULL	NULL
556	REQ-2026-103	4	2026-04-08	0	0	0	0	NULL	NULL
557	REQ-2025-168	7	2026-05-10	1	0	0	0	NULL	NULL
558	REQ-2025-304	4	2025-10-12	1	0	0	0	NULL	NULL
559	REQ-2025-172	10	2026-06-04	1	1	1	0	NULL	NULL
560	REQ-2025-170	6	2026-02-28	1	1	1	0	NULL	NULL
561	REQ-2025-304	16	2026-06-29	1	0	0	0	NULL	NULL
562	NULL	1	2026-01-14	1	1	0	0	NULL	NULL
563	REQ-2025-346	8	2026-05-25	0	0	0	0	NULL	NULL
564	REQ-2025-180	10	2025-08-02	1	0	0	0	NULL	NULL
565	REQ-2026-109	6	2025-11-11	0	0	0	0	NULL	NULL
566	REQ-2025-190	8	2026-04-12	1	1	0	0	NULL	NULL
567	NULL	2	2026-02-26	1	0	0	0	NULL	NULL
568	REQ-2026-131	5	07/15/2026	1	1	1	1	2026-08-16	32
569	REQ-2025-258	16	2026-02-04	0	0	0	0	NULL	NULL
570	REQ-2026-286	5	2026-04-18	0	0	0	0	NULL	NULL
571	REQ-2025-196	15	2026-06-03	0	0	0	0	NULL	NULL
572	REQ-2026-261	12	2026-07-01	1	1	1	1	2026-07-16	15
573	REQ-2025-265	7	2026-01-10	1	0	0	0	NULL	NULL
574	REQ-2026-214	3	2025-10-05	1	1	0	0	NULL	NULL
575	REQ-2025-258	9	2025-08-29	0	0	0	0	NULL	NULL
576	REQ-2026-319	5	2025-08-28	1	0	0	0	NULL	NULL
577	REQ-2025-153	3	2025-10-20	0	0	0	0	NULL	NULL
578	REQ-2025-323	3	2026-06-29	1	0	0	0	NULL	NULL
579	REQ-2026-143	4	2025-08-10	0	0	0	0	NULL	NULL
580	REQ-2025-258	8	2026-07-31	1	1	0	0	NULL	NULL
581	REQ-2026-202	1	2025-10-23	1	1	1	1	2025-11-14	22
582	REQ-2025-146	2	2026-01-09	0	0	0	0	NULL	NULL
583	REQ-2026-197	4	2025-10-07	1	1	0	0	NULL	NULL
584	REQ-2025-307	12	2025-10-31	0	0	0	0	NULL	NULL
585	REQ-2026-159	4	2026-05-31	0	0	0	0	NULL	NULL
586	REQ-2025-330	1	2025-10-24	1	0	0	0	NULL	NULL
587	REQ-2025-325	8	2025-10-21	1	1	0	0	NULL	NULL
588	REQ-2025-292	1	2025-12-21	0	0	0	0	NULL	NULL
589	REQ-2025-248	11	2025-10-30	0	0	0	0	NULL	NULL
590	REQ-2025-108	6	12/26/2025	1	1	0	0	NULL	NULL
591	REQ-2025-171	5	2025-09-21	0	0	0	0	NULL	NULL
592	REQ-2026-217	11	2026-07-02	1	0	0	0	NULL	NULL
593	REQ-2025-326	2	2026-04-23	0	0	0	0	NULL	NULL
594	REQ-2026-351	8	2025-08-14	0	0	0	0	NULL	NULL
595	REQ-2025-234	14	2026-02-06	1	0	0	0	NULL	NULL
596	REQ-2025-240	16	2026-06-20	0	0	0	0	NULL	NULL
597	REQ-2025-196	9	2025-10-30	1	1	0	0	NULL	NULL
598	REQ-2025-228	3	2026-07-07	0	0	0	0	NULL	NULL
599	REQ-2026-200	7	2026-02-03	1	1	0	0	NULL	NULL
600	REQ-2025-207	4	2026-02-20	1	1	1	1	2026-03-24	32
601	REQ-2026-114	10	2026-01-22	1	1	0	0	NULL	NULL
602	REQ-2025-343	15	2026-04-07	1	0	0	0	NULL	NULL
603	REQ-2026-331	14	2025-12-22	1	1	0	0	NULL	NULL
604	REQ-2026-335	8	2026-02-01	1	0	0	0	NULL	NULL
605	REQ-2025-192	8	2026-05-25	0	0	0	0	NULL	NULL
606	REQ-2025-142	15	2026-05-02	0	0	0	0	NULL	NULL
607	REQ-2026-155	11	2026-05-30	0	0	0	0	NULL	NULL
608	REQ-2026-103	11	2026-02-21	1	0	0	0	NULL	NULL
609	REQ-2025-216	9	2025-11-09	0	0	0	0	NULL	NULL
610	REQ-2025-343	10	2025-10-15	1	1	0	0	NULL	NULL
611	REQ-2026-336	10	2026-01-14	0	0	0	0	NULL	NULL
612	REQ-2025-327	12	2025-12-17	1	0	0	0	NULL	NULL
613	REQ-2025-297	16	2025-11-07	1	0	0	0	NULL	NULL
614	REQ-2025-139	10	2026-07-14	1	1	0	0	NULL	NULL
615	REQ-2025-307	11	2025-09-10	1	0	0	0	NULL	NULL
616	REQ-2026-272	4	2026-02-16	1	1	1	1	2026-03-20	32
617	REQ-2026-241	14	2025-09-06	1	1	0	0	NULL	NULL
618	REQ-2026-242	16	2025-12-17	1	0	0	0	NULL	NULL
619	REQ-2025-340	6	2026-02-02	0	0	0	0	NULL	NULL
620	REQ-2026-143	15	2025-10-07	0	0	0	0	NULL	NULL
621	REQ-2025-291	14	2026-07-10	1	1	0	0	NULL	NULL
622	REQ-2026-118	8	2025-08-06	1	0	0	0	NULL	NULL
623	REQ-2025-257	7	2026-07-19	1	0	0	0	NULL	NULL
624	REQ-2026-114	10	2025-10-09	0	0	0	0	NULL	NULL
625	REQ-2026-107	4	2025-11-30	0	0	0	0	NULL	NULL
626	REQ-2026-161	6	2026-04-07	0	0	0	0	NULL	NULL
627	REQ-2025-297	8	08/31/2025	0	0	0	0	NULL	NULL
628	REQ-2026-293	15	2025-12-02	1	0	0	0	NULL	NULL
629	REQ-2025-216	1	2025-08-14	0	0	0	0	NULL	NULL
630	REQ-2025-173	12	2026-01-26	0	0	0	0	NULL	NULL
631	REQ-2026-266	6	2025-09-20	0	0	0	0	NULL	NULL
632	REQ-2026-133	15	2026-06-10	1	1	1	1	2026-08-05	56
633	REQ-2025-297	8	2025-11-22	1	1	0	0	NULL	NULL
634	REQ-2025-289	13	2025-11-10	0	0	0	0	NULL	NULL
635	REQ-2026-217	6	2026-07-15	1	1	1	1	2026-08-07	23
636	REQ-2025-108	8	04/28/2026	0	0	0	0	NULL	NULL
637	REQ-2026-230	10	2025-08-08	1	1	0	0	NULL	NULL
638	REQ-2026-246	11	2026-05-21	1	1	1	1	2026-06-15	25
639	REQ-2026-115	16	2025-08-06	0	0	0	0	NULL	NULL
640	REQ-2026-115	11	2026-06-25	0	0	0	0	NULL	NULL
641	REQ-2026-227	4	2025-10-02	1	0	0	0	NULL	NULL
642	REQ-2025-149	4	2026-03-08	0	0	0	0	NULL	NULL
643	REQ-2026-241	10	2025-12-30	0	0	0	0	NULL	NULL
644	REQ-2025-318	9	2026-04-11	0	0	0	0	NULL	NULL
645	REQ-2025-215	7	2025-11-16	0	0	0	0	NULL	NULL
646	REQ-2026-264	7	2025-08-26	1	1	0	0	NULL	NULL
647	REQ-2026-241	2	2025-11-07	0	0	0	0	NULL	NULL
648	REQ-2026-131	14	2025-09-07	1	0	0	0	NULL	NULL
649	REQ-2026-118	14	2025-11-27	0	0	0	0	NULL	NULL
650	REQ-2025-318	15	2026-06-29	0	0	0	0	NULL	NULL
651	REQ-2026-110	14	2025-11-17	1	1	0	0	NULL	NULL
652	REQ-2025-171	6	2026-03-19	1	0	0	0	NULL	NULL
653	REQ-2025-172	3	2026-06-07	1	1	0	0	NULL	NULL
654	REQ-2025-101	5	2025-12-10	0	0	0	0	NULL	NULL
655	REQ-2025-169	9	2025-09-17	0	0	0	0	NULL	NULL
656	REQ-2026-217	6	2025-09-04	0	0	0	0	NULL	NULL
657	REQ-2025-174	4	2026-02-01	1	0	0	0	NULL	NULL
658	REQ-2025-233	16	2026-07-29	1	1	0	0	NULL	NULL
659	REQ-2026-131	3	2025-11-04	1	1	0	0	NULL	NULL
660	REQ-2025-113	2	2025-11-13	1	0	0	0	NULL	NULL
661	REQ-2026-107	2	2025-10-31	1	1	1	1	2025-12-04	34
662	REQ-2025-333	2	2025-09-06	1	0	0	0	NULL	NULL
663	REQ-2025-106	6	2026-03-09	0	0	0	0	NULL	NULL
664	REQ-2026-237	13	2025-11-24	0	0	0	0	NULL	NULL
665	REQ-2025-212	6	2026-05-14	0	0	0	0	NULL	NULL
666	REQ-2025-177	2	2026-06-20	1	1	0	0	NULL	NULL
667	REQ-2026-210	9	2025-08-26	1	0	0	0	NULL	NULL
668	REQ-2025-160	7	2025-08-29	0	0	0	0	NULL	NULL
669	REQ-2025-175	4	2025-08-29	0	0	0	0	NULL	NULL
670	REQ-2026-201	6	2025-08-18	0	0	0	0	NULL	NULL
671	REQ-2025-312	14	2025-11-22	1	1	1	1	2026-01-08	47
672	REQ-2026-183	10	2025-09-11	1	1	0	0	NULL	NULL
673	REQ-2026-128	9	2026-02-07	1	0	0	0	NULL	NULL
674	REQ-2026-284	12	2026-01-07	1	1	0	0	NULL	NULL
675	REQ-2026-296	4	2025-09-29	0	0	0	0	NULL	NULL
676	REQ-2026-145	15	2026-06-14	1	0	0	0	NULL	NULL
677	REQ-2026-315	2	2026-07-11	0	0	0	0	NULL	NULL
678	REQ-2026-206	12	2025-08-17	0	0	0	0	NULL	NULL
679	REQ-2026-148	8	2026-04-01	0	0	0	0	NULL	NULL
680	REQ-2025-311	15	2025-12-19	0	0	0	0	NULL	NULL
681	REQ-2026-150	3	2026-02-23	0	0	0	0	NULL	NULL
682	REQ-2026-131	14	2025-12-06	0	0	0	0	NULL	NULL
683	REQ-2026-217	8	2026-01-07	1	0	0	0	NULL	NULL
684	REQ-2025-333	4	2025-11-19	1	1	0	0	NULL	NULL
685	REQ-2026-221	5	2026-01-27	1	1	1	0	NULL	NULL
686	REQ-2025-179	7	2025-08-03	0	0	0	0	NULL	NULL
687	REQ-2026-131	12	2026-01-07	1	0	0	0	NULL	NULL
688	REQ-2025-334	15	2025-12-14	1	1	0	0	NULL	NULL
689	REQ-2025-205	11	01/27/2026	0	0	0	0	NULL	NULL
690	REQ-2025-105	3	2025-10-06	1	1	0	0	NULL	NULL
691	REQ-2025-213	5	2026-06-25	1	0	0	0	NULL	NULL
692	REQ-2025-139	13	2026-01-22	1	0	0	0	NULL	NULL
693	REQ-2026-188	10	2025-08-17	0	0	0	0	NULL	NULL
694	REQ-2026-331	1	2026-02-15	0	0	0	0	NULL	NULL
695	REQ-2026-316	2	2026-01-29	1	0	0	0	NULL	NULL
696	REQ-2025-283	10	2025-12-08	0	0	0	0	NULL	NULL
697	REQ-2026-134	7	2026-02-07	1	1	0	0	NULL	NULL
698	REQ-2025-305	12	2026-05-16	1	0	0	0	NULL	NULL
699	REQ-2025-125	4	2026-06-28	1	1	0	0	NULL	NULL
700	REQ-2026-227	4	08/09/2025	1	0	0	0	NULL	NULL
701	REQ-2026-214	2	2026-02-12	0	0	0	0	NULL	NULL
702	REQ-2026-348	11	2025-09-29	1	1	1	1	2025-11-24	56
703	REQ-2025-229	12	2026-05-10	1	1	0	0	NULL	NULL
704	REQ-2025-312	3	2025-11-23	1	1	0	0	NULL	NULL
705	REQ-2026-245	3	2025-11-10	1	0	0	0	NULL	NULL
706	REQ-2026-351	4	07/31/2026	0	0	0	0	NULL	NULL
707	REQ-2026-247	8	2025-12-08	0	0	0	0	NULL	NULL
708	REQ-2025-108	7	2026-04-01	1	1	0	0	NULL	NULL
709	REQ-2026-199	8	2025-11-18	1	0	0	0	NULL	NULL
710	REQ-2026-352	8	2026-01-21	1	0	0	0	NULL	NULL
711	REQ-2026-193	3	2026-02-05	0	0	0	0	NULL	NULL
712	REQ-2025-184	2	2026-05-02	1	0	0	0	NULL	NULL
713	REQ-2026-235	6	2026-07-31	1	0	0	0	NULL	NULL
714	REQ-2025-158	6	2026-02-18	0	0	0	0	NULL	NULL
715	REQ-2026-140	15	2026-03-07	1	1	0	0	NULL	NULL
716	REQ-2026-250	8	2025-08-16	1	0	0	0	NULL	NULL
717	REQ-2026-109	15	2025-12-13	0	0	0	0	NULL	NULL
718	REQ-2026-254	12	2026-02-24	1	0	0	0	NULL	NULL
719	REQ-2025-300	8	2026-05-05	1	0	0	0	NULL	NULL
720	REQ-2026-166	13	2025-11-18	1	1	1	1	2025-12-13	25
721	REQ-2025-184	6	2025-10-08	0	0	0	0	NULL	NULL
722	REQ-2025-283	10	2026-05-26	1	0	0	0	NULL	NULL
723	REQ-2025-208	12	2025-11-12	0	0	0	0	NULL	NULL
724	REQ-2025-323	14	08/11/2025	0	0	0	0	NULL	NULL
725	REQ-2026-219	2	2025-10-27	1	0	0	0	NULL	NULL
726	REQ-2025-240	3	2026-05-26	1	1	0	0	NULL	NULL
727	REQ-2026-293	6	2026-06-29	1	0	0	0	NULL	NULL
728	REQ-2026-253	16	2026-03-28	1	1	0	0	NULL	NULL
729	REQ-2025-125	14	2026-06-09	0	0	0	0	NULL	NULL
730	REQ-2026-230	11	2025-09-10	1	0	0	0	NULL	NULL
731	REQ-2026-166	2	2026-07-17	0	0	0	0	NULL	NULL
732	REQ-2025-190	9	2026-03-17	1	0	0	0	NULL	NULL
733	REQ-2025-337	12	2025-09-01	0	0	0	0	NULL	NULL
734	REQ-2025-289	15	2026-02-16	0	0	0	0	NULL	NULL
735	REQ-2025-156	9	2025-11-16	1	1	0	0	NULL	NULL
736	REQ-2025-205	9	2026-03-09	0	0	0	0	NULL	NULL
737	REQ-2025-288	16	2026-01-04	1	0	0	0	NULL	NULL
738	REQ-2025-240	8	2026-03-21	0	0	0	0	NULL	NULL
739	REQ-2025-112	16	2025-10-22	1	0	0	0	NULL	NULL
740	REQ-2025-209	15	2025-12-02	1	1	0	0	NULL	NULL
741	REQ-2026-290	4	11/09/2025	0	0	0	0	NULL	NULL
742	REQ-2025-189	2	2025-10-27	1	0	0	0	NULL	NULL
743	REQ-2025-129	16	2025-08-13	1	0	0	0	NULL	NULL
744	REQ-2025-265	16	2025-12-24	0	0	0	0	NULL	NULL
745	REQ-2025-165	14	2026-01-18	1	1	0	0	NULL	NULL
746	REQ-2025-225	7	2025-08-24	0	0	0	0	NULL	NULL
747	REQ-2026-157	11	2025-09-19	0	0	0	0	NULL	NULL
748	REQ-2025-325	3	2025-11-15	1	0	0	0	NULL	NULL
749	REQ-2025-105	14	2026-04-14	1	1	0	0	NULL	NULL
750	REQ-2026-210	16	2025-11-29	1	0	0	0	NULL	NULL
751	REQ-2025-349	5	2025-10-20	1	1	0	0	NULL	NULL
752	REQ-2026-344	11	2026-03-05	1	0	0	0	NULL	NULL
753	REQ-2025-257	8	2026-01-22	1	1	0	0	NULL	NULL
754	REQ-2025-239	3	2026-05-24	1	1	0	0	NULL	NULL
755	REQ-2026-140	9	2025-11-26	1	1	0	0	NULL	NULL
756	REQ-2025-225	5	2026-06-01	0	0	0	0	NULL	NULL
757	REQ-2025-239	14	2026-02-13	1	0	0	0	NULL	NULL
758	REQ-2025-162	7	2026-03-18	0	0	0	0	NULL	NULL
759	REQ-2025-255	7	2025-11-02	1	0	0	0	NULL	NULL
760	REQ-2026-230	11	2026-01-22	0	0	0	0	NULL	NULL
761	REQ-2026-303	1	2025-11-12	1	1	1	1	2026-01-12	61
762	REQ-2026-107	7	2026-04-22	1	0	0	0	NULL	NULL
763	REQ-2025-215	11	2026-04-29	1	0	0	0	NULL	NULL
764	REQ-2026-269	7	2025-10-25	0	0	0	0	NULL	NULL
765	REQ-2025-279	2	2026-06-29	0	0	0	0	NULL	NULL
766	REQ-2025-339	4	2026-03-21	1	1	0	0	NULL	NULL
767	REQ-2025-283	15	2026-04-26	0	0	0	0	NULL	NULL
768	REQ-2025-295	12	2025-09-09	1	0	0	0	NULL	NULL
769	REQ-2026-247	9	2026-05-18	0	0	0	0	NULL	NULL
770	REQ-2025-169	10	2026-02-03	1	0	0	0	NULL	NULL
771	REQ-2026-181	4	2025-11-06	1	0	0	0	NULL	NULL
772	REQ-2026-226	15	2026-04-01	1	1	0	0	NULL	NULL
773	REQ-2025-324	15	2026-03-27	0	0	0	0	NULL	NULL
774	REQ-2025-262	8	2025-09-20	0	0	0	0	NULL	NULL
775	REQ-2026-348	10	2026-02-01	0	0	0	0	NULL	NULL
776	REQ-2026-348	11	2026-07-20	1	1	0	0	NULL	NULL
777	REQ-2025-122	13	2026-05-05	1	1	1	1	2026-06-11	37
778	REQ-2025-260	14	2025-09-24	0	0	0	0	NULL	NULL
779	REQ-2026-245	13	2025-11-22	0	0	0	0	NULL	NULL
780	REQ-2025-137	2	04/24/2026	1	0	0	0	NULL	NULL
781	REQ-2025-180	1	2026-05-08	0	0	0	0	NULL	NULL
782	REQ-2026-287	7	2025-10-28	0	0	0	0	NULL	NULL
783	REQ-2025-347	1	2026-01-20	1	1	0	0	NULL	NULL
784	REQ-2025-169	16	2025-08-03	1	1	0	0	NULL	NULL
785	REQ-2025-167	15	2025-10-31	1	0	0	0	NULL	NULL
786	REQ-2025-129	4	2026-01-27	0	0	0	0	NULL	NULL
787	REQ-2026-261	3	2026-01-06	0	0	0	0	NULL	NULL
788	REQ-2025-208	11	2026-03-30	0	0	0	0	NULL	NULL
789	REQ-2026-235	8	2026-05-14	1	1	0	0	NULL	NULL
790	REQ-2025-228	3	2026-03-03	1	0	0	0	NULL	NULL
791	REQ-2026-199	12	03/29/2026	1	0	0	0	NULL	NULL
792	REQ-2025-112	1	2026-01-29	1	1	0	0	NULL	NULL
793	REQ-2026-144	4	2025-12-12	0	0	0	0	NULL	NULL
794	REQ-2025-311	4	09/20/2025	1	0	0	0	NULL	NULL
795	REQ-2025-129	5	2026-07-17	0	0	0	0	NULL	NULL
796	REQ-2026-118	3	2026-06-10	1	1	1	1	2026-07-19	39
797	REQ-2025-216	5	2025-12-09	1	0	0	0	NULL	NULL
798	REQ-2025-126	11	2026-03-18	1	1	1	0	NULL	NULL
799	REQ-2025-222	2	2025-09-30	1	0	0	0	NULL	NULL
800	REQ-2025-222	2	2026-02-03	0	0	0	0	NULL	NULL
801	REQ-2026-202	15	2025-08-29	1	0	0	0	NULL	NULL
802	REQ-2026-143	16	2026-03-09	0	0	0	0	NULL	NULL
803	REQ-2026-159	8	2026-02-17	0	0	0	0	NULL	NULL
804	REQ-2026-200	11	2026-06-25	1	0	0	0	NULL	NULL
805	REQ-2025-207	10	2025-12-13	1	0	0	0	NULL	NULL
806	REQ-2025-228	10	2026-05-29	1	1	1	1	2026-07-06	38
807	REQ-2026-286	7	2025-12-10	1	1	0	0	NULL	NULL
808	REQ-2025-260	6	2026-04-18	0	0	0	0	NULL	NULL
809	REQ-2025-258	13	2025-12-25	1	0	0	0	NULL	NULL
810	REQ-2026-242	11	2026-01-25	1	1	1	1	2026-03-06	40
811	REQ-2025-346	3	2026-07-26	1	0	0	0	NULL	NULL
812	REQ-2025-213	16	2025-12-10	0	0	0	0	NULL	NULL
813	REQ-2025-146	15	2025-08-09	1	0	0	0	NULL	NULL
814	REQ-2025-349	4	2026-01-27	0	0	0	0	NULL	NULL
815	REQ-2026-299	2	2026-02-01	1	1	1	1	2026-03-21	48
816	REQ-2026-294	8	2026-07-29	0	0	0	0	NULL	NULL
817	REQ-2025-265	1	2025-12-31	1	0	0	0	NULL	NULL
818	REQ-2026-188	10	2026-07-02	1	0	0	0	NULL	NULL
819	REQ-2026-132	11	2025-12-23	1	1	1	0	NULL	NULL
820	REQ-2026-293	14	2026-06-18	0	0	0	0	NULL	NULL
821	REQ-2026-270	15	2025-09-29	0	0	0	0	NULL	NULL
822	REQ-2026-166	8	2025-11-03	0	0	0	0	NULL	NULL
823	REQ-2026-253	15	2026-06-18	1	0	0	0	NULL	NULL
824	REQ-2026-115	10	2026-02-14	0	0	0	0	NULL	NULL
825	REQ-2026-211	10	2026-07-04	0	0	0	0	NULL	NULL
826	REQ-2026-286	7	2025-11-24	1	0	0	0	NULL	NULL
827	REQ-2026-195	4	2026-05-07	1	0	0	0	NULL	NULL
828	REQ-2025-306	7	2025-10-31	0	0	0	0	NULL	NULL
829	REQ-2026-131	4	2025-09-09	1	1	1	1	2025-10-03	24
830	REQ-2026-202	7	2026-05-31	1	0	0	0	NULL	NULL
831	REQ-2025-158	13	2026-02-24	0	0	0	0	NULL	NULL
832	REQ-2025-170	3	2026-07-03	0	0	0	0	NULL	NULL
833	REQ-2025-213	4	2026-03-07	1	1	0	0	NULL	NULL
834	REQ-2025-151	5	09/08/2025	0	0	0	0	NULL	NULL
835	REQ-2026-110	4	2026-03-06	0	0	0	0	NULL	NULL
836	REQ-2025-321	15	2026-05-11	1	0	0	0	NULL	NULL
837	REQ-2025-288	14	2026-07-06	0	0	0	0	NULL	NULL
838	REQ-2026-331	2	2026-01-15	0	0	0	0	NULL	NULL
839	REQ-2026-116	9	2026-04-19	1	1	0	0	NULL	NULL
840	REQ-2026-199	10	2025-08-29	1	0	0	0	NULL	NULL
841	REQ-2026-286	8	2026-05-30	1	0	0	0	NULL	NULL
842	REQ-2026-111	6	2026-01-08	1	0	0	0	NULL	NULL
843	REQ-2025-283	7	2025-08-18	1	0	0	0	NULL	NULL
844	REQ-2026-290	3	2026-01-05	0	0	0	0	NULL	NULL
845	REQ-2025-313	9	2025-08-23	0	0	0	0	NULL	NULL
846	REQ-2025-178	4	2026-01-01	1	0	0	0	NULL	NULL
847	REQ-2026-284	6	2025-11-13	1	1	0	0	NULL	NULL
848	REQ-2025-297	13	2025-10-01	1	1	0	0	NULL	NULL
849	REQ-2026-181	8	2026-04-29	0	0	0	0	NULL	NULL
850	REQ-2026-103	12	2026-02-18	1	0	0	0	NULL	NULL
851	REQ-2026-261	8	2026-03-14	0	0	0	0	NULL	NULL
852	REQ-2026-133	5	2026-07-23	1	1	0	0	NULL	NULL
853	REQ-2025-337	3	2025-09-08	1	0	0	0	NULL	NULL
854	REQ-2025-324	11	2026-07-25	0	0	0	0	NULL	NULL
855	REQ-2026-181	3	2025-09-23	0	0	0	0	NULL	NULL
856	REQ-2026-204	12	2026-07-18	1	1	1	1	2026-08-24	62
857	REQ-2025-285	4	2025-11-24	0	0	0	0	NULL	NULL
858	REQ-2025-244	12	2025-12-10	0	0	0	0	NULL	NULL
859	REQ-2026-111	6	2026-07-09	1	0	0	0	NULL	NULL
860	REQ-2025-160	16	2025-10-10	0	0	0	0	NULL	NULL
861	REQ-2025-125	15	2026-05-01	0	0	0	0	NULL	NULL
862	REQ-2026-273	4	2026-01-15	0	0	0	0	NULL	NULL
863	REQ-2026-163	6	2026-06-19	0	0	0	0	NULL	NULL
864	REQ-2026-147	15	2026-01-04	1	1	1	1	2026-02-03	30
865	REQ-2026-296	10	2026-03-19	0	0	0	0	NULL	NULL
866	REQ-2026-247	8	2025-11-17	1	0	0	0	NULL	NULL
867	REQ-2025-190	2	2026-03-07	1	0	0	0	NULL	NULL
868	REQ-2025-257	15	2026-03-19	1	0	0	0	NULL	NULL
869	REQ-2025-178	10	2026-02-08	1	0	0	0	NULL	NULL
870	NULL	2	2026-04-07	0	0	0	0	NULL	NULL
871	REQ-2026-157	2	2026-04-16	0	0	0	0	NULL	NULL
872	REQ-2025-341	12	2025-10-29	0	0	0	0	NULL	NULL
873	REQ-2026-249	13	2026-02-16	1	1	1	1	2026-04-05	48
874	REQ-2025-339	13	2026-02-09	0	0	0	0	NULL	NULL
875	REQ-2025-268	2	2026-05-03	0	0	0	0	NULL	NULL
876	REQ-2025-117	10	2025-09-12	0	0	0	0	NULL	NULL
877	REQ-2026-195	6	2025-08-24	0	0	0	0	NULL	NULL
878	REQ-2025-350	4	2026-05-03	1	0	0	0	NULL	NULL
879	REQ-2026-310	14	03/20/2026	0	0	0	0	NULL	NULL
880	REQ-2025-167	12	2026-05-02	1	0	0	0	NULL	NULL
881	REQ-2026-299	9	2025-10-04	1	1	1	0	NULL	NULL
882	REQ-2025-170	5	2025-08-19	0	0	0	0	NULL	NULL
883	REQ-2025-285	14	2026-07-23	1	0	0	0	NULL	NULL
884	REQ-2025-306	4	2026-01-18	1	1	1	1	2026-02-05	18
885	REQ-2026-166	14	2025-10-06	0	0	0	0	NULL	NULL
886	REQ-2025-333	5	2026-07-17	1	0	0	0	NULL	NULL
887	REQ-2026-219	4	2025-10-01	0	0	0	0	NULL	NULL
888	NULL	3	2026-07-16	1	1	1	1	2026-08-10	25
889	REQ-2026-345	5	2025-12-20	0	0	0	0	NULL	NULL
890	REQ-2025-123	14	2026-07-24	0	0	0	0	NULL	NULL
891	REQ-2025-334	2	06/08/2026	1	1	1	1	2026-07-05	27
892	REQ-2025-332	1	2025-11-22	1	0	0	0	NULL	NULL
893	REQ-2025-215	4	2025-10-18	1	1	1	1	2025-11-12	25
894	REQ-2026-161	14	2025-09-28	0	0	0	0	NULL	NULL
895	REQ-2025-340	15	2025-09-25	1	1	0	0	NULL	NULL
896	REQ-2025-180	14	2026-06-28	1	0	0	0	NULL	NULL
897	REQ-2025-153	15	2026-06-30	1	0	0	0	NULL	NULL
898	REQ-2025-268	14	2026-04-24	0	0	0	0	NULL	NULL
899	REQ-2025-339	10	2026-04-23	0	0	0	0	NULL	NULL
900	REQ-2026-214	14	2026-02-14	1	1	0	0	NULL	NULL
901	REQ-2026-259	13	2026-07-03	1	0	0	0	NULL	NULL
902	REQ-2025-212	2	2026-05-02	1	1	1	1	2026-05-18	16
903	REQ-2025-180	9	2026-02-10	1	0	0	0	NULL	NULL
904	REQ-2025-300	5	2025-10-26	1	1	0	0	NULL	NULL
905	REQ-2025-105	13	2026-05-09	0	0	0	0	NULL	NULL
906	REQ-2025-160	16	2025-12-12	1	1	0	0	NULL	NULL
907	REQ-2025-258	6	2026-01-07	0	0	0	0	NULL	NULL
908	REQ-2026-107	12	2025-10-25	1	0	0	0	NULL	NULL
909	REQ-2025-279	5	2025-10-27	0	0	0	0	NULL	NULL
910	REQ-2025-149	3	2025-09-14	0	0	0	0	NULL	NULL
911	REQ-2025-233	15	2025-11-24	1	0	0	0	NULL	NULL
912	REQ-2025-209	10	2026-01-28	1	1	1	1	2026-03-06	37
913	REQ-2025-192	16	2026-07-02	0	0	0	0	NULL	NULL
914	REQ-2025-297	3	2026-07-13	1	1	1	1	2026-07-28	15
915	REQ-2025-104	3	2025-11-18	1	0	0	0	NULL	NULL
916	REQ-2026-193	15	2025-10-21	1	0	0	0	NULL	NULL
917	REQ-2026-282	1	2026-01-31	1	1	0	0	NULL	NULL
918	REQ-2026-272	14	2025-08-07	0	0	0	0	NULL	NULL
919	REQ-2025-342	8	2025-08-01	0	0	0	0	NULL	NULL
920	REQ-2026-230	15	2026-05-07	1	0	0	0	NULL	NULL
921	REQ-2025-339	5	2025-11-04	0	0	0	0	NULL	NULL
922	REQ-2025-173	6	2025-09-26	1	1	0	0	NULL	NULL
923	REQ-2025-156	1	2026-06-13	1	1	1	0	NULL	NULL
924	REQ-2025-234	7	2025-10-13	0	0	0	0	NULL	NULL
925	REQ-2026-331	5	2026-05-04	1	0	0	0	NULL	NULL
926	REQ-2025-289	3	2025-12-21	1	1	1	1	2026-02-04	45
927	REQ-2026-118	4	2025-09-07	1	1	0	0	NULL	NULL
928	REQ-2025-334	1	2026-04-30	1	0	0	0	NULL	NULL
929	REQ-2026-338	13	2025-08-25	1	0	0	0	NULL	NULL
930	REQ-2026-193	4	2025-11-11	1	0	0	0	NULL	NULL
931	REQ-2026-235	5	2026-07-17	1	0	0	0	NULL	NULL
932	REQ-2025-123	15	2026-07-28	1	1	0	0	NULL	NULL
933	REQ-2025-222	11	2025-08-07	0	0	0	0	NULL	NULL
934	REQ-2025-108	2	2026-01-19	0	0	0	0	NULL	NULL
935	REQ-2026-121	14	2025-10-25	0	0	0	0	NULL	NULL
936	REQ-2025-156	4	2025-11-19	0	0	0	0	NULL	NULL
937	REQ-2026-322	1	2026-05-03	0	0	0	0	NULL	NULL
938	REQ-2026-335	1	2025-11-07	1	1	0	0	NULL	NULL
939	REQ-2025-339	10	02/23/2026	1	0	0	0	NULL	NULL
940	REQ-2026-319	6	2025-09-20	1	1	0	0	NULL	NULL
941	REQ-2025-233	16	2026-04-04	1	0	0	0	NULL	NULL
942	REQ-2026-246	15	2025-09-22	0	0	0	0	NULL	NULL
943	REQ-2026-145	6	2025-10-08	1	0	0	0	NULL	NULL
944	REQ-2025-173	14	2026-06-22	0	0	0	0	NULL	NULL
945	REQ-2025-339	7	2025-09-06	1	0	0	0	NULL	NULL
946	REQ-2025-225	6	2026-06-21	1	1	0	0	NULL	NULL
947	REQ-2026-254	4	2026-07-04	0	0	0	0	NULL	NULL
948	REQ-2026-144	3	2026-05-11	1	0	0	0	NULL	NULL
949	REQ-2026-133	12	2025-12-31	0	0	0	0	NULL	NULL
950	REQ-2025-122	15	2025-12-21	0	0	0	0	NULL	NULL
951	REQ-2025-342	8	2026-07-24	1	0	0	0	NULL	NULL
952	REQ-2025-151	1	2026-07-11	1	1	1	1	2026-08-24	54
953	REQ-2025-172	10	2026-07-19	1	1	0	0	NULL	NULL
954	REQ-2025-122	1	2026-07-14	1	0	0	0	NULL	NULL
955	REQ-2026-261	11	2025-08-11	1	0	0	0	NULL	NULL
956	REQ-2026-227	6	2026-01-09	0	0	0	0	NULL	NULL
957	REQ-2026-299	4	2026-02-14	1	0	0	0	NULL	NULL
958	REQ-2025-117	4	2026-02-26	0	0	0	0	NULL	NULL
959	REQ-2025-340	12	2025-11-21	0	0	0	0	NULL	NULL
960	REQ-2026-273	5	2026-05-06	1	0	0	0	NULL	NULL
961	REQ-2025-169	4	2026-05-08	1	1	0	0	NULL	NULL
962	REQ-2026-143	14	2026-02-06	0	0	0	0	NULL	NULL
963	REQ-2025-326	15	2025-09-12	0	0	0	0	NULL	NULL
964	REQ-2025-274	8	2026-01-26	0	0	0	0	NULL	NULL
965	REQ-2025-117	1	2025-12-27	1	0	0	0	NULL	NULL
966	REQ-2026-245	13	2026-03-26	1	0	0	0	NULL	NULL
967	REQ-2025-263	4	2026-05-23	1	0	0	0	NULL	NULL
968	REQ-2025-208	5	2025-12-27	1	0	0	0	NULL	NULL
969	REQ-2025-349	4	2026-05-28	0	0	0	0	NULL	NULL
970	REQ-2025-325	7	2025-10-10	1	1	0	0	NULL	NULL
971	REQ-2026-202	13	2026-04-20	1	0	0	0	NULL	NULL
972	REQ-2025-172	15	2026-03-13	1	0	0	0	NULL	NULL
973	REQ-2025-288	5	2026-06-19	1	0	0	0	NULL	NULL
974	REQ-2026-145	2	2025-11-11	1	0	0	0	NULL	NULL
975	REQ-2025-243	12	2025-10-29	1	1	0	0	NULL	NULL
976	REQ-2026-211	13	2026-06-06	1	1	1	1	2026-08-08	63
977	REQ-2025-184	6	2026-03-15	0	0	0	0	NULL	NULL
978	REQ-2025-325	7	2026-05-21	1	1	1	1	2026-06-21	31
979	NULL	4	2025-10-07	1	1	0	0	NULL	NULL
980	REQ-2025-129	2	2026-03-04	1	0	0	0	NULL	NULL
981	REQ-2026-290	9	2025-10-05	1	0	0	0	NULL	NULL
982	REQ-2026-217	1	2025-08-02	1	0	0	0	NULL	NULL
983	REQ-2026-293	11	2026-03-14	1	0	0	0	NULL	NULL
984	REQ-2025-260	4	2026-03-07	0	0	0	0	NULL	NULL
985	REQ-2025-257	4	2025-11-20	0	0	0	0	NULL	NULL
986	REQ-2026-254	9	2026-06-01	1	1	0	0	NULL	NULL
987	REQ-2025-252	5	2025-12-16	1	0	0	0	NULL	NULL
988	REQ-2025-342	15	2026-05-11	1	0	0	0	NULL	NULL
989	REQ-2025-343	14	2026-02-09	0	0	0	0	NULL	NULL
990	REQ-2026-199	3	2025-11-09	1	1	1	1	2025-12-07	28
991	REQ-2026-287	15	2025-09-14	0	0	0	0	NULL	NULL
992	REQ-2025-146	5	2026-02-24	0	0	0	0	NULL	NULL
993	REQ-2025-323	16	2026-01-27	1	0	0	0	NULL	NULL
994	REQ-2026-198	9	2026-05-21	0	0	0	0	NULL	NULL
995	REQ-2026-183	6	2026-02-17	1	0	0	0	NULL	NULL
996	REQ-2025-342	14	2026-05-31	0	0	0	0	NULL	NULL
997	REQ-2025-112	6	2026-05-02	0	0	0	0	NULL	NULL
998	REQ-2025-178	2	2025-12-03	1	0	0	0	NULL	NULL
999	REQ-2026-348	12	2026-06-24	1	1	0	0	NULL	NULL
1000	REQ-2025-207	12	2025-10-16	1	1	0	0	NULL	NULL
1001	REQ-2025-236	5	2025-10-13	0	0	0	0	NULL	NULL
1002	REQ-2026-259	4	2025-08-12	0	0	0	0	NULL	NULL
1003	REQ-2026-273	2	2026-06-16	1	1	0	0	NULL	NULL
1004	REQ-2025-288	9	2026-03-10	0	0	0	0	NULL	NULL
1005	REQ-2026-166	5	2025-09-22	0	0	0	0	NULL	NULL
1006	REQ-2026-103	4	2025-12-11	0	0	0	0	NULL	NULL
1007	REQ-2026-235	1	2026-05-23	0	0	0	0	NULL	NULL
1008	REQ-2025-152	12	2026-06-17	1	0	0	0	NULL	NULL
1009	REQ-2026-206	10	2025-09-06	1	1	0	0	NULL	NULL
1010	REQ-2026-245	1	2026-05-18	1	1	0	0	NULL	NULL
1011	REQ-2025-257	11	2025-10-13	0	0	0	0	NULL	NULL
1012	REQ-2025-164	3	2025-12-15	1	0	0	0	NULL	NULL
1013	REQ-2025-234	2	2026-02-05	0	0	0	0	NULL	NULL
1014	REQ-2026-310	1	2026-01-01	0	0	0	0	NULL	NULL
1015	REQ-2025-101	1	2026-03-14	0	0	0	0	NULL	NULL
1016	REQ-2026-193	2	2026-02-13	0	0	0	0	NULL	NULL
1017	REQ-2026-163	12	2026-07-01	1	0	0	0	NULL	NULL
1018	REQ-2026-163	15	2025-11-07	1	0	0	0	NULL	NULL
1019	REQ-2025-256	15	2026-02-18	1	0	0	0	NULL	NULL
1020	REQ-2026-272	14	2026-04-26	1	0	0	0	NULL	NULL
1021	REQ-2025-283	8	2026-01-31	0	0	0	0	NULL	NULL
1022	REQ-2026-118	3	2026-04-15	0	0	0	0	NULL	NULL
1023	REQ-2025-149	13	2026-01-09	1	1	1	1	2026-02-02	24
1024	REQ-2026-185	3	2026-05-17	0	0	0	0	NULL	NULL
1025	REQ-2025-213	4	2026-07-04	1	0	0	0	NULL	NULL
1026	REQ-2026-273	10	2025-08-13	1	0	0	0	NULL	NULL
1027	REQ-2025-124	1	2026-06-10	0	0	0	0	NULL	NULL
1028	REQ-2026-107	7	2025-11-29	1	0	0	0	NULL	NULL
1029	REQ-2025-182	6	2026-05-02	1	0	0	0	NULL	NULL
1030	REQ-2026-193	8	2025-12-22	1	0	0	0	NULL	NULL
1031	REQ-2025-300	2	2025-12-24	0	0	0	0	NULL	NULL
1032	REQ-2025-223	2	2025-11-28	0	0	0	0	NULL	NULL
1033	REQ-2026-191	7	2026-04-22	0	0	0	0	NULL	NULL
1034	REQ-2025-135	2	2026-05-26	0	0	0	0	NULL	NULL
1035	REQ-2025-215	2	2026-05-29	1	0	0	0	NULL	NULL
1036	REQ-2025-268	2	2026-05-06	0	0	0	0	NULL	NULL
1037	REQ-2025-268	1	2026-07-25	0	0	0	0	NULL	NULL
1038	REQ-2025-343	12	2026-01-23	0	0	0	0	NULL	NULL
1039	REQ-2025-209	10	2026-01-17	1	0	0	0	NULL	NULL
1040	REQ-2025-108	12	2025-09-22	1	0	0	0	NULL	NULL
1041	REQ-2026-143	8	2026-02-22	1	0	0	0	NULL	NULL
1042	REQ-2026-293	14	2025-08-18	1	0	0	0	NULL	NULL
1043	REQ-2025-175	16	2026-01-15	1	0	0	0	NULL	NULL
1044	REQ-2026-138	4	2026-02-19	0	0	0	0	NULL	NULL
1045	REQ-2025-209	15	2026-05-01	0	0	0	0	NULL	NULL
1046	REQ-2025-341	6	2025-10-24	0	0	0	0	NULL	NULL
1047	REQ-2025-265	15	2026-07-11	1	0	0	0	NULL	NULL
1048	REQ-2025-129	16	2025-10-29	0	0	0	0	NULL	NULL
1049	REQ-2025-333	1	2026-04-03	1	0	0	0	NULL	NULL
1050	REQ-2025-215	13	2025-12-19	0	0	0	0	NULL	NULL
1051	REQ-2026-115	8	2026-03-03	0	0	0	0	NULL	NULL
1052	REQ-2025-225	10	2026-02-25	1	0	0	0	NULL	NULL
1053	REQ-2026-309	3	2026-06-27	1	0	0	0	NULL	NULL
1054	REQ-2026-219	2	2025-11-08	0	0	0	0	NULL	NULL
1055	REQ-2026-148	9	2026-06-01	0	0	0	0	NULL	NULL
1056	REQ-2026-245	6	2025-09-04	1	1	0	0	NULL	NULL
1057	REQ-2025-343	2	2026-06-03	1	0	0	0	NULL	NULL
1058	REQ-2025-244	5	2025-09-12	1	1	0	0	NULL	NULL
1059	REQ-2025-126	13	2026-06-12	0	0	0	0	NULL	NULL
1060	REQ-2026-309	16	2025-09-15	1	1	0	0	NULL	NULL
1061	REQ-2026-261	9	2026-01-23	0	0	0	0	NULL	NULL
1062	REQ-2026-147	3	2025-11-03	0	0	0	0	NULL	NULL
1063	REQ-2026-132	15	2026-05-30	0	0	0	0	NULL	NULL
1064	REQ-2025-213	10	2026-05-10	0	0	0	0	NULL	NULL
1065	REQ-2026-315	10	2026-06-08	1	1	1	0	NULL	NULL
1066	REQ-2025-102	7	2025-09-07	0	0	0	0	NULL	NULL
1067	REQ-2026-284	7	2026-03-23	1	0	0	0	NULL	NULL
1068	REQ-2026-310	7	2026-03-26	1	1	1	1	2026-05-23	58
1069	REQ-2025-300	16	2026-03-19	1	0	0	0	NULL	NULL
1070	REQ-2025-137	4	2026-01-25	1	0	0	0	NULL	NULL
1071	REQ-2025-314	15	2026-02-19	1	1	1	1	2026-03-23	32
1072	REQ-2026-217	13	2026-06-29	1	0	0	0	NULL	NULL
1073	REQ-2025-280	7	2025-08-10	1	0	0	0	NULL	NULL
1074	REQ-2026-161	15	2026-02-22	0	0	0	0	NULL	NULL
1075	REQ-2025-196	2	2026-05-06	1	0	0	0	NULL	NULL
1076	REQ-2026-130	14	2025-11-16	0	0	0	0	NULL	NULL
1077	REQ-2025-177	15	2026-04-02	0	0	0	0	NULL	NULL
1078	REQ-2026-249	6	2026-01-12	1	1	1	1	2026-01-26	14
1079	REQ-2026-197	16	2026-07-10	0	0	0	0	NULL	NULL
1080	REQ-2025-220	6	2026-05-18	0	0	0	0	NULL	NULL
1081	REQ-2026-338	10	2026-04-14	0	0	0	0	NULL	NULL
1082	REQ-2026-204	8	2026-06-23	1	0	0	0	NULL	NULL
1083	REQ-2026-273	14	2025-11-07	1	0	0	0	NULL	NULL
1084	REQ-2026-159	10	2025-08-10	0	0	0	0	NULL	NULL
1085	REQ-2026-199	9	2026-01-18	1	0	0	0	NULL	NULL
1086	REQ-2026-118	11	09/05/2025	1	1	0	0	NULL	NULL
1087	REQ-2025-117	8	2025-12-13	0	0	0	0	NULL	NULL
1088	REQ-2026-251	2	2026-04-17	1	0	0	0	NULL	NULL
1089	REQ-2026-322	7	2026-01-09	1	1	0	0	NULL	NULL
1090	REQ-2025-325	9	2026-06-11	0	0	0	0	NULL	NULL
1091	REQ-2025-180	6	01/08/2026	0	0	0	0	NULL	NULL
1092	REQ-2025-311	2	2025-12-14	0	0	0	0	NULL	NULL
1093	REQ-2026-253	2	2026-02-11	0	0	0	0	NULL	NULL
1094	REQ-2026-214	12	2025-12-04	1	0	0	0	NULL	NULL
1095	REQ-2026-232	7	2026-03-19	1	1	0	0	NULL	NULL
1096	REQ-2025-350	5	01/22/2026	1	1	0	0	NULL	NULL
1097	REQ-2026-145	16	2026-03-21	1	0	0	0	NULL	NULL
1098	REQ-2026-254	4	2025-09-09	1	0	0	0	NULL	NULL
1099	REQ-2026-344	14	2026-01-04	0	0	0	0	NULL	NULL
1100	REQ-2025-263	9	02/08/2026	0	0	0	0	NULL	NULL
1101	REQ-2026-163	16	2026-03-08	0	0	0	0	NULL	NULL
1102	REQ-2026-310	3	2026-01-22	0	0	0	0	NULL	NULL
1103	REQ-2025-238	5	2025-12-24	0	0	0	0	NULL	NULL
1104	REQ-2025-205	13	2026-02-18	1	0	0	0	NULL	NULL
1105	REQ-2025-175	1	2025-10-07	1	0	0	0	NULL	NULL
1106	REQ-2025-104	9	2026-05-14	0	0	0	0	NULL	NULL
1107	REQ-2025-172	1	2025-09-06	1	1	0	0	NULL	NULL
1108	REQ-2025-137	14	2026-02-11	0	0	0	0	NULL	NULL
1109	REQ-2025-160	12	2025-08-07	1	0	0	0	NULL	NULL
1110	REQ-2026-308	11	2026-06-23	1	1	0	0	NULL	NULL
1111	REQ-2026-115	12	2026-07-17	0	0	0	0	NULL	NULL
1112	REQ-2025-213	11	2026-04-23	0	0	0	0	NULL	NULL
1113	REQ-2026-261	7	2025-11-22	0	0	0	0	NULL	NULL
1114	REQ-2026-227	12	2026-07-18	1	0	0	0	NULL	NULL
1115	REQ-2025-233	5	2026-01-03	0	0	0	0	NULL	NULL
1116	REQ-2025-346	7	2025-10-09	0	0	0	0	NULL	NULL
1117	REQ-2026-199	1	2026-04-16	1	1	0	0	NULL	NULL
1118	REQ-2025-177	11	2026-01-07	0	0	0	0	NULL	NULL
1119	REQ-2026-187	8	2025-12-28	1	1	0	0	NULL	NULL
1120	REQ-2025-125	1	2026-06-27	1	1	0	0	NULL	NULL
1121	REQ-2025-223	11	2025-09-01	0	0	0	0	NULL	NULL
1122	REQ-2026-107	16	2025-12-12	0	0	0	0	NULL	NULL
1123	REQ-2026-191	15	2026-05-09	1	1	0	0	NULL	NULL
1124	REQ-2026-199	13	2026-06-10	0	0	0	0	NULL	NULL
1125	REQ-2025-135	1	2026-05-09	1	1	0	0	NULL	NULL
1126	REQ-2025-135	2	2026-04-05	0	0	0	0	NULL	NULL
1127	REQ-2025-265	9	2026-04-21	1	1	0	0	NULL	NULL
1128	REQ-2025-137	2	08/31/2025	1	0	0	0	NULL	NULL
1129	REQ-2026-227	7	2025-08-08	1	0	0	0	NULL	NULL
1130	REQ-2026-166	10	2026-02-25	1	0	0	0	NULL	NULL
1131	REQ-2025-213	12	2025-08-13	1	1	0	0	NULL	NULL
1132	REQ-2026-111	6	2025-12-01	0	0	0	0	NULL	NULL
1133	REQ-2025-298	13	2026-06-08	1	0	0	0	NULL	NULL
1134	REQ-2026-316	13	2026-04-20	1	0	0	0	NULL	NULL
1135	REQ-2026-103	6	2026-04-21	1	0	0	0	NULL	NULL
1136	REQ-2026-269	7	2025-11-06	0	0	0	0	NULL	NULL
1137	REQ-2026-352	10	2026-01-08	1	0	0	0	NULL	NULL
1138	REQ-2026-286	14	2026-02-06	1	0	0	0	NULL	NULL
1139	REQ-2025-234	15	2025-11-15	0	0	0	0	NULL	NULL
1140	REQ-2025-220	2	2026-07-10	1	0	0	0	NULL	NULL
1141	REQ-2025-280	1	2026-05-21	1	0	0	0	NULL	NULL
1142	REQ-2025-350	16	2026-04-07	1	1	0	0	NULL	NULL
1143	REQ-2026-133	13	2026-05-14	0	0	0	0	NULL	NULL
1144	REQ-2025-257	1	2025-11-24	0	0	0	0	NULL	NULL
1145	REQ-2026-284	3	2025-08-06	1	0	0	0	NULL	NULL
1146	REQ-2025-229	14	2026-05-20	0	0	0	0	NULL	NULL
1147	REQ-2026-206	4	2026-05-24	1	0	0	0	NULL	NULL
1148	REQ-2025-228	2	2025-10-28	1	1	0	0	NULL	NULL
1149	REQ-2025-292	2	2026-03-26	0	0	0	0	NULL	NULL
1150	REQ-2025-223	7	2026-04-11	1	1	0	0	NULL	NULL
1151	REQ-2026-286	9	2025-11-11	1	0	0	0	NULL	NULL
1152	REQ-2025-139	9	2026-05-21	1	0	0	0	NULL	NULL
1153	REQ-2026-114	4	2026-03-29	1	1	0	0	NULL	NULL
1154	REQ-2025-257	11	2025-09-07	1	1	0	0	NULL	NULL
1155	REQ-2025-137	7	2025-08-23	1	1	0	0	NULL	NULL
1156	REQ-2025-208	1	2026-05-19	1	0	0	0	NULL	NULL
1157	REQ-2025-156	9	2026-02-23	1	0	0	0	NULL	NULL
1158	REQ-2025-174	11	2025-10-13	1	1	1	1	2025-12-08	56
1159	REQ-2025-216	11	2026-02-03	1	1	0	0	NULL	NULL
1160	REQ-2026-232	12	2025-10-31	0	0	0	0	NULL	NULL
1161	REQ-2025-321	7	2026-07-11	1	0	0	0	NULL	NULL
1162	REQ-2026-147	6	2026-03-04	0	0	0	0	NULL	NULL
1163	REQ-2025-341	16	2026-04-15	0	0	0	0	NULL	NULL
1164	REQ-2026-266	10	06/23/2026	0	0	0	0	NULL	NULL
1165	REQ-2026-250	10	2025-09-10	0	0	0	0	NULL	NULL
1166	REQ-2025-318	14	2026-07-17	1	1	0	0	NULL	NULL
1167	REQ-2025-281	10	2025-11-21	0	0	0	0	NULL	NULL
1168	REQ-2026-140	11	2026-04-13	0	0	0	0	NULL	NULL
1169	REQ-2025-177	7	2026-05-17	1	1	0	0	NULL	NULL
1170	REQ-2025-298	12	2025-08-10	1	0	0	0	NULL	NULL
1171	REQ-2026-148	10	2026-02-18	0	0	0	0	NULL	NULL
1172	REQ-2025-112	4	2026-04-18	0	0	0	0	NULL	NULL
1173	REQ-2025-184	14	2026-05-06	1	0	0	0	NULL	NULL
1174	REQ-2026-245	5	2025-12-28	1	1	1	1	2026-01-30	33
1175	REQ-2026-266	2	2026-04-07	1	0	0	0	NULL	NULL
1176	REQ-2026-202	13	2026-07-21	1	0	0	0	NULL	NULL
1177	REQ-2025-324	13	2025-10-17	1	0	0	0	NULL	NULL
1178	REQ-2025-340	16	2026-04-22	1	0	0	0	NULL	NULL
1179	REQ-2025-225	15	2026-03-11	0	0	0	0	NULL	NULL
1180	REQ-2026-296	6	2026-01-14	0	0	0	0	NULL	NULL
1181	REQ-2025-313	16	2025-10-26	0	0	0	0	NULL	NULL
1182	REQ-2025-321	13	2025-08-31	0	0	0	0	NULL	NULL
1183	REQ-2025-240	11	2026-06-25	1	0	0	0	NULL	NULL
1184	REQ-2026-199	1	2025-09-28	0	0	0	0	NULL	NULL
1185	REQ-2025-203	11	2025-10-14	0	0	0	0	NULL	NULL
1186	REQ-2025-152	7	2026-01-06	1	0	0	0	NULL	NULL
1187	REQ-2025-146	5	2025-10-09	0	0	0	0	NULL	NULL
1188	REQ-2025-177	4	2025-11-03	1	1	0	0	NULL	NULL
1189	REQ-2025-244	8	2026-04-12	1	0	0	0	NULL	NULL
1190	REQ-2025-313	12	2026-04-11	1	0	0	0	NULL	NULL
1191	REQ-2025-334	1	2026-02-17	0	0	0	0	NULL	NULL
1192	REQ-2026-147	7	2026-03-20	1	1	0	0	NULL	NULL
1193	REQ-2025-149	6	2026-01-31	1	0	0	0	NULL	NULL
1194	REQ-2025-164	15	11/19/2025	0	0	0	0	NULL	NULL
1195	REQ-2026-351	2	2026-03-12	0	0	0	0	NULL	NULL
1196	REQ-2026-138	4	2026-02-25	1	0	0	0	NULL	NULL
1197	REQ-2025-295	10	2026-02-04	0	0	0	0	NULL	NULL
1198	REQ-2025-101	11	2025-08-16	1	0	0	0	NULL	NULL
1199	REQ-2025-179	2	2026-04-26	1	0	0	0	NULL	NULL
1200	REQ-2025-142	3	2025-11-08	0	0	0	0	NULL	NULL
1201	REQ-2026-303	7	2026-01-05	0	0	0	0	NULL	NULL
1202	REQ-2025-347	5	2026-04-12	0	0	0	0	NULL	NULL
1203	REQ-2026-320	14	2025-11-06	1	0	0	0	NULL	NULL
1204	REQ-2026-116	1	2026-01-07	0	0	0	0	NULL	NULL
1205	REQ-2025-135	3	2026-01-15	1	0	0	0	NULL	NULL
1206	REQ-2025-182	6	02/22/2026	0	0	0	0	NULL	NULL
1207	REQ-2025-180	7	09/05/2025	1	1	1	1	2025-09-19	14
1208	REQ-2026-317	11	2025-10-09	0	0	0	0	NULL	NULL
1209	REQ-2025-208	5	03/06/2026	0	0	0	0	NULL	NULL
1210	REQ-2025-324	6	2026-03-06	0	0	0	0	NULL	NULL
1211	REQ-2025-160	13	2026-01-25	1	0	0	0	NULL	NULL
1212	REQ-2025-172	14	2026-06-24	0	0	0	0	NULL	NULL
1213	REQ-2026-127	9	2025-08-24	0	0	0	0	NULL	NULL
1214	REQ-2025-146	7	2025-10-07	0	0	0	0	NULL	NULL
1215	REQ-2025-122	5	2025-12-22	1	0	0	0	NULL	NULL
1216	REQ-2026-348	11	2026-05-24	1	1	1	1	2026-07-15	52
1217	REQ-2025-129	5	2026-05-30	0	0	0	0	NULL	NULL
1218	REQ-2026-254	4	01/09/2026	0	0	0	0	NULL	NULL
1219	REQ-2026-133	8	2026-03-14	0	0	0	0	NULL	NULL
1220	REQ-2025-168	11	2026-04-02	0	0	0	0	NULL	NULL
1221	REQ-2025-350	6	2026-04-22	0	0	0	0	NULL	NULL
1222	REQ-2025-297	11	2026-01-24	1	1	0	0	NULL	NULL
1223	REQ-2025-291	12	2025-12-30	0	0	0	0	NULL	NULL
1224	REQ-2026-299	11	2026-03-28	1	1	0	0	NULL	NULL
1225	REQ-2026-317	15	2025-10-12	1	0	0	0	NULL	NULL
1226	REQ-2025-208	12	2026-02-20	0	0	0	0	NULL	NULL
1227	REQ-2026-226	12	05/23/2026	0	0	0	0	NULL	NULL
1228	REQ-2026-132	11	2026-07-29	1	1	0	0	NULL	NULL
1229	REQ-2026-138	13	2026-07-17	0	0	0	0	NULL	NULL
1230	REQ-2025-341	12	2026-06-19	1	0	0	0	NULL	NULL
1231	REQ-2025-212	15	2026-06-07	1	0	0	0	NULL	NULL
1232	REQ-2026-230	6	2026-06-25	0	0	0	0	NULL	NULL
1233	REQ-2026-130	5	2026-05-25	0	0	0	0	NULL	NULL
1234	REQ-2026-148	7	2026-04-12	1	1	0	0	NULL	NULL
1235	REQ-2026-133	8	2026-07-28	1	0	0	0	NULL	NULL
1236	REQ-2025-186	10	2025-11-17	1	1	0	0	NULL	NULL
1237	REQ-2025-162	7	2026-04-09	1	0	0	0	NULL	NULL
1238	REQ-2026-191	9	2025-11-10	1	1	1	1	2025-12-17	37
1239	REQ-2026-282	7	2025-10-08	1	0	0	0	NULL	NULL
1240	REQ-2026-344	1	2026-03-01	1	0	0	0	NULL	NULL
1241	REQ-2025-240	11	2025-11-27	0	0	0	0	NULL	NULL
1242	REQ-2026-345	9	2026-07-22	0	0	0	0	NULL	NULL
1243	REQ-2025-101	15	2026-01-29	1	0	0	0	NULL	NULL
1244	REQ-2025-248	6	2025-08-02	1	0	0	0	NULL	NULL
1245	REQ-2025-216	10	2025-09-21	1	1	0	0	NULL	NULL
1246	REQ-2025-113	11	2025-12-01	0	0	0	0	NULL	NULL
1247	REQ-2025-339	9	2025-10-12	1	0	0	0	NULL	NULL
1248	REQ-2025-327	16	2026-03-31	1	0	0	0	NULL	NULL
1249	REQ-2026-226	9	2025-10-14	1	0	0	0	NULL	NULL
1250	REQ-2025-205	4	2025-12-09	1	0	0	0	NULL	NULL
1251	REQ-2026-111	13	2026-03-01	0	0	0	0	NULL	NULL
1252	REQ-2025-256	11	2025-09-16	1	1	0	0	NULL	NULL
1253	REQ-2025-252	9	2026-02-05	1	1	0	0	NULL	NULL
1254	REQ-2025-129	10	2026-07-22	1	0	0	0	NULL	NULL
1255	REQ-2026-127	11	2025-12-22	1	0	0	0	NULL	NULL
1256	REQ-2026-109	14	2026-07-21	1	1	1	1	2026-08-24	65
1257	REQ-2025-300	1	2025-09-22	1	1	1	1	2025-11-07	46
1258	REQ-2025-240	5	2026-03-03	0	0	0	0	NULL	NULL
1259	NULL	6	2026-06-05	1	1	0	0	NULL	NULL
1260	REQ-2025-180	2	2026-04-27	1	0	0	0	NULL	NULL
1261	REQ-2025-333	8	2026-05-23	1	0	0	0	NULL	NULL
1262	REQ-2026-200	3	2026-04-21	1	0	0	0	NULL	NULL
1263	REQ-2026-245	15	2026-06-19	1	1	0	0	NULL	NULL
1264	REQ-2025-281	7	2026-07-12	1	0	0	0	NULL	NULL
1265	REQ-2025-339	12	2026-07-20	1	0	0	0	NULL	NULL
1266	REQ-2025-218	10	2025-10-08	1	1	0	0	NULL	NULL
1267	REQ-2025-122	13	2026-05-21	0	0	0	0	NULL	NULL
1268	REQ-2026-273	13	2025-10-21	1	1	0	0	NULL	NULL
1269	REQ-2026-107	7	2026-01-03	0	0	0	0	NULL	NULL
1270	REQ-2026-261	14	2026-07-06	1	1	1	1	2026-08-06	31
1271	REQ-2025-327	9	04/17/2026	0	0	0	0	NULL	NULL
1272	REQ-2026-293	14	2025-11-28	1	1	1	1	2026-01-04	37
1273	REQ-2026-200	13	2026-05-09	1	1	1	1	2026-05-29	20
1274	REQ-2025-228	9	2026-05-09	1	1	0	0	NULL	NULL
1275	REQ-2025-234	8	2025-09-28	0	0	0	0	NULL	NULL
1276	REQ-2026-309	8	2025-11-04	0	0	0	0	NULL	NULL
1277	REQ-2025-332	13	2025-12-25	0	0	0	0	NULL	NULL
1278	REQ-2025-289	3	2026-01-18	1	1	0	0	NULL	NULL
1279	REQ-2026-198	2	2026-04-25	1	0	0	0	NULL	NULL
1280	REQ-2026-272	16	2026-07-29	0	0	0	0	NULL	NULL
1281	REQ-2026-202	16	2026-06-02	1	0	0	0	NULL	NULL
1282	REQ-2025-112	15	2025-09-18	1	0	0	0	NULL	NULL
1283	REQ-2025-164	16	2025-12-21	0	0	0	0	NULL	NULL
1284	REQ-2026-293	13	2025-09-28	0	0	0	0	NULL	NULL
1285	REQ-2025-179	1	2026-02-16	1	1	0	0	NULL	NULL
1286	REQ-2025-337	10	2026-06-01	1	1	0	0	NULL	NULL
1287	REQ-2026-331	15	2026-02-18	0	0	0	0	NULL	NULL
1288	REQ-2025-307	14	2025-10-09	0	0	0	0	NULL	NULL
1289	REQ-2026-310	8	2026-05-14	0	0	0	0	NULL	NULL
1290	REQ-2025-182	14	2026-03-09	0	0	0	0	NULL	NULL
1291	REQ-2025-168	6	2025-10-04	0	0	0	0	NULL	NULL
1292	REQ-2026-143	2	2025-12-29	0	0	0	0	NULL	NULL
1293	REQ-2025-173	13	2026-01-15	0	0	0	0	NULL	NULL
1294	REQ-2026-119	3	2025-10-18	0	0	0	0	NULL	NULL
1295	REQ-2026-246	16	2025-08-03	0	0	0	0	NULL	NULL
1296	REQ-2025-196	7	2026-06-13	0	0	0	0	NULL	NULL
1297	REQ-2025-156	10	2025-11-04	1	1	0	0	NULL	NULL
1298	REQ-2025-341	14	2026-02-28	0	0	0	0	NULL	NULL
1299	REQ-2026-163	8	2026-02-26	1	0	0	0	NULL	NULL
1300	REQ-2025-223	4	2025-09-17	1	0	0	0	NULL	NULL
1301	REQ-2026-264	5	2026-01-22	1	1	0	0	NULL	NULL
1302	REQ-2026-351	16	2026-07-16	0	0	0	0	NULL	NULL
1303	REQ-2026-259	12	2026-06-07	1	0	0	0	NULL	NULL
1304	REQ-2026-309	6	2025-08-29	0	0	0	0	NULL	NULL
1305	REQ-2025-160	16	2026-05-09	0	0	0	0	NULL	NULL
1306	REQ-2025-168	16	2025-12-10	1	1	0	0	NULL	NULL
1307	REQ-2025-233	9	2025-09-10	1	1	0	0	NULL	NULL
1308	REQ-2026-219	12	2025-10-30	0	0	0	0	NULL	NULL
1309	REQ-2026-331	4	2026-03-14	1	1	0	0	NULL	NULL
1310	REQ-2025-123	9	2025-08-04	0	0	0	0	NULL	NULL
1311	REQ-2025-324	15	2026-03-02	1	0	0	0	NULL	NULL
1312	REQ-2026-132	5	2025-12-22	1	1	1	1	2026-01-15	24
1313	REQ-2026-198	1	2025-09-21	1	0	0	0	NULL	NULL
1314	REQ-2026-141	14	2026-02-04	1	0	0	0	NULL	NULL
1315	REQ-2026-266	10	2026-01-30	0	0	0	0	NULL	NULL
1316	REQ-2026-211	11	2026-03-16	0	0	0	0	NULL	NULL
1317	REQ-2025-205	9	2026-04-18	0	0	0	0	NULL	NULL
1318	REQ-2026-109	9	2026-01-03	0	0	0	0	NULL	NULL
1319	REQ-2026-316	9	2025-12-20	1	0	0	0	NULL	NULL
1320	REQ-2025-162	9	2025-08-12	0	0	0	0	NULL	NULL
1321	REQ-2025-168	12	2026-03-08	1	0	0	0	NULL	NULL
1322	REQ-2026-159	7	11/13/2025	1	0	0	0	NULL	NULL
1323	REQ-2025-288	16	2026-02-02	0	0	0	0	NULL	NULL
1324	REQ-2026-253	8	2026-06-25	1	1	0	0	NULL	NULL
1325	REQ-2025-173	12	2026-06-21	1	0	0	0	NULL	NULL
1326	REQ-2026-273	5	2025-09-13	1	0	0	0	NULL	NULL
1327	REQ-2026-111	2	2026-03-01	1	0	0	0	NULL	NULL
1328	REQ-2025-312	12	2025-08-25	1	1	0	0	NULL	NULL
1329	REQ-2025-164	6	2026-04-14	0	0	0	0	NULL	NULL
1330	REQ-2025-337	10	2026-06-09	1	0	0	0	NULL	NULL
1331	REQ-2025-208	14	2026-04-16	1	1	0	0	NULL	NULL
1332	NULL	8	2026-03-27	1	0	0	0	NULL	NULL
1333	REQ-2025-268	9	2025-08-05	0	0	0	0	NULL	NULL
1334	REQ-2025-216	7	2025-10-17	0	0	0	0	NULL	NULL
1335	REQ-2026-134	14	2025-10-11	1	0	0	0	NULL	NULL
1336	REQ-2025-276	2	2025-09-03	1	0	0	0	NULL	NULL
1337	REQ-2025-180	13	2026-01-11	0	0	0	0	NULL	NULL
1338	REQ-2026-294	16	2026-06-24	0	0	0	0	NULL	NULL
1339	REQ-2025-184	14	2025-11-23	0	0	0	0	NULL	NULL
1340	REQ-2025-220	3	2026-07-07	1	1	1	1	2026-08-24	49
1341	REQ-2026-348	6	2026-02-14	1	1	0	0	NULL	NULL
1342	REQ-2025-339	7	2025-12-22	1	1	0	0	NULL	NULL
1343	REQ-2025-102	12	2025-12-29	1	0	0	0	NULL	NULL
1344	REQ-2026-150	4	2026-05-14	1	0	0	0	NULL	NULL
1345	REQ-2026-221	8	2025-08-18	0	0	0	0	NULL	NULL
1346	REQ-2025-314	8	2026-04-28	1	0	0	0	NULL	NULL
1347	REQ-2025-126	16	09/26/2025	1	0	0	0	NULL	NULL
1348	REQ-2025-327	13	2025-11-17	1	0	0	0	NULL	NULL
1349	REQ-2026-254	5	2025-11-17	1	1	1	1	2025-12-13	26
1350	REQ-2026-328	10	2025-10-08	1	1	0	0	NULL	NULL
1351	REQ-2026-132	8	2025-11-15	1	0	0	0	NULL	NULL
1352	REQ-2026-119	8	2025-10-24	0	0	0	0	NULL	NULL
1353	REQ-2025-113	12	2025-09-06	0	0	0	0	NULL	NULL
1354	REQ-2026-199	1	2026-03-06	1	1	1	1	04/28/2026	53
1355	REQ-2025-276	12	2025-09-27	1	0	0	0	NULL	NULL
1356	NULL	3	2026-07-22	1	1	0	0	NULL	NULL
1357	REQ-2026-266	3	2025-09-29	0	0	0	0	NULL	NULL
1358	REQ-2026-204	13	2025-09-16	1	0	0	0	NULL	NULL
1359	REQ-2025-274	4	2025-12-16	1	0	0	0	NULL	NULL
1360	REQ-2025-313	4	2025-10-05	0	0	0	0	NULL	NULL
1361	REQ-2026-261	7	04/05/2026	0	0	0	0	NULL	NULL
1362	REQ-2025-135	16	2026-02-25	0	0	0	0	NULL	NULL
1363	REQ-2026-103	13	2026-02-26	1	0	0	0	NULL	NULL
1364	REQ-2025-333	14	2026-04-20	1	0	0	0	NULL	NULL
1365	REQ-2025-257	4	2026-01-10	0	0	0	0	NULL	NULL
1366	REQ-2025-102	13	2025-12-13	0	0	0	0	NULL	NULL
1367	REQ-2025-325	3	2026-07-25	1	0	0	0	NULL	NULL
1368	REQ-2025-205	7	2026-02-12	1	0	0	0	NULL	NULL
1369	REQ-2025-255	8	2026-05-31	1	0	0	0	NULL	NULL
1370	REQ-2026-331	10	2026-01-23	1	1	0	0	NULL	NULL
1371	REQ-2025-263	13	2026-05-08	1	1	0	0	NULL	NULL
1372	REQ-2025-177	6	03/12/2026	0	0	0	0	NULL	NULL
1373	REQ-2025-339	4	2025-11-14	1	1	0	0	NULL	NULL
1374	REQ-2025-222	3	2025-11-30	1	1	0	0	NULL	NULL
1375	REQ-2026-299	10	06/25/2026	0	0	0	0	NULL	NULL
1376	REQ-2026-317	9	2026-05-13	0	0	0	0	NULL	NULL
1377	REQ-2025-332	8	2026-02-05	1	1	1	0	NULL	NULL
1378	REQ-2026-261	14	2026-05-26	1	1	1	0	NULL	NULL
1379	REQ-2025-149	15	2025-10-26	1	0	0	0	NULL	NULL
1380	REQ-2026-328	1	2026-02-08	1	1	0	0	NULL	NULL
1381	REQ-2025-175	13	2025-10-13	1	1	1	1	2025-11-01	19
1382	REQ-2026-144	7	2026-06-05	1	1	0	0	NULL	NULL
1383	REQ-2025-169	4	03/25/2026	1	1	1	1	2026-04-14	20
1384	REQ-2025-243	9	2026-06-08	0	0	0	0	NULL	NULL
1385	REQ-2026-121	8	2026-05-22	1	0	0	0	NULL	NULL
1386	REQ-2026-127	10	2025-08-31	1	1	0	0	NULL	NULL
1387	REQ-2026-227	8	2026-07-08	0	0	0	0	NULL	NULL
1388	REQ-2025-306	7	2025-10-20	1	0	0	0	NULL	NULL
1389	REQ-2025-304	2	2026-01-25	0	0	0	0	NULL	NULL
1390	REQ-2025-300	11	2026-03-21	0	0	0	0	NULL	NULL
1391	REQ-2026-116	9	2025-10-21	0	0	0	0	NULL	NULL
1392	REQ-2025-182	1	2025-08-23	1	1	1	1	2025-09-14	22
1393	REQ-2025-207	14	2025-09-26	0	0	0	0	NULL	NULL
1394	REQ-2025-289	8	2026-04-11	1	0	0	0	NULL	NULL
1395	REQ-2025-346	7	2025-09-14	1	1	0	0	NULL	NULL
1396	REQ-2026-266	16	2026-02-24	1	1	0	0	NULL	NULL
1397	REQ-2025-244	9	01/22/2026	0	0	0	0	NULL	NULL
1398	REQ-2025-281	12	2026-02-04	1	0	0	0	NULL	NULL
1399	REQ-2025-300	12	2026-06-08	0	0	0	0	NULL	NULL
1400	NULL	7	2025-09-03	1	1	0	0	NULL	NULL
1401	REQ-2025-152	2	2025-10-31	1	0	0	0	NULL	NULL
1402	REQ-2025-225	4	2026-03-21	1	1	0	0	NULL	NULL
1403	REQ-2026-309	15	2026-02-23	1	0	0	0	NULL	NULL
1404	REQ-2025-238	14	2026-04-06	1	1	1	1	2026-06-06	61
1405	REQ-2025-347	6	2026-03-09	1	0	0	0	NULL	NULL
1406	REQ-2026-200	12	2026-04-14	0	0	0	0	NULL	NULL
1407	REQ-2025-349	4	2025-09-13	1	0	0	0	NULL	NULL
1408	REQ-2025-276	13	2026-06-26	0	0	0	0	NULL	NULL
1409	REQ-2025-347	5	2025-12-30	1	1	1	1	2026-01-13	14
1410	REQ-2026-319	13	2026-03-07	0	0	0	0	NULL	NULL
1411	REQ-2025-113	2	2025-09-19	1	1	0	0	NULL	NULL
1412	NULL	9	2026-04-23	1	0	0	0	NULL	NULL
1413	REQ-2026-202	8	2025-08-18	1	0	0	0	NULL	NULL
1414	REQ-2025-104	9	2026-03-30	0	0	0	0	NULL	NULL
1415	REQ-2025-184	14	2025-09-13	1	0	0	0	NULL	NULL
1416	REQ-2025-142	15	2026-06-08	0	0	0	0	NULL	NULL
1417	REQ-2026-214	13	2026-07-15	0	0	0	0	NULL	NULL
1418	REQ-2025-122	5	2026-01-27	0	0	0	0	NULL	NULL
1419	REQ-2025-178	14	2026-07-11	1	0	0	0	NULL	NULL
1420	REQ-2025-278	3	2026-07-14	0	0	0	0	NULL	NULL
1421	REQ-2026-331	10	2025-12-22	1	1	1	1	2026-02-21	61
1422	REQ-2025-139	7	2026-01-25	1	0	0	0	NULL	NULL
1423	REQ-2025-258	9	2026-06-16	1	0	0	0	NULL	NULL
1424	REQ-2025-311	10	2026-05-23	1	0	0	0	NULL	NULL
1425	REQ-2025-306	3	2026-04-20	1	0	0	0	NULL	NULL
1426	REQ-2025-268	16	2026-02-07	0	0	0	0	NULL	NULL
1427	REQ-2026-217	14	2026-04-04	1	1	0	0	NULL	NULL
1428	REQ-2026-335	15	12/06/2025	1	1	1	1	2026-01-10	35
1429	REQ-2026-261	8	2025-10-17	1	1	0	0	NULL	NULL
1430	REQ-2026-132	2	2026-03-26	1	1	0	0	NULL	NULL
1431	REQ-2025-291	3	2026-01-25	0	0	0	0	NULL	NULL
1432	REQ-2026-103	6	2025-12-17	1	0	0	0	NULL	NULL
1433	REQ-2025-333	8	07/29/2026	0	0	0	0	NULL	NULL
1434	REQ-2026-317	7	2025-09-27	1	1	0	0	NULL	NULL
1435	REQ-2025-236	12	2025-11-01	0	0	0	0	NULL	NULL
1436	REQ-2026-348	5	2026-06-07	0	0	0	0	NULL	NULL
1437	REQ-2025-170	1	2025-12-19	0	0	0	0	NULL	NULL
1438	REQ-2025-169	13	2026-06-21	1	0	0	0	NULL	NULL
1439	REQ-2025-297	5	2025-11-21	1	0	0	0	NULL	NULL
1440	REQ-2026-270	8	2026-03-09	0	0	0	0	NULL	NULL
1441	REQ-2026-232	5	2026-06-29	0	0	0	0	NULL	NULL
1442	REQ-2025-276	4	2026-03-08	1	1	0	0	NULL	NULL
1443	REQ-2025-347	1	2025-11-15	0	0	0	0	NULL	NULL
1444	REQ-2025-333	10	2025-12-13	0	0	0	0	NULL	NULL
1445	REQ-2026-138	14	2025-12-18	0	0	0	0	NULL	NULL
1446	REQ-2025-158	4	2026-05-31	1	0	0	0	NULL	NULL
1447	REQ-2026-148	8	2025-12-25	0	0	0	0	NULL	NULL
1448	REQ-2025-257	4	2026-01-14	0	0	0	0	NULL	NULL
1449	REQ-2026-198	2	2025-10-07	1	1	1	1	2025-11-25	49
1450	REQ-2025-278	10	2026-02-28	1	1	0	0	NULL	NULL
1451	REQ-2026-145	10	2026-07-12	0	0	0	0	NULL	NULL
1452	REQ-2026-335	12	2026-06-08	1	0	0	0	NULL	NULL
1453	REQ-2025-243	2	2026-07-08	0	0	0	0	NULL	NULL
1454	REQ-2026-128	5	2025-12-13	1	1	1	0	NULL	NULL
1455	REQ-2025-243	13	2025-08-20	1	0	0	0	NULL	NULL
1456	REQ-2025-153	14	2026-04-12	1	1	0	0	NULL	NULL
1457	REQ-2025-151	12	2026-06-13	0	0	0	0	NULL	NULL
1458	REQ-2025-326	14	2025-10-13	1	1	0	0	NULL	NULL
1459	REQ-2025-350	1	2026-04-06	1	0	0	0	NULL	NULL
1460	REQ-2026-193	8	2026-04-23	1	0	0	0	NULL	NULL
1461	REQ-2025-190	1	2026-05-08	0	0	0	0	NULL	NULL
1462	REQ-2026-193	5	2026-06-28	1	0	0	0	NULL	NULL
1463	REQ-2025-255	11	2025-09-04	1	1	0	0	NULL	NULL
1464	REQ-2026-272	8	2026-01-21	1	0	0	0	NULL	NULL
1465	REQ-2026-211	14	2026-01-01	1	0	0	0	NULL	NULL
1466	REQ-2025-173	16	2025-10-17	0	0	0	0	NULL	NULL
1467	REQ-2026-338	12	2026-03-12	1	0	0	0	NULL	NULL
1468	REQ-2025-101	3	2026-04-14	0	0	0	0	NULL	NULL
1469	REQ-2025-170	11	2026-03-15	0	0	0	0	NULL	NULL
1470	REQ-2026-269	4	2025-09-20	0	0	0	0	NULL	NULL
1471	REQ-2026-103	15	2026-05-16	1	0	0	0	NULL	NULL
1472	REQ-2025-276	3	2025-12-10	1	0	0	0	NULL	NULL
1473	REQ-2026-282	15	2026-02-14	1	1	0	0	NULL	NULL
1474	REQ-2025-223	16	2026-02-11	1	1	0	0	NULL	NULL
1475	REQ-2026-328	13	2026-03-15	0	0	0	0	NULL	NULL
1476	REQ-2026-141	3	2025-08-06	0	0	0	0	NULL	NULL
1477	REQ-2026-185	15	2026-01-07	0	0	0	0	NULL	NULL
1478	REQ-2025-292	8	2025-09-20	0	0	0	0	NULL	NULL
1479	REQ-2025-295	10	2025-11-06	0	0	0	0	NULL	NULL
1480	REQ-2025-234	14	2025-10-10	1	0	0	0	NULL	NULL
1481	REQ-2026-259	5	2025-11-28	1	1	0	0	NULL	NULL
1482	REQ-2025-190	8	2026-07-07	1	0	0	0	NULL	NULL
1483	REQ-2025-112	1	2025-10-03	1	0	0	0	NULL	NULL
1484	REQ-2025-276	8	2025-11-08	1	0	0	0	NULL	NULL
1485	REQ-2025-300	12	2026-04-13	1	0	0	0	NULL	NULL
1486	REQ-2026-144	9	2025-12-12	1	0	0	0	NULL	NULL
1487	REQ-2026-132	1	2026-03-25	1	0	0	0	NULL	NULL
1488	REQ-2025-324	13	2025-12-04	0	0	0	0	NULL	NULL
1489	REQ-2026-115	5	2026-05-02	1	1	0	0	NULL	NULL
1490	REQ-2026-336	16	2026-01-18	0	0	0	0	NULL	NULL
1491	REQ-2026-237	9	2026-03-10	1	1	0	0	NULL	NULL
1492	REQ-2025-171	16	2026-03-04	1	0	0	0	NULL	NULL
1493	REQ-2025-288	4	2025-12-10	1	1	0	0	NULL	NULL
1494	REQ-2026-200	11	2026-02-08	1	0	0	0	NULL	NULL
1495	REQ-2026-319	6	2026-07-15	0	0	0	0	NULL	NULL
1496	REQ-2025-122	13	2025-11-29	0	0	0	0	NULL	NULL
1497	REQ-2026-273	2	2025-11-04	0	0	0	0	NULL	NULL
1498	REQ-2025-179	11	2025-08-02	1	1	0	0	NULL	NULL
1499	REQ-2025-324	10	2026-05-31	1	0	0	0	NULL	NULL
1500	REQ-2025-342	4	2025-10-21	1	0	0	0	NULL	NULL
1501	REQ-2025-106	15	2025-09-05	0	0	0	0	NULL	NULL
1502	REQ-2026-277	3	2025-11-05	0	0	0	0	NULL	NULL
1503	REQ-2025-120	7	2025-11-25	0	0	0	0	NULL	NULL
1504	REQ-2026-109	1	2025-11-24	0	0	0	0	NULL	NULL
1505	REQ-2025-311	13	2026-06-12	0	0	0	0	NULL	NULL
1506	REQ-2026-241	3	2025-10-14	0	0	0	0	NULL	NULL
1507	REQ-2026-227	13	2026-06-12	1	1	1	1	2026-07-04	22
1508	REQ-2026-261	5	2026-07-31	0	0	0	0	NULL	NULL
1509	REQ-2026-319	6	2026-07-11	0	0	0	0	NULL	NULL
1510	REQ-2025-248	9	2026-07-10	1	1	0	0	NULL	NULL
1511	REQ-2025-278	13	2025-09-23	1	0	0	0	NULL	NULL
1512	REQ-2026-264	16	2026-03-30	1	1	0	0	NULL	NULL
1513	REQ-2025-281	15	2025-08-21	1	1	1	0	NULL	NULL
1514	REQ-2025-229	2	2026-06-08	1	1	0	0	NULL	NULL
1515	REQ-2026-197	8	2026-02-17	1	1	1	1	2026-03-31	42
1516	REQ-2026-110	14	05/21/2026	1	0	0	0	NULL	NULL
1517	REQ-2025-203	13	2026-01-12	1	0	0	0	NULL	NULL
1518	REQ-2026-331	15	2026-04-12	0	0	0	0	NULL	NULL
1519	REQ-2025-334	10	2026-02-04	0	0	0	0	NULL	NULL
1520	REQ-2025-274	11	2026-04-08	1	0	0	0	NULL	NULL
1521	REQ-2025-330	3	2025-11-02	1	1	0	0	NULL	NULL
1522	REQ-2025-279	4	2026-06-16	0	0	0	0	NULL	NULL
1523	REQ-2025-224	2	2025-12-15	1	0	0	0	NULL	NULL
1524	REQ-2025-178	13	2026-01-03	1	1	0	0	NULL	NULL
1525	REQ-2025-218	9	2025-10-09	0	0	0	0	NULL	NULL
1526	REQ-2025-123	2	2026-06-10	1	0	0	0	NULL	NULL
1527	REQ-2026-290	3	2026-03-20	1	1	1	1	2026-05-08	49
1528	REQ-2025-162	5	2025-10-14	1	0	0	0	NULL	NULL
1529	NULL	16	2025-10-12	0	0	0	0	NULL	NULL
1530	REQ-2026-131	3	2026-04-25	0	0	0	0	NULL	NULL
1531	REQ-2026-267	12	2025-12-16	1	1	0	0	NULL	NULL
1532	REQ-2025-177	13	2026-02-14	1	0	0	0	NULL	NULL
1533	REQ-2026-159	8	2026-06-28	0	0	0	0	NULL	NULL
1534	REQ-2026-133	11	2025-11-19	0	0	0	0	NULL	NULL
1535	REQ-2026-317	14	2025-12-04	1	0	0	0	NULL	NULL
1536	REQ-2025-175	12	2026-07-15	1	0	0	0	NULL	NULL
1537	REQ-2026-247	7	2025-08-17	1	0	0	0	NULL	NULL
1538	REQ-2025-229	8	2026-05-01	1	1	1	0	NULL	NULL
1539	REQ-2026-237	10	2026-03-05	0	0	0	0	NULL	NULL
1540	REQ-2026-226	9	2026-04-01	1	0	0	0	NULL	NULL
1541	REQ-2025-151	13	2026-04-15	0	0	0	0	NULL	NULL
1542	REQ-2025-234	1	2025-10-17	1	0	0	0	NULL	NULL
1543	REQ-2026-103	10	2025-10-31	0	0	0	0	NULL	NULL
1544	REQ-2026-253	5	2026-05-09	1	0	0	0	NULL	NULL
1545	REQ-2025-124	5	2026-03-08	0	0	0	0	NULL	NULL
1546	REQ-2026-109	15	2026-02-02	0	0	0	0	NULL	NULL
1547	REQ-2026-116	11	2026-06-18	1	0	0	0	NULL	NULL
1548	REQ-2025-164	6	2025-09-20	1	1	0	0	NULL	NULL
1549	REQ-2026-221	14	2025-11-21	0	0	0	0	NULL	NULL
1550	REQ-2026-287	1	11/16/2025	0	0	0	0	NULL	NULL
1551	REQ-2026-221	5	2025-08-14	0	0	0	0	NULL	NULL
1552	REQ-2026-103	12	2026-04-30	1	0	0	0	NULL	NULL
1553	REQ-2026-111	9	2026-07-01	1	1	0	0	NULL	NULL
1554	REQ-2025-339	3	2026-04-01	1	1	1	1	2026-05-03	32
1555	REQ-2025-207	14	2026-03-30	1	0	0	0	NULL	NULL
1556	REQ-2025-307	13	2026-01-24	1	0	0	0	NULL	NULL
1557	REQ-2026-328	15	2026-02-02	1	0	0	0	NULL	NULL
1558	REQ-2026-250	15	2026-06-25	1	1	0	0	NULL	NULL
1559	REQ-2025-216	13	2026-05-19	0	0	0	0	NULL	NULL
1560	REQ-2026-299	6	2025-10-02	1	0	0	0	NULL	NULL
1561	REQ-2026-293	4	2025-09-13	1	0	0	0	NULL	NULL
1562	REQ-2025-295	14	2025-11-14	0	0	0	0	NULL	NULL
1563	REQ-2025-265	12	2025-11-27	0	0	0	0	NULL	NULL
1564	REQ-2026-322	8	2026-07-29	0	0	0	0	NULL	NULL
1565	REQ-2026-187	11	2026-03-21	1	1	0	0	NULL	NULL
1566	REQ-2026-202	11	2026-07-30	1	0	0	0	NULL	NULL
1567	REQ-2025-349	12	2026-07-12	0	0	0	0	NULL	NULL
1568	REQ-2025-223	12	2026-06-01	1	1	0	0	NULL	NULL
1569	REQ-2026-140	7	2026-06-10	1	0	0	0	NULL	NULL
1570	REQ-2025-291	6	2026-06-12	1	1	1	1	08/15/2026	64
1571	REQ-2025-234	10	2026-04-05	1	1	1	1	2026-05-02	27
1572	REQ-2025-324	6	2025-09-24	1	0	0	0	NULL	NULL
1573	NULL	6	2025-08-28	1	0	0	0	NULL	NULL
1574	REQ-2026-253	4	2026-02-24	1	1	1	1	2026-03-11	15
1575	REQ-2026-287	11	2025-11-14	1	1	0	0	NULL	NULL
1576	REQ-2025-298	5	2026-04-24	1	1	0	0	NULL	NULL
1577	REQ-2025-314	7	2026-07-05	0	0	0	0	NULL	NULL
1578	REQ-2025-216	15	2025-11-11	1	1	0	0	NULL	NULL
1579	REQ-2026-329	5	2026-03-27	1	1	0	0	NULL	NULL
1580	REQ-2026-166	6	2026-05-31	1	0	0	0	NULL	NULL
1581	REQ-2025-324	13	2025-12-16	1	0	0	0	NULL	NULL
1582	REQ-2026-303	12	2026-07-12	1	1	0	0	NULL	NULL
1583	REQ-2026-249	3	2026-02-04	1	0	0	0	NULL	NULL
1584	REQ-2025-281	12	2026-02-18	1	0	0	0	NULL	NULL
1585	REQ-2025-196	3	2026-01-04	1	0	0	0	NULL	NULL
1586	REQ-2025-334	8	2025-09-30	1	1	1	1	2025-10-18	18
1587	REQ-2025-160	13	2025-09-08	1	0	0	0	NULL	NULL
1588	REQ-2026-296	5	2025-10-10	1	0	0	0	NULL	NULL
1589	REQ-2025-248	1	2025-10-23	1	0	0	0	NULL	NULL
1590	REQ-2025-162	10	2025-08-28	0	0	0	0	NULL	NULL
1591	REQ-2026-150	15	2026-04-25	1	1	0	0	NULL	NULL
1592	REQ-2025-152	12	2025-10-12	0	0	0	0	NULL	NULL
1593	REQ-2025-137	13	2026-02-17	0	0	0	0	NULL	NULL
1594	REQ-2025-113	2	2025-08-17	0	0	0	0	NULL	NULL
1595	REQ-2025-225	11	2026-01-27	0	0	0	0	NULL	NULL
1596	REQ-2026-344	1	2025-09-07	1	0	0	0	NULL	NULL
1597	REQ-2025-171	2	2026-06-24	1	1	0	0	NULL	NULL
1598	REQ-2025-324	10	2026-02-24	1	0	0	0	NULL	NULL
1599	REQ-2025-326	6	2025-09-02	1	1	1	1	2025-09-22	20
1600	REQ-2025-260	2	2025-08-10	1	1	0	0	NULL	NULL
1601	REQ-2026-181	7	2026-04-10	1	1	0	0	NULL	NULL
1602	REQ-2026-310	10	2026-01-02	0	0	0	0	NULL	NULL
1603	REQ-2026-140	2	2025-08-01	0	0	0	0	NULL	NULL
1604	REQ-2025-340	3	2026-06-15	1	0	0	0	NULL	NULL
1605	REQ-2025-167	13	2026-02-05	0	0	0	0	NULL	NULL
1606	REQ-2026-247	13	2025-09-11	1	0	0	0	NULL	NULL
1607	REQ-2026-247	12	2025-12-02	1	1	1	1	2026-02-04	64
1608	REQ-2025-265	1	2026-02-05	0	0	0	0	NULL	NULL
1609	REQ-2025-342	2	2026-01-30	1	0	0	0	NULL	NULL
1610	REQ-2026-206	16	2026-06-02	1	0	0	0	NULL	NULL
1611	REQ-2025-248	12	2025-10-09	0	0	0	0	NULL	NULL
1612	REQ-2026-284	2	2026-01-23	0	0	0	0	NULL	NULL
1613	REQ-2025-101	12	2026-05-12	0	0	0	0	NULL	NULL
1614	REQ-2026-259	10	2026-07-31	0	0	0	0	NULL	NULL
1615	REQ-2026-275	11	2025-08-20	1	1	0	0	NULL	NULL
1616	REQ-2025-342	16	2026-03-28	1	0	0	0	NULL	NULL
1617	REQ-2025-225	4	2026-07-21	1	0	0	0	NULL	NULL
1618	REQ-2026-261	4	2026-01-19	1	1	0	0	NULL	NULL
1619	REQ-2025-307	13	2026-03-06	0	0	0	0	NULL	NULL
1620	REQ-2025-190	3	2026-03-13	1	1	0	0	NULL	NULL
1621	REQ-2026-140	8	2025-09-15	1	0	0	0	NULL	NULL
1622	REQ-2025-302	11	2025-09-19	1	1	1	1	2025-11-22	64
1623	REQ-2025-203	8	2026-02-07	0	0	0	0	NULL	NULL
1624	REQ-2025-332	14	2025-11-12	0	0	0	0	NULL	NULL
1625	REQ-2025-231	12	2025-10-26	0	0	0	0	NULL	NULL
1626	REQ-2026-157	5	2026-06-27	1	0	0	0	NULL	NULL
1627	REQ-2025-262	13	2025-11-16	0	0	0	0	NULL	NULL
1628	NULL	12	2025-12-20	1	0	0	0	NULL	NULL
1629	REQ-2025-174	12	2026-06-11	1	1	0	0	NULL	NULL
1630	REQ-2025-311	15	2026-02-18	0	0	0	0	NULL	NULL
1631	REQ-2026-109	4	2026-01-08	0	0	0	0	NULL	NULL
1632	REQ-2026-121	8	2025-12-10	0	0	0	0	NULL	NULL
1633	REQ-2026-266	7	2026-07-27	1	1	0	0	NULL	NULL
1634	REQ-2026-198	6	2026-07-24	0	0	0	0	NULL	NULL
1635	REQ-2026-232	14	2026-05-05	0	0	0	0	NULL	NULL
1636	REQ-2025-305	8	2026-02-15	0	0	0	0	NULL	NULL
1637	REQ-2025-137	6	2025-11-11	0	0	0	0	NULL	NULL
1638	REQ-2025-349	13	2026-04-14	0	0	0	0	NULL	NULL
1639	REQ-2026-194	15	2025-10-19	0	0	0	0	NULL	NULL
1640	REQ-2025-205	1	12/02/2025	1	0	0	0	NULL	NULL
1641	REQ-2026-134	12	2025-12-24	1	0	0	0	NULL	NULL
1642	REQ-2025-248	16	2025-10-11	1	0	0	0	NULL	NULL
1643	REQ-2026-211	8	2026-02-09	1	0	0	0	NULL	NULL
1644	REQ-2026-109	12	2025-09-05	0	0	0	0	NULL	NULL
1645	REQ-2025-153	14	2025-08-17	1	1	0	0	NULL	NULL
1646	REQ-2025-171	2	2026-02-23	0	0	0	0	NULL	NULL
1647	REQ-2026-211	7	2025-08-07	1	1	1	1	2025-09-29	53
1648	REQ-2025-184	6	2026-06-18	0	0	0	0	NULL	NULL
1649	REQ-2025-239	12	2026-01-14	1	0	0	0	NULL	NULL
1650	REQ-2025-298	13	2026-05-28	1	1	0	0	NULL	NULL
1651	REQ-2026-316	2	2026-02-07	1	0	0	0	NULL	NULL
1652	REQ-2025-324	7	2025-09-09	0	0	0	0	NULL	NULL
1653	REQ-2025-349	3	2025-11-11	0	0	0	0	NULL	NULL
1654	REQ-2025-283	7	2026-01-23	0	0	0	0	NULL	NULL
1655	REQ-2025-323	5	2026-07-11	1	0	0	0	NULL	NULL
1656	REQ-2025-323	5	2025-08-05	1	0	0	0	NULL	NULL
1657	REQ-2026-109	7	2026-05-29	1	0	0	0	NULL	NULL
1658	REQ-2025-108	1	2025-12-08	0	0	0	0	NULL	NULL
1659	REQ-2026-254	6	2026-05-18	1	1	0	0	NULL	NULL
1660	REQ-2025-216	11	2025-11-21	1	0	0	0	NULL	NULL
1661	REQ-2026-200	10	2026-04-20	1	1	0	0	NULL	NULL
1662	REQ-2025-154	14	2026-01-12	1	0	0	0	NULL	NULL
1663	REQ-2026-275	2	2026-02-01	1	0	0	0	NULL	NULL
1664	REQ-2026-247	10	2026-06-13	1	0	0	0	NULL	NULL
1665	REQ-2026-176	12	2026-01-09	1	0	0	0	NULL	NULL
1666	REQ-2026-201	7	2025-10-19	1	0	0	0	NULL	NULL
1667	REQ-2026-193	7	2026-03-31	1	0	0	0	NULL	NULL
1668	REQ-2026-267	5	2026-01-27	0	0	0	0	NULL	NULL
1669	REQ-2025-271	1	2026-03-08	0	0	0	0	NULL	NULL
1670	REQ-2026-119	9	2025-12-09	1	0	0	0	NULL	NULL
1671	REQ-2026-166	4	2026-04-20	0	0	0	0	NULL	NULL
1672	REQ-2025-243	2	2025-10-05	1	1	1	1	2025-11-02	28
1673	REQ-2026-282	16	2026-03-14	1	0	0	0	NULL	NULL
1674	REQ-2025-248	10	2026-01-20	1	0	0	0	NULL	NULL
1675	REQ-2026-296	1	2025-11-27	0	0	0	0	NULL	NULL
1676	REQ-2025-350	11	2026-05-14	1	1	0	0	NULL	NULL
1677	REQ-2026-329	3	2026-01-03	1	1	0	0	NULL	NULL
1678	REQ-2026-115	12	2026-07-12	0	0	0	0	NULL	NULL
1679	REQ-2026-284	8	2026-06-08	0	0	0	0	NULL	NULL
1680	REQ-2026-351	11	2025-09-07	1	0	0	0	NULL	NULL
1681	REQ-2025-260	12	2026-05-26	1	0	0	0	NULL	NULL
1682	REQ-2025-327	12	2026-06-28	1	0	0	0	NULL	NULL
1683	REQ-2025-311	3	2026-04-24	0	0	0	0	NULL	NULL
1684	REQ-2026-134	4	2025-11-22	0	0	0	0	NULL	NULL
1685	REQ-2025-205	1	2025-12-12	0	0	0	0	NULL	NULL
1686	REQ-2026-127	6	2026-03-24	1	0	0	0	NULL	NULL
1687	REQ-2025-170	4	2026-05-22	1	0	0	0	NULL	NULL
1688	REQ-2026-329	10	2026-03-13	1	0	0	0	NULL	NULL
1689	REQ-2025-104	10	2026-02-03	0	0	0	0	NULL	NULL
1690	REQ-2026-138	12	2026-01-19	1	0	0	0	NULL	NULL
1691	REQ-2026-290	2	2025-11-05	0	0	0	0	NULL	NULL
1692	REQ-2026-290	14	2025-08-23	0	0	0	0	NULL	NULL
1693	REQ-2026-294	2	2026-07-17	1	0	0	0	NULL	NULL
1694	REQ-2025-156	12	2025-10-27	1	0	0	0	NULL	NULL
1695	REQ-2025-196	7	04/08/2026	1	0	0	0	NULL	NULL
1696	REQ-2025-184	2	2025-09-23	0	0	0	0	NULL	NULL
1697	REQ-2025-350	9	2026-03-04	1	1	1	1	2026-04-09	36
1698	REQ-2025-321	13	2025-08-04	1	0	0	0	NULL	NULL
1699	REQ-2026-128	3	2026-07-20	1	1	0	0	NULL	NULL
1700	REQ-2025-179	5	2026-07-05	1	1	0	0	NULL	NULL
1701	REQ-2026-118	16	2026-02-12	0	0	0	0	NULL	NULL
1702	REQ-2026-351	6	2026-02-22	0	0	0	0	NULL	NULL
1703	REQ-2025-123	4	2026-02-17	1	0	0	0	NULL	NULL
1704	REQ-2026-290	12	2025-11-20	0	0	0	0	NULL	NULL
1705	REQ-2025-248	1	2026-04-18	0	0	0	0	NULL	NULL
1706	REQ-2026-272	14	2026-01-03	0	0	0	0	NULL	NULL
1707	REQ-2025-171	3	2025-08-25	1	0	0	0	NULL	NULL
1708	REQ-2026-235	16	2026-05-01	0	0	0	0	NULL	NULL
1709	REQ-2026-206	13	2026-04-21	0	0	0	0	NULL	NULL
1710	REQ-2026-269	14	2026-03-22	1	1	0	0	NULL	NULL
1711	REQ-2025-169	15	2026-03-02	0	0	0	0	NULL	NULL
1712	REQ-2025-146	10	2026-03-13	0	0	0	0	NULL	NULL
1713	REQ-2026-185	12	2026-05-06	1	1	0	0	NULL	NULL
1714	REQ-2025-305	9	2025-12-14	1	1	0	0	NULL	NULL
1715	REQ-2026-161	8	2025-10-12	0	0	0	0	NULL	NULL
1716	REQ-2026-253	3	2026-07-16	0	0	0	0	NULL	NULL
1717	REQ-2025-268	8	2026-03-09	1	0	0	0	NULL	NULL
1718	REQ-2025-271	7	2026-07-17	1	1	0	0	NULL	NULL
1719	REQ-2025-325	7	2026-07-13	0	0	0	0	NULL	NULL
1720	REQ-2026-199	14	2026-03-10	1	1	0	0	NULL	NULL
1721	REQ-2026-217	14	2025-10-25	0	0	0	0	NULL	NULL
1722	REQ-2025-223	8	2025-08-08	0	0	0	0	NULL	NULL
1723	REQ-2026-211	10	2025-08-25	0	0	0	0	NULL	NULL
1724	REQ-2026-221	10	2026-02-03	1	0	0	0	NULL	NULL
1725	REQ-2025-135	7	2025-12-27	0	0	0	0	NULL	NULL
1726	REQ-2025-146	1	2025-10-15	1	0	0	0	NULL	NULL
1727	REQ-2026-107	6	2025-10-02	1	1	0	0	NULL	NULL
1728	REQ-2026-290	10	2026-01-28	0	0	0	0	NULL	NULL
1729	REQ-2026-138	9	2026-03-16	1	0	0	0	NULL	NULL
1730	REQ-2025-175	10	2025-11-12	0	0	0	0	NULL	NULL
1731	REQ-2026-141	15	2026-05-24	1	0	0	0	NULL	NULL
1732	REQ-2026-329	7	11/09/2025	0	0	0	0	NULL	NULL
1733	REQ-2026-254	11	2026-06-25	0	0	0	0	NULL	NULL
1734	REQ-2026-185	1	2026-06-04	0	0	0	0	NULL	NULL
1735	REQ-2025-258	2	2025-10-28	0	0	0	0	NULL	NULL
1736	REQ-2026-329	4	2026-03-31	0	0	0	0	NULL	NULL
1737	REQ-2025-304	4	2026-02-23	0	0	0	0	NULL	NULL
1738	REQ-2026-185	4	2026-02-16	1	1	0	0	NULL	NULL
1739	REQ-2025-337	11	2025-11-28	1	1	0	0	NULL	NULL
1740	NULL	13	2026-03-22	0	0	0	0	NULL	NULL
1741	REQ-2025-113	12	2026-02-02	0	0	0	0	NULL	NULL
1742	REQ-2025-324	1	03/24/2026	1	1	0	0	NULL	NULL
1743	REQ-2025-175	1	2025-09-10	0	0	0	0	NULL	NULL
1744	REQ-2025-289	6	2026-01-27	0	0	0	0	NULL	NULL
1745	REQ-2025-279	9	03/10/2026	1	1	0	0	NULL	NULL
1746	REQ-2025-164	1	2026-05-26	0	0	0	0	NULL	NULL
1747	REQ-2026-119	12	2026-06-02	0	0	0	0	NULL	NULL
1748	REQ-2025-298	5	2025-10-18	1	1	0	0	NULL	NULL
1749	REQ-2026-197	3	2025-08-28	1	1	0	0	NULL	NULL
1750	REQ-2026-269	6	2026-05-22	0	0	0	0	NULL	NULL
1751	REQ-2025-333	12	2026-05-16	0	0	0	0	NULL	NULL
1752	REQ-2026-246	14	2025-09-11	1	0	0	0	NULL	NULL
1753	REQ-2026-119	14	2026-06-19	0	0	0	0	NULL	NULL
1754	REQ-2025-271	9	2026-05-21	0	0	0	0	NULL	NULL
1755	REQ-2025-291	12	2025-10-20	1	1	0	0	NULL	NULL
1756	REQ-2025-257	10	2026-05-18	0	0	0	0	NULL	NULL
1757	REQ-2025-349	12	2025-08-16	1	1	0	0	NULL	NULL
1758	REQ-2026-198	4	2026-04-21	1	0	0	0	NULL	NULL
1759	REQ-2026-336	8	2026-07-20	1	0	0	0	NULL	NULL
1760	REQ-2026-303	15	2025-10-02	0	0	0	0	NULL	NULL
1761	REQ-2025-289	3	2025-08-04	1	0	0	0	NULL	NULL
1762	REQ-2025-330	8	2026-03-31	1	1	0	0	NULL	NULL
1763	REQ-2026-194	13	2025-10-27	1	1	0	0	NULL	NULL
1764	REQ-2026-202	7	2026-03-17	1	0	0	0	NULL	NULL
1765	REQ-2025-332	11	2025-09-27	0	0	0	0	NULL	NULL
1766	REQ-2025-347	11	2026-07-14	0	0	0	0	NULL	NULL
1767	REQ-2026-133	6	2025-10-20	1	1	0	0	NULL	NULL
1768	REQ-2025-177	2	2026-06-30	1	0	0	0	NULL	NULL
1769	REQ-2025-154	10	2026-07-16	0	0	0	0	NULL	NULL
1770	REQ-2026-329	1	2025-08-17	1	0	0	0	NULL	NULL
1771	REQ-2025-216	16	2026-06-07	1	0	0	0	NULL	NULL
1772	REQ-2025-179	7	2025-08-23	0	0	0	0	NULL	NULL
1773	REQ-2026-161	2	2025-12-26	1	0	0	0	NULL	NULL
1774	REQ-2026-287	2	2026-04-23	1	0	0	0	NULL	NULL
1775	REQ-2026-253	15	2025-11-05	0	0	0	0	NULL	NULL
1776	REQ-2025-177	13	2026-05-05	1	0	0	0	NULL	NULL
1777	REQ-2025-262	14	2025-10-27	1	0	0	0	NULL	NULL
1778	REQ-2026-242	15	2025-11-02	1	1	1	1	2026-01-03	62
1779	REQ-2026-141	11	2026-02-03	0	0	0	0	NULL	NULL
1780	REQ-2025-164	2	2026-04-06	0	0	0	0	NULL	NULL
1781	REQ-2026-261	9	2026-02-08	0	0	0	0	NULL	NULL
1782	REQ-2026-109	12	2026-03-01	0	0	0	0	NULL	NULL
1783	REQ-2026-241	4	2026-01-20	1	1	0	0	NULL	NULL
1784	REQ-2026-331	16	2025-10-26	1	0	0	0	NULL	NULL
1785	REQ-2025-205	2	2026-03-17	0	0	0	0	NULL	NULL
1786	REQ-2026-103	6	2026-04-25	0	0	0	0	NULL	NULL
1787	REQ-2025-278	4	2025-09-24	1	1	0	0	NULL	NULL
1788	REQ-2025-220	11	2025-10-02	1	1	0	0	NULL	NULL
1789	REQ-2025-302	2	2026-06-21	1	1	0	0	NULL	NULL
1790	REQ-2026-259	4	2025-08-08	1	1	1	1	2025-09-29	52
1791	REQ-2026-250	6	2026-02-10	1	1	0	0	NULL	NULL
1792	REQ-2025-323	4	2025-10-26	0	0	0	0	NULL	NULL
1793	REQ-2025-323	1	2026-04-09	1	0	0	0	NULL	NULL
1794	REQ-2026-338	4	2026-01-04	1	1	1	1	2026-02-15	42
1795	REQ-2025-220	7	2025-11-21	0	0	0	0	NULL	NULL
1796	REQ-2026-287	4	2026-05-03	0	0	0	0	NULL	NULL
1797	REQ-2026-141	4	2026-07-23	0	0	0	0	NULL	NULL
1798	REQ-2026-214	15	2026-05-31	0	0	0	0	NULL	NULL
1799	REQ-2026-320	15	10/19/2025	1	0	0	0	NULL	NULL
1800	REQ-2025-285	12	2025-12-05	1	1	0	0	NULL	NULL
1801	REQ-2025-104	11	2025-12-09	1	1	1	1	2026-01-16	38
1802	REQ-2026-328	15	2026-05-25	1	0	0	0	NULL	NULL
1803	REQ-2026-267	10	2025-10-11	0	0	0	0	NULL	NULL
1804	REQ-2025-228	8	2026-03-16	0	0	0	0	NULL	NULL
1805	REQ-2026-303	1	2025-12-28	0	0	0	0	NULL	NULL
1806	REQ-2026-211	2	06/11/2026	0	0	0	0	NULL	NULL
1807	REQ-2025-350	3	2026-02-12	1	0	0	0	NULL	NULL
1808	REQ-2026-259	4	2025-11-19	0	0	0	0	NULL	NULL
1809	REQ-2025-168	10	2025-09-26	1	0	0	0	NULL	NULL
1810	REQ-2026-282	8	2026-01-20	1	0	0	0	NULL	NULL
1811	REQ-2025-318	6	2025-09-03	1	0	0	0	NULL	NULL
1812	REQ-2025-291	10	2025-11-21	1	0	0	0	NULL	NULL
1813	REQ-2025-314	8	2026-01-29	1	0	0	0	NULL	NULL
1814	REQ-2025-172	10	2026-06-21	1	0	0	0	NULL	NULL
1815	REQ-2025-280	14	2025-09-24	0	0	0	0	NULL	NULL
1816	REQ-2025-216	7	2026-02-17	1	0	0	0	NULL	NULL
1817	REQ-2025-288	9	2026-03-01	0	0	0	0	NULL	NULL
1818	REQ-2025-164	4	2025-12-30	1	1	1	1	2026-02-18	50
1819	REQ-2026-269	5	2026-03-17	0	0	0	0	NULL	NULL
1820	REQ-2026-254	9	2026-04-25	0	0	0	0	NULL	NULL
1821	REQ-2025-180	14	2026-01-09	1	0	0	0	NULL	NULL
1822	REQ-2025-347	10	2026-01-31	0	0	0	0	NULL	NULL
1823	REQ-2025-164	14	2026-07-24	1	1	0	0	NULL	NULL
1824	REQ-2026-227	4	2026-04-04	0	0	0	0	NULL	NULL
1825	REQ-2026-176	11	2026-04-25	1	0	0	0	NULL	NULL
1826	REQ-2025-268	7	2026-07-28	1	0	0	0	NULL	NULL
1827	REQ-2025-215	3	2026-04-23	1	0	0	0	NULL	NULL
1828	REQ-2026-241	4	2025-10-23	0	0	0	0	NULL	NULL
1829	REQ-2025-337	12	2026-04-06	0	0	0	0	NULL	NULL
1830	REQ-2026-128	7	2026-03-26	0	0	0	0	NULL	NULL
1831	REQ-2025-213	9	2025-11-28	1	1	0	0	NULL	NULL
1832	REQ-2025-102	8	2026-04-27	1	0	0	0	NULL	NULL
1833	REQ-2025-314	5	2025-09-14	1	0	0	0	NULL	NULL
1834	REQ-2026-202	2	2025-08-21	1	1	0	0	NULL	NULL
1835	REQ-2026-270	5	2026-01-23	1	1	1	1	2026-03-18	54
1836	REQ-2026-266	14	2025-09-19	0	0	0	0	NULL	NULL
1837	REQ-2025-339	6	2026-04-21	1	1	1	0	NULL	NULL
1838	REQ-2025-208	1	2026-06-29	1	0	0	0	NULL	NULL
1839	REQ-2025-123	12	2025-09-06	1	0	0	0	NULL	NULL
1840	REQ-2025-190	8	2025-12-11	1	1	0	0	NULL	NULL
1841	REQ-2026-266	13	2025-11-15	0	0	0	0	NULL	NULL
1842	REQ-2025-162	9	2026-05-24	0	0	0	0	NULL	NULL
1843	REQ-2025-177	1	2025-12-31	1	1	0	0	NULL	NULL
1844	REQ-2026-144	14	2025-08-30	0	0	0	0	NULL	NULL
1845	REQ-2025-122	12	2025-10-14	1	0	0	0	NULL	NULL
1846	REQ-2025-231	13	2026-05-16	1	0	0	0	NULL	NULL
1847	REQ-2025-327	8	2026-02-06	0	0	0	0	NULL	NULL
1848	REQ-2025-153	13	2026-06-04	0	0	0	0	NULL	NULL
1849	REQ-2026-147	5	05/24/2026	0	0	0	0	NULL	NULL
1850	REQ-2025-263	10	2025-09-10	0	0	0	0	NULL	NULL
1851	REQ-2026-303	16	2026-05-25	1	0	0	0	NULL	NULL
1852	REQ-2025-153	3	2025-09-19	1	1	0	0	NULL	NULL
1853	REQ-2026-226	1	2026-04-30	0	0	0	0	NULL	NULL
1854	REQ-2026-247	4	07/22/2026	1	1	0	0	NULL	NULL
1855	REQ-2025-274	8	2025-11-30	1	0	0	0	NULL	NULL
1856	REQ-2025-350	10	2026-04-09	1	1	0	0	NULL	NULL
1857	REQ-2025-337	5	2025-11-30	0	0	0	0	NULL	NULL
1858	REQ-2026-128	6	2026-05-05	1	1	0	0	NULL	NULL
1859	REQ-2026-202	1	2025-12-14	1	1	0	0	NULL	NULL
1860	REQ-2026-351	5	2025-12-23	1	1	1	0	NULL	NULL
1861	REQ-2026-264	4	2026-07-30	1	1	0	0	NULL	NULL
1862	REQ-2026-143	8	2026-01-31	1	0	0	0	NULL	NULL
1863	REQ-2025-312	9	2026-05-22	0	0	0	0	NULL	NULL
1864	REQ-2025-117	2	2025-10-31	0	0	0	0	NULL	NULL
1865	REQ-2025-257	14	2026-04-20	1	0	0	0	NULL	NULL
1866	REQ-2026-247	6	2025-08-12	1	0	0	0	NULL	NULL
1867	REQ-2025-102	12	2025-08-19	1	1	0	0	NULL	NULL
1868	REQ-2026-284	2	2026-06-12	1	0	0	0	NULL	NULL
1869	REQ-2026-270	6	2026-06-25	0	0	0	0	NULL	NULL
1870	REQ-2025-291	12	2026-01-16	1	0	0	0	NULL	NULL
1871	REQ-2025-135	13	2026-01-08	1	0	0	0	NULL	NULL
1872	REQ-2026-150	7	2026-03-16	0	0	0	0	NULL	NULL
1873	REQ-2026-202	8	2026-01-10	0	0	0	0	NULL	NULL
1874	REQ-2025-117	12	2025-09-19	1	1	1	0	NULL	NULL
1875	REQ-2026-128	9	2026-01-31	0	0	0	0	NULL	NULL
1876	REQ-2026-150	10	2026-04-26	0	0	0	0	NULL	NULL
1877	REQ-2025-276	7	2025-08-17	0	0	0	0	NULL	NULL
1878	REQ-2026-246	4	2026-04-25	0	0	0	0	NULL	NULL
1879	REQ-2026-219	13	2025-12-21	0	0	0	0	NULL	NULL
1880	REQ-2025-113	10	2025-12-27	0	0	0	0	NULL	NULL
1881	REQ-2025-209	9	2026-07-31	0	0	0	0	NULL	NULL
1882	REQ-2025-174	7	2025-09-06	1	1	0	0	NULL	NULL
1883	REQ-2026-116	6	2025-11-29	0	0	0	0	NULL	NULL
1884	REQ-2025-285	5	2026-04-25	0	0	0	0	NULL	NULL
1885	REQ-2025-325	16	2026-06-17	1	0	0	0	NULL	NULL
1886	REQ-2025-240	10	2026-06-23	0	0	0	0	NULL	NULL
1887	REQ-2025-151	2	2026-01-11	0	0	0	0	NULL	NULL
1888	REQ-2025-213	13	2025-09-12	1	1	1	1	2025-10-18	36
1889	REQ-2026-251	4	2025-08-23	0	0	0	0	NULL	NULL
1890	REQ-2026-194	14	2026-03-14	0	0	0	0	NULL	NULL
1891	REQ-2025-295	16	2026-07-14	1	0	0	0	NULL	NULL
1892	REQ-2025-341	4	2026-02-16	0	0	0	0	NULL	NULL
1893	REQ-2025-274	3	2026-01-15	0	0	0	0	NULL	NULL
1894	REQ-2025-165	2	02/08/2026	1	0	0	0	NULL	NULL
1895	REQ-2026-109	9	2026-02-12	0	0	0	0	NULL	NULL
1896	REQ-2025-167	13	2025-11-25	0	0	0	0	NULL	NULL
1897	REQ-2025-302	12	2026-07-23	0	0	0	0	NULL	NULL
1898	REQ-2026-316	3	2025-10-17	1	1	1	1	2025-11-27	41
1899	REQ-2026-133	10	2026-05-04	1	1	0	0	NULL	NULL
1900	REQ-2025-243	1	2026-07-28	1	1	0	0	NULL	NULL
1901	REQ-2025-122	1	2025-11-11	1	0	0	0	NULL	NULL
1902	REQ-2025-184	5	2025-09-03	1	0	0	0	NULL	NULL
1903	REQ-2026-266	3	2025-10-31	0	0	0	0	NULL	NULL
1904	REQ-2025-281	2	2025-08-02	0	0	0	0	NULL	NULL
1905	REQ-2026-267	2	06/26/2026	0	0	0	0	NULL	NULL
1906	REQ-2025-262	14	2026-01-02	0	0	0	0	NULL	NULL
1907	REQ-2026-293	14	2026-04-28	0	0	0	0	NULL	NULL
1908	REQ-2025-209	6	2025-10-21	0	0	0	0	NULL	NULL
1909	REQ-2025-124	8	2025-09-14	1	0	0	0	NULL	NULL
1910	REQ-2026-118	15	2026-02-24	1	0	0	0	NULL	NULL
1911	REQ-2025-257	16	2025-11-11	1	0	0	0	NULL	NULL
1912	REQ-2025-318	3	2025-08-21	0	0	0	0	NULL	NULL
1913	REQ-2026-269	6	2026-05-22	0	0	0	0	NULL	NULL
1914	REQ-2025-212	16	2026-07-22	1	0	0	0	NULL	NULL
1915	REQ-2025-314	16	2026-04-07	1	0	0	0	NULL	NULL
1916	REQ-2026-322	15	2026-04-25	0	0	0	0	NULL	NULL
1917	REQ-2026-163	10	2026-06-11	0	0	0	0	NULL	NULL
1918	REQ-2025-156	12	2026-03-05	0	0	0	0	NULL	NULL
1919	REQ-2025-207	10	2026-04-01	1	0	0	0	NULL	NULL
1920	REQ-2025-173	1	2025-11-02	0	0	0	0	NULL	NULL
1921	REQ-2025-129	4	2026-05-02	1	0	0	0	NULL	NULL
1922	REQ-2025-122	13	2026-05-04	0	0	0	0	NULL	NULL
1923	REQ-2025-129	14	2026-04-13	1	1	0	0	NULL	NULL
1924	REQ-2025-192	6	2026-07-22	0	0	0	0	NULL	NULL
1925	REQ-2026-116	11	2026-04-29	0	0	0	0	NULL	NULL
1926	REQ-2025-212	3	2026-06-10	0	0	0	0	NULL	NULL
1927	REQ-2025-289	10	2025-10-04	1	1	0	0	NULL	NULL
1928	REQ-2026-351	9	2026-04-05	1	1	1	1	2026-05-10	35
1929	REQ-2025-180	13	2026-04-23	0	0	0	0	NULL	NULL
1930	REQ-2025-152	5	2026-06-18	1	0	0	0	NULL	NULL
1931	REQ-2025-154	2	2026-06-05	0	0	0	0	NULL	NULL
1932	REQ-2025-243	5	2026-04-23	1	0	0	0	NULL	NULL
1933	REQ-2025-173	14	2025-08-16	0	0	0	0	NULL	NULL
1934	REQ-2026-202	16	2026-06-03	1	0	0	0	NULL	NULL
1935	REQ-2026-199	8	2025-08-05	0	0	0	0	NULL	NULL
1936	REQ-2026-316	12	2025-12-15	1	1	0	0	NULL	NULL
1937	REQ-2025-231	16	2026-04-06	1	0	0	0	NULL	NULL
1938	REQ-2025-190	16	2025-08-15	1	0	0	0	NULL	NULL
1939	REQ-2026-277	1	2025-12-20	1	0	0	0	NULL	NULL
1940	REQ-2026-322	16	2026-03-12	0	0	0	0	NULL	NULL
1941	REQ-2025-302	3	2026-07-23	0	0	0	0	NULL	NULL
1942	REQ-2026-335	11	2026-02-14	1	1	0	0	NULL	NULL
1943	REQ-2025-298	3	2025-09-22	1	0	0	0	NULL	NULL
1944	NULL	6	2026-05-27	0	0	0	0	NULL	NULL
1945	REQ-2025-105	5	2026-06-02	0	0	0	0	NULL	NULL
1946	REQ-2025-285	4	2026-01-28	1	1	0	0	NULL	NULL
1947	REQ-2026-127	11	2026-02-08	1	0	0	0	NULL	NULL
1948	REQ-2026-145	4	2025-11-23	1	0	0	0	NULL	NULL
1949	REQ-2026-226	3	2026-03-18	1	0	0	0	NULL	NULL
1950	REQ-2025-190	11	2026-03-23	1	1	1	1	2026-04-10	18
1951	REQ-2026-121	7	2026-07-04	1	1	0	0	NULL	NULL
1952	REQ-2026-226	6	2025-10-26	0	0	0	0	NULL	NULL
1953	REQ-2025-262	6	2025-08-31	1	0	0	0	NULL	NULL
1954	REQ-2025-102	16	2026-04-30	0	0	0	0	NULL	NULL
1955	REQ-2026-145	4	2026-02-04	1	0	0	0	NULL	NULL
1956	REQ-2025-162	9	2025-09-01	0	0	0	0	NULL	NULL
1957	REQ-2025-180	14	2026-03-13	1	0	0	0	NULL	NULL
1958	REQ-2025-136	15	2026-01-29	1	1	0	0	NULL	NULL
1959	REQ-2026-331	4	2026-07-16	1	0	0	0	NULL	NULL
1960	REQ-2026-230	15	2026-02-09	0	0	0	0	NULL	NULL
1961	REQ-2025-142	3	2026-05-08	0	0	0	0	NULL	NULL
1962	REQ-2026-132	8	2026-03-13	1	0	0	0	NULL	NULL
1963	REQ-2026-107	6	2026-01-21	0	0	0	0	NULL	NULL
1964	REQ-2025-292	10	2025-08-21	1	0	0	0	NULL	NULL
1965	REQ-2025-104	9	2026-04-01	1	0	0	0	NULL	NULL
1966	REQ-2025-102	7	2025-10-28	1	1	1	0	NULL	NULL
1967	REQ-2025-184	16	2026-04-11	0	0	0	0	NULL	NULL
1968	REQ-2026-109	4	2026-07-30	1	0	0	0	NULL	NULL
1969	REQ-2026-193	2	2025-10-01	0	0	0	0	NULL	NULL
1970	REQ-2026-193	11	2025-12-16	1	0	0	0	NULL	NULL
1971	REQ-2025-289	1	2025-11-07	1	0	0	0	NULL	NULL
1972	REQ-2026-287	3	2025-08-15	0	0	0	0	NULL	NULL
1973	REQ-2026-109	11	2025-09-25	1	0	0	0	NULL	NULL
1974	REQ-2025-101	6	2026-04-02	0	0	0	0	NULL	NULL
1975	REQ-2026-309	12	2025-10-15	1	0	0	0	NULL	NULL
1976	REQ-2026-232	8	2026-02-11	0	0	0	0	NULL	NULL
1977	REQ-2025-321	5	2026-01-17	1	1	0	0	NULL	NULL
1978	REQ-2025-255	15	2026-07-13	1	0	0	0	NULL	NULL
1979	REQ-2026-202	8	2026-01-08	1	1	0	0	NULL	NULL
1980	REQ-2026-148	8	2025-08-25	1	0	0	0	NULL	NULL
1981	REQ-2025-334	4	2025-12-29	1	1	1	1	2026-03-04	65
1982	REQ-2026-317	7	2026-01-26	1	1	1	1	2026-03-30	63
1983	REQ-2026-336	10	2026-03-27	1	1	0	0	NULL	NULL
1984	REQ-2026-193	7	2025-11-02	0	0	0	0	NULL	NULL
1985	REQ-2025-271	3	09/19/2025	1	1	1	1	2025-10-22	33
1986	REQ-2025-332	5	2026-05-19	0	0	0	0	NULL	NULL
1987	REQ-2025-233	1	2026-06-12	1	0	0	0	NULL	NULL
1988	REQ-2025-341	13	2026-05-20	1	1	0	0	NULL	NULL
1989	REQ-2026-286	5	2025-11-14	0	0	0	0	NULL	NULL
1990	REQ-2026-232	15	2025-12-15	1	1	0	0	NULL	NULL
1991	REQ-2026-266	13	2025-09-24	0	0	0	0	NULL	NULL
1992	REQ-2025-333	8	2025-08-16	1	1	0	0	NULL	NULL
1993	REQ-2025-298	15	2025-11-14	1	1	0	0	NULL	NULL
1994	REQ-2025-239	16	2026-02-24	1	0	0	0	NULL	NULL
1995	REQ-2025-229	8	2026-06-20	0	0	0	0	NULL	NULL
1996	REQ-2026-166	7	2026-03-21	0	0	0	0	NULL	NULL
1997	REQ-2025-292	6	2026-07-27	1	1	0	0	NULL	NULL
1998	REQ-2025-289	8	2026-07-28	1	0	0	0	NULL	NULL
1999	REQ-2026-322	5	2025-12-03	0	0	0	0	NULL	NULL
2000	REQ-2026-103	16	2025-09-20	1	1	0	0	NULL	NULL
2001	REQ-2026-299	8	11/14/2025	1	0	0	0	NULL	NULL
2002	REQ-2025-125	11	2026-07-09	1	0	0	0	NULL	NULL
2003	REQ-2025-234	5	2026-01-05	1	0	0	0	NULL	NULL
2004	REQ-2025-146	15	2025-09-11	1	1	0	0	NULL	NULL
2005	REQ-2025-340	11	2026-01-23	1	1	0	0	NULL	NULL
2006	REQ-2026-166	12	2025-10-17	0	0	0	0	NULL	NULL
2007	REQ-2025-137	14	2026-07-18	0	0	0	0	NULL	NULL
2008	REQ-2026-319	10	2026-04-17	1	1	1	1	2026-06-09	53
2009	REQ-2025-154	6	2026-02-19	0	0	0	0	NULL	NULL
2010	REQ-2026-296	1	2025-10-15	1	0	0	0	NULL	NULL
2011	REQ-2025-300	16	2025-11-20	0	0	0	0	NULL	NULL
2012	REQ-2025-306	5	2025-10-23	0	0	0	0	NULL	NULL
2013	REQ-2025-302	1	2025-11-21	0	0	0	0	NULL	NULL
2014	REQ-2025-162	7	2026-04-14	1	0	0	0	NULL	NULL
2015	REQ-2025-342	12	2025-09-06	0	0	0	0	NULL	NULL
2016	REQ-2026-128	11	2026-01-10	1	1	0	0	NULL	NULL
2017	REQ-2025-207	4	2026-07-11	1	0	0	0	NULL	NULL
2018	REQ-2026-267	16	2025-09-30	1	1	0	0	NULL	NULL
2019	REQ-2026-303	7	2025-08-15	1	0	0	0	NULL	NULL
2020	REQ-2025-279	9	2026-03-21	0	0	0	0	NULL	NULL
2021	REQ-2026-217	6	2025-09-07	1	0	0	0	NULL	NULL
2022	REQ-2025-265	16	2026-05-11	1	1	0	0	NULL	NULL
2023	REQ-2025-120	2	2025-11-28	0	0	0	0	NULL	NULL
2024	REQ-2026-183	14	2025-08-20	1	1	0	0	NULL	NULL
2025	REQ-2025-326	9	2026-05-13	0	0	0	0	NULL	NULL
2026	REQ-2026-185	7	2025-12-27	1	1	0	0	NULL	NULL
2027	REQ-2026-344	6	2025-08-07	1	1	0	0	NULL	NULL
2028	REQ-2026-249	7	2026-04-15	1	1	1	1	2026-05-28	43
2029	REQ-2025-318	11	2026-07-13	1	1	0	0	NULL	NULL
2030	REQ-2026-270	6	2026-07-26	1	1	0	0	NULL	NULL
2031	REQ-2025-101	11	2026-02-20	1	0	0	0	NULL	NULL
2032	REQ-2026-116	12	2025-10-13	0	0	0	0	NULL	NULL
2033	REQ-2025-212	14	2025-11-01	1	0	0	0	NULL	NULL
2034	REQ-2025-314	13	2026-07-05	0	0	0	0	NULL	NULL
2035	REQ-2025-179	9	2026-05-22	1	1	0	0	NULL	NULL
2036	REQ-2026-166	14	2026-02-12	0	0	0	0	NULL	NULL
2037	REQ-2025-327	1	2026-01-08	1	1	0	0	NULL	NULL
2038	REQ-2026-118	8	2025-08-31	0	0	0	0	NULL	NULL
2039	REQ-2025-243	1	2025-08-02	1	1	1	1	2025-08-30	28
2040	REQ-2025-184	3	2026-06-15	1	0	0	0	NULL	NULL
2041	REQ-2026-161	12	2025-12-02	1	1	1	1	2026-01-15	44
2042	REQ-2026-316	3	2026-06-25	1	0	0	0	NULL	NULL
2043	REQ-2025-177	12	2025-11-29	0	0	0	0	NULL	NULL
2044	REQ-2025-218	12	2025-11-24	0	0	0	0	NULL	NULL
2045	REQ-2025-326	16	02/08/2026	0	0	0	0	NULL	NULL
2046	REQ-2026-204	3	2026-06-20	1	0	0	0	NULL	NULL
2047	REQ-2026-227	12	2026-05-16	0	0	0	0	NULL	NULL
2048	REQ-2025-350	5	2026-07-24	1	0	0	0	NULL	NULL
2049	REQ-2026-299	7	2026-04-20	1	1	0	0	NULL	NULL
2050	REQ-2025-167	10	2026-04-19	1	0	0	0	NULL	NULL
2051	REQ-2026-227	14	2025-12-14	0	0	0	0	NULL	NULL
2052	REQ-2025-283	8	2026-03-19	0	0	0	0	NULL	NULL
2053	REQ-2026-185	14	2025-10-21	1	0	0	0	NULL	NULL
2054	REQ-2025-178	15	2026-06-06	1	1	0	0	NULL	NULL
2055	REQ-2025-139	9	2026-01-25	0	0	0	0	NULL	NULL
2056	REQ-2025-304	7	2026-01-31	0	0	0	0	NULL	NULL
2057	REQ-2025-302	15	2025-12-07	0	0	0	0	NULL	NULL
2058	REQ-2025-324	1	2025-09-25	1	0	0	0	NULL	NULL
2059	REQ-2025-260	11	2026-01-25	1	0	0	0	NULL	NULL
2060	REQ-2026-310	1	2026-04-05	1	0	0	0	NULL	NULL
2061	REQ-2025-220	4	2025-09-03	1	0	0	0	NULL	NULL
2062	REQ-2026-197	15	2025-11-27	1	1	1	1	2025-12-14	17
2063	REQ-2026-331	7	2026-05-14	1	0	0	0	NULL	NULL
2064	REQ-2025-192	5	2025-09-09	0	0	0	0	NULL	NULL
2065	REQ-2025-209	3	2026-04-22	0	0	0	0	NULL	NULL
2066	REQ-2025-327	6	2025-12-07	1	1	0	0	NULL	NULL
2067	REQ-2025-101	11	2025-12-05	1	1	0	0	NULL	NULL
2068	REQ-2026-317	5	2026-07-29	0	0	0	0	NULL	NULL
2069	REQ-2026-232	9	2026-05-27	1	0	0	0	NULL	NULL
2070	REQ-2026-119	8	2025-08-17	0	0	0	0	NULL	NULL
2071	REQ-2025-292	1	2026-07-29	1	1	0	0	NULL	NULL
2072	REQ-2025-175	6	2026-07-26	1	0	0	0	NULL	NULL
2073	REQ-2025-216	10	2026-05-06	0	0	0	0	NULL	NULL
2074	NULL	13	2026-07-11	0	0	0	0	NULL	NULL
2075	REQ-2025-212	9	2026-04-07	0	0	0	0	NULL	NULL
2076	REQ-2026-143	12	2025-08-13	1	1	1	0	NULL	NULL
2077	REQ-2025-258	15	11/23/2025	1	0	0	0	NULL	NULL
2078	REQ-2025-334	1	2026-05-08	1	1	0	0	NULL	NULL
2079	REQ-2025-101	1	2026-01-10	1	0	0	0	NULL	NULL
2080	REQ-2026-284	7	2026-02-13	0	0	0	0	NULL	NULL
2081	REQ-2025-248	8	2026-03-24	1	1	1	0	NULL	NULL
2082	REQ-2026-181	15	2026-04-23	0	0	0	0	NULL	NULL
2083	REQ-2025-326	12	2026-06-20	1	0	0	0	NULL	NULL
2084	REQ-2025-313	6	2026-04-22	1	0	0	0	NULL	NULL
2085	REQ-2025-215	5	2026-05-30	0	0	0	0	NULL	NULL
2086	REQ-2026-107	12	2025-08-26	0	0	0	0	NULL	NULL
2087	REQ-2026-155	2	2026-02-04	0	0	0	0	NULL	NULL
2088	REQ-2026-246	12	2025-12-01	1	1	0	0	NULL	NULL
2089	REQ-2025-283	11	2026-01-18	1	1	0	0	NULL	NULL
2090	REQ-2026-133	16	2025-12-07	1	0	0	0	NULL	NULL
2091	REQ-2026-242	1	2026-03-18	1	1	0	0	NULL	NULL
2092	REQ-2026-221	2	2026-01-31	0	0	0	0	NULL	NULL
2093	REQ-2026-272	11	2026-05-09	1	0	0	0	NULL	NULL
2094	REQ-2026-118	9	2026-07-08	0	0	0	0	NULL	NULL
2095	REQ-2025-108	5	2025-11-14	0	0	0	0	NULL	NULL
2096	REQ-2026-191	16	2026-01-08	1	1	0	0	NULL	NULL
2097	REQ-2026-261	12	2025-12-20	0	0	0	0	NULL	NULL
2098	REQ-2025-298	2	2026-04-15	0	0	0	0	NULL	NULL
2099	REQ-2025-295	11	2025-10-03	0	0	0	0	NULL	NULL
2100	REQ-2025-172	13	2026-03-31	1	0	0	0	NULL	NULL
2101	REQ-2026-251	11	2025-09-15	0	0	0	0	NULL	NULL
2102	REQ-2025-340	7	2026-01-12	1	1	0	0	NULL	NULL
2103	REQ-2026-293	14	2025-09-13	0	0	0	0	NULL	NULL
2104	REQ-2025-323	10	2026-04-11	1	1	0	0	NULL	NULL
2105	REQ-2025-306	2	2026-03-23	1	0	0	0	NULL	NULL
2106	REQ-2026-138	12	2026-07-18	1	0	0	0	NULL	NULL
2107	REQ-2025-165	9	2026-03-28	0	0	0	0	NULL	NULL
2108	REQ-2025-346	15	2026-01-19	1	0	0	0	NULL	NULL
2109	REQ-2026-345	14	2025-08-27	0	0	0	0	NULL	NULL
2110	REQ-2025-135	6	2025-11-21	1	0	0	0	NULL	NULL
2111	REQ-2026-247	9	2026-06-23	0	0	0	0	NULL	NULL
2112	REQ-2026-193	7	2026-03-26	0	0	0	0	NULL	NULL
2113	REQ-2025-274	8	2026-07-12	0	0	0	0	NULL	NULL
2114	REQ-2025-164	5	2025-10-18	1	1	0	0	NULL	NULL
2115	REQ-2025-343	13	2026-03-05	0	0	0	0	NULL	NULL
2116	REQ-2025-268	12	2025-08-05	1	0	0	0	NULL	NULL
2117	REQ-2025-288	8	2026-03-05	0	0	0	0	NULL	NULL
2118	REQ-2025-142	5	2026-03-31	1	1	0	0	NULL	NULL
2119	REQ-2026-290	9	2025-10-06	0	0	0	0	NULL	NULL
2120	REQ-2026-277	2	2026-07-05	0	0	0	0	NULL	NULL
2121	REQ-2026-103	2	2026-05-21	0	0	0	0	NULL	NULL
2122	REQ-2026-161	3	2025-10-29	1	1	0	0	NULL	NULL
2123	REQ-2025-295	7	2026-07-08	1	0	0	0	NULL	NULL
2124	REQ-2025-314	15	2026-04-18	0	0	0	0	NULL	NULL
2125	REQ-2025-112	1	2026-01-01	1	0	0	0	NULL	NULL
2126	REQ-2025-350	15	2025-10-12	1	1	1	1	2025-11-23	42
2127	REQ-2026-299	6	2026-07-21	0	0	0	0	NULL	NULL
2128	REQ-2026-195	11	02/27/2026	0	0	0	0	NULL	NULL
2129	REQ-2026-253	4	2026-05-08	0	0	0	0	NULL	NULL
2130	REQ-2025-350	5	2026-07-22	1	0	0	0	NULL	NULL
2131	REQ-2026-199	12	2026-04-05	0	0	0	0	NULL	NULL
2132	REQ-2026-204	4	2025-08-01	1	1	1	1	2025-10-02	62
2133	REQ-2025-171	13	2025-11-20	0	0	0	0	NULL	NULL
2134	REQ-2025-205	12	2026-05-04	0	0	0	0	NULL	NULL
2135	REQ-2025-162	15	2026-02-03	0	0	0	0	NULL	NULL
2136	REQ-2025-285	13	2025-08-30	0	0	0	0	NULL	NULL
2137	REQ-2026-251	4	2026-07-02	1	0	0	0	NULL	NULL
2138	REQ-2025-184	10	2025-12-17	0	0	0	0	NULL	NULL
2139	REQ-2026-121	2	10/24/2025	0	0	0	0	NULL	NULL
2140	REQ-2025-220	2	2026-07-21	0	0	0	0	NULL	NULL
2141	REQ-2026-183	15	2025-09-25	0	0	0	0	NULL	NULL
2142	REQ-2025-301	14	2025-10-18	0	0	0	0	NULL	NULL
2143	REQ-2025-325	10	2026-01-30	1	0	0	0	NULL	NULL
2144	REQ-2025-278	13	2025-10-20	1	1	0	0	NULL	NULL
2145	REQ-2026-103	11	2026-02-01	1	0	0	0	NULL	NULL
2146	REQ-2026-241	10	2025-10-13	0	0	0	0	NULL	NULL
2147	REQ-2026-235	9	2025-12-14	0	0	0	0	NULL	NULL
2148	REQ-2026-114	13	2026-01-25	0	0	0	0	NULL	NULL
2149	REQ-2026-245	6	2026-03-14	1	0	0	0	NULL	NULL
2150	REQ-2025-177	8	2026-04-01	1	1	0	0	NULL	NULL
2151	REQ-2025-137	15	2025-12-23	0	0	0	0	NULL	NULL
2152	REQ-2025-347	2	2026-06-07	0	0	0	0	NULL	NULL
2153	REQ-2025-117	15	2026-01-28	1	0	0	0	NULL	NULL
2154	REQ-2025-238	13	2026-04-24	1	0	0	0	NULL	NULL
2155	REQ-2025-302	6	2025-09-14	0	0	0	0	NULL	NULL
2156	REQ-2026-210	10	2025-12-26	1	1	0	0	NULL	NULL
2157	REQ-2025-263	7	2025-10-24	0	0	0	0	NULL	NULL
2158	REQ-2025-306	5	2026-06-19	0	0	0	0	NULL	NULL
2159	REQ-2025-276	13	2025-11-22	0	0	0	0	NULL	NULL
2160	REQ-2025-171	11	2026-02-02	1	1	1	1	2026-04-01	58
2161	REQ-2025-112	13	2026-06-19	1	0	0	0	NULL	NULL
2162	REQ-2026-246	5	2026-07-17	0	0	0	0	NULL	NULL
2163	REQ-2026-273	1	2026-06-12	0	0	0	0	NULL	NULL
2164	REQ-2025-281	4	2026-02-11	1	1	1	1	2026-03-12	29
2165	REQ-2025-175	12	2025-10-10	0	0	0	0	NULL	NULL
2166	REQ-2026-144	5	2025-10-25	1	0	0	0	NULL	NULL
2167	REQ-2025-244	4	2025-12-19	0	0	0	0	NULL	NULL
2168	REQ-2025-101	10	2026-03-11	1	0	0	0	NULL	NULL
2169	REQ-2025-158	15	2026-05-28	1	0	0	0	NULL	NULL
2170	REQ-2025-350	11	2025-10-11	1	0	0	0	NULL	NULL
2171	REQ-2026-200	4	2026-04-23	0	0	0	0	NULL	NULL
2172	REQ-2026-348	15	2026-03-17	0	0	0	0	NULL	NULL
2173	REQ-2025-184	8	2026-06-16	1	1	0	0	NULL	NULL
2174	REQ-2026-247	4	2025-11-15	1	1	1	1	2025-12-11	26
2175	REQ-2025-304	5	2025-12-03	0	0	0	0	NULL	NULL
2176	REQ-2026-309	7	2025-08-24	0	0	0	0	NULL	NULL
2177	REQ-2025-231	11	2025-11-24	0	0	0	0	NULL	NULL
2178	REQ-2026-345	1	2026-07-12	0	0	0	0	NULL	NULL
2179	REQ-2025-298	16	2026-07-23	0	0	0	0	NULL	NULL
2180	REQ-2026-277	14	2025-09-08	1	0	0	0	NULL	NULL
2181	REQ-2025-156	15	2025-10-05	1	0	0	0	NULL	NULL
2182	REQ-2025-112	15	2025-11-25	0	0	0	0	NULL	NULL
2183	REQ-2026-241	15	2025-08-25	1	1	1	0	NULL	NULL
2184	REQ-2025-346	9	2026-07-27	1	1	0	0	NULL	NULL
2185	REQ-2025-256	3	2025-10-17	0	0	0	0	NULL	NULL
2186	REQ-2026-194	8	2025-10-05	1	0	0	0	NULL	NULL
2187	REQ-2025-215	14	2026-07-21	0	0	0	0	NULL	NULL
2188	REQ-2026-296	13	2026-04-10	0	0	0	0	NULL	NULL
2189	REQ-2026-294	8	2025-11-04	1	0	0	0	NULL	NULL
2190	REQ-2025-212	12	2025-12-02	0	0	0	0	NULL	NULL
2191	REQ-2026-191	11	2026-02-13	1	0	0	0	NULL	NULL
2192	REQ-2026-103	3	2026-02-03	1	1	0	0	NULL	NULL
2193	REQ-2025-295	1	2026-05-09	0	0	0	0	NULL	NULL
2194	REQ-2025-182	10	2026-05-23	0	0	0	0	NULL	NULL
2195	REQ-2025-324	3	2025-11-27	1	0	0	0	NULL	NULL
2196	REQ-2026-331	9	2025-11-04	0	0	0	0	NULL	NULL
2197	REQ-2026-116	16	2026-05-28	1	1	0	0	NULL	NULL
2198	REQ-2025-268	8	2026-03-15	0	0	0	0	NULL	NULL
2199	REQ-2025-337	14	2025-08-21	1	0	0	0	NULL	NULL
2200	REQ-2026-221	14	2025-10-22	0	0	0	0	NULL	NULL
2201	REQ-2025-252	4	2026-07-16	0	0	0	0	NULL	NULL
2202	REQ-2025-288	5	2026-05-07	0	0	0	0	NULL	NULL
2203	REQ-2025-189	4	2025-10-04	0	0	0	0	NULL	NULL
2204	REQ-2025-108	10	2026-04-28	1	1	0	0	NULL	NULL
2205	REQ-2025-168	9	2026-05-26	0	0	0	0	NULL	NULL
2206	REQ-2026-331	11	2026-05-25	1	0	0	0	NULL	NULL
2207	REQ-2026-148	12	2026-05-17	1	1	1	1	2026-07-15	59
2208	REQ-2026-130	16	2025-12-11	0	0	0	0	NULL	NULL
2209	REQ-2025-305	13	2026-04-22	1	1	0	0	NULL	NULL
2210	REQ-2025-343	10	2026-01-18	0	0	0	0	NULL	NULL
2211	REQ-2025-325	1	2026-01-30	1	0	0	0	NULL	NULL
2212	REQ-2025-220	13	2026-04-20	0	0	0	0	NULL	NULL
2213	REQ-2025-203	8	2026-06-05	1	1	0	0	NULL	NULL
2214	REQ-2025-190	2	2025-10-07	1	1	1	1	2025-11-29	53
2215	REQ-2026-269	3	2026-05-27	0	0	0	0	NULL	NULL
2216	REQ-2025-137	4	2026-04-22	0	0	0	0	NULL	NULL
2217	REQ-2026-290	8	2026-02-06	1	1	0	0	NULL	NULL
2218	REQ-2025-213	16	2025-10-02	1	0	0	0	NULL	NULL
2219	REQ-2026-336	1	2025-10-12	1	1	1	0	NULL	NULL
2220	REQ-2026-116	2	2025-10-28	0	0	0	0	NULL	NULL
2221	REQ-2026-299	5	2026-02-16	0	0	0	0	NULL	NULL
2222	REQ-2025-117	2	2025-08-23	0	0	0	0	NULL	NULL
2223	REQ-2026-303	4	2025-09-15	0	0	0	0	NULL	NULL
2224	REQ-2026-114	7	2025-11-27	0	0	0	0	NULL	NULL
2225	REQ-2025-239	6	2025-09-03	1	0	0	0	NULL	NULL
2226	REQ-2026-194	14	2026-01-13	1	1	1	1	2026-03-10	56
2227	REQ-2026-183	12	2026-01-30	0	0	0	0	NULL	NULL
