employee_id	department_name	management_tier	job_title	base_salary	performance_rating	tenure_years	age	gender	ethnicity	hire_date	termination_date	engagement_score	manager_satisfaction	work_life_balance_score	is_attrition	comp_ratio	estimated_replacement_cost	tenure_cohort	flight_risk_flag
1825	Engineering	Assistant Manager	Assistant Manager - Engineering	73367.07	4	1.65	39	Male	Two or More	2024-12-22	NULL	3.00	1.00	4.00	0	0.900	29346.8280	1-3 Years (Mid-Tenure)	1
407	Engineering	Assistant Manager	Assistant Manager - Engineering	67931.21	3	0.93	36	Other	Hispanic	2025-09-10	NULL	3.00	6.00	5.00	0	0.833	27172.4840	0-1 Year (Onboarding)	0
2628	Engineering	Assistant Manager	Assistant Manager - Engineering	95011.15	3	2.78	49	Other	Asian	2023-11-03	NULL	3.00	6.00	1.00	0	1.165	38004.4600	1-3 Years (Mid-Tenure)	0
1440	Engineering	Assistant Manager	Assistant Manager - Engineering	94341.29	2	2.26	30	Female	Two or More	2023-12-08	2026-03-11	6.00	NULL	8.00	1	1.157	37736.5160	1-3 Years (Mid-Tenure)	0
2718	Engineering	Assistant Manager	Assistant Manager - Engineering	84449.19	3	3.65	30	Female	Asian	2022-12-20	NULL	7.00	7.00	9.00	0	1.035	33779.6760	3+ Years (Tenured)	0
3350	Engineering	Assistant Manager	Assistant Manager - Engineering	99203.51	5	1.46	38	Non-Binary	Asian	2025-02-27	NULL	7.00	3.00	4.00	0	1.216	39681.4040	1-3 Years (Mid-Tenure)	0
2946	Engineering	Assistant Manager	Assistant Manager - Engineering	85681.65	3	0.48	41	Non-Binary	Two or More	2026-02-22	NULL	3.00	1.00	9.00	0	1.051	34272.6600	0-1 Year (Onboarding)	0
778	Engineering	Assistant Manager	Assistant Manager - Engineering	68591.61	5	4.70	63	Male	Two or More	2021-12-05	NULL	8.00	4.00	NULL	0	0.841	27436.6440	3+ Years (Tenured)	0
1784	Engineering	Assistant Manager	Assistant Manager - Engineering	65456.48	3	0.38	35	Other	Two or More	2026-03-31	NULL	6.00	5.00	9.00	0	0.803	26182.5920	0-1 Year (Onboarding)	0
3830	Engineering	Associate	Associate - Engineering	65840.84	4	4.69	23	Non-Binary	Asian	2021-12-07	NULL	5.00	3.00	4.00	0	1.139	26336.3360	3+ Years (Tenured)	0
2233	Engineering	Associate	Associate - Engineering	59645.34	5	0.25	38	Female	Hispanic	2026-05-17	NULL	7.00	2.00	6.00	0	1.032	23858.1360	0-1 Year (Onboarding)	0
2240	Engineering	Associate	Associate - Engineering	44430.27	4	3.80	23	Female	Hispanic	2022-10-29	NULL	8.00	7.00	9.00	0	0.768	17772.1080	3+ Years (Tenured)	0
2242	Engineering	Associate	Associate - Engineering	41144.34	4	3.33	51	NULL	African American	2023-04-17	NULL	4.00	5.00	4.00	0	0.712	16457.7360	3+ Years (Tenured)	1
3623	Engineering	Associate	Associate - Engineering	48761.79	5	2.92	31	Other	African American	2023-09-15	NULL	4.00	4.00	7.00	0	0.843	19504.7160	1-3 Years (Mid-Tenure)	1
456	Engineering	Associate	Associate - Engineering	69833.95	2	1.77	28	Male	Hispanic	2024-11-08	NULL	7.00	6.00	5.00	0	1.208	27933.5800	1-3 Years (Mid-Tenure)	0
2303	Engineering	Associate	Associate - Engineering	56021.47	4	1.30	41	Non-Binary	Asian	2025-04-29	NULL	8.00	6.00	7.00	0	0.969	22408.5880	1-3 Years (Mid-Tenure)	0
2328	Engineering	Associate	Associate - Engineering	72871.78	3	0.40	21	Female	African American	2026-03-22	NULL	1.00	1.00	1.00	0	1.260	29148.7120	0-1 Year (Onboarding)	0
3615	Engineering	Associate	Associate - Engineering	72674.30	3	4.06	31	Male	Caucasian	2022-07-25	NULL	7.00	5.00	9.99	0	1.257	29069.7200	3+ Years (Tenured)	0
443	Engineering	Associate	Associate - Engineering	42990.02	2	2.16	21	Female	NULL	2022-12-05	2025-01-30	5.00	2.00	3.00	1	0.744	17196.0080	1-3 Years (Mid-Tenure)	0
2408	Engineering	Associate	Associate - Engineering	41698.54	5	0.07	35	Male	Hispanic	2026-07-19	NULL	NULL	NULL	NULL	0	0.721	16679.4160	0-1 Year (Onboarding)	0
2412	Engineering	Associate	Associate - Engineering	74649.99	3	3.90	25	Non-Binary	Hispanic	2022-09-20	NULL	8.00	2.00	5.00	0	1.291	29859.9960	3+ Years (Tenured)	0
164	Engineering	Associate	Associate - Engineering	59819.64	3	2.88	31	Non-Binary	Hispanic	2021-08-01	2024-06-19	6.00	5.00	3.00	1	1.035	23927.8560	1-3 Years (Mid-Tenure)	0
3832	Engineering	Associate	Associate - Engineering	40898.86	5	2.52	51	Other	Hispanic	2022-06-21	2024-12-25	9.00	3.00	4.00	1	0.707	16359.5440	1-3 Years (Mid-Tenure)	0
1830	Engineering	Associate	Associate - Engineering	61513.78	3	0.96	50	Other	Caucasian	2025-08-30	NULL	7.00	9.99	3.00	0	1.064	24605.5120	0-1 Year (Onboarding)	0
2417	Engineering	Associate	Associate - Engineering	57396.61	4	0.35	40	Male	Asian	2024-12-27	2025-05-04	NULL	NULL	NULL	1	0.993	22958.6440	0-1 Year (Onboarding)	0
2444	Engineering	Associate	Associate - Engineering	46641.24	3	4.78	32	Other	Caucasian	2021-11-04	NULL	7.00	3.00	4.00	0	0.807	18656.4960	3+ Years (Tenured)	0
3562	Engineering	Associate	Associate - Engineering	50796.78	3	1.96	21	Non-Binary	Caucasian	2024-08-30	NULL	9.99	8.00	9.99	0	0.879	20318.7120	1-3 Years (Mid-Tenure)	0
184	Engineering	Associate	Associate - Engineering	70365.57	4	2.69	36	Male	Hispanic	2023-12-07	NULL	9.99	9.00	9.99	0	1.217	28146.2280	1-3 Years (Mid-Tenure)	0
2456	Engineering	Associate	Associate - Engineering	54223.23	1	3.06	35	Other	Caucasian	2023-07-25	NULL	9.00	4.00	7.00	0	0.938	21689.2920	3+ Years (Tenured)	0
424	Engineering	Associate	Associate - Engineering	49904.59	4	1.35	37	Non-Binary	Hispanic	2025-04-08	NULL	6.00	3.00	6.00	0	0.863	19961.8360	1-3 Years (Mid-Tenure)	0
3560	Engineering	Associate	Associate - Engineering	50606.79	3	5.12	37	Other	Hispanic	2021-07-04	NULL	5.00	3.00	1.00	0	0.875	20242.7160	3+ Years (Tenured)	0
2474	Engineering	Associate	Associate - Engineering	48545.70	3	5.06	34	Non-Binary	Hispanic	2021-07-26	NULL	5.00	5.00	6.00	0	0.840	19418.2800	3+ Years (Tenured)	0
2487	Engineering	Associate	Associate - Engineering	64676.67	2	2.25	36	Female	Hispanic	2024-05-16	NULL	5.00	2.00	4.00	0	1.119	25870.6680	1-3 Years (Mid-Tenure)	0
197	Engineering	Associate	Associate - Engineering	48730.87	4	1.25	37	Non-Binary	Caucasian	2025-05-16	NULL	9.99	5.00	6.00	0	0.843	19492.3480	1-3 Years (Mid-Tenure)	0
508	Engineering	Associate	Associate - Engineering	63613.73	4	2.48	62	Female	Caucasian	2024-02-21	NULL	7.00	8.00	5.00	0	1.100	25445.4920	1-3 Years (Mid-Tenure)	0
1923	Engineering	Associate	Associate - Engineering	73985.47	3	0.10	39	Other	Caucasian	2026-07-11	NULL	NULL	NULL	NULL	0	1.280	29594.1880	0-1 Year (Onboarding)	0
1950	Engineering	Associate	Associate - Engineering	66960.73	4	3.17	39	Other	Asian	2023-06-14	NULL	3.00	6.00	5.00	0	1.158	26784.2920	3+ Years (Tenured)	1
1969	Engineering	Associate	Associate - Engineering	46118.94	4	4.64	37	Female	Asian	2021-12-24	NULL	4.00	9.00	NULL	0	0.798	18447.5760	3+ Years (Tenured)	1
536	Engineering	Associate	Associate - Engineering	50781.20	5	3.95	54	Male	NULL	2022-09-04	NULL	5.00	4.00	4.00	0	0.878	20312.4800	3+ Years (Tenured)	0
2013	Engineering	Associate	Associate - Engineering	49173.89	4	1.99	37	Other	Two or More	2024-08-17	NULL	9.99	6.00	8.00	0	0.850	19669.5560	1-3 Years (Mid-Tenure)	0
3780	Engineering	Associate	Associate - Engineering	71383.19	3	3.45	45	Non-Binary	African American	2023-03-03	NULL	5.00	1.00	5.00	0	1.235	28553.2760	3+ Years (Tenured)	0
2066	Engineering	Associate	Associate - Engineering	59840.59	3	1.71	36	Male	Asian	2024-11-28	NULL	1.00	4.00	6.00	0	1.035	23936.2360	1-3 Years (Mid-Tenure)	0
2073	Engineering	Associate	Associate - Engineering	59590.10	2	4.38	35	Non-Binary	Hispanic	2022-03-29	NULL	7.00	5.00	4.00	0	1.031	23836.0400	3+ Years (Tenured)	0
3775	Engineering	Associate	Associate - Engineering	53814.18	1	3.15	47	Non-Binary	Hispanic	2023-06-23	NULL	8.00	6.00	9.99	0	0.931	21525.6720	3+ Years (Tenured)	0
1887	Engineering	Associate	Associate - Engineering	61740.88	4	2.38	45	Other	NULL	2024-03-29	NULL	7.00	8.00	2.00	0	1.068	24696.3520	1-3 Years (Mid-Tenure)	0
3767	Engineering	Associate	Associate - Engineering	51841.58	3	4.67	49	Male	Asian	2021-12-13	NULL	6.00	6.00	5.00	0	0.897	20736.6320	3+ Years (Tenured)	0
2087	Engineering	Associate	associate - engineering	64326.51	3	4.40	38	Other	Caucasian	2022-03-23	NULL	7.00	5.00	5.00	0	1.113	25730.6040	3+ Years (Tenured)	0
2224	Engineering	Associate	Associate - Engineering	67027.00	4	0.61	46	Male	Caucasian	2026-01-05	NULL	3.00	1.00	4.00	0	1.159	26810.8000	0-1 Year (Onboarding)	1
3748	Engineering	Associate	Associate - Engineering	43823.76	3	1.06	27	Male	Hispanic	2025-07-24	NULL	8.00	9.99	8.00	0	0.758	17529.5040	1-3 Years (Mid-Tenure)	0
1857	Engineering	Associate	Associate - Engineering	40266.10	3	2.76	42	Non-Binary	Hispanic	2023-11-10	NULL	1.00	4.00	5.00	0	0.696	16106.4400	1-3 Years (Mid-Tenure)	0
2131	Engineering	Associate	Associate - Engineering	63269.12	5	3.54	37	NULL	Asian	2023-01-31	NULL	4.00	3.00	6.00	0	1.094	25307.6480	3+ Years (Tenured)	1
3745	Engineering	Associate	Associate - Engineering	66889.45	2	4.15	44	Non-Binary	Two or More	2022-06-21	NULL	6.00	5.00	3.00	0	1.157	26755.7800	3+ Years (Tenured)	0
2132	Engineering	Associate	Associate - Engineering	65736.68	4	3.64	50	Non-Binary	African American	2021-12-02	2025-07-23	5.00	5.00	8.00	1	1.137	26294.6720	3+ Years (Tenured)	0
2136	Engineering	Associate	Associate - Engineering	57702.49	4	1.70	54	Non-Binary	Caucasian	2024-12-03	NULL	5.00	2.00	4.00	0	0.998	23080.9960	1-3 Years (Mid-Tenure)	0
2161	Engineering	Associate	Associate - Engineering	51912.53	3	0.63	30	Other	African American	2025-12-27	NULL	5.00	7.00	3.00	0	0.898	20765.0120	0-1 Year (Onboarding)	0
3705	Engineering	Associate	Associate - Engineering	58169.54	5	1.21	54	Female	Asian	2025-05-31	NULL	5.00	7.00	4.00	0	1.006	23267.8160	1-3 Years (Mid-Tenure)	0
2219	Engineering	Associate	Associate - Engineering	57946.79	3	3.52	34	Female	Caucasian	2023-02-09	NULL	1.00	4.00	2.00	0	1.002	23178.7160	3+ Years (Tenured)	0
2223	Engineering	Associate	Associate - Engineering	70480.59	3	1.98	40	Non-Binary	African American	2024-08-23	NULL	6.00	5.00	9.99	0	1.219	28192.2360	1-3 Years (Mid-Tenure)	0
1917	Engineering	Associate	Associate - Engineering	72713.50	2	0.53	24	Male	African American	2026-02-04	NULL	9.99	4.00	6.00	0	1.258	29085.4000	0-1 Year (Onboarding)	0
248	Engineering	Associate	Associate - Engineering	44940.46	3	1.55	39	Female	NULL	2025-01-27	NULL	3.00	6.00	7.00	0	0.777	17976.1840	1-3 Years (Mid-Tenure)	0
3389	Engineering	Associate	Associate - Engineering	54161.57	4	4.49	24	NULL	Hispanic	2022-02-18	NULL	9.99	8.00	5.00	0	0.937	21664.6280	3+ Years (Tenured)	0
2915	Engineering	Associate	Associate - Engineering	66121.79	3	0.70	24	Female	NULL	2025-12-04	NULL	7.00	4.00	7.00	0	1.144	26448.7160	0-1 Year (Onboarding)	0
2936	Engineering	Associate	Associate - Engineering	42110.48	1	3.65	42	Female	Two or More	2022-12-23	NULL	5.00	4.00	6.00	0	0.728	16844.1920	3+ Years (Tenured)	0
2939	Engineering	Associate	Associate - Engineering	71717.98	1	3.55	31	Non-Binary	African American	2023-01-27	NULL	5.00	4.00	5.00	0	1.240	28687.1920	3+ Years (Tenured)	0
2970	Engineering	Associate	Associate - Engineering	68553.45	4	4.93	21	Male	Asian	2021-09-12	NULL	5.00	4.00	2.00	0	1.186	27421.3800	3+ Years (Tenured)	0
2995	Engineering	Associate	Associate - Engineering	55620.33	3	0.10	49	Male	Two or More	2023-10-15	2023-11-20	NULL	NULL	NULL	1	0.962	22248.1320	0-1 Year (Onboarding)	0
3315	Engineering	Associate	Associate - Engineering	54591.92	2	2.08	65	NULL	Caucasian	2024-07-15	NULL	6.00	5.00	4.00	0	0.944	21836.7680	1-3 Years (Mid-Tenure)	0
3304	Engineering	Associate	Associate - Engineering	68356.56	4	1.50	21	Other	Hispanic	2022-05-04	2023-11-03	NULL	NULL	NULL	1	1.182	27342.6240	1-3 Years (Mid-Tenure)	0
3029	Engineering	Associate	Associate - Engineering	68175.01	4	4.85	31	Non-Binary	Two or More	2021-10-08	NULL	7.00	2.00	3.00	0	1.179	27270.0040	3+ Years (Tenured)	0
3048	Engineering	Associate	Associate - Engineering	60414.55	2	3.13	38	Other	Two or More	2023-06-28	NULL	4.00	1.00	2.00	0	1.045	24165.8200	3+ Years (Tenured)	0
296	Engineering	Associate	Associate - Engineering	72510.49	3	0.41	34	Other	NULL	2026-03-20	NULL	7.00	6.00	1.00	0	1.254	29004.1960	0-1 Year (Onboarding)	0
3285	Engineering	Associate	Associate - Engineering	57654.43	3	3.38	36	Non-Binary	Caucasian	2023-03-30	NULL	8.00	6.00	9.99	0	0.997	23061.7720	3+ Years (Tenured)	0
2903	Engineering	Associate	Associate - Engineering	64000.95	5	0.32	34	Other	African American	2022-06-26	2022-10-19	NULL	NULL	NULL	1	1.107	25600.3800	0-1 Year (Onboarding)	0
293	Engineering	Associate	Associate - Engineering	52215.75	3	1.91	41	Male	African American	2024-09-18	NULL	4.00	4.00	6.00	0	0.903	20886.3000	1-3 Years (Mid-Tenure)	0
3264	Engineering	Associate	Associate - Engineering	62438.59	5	1.21	21	Male	NULL	2025-05-30	NULL	7.00	4.00	9.99	0	1.080	24975.4360	1-3 Years (Mid-Tenure)	0
3076	Engineering	Associate	Associate - Engineering	61647.24	4	2.99	35	Male	Hispanic	2023-08-20	NULL	6.00	6.00	5.00	0	1.066	24658.8960	1-3 Years (Mid-Tenure)	0
3107	Engineering	Associate	Associate - Engineering	59059.21	3	2.72	21	Female	Two or More	2023-11-25	NULL	2.00	4.00	4.00	0	1.021	23623.6840	1-3 Years (Mid-Tenure)	0
3109	Engineering	Associate	Associate - Engineering	44502.62	2	4.05	26	Other	Caucasian	2022-07-30	NULL	5.00	3.00	1.00	0	0.770	17801.0480	3+ Years (Tenured)	0
3234	Engineering	Associate	Associate - Engineering	70260.48	3	3.84	37	Female	African American	2022-10-12	NULL	5.00	7.00	4.00	0	1.215	28104.1920	3+ Years (Tenured)	0
3142	Engineering	Associate	Associate - Engineering	60490.65	2	1.68	38	Other	African American	2024-12-10	NULL	1.00	3.00	1.00	0	1.046	24196.2600	1-3 Years (Mid-Tenure)	0
3153	Engineering	Associate	Associate - Engineering	70467.89	3	4.10	48	Female	African American	2022-07-11	NULL	7.00	4.00	8.00	0	1.219	28187.1560	3+ Years (Tenured)	0
262	Engineering	Associate	Associate - Engineering	62307.69	5	4.49	41	Female	Hispanic	2022-02-17	NULL	5.00	3.00	1.00	0	1.078	24923.0760	3+ Years (Tenured)	0
3226	Engineering	Associate	Associate - Engineering	68278.91	2	2.35	25	Other	Two or More	2024-04-10	NULL	6.00	5.00	7.00	0	1.181	27311.5640	1-3 Years (Mid-Tenure)	0
3219	Engineering	Associate	Associate - Engineering	53090.65	3	0.64	54	Other	Two or More	2025-12-26	NULL	5.00	8.00	4.00	0	0.918	21236.2600	0-1 Year (Onboarding)	0
266	Engineering	Associate	Associate - Engineering	74962.32	3	4.31	43	Non-Binary	African American	2022-04-24	NULL	9.00	4.00	6.00	0	1.296	29984.9280	3+ Years (Tenured)	0
3466	Engineering	Associate	Associate - Engineering	53064.90	2	2.70	24	Non-Binary	Hispanic	2023-12-04	NULL	4.00	2.00	6.00	0	0.918	21225.9600	1-3 Years (Mid-Tenure)	0
195	Engineering	Associate	Associate - Engineering	65902.93	1	0.59	30	Non-Binary	Asian	2026-01-13	NULL	6.00	6.00	7.00	0	1.140	26361.1720	0-1 Year (Onboarding)	0
1939	Engineering	Associate	Associate - Engineering	66137.87	3	2.45	45	Other	Hispanic	2024-03-05	NULL	9.00	6.00	9.99	0	1.144	26455.1480	1-3 Years (Mid-Tenure)	0
2523	Engineering	Associate	Associate - Engineering	47802.24	2	2.26	45	Female	Asian	2022-01-29	2024-05-04	NULL	NULL	NULL	1	0.827	19120.8960	1-3 Years (Mid-Tenure)	0
2531	Engineering	Associate	Associate - Engineering	72790.73	3	1.52	22	Female	Caucasian	2025-02-05	NULL	9.99	6.00	9.00	0	1.259	29116.2920	1-3 Years (Mid-Tenure)	0
2542	Engineering	Associate	Associate - Engineering	41047.77	3	2.83	34	Non-Binary	Two or More	2023-10-17	NULL	4.00	2.00	3.00	0	0.710	16419.1080	1-3 Years (Mid-Tenure)	0
2555	Engineering	Associate	Associate - Engineering	47053.13	4	1.14	42	Non-Binary	Asian	2025-06-25	NULL	5.00	5.00	1.00	0	0.814	18821.2520	1-3 Years (Mid-Tenure)	0
2557	Engineering	Associate	Associate - Engineering	40650.95	3	2.06	43	Female	Asian	2024-07-25	NULL	9.99	9.99	7.00	0	0.703	16260.3800	1-3 Years (Mid-Tenure)	0
2590	Engineering	Associate	Associate - Engineering	54550.83	5	1.14	61	Male	African American	2025-06-25	NULL	4.00	8.00	9.99	0	0.943	21820.3320	1-3 Years (Mid-Tenure)	1
2706	Engineering	Associate	Associate - Engineering	69499.14	3	2.37	29	Female	NULL	2024-04-03	NULL	7.00	4.00	4.00	0	1.202	27799.6560	1-3 Years (Mid-Tenure)	0
2733	Engineering	Associate	Associate - Engineering	72671.41	3	2.46	53	Other	Two or More	2024-03-01	NULL	7.00	NULL	4.00	0	1.257	29068.5640	1-3 Years (Mid-Tenure)	0
2752	Engineering	Associate	Associate - Engineering	57168.20	1	5.05	21	Female	Hispanic	2021-07-29	NULL	5.00	6.00	1.00	0	0.989	22867.2800	3+ Years (Tenured)	0
3468	Engineering	Associate	Associate - Engineering	48621.09	5	4.61	38	Female	African American	2022-01-05	NULL	1.00	1.00	6.00	0	0.841	19448.4360	3+ Years (Tenured)	1
3531	Engineering	Associate	Associate - Engineering	70860.02	3	0.42	44	Non-Binary	Two or More	2026-03-14	NULL	7.00	8.00	9.99	0	1.226	28344.0080	0-1 Year (Onboarding)	0
2764	Engineering	Associate	Associate - Engineering	59682.86	4	0.14	43	Female	African American	2026-06-25	NULL	NULL	NULL	NULL	0	1.032	23873.1440	0-1 Year (Onboarding)	0
3454	Engineering	Associate	Associate - Engineering	45723.42	4	2.24	38	Non-Binary	African American	2024-05-19	NULL	6.00	8.00	5.00	0	0.791	18289.3680	1-3 Years (Mid-Tenure)	0
2798	Engineering	Associate	Associate - Engineering	49577.95	3	0.32	32	Male	Two or More	2026-04-21	NULL	7.00	4.00	1.00	0	0.857	19831.1800	0-1 Year (Onboarding)	0
2822	Engineering	Associate	Associate - Engineering	48477.33	3	0.41	39	Female	Asian	2026-03-17	NULL	NULL	NULL	NULL	0	0.838	19390.9320	0-1 Year (Onboarding)	0
3446	Engineering	Associate	Associate - Engineering	42451.60	3	3.28	29	Female	Hispanic	2023-05-04	NULL	9.00	7.00	8.00	0	0.734	16980.6400	3+ Years (Tenured)	0
2837	Engineering	Associate	Associate - Engineering	73665.67	4	2.87	21	Other	Hispanic	2023-10-04	NULL	6.00	8.00	8.00	0	1.274	29466.2680	1-3 Years (Mid-Tenure)	0
352	Engineering	Associate	Associate - Engineering	74332.78	3	4.45	53	Other	Hispanic	2022-03-04	NULL	9.00	9.00	7.00	0	1.286	29733.1120	3+ Years (Tenured)	0
222	Engineering	Associate	Associate - Engineering	63444.96	4	0.70	54	Female	Hispanic	2022-11-23	2023-08-04	NULL	NULL	NULL	1	1.097	25377.9840	0-1 Year (Onboarding)	0
2847	Engineering	Associate	Associate - Engineering	47133.69	3	2.65	39	Male	Two or More	2023-12-23	NULL	5.00	7.00	1.00	0	0.815	18853.4760	1-3 Years (Mid-Tenure)	0
349	Engineering	Associate	Associate - Engineering	52873.71	3	0.93	39	Male	Caucasian	2024-11-07	2025-10-13	6.00	5.00	7.00	1	0.914	21149.4840	0-1 Year (Onboarding)	0
347	Engineering	Associate	Associate - Engineering	53311.75	2	5.11	42	Non-Binary	Hispanic	2021-07-06	NULL	8.00	8.00	8.00	0	0.922	21324.7000	3+ Years (Tenured)	0
2891	Engineering	Associate	Associate - Engineering	45323.06	4	0.48	52	Female	Hispanic	2022-08-06	2023-01-27	NULL	NULL	NULL	1	0.784	18129.2240	0-1 Year (Onboarding)	0
1338	Engineering	Associate	Associate - Engineering	57189.46	2	0.62	31	Other	Asian	2026-01-01	NULL	7.00	5.00	8.00	0	0.989	22875.7840	0-1 Year (Onboarding)	0
1117	Engineering	Associate	Associate - Engineering	64994.15	3	4.98	56	Female	Asian	2021-08-25	NULL	9.00	4.00	8.00	0	1.124	25997.6600	3+ Years (Tenured)	0
1126	Engineering	Associate	Associate - Engineering	52018.85	4	1.87	40	Other	Two or More	2024-10-02	NULL	6.00	4.00	6.00	0	0.900	20807.5400	1-3 Years (Mid-Tenure)	0
733	Engineering	Associate	Associate - Engineering	57794.86	1	4.95	35	NULL	Two or More	2021-09-03	NULL	4.00	5.00	4.00	0	1.000	23117.9440	3+ Years (Tenured)	0
732	Engineering	Associate	Associate - Engineering	65294.98	2	3.78	52	Other	African American	2022-11-06	NULL	8.00	8.00	4.00	0	1.129	26117.9920	3+ Years (Tenured)	0
1211	Engineering	Associate	Associate - Engineering	62969.44	4	2.44	49	Male	African American	2024-03-09	NULL	6.00	4.00	4.00	0	1.089	25187.7760	1-3 Years (Mid-Tenure)	0
1238	Engineering	Associate	Associate - Engineering	70816.01	2	0.94	35	Male	Two or More	2025-09-07	NULL	5.00	2.00	4.00	0	1.225	28326.4040	0-1 Year (Onboarding)	0
4261	Engineering	Associate	Associate - Engineering	71727.21	3	2.93	50	Non-Binary	Caucasian	2023-09-10	NULL	6.00	9.99	3.00	0	1.241	28690.8840	1-3 Years (Mid-Tenure)	0
4242	Engineering	Associate	Associate - Engineering	44143.05	4	5.03	47	Non-Binary	Asian	2021-08-05	NULL	8.00	6.00	5.00	0	0.763	17657.2200	3+ Years (Tenured)	0
1239	Engineering	Associate	Associate - Engineering	55181.43	3	4.15	51	NULL	Asian	2022-06-24	NULL	4.00	7.00	3.00	0	0.954	22072.5720	3+ Years (Tenured)	0
4231	Engineering	Associate	Associate - Engineering	41799.84	1	2.22	48	Male	Caucasian	2024-05-28	NULL	9.99	9.99	9.00	0	0.723	16719.9360	1-3 Years (Mid-Tenure)	0
1292	Engineering	Associate	Associate - Engineering	50068.05	4	1.02	32	Female	Hispanic	2023-09-05	2024-09-13	3.00	1.00	1.00	1	0.866	20027.2200	1-3 Years (Mid-Tenure)	1
1320	Engineering	Associate	Associate - Engineering	50702.53	4	0.75	33	Female	African American	2025-11-15	NULL	9.99	9.99	9.00	0	0.877	20281.0120	0-1 Year (Onboarding)	0
1105	Engineering	Associate	Associate - Engineering	50358.54	1	3.78	43	Other	African American	2022-11-04	NULL	3.00	8.00	8.00	0	0.871	20143.4160	3+ Years (Tenured)	0
1343	Engineering	Associate	Associate - Engineering	40723.34	3	0.50	52	Non-Binary	Two or More	2026-02-13	NULL	5.00	7.00	1.00	0	0.704	16289.3360	0-1 Year (Onboarding)	0
1353	Engineering	Associate	Associate - Engineering	66665.34	3	2.08	36	Female	Two or More	2024-07-17	NULL	9.00	4.00	1.00	0	1.153	26666.1360	1-3 Years (Mid-Tenure)	0
697	Engineering	Associate	Associate - Engineering	54393.56	4	2.26	43	Male	Two or More	2024-05-13	NULL	9.00	9.00	6.00	0	0.941	21757.4240	1-3 Years (Mid-Tenure)	0
1372	Engineering	Associate	Associate - Engineering	58298.53	2	1.40	34	Other	African American	2025-03-22	NULL	7.00	2.00	2.00	0	1.008	23319.4120	1-3 Years (Mid-Tenure)	0
4142	Engineering	Associate	Associate - Engineering	50545.76	3	1.59	48	Female	Caucasian	2025-01-12	NULL	8.00	8.00	4.00	0	0.874	20218.3040	1-3 Years (Mid-Tenure)	0
4133	Engineering	Associate	Associate - Engineering	52923.41	4	1.56	43	Female	African American	2025-01-21	NULL	9.00	9.00	5.00	0	0.915	21169.3640	1-3 Years (Mid-Tenure)	0
1382	Engineering	Associate	Associate - Engineering	40107.40	3	4.98	39	Other	Two or More	2021-08-23	NULL	5.00	6.00	7.00	0	0.694	16042.9600	3+ Years (Tenured)	0
4123	Engineering	Associate	Associate - Engineering	54678.93	3	0.80	52	Male	Caucasian	2025-10-26	NULL	9.99	7.00	9.99	0	0.946	21871.5720	0-1 Year (Onboarding)	0
4117	Engineering	Associate	Associate - Engineering	59907.84	3	0.30	41	Female	Caucasian	2026-04-29	NULL	6.00	9.00	7.00	0	1.036	23963.1360	0-1 Year (Onboarding)	0
674	Engineering	Associate	Associate - Engineering	55993.90	4	4.17	44	Male	Hispanic	2022-06-14	NULL	4.00	5.00	5.00	0	0.968	22397.5600	3+ Years (Tenured)	1
1420	Engineering	Associate	Associate - Engineering	55340.75	3	2.12	34	Other	African American	2024-07-03	NULL	8.00	8.00	9.99	0	0.957	22136.3000	1-3 Years (Mid-Tenure)	0
4107	Engineering	Associate	Associate - Engineering	64378.46	4	2.25	42	Female	African American	2024-05-17	NULL	1.00	2.00	2.00	0	1.113	25751.3840	1-3 Years (Mid-Tenure)	1
964	Engineering	Associate	Associate - Engineering	59985.16	4	1.36	31	Other	African American	2025-04-05	NULL	7.00	2.00	1.00	0	1.037	23994.0640	1-3 Years (Mid-Tenure)	0
831	Engineering	Associate	Associate - Engineering	43484.77	4	3.65	39	Female	Hispanic	2022-12-20	NULL	8.00	4.00	2.00	0	0.752	17393.9080	3+ Years (Tenured)	0
4445	Engineering	Associate	Associate - Engineering	64700.67	5	1.10	39	Female	NULL	2024-10-05	2025-11-12	4.00	5.00	4.00	1	1.119	25880.2680	1-3 Years (Mid-Tenure)	1
838	Engineering	Associate	Associate - Engineering	54742.86	2	1.79	42	Non-Binary	Two or More	2024-10-29	NULL	7.00	NULL	1.00	0	0.947	21897.1440	1-3 Years (Mid-Tenure)	0
4424	Engineering	Associate	Associate - Engineering	67971.15	4	0.83	43	Female	NULL	2025-10-17	NULL	6.00	8.00	8.00	0	1.176	27188.4600	0-1 Year (Onboarding)	0
818	Engineering	Associate	Associate - Engineering	65996.00	5	4.71	40	Female	African American	2021-11-30	NULL	2.00	2.00	1.00	0	1.141	26398.4000	3+ Years (Tenured)	1
867	Engineering	Associate	Associate - Engineering	67436.29	5	4.52	21	Non-Binary	Two or More	2022-02-07	NULL	8.00	7.00	7.00	0	1.166	26974.5160	3+ Years (Tenured)	0
898	Engineering	Associate	Associate - Engineering	55368.60	4	4.21	33	Male	Caucasian	2022-06-02	NULL	1.00	2.00	1.00	0	0.958	22147.4400	3+ Years (Tenured)	1
915	Engineering	Associate	Associate - Engineering	70938.62	2	2.81	43	Female	African American	2023-10-24	NULL	3.00	7.00	4.00	0	1.227	28375.4480	1-3 Years (Mid-Tenure)	0
792	Engineering	Associate	Associate - Engineering	70503.25	2	0.83	38	Other	Asian	2025-10-16	NULL	1.00	4.00	1.00	0	1.219	28201.3000	0-1 Year (Onboarding)	0
4387	Engineering	Associate	Associate - Engineering	57827.62	4	1.77	24	Other	Caucasian	2024-11-06	NULL	7.00	2.00	5.00	0	1.000	23131.0480	1-3 Years (Mid-Tenure)	0
936	Engineering	Associate	Associate - Engineering	72264.47	2	1.45	32	Other	Asian	2025-03-05	NULL	7.00	4.00	1.00	0	1.250	28905.7880	1-3 Years (Mid-Tenure)	0
15	Engineering	Associate	Associate - Engineering	53215.23	3	4.76	41	Male	African American	2021-11-11	NULL	1.00	2.00	2.00	0	0.920	21286.0920	3+ Years (Tenured)	0
1804	Engineering	Associate	Associate - Engineering	64626.86	3	2.94	47	Female	Hispanic	2023-09-08	NULL	3.00	1.00	4.00	0	1.118	25850.7440	1-3 Years (Mid-Tenure)	0
1003	Engineering	Associate	Associate - Engineering	42887.32	4	1.84	36	Male	Hispanic	2024-10-14	NULL	9.99	8.00	7.00	0	0.742	17154.9280	1-3 Years (Mid-Tenure)	0
4375	Engineering	Associate	Associate - Engineering	45768.43	3	1.67	22	Female	African American	2024-12-13	NULL	8.00	5.00	4.00	0	0.792	18307.3720	1-3 Years (Mid-Tenure)	0
4358	Engineering	Associate	Associate - Engineering	42603.87	1	0.52	33	Male	Caucasian	2026-02-06	NULL	5.00	6.00	8.00	0	0.737	17041.5480	0-1 Year (Onboarding)	0
1014	Engineering	Associate	Associate - Engineering	63605.84	4	2.42	43	Other	Asian	2024-03-15	NULL	6.00	9.00	8.00	0	1.100	25442.3360	1-3 Years (Mid-Tenure)	0
25	Engineering	Associate	Associate - Engineering	69751.39	4	3.28	58	Other	Asian	2023-05-07	NULL	9.99	6.00	9.99	0	1.206	27900.5560	3+ Years (Tenured)	0
1029	Engineering	Associate	Associate - Engineering	48438.54	4	4.04	45	Non-Binary	Caucasian	2022-08-01	NULL	6.00	8.00	5.00	0	0.838	19375.4160	3+ Years (Tenured)	0
4350	Engineering	Associate	Associate - Engineering	54837.46	5	4.91	45	Male	Asian	2021-09-19	NULL	7.00	5.00	5.00	0	0.948	21934.9840	3+ Years (Tenured)	0
766	Engineering	Associate	Associate - Engineering	71632.75	4	1.41	43	Male	Asian	2022-04-09	2023-09-05	NULL	NULL	NULL	1	1.239	28653.1000	1-3 Years (Mid-Tenure)	0
1084	Engineering	Associate	Associate - Engineering	68143.28	3	0.66	43	Other	NULL	2025-12-18	NULL	1.00	1.00	3.00	0	1.179	27257.3120	0-1 Year (Onboarding)	0
1094	Engineering	Associate	Associate - Engineering	48517.48	3	0.08	51	Other	African American	2026-06-29	2026-07-29	NULL	NULL	NULL	1	0.839	19406.9920	0-1 Year (Onboarding)	0
4330	Engineering	Associate	Associate - Engineering	53125.13	2	3.05	31	Male	Asian	2023-07-27	NULL	6.00	9.00	7.00	0	0.919	21250.0520	3+ Years (Tenured)	0
4321	Engineering	Associate	Associate - Engineering	43603.23	5	3.24	62	Non-Binary	African American	2023-05-22	NULL	7.00	9.99	5.00	0	0.754	17441.2920	3+ Years (Tenured)	0
1706	Engineering	Associate	Associate - Engineering	40850.92	3	4.02	33	Other	Two or More	2022-08-07	NULL	7.00	4.00	5.00	0	0.707	16340.3680	3+ Years (Tenured)	0
1565	Engineering	Associate	Associate - Engineering	51037.16	4	4.48	33	Male	Asian	2022-02-22	NULL	8.00	5.00	3.00	0	0.883	20414.8640	3+ Years (Tenured)	0
1588	Engineering	Associate	Associate - Engineering	63509.97	5	1.49	26	Male	African American	2025-02-18	NULL	7.00	5.00	4.00	0	1.098	25403.9880	1-3 Years (Mid-Tenure)	0
1605	Engineering	Associate	Associate - Engineering	50388.17	3	0.36	39	Other	Hispanic	2025-11-18	2026-03-31	4.00	3.00	5.00	1	0.871	20155.2680	0-1 Year (Onboarding)	0
1609	Engineering	Associate	Associate - Engineering	68458.46	1	3.76	21	Male	Asian	2022-11-11	NULL	7.00	NULL	6.00	0	1.184	27383.3840	3+ Years (Tenured)	0
1624	Engineering	Associate	Associate - Engineering	55225.76	4	1.77	42	Non-Binary	Hispanic	2024-11-08	NULL	8.00	4.00	6.00	0	0.955	22090.3040	1-3 Years (Mid-Tenure)	0
4038	Engineering	Associate	Associate - Engineering	59721.73	2	0.90	51	Non-Binary	African American	2023-05-04	2024-03-28	NULL	NULL	NULL	1	1.033	23888.6920	0-1 Year (Onboarding)	0
1629	Engineering	Associate	Associate - Engineering	58714.54	2	4.90	45	Male	African American	2021-09-22	NULL	3.00	6.00	NULL	0	1.015	23485.8160	3+ Years (Tenured)	0
1639	Engineering	Associate	Associate - Engineering	66543.42	2	0.80	36	Other	Hispanic	2025-08-04	2026-05-22	5.00	9.99	3.00	1	1.151	26617.3680	0-1 Year (Onboarding)	0
1653	Engineering	Associate	Associate - Engineering	55124.11	4	0.90	40	Female	Asian	2025-09-20	NULL	7.00	5.00	4.00	0	0.953	22049.6440	0-1 Year (Onboarding)	0
1656	Engineering	Associate	Associate - Engineering	72595.08	2	1.42	43	Other	Hispanic	2023-10-25	2025-03-25	5.00	9.00	6.00	1	1.256	29038.0320	1-3 Years (Mid-Tenure)	0
1658	Engineering	Associate	Associate - Engineering	55022.74	4	0.82	32	Other	Two or More	2025-10-19	NULL	5.00	7.00	1.00	0	0.952	22009.0960	0-1 Year (Onboarding)	0
1672	Engineering	Associate	Associate - Engineering	72026.23	4	2.94	34	Other	African American	2023-09-07	NULL	6.00	1.00	4.00	0	1.246	28810.4920	1-3 Years (Mid-Tenure)	0
1705	Engineering	Associate	Associate - Engineering	41815.21	4	1.13	35	Other	Two or More	2025-06-27	NULL	6.00	7.00	7.00	0	0.723	16726.0840	1-3 Years (Mid-Tenure)	0
77	Engineering	Associate	Associate - Engineering	59904.19	4	4.76	32	Other	African American	2021-11-10	NULL	6.00	4.00	7.00	0	1.036	23961.6760	3+ Years (Tenured)	0
1711	Engineering	Associate	Associate - Engineering	47642.49	4	3.21	58	Other	African American	2023-05-30	NULL	1.00	1.00	5.00	0	0.824	19056.9960	3+ Years (Tenured)	1
109	Engineering	Associate	Associate - Engineering	66316.26	2	0.61	44	Male	African American	2026-01-03	NULL	4.00	7.00	4.00	0	1.147	26526.5040	0-1 Year (Onboarding)	0
3975	Engineering	Associate	Associate - Engineering	63982.44	2	1.32	53	Female	Hispanic	2024-09-16	2026-01-10	9.99	9.00	NULL	1	1.107	25592.9760	1-3 Years (Mid-Tenure)	0
111	Engineering	Associate	Associate - Engineering	51033.86	2	3.55	40	Male	Caucasian	2023-01-29	NULL	4.00	4.00	1.00	0	0.883	20413.5440	3+ Years (Tenured)	0
1729	Engineering	Associate	Associate - Engineering	62669.14	2	1.26	39	Other	Hispanic	2025-05-11	NULL	8.00	8.00	6.00	0	1.084	25067.6560	1-3 Years (Mid-Tenure)	0
595	Engineering	Associate	Associate - Engineering	58669.84	2	0.83	39	Male	African American	2025-10-15	NULL	4.00	2.00	1.00	0	1.015	23467.9360	0-1 Year (Onboarding)	0
1759	Engineering	Associate	Associate - Engineering	53503.25	4	2.81	32	Non-Binary	Hispanic	2023-10-24	NULL	2.00	1.00	3.00	0	0.925	21401.3000	1-3 Years (Mid-Tenure)	1
3941	Engineering	Associate	Associate - Engineering	74245.79	1	0.78	42	Male	African American	2023-04-06	2024-01-17	NULL	NULL	NULL	1	1.284	29698.3160	0-1 Year (Onboarding)	0
3920	Engineering	Associate	Associate - Engineering	72326.10	4	4.02	27	Male	Hispanic	2022-08-07	NULL	3.00	4.00	3.00	0	1.251	28930.4400	3+ Years (Tenured)	1
583	Engineering	Associate	Associate - Engineering	72440.36	2	3.72	37	Male	Asian	2022-11-25	NULL	1.00	5.00	5.00	0	1.253	28976.1440	3+ Years (Tenured)	0
1790	Engineering	Associate	Associate - Engineering	45219.65	3	0.32	44	Male	Asian	2025-06-17	2025-10-10	NULL	NULL	NULL	1	0.782	18087.8600	0-1 Year (Onboarding)	0
573	Engineering	Associate	Associate - Engineering	50614.84	3	0.18	37	Non-Binary	African American	2026-06-10	NULL	8.00	5.00	4.00	0	0.875	20245.9360	0-1 Year (Onboarding)	0
4105	Engineering	Associate	Associate - Engineering	47571.87	3	1.97	22	Male	Two or More	2024-08-27	NULL	8.00	5.00	3.00	0	0.823	19028.7480	1-3 Years (Mid-Tenure)	0
4101	Engineering	Associate	Associate - Engineering	74385.47	2	0.59	41	Female	Two or More	2026-01-13	NULL	4.00	4.00	NULL	0	1.286	29754.1880	0-1 Year (Onboarding)	0
1562	Engineering	Associate	Associate - Engineering	44948.39	2	0.57	31	Male	African American	2026-01-19	NULL	NULL	NULL	NULL	0	0.777	17979.3560	0-1 Year (Onboarding)	0
1535	Engineering	Associate	Associate - Engineering	63747.21	5	1.25	21	NULL	Hispanic	2025-05-15	NULL	4.00	2.00	7.00	0	1.102	25498.8840	1-3 Years (Mid-Tenure)	1
1459	Engineering	Associate	Associate - Engineering	53854.52	4	0.78	49	NULL	Caucasian	2025-11-05	NULL	4.00	1.00	5.00	0	0.931	21541.8080	0-1 Year (Onboarding)	1
4084	Engineering	Associate	Associate - Engineering	55504.92	4	3.48	41	Male	Asian	2022-12-19	2026-06-11	3.00	9.00	5.00	1	0.960	22201.9680	3+ Years (Tenured)	1
1496	Engineering	Associate	Associate - Engineering	52831.78	2	0.44	33	Male	Two or More	2026-03-08	NULL	4.00	3.00	3.00	0	0.914	21132.7120	0-1 Year (Onboarding)	0
1497	Engineering	Associate	Associate - Engineering	49784.11	5	4.47	42	Female	African American	2022-02-27	NULL	4.00	6.00	5.00	0	0.861	19913.6440	3+ Years (Tenured)	1
84	Engineering	Associate	Associate - Engineering	68723.69	3	2.65	41	Non-Binary	Asian	2023-12-22	NULL	5.00	3.00	4.00	0	1.189	27489.4760	1-3 Years (Mid-Tenure)	0
1500	Engineering	Associate	Associate - Engineering	46774.87	4	4.10	28	Female	African American	2022-07-11	NULL	6.00	NULL	3.00	0	0.809	18709.9480	3+ Years (Tenured)	0
1525	Engineering	Associate	Associate - Engineering	46635.94	3	0.96	44	Other	Asian	2025-08-30	NULL	7.00	7.00	5.00	0	0.807	18654.3760	0-1 Year (Onboarding)	0
1376	Engineering	Domain Director	Domain Director - Engineering	148116.54	3	1.55	44	Non-Binary	NULL	2025-01-28	NULL	5.00	5.00	3.00	0	1.033	59246.6160	1-3 Years (Mid-Tenure)	0
3599	Engineering	Domain Director	domain director - engineering	124098.63	3	2.60	48	Non-Binary	Hispanic	2024-01-08	NULL	7.00	NULL	NULL	0	0.866	49639.4520	1-3 Years (Mid-Tenure)	0
1036	Engineering	Domain Director	Domain Director - Engineering	157762.20	3	1.95	41	Female	Caucasian	2024-09-04	NULL	9.00	5.00	9.99	0	1.101	63104.8800	1-3 Years (Mid-Tenure)	0
69	Engineering	Manager	Manager - Engineering	89355.03	3	3.04	27	Other	Asian	2023-08-01	NULL	6.00	5.00	7.00	0	0.906	35742.0120	3+ Years (Tenured)	0
925	Engineering	Manager	Manager - Engineering	85329.19	5	1.95	49	Male	African American	2024-09-03	NULL	5.00	7.00	9.00	0	0.865	34131.6760	1-3 Years (Mid-Tenure)	0
1210	Engineering	Manager	Manager - Engineering	113290.69	1	2.93	33	Non-Binary	Hispanic	2023-09-10	NULL	5.00	5.00	1.00	0	1.149	45316.2760	1-3 Years (Mid-Tenure)	0
4016	Engineering	Manager	Manager - Engineering	83481.83	3	2.58	43	Female	Hispanic	2024-01-15	NULL	4.00	5.00	7.00	0	0.847	33392.7320	1-3 Years (Mid-Tenure)	0
324	Engineering	Manager	Manager - Engineering	114604.72	3	0.05	47	Male	Caucasian	2026-07-26	NULL	NULL	NULL	NULL	0	1.162	45841.8880	0-1 Year (Onboarding)	0
4380	Engineering	Manager	Manager - Engineering	119820.83	1	0.19	52	Male	African American	2024-11-23	2025-01-30	NULL	NULL	NULL	1	1.215	47928.3320	0-1 Year (Onboarding)	0
2023	Engineering	Manager	Manager - Engineering	97577.65	4	4.50	42	Male	Caucasian	2022-02-16	NULL	5.00	2.00	5.00	0	0.990	39031.0600	3+ Years (Tenured)	0
450	Engineering	Manager	Manager - Engineering	70704.35	5	1.05	51	Male	Two or More	2023-07-02	2024-07-18	7.00	8.00	4.00	1	0.717	28281.7400	1-3 Years (Mid-Tenure)	0
2844	Engineering	Manager	Manager - Engineering	113264.94	2	0.71	32	Other	African American	2025-11-29	NULL	6.00	6.00	2.00	0	1.149	45305.9760	0-1 Year (Onboarding)	0
547	Engineering	Supervisor/Lead	Supervisor/Lead - Engineering	60840.64	1	3.76	31	Male	Asian	2022-11-10	NULL	2.00	5.00	4.00	0	0.846	24336.2560	3+ Years (Tenured)	0
1966	Engineering	Supervisor/Lead	Supervisor/Lead - Engineering	56485.19	4	3.20	41	Non-Binary	African American	2023-06-05	NULL	4.00	1.00	2.00	0	0.785	22594.0760	3+ Years (Tenured)	1
4451	Engineering	Supervisor/Lead	Supervisor/Lead - Engineering	68304.44	2	2.53	22	Other	African American	2024-02-02	NULL	7.00	NULL	7.00	0	0.950	27321.7760	1-3 Years (Mid-Tenure)	0
3120	Engineering	Supervisor/Lead	Supervisor/Lead - Engineering	89358.19	3	2.87	21	NULL	Hispanic	2023-10-04	NULL	5.00	6.00	9.99	0	1.242	35743.2760	1-3 Years (Mid-Tenure)	0
3138	Engineering	Supervisor/Lead	Supervisor/Lead - Engineering	61074.38	2	0.23	34	Female	Asian	2023-09-29	2023-12-23	NULL	NULL	NULL	1	0.849	24429.7520	0-1 Year (Onboarding)	0
1408	Engineering	Supervisor/Lead	Supervisor/Lead - Engineering	56747.95	3	4.44	38	Male	African American	2022-03-09	NULL	6.00	3.00	1.00	0	0.789	22699.1800	3+ Years (Tenured)	0
484	Engineering	Supervisor/Lead	Supervisor/Lead - Engineering	85952.52	5	0.30	31	Female	Two or More	2025-12-10	2026-03-29	7.00	2.00	7.00	0	1.195	34381.0080	0-1 Year (Onboarding)	0
1762	Engineering	Supervisor/Lead	Supervisor/Lead - Engineering	89355.23	3	3.01	27	Female	Caucasian	2023-08-11	NULL	9.00	8.00	4.00	0	1.242	35742.0920	3+ Years (Tenured)	0
3202	Engineering	Supervisor/Lead	Supervisor/Lead - Engineering	67508.18	2	2.79	25	Other	Hispanic	2023-11-02	NULL	9.99	8.00	NULL	0	0.938	27003.2720	1-3 Years (Mid-Tenure)	0
2722	Engineering	Supervisor/Lead	Supervisor/Lead - Engineering	73891.55	5	4.60	36	Male	Asian	2022-01-10	NULL	1.00	4.00	3.00	0	1.027	29556.6200	3+ Years (Tenured)	1
375	Engineering	Supervisor/Lead	Supervisor/Lead - Engineering	55400.00	2	2.39	40	Non-Binary	Caucasian	2024-03-27	NULL	7.00	6.00	9.00	0	0.770	22160.0000	1-3 Years (Mid-Tenure)	0
1271	Engineering	Supervisor/Lead	Supervisor/Lead - Engineering	56574.29	5	2.77	26	Non-Binary	Hispanic	2023-11-07	NULL	4.00	5.00	2.00	0	0.786	22629.7160	1-3 Years (Mid-Tenure)	1
1415	Engineering	Supervisor/Lead	Supervisor/Lead - Engineering	81396.50	5	3.79	45	Other	African American	2022-10-31	NULL	5.00	1.00	4.00	0	1.132	32558.6000	3+ Years (Tenured)	0
2514	Engineering	Supervisor/Lead	SUPERVISOR/LEAD - ENGINEERING	79076.09	5	0.06	37	Female	Hispanic	2026-07-23	NULL	NULL	NULL	NULL	0	1.099	31630.4360	0-1 Year (Onboarding)	0
294	Engineering	Supervisor/Lead	Supervisor/Lead - Engineering	84052.23	2	4.36	45	Non-Binary	Two or More	2022-04-05	NULL	8.00	1.00	9.00	0	1.168	33620.8920	3+ Years (Tenured)	0
2650	Engineering	Supervisor/Lead	Supervisor/Lead - Engineering	58468.65	3	4.68	29	Male	Caucasian	2021-12-09	NULL	8.00	1.00	8.00	0	0.813	23387.4600	3+ Years (Tenured)	0
3008	Engineering	Supervisor/Lead	Supervisor/Lead - Engineering	58074.05	3	0.71	43	Other	Asian	2025-11-28	NULL	5.00	9.00	6.00	0	0.807	23229.6200	0-1 Year (Onboarding)	0
1004	Engineering	Supervisor/Lead	Supervisor/Lead - Engineering	75577.06	3	3.69	46	Female	Caucasian	2022-12-07	NULL	4.00	4.00	7.00	0	1.051	30230.8240	3+ Years (Tenured)	0
1253	Engineering	Supervisor/Lead	Supervisor/Lead - Engineering	68632.87	3	0.94	29	Non-Binary	Two or More	2023-09-24	2024-08-31	5.00	2.00	7.00	1	0.954	27453.1480	0-1 Year (Onboarding)	0
2143	Engineering	Supervisor/Lead	Supervisor/Lead - Engineering	82972.44	4	3.44	35	Non-Binary	Asian	2023-03-08	NULL	6.00	6.00	8.00	0	1.153	33188.9760	3+ Years (Tenured)	0
1679	Engineering	Supervisor/Lead	Supervisor/Lead - Engineering	80624.91	4	4.06	48	Non-Binary	Two or More	2022-07-26	NULL	9.00	5.00	5.00	0	1.121	32249.9640	3+ Years (Tenured)	0
748	Engineering	Supervisor/Lead	Supervisor/Lead - Engineering	69109.40	4	2.42	34	Male	African American	2024-03-13	NULL	8.00	3.00	5.00	0	0.961	27643.7600	1-3 Years (Mid-Tenure)	0
511	Engineering	Supervisor/Lead	Supervisor/Lead - Engineering	72301.63	4	3.98	29	Male	African American	2022-08-24	NULL	6.00	6.00	2.00	0	1.005	28920.6520	3+ Years (Tenured)	0
696	Engineering	Supervisor/Lead	Supervisor/Lead - Engineering	83461.17	3	2.98	41	Male	African American	2023-08-22	NULL	3.00	5.00	2.00	0	1.160	33384.4680	1-3 Years (Mid-Tenure)	0
2258	Engineering	Supervisor/Lead	Supervisor/Lead - Engineering	68931.20	3	4.79	35	Female	African American	2021-11-02	NULL	9.00	7.00	9.00	0	0.958	27572.4800	3+ Years (Tenured)	0
2278	Engineering	Supervisor/Lead	Supervisor/Lead - Engineering	55248.38	5	2.55	29	Male	Asian	2024-01-27	NULL	5.00	5.00	8.00	0	0.768	22099.3520	1-3 Years (Mid-Tenure)	0
3653	Engineering	Supervisor/Lead	Supervisor/Lead - Engineering	82478.79	1	2.77	35	Non-Binary	Hispanic	2023-11-09	NULL	9.99	9.00	4.00	0	1.147	32991.5160	1-3 Years (Mid-Tenure)	0
3472	Engineering	Supervisor/Lead	Supervisor/Lead - Engineering	62156.39	4	0.37	40	Female	Caucasian	2026-04-03	NULL	NULL	NULL	NULL	0	0.864	24862.5560	0-1 Year (Onboarding)	0
3420	Engineering	Supervisor/Lead	Supervisor/Lead - Engineering	80522.84	2	4.36	45	Female	Hispanic	2022-04-05	NULL	7.00	1.00	7.00	0	1.119	32209.1360	3+ Years (Tenured)	0
3556	Engineering	Supervisor/Lead	Supervisor/Lead - Engineering	74249.99	5	4.46	39	Female	Two or More	2022-02-28	NULL	6.00	1.00	NULL	0	1.032	29699.9960	3+ Years (Tenured)	0
4056	Engineering	Supervisor/Lead	Supervisor/Lead - Engineering	86405.65	1	1.63	42	Other	NULL	2024-12-29	NULL	5.00	9.99	9.99	0	1.201	34562.2600	1-3 Years (Mid-Tenure)	0
4104	Engineering	Supervisor/Lead	Supervisor/Lead - Engineering	67822.83	3	0.52	40	Male	Asian	2026-02-08	NULL	4.00	7.00	7.00	0	0.943	27129.1320	0-1 Year (Onboarding)	0
3954	Engineering	Supervisor/Lead	Supervisor/Lead - Engineering	63088.81	1	3.21	21	Female	NULL	2023-05-31	NULL	7.00	5.00	4.00	0	0.877	25235.5240	3+ Years (Tenured)	0
3243	Engineering	Supervisor/Lead	Supervisor/Lead - Engineering	56681.71	3	2.32	38	Female	Hispanic	2024-04-22	NULL	6.00	7.00	2.00	0	0.788	22672.6840	1-3 Years (Mid-Tenure)	0
3697	Engineering	Supervisor/Lead	Supervisor/Lead - Engineering	81596.18	3	3.15	39	Other	Caucasian	2023-06-22	NULL	8.00	9.99	5.00	0	1.134	32638.4720	3+ Years (Tenured)	0
3981	Engineering	Supervisor/Lead	Supervisor/Lead - Engineering	71620.76	3	1.56	40	Other	Asian	2025-01-24	NULL	8.00	5.00	7.00	0	0.996	28648.3040	1-3 Years (Mid-Tenure)	0
4065	Engineering	Supervisor/Lead	Supervisor/Lead - Engineering	66532.53	3	3.45	39	Other	Hispanic	2023-03-06	NULL	6.00	9.00	3.00	0	0.925	26613.0120	3+ Years (Tenured)	0
4296	Engineering	Supervisor/Lead	Supervisor/Lead - Engineering	87199.50	2	1.74	42	Female	Caucasian	2024-11-19	NULL	6.00	6.00	8.00	0	1.212	34879.8000	1-3 Years (Mid-Tenure)	0
193	Engineering	Supervisor/Lead	Supervisor/Lead - Engineering	89032.95	3	4.45	35	Other	African American	2022-03-04	NULL	4.00	8.00	8.00	0	1.238	35613.1800	3+ Years (Tenured)	0
4141	Engineering	Supervisor/Lead	Supervisor/Lead - Engineering	60410.62	3	4.73	42	Female	African American	2021-11-21	NULL	8.00	8.00	9.99	0	0.840	24164.2480	3+ Years (Tenured)	0
4172	Engineering	Supervisor/Lead	Supervisor/Lead - Engineering	82300.07	3	3.93	35	Male	Caucasian	2022-09-10	NULL	3.00	3.00	5.00	0	1.144	32920.0280	3+ Years (Tenured)	0
3620	Engineering	Supervisor/Lead	Supervisor/Lead - Engineering	69708.80	2	4.57	34	Other	Asian	2022-01-21	NULL	3.00	4.00	1.00	0	0.969	27883.5200	3+ Years (Tenured)	0
3481	Product	Assistant Manager	Assistant Manager - Product	65418.11	5	4.18	48	Male	Caucasian	2022-06-13	NULL	9.99	9.99	5.00	0	0.820	26167.2440	3+ Years (Tenured)	0
580	Product	Assistant Manager	Assistant Manager - Product	62808.47	4	1.13	32	Male	NULL	2025-06-27	NULL	9.99	5.00	7.00	0	0.787	25123.3880	1-3 Years (Mid-Tenure)	0
332	Product	Assistant Manager	Assistant Manager - Product	90722.15	4	4.21	26	Male	African American	2022-05-31	NULL	9.00	6.00	4.00	0	1.137	36288.8600	3+ Years (Tenured)	0
3861	Product	Assistant Manager	Assistant Manager - Product	85844.51	3	0.71	40	Female	Hispanic	2025-11-28	NULL	3.00	4.00	4.00	0	1.076	34337.8040	0-1 Year (Onboarding)	0
1315	Product	Assistant Manager	Assistant Manager - Product	84452.07	5	4.76	49	NULL	Two or More	2021-11-13	NULL	6.00	9.00	7.00	0	1.058	33780.8280	3+ Years (Tenured)	0
1118	Product	Assistant Manager	Assistant Manager - Product	77048.16	2	3.33	38	Male	Asian	2023-04-17	NULL	2.00	2.00	2.00	0	0.966	30819.2640	3+ Years (Tenured)	0
1399	Product	Assistant Manager	Assistant Manager - Product	76076.98	3	3.10	53	Female	African American	2023-07-09	NULL	9.99	7.00	4.00	0	0.953	30430.7920	3+ Years (Tenured)	0
93	Product	Assistant Manager	Assistant Manager - Product	71647.04	4	0.18	31	Other	Asian	2021-07-27	2021-10-02	NULL	NULL	NULL	1	0.898	28658.8160	0-1 Year (Onboarding)	0
1457	Product	Assistant Manager	Assistant Manager - Product	85402.41	2	3.53	22	Non-Binary	African American	2023-02-05	NULL	7.00	9.00	6.00	0	1.070	34160.9640	3+ Years (Tenured)	0
2967	Product	Assistant Manager	Assistant Manager - Product	98477.36	3	4.16	46	Male	African American	2022-06-17	NULL	5.00	3.00	1.00	0	1.234	39390.9440	3+ Years (Tenured)	0
455	Product	Associate	Associate - Product	42177.54	2	5.04	34	Male	Two or More	2021-07-31	NULL	6.00	6.00	4.00	0	0.729	16871.0160	3+ Years (Tenured)	0
1205	Product	Associate	Associate - Product	60806.59	4	1.32	24	NULL	Caucasian	2025-04-19	NULL	2.00	5.00	3.00	0	1.051	24322.6360	1-3 Years (Mid-Tenure)	1
4281	Product	Associate	Associate - Product	63104.85	3	3.85	43	Other	African American	2022-10-10	NULL	2.00	2.00	5.00	0	1.091	25241.9400	3+ Years (Tenured)	0
2335	Product	Associate	Associate - Product	65584.15	5	4.48	45	Male	African American	2022-02-20	NULL	5.00	7.00	7.00	0	1.134	26233.6600	3+ Years (Tenured)	0
736	Product	Associate	Associate - Product	69833.98	3	2.58	54	Female	Hispanic	2024-01-18	NULL	3.00	2.00	2.00	0	1.207	27933.5920	1-3 Years (Mid-Tenure)	0
2318	Product	Associate	Associate - Product	48153.28	2	4.12	42	Other	Hispanic	2022-07-02	NULL	9.99	8.00	5.00	0	0.832	19261.3120	3+ Years (Tenured)	0
1781	Product	Associate	Associate - Product	40761.68	1	0.72	32	Male	NULL	2025-11-26	NULL	2.00	3.00	1.00	0	0.705	16304.6720	0-1 Year (Onboarding)	0
2315	Product	Associate	Associate - Product	47615.04	4	2.11	38	Other	Two or More	2024-07-06	NULL	9.00	7.00	6.00	0	0.823	19046.0160	1-3 Years (Mid-Tenure)	0
173	Product	Associate	Associate - Product	53676.74	1	0.75	21	Other	Asian	2025-11-14	NULL	5.00	5.00	1.00	0	0.928	21470.6960	0-1 Year (Onboarding)	0
3904	Product	Associate	Associate - Product	57677.24	3	0.30	29	Female	Asian	2026-04-28	NULL	3.00	1.00	1.00	0	0.997	23070.8960	0-1 Year (Onboarding)	0
1235	Product	Associate	Associate - Product	64595.39	4	4.08	50	Non-Binary	Asian	2022-07-17	NULL	9.00	5.00	6.00	0	1.117	25838.1560	3+ Years (Tenured)	0
172	Product	Associate	Associate - Product	54324.17	3	2.76	49	Non-Binary	Two or More	2023-11-13	NULL	5.00	6.00	5.00	0	0.939	21729.6680	1-3 Years (Mid-Tenure)	0
2295	Product	Associate	Associate - Product	59257.68	3	4.49	40	Other	African American	2022-02-17	NULL	7.00	5.00	5.00	0	1.024	23703.0720	3+ Years (Tenured)	0
1787	Product	Associate	Associate - Product	41641.34	3	4.21	26	Female	African American	2022-05-30	NULL	9.00	9.99	9.00	0	0.720	16656.5360	3+ Years (Tenured)	0
1212	Product	Associate	Associate - Product	72728.37	2	3.04	39	Male	Two or More	2023-08-02	NULL	8.00	8.00	6.00	0	1.257	29091.3480	3+ Years (Tenured)	0
1789	Product	Associate	Associate - Product	57164.94	5	1.03	45	Non-Binary	Hispanic	2025-08-04	NULL	7.00	9.99	9.00	0	0.988	22865.9760	1-3 Years (Mid-Tenure)	0
670	Product	Associate	Associate - Product	60982.25	3	3.21	49	Other	Hispanic	2023-06-01	NULL	6.00	1.00	5.00	0	1.054	24392.9000	3+ Years (Tenured)	0
2237	Product	Associate	Associate - Product	74425.59	3	2.90	39	Female	African American	2023-09-21	NULL	7.00	8.00	7.00	0	1.287	29770.2360	1-3 Years (Mid-Tenure)	0
4284	Product	Associate	Associate - Product	62906.98	2	3.96	34	Other	Caucasian	2022-08-29	NULL	1.00	3.00	1.00	0	1.087	25162.7920	3+ Years (Tenured)	0
3960	Product	Associate	Associate - Product	43257.02	2	3.25	58	Other	African American	2023-05-16	NULL	8.00	3.00	9.00	0	0.748	17302.8080	3+ Years (Tenured)	0
2526	Product	Associate	Associate - Product	68586.49	3	2.49	41	Male	Hispanic	2024-02-18	NULL	6.00	9.99	6.00	0	1.186	27434.5960	1-3 Years (Mid-Tenure)	0
2497	Product	Associate	Associate - Product	64966.00	3	0.96	55	Female	Caucasian	2025-08-30	NULL	5.00	5.00	NULL	0	1.123	25986.4000	0-1 Year (Onboarding)	0
2488	Product	Associate	Associate - Product	52857.27	3	2.16	35	Male	Hispanic	2024-06-17	NULL	1.00	1.00	9.00	0	0.914	21142.9080	1-3 Years (Mid-Tenure)	0
3533	Product	Associate	Associate - Product	54974.22	4	0.48	26	Female	Asian	2023-09-25	2024-03-18	NULL	NULL	NULL	1	0.950	21989.6880	0-1 Year (Onboarding)	0
412	Product	Associate	Associate - Product	49015.58	4	4.36	34	Other	Caucasian	2022-04-06	NULL	8.00	6.00	4.00	0	0.847	19606.2320	3+ Years (Tenured)	0
415	Product	Associate	Associate - Product	55229.30	5	0.25	37	Non-Binary	Two or More	2026-05-15	NULL	9.00	9.00	9.99	0	0.955	22091.7200	0-1 Year (Onboarding)	0
418	Product	Associate	Associate - Product	53000.28	3	4.60	30	Female	African American	2022-01-09	NULL	4.00	8.00	5.00	0	0.916	21200.1120	3+ Years (Tenured)	0
419	Product	Associate	Associate - Product	53268.72	5	0.83	40	Female	African American	2025-10-15	NULL	7.00	9.00	9.99	0	0.921	21307.4880	0-1 Year (Onboarding)	0
1754	Product	Associate	Associate - Product	45798.38	5	2.02	35	Other	Hispanic	2024-08-06	NULL	8.00	6.00	5.00	0	0.792	18319.3520	1-3 Years (Mid-Tenure)	0
1125	Product	Associate	Associate - Product	61616.81	1	0.71	32	Female	Two or More	2025-10-31	2026-07-17	7.00	4.00	8.00	1	1.065	24646.7240	0-1 Year (Onboarding)	0
2462	Product	Associate	Associate - Product	71511.77	1	0.30	41	Other	African American	2023-08-20	2023-12-07	NULL	NULL	NULL	1	1.236	28604.7080	0-1 Year (Onboarding)	0
737	Product	Associate	Associate - Product	65940.92	3	0.14	45	Non-Binary	Caucasian	2026-06-24	NULL	NULL	NULL	NULL	0	1.140	26376.3680	0-1 Year (Onboarding)	0
2453	Product	Associate	Associate - Product	57599.33	1	4.83	26	Other	African American	2021-10-16	NULL	4.00	4.00	1.00	0	0.996	23039.7320	3+ Years (Tenured)	0
3565	Product	Associate	Associate - Product	49771.96	3	0.59	36	Non-Binary	Hispanic	2026-01-12	NULL	5.00	1.00	3.00	0	0.860	19908.7840	0-1 Year (Onboarding)	0
2425	Product	Associate	Associate - Product	52131.88	3	4.04	46	NULL	Hispanic	2022-08-03	NULL	3.00	6.00	2.00	0	0.901	20852.7520	3+ Years (Tenured)	0
3591	Product	Associate	ASSOCIATE - PRODUCT	56889.03	3	4.42	42	Male	African American	2022-03-14	NULL	2.00	2.00	1.00	0	0.983	22755.6120	3+ Years (Tenured)	0
1763	Product	Associate	Associate - Product	48230.40	3	4.38	41	Female	Hispanic	2021-09-29	2026-02-15	5.00	3.00	3.00	1	0.834	19292.1600	3+ Years (Tenured)	0
1145	Product	Associate	Associate - Product	63366.84	4	0.56	41	Female	African American	2026-01-23	NULL	4.00	4.00	2.00	0	1.095	25346.7360	0-1 Year (Onboarding)	1
1448	Product	Associate	Associate - Product	55395.73	2	4.64	42	Non-Binary	African American	2021-12-24	NULL	7.00	8.00	2.00	0	0.958	22158.2920	3+ Years (Tenured)	0
437	Product	Associate	Associate - Product	66055.80	4	4.50	44	Other	Hispanic	2022-02-16	NULL	2.00	2.00	3.00	0	1.142	26422.3200	3+ Years (Tenured)	1
1161	Product	Associate	Associate - Product	60558.77	4	0.23	45	Male	Asian	2026-05-22	NULL	7.00	4.00	5.00	0	1.047	24223.5080	0-1 Year (Onboarding)	0
1775	Product	Associate	Associate - Product	46360.80	2	2.53	22	Other	Two or More	2024-02-04	NULL	6.00	7.00	6.00	0	0.801	18544.3200	1-3 Years (Mid-Tenure)	0
1162	Product	Associate	Associate - Product	67220.13	4	3.08	38	Male	Asian	2022-01-24	2025-02-21	6.00	6.00	7.00	1	1.162	26888.0520	3+ Years (Tenured)	0
1358	Product	Associate	Associate - Product	69509.17	4	4.18	37	Male	Hispanic	2022-06-10	NULL	4.00	6.00	4.00	0	1.202	27803.6680	3+ Years (Tenured)	1
1853	Product	Associate	Associate - Product	57934.89	3	2.61	45	Female	NULL	2024-01-04	NULL	7.00	2.00	8.00	0	1.002	23173.9560	1-3 Years (Mid-Tenure)	0
2105	Product	Associate	Associate - Product	66142.12	3	2.61	34	Non-Binary	Two or More	2024-01-04	NULL	4.00	5.00	5.00	0	1.143	26456.8480	1-3 Years (Mid-Tenure)	0
507	Product	Associate	Associate - Product	57184.19	5	4.59	32	Other	African American	2022-01-12	NULL	9.99	9.00	9.99	0	0.989	22873.6760	3+ Years (Tenured)	0
2096	Product	Associate	Associate - Product	52707.09	3	0.98	31	Other	Two or More	2022-07-14	2023-07-07	NULL	NULL	NULL	1	0.911	21082.8360	0-1 Year (Onboarding)	0
4166	Product	Associate	Associate - Product	74418.44	5	3.04	38	Other	Two or More	2023-07-31	NULL	3.00	4.00	3.00	0	1.286	29767.3760	3+ Years (Tenured)	1
3754	Product	Associate	Associate - Product	70380.97	5	1.75	32	Female	Caucasian	2024-11-15	NULL	8.00	9.00	5.00	0	1.217	28152.3880	1-3 Years (Mid-Tenure)	0
514	Product	Associate	Associate - Product	51634.94	5	2.07	34	Other	Caucasian	2024-07-19	NULL	9.99	6.00	5.00	0	0.893	20653.9760	1-3 Years (Mid-Tenure)	0
4155	Product	Associate	Associate - Product	45807.14	3	4.63	40	NULL	Hispanic	2021-12-28	NULL	3.00	3.00	7.00	0	0.792	18322.8560	3+ Years (Tenured)	0
1871	Product	Associate	Associate - Product	69059.45	3	3.86	50	Female	Asian	2022-10-07	NULL	9.99	9.00	8.00	0	1.194	27623.7800	3+ Years (Tenured)	0
1898	Product	Associate	Associate - Product	65444.93	4	2.32	26	Female	Caucasian	2024-04-22	NULL	7.00	8.00	9.99	0	1.131	26177.9720	1-3 Years (Mid-Tenure)	0
1404	Product	Associate	Associate - Product	55183.53	3	1.00	45	Male	Hispanic	2025-08-15	NULL	6.00	2.00	2.00	0	0.954	22073.4120	1-3 Years (Mid-Tenure)	0
3818	Product	Associate	Associate - Product	57002.17	4	0.18	28	Male	African American	2026-06-09	NULL	9.99	6.00	8.00	0	0.985	22800.8680	0-1 Year (Onboarding)	0
1356	Product	Associate	Associate - Product	57623.79	2	0.46	37	Female	Hispanic	2026-02-27	NULL	3.00	1.00	3.00	0	0.996	23049.5160	0-1 Year (Onboarding)	0
2110	Product	Associate	Associate - Product	71508.29	2	3.11	56	Female	Asian	2023-07-07	NULL	7.00	6.00	1.00	0	1.236	28603.3160	3+ Years (Tenured)	0
2049	Product	Associate	Associate - Product	52331.08	2	0.46	26	Other	Hispanic	2026-03-01	NULL	8.00	6.00	9.00	0	0.905	20932.4320	0-1 Year (Onboarding)	0
1929	Product	Associate	Associate - Product	69516.56	3	2.67	37	Female	Asian	2023-12-13	NULL	9.00	7.00	8.00	0	1.202	27806.6240	1-3 Years (Mid-Tenure)	0
3790	Product	Associate	Associate - Product	57601.41	5	1.71	31	Male	African American	2024-11-28	NULL	5.00	5.00	3.00	0	0.996	23040.5640	1-3 Years (Mid-Tenure)	0
2017	Product	Associate	Associate - Product	47096.12	3	4.42	41	Female	Two or More	2022-03-16	NULL	4.00	3.00	8.00	0	0.814	18838.4480	3+ Years (Tenured)	0
3792	Product	Associate	Associate - Product	61278.75	3	0.14	34	Female	African American	2026-06-24	NULL	NULL	NULL	NULL	0	1.059	24511.5000	0-1 Year (Onboarding)	0
2010	Product	Associate	Associate - Product	68479.28	2	0.89	21	Male	Asian	2025-09-23	NULL	7.00	6.00	3.00	0	1.184	27391.7120	0-1 Year (Onboarding)	0
1394	Product	Associate	Associate - Product	60419.50	3	4.16	37	Other	Caucasian	2022-06-20	NULL	6.00	1.00	5.00	0	1.044	24167.8000	3+ Years (Tenured)	0
3807	Product	Associate	Associate - Product	48204.31	3	2.45	41	Other	Two or More	2024-03-04	NULL	8.00	8.00	4.00	0	0.833	19281.7240	1-3 Years (Mid-Tenure)	0
1392	Product	Associate	Associate - Product	56670.63	4	0.32	50	Female	Two or More	2026-04-19	NULL	NULL	NULL	NULL	0	0.980	22668.2520	0-1 Year (Onboarding)	0
3793	Product	Associate	Associate - Product	46329.12	4	1.29	23	Male	African American	2025-05-02	NULL	4.00	1.00	4.00	0	0.801	18531.6480	1-3 Years (Mid-Tenure)	1
1377	Product	Associate	Associate - Product	52387.17	5	5.06	32	Non-Binary	African American	2021-07-24	NULL	5.00	6.00	8.00	0	0.906	20954.8680	3+ Years (Tenured)	0
1954	Product	Associate	Associate - Product	72292.98	5	4.09	37	Other	Two or More	2022-07-14	NULL	7.00	5.00	9.99	0	1.250	28917.1920	3+ Years (Tenured)	0
3801	Product	Associate	Associate - Product	61797.85	4	1.02	40	Male	Caucasian	2025-08-06	NULL	4.00	6.00	2.00	0	1.068	24719.1400	1-3 Years (Mid-Tenure)	1
2196	Product	Associate	Associate - Product	53752.70	3	3.39	51	Male	Caucasian	2023-03-26	NULL	5.00	1.00	3.00	0	0.929	21501.0800	3+ Years (Tenured)	0
2270	Product	Associate	Associate - Product	72037.68	3	1.66	43	Male	Asian	2024-12-18	NULL	8.00	7.00	6.00	0	1.245	28815.0720	1-3 Years (Mid-Tenure)	0
2268	Product	Associate	Associate - Product	43869.14	3	1.62	38	Non-Binary	Asian	2024-12-30	NULL	7.00	2.00	6.00	0	0.758	17547.6560	1-3 Years (Mid-Tenure)	0
2251	Product	Associate	Associate - Product	42565.03	3	0.63	43	Female	African American	2021-09-14	2022-05-01	NULL	NULL	NULL	1	0.736	17026.0120	0-1 Year (Onboarding)	0
2238	Product	Associate	Associate - Product	73277.55	3	3.11	28	Non-Binary	Asian	2023-07-08	NULL	5.00	2.00	2.00	0	1.267	29311.0200	3+ Years (Tenured)	0
4305	Product	Associate	Associate - Product	46531.21	4	0.66	40	Other	Caucasian	2025-12-17	NULL	8.00	NULL	9.00	0	0.804	18612.4840	0-1 Year (Onboarding)	0
48	Product	Associate	Associate - Product	53737.84	3	3.95	42	Female	Caucasian	2022-09-03	NULL	3.00	4.00	2.00	0	0.929	21495.1360	3+ Years (Tenured)	0
1811	Product	Associate	Associate - Product	54884.81	4	0.25	42	Non-Binary	Caucasian	2026-05-16	NULL	9.99	7.00	4.00	0	0.949	21953.9240	0-1 Year (Onboarding)	0
4230	Product	Associate	Associate - Product	66531.01	1	3.82	40	Female	African American	2022-10-22	NULL	4.00	4.00	9.99	0	1.150	26612.4040	3+ Years (Tenured)	0
3682	Product	Associate	Associate - Product	65368.96	2	1.45	56	Other	Two or More	2025-03-04	NULL	8.00	1.00	5.00	0	1.130	26147.5840	1-3 Years (Mid-Tenure)	0
163	Product	Associate	Associate - Product	48132.20	3	2.51	42	Non-Binary	Hispanic	2024-02-11	NULL	1.00	7.00	1.00	0	0.832	19252.8800	1-3 Years (Mid-Tenure)	0
1265	Product	Associate	Associate - Product	70883.38	4	4.41	21	Other	Caucasian	2022-03-19	NULL	9.00	9.99	8.00	0	1.225	28353.3520	3+ Years (Tenured)	0
3707	Product	Associate	Associate - Product	72909.30	3	5.06	54	Non-Binary	Asian	2021-07-24	NULL	7.00	5.00	3.00	0	1.260	29163.7200	3+ Years (Tenured)	0
1416	Product	Associate	Associate - Product	41779.28	3	4.74	21	Female	Caucasian	2021-11-20	NULL	4.00	4.00	6.00	0	0.722	16711.7120	3+ Years (Tenured)	0
4267	Product	Associate	Associate - Product	63885.08	5	1.34	54	Female	Hispanic	2025-04-14	NULL	1.00	1.00	1.00	0	1.104	25554.0320	1-3 Years (Mid-Tenure)	1
1827	Product	Associate	Associate - Product	67640.20	2	1.02	47	Non-Binary	Asian	2025-08-06	NULL	8.00	2.00	3.00	0	1.169	27056.0800	1-3 Years (Mid-Tenure)	0
565	Product	Associate	Associate - Product	49530.86	3	4.96	45	Non-Binary	NULL	2021-08-31	NULL	4.00	3.00	3.00	0	0.856	19812.3440	3+ Years (Tenured)	0
4214	Product	Associate	Associate - Product	47511.52	3	0.76	44	Female	African American	2025-11-11	NULL	6.00	7.00	3.00	0	0.821	19004.6080	0-1 Year (Onboarding)	0
3729	Product	Associate	Associate - Product	45979.03	4	0.08	40	Male	African American	2026-07-15	NULL	NULL	NULL	NULL	0	0.795	18391.6120	0-1 Year (Onboarding)	0
3738	Product	Associate	Associate - Product	74723.64	1	4.77	52	Male	Caucasian	2021-11-09	NULL	6.00	3.00	4.00	0	1.292	29889.4560	3+ Years (Tenured)	0
3851	Product	Associate	Associate - Product	59526.81	2	4.78	38	Other	Hispanic	2021-11-06	NULL	5.00	5.00	6.00	0	1.029	23810.7240	3+ Years (Tenured)	0
154	Product	Associate	Associate - Product	54423.52	4	1.61	26	Male	African American	2025-01-03	NULL	4.00	7.00	2.00	0	0.941	21769.4080	1-3 Years (Mid-Tenure)	1
2130	Product	Associate	Associate - Product	60495.53	2	2.56	26	Female	African American	2024-01-23	NULL	5.00	8.00	9.99	0	1.046	24198.2120	1-3 Years (Mid-Tenure)	0
497	Product	Associate	Associate - Product	59397.93	2	2.71	39	Other	African American	2023-11-29	NULL	8.00	5.00	3.00	0	1.027	23759.1720	1-3 Years (Mid-Tenure)	0
706	Product	Associate	Associate - Product	68085.39	4	4.59	36	Non-Binary	Hispanic	2022-01-13	NULL	4.00	7.00	1.00	0	1.177	27234.1560	3+ Years (Tenured)	1
4116	Product	Associate	Associate - Product	68530.77	5	3.24	40	Other	Two or More	2023-05-19	NULL	4.00	7.00	5.00	0	1.185	27412.3080	3+ Years (Tenured)	1
501	Product	Associate	Associate - Product	41970.74	4	1.07	46	Female	Hispanic	2025-07-22	NULL	1.00	6.00	1.00	0	0.726	16788.2960	1-3 Years (Mid-Tenure)	1
231	Product	Associate	Associate - Product	53416.62	5	2.03	45	Non-Binary	Caucasian	2024-08-04	NULL	9.99	8.00	9.00	0	0.923	21366.6480	1-3 Years (Mid-Tenure)	0
897	Product	Associate	Associate - Product	57627.97	4	0.33	40	Other	Hispanic	2026-04-17	NULL	5.00	7.00	4.00	0	0.996	23051.1880	0-1 Year (Onboarding)	0
800	Product	Associate	Associate - Product	44098.19	4	3.76	50	Non-Binary	African American	2022-11-10	NULL	6.00	1.00	5.00	0	0.762	17639.2760	3+ Years (Tenured)	0
2998	Product	Associate	Associate - Product	53993.32	3	5.07	35	Female	Asian	2021-07-21	NULL	8.00	2.00	3.00	0	0.933	21597.3280	3+ Years (Tenured)	0
1542	Product	Associate	Associate - Product	72887.99	2	1.09	41	Male	Asian	2024-11-22	2025-12-24	3.00	1.00	5.00	1	1.260	29155.1960	1-3 Years (Mid-Tenure)	0
2982	Product	Associate	Associate - Product	45166.42	3	4.68	28	Other	Two or More	2021-12-09	NULL	2.00	5.00	1.00	0	0.781	18066.5680	3+ Years (Tenured)	0
1618	Product	Associate	Associate - Product	42536.50	4	3.60	48	Female	African American	2023-01-08	NULL	6.00	5.00	4.00	0	0.735	17014.6000	3+ Years (Tenured)	0
4397	Product	Associate	Associate - Product	55610.89	3	3.55	39	Other	Hispanic	2023-01-29	NULL	7.00	6.00	6.00	0	0.961	22244.3560	3+ Years (Tenured)	0
4022	Product	Associate	Associate - Product	66346.44	5	0.85	29	Male	African American	2025-10-08	NULL	4.00	4.00	3.00	0	1.147	26538.5760	0-1 Year (Onboarding)	1
87	Product	Associate	Associate - Product	66399.11	4	2.31	40	Other	Two or More	2024-04-25	NULL	1.00	7.00	1.00	0	1.148	26559.6440	1-3 Years (Mid-Tenure)	1
3345	Product	Associate	Associate - Product	67480.85	3	2.91	47	Other	Hispanic	2022-09-21	2025-08-18	5.00	7.00	7.00	1	1.167	26992.3400	1-3 Years (Mid-Tenure)	0
1528	Product	Associate	Associate - Product	73967.21	3	4.56	47	Male	African American	2022-01-23	NULL	9.00	9.99	9.99	0	1.279	29586.8840	3+ Years (Tenured)	0
4067	Product	Associate	Associate - Product	45960.89	5	4.95	57	Female	African American	2021-09-02	NULL	2.00	1.00	4.00	0	0.795	18384.3560	3+ Years (Tenured)	1
3372	Product	Associate	Associate - Product	41504.22	4	0.43	40	Male	African American	2026-03-12	NULL	4.00	6.00	4.00	0	0.717	16601.6880	0-1 Year (Onboarding)	1
929	Product	Associate	Associate - Product	70104.89	4	3.38	41	Other	African American	2023-03-29	NULL	6.00	9.99	5.00	0	1.212	28041.9560	3+ Years (Tenured)	0
1612	Product	Associate	Associate - Product	46473.99	3	4.58	48	Non-Binary	Hispanic	2022-01-15	NULL	1.00	1.00	4.00	0	0.803	18589.5960	3+ Years (Tenured)	0
2925	Product	Associate	Associate - Product	48473.43	3	4.99	38	Female	African American	2021-08-20	NULL	9.00	8.00	9.00	0	0.838	19389.3720	3+ Years (Tenured)	0
1662	Product	Associate	Associate - Product	66117.28	5	2.05	39	Other	Asian	2023-05-13	2025-05-31	1.00	2.00	2.00	1	1.143	26446.9120	1-3 Years (Mid-Tenure)	1
2919	Product	Associate	Associate - Product	53679.36	3	0.14	37	Male	NULL	2026-06-25	NULL	NULL	NULL	NULL	0	0.928	21471.7440	0-1 Year (Onboarding)	0
615	Product	Associate	Associate - Product	58634.98	4	4.41	48	Other	Two or More	2022-01-30	2026-06-28	6.00	NULL	NULL	1	1.014	23453.9920	3+ Years (Tenured)	0
2907	Product	Associate	Associate - Product	61827.12	1	0.04	45	Other	African American	2026-07-30	NULL	NULL	NULL	NULL	0	1.069	24730.8480	0-1 Year (Onboarding)	0
3391	Product	Associate	Associate - Product	55149.08	3	0.51	42	Other	African American	2026-02-10	NULL	6.00	9.00	1.00	0	0.953	22059.6320	0-1 Year (Onboarding)	0
3397	Product	Associate	Associate - Product	63323.58	3	1.36	34	Female	Two or More	2025-04-06	NULL	6.00	6.00	2.00	0	1.095	25329.4320	1-3 Years (Mid-Tenure)	0
336	Product	Associate	Associate - Product	72601.93	4	4.64	51	Other	Asian	2021-12-26	NULL	5.00	6.00	NULL	0	1.255	29040.7720	3+ Years (Tenured)	0
944	Product	Associate	Associate - Product	44518.28	3	1.22	51	Other	Asian	2025-05-27	NULL	8.00	8.00	5.00	0	0.770	17807.3120	1-3 Years (Mid-Tenure)	0
953	Product	Associate	Associate - Product	70406.45	3	4.15	35	Female	African American	2022-06-22	NULL	5.00	4.00	1.00	0	1.217	28162.5800	3+ Years (Tenured)	0
2543	Product	Associate	Associate - Product	59129.58	3	0.62	49	Female	Two or More	2026-01-01	NULL	8.00	6.00	6.00	0	1.022	23651.8320	0-1 Year (Onboarding)	0
2870	Product	Associate	Associate - Product	71780.23	3	4.84	48	NULL	African American	2021-10-12	NULL	9.99	7.00	9.00	0	1.241	28712.0920	3+ Years (Tenured)	0
970	Product	Associate	Associate - Product	50363.18	4	3.73	37	Non-Binary	Hispanic	2022-11-24	NULL	4.00	2.00	4.00	0	0.871	20145.2720	3+ Years (Tenured)	1
865	Product	Associate	Associate - Product	70355.14	5	3.16	32	Female	Hispanic	2023-06-18	NULL	1.00	3.00	1.00	0	1.216	28142.0560	3+ Years (Tenured)	1
1554	Product	Associate	Associate - Product	54197.47	5	2.92	43	Female	Two or More	2023-09-15	NULL	7.00	2.00	4.00	0	0.937	21678.9880	1-3 Years (Mid-Tenure)	0
3180	Product	Associate	Associate - Product	69563.21	4	4.66	41	Other	Caucasian	2021-12-17	NULL	8.00	8.00	6.00	0	1.203	27825.2840	3+ Years (Tenured)	0
4066	Product	Associate	Associate - Product	52610.91	5	0.38	54	Other	Hispanic	2026-03-29	NULL	NULL	NULL	NULL	0	0.909	21044.3640	0-1 Year (Onboarding)	0
4430	Product	Associate	Associate - Product	73270.91	3	1.29	34	Male	Hispanic	2025-05-02	NULL	1.00	2.00	5.00	0	1.267	29308.3640	1-3 Years (Mid-Tenure)	0
260	Product	Associate	Associate - Product	66824.44	2	0.12	41	Other	Two or More	2026-07-01	NULL	NULL	NULL	NULL	0	1.155	26729.7760	0-1 Year (Onboarding)	0
3151	Product	Associate	Associate - Product	64287.52	1	2.91	44	Other	Caucasian	2023-09-18	NULL	5.00	2.00	1.00	0	1.111	25715.0080	1-3 Years (Mid-Tenure)	0
4422	Product	Associate	associate - product	44428.28	1	0.52	41	Female	African American	2026-02-06	NULL	8.00	3.00	6.00	0	0.768	17771.3120	0-1 Year (Onboarding)	0
276	Product	Associate	Associate - Product	42169.06	4	3.82	32	Male	African American	2022-10-21	NULL	7.00	5.00	6.00	0	0.729	16867.6240	3+ Years (Tenured)	0
3111	Product	Associate	Associate - Product	70706.12	3	1.84	43	Male	Caucasian	2024-10-11	NULL	5.00	NULL	8.00	0	1.222	28282.4480	1-3 Years (Mid-Tenure)	0
816	Product	Associate	Associate - Product	64357.32	4	1.51	46	Non-Binary	Hispanic	2025-02-09	NULL	5.00	9.99	8.00	0	1.113	25742.9280	1-3 Years (Mid-Tenure)	0
1575	Product	Associate	Associate - Product	70256.90	5	0.43	37	Male	Two or More	2023-07-21	2023-12-25	NULL	NULL	NULL	1	1.215	28102.7600	0-1 Year (Onboarding)	0
852	Product	Associate	Associate - Product	67274.35	3	1.26	28	Female	Two or More	2025-05-12	NULL	5.00	2.00	5.00	0	1.163	26909.7400	1-3 Years (Mid-Tenure)	0
3089	Product	Associate	Associate - Product	48647.14	5	0.85	45	Male	African American	2025-10-09	NULL	9.99	7.00	9.00	0	0.841	19458.8560	0-1 Year (Onboarding)	0
859	Product	Associate	Associate - Product	60766.15	3	2.00	50	Male	African American	2024-08-15	NULL	3.00	4.00	6.00	0	1.050	24306.4600	1-3 Years (Mid-Tenure)	0
1520	Product	Associate	Associate - Product	40107.09	1	0.18	37	Other	Caucasian	2025-12-10	2026-02-13	NULL	NULL	NULL	1	0.693	16042.8360	0-1 Year (Onboarding)	0
3055	Product	Associate	Associate - Product	48716.64	3	1.45	42	Male	Caucasian	2025-03-04	NULL	8.00	6.00	6.00	0	0.842	19486.6560	1-3 Years (Mid-Tenure)	0
1595	Product	Associate	Associate - Product	48956.96	4	0.18	41	Male	African American	2026-06-09	NULL	NULL	NULL	NULL	0	0.846	19582.7840	0-1 Year (Onboarding)	0
811	Product	Associate	Associate - Product	67444.75	5	0.21	24	Female	African American	2026-06-01	NULL	5.00	4.00	3.00	0	1.166	26977.9000	0-1 Year (Onboarding)	0
4416	Product	Associate	Associate - Product	72570.96	4	3.79	46	Non-Binary	Asian	2022-10-31	NULL	5.00	5.00	2.00	0	1.255	29028.3840	3+ Years (Tenured)	0
869	Product	Associate	Associate - Product	49816.35	3	4.89	24	Male	Caucasian	2021-09-25	NULL	6.00	4.00	3.00	0	0.861	19926.5400	3+ Years (Tenured)	0
3298	Product	Associate	Associate - Product	59167.93	1	1.16	29	Non-Binary	African American	2025-06-18	NULL	1.00	5.00	7.00	0	1.023	23667.1720	1-3 Years (Mid-Tenure)	0
4044	Product	Associate	Associate - Product	54690.01	3	1.85	25	Non-Binary	Asian	2024-10-08	NULL	7.00	4.00	9.99	0	0.945	21876.0040	1-3 Years (Mid-Tenure)	0
888	Product	Associate	Associate - Product	74750.02	3	0.41	51	Male	Hispanic	2026-03-20	NULL	5.00	7.00	8.00	0	1.292	29900.0080	0-1 Year (Onboarding)	0
889	Product	Associate	Associate - Product	40562.01	4	1.02	47	Female	African American	2025-08-06	NULL	4.00	3.00	1.00	0	0.701	16224.8040	1-3 Years (Mid-Tenure)	1
3022	Product	Associate	Associate - Product	41903.93	3	3.08	32	Female	Caucasian	2023-07-17	NULL	6.00	4.00	2.00	0	0.724	16761.5720	3+ Years (Tenured)	0
304	Product	Associate	Associate - Product	50227.23	4	0.20	28	Other	Asian	2026-06-04	NULL	5.00	6.00	6.00	0	0.868	20090.8920	0-1 Year (Onboarding)	0
892	Product	Associate	Associate - Product	40493.05	3	2.73	34	Male	Asian	2023-11-22	NULL	2.00	4.00	5.00	0	0.700	16197.2200	1-3 Years (Mid-Tenure)	0
92	Product	Associate	Associate - Product	58413.73	3	3.49	43	Female	Caucasian	2023-02-18	NULL	8.00	9.00	5.00	0	1.010	23365.4920	3+ Years (Tenured)	0
1098	Product	Associate	Associate - Product	58193.97	2	1.91	41	Male	Two or More	2024-09-16	NULL	7.00	7.00	4.00	0	1.006	23277.5880	1-3 Years (Mid-Tenure)	0
2572	Product	Associate	Associate - Product	69091.18	3	3.99	48	Female	Asian	2022-08-19	NULL	5.00	3.00	5.00	0	1.194	27636.4720	3+ Years (Tenured)	0
3486	Product	Associate	Associate - Product	68624.02	4	4.16	40	Female	Two or More	2022-06-18	NULL	4.00	4.00	3.00	0	1.186	27449.6080	3+ Years (Tenured)	1
603	Product	Associate	Associate - Product	61512.19	3	0.32	52	Non-Binary	Hispanic	2026-04-19	NULL	8.00	4.00	7.00	0	1.063	24604.8760	0-1 Year (Onboarding)	0
1035	Product	Associate	Associate - Product	40498.93	3	3.62	38	Other	Caucasian	2022-12-31	NULL	6.00	7.00	4.00	0	0.700	16199.5720	3+ Years (Tenured)	0
2761	Product	Associate	Associate - Product	51274.54	3	1.07	40	Male	Caucasian	2024-02-16	2025-03-12	8.00	7.00	7.00	1	0.886	20509.8160	1-3 Years (Mid-Tenure)	0
1045	Product	Associate	Associate - Product	70307.53	3	4.86	36	Other	Caucasian	2021-10-07	NULL	6.00	8.00	5.00	0	1.215	28123.0120	3+ Years (Tenured)	0
2740	Product	Associate	Associate - Product	55716.06	4	4.88	38	Male	African American	2021-09-29	NULL	5.00	4.00	5.00	0	0.963	22286.4240	3+ Years (Tenured)	0
1468	Product	Associate	Associate - Product	66876.43	2	4.37	46	Female	Asian	2022-04-03	NULL	8.00	9.99	9.99	0	1.156	26750.5720	3+ Years (Tenured)	0
2591	Product	Associate	Associate - Product	68712.30	3	1.72	53	Male	Asian	2024-11-24	NULL	9.99	7.00	6.00	0	1.188	27484.9200	1-3 Years (Mid-Tenure)	0
2728	Product	Associate	Associate - Product	69095.59	3	1.36	30	Non-Binary	African American	2025-04-04	NULL	4.00	8.00	2.00	0	1.194	27638.2360	1-3 Years (Mid-Tenure)	0
1099	Product	Associate	Associate - Product	49329.81	2	4.56	42	Female	Two or More	2022-01-25	NULL	3.00	1.00	1.00	0	0.853	19731.9240	3+ Years (Tenured)	0
4355	Product	Associate	Associate - Product	41336.93	4	2.26	39	Other	Hispanic	2024-05-11	NULL	9.99	7.00	9.99	0	0.715	16534.7720	1-3 Years (Mid-Tenure)	0
1059	Product	Associate	Associate - Product	60760.72	3	1.93	23	Male	African American	2023-10-12	2025-09-15	3.00	1.00	1.00	1	1.050	24304.2880	1-3 Years (Mid-Tenure)	0
3476	Product	Associate	Associate - Product	55295.63	5	2.34	49	Female	African American	2024-04-14	NULL	8.00	9.99	7.00	0	0.956	22118.2520	1-3 Years (Mid-Tenure)	0
2711	Product	Associate	Associate - Product	59705.42	5	1.70	52	Female	Caucasian	2024-12-01	NULL	1.00	1.00	1.00	0	1.032	23882.1680	1-3 Years (Mid-Tenure)	1
206	Product	Associate	Associate - Product	44012.92	2	4.47	35	Male	Two or More	2022-02-25	NULL	6.00	4.00	4.00	0	0.761	17605.1680	3+ Years (Tenured)	0
1710	Product	Associate	Associate - Product	47243.41	4	4.31	51	Other	Hispanic	2022-04-26	NULL	7.00	5.00	3.00	0	0.817	18897.3640	3+ Years (Tenured)	0
384	Product	Associate	Associate - Product	63197.52	3	0.91	47	Male	Caucasian	2025-09-18	NULL	3.00	4.00	5.00	0	1.092	25279.0080	0-1 Year (Onboarding)	0
2654	Product	Associate	Associate - Product	60736.48	5	0.29	40	Male	Asian	2026-05-01	NULL	1.00	1.00	5.00	0	1.050	24294.5920	0-1 Year (Onboarding)	1
1075	Product	Associate	Associate - Product	74555.51	3	0.79	42	Other	Two or More	2025-10-29	NULL	1.00	1.00	1.00	0	1.289	29822.2040	0-1 Year (Onboarding)	0
4336	Product	Associate	Associate - Product	55335.91	4	2.02	31	Male	Asian	2024-08-09	NULL	4.00	5.00	1.00	0	0.957	22134.3640	1-3 Years (Mid-Tenure)	1
112	Product	Associate	Associate - Product	56737.40	3	2.92	21	Female	Two or More	2023-09-14	NULL	7.00	8.00	6.00	0	0.981	22694.9600	1-3 Years (Mid-Tenure)	0
4007	Product	Associate	Associate - Product	55628.48	4	2.32	35	Other	Hispanic	2024-04-22	NULL	6.00	7.00	1.00	0	0.962	22251.3920	1-3 Years (Mid-Tenure)	0
2856	Product	Associate	Associate - Product	73475.24	2	1.61	35	Male	Caucasian	2025-01-06	NULL	3.00	3.00	4.00	0	1.270	29390.0960	1-3 Years (Mid-Tenure)	0
346	Product	Associate	Associate - Product	48066.93	4	4.98	34	Male	Caucasian	2021-08-22	NULL	6.00	5.00	5.00	0	0.831	19226.7720	3+ Years (Tenured)	0
2548	Product	Associate	Associate - Product	40213.28	2	4.36	40	Female	Caucasian	2022-04-08	NULL	4.00	4.00	3.00	0	0.695	16085.3120	3+ Years (Tenured)	0
982	Product	Associate	Associate - Product	68867.00	3	2.45	54	Male	African American	2024-03-04	NULL	7.00	9.99	6.00	0	1.190	27546.8000	1-3 Years (Mid-Tenure)	0
348	Product	Associate	Associate - Product	52212.42	5	1.62	38	Other	African American	2025-01-02	NULL	6.00	5.00	8.00	0	0.903	20884.9680	1-3 Years (Mid-Tenure)	0
2552	Product	Associate	Associate - Product	68442.95	3	2.04	34	Female	Caucasian	2024-08-01	NULL	6.00	1.00	3.00	0	1.183	27377.1800	1-3 Years (Mid-Tenure)	0
3399	Product	Associate	Associate - Product	42162.14	3	2.36	39	Other	African American	2024-04-06	NULL	9.00	3.00	6.00	0	0.729	16864.8560	1-3 Years (Mid-Tenure)	0
3405	Product	Associate	Associate - Product	65705.77	3	1.96	29	Male	NULL	2024-08-28	NULL	6.00	6.00	8.00	0	1.136	26282.3080	1-3 Years (Mid-Tenure)	0
2784	Product	Associate	Associate - Product	54345.07	3	2.39	48	Male	Hispanic	2024-03-26	NULL	6.00	NULL	5.00	0	0.939	21738.0280	1-3 Years (Mid-Tenure)	0
1104	Product	Associate	Associate - Product	73480.78	4	4.68	38	Male	Two or More	2021-12-11	NULL	1.00	3.00	4.00	0	1.270	29392.3120	3+ Years (Tenured)	1
781	Product	Associate	Associate - Product	66279.45	4	4.61	24	Male	African American	2021-08-02	2026-03-11	7.00	6.00	9.00	1	1.146	26511.7800	3+ Years (Tenured)	0
3489	Product	Associate	Associate - Product	40993.32	5	2.99	45	Male	Two or More	2023-08-20	NULL	8.00	2.00	7.00	0	0.709	16397.3280	1-3 Years (Mid-Tenure)	0
3441	Product	Associate	Associate - Product	74985.93	4	4.82	45	Male	Asian	2021-07-14	2026-05-07	2.00	1.00	1.00	1	1.296	29994.3720	3+ Years (Tenured)	1
2823	Product	Associate	Associate - Product	41157.79	3	2.03	41	Other	African American	2024-08-03	NULL	7.00	5.00	8.00	0	0.711	16463.1160	1-3 Years (Mid-Tenure)	0
993	Product	Associate	Associate - Product	41815.96	4	5.03	36	Other	African American	2021-08-05	NULL	8.00	5.00	7.00	0	0.723	16726.3840	3+ Years (Tenured)	0
4376	Product	Associate	Associate - Product	67053.08	4	3.37	37	Non-Binary	Asian	2023-04-03	NULL	8.00	6.00	6.00	0	1.159	26821.2320	3+ Years (Tenured)	0
4083	Product	Associate	Associate - Product	45261.17	4	2.98	30	Non-Binary	Two or More	2023-08-22	NULL	5.00	5.00	3.00	0	0.782	18104.4680	1-3 Years (Mid-Tenure)	0
4356	Product	Associate	Associate - Product	52135.07	5	0.63	44	Female	African American	2021-08-16	2022-04-03	NULL	NULL	NULL	1	0.901	20854.0280	0-1 Year (Onboarding)	0
1493	Product	Associate	Associate - Product	59117.67	3	0.69	47	Other	Hispanic	2025-12-07	NULL	2.00	7.00	4.00	0	1.022	23647.0680	0-1 Year (Onboarding)	0
2796	Product	Associate	Associate - Product	48592.78	5	0.96	32	Non-Binary	Caucasian	2025-08-31	NULL	7.00	7.00	8.00	0	0.840	19437.1120	0-1 Year (Onboarding)	0
2791	Product	Associate	Associate - Product	47153.22	4	4.17	33	Other	African American	2022-06-16	NULL	9.99	9.99	9.99	0	0.815	18861.2880	3+ Years (Tenured)	0
3480	Product	Domain Director	Domain Director - Product	139636.13	3	4.12	30	Male	Hispanic	2022-07-02	NULL	1.00	1.00	2.00	0	0.932	55854.4520	3+ Years (Tenured)	0
2449	Product	Domain Director	Domain Director - Product	159971.65	2	4.20	31	Female	Caucasian	2022-06-05	NULL	9.99	5.00	5.00	0	1.068	63988.6600	3+ Years (Tenured)	0
3935	Product	Executive Director	Executive Director - Product	172946.43	4	4.50	40	Male	African American	2022-02-13	NULL	9.99	9.00	5.00	0	1.000	69178.5720	3+ Years (Tenured)	0
2028	Product	Manager	Manager - Product	107031.39	1	4.20	44	Male	Caucasian	2022-06-03	NULL	1.00	3.00	1.00	0	1.168	42812.5560	3+ Years (Tenured)	0
1504	Product	Manager	Manager - Product	74056.28	2	2.87	36	Male	Asian	2023-10-04	NULL	6.00	9.99	1.00	0	0.808	29622.5120	1-3 Years (Mid-Tenure)	0
268	Product	Manager	Manager - Product	113680.40	2	0.96	37	Non-Binary	Caucasian	2025-08-29	NULL	6.00	6.00	9.99	0	1.240	45472.1600	0-1 Year (Onboarding)	0
1414	Product	Manager	Manager - Product	82602.82	3	2.57	27	Male	Asian	2024-01-20	NULL	6.00	6.00	1.00	0	0.901	33041.1280	1-3 Years (Mid-Tenure)	0
3648	Product	Manager	Manager - Product	94341.59	5	1.78	42	Male	African American	2024-11-05	NULL	9.99	9.99	9.00	0	1.029	37736.6360	1-3 Years (Mid-Tenure)	0
1583	Product	Manager	Manager - Product	97752.20	4	4.13	21	NULL	NULL	2022-07-01	NULL	8.00	5.00	6.00	0	1.066	39100.8800	3+ Years (Tenured)	0
1780	Product	Manager	Manager - Product	72222.71	5	4.73	42	Male	Hispanic	2021-11-21	NULL	8.00	9.99	9.00	0	0.788	28889.0840	3+ Years (Tenured)	0
3988	Product	Supervisor/Lead	Supervisor/Lead - Product	84166.21	4	3.10	58	Male	Caucasian	2023-07-10	NULL	2.00	2.00	4.00	0	1.157	33666.4840	3+ Years (Tenured)	1
2299	Product	Supervisor/Lead	Supervisor/Lead - Product	76873.59	2	0.10	41	Other	Asian	2026-07-10	NULL	NULL	NULL	NULL	0	1.057	30749.4360	0-1 Year (Onboarding)	0
4110	Product	Supervisor/Lead	Supervisor/Lead - Product	80770.89	3	3.05	42	Other	Hispanic	2023-07-27	NULL	3.00	2.00	1.00	0	1.110	32308.3560	3+ Years (Tenured)	0
4088	Product	Supervisor/Lead	Supervisor/Lead - Product	57567.53	3	4.82	46	Female	Two or More	2021-10-19	NULL	9.99	9.99	9.00	0	0.791	23027.0120	3+ Years (Tenured)	0
1422	Product	Supervisor/Lead	Supervisor/Lead - Product	85622.62	4	0.46	46	NULL	African American	2026-02-28	NULL	9.00	8.00	NULL	0	1.177	34249.0480	0-1 Year (Onboarding)	0
4074	Product	Supervisor/Lead	Supervisor/Lead - Product	80637.21	3	3.61	38	Other	NULL	2022-01-31	2025-09-08	9.99	6.00	9.99	1	1.109	32254.8840	3+ Years (Tenured)	0
1812	Product	Supervisor/Lead	Supervisor/Lead - Product	72820.88	4	4.79	54	Male	Hispanic	2021-10-31	NULL	2.00	4.00	3.00	0	1.001	29128.3520	3+ Years (Tenured)	1
1573	Product	Supervisor/Lead	Supervisor/Lead - Product	60354.57	3	5.03	57	Non-Binary	Caucasian	2021-08-06	NULL	9.99	6.00	7.00	0	0.830	24141.8280	3+ Years (Tenured)	0
1835	Product	Supervisor/Lead	Supervisor/Lead - Product	80841.60	3	2.08	40	Female	Asian	2024-07-16	NULL	9.99	9.00	6.00	0	1.111	32336.6400	1-3 Years (Mid-Tenure)	0
661	Product	Supervisor/Lead	Supervisor/Lead - Product	55357.91	3	4.55	40	Male	Asian	2022-01-26	NULL	6.00	6.00	7.00	0	0.761	22143.1640	3+ Years (Tenured)	0
3822	Product	Supervisor/Lead	Supervisor/Lead - Product	61942.82	1	1.87	30	Female	African American	2024-10-02	NULL	3.00	5.00	3.00	0	0.852	24777.1280	1-3 Years (Mid-Tenure)	0
1733	Product	Supervisor/Lead	Supervisor/Lead - Product	89219.44	3	1.72	32	Female	Hispanic	2024-11-25	NULL	6.00	4.00	5.00	0	1.227	35687.7760	1-3 Years (Mid-Tenure)	0
1466	Product	Supervisor/Lead	Supervisor/Lead - Product	56874.64	3	3.54	35	Female	African American	2023-01-30	NULL	6.00	6.00	7.00	0	0.782	22749.8560	3+ Years (Tenured)	0
1106	Product	Supervisor/Lead	Supervisor/Lead - Product	64509.27	3	0.63	41	Other	Asian	2023-12-23	2024-08-08	NULL	NULL	NULL	1	0.887	25803.7080	0-1 Year (Onboarding)	0
1255	Product	Supervisor/Lead	Supervisor/Lead - Product	56205.30	5	0.35	38	Other	Caucasian	2023-07-03	2023-11-09	NULL	NULL	NULL	1	0.773	22482.1200	0-1 Year (Onboarding)	0
1251	Product	Supervisor/Lead	Supervisor/Lead - Product	83379.70	5	4.32	27	Female	African American	2022-04-22	NULL	5.00	6.00	5.00	0	1.146	33351.8800	3+ Years (Tenured)	0
3637	Product	Supervisor/Lead	Supervisor/Lead - Product	58778.47	3	0.12	56	Non-Binary	Caucasian	2026-07-04	NULL	NULL	NULL	NULL	0	0.808	23511.3880	0-1 Year (Onboarding)	0
1231	Product	Supervisor/Lead	Supervisor/Lead - Product	84661.65	2	1.03	25	Female	African American	2025-08-05	NULL	6.00	3.00	NULL	0	1.164	33864.6600	1-3 Years (Mid-Tenure)	0
461	Product	Supervisor/Lead	Supervisor/Lead - Product	86167.60	5	4.22	47	Male	African American	2022-05-27	NULL	3.00	4.00	2.00	0	1.185	34467.0400	3+ Years (Tenured)	1
2366	Product	Supervisor/Lead	Supervisor/Lead - Product	72633.07	3	4.41	39	Female	African American	2022-03-19	NULL	7.00	9.99	4.00	0	0.999	29053.2280	3+ Years (Tenured)	0
2393	Product	Supervisor/Lead	Supervisor/Lead - Product	71591.78	3	4.72	35	Other	Asian	2021-11-26	NULL	5.00	5.00	6.00	0	0.984	28636.7120	3+ Years (Tenured)	0
2394	Product	Supervisor/Lead	Supervisor/Lead - Product	77131.90	5	0.73	42	Non-Binary	Caucasian	2025-11-21	NULL	8.00	8.00	NULL	0	1.060	30852.7600	0-1 Year (Onboarding)	0
3530	Product	Supervisor/Lead	Supervisor/Lead - Product	61271.68	3	4.32	25	Other	Caucasian	2022-04-23	NULL	9.99	9.99	9.00	0	0.842	24508.6720	3+ Years (Tenured)	0
1983	Product	Supervisor/Lead	Supervisor/Lead - Product	65877.86	3	2.15	43	Other	Asian	2024-06-21	NULL	5.00	8.00	2.00	0	0.906	26351.1440	1-3 Years (Mid-Tenure)	0
3457	Product	Supervisor/Lead	Supervisor/Lead - Product	72674.87	3	1.12	29	Non-Binary	Asian	2025-07-02	NULL	1.00	5.00	4.00	0	0.999	29069.9480	1-3 Years (Mid-Tenure)	0
2769	Product	Supervisor/Lead	Supervisor/Lead - Product	74948.03	3	3.03	37	Other	Hispanic	2023-08-04	NULL	2.00	5.00	1.00	0	1.030	29979.2120	3+ Years (Tenured)	0
339	Product	Supervisor/Lead	Supervisor/Lead - Product	62636.05	2	4.78	31	Female	Hispanic	2021-11-03	NULL	8.00	3.00	6.00	0	0.861	25054.4200	3+ Years (Tenured)	0
323	Product	Supervisor/Lead	Supervisor/Lead - Product	84311.90	4	4.47	44	Non-Binary	Asian	2022-02-24	NULL	7.00	3.00	6.00	0	1.159	33724.7600	3+ Years (Tenured)	0
2941	Product	Supervisor/Lead	Supervisor/Lead - Product	74756.14	2	2.43	46	Other	Caucasian	2024-03-10	NULL	9.99	9.99	7.00	0	1.028	29902.4560	1-3 Years (Mid-Tenure)	0
3283	Product	Supervisor/Lead	Supervisor/Lead - Product	69994.90	5	0.15	42	Female	African American	2026-03-09	2026-05-01	NULL	NULL	NULL	1	0.962	27997.9600	0-1 Year (Onboarding)	0
3056	Product	Supervisor/Lead	Supervisor/Lead - Product	73541.83	3	3.66	26	Male	Two or More	2022-12-18	NULL	9.99	9.99	9.00	0	1.011	29416.7320	3+ Years (Tenured)	0
252	Product	Supervisor/Lead	Supervisor/Lead - Product	72813.78	2	5.11	38	Other	Asian	2021-07-06	NULL	3.00	4.00	4.00	0	1.001	29125.5120	3+ Years (Tenured)	0
3258	Product	Supervisor/Lead	Supervisor/Lead - Product	63985.45	4	1.94	36	Non-Binary	Asian	2024-09-06	NULL	4.00	2.00	1.00	0	0.880	25594.1800	1-3 Years (Mid-Tenure)	1
3776	Product	Supervisor/Lead	Supervisor/Lead - Product	80246.25	1	2.15	43	Male	Hispanic	2024-06-23	NULL	3.00	1.00	5.00	0	1.103	32098.5000	1-3 Years (Mid-Tenure)	0
694	Product	Supervisor/Lead	Supervisor/Lead - Product	78750.06	3	4.38	41	Female	Hispanic	2022-03-30	NULL	2.00	4.00	1.00	0	1.083	31500.0240	3+ Years (Tenured)	0
525	Product	Supervisor/Lead	Supervisor/Lead - Product	89867.88	4	4.82	41	Female	Hispanic	2021-10-19	NULL	6.00	6.00	7.00	0	1.236	35947.1520	3+ Years (Tenured)	0
2063	Product	Supervisor/Lead	Supervisor/Lead - Product	67456.35	2	0.27	44	Male	Caucasian	2024-04-15	2024-07-22	NULL	NULL	NULL	1	0.927	26982.5400	0-1 Year (Onboarding)	0
2420	Data Science	Assistant Manager	Assistant Manager - Data Science	98429.84	4	3.17	43	Non-Binary	Two or More	2023-06-16	NULL	7.00	8.00	8.00	0	1.192	39371.9360	3+ Years (Tenured)	0
198	Data Science	Assistant Manager	Assistant Manager - Data Science	86038.33	4	1.24	39	Female	Asian	2025-05-19	NULL	9.99	8.00	6.00	0	1.042	34415.3320	1-3 Years (Mid-Tenure)	0
3744	Data Science	Assistant Manager	Assistant Manager - Data Science	75586.37	3	3.86	42	Male	Asian	2022-10-05	NULL	7.00	6.00	9.99	0	0.915	30234.5480	3+ Years (Tenured)	0
3600	Data Science	Assistant Manager	Assistant Manager - Data Science	99287.25	3	2.03	52	Female	Two or More	2024-08-05	NULL	6.00	4.00	1.00	0	1.202	39714.9000	1-3 Years (Mid-Tenure)	0
210	Data Science	Assistant Manager	Assistant Manager - Data Science	75024.25	4	1.98	26	Female	Asian	2023-04-01	2025-03-24	8.00	9.99	2.00	1	0.908	30009.7000	1-3 Years (Mid-Tenure)	0
614	Data Science	Assistant Manager	Assistant Manager - Data Science	65763.76	4	0.54	21	Female	Caucasian	2025-06-09	2025-12-24	NULL	NULL	NULL	1	0.796	26305.5040	0-1 Year (Onboarding)	0
1606	Data Science	Assistant Manager	Assistant Manager - Data Science	91911.69	5	0.60	24	Female	Hispanic	2026-01-08	NULL	3.00	1.00	6.00	0	1.113	36764.6760	0-1 Year (Onboarding)	1
2978	Data Science	Assistant Manager	Assistant Manager - Data Science	95808.87	4	1.10	39	Male	Asian	2025-07-08	NULL	5.00	7.00	9.99	0	1.160	38323.5480	1-3 Years (Mid-Tenure)	0
759	Data Science	Assistant Manager	Assistant Manager - Data Science	78037.01	3	4.94	21	Non-Binary	Hispanic	2021-09-07	NULL	3.00	3.00	1.00	0	0.945	31214.8040	3+ Years (Tenured)	0
629	Data Science	Assistant Manager	Assistant Manager - Data Science	60191.68	3	2.03	38	Non-Binary	Caucasian	2023-04-30	2025-05-09	7.00	6.00	2.00	1	0.729	24076.6720	1-3 Years (Mid-Tenure)	0
4391	Data Science	Associate	Associate - Data Science	72518.76	3	1.59	45	Other	Hispanic	2025-01-10	NULL	7.00	9.99	9.99	0	1.262	29007.5040	1-3 Years (Mid-Tenure)	0
983	Data Science	Associate	Associate - Data Science	61483.73	4	0.95	33	Other	Caucasian	2023-02-24	2024-02-04	NULL	NULL	NULL	1	1.070	24593.4920	0-1 Year (Onboarding)	0
1521	Data Science	Associate	Associate - Data Science	50837.23	5	5.08	31	Female	Caucasian	2021-07-17	NULL	3.00	8.00	5.00	0	0.885	20334.8920	3+ Years (Tenured)	1
935	Data Science	Associate	Associate - Data Science	71037.48	2	1.04	38	Male	Two or More	2025-08-01	NULL	4.00	2.00	6.00	0	1.237	28414.9920	1-3 Years (Mid-Tenure)	0
14	Data Science	Associate	Associate - Data Science	54003.91	3	2.91	40	Non-Binary	Caucasian	2023-09-19	NULL	8.00	8.00	7.00	0	0.940	21601.5640	1-3 Years (Mid-Tenure)	0
4382	Data Science	Associate	Associate - Data Science	68666.82	3	1.37	60	Male	African American	2025-04-01	NULL	8.00	8.00	7.00	0	1.195	27466.7280	1-3 Years (Mid-Tenure)	0
1502	Data Science	Associate	Associate - Data Science	45842.52	3	1.42	45	Male	Caucasian	2025-03-15	NULL	5.00	1.00	2.00	0	0.798	18337.0080	1-3 Years (Mid-Tenure)	0
4069	Data Science	Associate	Associate - Data Science	60518.50	5	3.98	26	Female	Asian	2022-08-24	NULL	7.00	8.00	7.00	0	1.053	24207.4000	3+ Years (Tenured)	0
1407	Data Science	Associate	Associate - Data Science	56520.50	2	2.66	45	NULL	Asian	2023-12-19	NULL	3.00	2.00	1.00	0	0.984	22608.2000	1-3 Years (Mid-Tenure)	0
927	Data Science	Associate	Associate - Data Science	58199.33	4	3.69	48	Female	Asian	2022-12-07	NULL	9.99	9.99	9.00	0	1.013	23279.7320	3+ Years (Tenured)	0
1540	Data Science	Associate	Associate - Data Science	61719.83	3	1.08	35	Non-Binary	Hispanic	2025-07-18	NULL	6.00	4.00	8.00	0	1.074	24687.9320	1-3 Years (Mid-Tenure)	0
902	Data Science	Associate	Associate - Data Science	57013.67	5	4.47	30	Other	Caucasian	2022-02-26	NULL	9.00	4.00	7.00	0	0.992	22805.4680	3+ Years (Tenured)	0
4415	Data Science	Associate	Associate - Data Science	69814.88	3	4.42	34	Male	Hispanic	2022-03-16	NULL	3.00	1.00	2.00	0	1.215	27925.9520	3+ Years (Tenured)	0
1552	Data Science	Associate	Associate - Data Science	63806.85	4	3.10	45	Male	Two or More	2023-07-10	NULL	7.00	3.00	9.99	0	1.111	25522.7400	3+ Years (Tenured)	0
896	Data Science	Associate	Associate - Data Science	51430.91	4	3.39	40	Male	Caucasian	2023-03-28	NULL	1.00	3.00	2.00	0	0.895	20572.3640	3+ Years (Tenured)	1
893	Data Science	Associate	Associate - Data Science	63215.89	2	3.79	24	Female	Caucasian	2022-11-02	NULL	8.00	9.00	3.00	0	1.100	25286.3560	3+ Years (Tenured)	0
882	Data Science	Associate	Associate - Data Science	43853.16	1	2.01	28	Non-Binary	Hispanic	2024-08-13	NULL	6.00	2.00	8.00	0	0.763	17541.2640	1-3 Years (Mid-Tenure)	0
1359	Data Science	Associate	Associate - Data Science	48242.32	2	1.36	35	Female	Two or More	2025-04-04	NULL	5.00	5.00	NULL	0	0.840	19296.9280	1-3 Years (Mid-Tenure)	0
62	Data Science	Associate	Associate - Data Science	72604.98	3	1.29	53	Male	NULL	2025-05-01	NULL	3.00	7.00	1.00	0	1.264	29041.9920	1-3 Years (Mid-Tenure)	0
1375	Data Science	Associate	Associate - Data Science	40415.54	2	3.23	56	Non-Binary	African American	2023-05-23	NULL	9.00	9.99	8.00	0	0.703	16166.2160	3+ Years (Tenured)	0
4132	Data Science	Associate	Associate - Data Science	62948.66	2	4.04	57	Female	African American	2022-08-01	NULL	6.00	6.00	5.00	0	1.096	25179.4640	3+ Years (Tenured)	0
844	Data Science	Associate	Associate - Data Science	64160.59	5	3.60	37	Other	African American	2023-01-08	NULL	6.00	5.00	4.00	0	1.117	25664.2360	3+ Years (Tenured)	0
840	Data Science	Associate	Associate - Data Science	68248.39	3	0.56	23	Female	Hispanic	2026-01-23	NULL	7.00	4.00	8.00	0	1.188	27299.3560	0-1 Year (Onboarding)	0
834	Data Science	Associate	Associate - Data Science	66564.95	4	4.43	34	Male	Asian	2022-03-12	NULL	7.00	9.00	8.00	0	1.159	26625.9800	3+ Years (Tenured)	0
3214	Data Science	Associate	Associate - Data Science	63293.36	3	0.07	39	Other	Asian	2026-07-20	NULL	NULL	NULL	NULL	0	1.102	25317.3440	0-1 Year (Onboarding)	0
4171	Data Science	Associate	Associate - Data Science	73556.73	3	0.70	38	Non-Binary	Caucasian	2025-12-01	NULL	7.00	NULL	3.00	0	1.280	29422.6920	0-1 Year (Onboarding)	0
4225	Data Science	Associate	Associate - Data Science	40097.86	1	0.35	25	Non-Binary	Caucasian	2026-04-10	NULL	4.00	5.00	1.00	0	0.698	16039.1440	0-1 Year (Onboarding)	0
1268	Data Science	Associate	Associate - Data Science	51931.96	4	4.61	37	Female	Hispanic	2022-01-05	NULL	8.00	3.00	6.00	0	0.904	20772.7840	3+ Years (Tenured)	0
713	Data Science	Associate	Associate - Data Science	49658.71	3	4.32	55	Male	African American	2022-04-23	NULL	7.00	4.00	1.00	0	0.864	19863.4840	3+ Years (Tenured)	0
703	Data Science	Associate	Associate - Data Science	48934.20	4	1.92	39	Other	Caucasian	2023-12-12	2025-11-10	1.00	1.00	3.00	1	0.852	19573.6800	1-3 Years (Mid-Tenure)	1
4194	Data Science	Associate	Associate - Data Science	56551.22	2	4.56	32	Non-Binary	Caucasian	2022-01-22	NULL	6.00	4.00	5.00	0	0.984	22620.4880	3+ Years (Tenured)	0
1421	Data Science	Associate	Associate - Data Science	46710.63	3	2.79	54	Non-Binary	Two or More	2023-11-01	NULL	6.00	4.00	1.00	0	0.813	18684.2520	1-3 Years (Mid-Tenure)	0
4125	Data Science	Associate	Associate - Data Science	67996.97	4	2.10	42	Other	African American	2024-07-11	NULL	2.00	4.00	5.00	0	1.184	27198.7880	1-3 Years (Mid-Tenure)	1
1333	Data Science	Associate	Associate - Data Science	57325.02	4	1.55	50	Non-Binary	Hispanic	2025-01-25	NULL	8.00	7.00	6.00	0	0.998	22930.0080	1-3 Years (Mid-Tenure)	0
1226	Data Science	Associate	Associate - Data Science	47547.35	3	3.64	42	Female	Caucasian	2022-12-25	NULL	9.00	7.00	7.00	0	0.828	19018.9400	3+ Years (Tenured)	0
4268	Data Science	Associate	Associate - Data Science	67562.14	3	4.41	46	Other	Caucasian	2022-03-18	NULL	3.00	3.00	5.00	0	1.176	27024.8560	3+ Years (Tenured)	0
825	Data Science	Associate	Associate - Data Science	51633.93	3	5.03	36	Female	African American	2021-08-06	NULL	9.99	8.00	9.00	0	0.899	20653.5720	3+ Years (Tenured)	0
4271	Data Science	Associate	Associate - Data Science	60926.70	5	2.36	24	Female	Two or More	2021-12-28	2024-05-08	4.00	7.00	6.00	1	1.061	24370.6800	1-3 Years (Mid-Tenure)	1
4277	Data Science	Associate	Associate - Data Science	47822.29	1	2.29	49	Non-Binary	Asian	2024-05-01	NULL	9.99	8.00	7.00	0	0.832	19128.9160	1-3 Years (Mid-Tenure)	0
4179	Data Science	Associate	Associate - Data Science	49810.17	4	1.41	37	Non-Binary	Two or More	2025-03-17	NULL	3.00	4.00	1.00	0	0.867	19924.0680	1-3 Years (Mid-Tenure)	1
1430	Data Science	Associate	Associate - Data Science	50446.58	4	2.64	42	Female	Asian	2023-12-26	NULL	1.00	5.00	8.00	0	0.878	20178.6320	1-3 Years (Mid-Tenure)	1
987	Data Science	Associate	Associate - Data Science	66369.77	5	2.20	52	Male	Hispanic	2024-06-04	NULL	4.00	6.00	2.00	0	1.155	26547.9080	1-3 Years (Mid-Tenure)	1
1354	Data Science	Associate	Associate - Data Science	44153.49	3	1.38	55	Female	Two or More	2025-03-30	NULL	5.00	2.00	5.00	0	0.769	17661.3960	1-3 Years (Mid-Tenure)	0
1140	Data Science	Associate	Associate - Data Science	70024.06	3	0.08	51	Non-Binary	Hispanic	2026-07-16	NULL	NULL	NULL	NULL	0	1.219	28009.6240	0-1 Year (Onboarding)	0
1129	Data Science	Associate	Associate - Data Science	52475.17	3	1.49	27	Non-Binary	Caucasian	2025-02-18	NULL	4.00	7.00	5.00	0	0.913	20990.0680	1-3 Years (Mid-Tenure)	0
1120	Data Science	Associate	Associate - Data Science	59613.49	5	1.54	30	Other	Asian	2025-01-29	NULL	6.00	3.00	7.00	0	1.038	23845.3960	1-3 Years (Mid-Tenure)	0
678	Data Science	Associate	Associate - Data Science	45041.24	5	1.70	44	Female	Caucasian	2024-12-02	NULL	4.00	1.00	1.00	0	0.784	18016.4960	1-3 Years (Mid-Tenure)	1
4126	Data Science	Associate	Associate - Data Science	64748.81	4	4.88	38	Male	Hispanic	2021-09-29	NULL	7.00	4.00	5.00	0	1.127	25899.5240	3+ Years (Tenured)	0
4335	Data Science	Associate	Associate - Data Science	66135.18	3	1.23	42	Other	Caucasian	2023-04-23	2024-07-14	6.00	4.00	2.00	1	1.151	26454.0720	1-3 Years (Mid-Tenure)	0
762	Data Science	Associate	Associate - Data Science	74771.88	4	4.67	45	Female	African American	2021-12-13	NULL	3.00	1.00	6.00	0	1.302	29908.7520	3+ Years (Tenured)	1
1061	Data Science	Associate	Associate - Data Science	72755.55	4	4.86	45	Non-Binary	Caucasian	2021-10-06	NULL	7.00	4.00	5.00	0	1.266	29102.2200	3+ Years (Tenured)	0
1046	Data Science	Associate	Associate - Data Science	65218.22	3	4.82	55	Female	African American	2021-10-20	NULL	6.00	8.00	3.00	0	1.135	26087.2880	3+ Years (Tenured)	0
4339	Data Science	Associate	Associate - Data Science	61197.32	3	3.84	54	Non-Binary	African American	2022-10-13	NULL	9.99	8.00	5.00	0	1.065	24478.9280	3+ Years (Tenured)	0
1282	Data Science	Associate	Associate - Data Science	64968.55	3	0.45	60	NULL	African American	2026-03-02	NULL	8.00	9.00	7.00	0	1.131	25987.4200	0-1 Year (Onboarding)	0
1020	Data Science	Associate	Associate - Data Science	45288.77	3	5.06	32	Other	Caucasian	2021-07-24	NULL	9.00	1.00	1.00	0	0.788	18115.5080	3+ Years (Tenured)	0
4359	Data Science	Associate	Associate - Data Science	60974.80	1	2.17	33	Other	Asian	2023-06-18	2025-08-18	6.00	9.99	7.00	1	1.061	24389.9200	1-3 Years (Mid-Tenure)	0
2667	Data Science	Associate	Associate - Data Science	49489.18	2	0.69	36	Other	Caucasian	2024-08-30	2025-05-10	9.00	5.00	4.00	1	0.861	19795.6720	0-1 Year (Onboarding)	0
2464	Data Science	Associate	Associate - Data Science	61229.66	5	3.04	25	Non-Binary	Two or More	2023-05-18	2026-06-01	4.00	5.00	6.00	0	1.066	24491.8640	3+ Years (Tenured)	1
2481	Data Science	Associate	Associate - Data Science	69052.97	3	1.72	37	Other	Caucasian	2022-05-10	2024-01-26	NULL	NULL	NULL	1	1.202	27621.1880	1-3 Years (Mid-Tenure)	0
3532	Data Science	Associate	Associate - Data Science	71148.73	1	4.52	38	Other	Hispanic	2022-02-08	NULL	1.00	4.00	4.00	0	1.238	28459.4920	3+ Years (Tenured)	0
2533	Data Science	Associate	Associate - Data Science	52588.46	5	0.25	47	Male	Caucasian	2026-05-16	NULL	NULL	NULL	NULL	0	0.915	21035.3840	0-1 Year (Onboarding)	0
3503	Data Science	Associate	Associate - Data Science	70402.29	3	4.38	60	Male	African American	2022-03-31	NULL	9.00	7.00	6.00	0	1.225	28160.9160	3+ Years (Tenured)	0
201	Data Science	Associate	Associate - Data Science	50970.47	5	0.75	43	Non-Binary	Hispanic	2025-01-15	2025-10-17	3.00	1.00	4.00	1	0.887	20388.1880	0-1 Year (Onboarding)	1
3485	Data Science	Associate	Associate - Data Science	55920.06	3	2.50	40	Other	Asian	2024-02-13	NULL	9.99	9.00	9.99	0	0.973	22368.0240	1-3 Years (Mid-Tenure)	0
2657	Data Science	Associate	Associate - Data Science	57813.31	4	0.46	30	Non-Binary	Caucasian	2026-03-01	NULL	1.00	3.00	2.00	0	1.006	23125.3240	0-1 Year (Onboarding)	1
187	Data Science	Associate	Associate - Data Science	50061.82	4	4.23	22	Other	African American	2022-05-24	NULL	4.00	5.00	3.00	0	0.871	20024.7280	3+ Years (Tenured)	1
2684	Data Science	Associate	Associate - Data Science	55830.79	4	0.76	60	Non-Binary	Hispanic	2025-11-10	NULL	3.00	6.00	2.00	0	0.972	22332.3160	0-1 Year (Onboarding)	1
2691	Data Science	Associate	Associate - Data Science	74942.52	2	2.93	27	Female	Asian	2023-09-09	NULL	6.00	7.00	5.00	0	1.304	29977.0080	1-3 Years (Mid-Tenure)	0
2723	Data Science	Associate	Associate - Data Science	57858.75	1	2.45	34	Other	Caucasian	2024-03-04	NULL	6.00	5.00	7.00	0	1.007	23143.5000	1-3 Years (Mid-Tenure)	0
2727	Data Science	Associate	Associate - Data Science	46640.53	4	1.04	54	Other	African American	2025-08-01	NULL	3.00	2.00	3.00	0	0.812	18656.2120	1-3 Years (Mid-Tenure)	1
3475	Data Science	Associate	Associate - Data Science	71947.75	2	1.60	47	Other	Hispanic	2025-01-09	NULL	6.00	3.00	4.00	0	1.252	28779.1000	1-3 Years (Mid-Tenure)	0
2747	Data Science	Associate	Associate - Data Science	65676.50	3	0.26	42	Female	Asian	2025-07-15	2025-10-17	NULL	NULL	NULL	1	1.143	26270.6000	0-1 Year (Onboarding)	0
2780	Data Science	Associate	Associate - Data Science	54574.03	4	1.10	24	Female	Hispanic	2025-07-10	NULL	6.00	9.00	7.00	0	0.950	21829.6120	1-3 Years (Mid-Tenure)	0
3450	Data Science	Associate	Associate - Data Science	57187.59	3	0.96	55	Male	Asian	2025-08-29	NULL	5.00	9.00	7.00	0	0.995	22875.0360	0-1 Year (Onboarding)	0
185	Data Science	Associate	Associate - Data Science	58289.02	3	3.50	58	Male	Asian	2023-02-16	NULL	3.00	7.00	5.00	0	1.015	23315.6080	3+ Years (Tenured)	0
2401	Data Science	Associate	Associate - Data Science	71314.39	3	3.20	39	Male	Caucasian	2023-06-04	NULL	4.00	2.00	7.00	0	1.241	28525.7560	3+ Years (Tenured)	0
2387	Data Science	Associate	Associate - Data Science	53026.63	3	2.00	27	Male	Hispanic	2024-08-15	NULL	5.00	4.00	6.00	0	0.923	21210.6520	1-3 Years (Mid-Tenure)	0
2382	Data Science	Associate	Associate - Data Science	51933.16	4	2.31	32	Male	Two or More	2024-04-23	NULL	4.00	5.00	7.00	0	0.904	20773.2640	1-3 Years (Mid-Tenure)	1
3617	Data Science	Associate	Associate - Data Science	43886.63	4	0.70	40	Non-Binary	African American	2025-12-02	NULL	3.00	4.00	6.00	0	0.764	17554.6520	0-1 Year (Onboarding)	1
174	Data Science	Associate	Associate - Data Science	47516.31	2	3.82	46	Other	African American	2022-10-21	NULL	6.00	5.00	4.00	0	0.827	19006.5240	3+ Years (Tenured)	0
2307	Data Science	Associate	Associate - Data Science	42695.50	3	4.92	52	Other	Asian	2021-09-14	NULL	9.00	9.99	8.00	0	0.743	17078.2000	3+ Years (Tenured)	0
2293	Data Science	Associate	Associate - Data Science	48396.82	3	4.29	38	Non-Binary	Hispanic	2022-05-01	NULL	9.99	9.00	9.99	0	0.842	19358.7280	3+ Years (Tenured)	0
2287	Data Science	Associate	Associate - Data Science	61704.84	1	4.64	21	Female	Two or More	2021-12-27	NULL	7.00	8.00	6.00	0	1.074	24681.9360	3+ Years (Tenured)	0
2283	Data Science	Associate	Associate - Data Science	41396.26	4	1.54	44	Female	Hispanic	2025-01-31	NULL	2.00	5.00	1.00	0	0.721	16558.5040	1-3 Years (Mid-Tenure)	1
2279	Data Science	Associate	Associate - Data Science	41423.44	3	0.44	37	Female	Asian	2026-03-07	NULL	9.00	9.99	5.00	0	0.721	16569.3760	0-1 Year (Onboarding)	0
2277	Data Science	Associate	Associate - Data Science	41636.87	5	0.41	46	Other	Asian	2026-03-17	NULL	7.00	8.00	5.00	0	0.725	16654.7480	0-1 Year (Onboarding)	0
465	Data Science	Associate	Associate - Data Science	45630.01	3	2.99	44	Male	Caucasian	2023-08-19	NULL	9.99	9.00	8.00	0	0.794	18252.0040	1-3 Years (Mid-Tenure)	0
475	Data Science	Associate	Associate - Data Science	52747.06	3	0.37	32	Male	Asian	2026-04-03	NULL	NULL	NULL	NULL	0	0.918	21098.8240	0-1 Year (Onboarding)	0
477	Data Science	Associate	Associate - Data Science	68973.19	3	4.13	51	Female	African American	2022-06-30	NULL	5.00	8.00	1.00	0	1.201	27589.2760	3+ Years (Tenured)	0
3060	Data Science	Associate	Associate - Data Science	52584.83	3	2.67	40	Female	Two or More	2023-12-14	NULL	7.00	8.00	7.00	0	0.915	21033.9320	1-3 Years (Mid-Tenure)	0
308	Data Science	Associate	Associate - Data Science	69310.33	4	1.46	35	Male	Hispanic	2023-06-16	2024-11-29	2.00	3.00	1.00	1	1.206	27724.1320	1-3 Years (Mid-Tenure)	1
242	Data Science	Associate	Associate - Data Science	63390.95	3	2.62	29	Female	Asian	2024-01-03	NULL	5.00	4.00	9.00	0	1.103	25356.3800	1-3 Years (Mid-Tenure)	0
3018	Data Science	Associate	Associate - Data Science	65424.88	1	0.55	44	Male	Two or More	2026-01-27	NULL	9.99	8.00	1.00	0	1.139	26169.9520	0-1 Year (Onboarding)	0
3027	Data Science	Associate	Associate - Data Science	74143.36	2	1.43	51	NULL	Hispanic	2024-07-08	2025-12-13	1.00	5.00	2.00	1	1.291	29657.3440	1-3 Years (Mid-Tenure)	0
3302	Data Science	Associate	Associate - Data Science	62005.77	3	4.84	21	Male	Two or More	2021-10-13	NULL	7.00	5.00	5.00	0	1.079	24802.3080	3+ Years (Tenured)	0
3043	Data Science	Associate	Associate - Data Science	45472.82	4	1.74	33	Male	Asian	2024-11-18	NULL	5.00	3.00	1.00	0	0.792	18189.1280	1-3 Years (Mid-Tenure)	0
3053	Data Science	Associate	Associate - Data Science	64761.37	3	2.05	44	Non-Binary	Hispanic	2024-07-28	NULL	8.00	7.00	2.00	0	1.127	25904.5480	1-3 Years (Mid-Tenure)	0
3284	Data Science	Associate	Associate - Data Science	41666.15	3	0.98	41	Male	Asian	2025-08-22	NULL	8.00	6.00	5.00	0	0.725	16666.4600	0-1 Year (Onboarding)	0
309	Data Science	Associate	Associate - Data Science	73094.49	4	1.03	50	Non-Binary	African American	2021-10-17	2022-10-28	NULL	NULL	NULL	1	1.272	29237.7960	1-3 Years (Mid-Tenure)	0
3073	Data Science	Associate	Associate - Data Science	42322.73	5	2.22	58	Female	Two or More	2024-05-27	NULL	9.00	3.00	5.00	0	0.737	16929.0920	1-3 Years (Mid-Tenure)	0
3255	Data Science	Associate	Associate - Data Science	73021.90	3	3.01	23	Male	Asian	2023-08-11	NULL	5.00	2.00	3.00	0	1.271	29208.7600	3+ Years (Tenured)	0
3131	Data Science	Associate	Associate - Data Science	43296.00	3	1.43	51	Male	Caucasian	2025-03-12	NULL	9.00	9.99	6.00	0	0.754	17318.4000	1-3 Years (Mid-Tenure)	0
3239	Data Science	Associate	Associate - Data Science	52273.53	4	0.70	48	Female	Asian	2025-12-01	NULL	6.00	4.00	5.00	0	0.910	20909.4120	0-1 Year (Onboarding)	0
259	Data Science	Associate	Associate - Data Science	59898.40	4	1.39	39	Female	Two or More	2025-03-26	NULL	2.00	2.00	1.00	0	1.043	23959.3600	1-3 Years (Mid-Tenure)	1
3168	Data Science	Associate	Associate - Data Science	42328.65	5	3.74	38	Other	African American	2022-11-20	NULL	6.00	7.00	7.00	0	0.737	16931.4600	3+ Years (Tenured)	0
3228	Data Science	Associate	Associate - Data Science	59117.97	2	0.49	30	Other	Hispanic	2026-02-17	NULL	9.99	1.00	6.00	0	1.029	23647.1880	0-1 Year (Onboarding)	0
2330	Data Science	Associate	Associate - Data Science	72213.47	4	3.04	29	Male	Asian	2023-07-31	NULL	2.00	3.00	3.00	0	1.257	28885.3880	3+ Years (Tenured)	1
3318	Data Science	Associate	Associate - Data Science	48708.94	3	2.56	50	Other	Two or More	2024-01-24	NULL	5.00	1.00	2.00	0	0.848	19483.5760	1-3 Years (Mid-Tenure)	0
2961	Data Science	Associate	Associate - Data Science	52779.81	4	0.45	32	Male	Hispanic	2024-06-20	2024-12-03	NULL	NULL	NULL	1	0.919	21111.9240	0-1 Year (Onboarding)	0
2956	Data Science	Associate	Associate - Data Science	50631.60	4	4.42	44	Male	Asian	2022-03-14	NULL	2.00	7.00	6.00	0	0.881	20252.6400	3+ Years (Tenured)	1
2954	Data Science	Associate	Associate - Data Science	70105.04	3	2.84	35	Male	Two or More	2023-10-13	NULL	6.00	7.00	1.00	0	1.220	28042.0160	1-3 Years (Mid-Tenure)	0
2920	Data Science	Associate	Associate - Data Science	53101.21	3	1.80	47	Non-Binary	Two or More	2024-10-28	NULL	9.99	7.00	9.00	0	0.924	21240.4840	1-3 Years (Mid-Tenure)	0
3388	Data Science	Associate	Associate - Data Science	69555.15	3	3.53	42	Non-Binary	Asian	2023-02-04	NULL	6.00	7.00	3.00	1	1.211	27822.0600	3+ Years (Tenured)	0
2888	Data Science	Associate	Associate - Data Science	55979.37	4	4.88	51	Other	Two or More	2021-09-28	NULL	4.00	6.00	8.00	0	0.974	22391.7480	3+ Years (Tenured)	1
2863	Data Science	Associate	Associate - Data Science	45972.54	3	4.32	43	Non-Binary	Asian	2022-04-22	NULL	6.00	5.00	5.00	0	0.800	18389.0160	3+ Years (Tenured)	0
3398	Data Science	Associate	Associate - Data Science	40766.51	3	0.45	51	Female	Two or More	2025-04-13	2025-09-25	4.00	1.00	1.00	1	0.710	16306.6040	0-1 Year (Onboarding)	0
3408	Data Science	Associate	Associate - Data Science	58239.22	3	1.98	35	Other	African American	2024-08-24	NULL	5.00	9.99	2.00	0	1.014	23295.6880	1-3 Years (Mid-Tenure)	0
2841	Data Science	Associate	Associate - Data Science	69780.14	1	1.61	35	Non-Binary	Hispanic	2025-01-05	NULL	9.99	8.00	6.00	0	1.215	27912.0560	1-3 Years (Mid-Tenure)	0
2839	Data Science	Associate	Associate - Data Science	73343.76	2	1.47	39	Male	African American	2025-02-26	NULL	3.00	7.00	6.00	0	1.277	29337.5040	1-3 Years (Mid-Tenure)	0
217	Data Science	Associate	Associate - Data Science	52075.31	3	1.88	48	Female	African American	2022-01-06	2023-11-24	NULL	NULL	NULL	1	0.906	20830.1240	1-3 Years (Mid-Tenure)	0
358	Data Science	Associate	Associate - Data Science	50083.46	2	1.19	37	Female	Two or More	2025-06-08	NULL	6.00	7.00	6.00	0	0.872	20033.3840	1-3 Years (Mid-Tenure)	0
2805	Data Science	Associate	Associate - Data Science	69948.85	3	4.97	38	Other	African American	2021-08-28	NULL	9.00	5.00	9.99	0	1.218	27979.5400	3+ Years (Tenured)	0
1919	Data Science	Associate	Associate - Data Science	41665.20	1	4.59	39	Non-Binary	Two or More	2022-01-11	NULL	7.00	9.99	8.00	0	0.725	16666.0800	3+ Years (Tenured)	0
516	Data Science	Associate	Associate - Data Science	61054.06	5	1.25	43	Other	Hispanic	2025-05-14	NULL	5.00	8.00	4.00	0	1.063	24421.6240	1-3 Years (Mid-Tenure)	0
3779	Data Science	Associate	Associate - Data Science	67293.24	1	0.57	21	Female	Two or More	2026-01-19	NULL	6.00	6.00	7.00	0	1.171	26917.2960	0-1 Year (Onboarding)	0
1666	Data Science	Associate	Associate - Data Science	57241.81	3	0.13	30	Male	Asian	2026-06-30	NULL	NULL	NULL	NULL	0	0.996	22896.7240	0-1 Year (Onboarding)	0
1671	Data Science	Associate	Associate - Data Science	58025.81	5	0.50	46	Other	Asian	2026-02-13	NULL	9.99	9.00	6.00	0	1.010	23210.3240	0-1 Year (Onboarding)	0
1682	Data Science	Associate	Associate - Data Science	53117.23	2	1.16	23	Male	Hispanic	2025-06-19	NULL	5.00	6.00	4.00	0	0.925	21246.8920	1-3 Years (Mid-Tenure)	0
1691	Data Science	Associate	Associate - Data Science	43388.88	5	4.43	35	Non-Binary	Hispanic	2022-03-13	NULL	1.00	3.00	1.00	0	0.755	17355.5520	3+ Years (Tenured)	1
1696	Data Science	Associate	Associate - Data Science	68458.13	3	1.55	50	Female	Hispanic	2025-01-28	NULL	7.00	4.00	9.00	0	1.192	27383.2520	1-3 Years (Mid-Tenure)	0
2003	Data Science	Associate	Associate - Data Science	56613.18	4	2.45	45	Non-Binary	Caucasian	2024-03-05	NULL	8.00	9.99	4.00	0	0.985	22645.2720	1-3 Years (Mid-Tenure)	0
1992	Data Science	Associate	Associate - Data Science	60862.72	3	0.08	32	Non-Binary	Hispanic	2026-07-16	NULL	NULL	NULL	NULL	0	1.059	24345.0880	0-1 Year (Onboarding)	0
537	Data Science	Associate	Associate - Data Science	40593.49	4	1.19	36	Non-Binary	Caucasian	2025-06-08	NULL	5.00	2.00	4.00	0	0.707	16237.3960	1-3 Years (Mid-Tenure)	0
601	Data Science	Associate	Associate - Data Science	56870.03	3	4.68	56	Other	Asian	2021-12-09	NULL	8.00	7.00	5.00	0	0.990	22748.0120	3+ Years (Tenured)	0
3800	Data Science	Associate	Associate - Data Science	63819.35	4	3.07	29	Other	Two or More	2023-07-22	NULL	9.00	6.00	6.00	0	1.111	25527.7400	3+ Years (Tenured)	0
1951	Data Science	Associate	Associate - Data Science	50903.12	3	0.08	30	Male	Hispanic	2025-07-23	2025-08-22	NULL	NULL	NULL	1	0.886	20361.2480	0-1 Year (Onboarding)	0
103	Data Science	Associate	Associate - Data Science	50266.01	3	0.13	49	Female	Asian	2026-06-27	NULL	NULL	NULL	NULL	0	0.875	20106.4040	0-1 Year (Onboarding)	0
3976	Data Science	Associate	Associate - Data Science	52462.66	3	1.22	48	Non-Binary	Asian	2025-05-25	NULL	5.00	9.99	9.00	0	0.913	20985.0640	1-3 Years (Mid-Tenure)	0
594	Data Science	Associate	Associate - Data Science	50130.62	4	2.81	35	Female	African American	2023-10-24	NULL	9.99	6.00	4.00	0	0.873	20052.2480	1-3 Years (Mid-Tenure)	0
3819	Data Science	Associate	Associate - Data Science	65842.71	4	1.84	27	Female	Two or More	2024-10-14	NULL	4.00	7.00	7.00	0	1.146	26337.0840	1-3 Years (Mid-Tenure)	1
553	Data Science	Associate	Associate - Data Science	53206.42	1	2.72	44	Non-Binary	Hispanic	2023-11-28	NULL	5.00	4.00	NULL	0	0.926	21282.5680	1-3 Years (Mid-Tenure)	0
3821	Data Science	Associate	Associate - Data Science	50048.45	4	2.61	47	Male	Hispanic	2024-01-07	NULL	6.00	8.00	5.00	0	0.871	20019.3800	1-3 Years (Mid-Tenure)	0
1734	Data Science	Associate	Associate - Data Science	71602.38	4	1.22	42	Female	Hispanic	2022-07-11	2023-10-01	NULL	NULL	NULL	0	1.246	28640.9520	1-3 Years (Mid-Tenure)	0
1833	Data Science	Associate	Associate - Data Science	61527.52	3	3.11	39	Other	Asian	2023-07-06	NULL	4.00	3.00	1.00	0	1.071	24611.0080	3+ Years (Tenured)	0
1815	Data Science	Associate	Associate - Data Science	59569.39	4	2.71	44	Other	Two or More	2023-12-01	NULL	9.99	5.00	9.99	0	1.037	23827.7560	1-3 Years (Mid-Tenure)	0
1806	Data Science	Associate	Associate - Data Science	59566.63	4	1.15	51	Non-Binary	Caucasian	2025-04-16	2026-06-10	9.99	9.99	8.00	1	1.037	23826.6520	1-3 Years (Mid-Tenure)	0
3876	Data Science	Associate	Associate - Data Science	59615.78	4	4.04	39	Male	Asian	2022-08-02	NULL	2.00	6.00	5.00	0	1.038	23846.3120	3+ Years (Tenured)	1
1771	Data Science	Associate	Associate - Data Science	59797.61	3	0.61	21	Other	Hispanic	2021-12-04	2022-07-13	NULL	NULL	NULL	1	1.041	23919.0440	0-1 Year (Onboarding)	0
3905	Data Science	Associate	Associate - Data Science	54681.48	4	1.82	42	Non-Binary	Hispanic	2024-10-19	NULL	2.00	3.00	2.00	0	0.952	21872.5920	1-3 Years (Mid-Tenure)	1
4015	Data Science	Associate	Associate - Data Science	51428.62	3	1.52	36	Male	Asian	2025-02-06	NULL	7.00	6.00	7.00	0	0.895	20571.4480	1-3 Years (Mid-Tenure)	0
1616	Data Science	Associate	Associate - Data Science	62261.73	1	0.65	37	Female	Asian	2025-03-24	2025-11-17	NULL	NULL	NULL	0	1.084	24904.6920	0-1 Year (Onboarding)	0
2217	Data Science	Associate	Associate - Data Science	42191.41	3	0.08	39	Non-Binary	Caucasian	2026-07-17	NULL	NULL	NULL	NULL	0	0.734	16876.5640	0-1 Year (Onboarding)	0
4036	Data Science	Associate	Associate - Data Science	45442.88	5	3.04	47	Female	African American	2023-08-02	NULL	3.00	2.00	2.00	0	0.791	18177.1520	3+ Years (Tenured)	1
2210	Data Science	Associate	Associate - Data Science	64236.33	3	0.94	41	Female	African American	2025-09-05	NULL	5.00	8.00	5.00	0	1.118	25694.5320	0-1 Year (Onboarding)	0
2185	Data Science	Associate	Associate - Data Science	46383.06	4	0.45	31	Non-Binary	Asian	2022-12-09	2023-05-22	NULL	NULL	NULL	1	0.807	18553.2240	0-1 Year (Onboarding)	0
2181	Data Science	Associate	Associate - Data Science	61056.57	2	2.50	38	Male	Caucasian	2024-02-13	NULL	6.00	1.00	3.00	0	1.063	24422.6280	1-3 Years (Mid-Tenure)	0
2164	Data Science	Associate	Associate - Data Science	72343.43	2	2.66	44	Female	Asian	2023-12-19	NULL	9.99	9.99	3.00	0	1.259	28937.3720	1-3 Years (Mid-Tenure)	0
4021	Data Science	Associate	Associate - Data Science	68678.13	2	2.94	37	Other	Two or More	2023-09-08	NULL	7.00	8.00	9.00	0	1.195	27471.2520	1-3 Years (Mid-Tenure)	0
498	Data Science	Associate	Associate - Data Science	63512.02	4	1.00	39	Other	African American	2025-08-15	NULL	4.00	2.00	4.00	0	1.106	25404.8080	1-3 Years (Mid-Tenure)	1
500	Data Science	Associate	Associate - Data Science	70464.37	2	1.67	26	Female	Two or More	2024-02-17	2025-10-17	9.99	6.00	9.00	1	1.227	28185.7480	1-3 Years (Mid-Tenure)	0
2120	Data Science	Associate	Associate - Data Science	61944.81	4	0.52	46	Other	African American	2026-02-08	NULL	NULL	NULL	NULL	0	1.078	24777.9240	0-1 Year (Onboarding)	0
4011	Data Science	Associate	Associate - Data Science	47117.20	2	3.40	56	Female	Asian	2023-03-23	NULL	4.00	2.00	2.00	0	0.820	18846.8800	3+ Years (Tenured)	0
2108	Data Science	Associate	Associate - Data Science	58338.15	2	1.89	41	Non-Binary	Asian	2022-01-02	2023-11-24	NULL	NULL	NULL	1	1.015	23335.2600	1-3 Years (Mid-Tenure)	0
2082	Data Science	Associate	Associate - Data Science	45382.86	3	2.07	52	Female	African American	2024-07-19	NULL	6.00	8.00	8.00	0	0.790	18153.1440	1-3 Years (Mid-Tenure)	0
2091	Data Science	Associate	Associate - Data Science	55792.90	4	3.73	41	Female	Hispanic	2021-09-03	2025-05-28	9.99	9.99	9.99	1	0.971	22317.1600	3+ Years (Tenured)	0
1665	Data Science	Associate	Associate - Data Science	63875.40	3	1.12	52	Female	Two or More	2025-07-03	NULL	5.00	1.00	4.00	0	1.112	25550.1600	1-3 Years (Mid-Tenure)	0
505	Data Science	Associate	Associate - Data Science	44899.19	1	3.86	46	Other	African American	2022-10-07	NULL	2.00	5.00	2.00	0	0.782	17959.6760	3+ Years (Tenured)	0
2470	Data Science	Domain Director	Domain Director - Data Science	169535.47	3	0.65	48	Female	Two or More	2025-12-21	NULL	8.00	7.00	1.00	0	1.105	67814.1880	0-1 Year (Onboarding)	0
3752	Data Science	Domain Director	Domain Director - Data Science	137192.01	5	4.34	30	Female	Caucasian	2022-04-15	NULL	5.00	7.00	5.00	0	0.895	54876.8040	3+ Years (Tenured)	0
3816	Data Science	Manager	Manager - Data Science	105872.23	3	4.45	33	Non-Binary	Asian	2022-03-06	NULL	5.00	2.00	5.00	0	1.099	42348.8920	3+ Years (Tenured)	0
735	Data Science	Manager	Manager - Data Science	81289.50	4	0.85	28	Female	Caucasian	2025-10-08	NULL	7.00	6.00	4.00	0	0.844	32515.8000	0-1 Year (Onboarding)	0
1254	Data Science	Manager	Manager - Data Science	89748.72	3	3.87	21	Male	Asian	2021-08-31	2025-07-14	3.00	7.00	6.00	1	0.932	35899.4880	3+ Years (Tenured)	0
2884	Data Science	Manager	Manager - Data Science	106312.70	2	3.08	34	Non-Binary	Asian	2023-07-17	NULL	5.00	2.00	7.00	0	1.104	42525.0800	3+ Years (Tenured)	0
2864	Data Science	Manager	Manager - Data Science	90083.59	2	1.02	38	Male	Asian	2025-08-09	NULL	7.00	9.99	6.00	0	0.935	36033.4360	1-3 Years (Mid-Tenure)	0
3295	Data Science	Manager	Manager - Data Science	84705.04	1	2.25	36	Non-Binary	Hispanic	2024-05-14	NULL	6.00	5.00	2.00	0	0.879	33882.0160	1-3 Years (Mid-Tenure)	0
3871	Data Science	Manager	Manager - Data Science	96306.02	3	0.59	57	Male	African American	2026-01-10	NULL	1.00	NULL	2.00	0	1.000	38522.4080	0-1 Year (Onboarding)	0
846	Data Science	Manager	Manager - Data Science	98222.07	2	4.03	45	Other	Two or More	2022-08-04	NULL	3.00	5.00	7.00	0	1.020	39288.8280	3+ Years (Tenured)	0
3316	Data Science	Manager	Manager - Data Science	114435.66	4	4.69	45	Non-Binary	NULL	2021-12-06	NULL	6.00	2.00	3.00	0	1.188	45774.2640	3+ Years (Tenured)	0
794	Data Science	Supervisor/Lead	Supervisor/Lead - Data Science	87236.77	5	2.39	38	Male	Two or More	2024-01-21	2026-06-12	6.00	1.00	7.00	1	1.161	34894.7080	1-3 Years (Mid-Tenure)	0
652	Data Science	Supervisor/Lead	Supervisor/Lead - Data Science	87759.53	4	3.03	33	Non-Binary	African American	2023-08-06	NULL	9.00	6.00	5.00	0	1.168	35103.8120	3+ Years (Tenured)	0
1767	Data Science	Supervisor/Lead	Supervisor/Lead - Data Science	71391.23	3	4.19	49	Female	Asian	2022-06-09	NULL	4.00	8.00	5.00	0	0.950	28556.4920	3+ Years (Tenured)	0
3383	Data Science	Supervisor/Lead	Supervisor/Lead - Data Science	88361.54	2	2.72	31	Non-Binary	Caucasian	2023-11-25	NULL	7.00	3.00	6.00	0	1.176	35344.6160	1-3 Years (Mid-Tenure)	0
2762	Data Science	Supervisor/Lead	Supervisor/Lead - Data Science	81304.13	1	4.29	30	Male	Two or More	2022-05-03	NULL	7.00	7.00	5.00	0	1.082	32521.6520	3+ Years (Tenured)	0
3156	Data Science	Supervisor/Lead	Supervisor/Lead - Data Science	76821.67	5	1.36	27	Non-Binary	Caucasian	2025-04-05	NULL	8.00	8.00	7.00	0	1.023	30728.6680	1-3 Years (Mid-Tenure)	0
3000	Data Science	Supervisor/Lead	Supervisor/Lead - Data Science	72070.14	2	2.17	51	Other	African American	2024-06-14	NULL	4.00	1.00	1.00	0	0.959	28828.0560	1-3 Years (Mid-Tenure)	0
1539	Data Science	Supervisor/Lead	Supervisor/Lead - Data Science	64073.61	5	2.15	42	Other	Two or More	2024-06-22	NULL	3.00	8.00	7.00	0	0.853	25629.4440	1-3 Years (Mid-Tenure)	1
1709	Data Science	Supervisor/Lead	Supervisor/Lead - Data Science	70731.59	4	4.67	49	Male	African American	2021-12-15	NULL	3.00	NULL	3.00	0	0.941	28292.6360	3+ Years (Tenured)	1
3098	Data Science	Supervisor/Lead	Supervisor/Lead - Data Science	74024.74	3	0.98	54	Other	Asian	2024-08-19	2025-08-10	8.00	5.00	4.00	1	0.985	29609.8960	0-1 Year (Onboarding)	0
4400	Data Science	Supervisor/Lead	Supervisor/Lead - Data Science	77993.13	5	0.48	44	Female	African American	2026-02-21	NULL	6.00	2.00	4.00	0	1.038	31197.2520	0-1 Year (Onboarding)	0
2057	Data Science	Supervisor/Lead	Supervisor/Lead - Data Science	68543.28	4	1.85	43	Female	Hispanic	2023-04-27	2025-03-01	5.00	5.00	7.00	1	0.912	27417.3120	1-3 Years (Mid-Tenure)	0
2221	Data Science	Supervisor/Lead	Supervisor/Lead - Data Science	55214.49	4	1.18	47	Other	Hispanic	2025-06-09	NULL	3.00	7.00	6.00	0	0.735	22085.7960	1-3 Years (Mid-Tenure)	1
3679	Data Science	Supervisor/Lead	Supervisor/Lead - Data Science	89341.49	3	4.25	41	Female	Caucasian	2022-05-17	NULL	5.00	4.00	2.00	0	1.189	35736.5960	3+ Years (Tenured)	0
1249	Data Science	Supervisor/Lead	Supervisor/Lead - Data Science	89815.96	1	1.60	39	Female	African American	2024-12-03	2026-07-09	3.00	7.00	4.00	1	1.195	35926.3840	1-3 Years (Mid-Tenure)	0
1299	Data Science	Supervisor/Lead	Supervisor/Lead - Data Science	81258.47	3	2.72	40	Male	Asian	2023-11-25	NULL	4.00	3.00	7.00	0	1.082	32503.3880	1-3 Years (Mid-Tenure)	0
2122	Data Science	Supervisor/Lead	SUPERVISOR/LEAD - DATA SCIENCE	57545.06	3	1.14	25	Other	Hispanic	2025-06-24	NULL	9.99	NULL	3.00	0	0.766	23018.0240	1-3 Years (Mid-Tenure)	0
3612	Data Science	Supervisor/Lead	Supervisor/Lead - Data Science	65797.64	4	3.50	59	Female	African American	2023-02-16	NULL	6.00	1.00	1.00	0	0.876	26319.0560	3+ Years (Tenured)	0
152	Data Science	Supervisor/Lead	Supervisor/Lead - Data Science	80167.60	3	3.46	46	Male	Hispanic	2021-12-25	2025-06-10	7.00	2.00	1.00	1	1.067	32067.0400	3+ Years (Tenured)	0
179	Data Science	Supervisor/Lead	Supervisor/Lead - Data Science	83626.67	4	1.70	41	Other	Caucasian	2024-01-25	2025-10-05	3.00	4.00	1.00	1	1.113	33450.6680	1-3 Years (Mid-Tenure)	1
2414	Data Science	Supervisor/Lead	Supervisor/Lead - Data Science	80934.26	4	5.01	52	Female	Two or More	2021-08-11	NULL	2.00	4.00	1.00	0	1.077	32373.7040	3+ Years (Tenured)	1
520	Data Science	Supervisor/Lead	Supervisor/Lead - Data Science	64784.22	2	4.98	38	Non-Binary	African American	2021-08-24	NULL	7.00	7.00	4.00	0	0.862	25913.6880	3+ Years (Tenured)	0
3881	Data Science	Supervisor/Lead	Supervisor/Lead - Data Science	80696.89	3	1.35	41	Female	Hispanic	2025-04-11	NULL	7.00	9.99	7.00	0	1.074	32278.7560	1-3 Years (Mid-Tenure)	0
2016	Data Science	Supervisor/Lead	Supervisor/Lead - Data Science	67758.92	5	2.45	37	Female	Hispanic	2024-03-05	NULL	4.00	4.00	6.00	0	0.902	27103.5680	1-3 Years (Mid-Tenure)	1
4349	Data Science	Supervisor/Lead	Supervisor/Lead - Data Science	72875.63	4	3.27	33	Male	African American	2023-05-08	NULL	5.00	5.00	1.00	0	0.970	29150.2520	3+ Years (Tenured)	0
1837	Data Science	Supervisor/Lead	Supervisor/Lead - Data Science	56214.50	3	2.81	36	Female	Two or More	2023-10-25	NULL	6.00	2.00	9.00	0	0.748	22485.8000	1-3 Years (Mid-Tenure)	0
1867	Data Science	Supervisor/Lead	Supervisor/Lead - Data Science	85065.72	5	3.12	35	Other	Asian	2023-07-05	NULL	5.00	NULL	5.00	0	1.132	34026.2880	3+ Years (Tenured)	0
4374	Data Science	Supervisor/Lead	Supervisor/Lead - Data Science	59478.79	4	3.17	31	Other	Hispanic	2023-06-15	NULL	7.00	5.00	4.00	0	0.792	23791.5160	3+ Years (Tenured)	0
2809	Data Science	Supervisor/Lead	Supervisor/Lead - Data Science	87266.95	3	3.54	39	Male	Two or More	2023-01-31	NULL	9.00	9.99	7.00	0	1.162	34906.7800	3+ Years (Tenured)	0
1264	Data Science	Supervisor/Lead	Supervisor/Lead - Data Science	57834.42	3	1.51	24	Male	Two or More	2025-02-09	NULL	8.00	6.00	6.00	0	0.770	23133.7680	1-3 Years (Mid-Tenure)	0
754	Data Science	Supervisor/Lead	Supervisor/Lead - Data Science	82590.57	3	3.62	24	Male	Hispanic	2023-01-03	NULL	3.00	4.00	6.00	0	1.099	33036.2280	3+ Years (Tenured)	0
136	Data Science	Supervisor/Lead	Supervisor/Lead - Data Science	71251.30	5	1.88	29	Other	Two or More	2024-09-26	NULL	9.99	NULL	9.99	0	0.948	28500.5200	1-3 Years (Mid-Tenure)	0
1980	Data Science	Supervisor/Lead	Supervisor/Lead - Data Science	87841.55	2	1.58	66	Female	Caucasian	2024-08-20	2026-03-21	3.00	1.00	NULL	1	1.169	35136.6200	1-3 Years (Mid-Tenure)	0
2681	Data Science	Supervisor/Lead	Supervisor/Lead - Data Science	76698.50	4	1.23	66	Male	African American	2024-09-30	2025-12-24	5.00	9.00	6.00	1	1.021	30679.4000	1-3 Years (Mid-Tenure)	0
1659	People Operations	Assistant Manager	Assistant Manager - People Operations	69752.09	4	4.90	33	Other	African American	2021-09-23	NULL	6.00	6.00	1.00	0	0.831	27900.8360	3+ Years (Tenured)	0
1613	People Operations	Assistant Manager	Assistant Manager - People Operations	98031.52	3	1.08	58	Female	NULL	2025-07-18	NULL	3.00	2.00	6.00	0	1.168	39212.6080	1-3 Years (Mid-Tenure)	0
1032	People Operations	Assistant Manager	Assistant Manager - People Operations	93176.28	2	0.17	43	Male	Caucasian	2026-06-15	NULL	5.00	6.00	8.00	0	1.111	37270.5120	0-1 Year (Onboarding)	0
1110	People Operations	Assistant Manager	Assistant Manager - People Operations	96171.77	4	3.95	21	Other	Asian	2022-09-05	NULL	2.00	1.00	1.00	0	1.146	38468.7080	3+ Years (Tenured)	1
3723	People Operations	Assistant Manager	Assistant Manager - People Operations	94408.49	3	2.07	26	Female	Hispanic	2024-07-19	NULL	6.00	5.00	6.00	0	1.125	37763.3960	1-3 Years (Mid-Tenure)	0
2638	People Operations	Assistant Manager	Assistant Manager - People Operations	67725.19	4	0.98	30	Female	Hispanic	2025-08-23	NULL	8.00	3.00	1.00	0	0.807	27090.0760	0-1 Year (Onboarding)	0
4307	People Operations	Assistant Manager	Assistant Manager - People Operations	76770.57	3	1.43	37	Non-Binary	African American	2025-03-10	NULL	9.00	7.00	2.00	0	0.915	30708.2280	1-3 Years (Mid-Tenure)	0
2	People Operations	Assistant Manager	Assistant Manager - People Operations	95178.25	4	3.31	47	Male	Hispanic	2023-04-25	NULL	9.00	NULL	9.00	0	1.134	38071.3000	3+ Years (Tenured)	0
2626	People Operations	Assistant Manager	Assistant Manager - People Operations	77091.58	2	1.90	28	Male	Caucasian	2024-09-19	NULL	6.00	2.00	3.00	0	0.919	30836.6320	1-3 Years (Mid-Tenure)	0
298	People Operations	Assistant Manager	Assistant Manager - People Operations	79997.76	5	2.74	26	Female	NULL	2021-12-01	2024-08-27	9.00	8.00	6.00	1	0.953	31999.1040	1-3 Years (Mid-Tenure)	0
350	People Operations	Assistant Manager	Assistant Manager - People Operations	63863.72	3	1.35	33	Non-Binary	Hispanic	2025-04-09	NULL	1.00	1.00	1.00	0	0.761	25545.4880	1-3 Years (Mid-Tenure)	0
305	People Operations	Assistant Manager	Assistant Manager - People Operations	94670.59	3	5.03	35	Other	Two or More	2021-08-05	NULL	3.00	7.00	5.00	0	1.128	37868.2360	3+ Years (Tenured)	0
1660	People Operations	Associate	Associate - People Operations	69394.70	5	2.73	53	Other	NULL	2023-11-23	NULL	4.00	1.00	3.00	0	1.180	27757.8800	1-3 Years (Mid-Tenure)	1
4039	People Operations	Associate	Associate - People Operations	41226.77	5	4.56	43	Non-Binary	African American	2022-01-23	NULL	7.00	4.00	3.00	0	0.701	16490.7080	3+ Years (Tenured)	0
4035	People Operations	Associate	Associate - People Operations	45413.08	4	4.49	33	Other	Asian	2022-02-18	NULL	6.00	9.99	4.00	0	0.773	18165.2320	3+ Years (Tenured)	0
1641	People Operations	Associate	Associate - People Operations	71291.86	3	2.23	35	Other	African American	2024-05-24	NULL	5.00	4.00	6.00	0	1.213	28516.7440	1-3 Years (Mid-Tenure)	0
1642	People Operations	Associate	Associate - People Operations	68175.95	4	4.97	56	Male	African American	2021-08-27	NULL	7.00	7.00	4.00	0	1.160	27270.3800	3+ Years (Tenured)	0
4032	People Operations	Associate	Associate - People Operations	74039.05	3	1.63	25	Female	African American	2024-12-28	NULL	6.00	7.00	5.00	0	1.259	29615.6200	1-3 Years (Mid-Tenure)	0
4031	People Operations	Associate	Associate - People Operations	62566.95	3	0.29	66	Female	Asian	2026-05-02	NULL	3.00	1.00	1.00	0	1.064	25026.7800	0-1 Year (Onboarding)	0
1651	People Operations	Associate	Associate - People Operations	56279.03	3	4.59	47	Other	Hispanic	2022-01-12	NULL	9.00	4.00	4.00	0	0.957	22511.6120	3+ Years (Tenured)	0
621	People Operations	Associate	Associate - People Operations	73406.48	3	0.19	34	Female	Two or More	2026-06-05	NULL	NULL	NULL	NULL	0	1.249	29362.5920	0-1 Year (Onboarding)	0
1064	People Operations	Associate	Associate - People Operations	64175.15	3	2.40	56	Other	Caucasian	2024-03-22	NULL	7.00	6.00	6.00	0	1.092	25670.0600	1-3 Years (Mid-Tenure)	0
2749	People Operations	Associate	Associate - People Operations	48183.14	2	0.76	39	Male	Hispanic	2023-09-01	2024-06-05	4.00	2.00	9.99	1	0.820	19273.2560	0-1 Year (Onboarding)	0
1051	People Operations	Associate	Associate - People Operations	74628.17	5	1.36	37	Non-Binary	African American	2025-04-05	NULL	3.00	1.00	7.00	0	1.269	29851.2680	1-3 Years (Mid-Tenure)	1
1049	People Operations	Associate	Associate - People Operations	70645.47	3	2.93	45	Male	African American	2023-09-12	NULL	7.00	3.00	1.00	0	1.202	28258.1880	1-3 Years (Mid-Tenure)	0
4340	People Operations	Associate	Associate - People Operations	55685.98	4	0.29	43	Non-Binary	NULL	2026-04-30	NULL	6.00	7.00	1.00	0	0.947	22274.3920	0-1 Year (Onboarding)	0
3074	People Operations	Associate	Associate - People Operations	49426.72	2	0.81	59	Other	Caucasian	2025-10-25	NULL	9.99	9.99	6.00	0	0.841	19770.6880	0-1 Year (Onboarding)	0
4024	People Operations	Associate	Associate - People Operations	51073.06	1	1.62	42	Other	African American	2025-01-01	NULL	4.00	9.00	4.00	0	0.869	20429.2240	1-3 Years (Mid-Tenure)	0
1044	People Operations	Associate	Associate - People Operations	66554.73	3	4.23	44	Female	Caucasian	2022-05-23	NULL	4.00	NULL	4.00	0	1.132	26621.8920	3+ Years (Tenured)	0
1043	People Operations	Associate	Associate - People Operations	68596.62	4	2.50	51	Male	Caucasian	2024-02-13	NULL	9.00	9.99	8.00	0	1.167	27438.6480	1-3 Years (Mid-Tenure)	0
4049	People Operations	Associate	Associate - People Operations	72860.40	4	1.10	40	Female	Two or More	2025-07-10	NULL	6.00	4.00	4.00	0	1.239	29144.1600	1-3 Years (Mid-Tenure)	0
4314	People Operations	Associate	Associate - People Operations	67287.69	4	2.75	22	Non-Binary	Hispanic	2023-11-17	NULL	9.00	6.00	4.00	0	1.145	26915.0760	1-3 Years (Mid-Tenure)	0
2801	People Operations	Associate	Associate - People Operations	56164.72	3	4.85	37	Non-Binary	Hispanic	2021-10-10	NULL	4.00	6.00	3.00	0	0.955	22465.8880	3+ Years (Tenured)	0
1559	People Operations	Associate	Associate - People Operations	40301.48	1	1.62	33	Male	African American	2024-07-20	2026-03-05	4.00	7.00	2.00	1	0.686	16120.5920	1-3 Years (Mid-Tenure)	0
4080	People Operations	Associate	Associate - People Operations	66125.47	4	3.55	39	Male	African American	2023-01-26	NULL	4.00	4.00	6.00	0	1.125	26450.1880	3+ Years (Tenured)	1
1564	People Operations	Associate	Associate - People Operations	47071.15	3	1.84	43	Female	Asian	2024-10-14	NULL	6.00	6.00	7.00	0	0.801	18828.4600	1-3 Years (Mid-Tenure)	0
4078	People Operations	Associate	Associate - People Operations	67761.00	4	2.95	44	Non-Binary	Hispanic	2023-09-02	NULL	1.00	4.00	4.00	0	1.153	27104.4000	1-3 Years (Mid-Tenure)	1
1576	People Operations	Associate	associate - people operations	71436.25	5	4.74	43	Female	African American	2021-11-20	NULL	8.00	6.00	6.00	0	1.215	28574.5000	3+ Years (Tenured)	0
2788	People Operations	Associate	Associate - People Operations	42399.78	5	2.10	28	Non-Binary	Asian	2024-07-10	NULL	7.00	7.00	5.00	0	0.721	16959.9120	1-3 Years (Mid-Tenure)	0
2782	People Operations	Associate	Associate - People Operations	40985.86	4	4.40	50	Other	African American	2022-03-22	NULL	1.00	2.00	4.00	0	0.697	16394.3440	3+ Years (Tenured)	1
2765	People Operations	Associate	Associate - People Operations	44472.16	3	3.49	25	Male	Two or More	2023-02-18	NULL	7.00	5.00	6.00	0	0.757	17788.8640	3+ Years (Tenured)	0
632	People Operations	Associate	Associate - People Operations	62271.80	1	2.05	31	Non-Binary	Caucasian	2024-07-26	NULL	7.00	6.00	4.00	0	1.059	24908.7200	1-3 Years (Mid-Tenure)	0
4045	People Operations	Associate	Associate - People Operations	66752.92	4	0.53	38	Male	NULL	2026-02-04	NULL	7.00	4.00	9.00	0	1.136	26701.1680	0-1 Year (Onboarding)	0
1619	People Operations	Associate	Associate - People Operations	48389.11	4	0.66	44	Non-Binary	Two or More	2025-12-16	NULL	5.00	5.00	5.00	0	0.823	19355.6440	0-1 Year (Onboarding)	0
4325	People Operations	Associate	Associate - People Operations	49573.14	5	2.75	43	Male	NULL	2023-11-17	NULL	5.00	3.00	3.00	0	0.843	19829.2560	1-3 Years (Mid-Tenure)	0
2773	People Operations	Associate	Associate - People Operations	61384.76	3	2.69	42	Male	Caucasian	2023-12-06	NULL	6.00	3.00	7.00	0	1.044	24553.9040	1-3 Years (Mid-Tenure)	0
2767	People Operations	Associate	Associate - People Operations	44816.95	4	0.33	31	Male	African American	2026-04-16	NULL	NULL	NULL	NULL	0	0.762	17926.7800	0-1 Year (Onboarding)	0
2766	People Operations	Associate	Associate - People Operations	40911.84	3	2.53	38	Other	Caucasian	2024-02-05	NULL	5.00	1.00	2.00	0	0.696	16364.7360	1-3 Years (Mid-Tenure)	0
1040	People Operations	Associate	Associate - People Operations	67620.44	4	0.10	49	Female	Asian	2026-01-21	2026-02-28	NULL	NULL	NULL	1	1.150	27048.1760	0-1 Year (Onboarding)	0
581	People Operations	Associate	Associate - People Operations	67217.10	3	4.84	38	Male	Asian	2021-10-12	NULL	5.00	5.00	9.00	0	1.143	26886.8400	3+ Years (Tenured)	0
1760	People Operations	Associate	Associate - People Operations	66807.40	4	1.00	52	Male	Two or More	2025-08-14	NULL	9.00	8.00	7.00	0	1.136	26722.9600	1-3 Years (Mid-Tenure)	0
1012	People Operations	Associate	Associate - People Operations	74776.40	4	2.04	35	Non-Binary	African American	2024-08-02	NULL	9.00	8.00	8.00	0	1.272	29910.5600	1-3 Years (Mid-Tenure)	0
1011	People Operations	Associate	Associate - People Operations	60319.26	4	0.75	37	Non-Binary	African American	2025-11-16	NULL	3.00	6.00	2.00	0	1.026	24127.7040	0-1 Year (Onboarding)	1
3091	People Operations	Associate	associate - people operations	56109.76	3	1.56	35	Non-Binary	Asian	2025-01-24	NULL	8.00	4.00	2.00	0	0.954	22443.9040	1-3 Years (Mid-Tenure)	0
3094	People Operations	Associate	Associate - People Operations	55116.13	2	1.49	27	Male	Hispanic	2025-02-17	NULL	1.00	4.00	1.00	0	0.938	22046.4520	1-3 Years (Mid-Tenure)	0
213	People Operations	Associate	Associate - People Operations	42296.10	4	0.51	36	Non-Binary	Asian	2023-12-24	2024-06-26	1.00	4.00	6.00	1	0.719	16918.4400	0-1 Year (Onboarding)	1
1772	People Operations	Associate	Associate - People Operations	53509.50	3	2.67	28	Non-Binary	Hispanic	2023-12-13	NULL	5.00	5.00	6.00	0	0.910	21403.8000	1-3 Years (Mid-Tenure)	0
212	People Operations	Associate	Associate - People Operations	69452.67	4	4.44	47	Female	African American	2022-03-10	NULL	2.00	7.00	4.00	0	1.181	27781.0680	3+ Years (Tenured)	1
584	People Operations	Associate	Associate - People Operations	55296.75	3	4.24	56	Female	Asian	2022-05-19	NULL	7.00	NULL	8.00	0	0.941	22118.7000	3+ Years (Tenured)	0
1016	People Operations	Associate	Associate - People Operations	43532.22	4	2.94	54	Other	Hispanic	2023-09-07	NULL	7.00	6.00	8.00	0	0.741	17412.8880	1-3 Years (Mid-Tenure)	0
3265	People Operations	Associate	Associate - People Operations	49859.89	4	1.47	50	Non-Binary	Two or More	2025-02-25	NULL	4.00	6.00	2.00	0	0.848	19943.9560	1-3 Years (Mid-Tenure)	1
3969	People Operations	Associate	Associate - People Operations	73027.04	3	3.66	30	Female	Two or More	2022-12-17	NULL	8.00	5.00	4.00	0	1.242	29210.8160	3+ Years (Tenured)	0
4368	People Operations	Associate	Associate - People Operations	70600.30	3	4.13	57	Male	Hispanic	2022-06-29	NULL	7.00	8.00	9.00	0	1.201	28240.1200	3+ Years (Tenured)	0
4369	People Operations	Associate	Associate - People Operations	59620.45	2	2.57	43	Other	Hispanic	2024-01-21	NULL	2.00	4.00	7.00	0	1.014	23848.1800	1-3 Years (Mid-Tenure)	0
2688	People Operations	Associate	Associate - People Operations	46157.95	4	3.36	47	Non-Binary	Hispanic	2023-04-06	NULL	1.00	2.00	4.00	0	0.785	18463.1800	3+ Years (Tenured)	1
1786	People Operations	Associate	Associate - People Operations	66895.23	4	3.28	36	Male	Caucasian	2023-05-06	NULL	7.00	6.00	4.00	0	1.138	26758.0920	3+ Years (Tenured)	0
780	People Operations	Associate	associate - people operations	46431.67	4	0.65	58	Female	Caucasian	2025-12-21	NULL	6.00	2.00	7.00	0	0.790	18572.6680	0-1 Year (Onboarding)	0
1793	People Operations	Associate	Associate - People Operations	57124.46	3	0.48	48	Non-Binary	Two or More	2025-08-11	2026-02-03	NULL	NULL	NULL	1	0.972	22849.7840	0-1 Year (Onboarding)	0
209	People Operations	Associate	Associate - People Operations	49049.09	3	2.02	29	Female	African American	2021-10-29	2023-11-07	NULL	NULL	NULL	1	0.834	19619.6360	1-3 Years (Mid-Tenure)	0
377	People Operations	Associate	Associate - People Operations	55776.97	5	3.20	58	Female	Caucasian	2023-06-04	NULL	5.00	9.99	7.00	0	0.949	22310.7880	3+ Years (Tenured)	0
247	People Operations	Associate	Associate - People Operations	54005.50	5	4.12	36	Non-Binary	Two or More	2022-07-02	NULL	7.00	4.00	9.99	0	0.919	21602.2000	3+ Years (Tenured)	0
3273	People Operations	Associate	Associate - People Operations	52615.62	5	5.10	36	Other	NULL	2021-07-09	NULL	6.00	3.00	2.00	0	0.895	21046.2480	3+ Years (Tenured)	0
1685	People Operations	Associate	Associate - People Operations	74825.20	5	4.25	52	Other	African American	2022-05-17	NULL	8.00	3.00	3.00	0	1.273	29930.0800	3+ Years (Tenured)	0
1687	People Operations	Associate	Associate - People Operations	51235.32	2	1.03	49	Female	African American	2025-08-05	NULL	2.00	5.00	5.00	0	0.872	20494.1280	1-3 Years (Mid-Tenure)	0
1688	People Operations	Associate	Associate - People Operations	56891.94	4	2.36	30	Other	Caucasian	2024-04-07	NULL	3.00	9.00	6.00	0	0.968	22756.7760	1-3 Years (Mid-Tenure)	1
1693	People Operations	Associate	Associate - People Operations	48364.71	3	4.19	45	Non-Binary	African American	2022-06-09	NULL	4.00	NULL	5.00	0	0.823	19345.8840	3+ Years (Tenured)	0
4012	People Operations	Associate	Associate - People Operations	64241.26	5	1.18	45	Non-Binary	Asian	2025-06-09	NULL	3.00	1.00	1.00	0	1.093	25696.5040	1-3 Years (Mid-Tenure)	1
2734	People Operations	Associate	Associate - People Operations	57176.46	4	0.48	36	Female	Caucasian	2026-02-22	NULL	9.00	7.00	6.00	0	0.973	22870.5840	0-1 Year (Onboarding)	0
2732	People Operations	Associate	Associate - People Operations	50377.19	2	1.26	65	Female	Caucasian	2025-05-12	NULL	9.00	9.99	9.99	0	0.857	20150.8760	1-3 Years (Mid-Tenure)	0
607	People Operations	Associate	Associate - People Operations	61942.41	5	0.89	45	Female	NULL	2025-09-25	NULL	3.00	1.00	2.00	0	1.054	24776.9640	0-1 Year (Onboarding)	1
1028	People Operations	Associate	Associate - People Operations	73018.29	4	3.39	48	Female	African American	2023-03-25	NULL	6.00	7.00	7.00	0	1.242	29207.3160	3+ Years (Tenured)	0
3997	People Operations	Associate	Associate - People Operations	62241.05	3	3.13	37	Male	Hispanic	2023-06-29	NULL	6.00	2.00	5.00	0	1.059	24896.4200	3+ Years (Tenured)	0
3993	People Operations	Associate	Associate - People Operations	66136.87	3	0.08	30	Male	Two or More	2026-07-18	NULL	NULL	NULL	NULL	0	1.125	26454.7480	0-1 Year (Onboarding)	0
4352	People Operations	Associate	Associate - People Operations	63371.50	5	1.82	42	Female	Caucasian	2024-10-19	NULL	6.00	9.99	NULL	0	1.078	25348.6000	1-3 Years (Mid-Tenure)	0
1732	People Operations	Associate	Associate - People Operations	54651.00	4	2.01	21	Female	Two or More	2024-08-13	NULL	6.00	4.00	6.00	0	0.930	21860.4000	1-3 Years (Mid-Tenure)	0
3463	People Operations	Associate	Associate - People Operations	71286.66	3	4.90	30	Female	Two or More	2021-09-23	NULL	8.00	5.00	4.00	0	1.213	28514.6640	3+ Years (Tenured)	0
1753	People Operations	Associate	Associate - People Operations	61067.20	4	4.42	40	Female	Hispanic	2022-03-17	NULL	9.99	5.00	7.00	0	1.039	24426.8800	3+ Years (Tenured)	0
3267	People Operations	Associate	Associate - People Operations	43949.87	2	0.90	48	Male	Hispanic	2025-09-20	NULL	5.00	5.00	9.99	0	0.748	17579.9480	0-1 Year (Onboarding)	0
2930	People Operations	Associate	Associate - People Operations	73366.96	3	0.96	43	Male	Asian	2025-08-29	NULL	9.00	4.00	9.00	0	1.248	29346.7840	0-1 Year (Onboarding)	0
2955	People Operations	Associate	Associate - People Operations	63606.15	3	0.33	28	Female	African American	2026-04-17	NULL	NULL	NULL	NULL	0	1.082	25442.4600	0-1 Year (Onboarding)	0
2952	People Operations	Associate	Associate - People Operations	55910.31	3	0.25	53	Non-Binary	African American	2026-05-16	NULL	NULL	NULL	NULL	0	0.951	22364.1240	0-1 Year (Onboarding)	0
3303	People Operations	Associate	Associate - People Operations	72935.61	5	1.66	23	Female	Caucasian	2024-04-29	2025-12-25	1.00	1.00	5.00	1	1.241	29174.2440	1-3 Years (Mid-Tenure)	1
243	People Operations	Associate	Associate - People Operations	40539.61	3	4.27	31	Male	Asian	2022-05-11	NULL	6.00	2.00	NULL	0	0.690	16215.8440	3+ Years (Tenured)	0
4274	People Operations	Associate	Associate - People Operations	42703.25	4	2.23	52	Non-Binary	Two or More	2024-05-24	NULL	7.00	9.99	5.00	0	0.726	17081.3000	1-3 Years (Mid-Tenure)	0
1324	People Operations	Associate	Associate - People Operations	73836.72	2	2.76	34	Male	Asian	2023-11-13	NULL	9.99	5.00	8.00	0	1.256	29534.6880	1-3 Years (Mid-Tenure)	0
4186	People Operations	Associate	Associate - People Operations	65749.60	3	4.23	28	Other	Hispanic	2022-05-24	NULL	7.00	8.00	5.00	0	1.118	26299.8400	3+ Years (Tenured)	0
4276	People Operations	Associate	Associate - People Operations	60829.49	4	1.25	60	Male	Hispanic	2025-05-17	NULL	4.00	5.00	4.00	0	1.035	24331.7960	1-3 Years (Mid-Tenure)	1
1339	People Operations	Associate	Associate - People Operations	51077.92	3	4.27	52	Non-Binary	Two or More	2022-05-09	NULL	1.00	1.00	2.00	0	0.869	20431.1680	3+ Years (Tenured)	0
1293	People Operations	Associate	Associate - People Operations	52802.29	1	2.32	46	Other	African American	2024-04-19	NULL	3.00	8.00	NULL	0	0.898	21120.9160	1-3 Years (Mid-Tenure)	0
2929	People Operations	Associate	Associate - People Operations	59660.60	2	1.41	61	Non-Binary	Hispanic	2025-03-19	NULL	9.00	5.00	5.00	0	1.015	23864.2400	1-3 Years (Mid-Tenure)	0
1351	People Operations	Associate	Associate - People Operations	71157.06	4	4.78	39	Male	African American	2021-11-05	NULL	7.00	8.00	7.00	0	1.210	28462.8240	3+ Years (Tenured)	0
1152	People Operations	Associate	Associate - People Operations	74870.34	4	4.26	47	Non-Binary	Caucasian	2022-05-14	NULL	2.00	8.00	7.00	0	1.274	29948.1360	3+ Years (Tenured)	1
331	People Operations	Associate	Associate - People Operations	41198.95	5	2.34	36	Other	Caucasian	2024-04-14	NULL	3.00	6.00	3.00	0	0.701	16479.5800	1-3 Years (Mid-Tenure)	1
3026	People Operations	Associate	Associate - People Operations	43050.88	2	2.77	28	Female	Two or More	2023-11-07	NULL	4.00	5.00	4.00	0	0.732	17220.3520	1-3 Years (Mid-Tenure)	0
1367	People Operations	Associate	Associate - People Operations	44120.26	2	1.48	25	Other	African American	2025-02-20	NULL	9.00	9.99	4.00	0	0.751	17648.1040	1-3 Years (Mid-Tenure)	0
56	People Operations	Associate	Associate - People Operations	58569.68	4	3.64	43	Other	African American	2022-12-26	NULL	6.00	4.00	6.00	0	0.996	23427.8720	3+ Years (Tenured)	0
1379	People Operations	Associate	Associate - People Operations	55015.79	5	4.60	25	Other	Asian	2022-01-09	NULL	4.00	6.00	7.00	0	0.936	22006.3160	3+ Years (Tenured)	1
718	People Operations	Associate	Associate - People Operations	47086.43	3	4.09	51	Female	African American	2022-07-13	NULL	4.00	3.00	7.00	0	0.801	18834.5720	3+ Years (Tenured)	0
2990	People Operations	Associate	Associate - People Operations	56090.61	4	0.58	42	Other	Asian	2026-01-15	NULL	7.00	7.00	3.00	0	0.954	22436.2440	0-1 Year (Onboarding)	0
4245	People Operations	Associate	Associate - People Operations	66085.48	1	3.68	36	Male	African American	2022-12-11	NULL	4.00	4.00	4.00	0	1.124	26434.1920	3+ Years (Tenured)	0
1220	People Operations	Associate	Associate - People Operations	65282.10	1	1.81	51	Male	Asian	2024-10-23	NULL	6.00	NULL	3.00	0	1.111	26112.8400	1-3 Years (Mid-Tenure)	0
4243	People Operations	Associate	Associate - People Operations	61864.36	3	0.93	49	Non-Binary	African American	2025-09-10	NULL	9.99	8.00	7.00	0	1.052	24745.7440	0-1 Year (Onboarding)	0
1225	People Operations	Associate	Associate - People Operations	47906.18	3	0.36	34	Other	African American	2026-04-04	NULL	9.99	9.99	9.00	0	0.815	19162.4720	0-1 Year (Onboarding)	0
3002	People Operations	Associate	Associate - People Operations	72386.57	3	4.22	45	Male	Two or More	2022-05-29	NULL	5.00	2.00	2.00	0	1.231	28954.6280	3+ Years (Tenured)	0
728	People Operations	Associate	Associate - People Operations	52887.43	2	1.17	37	Non-Binary	Hispanic	2025-06-13	NULL	5.00	8.00	6.00	0	0.900	21154.9720	1-3 Years (Mid-Tenure)	0
1242	People Operations	Associate	Associate - People Operations	72634.51	3	1.80	36	Female	NULL	2024-10-27	NULL	3.00	7.00	9.00	0	1.236	29053.8040	1-3 Years (Mid-Tenure)	0
1248	People Operations	Associate	Associate - People Operations	67580.38	4	0.63	37	Male	Two or More	2025-12-27	NULL	7.00	3.00	5.00	0	1.150	27032.1520	0-1 Year (Onboarding)	0
3028	People Operations	Associate	Associate - People Operations	50368.09	5	0.38	53	Female	Asian	2026-03-28	NULL	1.00	1.00	2.00	0	0.857	20147.2360	0-1 Year (Onboarding)	1
3006	People Operations	Associate	Associate - People Operations	66249.15	3	4.07	27	Male	Hispanic	2022-07-22	NULL	2.00	8.00	1.00	0	1.127	26499.6600	3+ Years (Tenured)	0
712	People Operations	Associate	Associate - People Operations	57506.29	3	2.78	24	Male	Caucasian	2023-06-27	2026-04-07	1.00	5.00	3.00	1	0.978	23002.5160	1-3 Years (Mid-Tenure)	0
3010	People Operations	Associate	Associate - People Operations	64317.06	4	0.94	51	Male	Hispanic	2025-09-07	NULL	1.00	1.00	2.00	0	1.094	25726.8240	0-1 Year (Onboarding)	1
1276	People Operations	Associate	Associate - People Operations	60642.21	2	0.11	52	Female	Two or More	2026-07-06	NULL	NULL	NULL	NULL	0	1.032	24256.8840	0-1 Year (Onboarding)	0
1283	People Operations	Associate	Associate - People Operations	46656.05	3	2.28	21	Other	Asian	2024-05-03	NULL	4.00	6.00	6.00	0	0.794	18662.4200	1-3 Years (Mid-Tenure)	0
4206	People Operations	Associate	Associate - People Operations	67487.28	5	3.02	40	Non-Binary	African American	2023-08-08	NULL	8.00	8.00	7.00	0	1.148	26994.9120	3+ Years (Tenured)	0
319	People Operations	Associate	Associate - People Operations	67942.21	3	1.18	51	Female	Caucasian	2025-06-09	NULL	8.00	5.00	2.00	0	1.156	27176.8840	1-3 Years (Mid-Tenure)	0
1291	People Operations	Associate	Associate - People Operations	63900.22	2	3.01	53	Female	Asian	2023-08-11	NULL	4.00	NULL	3.00	0	1.087	25560.0880	3+ Years (Tenured)	0
649	People Operations	Associate	Associate - People Operations	59397.71	1	2.17	51	Female	Hispanic	2024-06-14	NULL	6.00	4.00	5.00	0	1.010	23759.0840	1-3 Years (Mid-Tenure)	0
1473	People Operations	Associate	Associate - People Operations	59136.10	4	3.14	60	Female	Asian	2023-06-27	NULL	8.00	8.00	9.00	0	1.006	23654.4400	3+ Years (Tenured)	0
4298	People Operations	Associate	Associate - People Operations	69905.09	3	1.99	27	Other	Hispanic	2023-01-02	2024-12-30	6.00	9.00	8.00	1	1.189	27962.0360	1-3 Years (Mid-Tenure)	0
1476	People Operations	Associate	Associate - People Operations	57526.02	4	1.78	38	Male	African American	2024-11-04	NULL	3.00	7.00	9.99	0	0.979	23010.4080	1-3 Years (Mid-Tenure)	1
2848	People Operations	Associate	Associate - People Operations	60659.42	5	0.82	50	Female	Hispanic	2025-10-19	NULL	2.00	3.00	3.00	0	1.032	24263.7680	0-1 Year (Onboarding)	1
72	People Operations	Associate	Associate - People Operations	65268.41	3	1.88	47	Female	Caucasian	2024-09-29	NULL	6.00	5.00	7.00	0	1.110	26107.3640	1-3 Years (Mid-Tenure)	0
657	People Operations	Associate	Associate - People Operations	53925.49	3	2.99	43	Female	Hispanic	2023-08-20	NULL	8.00	9.99	9.00	0	0.917	21570.1960	1-3 Years (Mid-Tenure)	0
2838	People Operations	Associate	Associate - People Operations	69265.81	2	1.63	38	Male	Caucasian	2024-12-27	NULL	4.00	7.00	4.00	0	1.178	27706.3240	1-3 Years (Mid-Tenure)	0
1107	People Operations	Associate	Associate - People Operations	45529.62	3	2.05	43	Non-Binary	Asian	2024-07-27	NULL	3.00	2.00	5.00	0	0.775	18211.8480	1-3 Years (Mid-Tenure)	0
4304	People Operations	Associate	Associate - People Operations	67524.56	4	0.47	29	Male	Asian	2026-02-23	NULL	5.00	6.00	5.00	0	1.149	27009.8240	0-1 Year (Onboarding)	0
660	People Operations	Associate	Associate - People Operations	50322.36	3	4.87	51	Female	Two or More	2021-10-02	NULL	5.00	8.00	7.00	0	0.856	20128.9440	3+ Years (Tenured)	0
2819	People Operations	Associate	Associate - People Operations	47411.16	2	1.50	38	Male	Hispanic	2025-02-13	NULL	4.00	4.00	1.00	0	0.807	18964.4640	1-3 Years (Mid-Tenure)	0
1100	People Operations	Associate	Associate - People Operations	71545.40	4	3.20	28	Female	Two or More	2023-06-03	NULL	5.00	5.00	7.00	0	1.217	28618.1600	3+ Years (Tenured)	0
1531	People Operations	Associate	Associate - People Operations	67253.55	4	1.56	62	Other	Caucasian	2025-01-23	NULL	5.00	6.00	5.00	0	1.144	26901.4200	1-3 Years (Mid-Tenure)	0
1096	People Operations	Associate	Associate - People Operations	62526.90	4	1.18	37	Male	Hispanic	2025-06-09	NULL	9.99	7.00	9.00	0	1.064	25010.7600	1-3 Years (Mid-Tenure)	0
2808	People Operations	Associate	Associate - People Operations	50960.06	5	0.42	29	Non-Binary	African American	2026-03-14	NULL	8.00	6.00	9.99	0	0.867	20384.0240	0-1 Year (Onboarding)	0
4092	People Operations	Associate	Associate - People Operations	63843.24	3	1.14	39	Male	African American	2024-05-05	2025-06-25	3.00	7.00	9.99	0	1.086	25537.2960	1-3 Years (Mid-Tenure)	0
1545	People Operations	Associate	Associate - People Operations	70277.36	1	1.82	36	Male	Hispanic	2024-10-20	NULL	4.00	4.00	3.00	0	1.195	28110.9440	1-3 Years (Mid-Tenure)	0
2698	People Operations	Associate	Associate - People Operations	52052.66	5	2.71	48	Male	Caucasian	2023-11-30	NULL	9.00	5.00	4.00	0	0.885	20821.0640	1-3 Years (Mid-Tenure)	0
1412	People Operations	Associate	Associate - People Operations	42295.06	3	0.27	52	Female	Caucasian	2026-05-10	NULL	7.00	7.00	4.00	0	0.719	16918.0240	0-1 Year (Onboarding)	0
4170	People Operations	Associate	Associate - People Operations	40593.66	3	1.09	54	Non-Binary	Asian	2025-07-13	NULL	7.00	7.00	3.00	0	0.691	16237.4640	1-3 Years (Mid-Tenure)	0
3355	People Operations	Associate	Associate - People Operations	57901.79	4	3.04	21	Other	African American	2023-08-01	NULL	8.00	7.00	7.00	0	0.985	23160.7160	3+ Years (Tenured)	0
245	People Operations	Associate	Associate - People Operations	58552.36	4	0.35	27	NULL	African American	2026-04-10	NULL	NULL	NULL	NULL	0	0.996	23420.9440	0-1 Year (Onboarding)	0
2897	People Operations	Associate	Associate - People Operations	51563.43	3	0.32	32	Female	Caucasian	2026-04-21	NULL	NULL	NULL	NULL	0	0.877	20625.3720	0-1 Year (Onboarding)	0
3033	People Operations	Associate	Associate - People Operations	52857.69	3	5.06	49	Female	Two or More	2021-07-24	NULL	8.00	4.00	9.00	0	0.899	21143.0760	3+ Years (Tenured)	0
679	People Operations	Associate	Associate - People Operations	60069.60	2	3.80	40	Female	Two or More	2022-10-29	NULL	6.00	5.00	7.00	0	1.022	24027.8400	3+ Years (Tenured)	0
1135	People Operations	Associate	Associate - People Operations	69517.68	5	0.82	32	Female	Caucasian	2025-10-20	NULL	4.00	3.00	5.00	0	1.183	27807.0720	0-1 Year (Onboarding)	1
1132	People Operations	Associate	Associate - People Operations	46289.61	1	2.05	39	Female	Hispanic	2024-07-29	NULL	6.00	5.00	6.00	0	0.787	18515.8440	1-3 Years (Mid-Tenure)	0
2802	People Operations	Associate	Associate - People Operations	65096.55	2	1.44	50	Male	African American	2025-03-07	NULL	2.00	1.00	1.00	0	1.107	26038.6200	1-3 Years (Mid-Tenure)	0
1413	People Operations	Associate	Associate - People Operations	43378.36	3	2.95	40	Non-Binary	African American	2023-09-02	NULL	4.00	6.00	4.00	0	0.738	17351.3440	1-3 Years (Mid-Tenure)	0
60	People Operations	Associate	Associate - People Operations	49078.01	2	1.42	29	Other	African American	2025-03-16	NULL	6.00	4.00	1.00	0	0.835	19631.2040	1-3 Years (Mid-Tenure)	0
4145	People Operations	Associate	Associate - People Operations	73579.17	4	0.61	53	Female	Hispanic	2026-01-05	NULL	NULL	NULL	NULL	0	1.252	29431.6680	0-1 Year (Onboarding)	0
3384	People Operations	Associate	Associate - People Operations	40663.83	2	2.02	31	Female	Two or More	2024-08-08	NULL	4.00	3.00	2.00	0	0.692	16265.5320	1-3 Years (Mid-Tenure)	0
663	People Operations	Associate	Associate - People Operations	52193.30	2	0.82	23	Male	Hispanic	2025-10-18	NULL	5.00	2.00	4.00	0	0.888	20877.3200	0-1 Year (Onboarding)	0
2855	People Operations	Associate	Associate - People Operations	55284.62	2	2.06	46	Other	Hispanic	2024-07-24	NULL	4.00	1.00	1.00	0	0.940	22113.8480	1-3 Years (Mid-Tenure)	0
4138	People Operations	Associate	Associate - People Operations	66813.78	5	3.61	41	Male	Asian	2023-01-04	NULL	9.00	6.00	7.00	0	1.137	26725.5120	3+ Years (Tenured)	0
1465	People Operations	Associate	Associate - People Operations	69448.09	2	2.58	51	Male	Hispanic	2024-01-15	NULL	8.00	5.00	5.00	0	1.181	27779.2360	1-3 Years (Mid-Tenure)	0
2058	People Operations	Associate	Associate - People Operations	58711.07	3	3.58	42	Other	Caucasian	2023-01-17	NULL	5.00	1.00	6.00	0	0.999	23484.4280	3+ Years (Tenured)	0
3557	People Operations	Associate	Associate - People Operations	45755.11	4	1.31	45	Other	Hispanic	2025-04-23	NULL	8.00	9.99	9.00	0	0.778	18302.0440	1-3 Years (Mid-Tenure)	0
3841	People Operations	Associate	Associate - People Operations	44322.20	3	3.40	44	Female	Hispanic	2023-03-23	NULL	1.00	3.00	2.00	0	0.754	17728.8800	3+ Years (Tenured)	0
911	People Operations	Associate	Associate - People Operations	57288.10	3	2.82	40	Male	African American	2023-10-19	NULL	7.00	4.00	5.00	0	0.975	22915.2400	1-3 Years (Mid-Tenure)	0
2047	People Operations	Associate	Associate - People Operations	66758.77	4	2.48	44	Other	Asian	2024-02-21	NULL	8.00	7.00	5.00	0	1.136	26703.5080	1-3 Years (Mid-Tenure)	0
2051	People Operations	Associate	Associate - People Operations	53392.30	3	0.35	29	Other	Caucasian	2026-04-10	NULL	9.00	4.00	8.00	0	0.908	21356.9200	0-1 Year (Onboarding)	0
2056	People Operations	Associate	Associate - People Operations	62710.26	4	0.57	39	Other	Asian	2026-01-18	NULL	9.99	7.00	2.00	0	1.067	25084.1040	0-1 Year (Onboarding)	0
907	People Operations	Associate	Associate - People Operations	65747.89	3	2.75	42	Female	African American	2023-11-15	NULL	7.00	6.00	9.00	0	1.118	26299.1560	1-3 Years (Mid-Tenure)	0
2269	People Operations	Associate	Associate - People Operations	64591.34	4	2.17	47	Other	Hispanic	2024-06-15	NULL	6.00	NULL	4.00	0	1.099	25836.5360	1-3 Years (Mid-Tenure)	0
2031	People Operations	Associate	Associate - People Operations	56185.04	2	0.15	52	Male	Hispanic	2024-11-30	2025-01-22	NULL	NULL	NULL	1	0.956	22474.0160	0-1 Year (Onboarding)	0
904	People Operations	Associate	Associate - People Operations	51200.56	2	1.28	30	Other	Asian	2025-05-03	NULL	1.00	1.00	1.00	0	0.871	20480.2240	1-3 Years (Mid-Tenure)	0
129	People Operations	Associate	Associate - People Operations	74422.69	1	2.17	30	Female	African American	2024-06-14	NULL	1.00	5.00	4.00	0	1.266	29769.0760	1-3 Years (Mid-Tenure)	0
797	People Operations	Associate	Associate - People Operations	74320.47	5	0.92	39	Male	Two or More	2025-09-14	NULL	9.00	7.00	6.00	0	1.264	29728.1880	0-1 Year (Onboarding)	0
901	People Operations	Associate	Associate - People Operations	46883.07	4	1.96	29	Non-Binary	Hispanic	2024-08-29	NULL	2.00	1.00	1.00	0	0.798	18753.2280	1-3 Years (Mid-Tenure)	1
2077	People Operations	Associate	Associate - People Operations	46079.82	4	2.70	48	Female	Two or More	2023-08-17	2026-04-29	9.00	9.00	7.00	1	0.784	18431.9280	1-3 Years (Mid-Tenure)	0
2078	People Operations	Associate	Associate - People Operations	62202.00	4	4.86	34	Other	Hispanic	2021-10-07	NULL	6.00	7.00	5.00	0	1.058	24880.8000	3+ Years (Tenured)	0
799	People Operations	Associate	Associate - People Operations	51407.88	2	2.52	27	Male	African American	2024-02-08	NULL	1.00	3.00	1.00	0	0.874	20563.1520	1-3 Years (Mid-Tenure)	0
2007	People Operations	Associate	Associate - People Operations	50085.17	3	1.46	32	Female	NULL	2025-03-01	NULL	9.99	9.99	9.99	0	0.852	20034.0680	1-3 Years (Mid-Tenure)	0
3537	People Operations	Associate	Associate - People Operations	69460.62	3	2.46	31	Non-Binary	African American	2024-02-28	NULL	3.00	2.00	5.00	0	1.182	27784.2480	1-3 Years (Mid-Tenure)	0
793	People Operations	Associate	Associate - People Operations	45523.80	1	1.49	26	Female	African American	2022-01-20	2023-07-19	NULL	NULL	NULL	1	0.774	18209.5200	1-3 Years (Mid-Tenure)	0
1988	People Operations	Associate	Associate - People Operations	55736.91	5	0.25	39	Non-Binary	Asian	2026-05-16	NULL	NULL	NULL	NULL	0	0.948	22294.7640	0-1 Year (Onboarding)	0
4388	People Operations	Associate	Associate - People Operations	50293.26	5	0.81	37	Female	African American	2025-10-22	NULL	6.00	9.99	7.00	0	0.856	20117.3040	0-1 Year (Onboarding)	0
3542	People Operations	Associate	Associate - People Operations	68578.72	4	2.57	39	Non-Binary	Asian	2024-01-19	NULL	8.00	2.00	4.00	0	1.167	27431.4880	1-3 Years (Mid-Tenure)	0
1994	People Operations	Associate	Associate - People Operations	67015.46	4	4.90	43	Male	Caucasian	2021-09-23	NULL	8.00	9.99	9.99	0	1.140	26806.1840	3+ Years (Tenured)	0
3647	People Operations	Associate	Associate - People Operations	49492.50	3	3.75	43	Other	Two or More	2022-11-14	NULL	6.00	5.00	8.00	0	0.842	19797.0000	3+ Years (Tenured)	0
2407	People Operations	Associate	Associate - People Operations	49439.02	3	2.07	44	Male	Two or More	2024-07-21	NULL	9.00	5.00	9.00	0	0.841	19775.6080	1-3 Years (Mid-Tenure)	0
2079	People Operations	Associate	Associate - People Operations	50328.88	2	4.76	30	Other	Two or More	2021-11-10	NULL	6.00	2.00	3.00	0	0.856	20131.5520	3+ Years (Tenured)	0
2567	People Operations	Associate	Associate - People Operations	69055.14	3	2.27	51	Non-Binary	African American	2024-05-09	NULL	7.00	1.00	2.00	0	1.175	27622.0560	1-3 Years (Mid-Tenure)	0
2014	People Operations	Associate	Associate - People Operations	47202.30	3	1.47	38	Male	African American	2025-02-26	NULL	4.00	3.00	4.00	0	0.803	18880.9200	1-3 Years (Mid-Tenure)	0
2019	People Operations	Associate	Associate - People Operations	54289.44	2	2.98	37	Other	Two or More	2022-01-08	2025-01-01	6.00	6.00	6.00	1	0.924	21715.7760	1-3 Years (Mid-Tenure)	0
2294	People Operations	Associate	Associate - People Operations	53013.43	4	4.88	54	Other	Asian	2021-09-29	NULL	8.00	7.00	9.00	0	0.902	21205.3720	3+ Years (Tenured)	0
2271	People Operations	Associate	Associate - People Operations	68316.29	3	2.62	39	Male	African American	2024-01-01	NULL	3.00	5.00	1.00	0	1.162	27326.5160	1-3 Years (Mid-Tenure)	0
3555	People Operations	Associate	Associate - People Operations	65276.96	4	4.10	41	Female	NULL	2022-07-10	NULL	4.00	4.00	7.00	0	1.110	26110.7840	3+ Years (Tenured)	1
2560	People Operations	Associate	Associate - People Operations	61756.11	4	0.22	45	Non-Binary	Caucasian	2026-03-25	2026-06-12	NULL	NULL	NULL	1	1.051	24702.4440	0-1 Year (Onboarding)	0
2183	People Operations	Associate	Associate - People Operations	73493.72	3	1.28	41	Female	Hispanic	2025-05-06	NULL	4.00	4.00	2.00	0	1.250	29397.4880	1-3 Years (Mid-Tenure)	0
143	People Operations	Associate	Associate - People Operations	60238.73	3	1.22	46	Non-Binary	Two or More	2023-02-05	2024-04-27	6.00	8.00	9.99	0	1.025	24095.4920	1-3 Years (Mid-Tenure)	0
2153	People Operations	Associate	Associate - People Operations	74143.71	5	4.11	39	Male	African American	2022-07-07	NULL	1.00	3.00	NULL	0	1.261	29657.4840	3+ Years (Tenured)	1
2160	People Operations	Associate	Associate - People Operations	58687.91	4	3.10	40	Male	African American	2023-07-09	NULL	9.00	7.00	9.99	0	0.998	23475.1640	3+ Years (Tenured)	0
177	People Operations	Associate	Associate - People Operations	66022.78	3	2.71	45	Other	Asian	2023-11-29	NULL	1.00	1.00	7.00	0	1.123	26409.1120	1-3 Years (Mid-Tenure)	0
3191	People Operations	Associate	Associate - People Operations	65108.65	4	0.91	34	Other	Two or More	2025-09-18	NULL	4.00	3.00	3.00	0	1.108	26043.4600	0-1 Year (Onboarding)	1
2483	People Operations	Associate	Associate - People Operations	44397.80	4	4.80	30	Female	African American	2021-10-27	NULL	9.99	7.00	9.99	0	0.755	17759.1200	3+ Years (Tenured)	0
3185	People Operations	Associate	Associate - People Operations	72974.57	4	2.49	31	Male	Hispanic	2024-02-17	NULL	8.00	9.99	4.00	0	1.241	29189.8280	1-3 Years (Mid-Tenure)	0
489	People Operations	Associate	Associate - People Operations	68504.62	4	3.51	38	Male	African American	2023-02-10	NULL	5.00	8.00	9.99	0	1.165	27401.8480	3+ Years (Tenured)	0
3785	People Operations	Associate	Associate - People Operations	68131.35	4	1.62	35	Other	Asian	2025-01-02	NULL	1.00	8.00	3.00	0	1.159	27252.5400	1-3 Years (Mid-Tenure)	1
2186	People Operations	Associate	Associate - People Operations	49766.52	2	3.22	37	Male	Caucasian	2023-05-26	NULL	5.00	2.00	1.00	0	0.847	19906.6080	3+ Years (Tenured)	0
3611	People Operations	Associate	Associate - People Operations	72014.61	4	1.07	36	Female	Hispanic	2025-07-21	NULL	5.00	2.00	5.00	0	1.225	28805.8440	1-3 Years (Mid-Tenure)	0
2187	People Operations	Associate	Associate - People Operations	55077.76	3	0.16	32	Other	Hispanic	2026-06-18	NULL	NULL	NULL	NULL	0	0.937	22031.1040	0-1 Year (Onboarding)	0
2232	People Operations	Associate	Associate - People Operations	61370.00	3	4.91	50	Other	African American	2021-09-18	NULL	9.00	7.00	9.00	0	1.044	24548.0000	3+ Years (Tenured)	0
2216	People Operations	Associate	Associate - People Operations	40000.21	4	3.35	25	Female	Asian	2023-04-10	NULL	6.00	4.00	3.00	1	0.680	16000.0840	3+ Years (Tenured)	0
481	People Operations	Associate	Associate - People Operations	50816.82	3	4.42	53	Other	Asian	2022-03-17	NULL	9.99	5.00	6.00	0	0.864	20326.7280	3+ Years (Tenured)	0
3606	People Operations	Associate	Associate - People Operations	62587.22	4	4.34	28	Male	Hispanic	2022-04-13	NULL	4.00	2.00	4.00	0	1.065	25034.8880	3+ Years (Tenured)	1
3224	People Operations	Associate	Associate - People Operations	40855.83	3	1.99	50	Female	Caucasian	2024-08-18	NULL	6.00	2.00	7.00	0	0.695	16342.3320	1-3 Years (Mid-Tenure)	0
849	People Operations	Associate	Associate - People Operations	55496.51	3	2.16	26	Other	Two or More	2024-06-16	NULL	6.00	2.00	6.00	0	0.944	22198.6040	1-3 Years (Mid-Tenure)	0
2083	People Operations	Associate	Associate - People Operations	70309.61	2	2.12	35	Male	Asian	2024-07-04	NULL	7.00	7.00	4.00	0	1.196	28123.8440	1-3 Years (Mid-Tenure)	0
3194	People Operations	Associate	Associate - People Operations	59344.99	4	5.04	23	Non-Binary	Asian	2021-08-03	NULL	6.00	4.00	1.00	0	1.010	23737.9960	3+ Years (Tenured)	0
3160	People Operations	Associate	Associate - People Operations	68899.77	3	2.62	39	Other	African American	2023-12-31	NULL	5.00	4.00	6.00	0	1.172	27559.9080	1-3 Years (Mid-Tenure)	0
2099	People Operations	Associate	Associate - People Operations	56225.21	3	4.92	26	Non-Binary	Asian	2021-09-13	NULL	7.00	6.00	4.00	0	0.956	22490.0840	3+ Years (Tenured)	0
2102	People Operations	Associate	Associate - People Operations	66341.73	2	2.70	39	Male	Two or More	2023-12-02	NULL	8.00	8.00	7.00	0	1.129	26536.6920	1-3 Years (Mid-Tenure)	0
3572	People Operations	Associate	Associate - People Operations	69860.93	3	4.61	27	Female	Two or More	2022-01-04	NULL	7.00	5.00	6.00	0	1.188	27944.3720	3+ Years (Tenured)	0
2111	People Operations	Associate	Associate - People Operations	61580.67	3	1.76	24	Male	NULL	2024-11-11	NULL	8.00	3.00	7.00	0	1.048	24632.2680	1-3 Years (Mid-Tenure)	0
3105	People Operations	Associate	Associate - People Operations	72984.79	1	1.77	55	Other	Asian	2024-11-07	NULL	9.99	8.00	4.00	0	1.242	29193.9160	1-3 Years (Mid-Tenure)	0
2119	People Operations	Associate	Associate - People Operations	71285.42	4	1.94	42	Female	African American	2024-09-07	NULL	6.00	8.00	5.00	0	1.213	28514.1680	1-3 Years (Mid-Tenure)	0
3791	People Operations	Associate	Associate - People Operations	60900.87	3	3.39	39	Other	Asian	2023-03-27	NULL	9.99	7.00	9.00	0	1.036	24360.3480	3+ Years (Tenured)	0
3173	People Operations	Associate	Associate - People Operations	58162.38	5	3.33	33	Other	African American	2023-04-18	NULL	5.00	4.00	1.00	0	0.989	23264.9520	3+ Years (Tenured)	0
3220	People Operations	Associate	Associate - People Operations	72627.10	2	0.09	26	Male	Hispanic	2024-12-29	2025-02-01	NULL	NULL	NULL	1	1.235	29050.8400	0-1 Year (Onboarding)	0
2141	People Operations	Associate	Associate - People Operations	50657.31	3	4.99	36	Female	NULL	2021-08-20	NULL	9.00	7.00	8.00	0	0.862	20262.9240	3+ Years (Tenured)	0
467	People Operations	Associate	Associate - People Operations	55802.27	4	3.62	33	Non-Binary	Asian	2023-01-03	NULL	3.00	8.00	2.00	0	0.949	22320.9080	3+ Years (Tenured)	1
2265	People Operations	Associate	Associate - People Operations	74350.34	5	3.88	58	Male	African American	2022-09-30	NULL	9.00	8.00	9.99	0	1.265	29740.1360	3+ Years (Tenured)	0
830	People Operations	Associate	Associate - People Operations	70237.74	4	3.18	35	Non-Binary	Hispanic	2021-12-01	2025-02-05	9.00	6.00	6.00	1	1.195	28095.0960	3+ Years (Tenured)	0
2631	People Operations	Associate	Associate - People Operations	69353.84	3	4.15	40	Female	African American	2021-09-04	2025-10-29	7.00	4.00	7.00	1	1.180	27741.5360	3+ Years (Tenured)	0
824	People Operations	Associate	Associate - People Operations	70488.38	5	1.71	27	Other	Asian	2024-11-28	NULL	1.00	2.00	9.99	0	1.199	28195.3520	1-3 Years (Mid-Tenure)	1
1872	People Operations	Associate	Associate - People Operations	59059.57	2	0.30	49	Male	Hispanic	2026-04-27	NULL	NULL	NULL	NULL	0	1.005	23623.8280	0-1 Year (Onboarding)	0
2646	People Operations	Associate	Associate - People Operations	41417.85	4	3.31	35	Other	NULL	2023-04-26	NULL	7.00	9.00	9.00	0	0.705	16567.1400	3+ Years (Tenured)	0
2331	People Operations	Associate	Associate - People Operations	66117.53	2	1.92	30	Female	Hispanic	2024-09-13	NULL	6.00	6.00	5.00	0	1.125	26447.0120	1-3 Years (Mid-Tenure)	0
557	People Operations	Associate	Associate - People Operations	51696.16	3	3.50	21	Female	Asian	2023-02-16	NULL	6.00	8.00	1.00	0	0.879	20678.4640	3+ Years (Tenured)	0
4378	People Operations	Associate	Associate - People Operations	53935.57	4	1.36	34	Other	Hispanic	2025-04-05	NULL	5.00	2.00	9.00	0	0.917	21574.2280	1-3 Years (Mid-Tenure)	0
3934	People Operations	Associate	Associate - People Operations	49974.52	1	0.42	36	Male	African American	2025-07-26	2025-12-25	3.00	1.00	1.00	1	0.850	19989.8080	0-1 Year (Onboarding)	0
3652	People Operations	Associate	Associate - People Operations	70803.11	1	4.05	32	Male	African American	2022-07-28	NULL	6.00	6.00	8.00	0	1.204	28321.2440	3+ Years (Tenured)	0
559	People Operations	Associate	Associate - People Operations	72093.46	3	4.74	41	Non-Binary	Two or More	2021-11-19	NULL	2.00	1.00	3.00	0	1.226	28837.3840	3+ Years (Tenured)	0
832	People Operations	Associate	Associate - People Operations	65258.26	3	3.03	27	Other	Asian	2022-10-28	2025-11-07	6.00	4.00	1.00	1	1.110	26103.3040	3+ Years (Tenured)	0
969	People Operations	Associate	Associate - People Operations	46080.47	2	1.20	32	Male	Asian	2025-06-02	NULL	9.99	7.00	8.00	0	0.784	18432.1880	1-3 Years (Mid-Tenure)	0
785	People Operations	Associate	Associate - People Operations	45696.04	3	4.04	50	Female	Hispanic	2022-08-01	NULL	2.00	3.00	1.00	0	0.777	18278.4160	3+ Years (Tenured)	0
2341	People Operations	Associate	Associate - People Operations	41413.91	3	4.84	56	Male	Caucasian	2021-10-15	NULL	5.00	4.00	8.00	0	0.704	16565.5640	3+ Years (Tenured)	0
116	People Operations	Associate	Associate - People Operations	42924.85	4	1.90	44	Male	Caucasian	2024-09-19	NULL	4.00	4.00	9.00	0	0.730	17169.9400	1-3 Years (Mid-Tenure)	1
930	People Operations	Associate	Associate - People Operations	42495.95	2	1.13	33	Male	Two or More	2025-06-28	NULL	6.00	6.00	4.00	0	0.723	16998.3800	1-3 Years (Mid-Tenure)	0
3947	People Operations	Associate	Associate - People Operations	63462.91	3	4.13	43	Non-Binary	Two or More	2022-06-29	NULL	3.00	4.00	3.00	0	1.080	25385.1640	3+ Years (Tenured)	0
2660	People Operations	Associate	Associate - People Operations	74220.50	3	4.34	46	NULL	Asian	2022-04-13	NULL	8.00	9.99	1.00	0	1.263	29688.2000	3+ Years (Tenured)	0
2380	People Operations	Associate	Associate - People Operations	68004.01	4	0.12	38	NULL	African American	2026-07-02	NULL	NULL	NULL	NULL	0	1.157	27201.6040	0-1 Year (Onboarding)	0
563	People Operations	Associate	Associate - People Operations	50307.89	3	1.47	44	Male	African American	2025-02-26	NULL	1.00	3.00	1.00	0	0.856	20123.1560	1-3 Years (Mid-Tenure)	0
2353	People Operations	Associate	Associate - People Operations	44072.46	4	0.58	36	Other	African American	2025-06-13	2026-01-12	2.00	6.00	5.00	1	0.750	17628.9840	0-1 Year (Onboarding)	1
2664	People Operations	Associate	Associate - People Operations	61910.22	5	2.34	44	Other	African American	2024-04-14	NULL	1.00	1.00	4.00	0	1.053	24764.0880	1-3 Years (Mid-Tenure)	1
2665	People Operations	Associate	Associate - People Operations	60275.72	2	1.24	24	Female	African American	2025-05-19	NULL	6.00	2.00	5.00	0	1.025	24110.2880	1-3 Years (Mid-Tenure)	0
2357	People Operations	Associate	Associate - People Operations	52179.31	5	3.88	51	Other	African American	2022-09-27	NULL	9.00	6.00	3.00	0	0.888	20871.7240	3+ Years (Tenured)	0
2676	People Operations	Associate	Associate - People Operations	74504.58	3	2.44	21	Female	Asian	2024-03-07	NULL	5.00	3.00	3.00	0	1.267	29801.8320	1-3 Years (Mid-Tenure)	0
3116	People Operations	Associate	Associate - People Operations	67139.78	1	4.08	50	Male	African American	2022-07-19	NULL	6.00	7.00	NULL	0	1.142	26855.9120	3+ Years (Tenured)	0
1807	People Operations	Associate	Associate - People Operations	55640.51	4	5.05	38	Non-Binary	Hispanic	2021-07-30	NULL	5.00	9.00	5.00	0	0.946	22256.2040	3+ Years (Tenured)	0
3257	People Operations	Associate	Associate - People Operations	58420.39	3	4.06	21	Other	Asian	2021-10-26	2025-11-16	1.00	1.00	5.00	1	0.994	23368.1560	3+ Years (Tenured)	0
3477	People Operations	Associate	Associate - People Operations	52759.17	1	2.63	31	Other	African American	2023-12-29	NULL	9.99	7.00	7.00	0	0.897	21103.6680	1-3 Years (Mid-Tenure)	0
1801	People Operations	Associate	Associate - People Operations	59865.21	4	0.39	30	Non-Binary	Caucasian	2026-03-27	NULL	NULL	NULL	NULL	0	1.018	23946.0840	0-1 Year (Onboarding)	0
2607	People Operations	Associate	Associate - People Operations	40840.69	3	3.41	38	Non-Binary	Caucasian	2023-03-20	NULL	5.00	5.00	4.00	0	0.695	16336.2760	3+ Years (Tenured)	0
2593	People Operations	Associate	Associate - People Operations	55105.16	3	0.12	41	Non-Binary	Asian	2023-06-07	2023-07-19	NULL	NULL	NULL	1	0.937	22042.0640	0-1 Year (Onboarding)	0
934	People Operations	Associate	Associate - People Operations	61966.65	3	2.13	41	Male	Asian	2024-06-28	NULL	6.00	6.00	5.00	0	1.054	24786.6600	1-3 Years (Mid-Tenure)	0
3880	People Operations	Associate	Associate - People Operations	57568.24	4	4.91	43	Non-Binary	Hispanic	2021-09-18	NULL	1.00	1.00	4.00	0	0.979	23027.2960	3+ Years (Tenured)	1
3884	People Operations	Associate	Associate - People Operations	47393.51	3	1.09	27	Female	Caucasian	2025-07-12	NULL	8.00	9.00	1.00	0	0.806	18957.4040	1-3 Years (Mid-Tenure)	0
441	People Operations	Associate	Associate - People Operations	45007.31	3	4.99	62	Female	Asian	2021-08-19	NULL	3.00	1.00	1.00	0	0.766	18002.9240	3+ Years (Tenured)	0
3527	People Operations	Associate	Associate - People Operations	62988.28	5	0.19	54	Non-Binary	Hispanic	2026-06-08	NULL	7.00	7.00	9.99	0	1.071	25195.3120	0-1 Year (Onboarding)	0
2319	People Operations	Associate	Associate - People Operations	74958.84	4	4.83	36	Other	Two or More	2021-10-17	NULL	9.99	7.00	3.00	0	1.275	29983.5360	3+ Years (Tenured)	0
1945	People Operations	Associate	Associate - People Operations	70802.33	5	3.03	41	Male	African American	2023-08-05	NULL	9.99	6.00	NULL	0	1.204	28320.9320	3+ Years (Tenured)	0
3879	People Operations	Associate	Associate - People Operations	57479.73	5	1.67	43	Male	Two or More	2024-12-15	NULL	2.00	2.00	4.00	0	0.978	22991.8920	1-3 Years (Mid-Tenure)	1
1975	People Operations	Associate	Associate - People Operations	71943.63	3	1.73	29	Other	Hispanic	2024-11-23	NULL	6.00	4.00	3.00	0	1.224	28777.4520	1-3 Years (Mid-Tenure)	0
3139	People Operations	Associate	Associate - People Operations	59427.32	3	2.33	47	Female	Hispanic	2024-04-17	NULL	2.00	1.00	5.00	0	1.011	23770.9280	1-3 Years (Mid-Tenure)	0
3676	People Operations	Associate	Associate - People Operations	46747.18	1	4.36	34	Male	African American	2022-04-08	NULL	4.00	4.00	9.00	0	0.795	18698.8720	3+ Years (Tenured)	0
3673	People Operations	Associate	Associate - People Operations	58980.91	3	1.15	52	Non-Binary	Caucasian	2023-02-08	2024-04-03	9.99	9.00	5.00	1	1.003	23592.3640	1-3 Years (Mid-Tenure)	0
545	People Operations	Associate	Associate - People Operations	63979.94	3	3.72	31	Other	African American	2022-11-27	NULL	8.00	9.00	5.00	0	1.088	25591.9760	3+ Years (Tenured)	0
2326	People Operations	Associate	Associate - People Operations	72397.40	5	0.34	45	Non-Binary	African American	2022-07-15	2022-11-15	NULL	NULL	NULL	1	1.232	28958.9600	0-1 Year (Onboarding)	0
3247	People Operations	Associate	Associate - People Operations	54302.16	5	1.19	42	NULL	Hispanic	2025-06-08	NULL	6.00	9.00	4.00	0	0.924	21720.8640	1-3 Years (Mid-Tenure)	0
3514	People Operations	Associate	Associate - People Operations	47218.14	1	2.45	34	Other	Asian	2024-03-05	NULL	5.00	7.00	2.00	0	0.803	18887.2560	1-3 Years (Mid-Tenure)	0
1903	People Operations	Associate	Associate - People Operations	43467.00	2	3.82	52	Other	Two or More	2022-10-19	NULL	9.99	4.00	4.00	0	0.739	17386.8000	3+ Years (Tenured)	0
1910	People Operations	Associate	Associate - People Operations	72525.52	5	0.78	31	Male	African American	2025-11-05	NULL	6.00	9.00	3.00	0	1.234	29010.2080	0-1 Year (Onboarding)	0
956	People Operations	Associate	Associate - People Operations	69713.41	3	4.82	44	Other	Two or More	2021-10-21	NULL	8.00	8.00	5.00	0	1.186	27885.3640	3+ Years (Tenured)	0
1913	People Operations	Associate	Associate - People Operations	41619.93	4	1.71	42	Male	Caucasian	2024-11-30	NULL	7.00	9.99	6.00	0	0.708	16647.9720	1-3 Years (Mid-Tenure)	0
949	People Operations	Associate	Associate - People Operations	54837.53	4	3.07	33	Non-Binary	Hispanic	2023-07-23	NULL	4.00	3.00	1.00	0	0.933	21935.0120	3+ Years (Tenured)	1
3901	People Operations	Associate	Associate - People Operations	57212.94	5	1.91	54	Male	Two or More	2024-09-17	NULL	7.00	5.00	7.00	0	0.973	22885.1760	1-3 Years (Mid-Tenure)	0
3461	People Operations	Domain Director	Domain Director - People Operations	147153.35	2	4.59	41	Male	Asian	2022-01-11	NULL	7.00	9.99	4.00	0	1.051	58861.3400	3+ Years (Tenured)	0
2845	People Operations	Domain Director	Domain Director - People Operations	130272.87	3	2.97	37	Male	Asian	2023-08-27	NULL	3.00	3.00	5.00	0	0.930	52109.1480	1-3 Years (Mid-Tenure)	0
3276	People Operations	Domain Director	Domain Director - People Operations	126706.61	3	3.57	31	Other	African American	2023-01-21	NULL	3.00	5.00	7.00	0	0.905	50682.6440	3+ Years (Tenured)	0
1821	People Operations	Domain Director	Domain Director - People Operations	155951.15	2	3.77	33	Female	Asian	2022-10-06	2026-07-13	4.00	NULL	1.00	1	1.114	62380.4600	3+ Years (Tenured)	0
4177	People Operations	Manager	Manager - People Operations	104629.69	1	1.33	45	Male	Asian	2025-04-15	NULL	7.00	5.00	5.00	0	1.045	41851.8760	1-3 Years (Mid-Tenure)	0
2730	People Operations	Manager	manager - people operations	73830.02	4	4.12	43	Female	African American	2022-07-03	NULL	6.00	6.00	4.00	0	0.738	29532.0080	3+ Years (Tenured)	0
1357	People Operations	Manager	Manager - People Operations	109485.20	2	4.24	51	Male	Caucasian	2022-01-10	2026-04-06	8.00	5.00	3.00	1	1.094	43794.0800	3+ Years (Tenured)	0
3406	People Operations	Manager	Manager - People Operations	110573.01	4	1.13	43	Female	African American	2025-06-28	NULL	9.00	4.00	1.00	0	1.105	44229.2040	1-3 Years (Mid-Tenure)	0
1680	People Operations	Manager	Manager - People Operations	78435.96	2	4.11	48	Male	Asian	2022-07-07	NULL	2.00	1.00	4.00	0	0.784	31374.3840	3+ Years (Tenured)	0
1798	People Operations	Manager	Manager - People Operations	101668.18	5	3.43	29	Female	Caucasian	2023-03-12	NULL	7.00	1.00	5.00	0	1.016	40667.2720	3+ Years (Tenured)	0
2128	People Operations	Manager	Manager - People Operations	83682.21	1	2.96	40	Male	Hispanic	2023-08-31	NULL	7.00	5.00	5.00	0	0.836	33472.8840	1-3 Years (Mid-Tenure)	0
1261	People Operations	Manager	Manager - People Operations	118063.10	2	1.14	39	Female	Caucasian	2025-06-24	NULL	5.00	4.00	1.00	0	1.179	47225.2400	1-3 Years (Mid-Tenure)	0
761	People Operations	Manager	Manager - People Operations	106880.10	5	1.67	50	Male	Hispanic	2024-12-14	NULL	5.00	4.00	NULL	0	1.068	42752.0400	1-3 Years (Mid-Tenure)	0
3260	People Operations	Manager	Manager - People Operations	77064.48	4	2.07	43	Non-Binary	Two or More	2024-07-19	NULL	8.00	5.00	3.00	0	0.770	30825.7920	1-3 Years (Mid-Tenure)	0
2700	People Operations	Manager	Manager - People Operations	119964.73	5	2.35	41	Female	Hispanic	2024-04-10	NULL	3.00	4.00	8.00	0	1.198	47985.8920	1-3 Years (Mid-Tenure)	1
3788	People Operations	Manager	Manager - People Operations	112403.59	2	3.03	25	Non-Binary	Asian	2023-08-05	NULL	3.00	2.00	7.00	0	1.123	44961.4360	3+ Years (Tenured)	0
2454	People Operations	Manager	Manager - People Operations	104656.10	5	0.40	40	Male	Hispanic	2026-03-21	NULL	9.99	8.00	4.00	0	1.045	41862.4400	0-1 Year (Onboarding)	0
1156	People Operations	Supervisor/Lead	Supervisor/Lead - People Operations	86900.11	3	3.80	28	Female	Two or More	2022-10-27	NULL	4.00	7.00	8.00	0	1.185	34760.0440	3+ Years (Tenured)	0
4455	People Operations	Supervisor/Lead	Supervisor/Lead - People Operations	76731.14	3	4.70	47	Female	Asian	2021-12-04	NULL	2.00	3.00	1.00	0	1.046	30692.4560	3+ Years (Tenured)	0
1347	People Operations	Supervisor/Lead	Supervisor/Lead - People Operations	82081.33	5	1.36	45	Male	Two or More	2025-04-04	NULL	7.00	7.00	6.00	0	1.119	32832.5320	1-3 Years (Mid-Tenure)	0
2987	People Operations	Supervisor/Lead	Supervisor/Lead - People Operations	57215.00	4	1.39	54	Male	Caucasian	2025-03-27	NULL	6.00	7.00	7.00	0	0.780	22886.0000	1-3 Years (Mid-Tenure)	0
2302	People Operations	Supervisor/Lead	Supervisor/Lead - People Operations	58002.93	3	0.41	34	Female	Hispanic	2026-03-18	NULL	NULL	NULL	NULL	0	0.791	23201.1720	0-1 Year (Onboarding)	0
3730	People Operations	Supervisor/Lead	Supervisor/Lead - People Operations	80522.44	4	4.20	29	Female	Caucasian	2022-06-05	NULL	6.00	5.00	4.00	0	1.098	32208.9760	3+ Years (Tenured)	0
1163	People Operations	Supervisor/Lead	Supervisor/Lead - People Operations	61883.39	5	5.09	35	Other	African American	2021-07-13	NULL	6.00	5.00	4.00	0	0.844	24753.3560	3+ Years (Tenured)	0
2345	People Operations	Supervisor/Lead	Supervisor/Lead - People Operations	84157.53	5	2.79	51	Male	Caucasian	2023-11-02	NULL	5.00	8.00	NULL	0	1.147	33663.0120	1-3 Years (Mid-Tenure)	0
2938	People Operations	Supervisor/Lead	Supervisor/Lead - People Operations	77721.30	3	0.58	43	Female	Asian	2026-01-15	NULL	7.00	NULL	NULL	0	1.060	31088.5200	0-1 Year (Onboarding)	0
3211	People Operations	Supervisor/Lead	Supervisor/Lead - People Operations	73251.85	4	4.82	44	Female	Two or More	2021-10-20	NULL	4.00	7.00	1.00	0	0.999	29300.7400	3+ Years (Tenured)	1
3195	People Operations	Supervisor/Lead	Supervisor/Lead - People Operations	60483.28	5	4.25	34	Male	Two or More	2022-05-17	NULL	7.00	5.00	NULL	0	0.825	24193.3120	3+ Years (Tenured)	0
1304	People Operations	Supervisor/Lead	Supervisor/Lead - People Operations	87931.63	3	2.43	47	Male	African American	2024-03-11	NULL	6.00	4.00	7.00	0	1.199	35172.6520	1-3 Years (Mid-Tenure)	0
1849	People Operations	Supervisor/Lead	Supervisor/Lead - People Operations	73197.08	4	2.58	52	NULL	Asian	2024-01-15	NULL	3.00	7.00	7.00	0	0.998	29278.8320	1-3 Years (Mid-Tenure)	1
1598	People Operations	Supervisor/Lead	Supervisor/Lead - People Operations	89276.69	4	4.04	35	Non-Binary	Asian	2022-08-01	NULL	6.00	9.00	9.99	0	1.217	35710.6760	3+ Years (Tenured)	0
1365	People Operations	Supervisor/Lead	Supervisor/Lead - People Operations	82354.98	4	4.43	44	Other	African American	2022-03-13	NULL	6.00	5.00	7.00	0	1.123	32941.9920	3+ Years (Tenured)	0
2570	People Operations	Supervisor/Lead	Supervisor/Lead - People Operations	83699.96	3	1.09	33	Non-Binary	African American	2025-07-12	NULL	5.00	1.00	1.00	0	1.141	33479.9840	1-3 Years (Mid-Tenure)	0
3146	People Operations	Supervisor/Lead	Supervisor/Lead - People Operations	70794.87	3	4.92	38	Female	Two or More	2021-09-16	NULL	7.00	4.00	9.99	0	0.965	28317.9480	3+ Years (Tenured)	0
1643	People Operations	Supervisor/Lead	Supervisor/Lead - People Operations	73339.89	4	3.94	51	Female	Caucasian	2022-09-07	NULL	4.00	1.00	1.00	0	1.000	29335.9560	3+ Years (Tenured)	1
2605	People Operations	Supervisor/Lead	Supervisor/Lead - People Operations	75308.31	3	2.75	31	Male	Caucasian	2023-11-16	NULL	7.00	3.00	3.00	0	1.027	30123.3240	1-3 Years (Mid-Tenure)	0
2616	People Operations	Supervisor/Lead	Supervisor/Lead - People Operations	82023.32	2	0.94	41	Other	NULL	2025-09-05	NULL	3.00	2.00	4.00	0	1.118	32809.3280	0-1 Year (Onboarding)	0
2721	People Operations	Supervisor/Lead	Supervisor/Lead - People Operations	64679.71	4	2.13	36	Non-Binary	Two or More	2024-06-30	NULL	6.00	5.00	6.00	0	0.882	25871.8840	1-3 Years (Mid-Tenure)	0
786	People Operations	Supervisor/Lead	Supervisor/Lead - People Operations	74089.47	3	3.17	37	Other	Asian	2023-06-16	NULL	1.00	3.00	4.00	0	1.010	29635.7880	3+ Years (Tenured)	0
1617	People Operations	Supervisor/Lead	Supervisor/Lead - People Operations	84704.04	2	3.84	46	Female	Two or More	2022-10-14	NULL	7.00	9.00	9.00	0	1.155	33881.6160	3+ Years (Tenured)	0
3268	People Operations	Supervisor/Lead	Supervisor/Lead - People Operations	85431.22	4	2.02	44	Male	Asian	2024-08-07	NULL	9.00	7.00	7.00	0	1.165	34172.4880	1-3 Years (Mid-Tenure)	0
3979	People Operations	Supervisor/Lead	Supervisor/Lead - People Operations	64437.59	4	0.23	55	Female	Caucasian	2026-05-23	NULL	NULL	NULL	NULL	0	0.879	25775.0360	0-1 Year (Onboarding)	0
3497	People Operations	Supervisor/Lead	Supervisor/Lead - People Operations	74706.36	2	0.96	26	Non-Binary	Caucasian	2025-08-31	NULL	8.00	9.00	5.00	0	1.019	29882.5440	0-1 Year (Onboarding)	0
3092	People Operations	Supervisor/Lead	Supervisor/Lead - People Operations	75003.55	4	1.33	40	Male	Two or More	2025-04-17	NULL	9.99	7.00	4.00	0	1.023	30001.4200	1-3 Years (Mid-Tenure)	0
566	People Operations	Supervisor/Lead	Supervisor/Lead - People Operations	58842.64	2	2.57	36	Male	Two or More	2024-01-21	NULL	9.99	4.00	8.00	0	0.802	23537.0560	1-3 Years (Mid-Tenure)	0
1774	People Operations	Supervisor/Lead	Supervisor/Lead - People Operations	63864.01	3	4.66	40	Male	Hispanic	2021-12-18	NULL	1.00	2.00	5.00	0	0.871	25545.6040	3+ Years (Tenured)	0
569	People Operations	Supervisor/Lead	Supervisor/Lead - People Operations	65765.20	3	2.49	28	Male	Caucasian	2024-02-19	NULL	8.00	7.00	6.00	0	0.897	26306.0800	1-3 Years (Mid-Tenure)	0
579	People Operations	Supervisor/Lead	Supervisor/Lead - People Operations	76514.38	3	4.89	45	Male	Asian	2021-09-24	NULL	8.00	9.00	6.00	0	1.043	30605.7520	3+ Years (Tenured)	0
3178	People Operations	Supervisor/Lead	Supervisor/Lead - People Operations	79178.28	5	3.24	56	Other	African American	2023-05-22	NULL	8.00	6.00	8.00	0	1.080	31671.3120	3+ Years (Tenured)	0
2225	People Operations	Supervisor/Lead	Supervisor/Lead - People Operations	81800.45	4	3.95	28	Female	Caucasian	2022-09-02	NULL	7.00	1.00	5.00	0	1.115	32720.1800	3+ Years (Tenured)	0
688	People Operations	Supervisor/Lead	Supervisor/Lead - People Operations	70135.65	2	0.21	47	Male	Asian	2025-02-01	2025-04-18	NULL	NULL	NULL	0	0.956	28054.2600	0-1 Year (Onboarding)	0
485	People Operations	Supervisor/Lead	Supervisor/Lead - People Operations	83560.32	3	4.72	26	Male	Caucasian	2021-11-25	NULL	1.00	2.00	1.00	0	1.139	33424.1280	3+ Years (Tenured)	0
4	People Operations	Supervisor/Lead	Supervisor/Lead - People Operations	64834.07	3	4.69	41	Male	Asian	2021-12-06	NULL	5.00	3.00	1.00	0	0.884	25933.6280	3+ Years (Tenured)	0
3594	People Operations	Supervisor/Lead	Supervisor/Lead - People Operations	70215.79	2	2.70	21	NULL	Hispanic	2023-12-03	NULL	5.00	4.00	1.00	0	0.957	28086.3160	1-3 Years (Mid-Tenure)	0
1409	People Operations	Supervisor/Lead	Supervisor/Lead - People Operations	57111.37	4	1.05	43	Non-Binary	Two or More	2025-07-26	NULL	6.00	3.00	3.00	0	0.779	22844.5480	1-3 Years (Mid-Tenure)	0
3034	People Operations	Supervisor/Lead	Supervisor/Lead - People Operations	76976.66	1	1.35	34	Male	Two or More	2025-04-08	NULL	2.00	4.00	5.00	0	1.050	30790.6640	1-3 Years (Mid-Tenure)	0
667	People Operations	Supervisor/Lead	Supervisor/Lead - People Operations	70176.34	3	2.85	24	Other	African American	2023-10-10	NULL	7.00	4.00	8.00	0	0.957	28070.5360	1-3 Years (Mid-Tenure)	0
3037	People Operations	Supervisor/Lead	Supervisor/Lead - People Operations	74567.83	4	1.79	31	Female	Asian	2024-10-29	NULL	3.00	5.00	NULL	0	1.017	29827.1320	1-3 Years (Mid-Tenure)	1
1594	People Operations	Supervisor/Lead	Supervisor/Lead - People Operations	69104.59	5	1.24	50	Female	Asian	2025-05-18	NULL	8.00	7.00	2.00	0	0.942	27641.8360	1-3 Years (Mid-Tenure)	0
4420	People Operations	Supervisor/Lead	Supervisor/Lead - People Operations	57366.69	3	3.72	59	Male	Two or More	2022-11-26	NULL	7.00	9.00	3.00	0	0.782	22946.6760	3+ Years (Tenured)	0
4111	People Operations	Supervisor/Lead	Supervisor/Lead - People Operations	73225.99	5	0.96	35	Male	Two or More	2025-08-28	NULL	1.00	1.00	5.00	0	0.998	29290.3960	0-1 Year (Onboarding)	1
2825	People Operations	Supervisor/Lead	Supervisor/Lead - People Operations	81541.01	3	3.86	41	Female	Asian	2022-10-05	NULL	4.00	2.00	3.00	0	1.112	32616.4040	3+ Years (Tenured)	0
1101	People Operations	Supervisor/Lead	Supervisor/Lead - People Operations	83639.46	1	2.52	45	Male	Two or More	2023-04-05	2025-10-10	2.00	3.00	2.00	1	1.140	33455.7840	1-3 Years (Mid-Tenure)	0
1550	People Operations	Supervisor/Lead	Supervisor/Lead - People Operations	65979.48	5	3.97	49	Other	Two or More	2022-08-26	NULL	5.00	1.00	7.00	0	0.900	26391.7920	3+ Years (Tenured)	0
4081	People Operations	Supervisor/Lead	Supervisor/Lead - People Operations	56066.55	2	1.57	40	Male	Hispanic	2025-01-20	NULL	6.00	3.00	6.00	0	0.764	22426.6200	1-3 Years (Mid-Tenure)	0
2144	Finance	Assistant Manager	Assistant Manager - Finance	99565.03	2	2.88	47	Female	Hispanic	2023-09-28	NULL	1.00	5.00	1.00	0	1.267	39826.0120	1-3 Years (Mid-Tenure)	0
3899	Finance	Assistant Manager	Assistant Manager - Finance	70428.87	1	3.50	39	Other	Hispanic	2021-12-28	2025-06-27	8.00	9.00	5.00	1	0.896	28171.5480	3+ Years (Tenured)	0
3896	Finance	Assistant Manager	Assistant Manager - Finance	71014.73	1	1.34	44	Male	Hispanic	2025-04-12	NULL	9.99	5.00	9.99	0	0.904	28405.8920	1-3 Years (Mid-Tenure)	0
1670	Finance	Assistant Manager	Assistant Manager - Finance	88779.21	3	3.14	34	Male	Asian	2023-06-26	NULL	7.00	7.00	8.00	0	1.130	35511.6840	3+ Years (Tenured)	0
3423	Finance	Assistant Manager	Assistant Manager - Finance	70632.28	2	0.15	26	Other	Two or More	2025-08-18	2025-10-13	NULL	NULL	NULL	1	0.899	28252.9120	0-1 Year (Onboarding)	0
4419	Finance	Assistant Manager	Assistant Manager - Finance	71062.34	5	5.11	37	Non-Binary	African American	2021-07-06	NULL	2.00	5.00	3.00	0	0.904	28424.9360	3+ Years (Tenured)	1
3875	Finance	Associate	Associate - Finance	40724.84	4	5.00	39	Other	Two or More	2021-08-17	NULL	5.00	1.00	1.00	0	0.700	16289.9360	3+ Years (Tenured)	0
2576	Finance	Associate	Associate - Finance	43965.42	2	2.81	45	Male	African American	2023-10-25	NULL	1.00	2.00	3.00	0	0.756	17586.1680	1-3 Years (Mid-Tenure)	0
1417	Finance	Associate	Associate - Finance	61768.84	3	0.71	46	Female	Hispanic	2022-07-24	2023-04-09	NULL	NULL	NULL	1	1.062	24707.5360	0-1 Year (Onboarding)	0
1990	Finance	Associate	Associate - Finance	64663.62	4	0.42	25	Female	Caucasian	2026-03-15	NULL	1.00	2.00	4.00	0	1.112	25865.4480	0-1 Year (Onboarding)	1
3236	Finance	Associate	Associate - Finance	55301.57	4	0.72	47	Non-Binary	African American	2025-11-26	NULL	5.00	5.00	6.00	0	0.951	22120.6280	0-1 Year (Onboarding)	0
2885	Finance	Associate	Associate - Finance	57077.07	3	0.86	48	Male	Two or More	2025-10-06	NULL	8.00	6.00	5.00	0	0.981	22830.8280	0-1 Year (Onboarding)	0
3539	Finance	Associate	Associate - Finance	70721.00	5	4.79	55	Male	Hispanic	2021-11-02	NULL	7.00	9.99	4.00	0	1.216	28288.4000	3+ Years (Tenured)	0
3366	Finance	Associate	Associate - Finance	64621.55	3	1.19	21	Other	Hispanic	2025-06-05	NULL	7.00	5.00	9.99	0	1.111	25848.6200	1-3 Years (Mid-Tenure)	0
535	Finance	Associate	Associate - Finance	51519.02	5	3.24	48	Other	Asian	2023-05-22	NULL	8.00	5.00	8.00	0	0.886	20607.6080	3+ Years (Tenured)	0
4148	Finance	Associate	Associate - Finance	69818.52	5	0.50	32	Male	Hispanic	2021-07-31	2022-01-31	NULL	NULL	NULL	1	1.201	27927.4080	0-1 Year (Onboarding)	0
125	Finance	Associate	Associate - Finance	51106.04	3	3.30	28	Non-Binary	Caucasian	2023-04-28	NULL	6.00	6.00	9.99	0	0.879	20442.4160	3+ Years (Tenured)	0
1976	Finance	Associate	Associate - Finance	40707.35	2	3.77	32	Other	Caucasian	2022-11-07	NULL	9.00	9.00	7.00	0	0.700	16282.9400	3+ Years (Tenured)	0
3374	Finance	Associate	Associate - Finance	50808.46	3	2.44	37	Other	Hispanic	2024-03-07	NULL	6.00	7.00	6.00	0	0.874	20323.3840	1-3 Years (Mid-Tenure)	0
2875	Finance	Associate	Associate - Finance	53425.27	4	0.19	50	Male	Hispanic	2026-06-08	NULL	7.00	6.00	2.00	0	0.919	21370.1080	0-1 Year (Onboarding)	0
394	Finance	Associate	Associate - Finance	73147.70	2	3.98	29	Female	NULL	2022-08-24	NULL	5.00	5.00	2.00	0	1.258	29259.0800	3+ Years (Tenured)	0
2001	Finance	Associate	Associate - Finance	61533.30	1	2.03	25	Male	Two or More	2024-08-04	NULL	9.99	9.99	9.00	0	1.058	24613.3200	1-3 Years (Mid-Tenure)	0
4386	Finance	Associate	Associate - Finance	73890.51	4	2.53	38	Other	Asian	2024-02-05	NULL	3.00	5.00	3.00	0	1.271	29556.2040	1-3 Years (Mid-Tenure)	1
2602	Finance	Associate	Associate - Finance	62135.20	2	1.98	29	Other	Hispanic	2024-08-23	NULL	9.99	6.00	9.99	0	1.068	24854.0800	1-3 Years (Mid-Tenure)	0
745	Finance	Associate	Associate - Finance	71745.56	4	1.00	46	Male	Caucasian	2025-08-14	NULL	6.00	6.00	5.00	0	1.234	28698.2240	1-3 Years (Mid-Tenure)	0
1936	Finance	Associate	Associate - Finance	73905.42	5	1.79	39	Female	Asian	2024-09-05	2026-06-20	9.00	6.00	9.00	1	1.271	29562.1680	1-3 Years (Mid-Tenure)	0
1450	Finance	Associate	ASSOCIATE - FINANCE	51722.21	3	3.19	48	Non-Binary	Two or More	2023-06-06	NULL	6.00	8.00	6.00	0	0.889	20688.8840	3+ Years (Tenured)	0
3898	Finance	Associate	Associate - Finance	56960.77	3	1.91	32	Other	NULL	2024-09-16	NULL	8.00	9.00	5.00	0	0.979	22784.3080	1-3 Years (Mid-Tenure)	0
3134	Finance	Associate	Associate - Finance	62289.21	5	2.52	44	Male	Two or More	2024-02-09	NULL	7.00	3.00	5.00	0	1.071	24915.6840	1-3 Years (Mid-Tenure)	0
1930	Finance	Associate	Associate - Finance	46921.01	4	1.39	25	Other	NULL	2025-03-26	NULL	5.00	9.99	9.99	0	0.807	18768.4040	1-3 Years (Mid-Tenure)	0
228	Finance	Associate	Associate - Finance	59128.11	5	3.02	55	Male	NULL	2023-08-07	NULL	8.00	9.00	8.00	0	1.017	23651.2440	3+ Years (Tenured)	0
2619	Finance	Associate	Associate - Finance	61385.83	3	1.79	26	Male	Caucasian	2024-10-30	NULL	8.00	4.00	3.00	0	1.056	24554.3320	1-3 Years (Mid-Tenure)	0
1475	Finance	Associate	Associate - Finance	57554.27	4	3.89	51	Other	African American	2022-09-26	NULL	6.00	8.00	8.00	0	0.990	23021.7080	3+ Years (Tenured)	0
68	Finance	Associate	Associate - Finance	66835.29	4	3.91	35	Other	Hispanic	2021-12-23	2025-11-18	5.00	4.00	6.00	1	1.149	26734.1160	3+ Years (Tenured)	0
954	Finance	Associate	Associate - Finance	54392.80	4	5.04	31	Other	Two or More	2021-08-02	NULL	5.00	1.00	3.00	0	0.935	21757.1200	3+ Years (Tenured)	0
3813	Finance	Associate	Associate - Finance	74148.55	3	3.29	52	Male	Two or More	2023-05-02	NULL	4.00	4.00	2.00	0	1.275	29659.4200	3+ Years (Tenured)	0
1325	Finance	Associate	Associate - Finance	44417.72	3	5.02	56	Other	African American	2021-08-08	NULL	3.00	3.00	1.00	0	0.764	17767.0880	3+ Years (Tenured)	0
410	Finance	Associate	Associate - Finance	74356.88	3	3.42	29	Non-Binary	Two or More	2021-10-19	2025-03-19	9.99	8.00	8.00	1	1.279	29742.7520	3+ Years (Tenured)	0
4189	Finance	Associate	Associate - Finance	60756.40	5	2.15	49	Non-Binary	Hispanic	2022-07-22	2024-09-13	6.00	5.00	3.00	1	1.045	24302.5600	1-3 Years (Mid-Tenure)	0
146	Finance	Associate	Associate - Finance	69212.37	3	2.16	41	Other	Caucasian	2024-06-19	NULL	6.00	9.99	7.00	0	1.190	27684.9480	1-3 Years (Mid-Tenure)	0
2152	Finance	Associate	Associate - Finance	44059.95	4	1.27	51	Female	Hispanic	2025-05-09	NULL	6.00	7.00	8.00	0	0.758	17623.9800	1-3 Years (Mid-Tenure)	0
1344	Finance	Associate	Associate - Finance	62131.38	3	1.79	21	Non-Binary	Two or More	2024-10-29	NULL	4.00	8.00	6.00	0	1.068	24852.5520	1-3 Years (Mid-Tenure)	0
3589	Finance	Associate	Associate - Finance	69907.63	4	0.27	44	Other	Two or More	2026-05-10	NULL	5.00	1.00	5.00	0	1.202	27963.0520	0-1 Year (Onboarding)	0
4280	Finance	Associate	Associate - Finance	69322.70	3	3.98	45	Female	Two or More	2022-08-22	NULL	7.00	NULL	NULL	0	1.192	27729.0800	3+ Years (Tenured)	0
884	Finance	Associate	Associate - Finance	47642.62	4	1.42	34	Male	Two or More	2025-03-14	NULL	5.00	4.00	1.00	0	0.819	19057.0480	1-3 Years (Mid-Tenure)	0
1355	Finance	Associate	Associate - Finance	45813.35	2	1.31	42	Female	Two or More	2025-04-24	NULL	3.00	4.00	1.00	0	0.788	18325.3400	1-3 Years (Mid-Tenure)	0
495	Finance	Associate	Associate - Finance	74948.21	5	4.31	21	Male	Hispanic	2022-04-25	NULL	4.00	6.00	2.00	0	1.289	29979.2840	3+ Years (Tenured)	1
2506	Finance	Associate	Associate - Finance	54844.75	3	0.20	28	Male	Asian	2026-06-03	NULL	8.00	6.00	3.00	0	0.943	21937.9000	0-1 Year (Onboarding)	0
1361	Finance	Associate	Associate - Finance	40116.88	3	0.31	55	Male	Caucasian	2026-02-18	2026-06-11	NULL	NULL	NULL	1	0.690	16046.7520	0-1 Year (Onboarding)	0
2118	Finance	Associate	Associate - Finance	70616.45	4	2.37	29	Other	African American	2024-04-02	NULL	4.00	5.00	5.00	0	1.214	28246.5800	1-3 Years (Mid-Tenure)	1
923	Finance	Associate	Associate - Finance	64439.94	4	4.60	34	Other	Hispanic	2022-01-09	NULL	9.99	9.99	4.00	0	1.108	25775.9760	3+ Years (Tenured)	0
510	Finance	Associate	Associate - Finance	66000.93	3	1.95	55	Male	Two or More	2024-09-02	NULL	7.00	5.00	3.00	0	1.135	26400.3720	1-3 Years (Mid-Tenure)	0
689	Finance	Associate	Associate - Finance	41214.45	2	3.36	21	Non-Binary	Asian	2023-04-07	NULL	8.00	6.00	3.00	0	0.709	16485.7800	3+ Years (Tenured)	0
1378	Finance	Associate	Associate - Finance	48717.91	3	4.99	23	Male	Hispanic	2021-08-19	NULL	8.00	8.00	1.00	0	0.838	19487.1640	3+ Years (Tenured)	0
2540	Finance	Associate	Associate - Finance	55321.11	3	1.73	33	Non-Binary	African American	2024-11-22	NULL	8.00	4.00	2.00	0	0.951	22128.4440	1-3 Years (Mid-Tenure)	0
2547	Finance	Associate	Associate - Finance	64436.97	4	1.53	48	Female	Asian	2025-02-03	NULL	5.00	1.00	1.00	0	1.108	25774.7880	1-3 Years (Mid-Tenure)	0
522	Finance	Associate	Associate - Finance	50839.77	3	3.91	33	Male	Asian	2022-09-17	NULL	3.00	7.00	7.00	0	0.874	20335.9080	3+ Years (Tenured)	0
3559	Finance	Associate	Associate - Finance	50157.29	3	0.37	28	Male	Asian	2026-04-01	NULL	4.00	1.00	1.00	0	0.862	20062.9160	0-1 Year (Onboarding)	0
4398	Finance	Associate	Associate - Finance	42131.04	4	4.10	30	Other	Two or More	2022-07-11	NULL	1.00	6.00	3.00	0	0.724	16852.4160	3+ Years (Tenured)	1
2032	Finance	Associate	Associate - Finance	45304.23	5	3.39	41	Female	Asian	2023-03-28	NULL	8.00	9.00	5.00	0	0.779	18121.6920	3+ Years (Tenured)	0
2559	Finance	Associate	Associate - Finance	68246.25	2	0.10	50	Male	Caucasian	2026-04-20	2026-05-26	NULL	NULL	NULL	1	1.173	27298.5000	0-1 Year (Onboarding)	0
4163	Finance	Associate	Associate - Finance	50218.94	3	0.99	21	Non-Binary	African American	2022-09-02	2023-08-29	NULL	NULL	NULL	1	0.864	20087.5760	0-1 Year (Onboarding)	0
3554	Finance	Associate	Associate - Finance	66815.28	3	5.05	39	Other	Hispanic	2021-07-30	NULL	5.00	7.00	3.00	0	1.149	26726.1120	3+ Years (Tenured)	0
3289	Finance	Associate	Associate - Finance	73680.12	4	1.84	35	Non-Binary	Hispanic	2024-04-22	2026-02-24	3.00	2.00	5.00	1	1.267	29472.0480	1-3 Years (Mid-Tenure)	1
3994	Finance	Associate	Associate - Finance	62818.37	3	1.36	47	Male	Two or More	2025-04-06	NULL	7.00	6.00	3.00	0	1.080	25127.3480	1-3 Years (Mid-Tenure)	0
1788	Finance	Associate	Associate - Finance	50822.34	4	1.96	38	Female	Asian	2024-08-28	NULL	6.00	7.00	9.00	0	0.874	20328.9360	1-3 Years (Mid-Tenure)	0
4320	Finance	Associate	ASSOCIATE - FINANCE	41895.51	4	0.59	54	Other	Caucasian	2026-01-12	NULL	7.00	9.99	6.00	0	0.720	16758.2040	0-1 Year (Onboarding)	0
582	Finance	Associate	Associate - Finance	46508.11	4	1.87	39	Male	African American	2024-09-30	NULL	3.00	7.00	NULL	0	0.800	18603.2440	1-3 Years (Mid-Tenure)	1
1005	Finance	Associate	Associate - Finance	47853.35	3	1.75	41	Male	Hispanic	2024-11-13	NULL	8.00	9.99	5.00	0	0.823	19141.3400	1-3 Years (Mid-Tenure)	0
2696	Finance	Associate	Associate - Finance	57596.29	5	0.47	49	Non-Binary	Asian	2026-02-23	NULL	6.00	1.00	1.00	0	0.990	23038.5160	0-1 Year (Onboarding)	0
21	Finance	Associate	Associate - Finance	42546.66	3	1.22	24	Female	Hispanic	2025-05-27	NULL	6.00	4.00	5.00	0	0.732	17018.6640	1-3 Years (Mid-Tenure)	0
1585	Finance	Associate	Associate - Finance	67413.41	3	2.94	35	Non-Binary	Asian	2023-09-08	NULL	1.00	6.00	1.00	0	1.159	26965.3640	1-3 Years (Mid-Tenure)	0
2704	Finance	Associate	Associate - Finance	49562.75	4	4.85	34	Male	African American	2021-10-09	NULL	5.00	4.00	8.00	0	0.852	19825.1000	3+ Years (Tenured)	0
3087	Finance	Associate	Associate - Finance	50835.02	5	1.72	50	Male	Asian	2024-11-25	NULL	6.00	8.00	9.00	0	0.874	20334.0080	1-3 Years (Mid-Tenure)	0
1593	Finance	Associate	Associate - Finance	54191.61	5	3.88	22	Male	Two or More	2022-09-29	NULL	7.00	4.00	6.00	0	0.932	21676.6440	3+ Years (Tenured)	0
382	Finance	Associate	Associate - Finance	74070.87	4	4.45	57	Non-Binary	African American	2022-03-06	NULL	9.00	8.00	5.00	0	1.274	29628.3480	3+ Years (Tenured)	0
2708	Finance	Associate	Associate - Finance	63641.89	3	2.24	46	Non-Binary	African American	2024-05-21	NULL	7.00	6.00	5.00	0	1.094	25456.7560	1-3 Years (Mid-Tenure)	0
3987	Finance	Associate	Associate - Finance	62387.88	3	0.07	43	Male	Caucasian	2026-07-19	NULL	NULL	NULL	NULL	0	1.073	24955.1520	0-1 Year (Onboarding)	0
2712	Finance	Associate	Associate - Finance	68369.00	2	5.04	33	Non-Binary	Asian	2021-08-02	NULL	5.00	5.00	9.00	0	1.176	27347.6000	3+ Years (Tenured)	0
4315	Finance	Associate	Associate - Finance	63431.42	4	1.26	41	Female	Caucasian	2023-08-13	2024-11-15	5.00	3.00	1.00	1	1.091	25372.5680	1-3 Years (Mid-Tenure)	0
602	Finance	Associate	Associate - Finance	51029.26	3	4.31	38	Other	Asian	2022-04-26	NULL	7.00	7.00	8.00	0	0.877	20411.7040	3+ Years (Tenured)	0
100	Finance	Associate	Associate - Finance	51692.28	3	0.91	51	Female	Caucasian	2025-09-18	NULL	3.00	4.00	2.00	0	0.889	20676.9120	0-1 Year (Onboarding)	0
3445	Finance	Associate	Associate - Finance	50528.25	3	3.29	29	Female	African American	2023-05-02	NULL	9.00	3.00	8.00	0	0.869	20211.3000	3+ Years (Tenured)	0
4018	Finance	Associate	Associate - Finance	61748.68	1	4.25	66	Female	African American	2022-05-15	NULL	6.00	4.00	9.00	0	1.062	24699.4720	3+ Years (Tenured)	0
606	Finance	Associate	Associate - Finance	62421.75	3	3.67	51	Male	Asian	2022-12-14	NULL	2.00	3.00	6.00	0	1.073	24968.7000	3+ Years (Tenured)	0
4348	Finance	Associate	Associate - Finance	62375.49	2	1.85	41	Non-Binary	Two or More	2024-02-28	2026-01-04	7.00	6.00	4.00	1	1.073	24950.1960	1-3 Years (Mid-Tenure)	0
1038	Finance	Associate	Associate - Finance	64767.71	4	2.23	38	Non-Binary	Asian	2024-05-22	NULL	7.00	9.00	7.00	0	1.114	25907.0840	1-3 Years (Mid-Tenure)	0
3431	Finance	Associate	Associate - Finance	73341.07	3	3.12	47	Male	Caucasian	2023-07-03	NULL	1.00	5.00	4.00	0	1.261	29336.4280	3+ Years (Tenured)	0
1684	Finance	Associate	Associate - Finance	52177.50	1	4.53	39	Female	Caucasian	2022-02-05	NULL	9.00	9.00	9.00	0	0.897	20871.0000	3+ Years (Tenured)	0
4020	Finance	Associate	Associate - Finance	58973.62	5	3.00	41	Other	Asian	2023-08-16	NULL	4.00	NULL	1.00	0	1.014	23589.4480	1-3 Years (Mid-Tenure)	1
622	Finance	Associate	Associate - Finance	40593.42	4	4.48	21	Male	Asian	2022-02-21	NULL	7.00	9.99	9.00	0	0.698	16237.3680	3+ Years (Tenured)	0
4341	Finance	Associate	Associate - Finance	42530.78	2	1.05	44	Non-Binary	Caucasian	2025-07-27	NULL	6.00	7.00	9.99	0	0.731	17012.3120	1-3 Years (Mid-Tenure)	0
1053	Finance	Associate	Associate - Finance	53300.97	3	1.37	29	Other	Asian	2025-04-03	NULL	7.00	2.00	8.00	0	0.917	21320.3880	1-3 Years (Mid-Tenure)	0
3945	Finance	Associate	Associate - Finance	47335.01	4	3.73	57	Male	African American	2022-11-21	NULL	9.99	8.00	8.00	0	0.814	18934.0040	3+ Years (Tenured)	0
3129	Finance	Associate	Associate - Finance	68249.30	3	1.61	36	Non-Binary	Two or More	2025-01-05	NULL	7.00	6.00	6.00	0	1.174	27299.7200	1-3 Years (Mid-Tenure)	0
3513	Finance	Associate	Associate - Finance	71803.42	2	1.41	46	Male	African American	2024-06-22	2025-11-20	4.00	2.00	3.00	1	1.235	28721.3680	1-3 Years (Mid-Tenure)	0
1880	Finance	Associate	Associate - Finance	53600.32	3	0.07	41	Male	Two or More	2026-07-20	NULL	NULL	NULL	NULL	0	0.922	21440.1280	0-1 Year (Onboarding)	0
2637	Finance	Associate	Associate - Finance	68201.16	5	3.60	37	Female	Caucasian	2023-01-09	NULL	8.00	7.00	3.00	0	1.173	27280.4640	3+ Years (Tenured)	0
3508	Finance	Associate	Associate - Finance	71672.36	3	2.49	52	Non-Binary	African American	2024-02-18	NULL	4.00	5.00	7.00	0	1.232	28668.9440	1-3 Years (Mid-Tenure)	0
3930	Finance	Associate	Associate - Finance	60372.71	5	1.67	47	Non-Binary	Two or More	2024-12-13	NULL	6.00	7.00	9.99	0	1.038	24149.0840	1-3 Years (Mid-Tenure)	0
2644	Finance	Associate	Associate - Finance	50064.20	3	0.87	26	Non-Binary	Caucasian	2025-10-01	NULL	8.00	6.00	9.00	0	0.861	20025.6800	0-1 Year (Onboarding)	0
1865	Finance	Associate	Associate - Finance	56121.42	4	3.49	47	Non-Binary	Caucasian	2023-02-19	NULL	6.00	7.00	9.99	1	0.965	22448.5680	3+ Years (Tenured)	0
751	Finance	Associate	Associate - Finance	42698.64	2	1.50	40	Female	Asian	2025-02-14	NULL	8.00	3.00	NULL	0	0.734	17079.4560	1-3 Years (Mid-Tenure)	0
1505	Finance	Associate	Associate - Finance	66310.60	3	4.01	26	Male	Caucasian	2022-08-12	NULL	3.00	4.00	2.00	0	1.140	26524.2400	3+ Years (Tenured)	0
558	Finance	Associate	Associate - Finance	74910.23	5	2.78	33	Other	Caucasian	2023-11-03	NULL	5.00	7.00	8.00	0	1.288	29964.0920	1-3 Years (Mid-Tenure)	0
2653	Finance	Associate	Associate - Finance	70333.15	2	1.44	42	Female	Two or More	2025-03-07	NULL	5.00	9.99	8.00	0	1.209	28133.2600	1-3 Years (Mid-Tenure)	0
3944	Finance	Associate	Associate - Finance	49737.71	4	0.59	27	Male	Hispanic	2024-08-25	2025-03-30	6.00	4.00	7.00	1	0.855	19895.0840	0-1 Year (Onboarding)	0
1103	Finance	Associate	Associate - Finance	57257.17	3	1.98	58	Male	Two or More	2024-08-22	NULL	5.00	7.00	7.00	0	0.985	22902.8680	1-3 Years (Mid-Tenure)	0
46	Finance	Associate	Associate - Finance	72060.39	3	3.09	47	Male	Two or More	2023-07-15	NULL	9.99	9.99	7.00	0	1.239	28824.1560	3+ Years (Tenured)	0
2661	Finance	Associate	Associate - Finance	53040.84	3	2.47	36	Male	Hispanic	2024-02-25	NULL	8.00	9.00	9.99	0	0.912	21216.3360	1-3 Years (Mid-Tenure)	0
3122	Finance	Associate	Associate - Finance	42105.16	3	4.58	31	Other	Hispanic	2022-01-16	NULL	4.00	2.00	5.00	0	0.724	16842.0640	3+ Years (Tenured)	0
3121	Finance	Associate	Associate - Finance	41264.59	2	0.55	28	Female	Asian	2025-03-17	2025-10-05	1.00	5.00	5.00	1	0.710	16505.8360	0-1 Year (Onboarding)	0
1818	Finance	Associate	Associate - Finance	57250.51	4	2.15	40	Other	African American	2024-06-22	NULL	9.00	9.00	8.00	0	0.984	22900.2040	1-3 Years (Mid-Tenure)	0
2677	Finance	Associate	Associate - Finance	59167.69	3	4.66	34	Male	Hispanic	2021-12-18	NULL	7.00	1.00	4.00	0	1.017	23667.0760	3+ Years (Tenured)	0
2680	Finance	Associate	Associate - Finance	41790.14	3	2.33	51	Male	Caucasian	2024-04-18	NULL	4.00	2.00	8.00	0	0.719	16716.0560	1-3 Years (Mid-Tenure)	0
758	Finance	Associate	Associate - Finance	63585.49	1	3.27	40	Male	African American	2023-05-08	NULL	7.00	3.00	1.00	0	1.093	25434.1960	3+ Years (Tenured)	0
284	Finance	Associate	Associate - Finance	64412.98	4	0.92	43	Female	African American	2022-10-08	2023-09-08	NULL	NULL	NULL	1	1.108	25765.1920	0-1 Year (Onboarding)	0
221	Finance	Associate	Associate - Finance	62622.36	3	4.60	36	Female	Asian	2022-01-09	NULL	5.00	5.00	3.00	0	1.077	25048.9440	3+ Years (Tenured)	0
990	Finance	Associate	Associate - Finance	59564.12	3	2.21	47	Other	Two or More	2022-01-15	2024-03-30	7.00	5.00	4.00	1	1.024	23825.6480	1-3 Years (Mid-Tenure)	0
1791	Finance	Associate	Associate - Finance	41510.51	5	4.16	39	Male	Asian	2022-06-18	NULL	2.00	8.00	6.00	0	0.714	16604.2040	3+ Years (Tenured)	1
3474	Finance	Associate	Associate - Finance	43482.77	3	3.03	53	Female	Caucasian	2023-08-06	NULL	5.00	3.00	3.00	0	0.748	17393.1080	3+ Years (Tenured)	0
1089	Finance	Associate	Associate - Finance	71509.39	4	5.04	38	Non-Binary	Caucasian	2021-08-01	NULL	5.00	4.00	1.00	0	1.230	28603.7560	3+ Years (Tenured)	0
4273	Finance	Associate	Associate - Finance	61458.35	3	3.34	44	Other	Hispanic	2022-02-25	2025-06-29	9.00	9.00	8.00	1	1.057	24583.3400	3+ Years (Tenured)	0
2421	Finance	Associate	Associate - Finance	74442.05	4	2.62	24	Other	Two or More	2023-01-17	2025-08-31	8.00	7.00	6.00	1	1.280	29776.8200	1-3 Years (Mid-Tenure)	0
460	Finance	Associate	Associate - Finance	50386.75	4	2.69	48	Female	Hispanic	2023-12-08	NULL	7.00	9.99	4.00	0	0.866	20154.7000	1-3 Years (Mid-Tenure)	0
3713	Finance	Associate	Associate - Finance	72276.35	4	1.19	60	Other	Two or More	2025-06-07	NULL	9.99	8.00	5.00	0	1.243	28910.5400	1-3 Years (Mid-Tenure)	0
457	Finance	Associate	Associate - Finance	62365.28	3	4.84	33	Non-Binary	Hispanic	2021-10-13	NULL	9.00	9.99	6.00	0	1.072	24946.1120	3+ Years (Tenured)	0
421	Finance	Associate	Associate - Finance	69992.79	3	4.39	47	Female	Caucasian	2022-03-26	NULL	9.99	9.99	8.00	0	1.204	27997.1160	3+ Years (Tenured)	0
3642	Finance	Associate	Associate - Finance	41072.26	3	3.11	50	Female	Hispanic	2023-07-08	NULL	9.00	7.00	4.00	0	0.706	16428.9040	3+ Years (Tenured)	0
2473	Finance	Associate	Associate - Finance	62357.69	3	2.50	33	Female	Asian	2023-12-10	2026-06-11	7.00	9.99	9.99	1	1.072	24943.0760	1-3 Years (Mid-Tenure)	0
724	Finance	Associate	Associate - Finance	51398.49	4	3.02	36	Non-Binary	Caucasian	2023-08-07	NULL	2.00	3.00	1.00	0	0.884	20559.3960	3+ Years (Tenured)	1
3005	Finance	Associate	Associate - Finance	41098.90	5	3.74	44	Female	Hispanic	2022-11-19	NULL	4.00	6.00	8.00	0	0.707	16439.5600	3+ Years (Tenured)	1
2475	Finance	Associate	Associate - Finance	43850.07	4	1.58	45	Other	African American	2025-01-16	NULL	6.00	8.00	9.00	0	0.754	17540.0280	1-3 Years (Mid-Tenure)	0
3199	Finance	Associate	Associate - Finance	66876.23	2	0.59	32	Male	Caucasian	2024-05-03	2024-12-04	9.99	6.00	9.99	1	1.150	26750.4920	0-1 Year (Onboarding)	0
2388	Finance	Associate	Associate - Finance	58085.34	4	4.77	47	Female	Caucasian	2021-11-07	NULL	2.00	4.00	1.00	0	0.999	23234.1360	3+ Years (Tenured)	1
2194	Finance	Associate	Associate - Finance	64422.73	5	1.68	51	Other	Asian	2024-12-11	NULL	4.00	3.00	5.00	0	1.108	25769.0920	1-3 Years (Mid-Tenure)	1
2193	Finance	Associate	Associate - Finance	42343.18	4	1.59	51	Male	African American	2025-01-12	NULL	1.00	4.00	1.00	0	0.728	16937.2720	1-3 Years (Mid-Tenure)	1
178	Finance	Associate	Associate - Finance	40333.24	3	3.88	40	Other	African American	2022-09-30	NULL	4.00	2.00	1.00	0	0.694	16133.2960	3+ Years (Tenured)	0
446	Finance	Associate	Associate - Finance	65109.91	5	4.78	44	Female	Caucasian	2021-11-05	NULL	8.00	4.00	5.00	0	1.120	26043.9640	3+ Years (Tenured)	0
4216	Finance	Associate	Associate - Finance	74400.23	4	0.52	31	Male	African American	2026-02-06	NULL	9.99	9.99	9.99	0	1.279	29760.0920	0-1 Year (Onboarding)	0
861	Finance	Associate	Associate - Finance	60026.10	3	2.35	58	Female	African American	2024-04-11	NULL	4.00	1.00	1.00	0	1.032	24010.4400	1-3 Years (Mid-Tenure)	0
3215	Finance	Associate	Associate - Finance	70582.19	2	2.14	40	Non-Binary	Hispanic	2024-06-25	NULL	2.00	2.00	7.00	0	1.214	28232.8760	1-3 Years (Mid-Tenure)	0
813	Finance	Associate	Associate - Finance	67414.58	3	1.24	38	Male	African American	2025-05-19	NULL	6.00	2.00	4.00	0	1.159	26965.8320	1-3 Years (Mid-Tenure)	0
4208	Finance	Associate	Associate - Finance	41817.62	4	1.26	47	Female	Hispanic	2023-01-07	2024-04-11	NULL	NULL	NULL	1	0.719	16727.0480	1-3 Years (Mid-Tenure)	0
3189	Finance	Associate	Associate - Finance	69754.26	5	2.89	46	Female	Hispanic	2023-09-24	NULL	5.00	NULL	3.00	0	1.199	27901.7040	1-3 Years (Mid-Tenure)	0
2236	Finance	Associate	Associate - Finance	59346.70	1	1.91	58	Non-Binary	NULL	2023-05-01	2025-03-28	9.99	6.00	7.00	1	1.020	23738.6800	1-3 Years (Mid-Tenure)	0
3192	Finance	Associate	Associate - Finance	54991.44	4	0.50	21	Female	Two or More	2026-02-13	NULL	4.00	8.00	5.00	0	0.946	21996.5760	0-1 Year (Onboarding)	1
4212	Finance	Associate	Associate - Finance	44550.98	1	5.09	27	Male	African American	2021-07-13	NULL	4.00	8.00	1.00	0	0.766	17820.3920	3+ Years (Tenured)	0
2386	Finance	Associate	Associate - Finance	50577.46	2	0.09	29	Other	Asian	2026-07-14	NULL	NULL	NULL	NULL	0	0.870	20230.9840	0-1 Year (Onboarding)	0
2244	Finance	Associate	Associate - Finance	46545.13	3	2.53	53	Female	Caucasian	2024-02-03	NULL	6.00	3.00	5.00	0	0.800	18618.0520	1-3 Years (Mid-Tenure)	0
2250	Finance	Associate	Associate - Finance	67803.69	5	4.15	35	Male	Caucasian	2022-06-22	NULL	1.00	2.00	1.00	0	1.166	27121.4760	3+ Years (Tenured)	1
176	Finance	Associate	Associate - Finance	74685.05	3	3.14	46	Male	Caucasian	2023-06-25	NULL	7.00	6.00	7.00	0	1.284	29874.0200	3+ Years (Tenured)	0
3630	Finance	Associate	Associate - Finance	65808.72	4	2.12	42	Female	Asian	2024-07-04	NULL	9.00	6.00	6.00	0	1.132	26323.4880	1-3 Years (Mid-Tenure)	0
2430	Finance	Associate	Associate - Finance	72059.98	3	4.11	39	Male	Hispanic	2022-07-06	NULL	9.00	6.00	7.00	0	1.239	28823.9920	3+ Years (Tenured)	0
51	Finance	Associate	Associate - Finance	43850.11	5	2.67	32	Male	Caucasian	2023-12-13	NULL	7.00	2.00	1.00	0	0.754	17540.0440	1-3 Years (Mid-Tenure)	0
848	Finance	Associate	Associate - Finance	67368.49	2	4.77	32	Non-Binary	Hispanic	2021-11-09	NULL	8.00	7.00	7.00	0	1.158	26947.3960	3+ Years (Tenured)	0
2178	Finance	Associate	Associate - Finance	52627.05	2	4.59	21	Non-Binary	Hispanic	2022-01-11	NULL	5.00	2.00	2.00	0	0.905	21050.8200	3+ Years (Tenured)	0
2377	Finance	Associate	Associate - Finance	48210.36	4	0.27	50	Non-Binary	Caucasian	2026-05-07	NULL	4.00	4.00	5.00	0	0.829	19284.1440	0-1 Year (Onboarding)	1
3657	Finance	Associate	Associate - Finance	61986.45	3	2.68	35	Other	African American	2023-12-12	NULL	5.00	3.00	4.00	0	1.066	24794.5800	1-3 Years (Mid-Tenure)	0
2486	Finance	Associate	Associate - Finance	43237.37	2	0.40	26	Non-Binary	Two or More	2025-06-24	2025-11-16	NULL	NULL	NULL	1	0.743	17294.9480	0-1 Year (Onboarding)	0
2337	Finance	Associate	Associate - Finance	73600.27	4	2.72	44	Non-Binary	Two or More	2023-11-28	NULL	8.00	6.00	6.00	0	1.266	29440.1080	1-3 Years (Mid-Tenure)	0
1213	Finance	Associate	Associate - Finance	62617.86	5	3.25	37	Female	Two or More	2023-05-18	NULL	9.00	9.99	9.00	0	1.077	25047.1440	3+ Years (Tenured)	0
2347	Finance	Associate	Associate - Finance	70118.20	4	2.37	54	Male	Hispanic	2024-04-03	NULL	3.00	5.00	1.00	0	1.206	28047.2800	1-3 Years (Mid-Tenure)	1
1316	Finance	Associate	Associate - Finance	61408.80	3	4.60	34	Other	Hispanic	2022-01-10	NULL	8.00	6.00	9.99	0	1.056	24563.5200	3+ Years (Tenured)	0
4449	Finance	Associate	Associate - Finance	71117.87	3	3.46	38	Female	Asian	2022-06-01	2025-11-15	1.00	8.00	4.00	1	1.223	28447.1480	3+ Years (Tenured)	0
1194	Finance	Associate	Associate - Finance	68266.25	3	1.85	53	Other	African American	2024-10-07	NULL	3.00	4.00	1.00	0	1.174	27306.5000	1-3 Years (Mid-Tenure)	0
4250	Finance	Associate	Associate - Finance	49936.40	3	0.24	33	Female	Two or More	2025-10-12	2026-01-08	NULL	NULL	NULL	1	0.859	19974.5600	0-1 Year (Onboarding)	0
1203	Finance	Associate	Associate - Finance	41924.07	5	0.63	41	Male	African American	2025-12-28	NULL	4.00	3.00	NULL	0	0.721	16769.6280	0-1 Year (Onboarding)	1
3660	Finance	Associate	Associate - Finance	53284.23	5	1.08	29	Other	Hispanic	2025-07-18	NULL	1.00	5.00	1.00	0	0.916	21313.6920	1-3 Years (Mid-Tenure)	1
870	Finance	Associate	Associate - Finance	69322.09	2	2.16	29	Non-Binary	Caucasian	2024-06-16	NULL	3.00	3.00	2.00	0	1.192	27728.8360	1-3 Years (Mid-Tenure)	0
3017	Finance	Associate	Associate - Finance	69084.15	3	4.40	38	Male	Asian	2022-03-22	NULL	5.00	4.00	6.00	0	1.188	27633.6600	3+ Years (Tenured)	0
2363	Finance	Associate	Associate - Finance	42854.13	3	2.25	35	Male	Asian	2024-05-15	NULL	5.00	2.00	5.00	0	0.737	17141.6520	1-3 Years (Mid-Tenure)	0
871	Finance	Associate	Associate - Finance	63559.99	4	0.34	47	Non-Binary	African American	2026-04-13	NULL	2.00	2.00	9.00	0	1.093	25423.9960	0-1 Year (Onboarding)	1
2370	Finance	Associate	Associate - Finance	56653.97	1	4.73	27	Other	Two or More	2021-11-22	NULL	4.00	3.00	9.99	0	0.974	22661.5880	3+ Years (Tenured)	0
3065	Finance	Domain Director	Domain Director - Finance	127323.66	3	0.93	32	Non-Binary	Asian	2025-09-11	NULL	8.00	8.00	5.00	0	0.984	50929.4640	0-1 Year (Onboarding)	0
3063	Finance	Domain Director	Domain Director - Finance	125859.78	4	4.10	60	Other	Two or More	2022-07-10	NULL	9.99	6.00	8.00	0	0.972	50343.9120	3+ Years (Tenured)	0
963	Finance	Domain Director	Domain Director - Finance	147755.46	3	0.06	51	Female	Two or More	2026-07-23	NULL	NULL	NULL	NULL	0	1.141	59102.1840	0-1 Year (Onboarding)	0
3308	Finance	Domain Director	Domain Director - Finance	125417.83	4	2.20	47	Male	African American	2024-06-02	NULL	9.99	7.00	7.00	0	0.969	50167.1320	1-3 Years (Mid-Tenure)	0
140	Finance	Domain Director	Domain Director - Finance	113093.38	2	3.18	47	Male	African American	2023-06-13	NULL	3.00	4.00	3.00	0	0.874	45237.3520	3+ Years (Tenured)	0
265	Finance	Domain Director	Domain Director - Finance	137234.86	1	0.78	47	Female	Asian	2022-01-30	2022-11-09	NULL	NULL	NULL	1	1.060	54893.9440	0-1 Year (Onboarding)	0
1911	Finance	Executive Director	Executive Director - Finance	213076.10	4	0.92	40	Non-Binary	African American	2025-09-14	NULL	6.00	4.00	6.00	0	1.000	85230.4400	0-1 Year (Onboarding)	0
3769	Finance	Manager	Manager - Finance	85298.19	2	0.23	32	Female	African American	2026-05-23	NULL	7.00	4.00	6.00	0	0.823	34119.2760	0-1 Year (Onboarding)	0
1082	Finance	Manager	Manager - Finance	98849.29	3	3.78	39	Non-Binary	Asian	2022-11-03	NULL	6.00	8.00	7.00	0	0.953	39539.7160	3+ Years (Tenured)	0
2713	Finance	Manager	Manager - Finance	116558.89	2	1.68	42	Other	Asian	2024-12-09	NULL	4.00	9.99	9.99	0	1.124	46623.5560	1-3 Years (Mid-Tenure)	0
411	Finance	Manager	Manager - Finance	114013.95	5	1.31	36	Male	Hispanic	2025-04-24	NULL	7.00	1.00	7.00	0	1.100	45605.5800	1-3 Years (Mid-Tenure)	0
2968	Finance	Supervisor/Lead	Supervisor/Lead - Finance	76246.37	2	3.08	37	Female	Two or More	2023-07-18	NULL	3.00	5.00	6.00	0	1.092	30498.5480	3+ Years (Tenured)	0
1180	Finance	Supervisor/Lead	Supervisor/Lead - Finance	62122.49	4	4.57	56	Non-Binary	Hispanic	2022-01-21	NULL	8.00	7.00	6.00	0	0.890	24848.9960	3+ Years (Tenured)	0
3498	Finance	Supervisor/Lead	Supervisor/Lead - Finance	57596.75	1	4.99	38	Male	Asian	2021-08-20	NULL	5.00	3.00	7.00	0	0.825	23038.7000	3+ Years (Tenured)	0
539	Finance	Supervisor/Lead	Supervisor/Lead - Finance	56217.30	1	2.15	53	Other	Asian	2023-11-02	2025-12-26	3.00	2.00	4.00	1	0.805	22486.9200	1-3 Years (Mid-Tenure)	0
229	Finance	Supervisor/Lead	Supervisor/Lead - Finance	56541.31	3	3.90	46	Non-Binary	NULL	2022-09-20	NULL	4.00	6.00	2.00	0	0.810	22616.5240	3+ Years (Tenured)	0
612	Finance	Supervisor/Lead	Supervisor/Lead - Finance	70818.70	5	3.21	21	Female	African American	2023-06-02	NULL	1.00	1.00	7.00	0	1.015	28327.4800	3+ Years (Tenured)	1
1193	Finance	Supervisor/Lead	Supervisor/Lead - Finance	79204.00	2	2.75	37	Non-Binary	Asian	2023-11-17	NULL	8.00	8.00	6.00	0	1.135	31681.6000	1-3 Years (Mid-Tenure)	0
1584	Finance	Supervisor/Lead	Supervisor/Lead - Finance	70039.25	4	0.84	44	Female	African American	2025-10-11	NULL	9.00	5.00	8.00	0	1.003	28015.7000	0-1 Year (Onboarding)	0
3204	Finance	Supervisor/Lead	Supervisor/Lead - Finance	67301.88	5	1.72	31	Non-Binary	Two or More	2024-11-25	NULL	8.00	8.00	7.00	0	0.964	26920.7520	1-3 Years (Mid-Tenure)	0
1002	Finance	Supervisor/Lead	Supervisor/Lead - Finance	57059.28	3	4.18	25	Non-Binary	Hispanic	2022-06-10	NULL	6.00	2.00	NULL	0	0.817	22823.7120	3+ Years (Tenured)	0
2334	Finance	Supervisor/Lead	Supervisor/Lead - Finance	64465.88	2	1.10	35	Female	Hispanic	2025-03-14	2026-04-19	6.00	8.00	9.99	1	0.924	25786.3520	1-3 Years (Mid-Tenure)	0
4062	Finance	Supervisor/Lead	Supervisor/Lead - Finance	81775.95	2	2.65	41	Female	Asian	2023-12-23	NULL	8.00	7.00	7.00	0	1.172	32710.3800	1-3 Years (Mid-Tenure)	0
1566	Finance	Supervisor/Lead	Supervisor/Lead - Finance	81854.82	4	3.76	30	Non-Binary	Caucasian	2022-11-10	NULL	8.00	7.00	4.00	0	1.173	32741.9280	3+ Years (Tenured)	0
1055	Finance	Supervisor/Lead	Supervisor/Lead - Finance	68176.08	3	4.68	46	Other	African American	2021-12-12	NULL	7.00	4.00	5.00	0	0.977	27270.4320	3+ Years (Tenured)	0
3671	Finance	Supervisor/Lead	Supervisor/Lead - Finance	89027.99	4	3.16	40	Other	Caucasian	2023-06-18	NULL	6.00	8.00	6.00	0	1.275	35611.1960	3+ Years (Tenured)	0
1112	Finance	Supervisor/Lead	Supervisor/Lead - Finance	75475.24	3	4.22	40	Other	Two or More	2022-05-27	NULL	5.00	8.00	7.00	0	1.081	30190.0960	3+ Years (Tenured)	0
2980	Finance	Supervisor/Lead	Supervisor/Lead - Finance	78184.73	4	2.97	37	Female	Hispanic	2023-08-28	NULL	4.00	8.00	7.00	0	1.120	31273.8920	1-3 Years (Mid-Tenure)	1
1808	Finance	Supervisor/Lead	Supervisor/Lead - Finance	58936.95	4	0.22	47	Non-Binary	Asian	2026-05-25	NULL	5.00	6.00	1.00	0	0.844	23574.7800	0-1 Year (Onboarding)	0
2820	Finance	Supervisor/Lead	Supervisor/Lead - Finance	61573.47	3	1.55	39	Female	African American	2025-01-27	NULL	1.00	5.00	6.00	0	0.882	24629.3880	1-3 Years (Mid-Tenure)	0
3271	Finance	Supervisor/Lead	Supervisor/Lead - Finance	67167.14	1	0.67	42	Other	Hispanic	2022-12-15	2023-08-16	NULL	NULL	NULL	1	0.962	26866.8560	0-1 Year (Onboarding)	0
1506	Finance	Supervisor/Lead	Supervisor/Lead - Finance	70100.95	5	4.52	33	Female	Asian	2021-08-16	2026-02-21	9.99	6.00	9.99	1	1.004	28040.3800	3+ Years (Tenured)	0
4246	Finance	Supervisor/Lead	Supervisor/Lead - Finance	73653.24	3	1.34	40	Non-Binary	Two or More	2025-04-12	NULL	7.00	6.00	5.00	0	1.055	29461.2960	1-3 Years (Mid-Tenure)	0
4003	Finance	Supervisor/Lead	Supervisor/Lead - Finance	66147.16	3	2.45	40	Non-Binary	Asian	2024-03-05	NULL	7.00	7.00	9.99	0	0.948	26458.8640	1-3 Years (Mid-Tenure)	0
1713	Finance	Supervisor/Lead	Supervisor/Lead - Finance	66197.62	3	2.47	40	Female	Caucasian	2024-02-27	NULL	7.00	9.99	5.00	0	0.948	26479.0480	1-3 Years (Mid-Tenure)	0
2457	Finance	Supervisor/Lead	Supervisor/Lead - Finance	86186.26	3	0.58	50	NULL	NULL	2026-01-14	NULL	8.00	9.00	9.99	0	1.235	34474.5040	0-1 Year (Onboarding)	0
4169	Finance	Supervisor/Lead	Supervisor/Lead - Finance	81644.53	1	0.16	53	Male	Asian	2026-06-18	NULL	NULL	NULL	NULL	0	1.170	32657.8120	0-1 Year (Onboarding)	0
2081	Finance	Supervisor/Lead	Supervisor/Lead - Finance	84927.81	4	2.04	48	Male	Asian	2024-07-31	NULL	4.00	3.00	3.00	0	1.217	33971.1240	1-3 Years (Mid-Tenure)	1
3346	Finance	Supervisor/Lead	Supervisor/Lead - Finance	86850.92	3	0.32	43	Female	Hispanic	2026-04-19	NULL	4.00	4.00	5.00	0	1.244	34740.3680	0-1 Year (Onboarding)	0
738	Finance	Supervisor/Lead	Supervisor/Lead - Finance	58136.01	3	1.60	49	Male	Asian	2025-01-08	NULL	7.00	6.00	7.00	0	0.833	23254.4040	1-3 Years (Mid-Tenure)	0
1329	Finance	Supervisor/Lead	Supervisor/Lead - Finance	84501.58	5	1.15	54	Male	Asian	2025-06-23	NULL	5.00	4.00	4.00	0	1.211	33800.6320	1-3 Years (Mid-Tenure)	0
3149	Finance	Supervisor/Lead	Supervisor/Lead - Finance	66983.22	3	1.11	22	Other	Hispanic	2025-07-07	NULL	1.00	1.00	1.00	0	0.960	26793.2880	1-3 Years (Mid-Tenure)	0
1134	Finance	Supervisor/Lead	Supervisor/Lead - Finance	57053.08	3	0.94	36	Female	Hispanic	2025-09-05	NULL	3.00	1.00	2.00	0	0.817	22821.2320	0-1 Year (Onboarding)	0
809	Finance	Supervisor/Lead	Supervisor/Lead - Finance	56678.23	4	1.38	48	Male	African American	2025-03-28	NULL	1.00	4.00	7.00	0	0.812	22671.2920	1-3 Years (Mid-Tenure)	1
1998	Finance	Supervisor/Lead	Supervisor/Lead - Finance	65588.46	5	1.90	40	Male	Caucasian	2024-09-20	NULL	1.00	5.00	3.00	0	0.940	26235.3840	1-3 Years (Mid-Tenure)	1
3580	Finance	Supervisor/Lead	Supervisor/Lead - Finance	81458.54	3	1.77	35	Female	Asian	2024-11-07	NULL	6.00	4.00	3.00	0	1.167	32583.4160	1-3 Years (Mid-Tenure)	0
492	Finance	Supervisor/Lead	Supervisor/Lead - Finance	61980.41	3	4.18	21	Non-Binary	African American	2022-06-12	NULL	5.00	9.99	5.00	0	0.888	24792.1640	3+ Years (Tenured)	0
3799	Finance	Supervisor/Lead	Supervisor/Lead - Finance	72396.26	3	0.57	48	Non-Binary	NULL	2026-01-18	NULL	5.00	9.99	4.00	0	1.037	28958.5040	0-1 Year (Onboarding)	0
2029	Finance	Supervisor/Lead	Supervisor/Lead - Finance	81109.60	3	4.25	51	Non-Binary	African American	2022-02-20	2026-05-20	9.00	3.00	9.00	1	1.162	32443.8400	3+ Years (Tenured)	0
2142	Finance	Supervisor/Lead	Supervisor/Lead - Finance	60846.67	5	0.58	45	Female	African American	2026-01-17	NULL	1.00	2.00	4.00	0	0.872	24338.6680	0-1 Year (Onboarding)	1
3293	Finance	Supervisor/Lead	Supervisor/Lead - Finance	56105.79	3	2.01	45	Other	African American	2024-08-10	NULL	9.99	9.99	8.00	0	0.804	22442.3160	1-3 Years (Mid-Tenure)	0
3741	Finance	Supervisor/Lead	Supervisor/Lead - Finance	63523.25	3	1.93	41	Non-Binary	Caucasian	2024-09-11	NULL	9.00	9.99	6.00	0	0.910	25409.3000	1-3 Years (Mid-Tenure)	0
2585	Legal	Assistant Manager	Assistant Manager - Legal	65542.84	3	4.45	43	Male	Hispanic	2022-03-03	NULL	3.00	2.00	6.00	0	0.880	26217.1360	3+ Years (Tenured)	0
1758	Legal	Assistant Manager	Assistant Manager - Legal	99790.79	3	4.43	44	Male	Hispanic	2022-03-12	NULL	7.00	3.00	4.00	0	1.340	39916.3160	3+ Years (Tenured)	0
4433	Legal	Assistant Manager	Assistant Manager - Legal	65997.64	3	5.05	28	Male	Two or More	2021-07-29	NULL	7.00	1.00	7.00	0	0.886	26399.0560	3+ Years (Tenured)	0
4412	Legal	Assistant Manager	Assistant Manager - Legal	63182.87	2	3.88	40	Non-Binary	African American	2022-09-30	NULL	7.00	7.00	8.00	0	0.848	25273.1480	3+ Years (Tenured)	0
1245	Legal	Assistant Manager	ASSISTANT MANAGER - LEGAL	77823.03	3	3.31	36	Female	Caucasian	2023-04-26	NULL	8.00	7.00	7.00	0	1.045	31129.2120	3+ Years (Tenured)	0
23	Legal	Associate	Associate - Legal	42706.49	5	3.88	30	Female	Hispanic	2022-09-30	NULL	4.00	4.00	5.00	0	0.756	17082.5960	3+ Years (Tenured)	1
1748	Legal	Associate	Associate - Legal	42712.41	4	1.44	25	Male	Two or More	2025-03-06	NULL	8.00	9.00	5.00	0	0.756	17084.9640	1-3 Years (Mid-Tenure)	0
83	Legal	Associate	Associate - Legal	56939.19	4	2.73	47	NULL	Caucasian	2023-11-23	NULL	3.00	1.00	2.00	0	1.008	22775.6760	1-3 Years (Mid-Tenure)	1
3469	Legal	Associate	Associate - Legal	67776.53	4	1.12	27	Non-Binary	Two or More	2025-07-01	NULL	3.00	1.00	7.00	0	1.199	27110.6120	1-3 Years (Mid-Tenure)	1
1150	Legal	Associate	Associate - Legal	71678.17	5	4.16	31	Male	Two or More	2022-06-19	NULL	8.00	9.99	7.00	0	1.269	28671.2680	3+ Years (Tenured)	0
1569	Legal	Associate	Associate - Legal	54761.56	4	2.23	42	Non-Binary	Hispanic	2021-12-29	2024-03-22	4.00	6.00	8.00	1	0.969	21904.6240	1-3 Years (Mid-Tenure)	1
4367	Legal	Associate	Associate - Legal	60905.53	3	2.14	33	Male	Two or More	2024-06-26	NULL	7.00	7.00	2.00	0	1.078	24362.2120	1-3 Years (Mid-Tenure)	0
3167	Legal	Associate	Associate - Legal	66861.71	3	2.63	43	Male	Two or More	2023-12-29	NULL	1.00	5.00	1.00	0	1.183	26744.6840	1-3 Years (Mid-Tenure)	0
777	Legal	Associate	Associate - Legal	63866.49	2	1.24	29	Female	Asian	2025-05-18	NULL	3.00	5.00	1.00	0	1.130	25546.5960	1-3 Years (Mid-Tenure)	0
2184	Legal	Associate	Associate - Legal	40126.25	4	3.42	45	Other	African American	2023-03-14	NULL	5.00	7.00	4.00	0	0.710	16050.5000	3+ Years (Tenured)	0
1223	Legal	Associate	ASSOCIATE - LEGAL	42281.75	3	4.80	62	Female	Asian	2021-10-27	NULL	1.00	4.00	4.00	0	0.748	16912.7000	3+ Years (Tenured)	0
3464	Legal	Associate	Associate - Legal	55213.68	2	1.83	48	Female	African American	2024-10-17	NULL	6.00	2.00	4.00	0	0.977	22085.4720	1-3 Years (Mid-Tenure)	0
1587	Legal	Associate	Associate - Legal	64114.89	4	4.48	32	Male	Caucasian	2022-02-20	NULL	9.00	5.00	4.00	0	1.135	25645.9560	3+ Years (Tenured)	0
142	Legal	Associate	Associate - Legal	65492.00	3	2.30	60	Other	Hispanic	2021-11-03	2024-02-20	6.00	8.00	5.00	1	1.159	26196.8000	1-3 Years (Mid-Tenure)	0
89	Legal	Associate	Associate - Legal	43127.38	3	2.25	52	Male	Hispanic	2024-05-14	NULL	6.00	2.00	7.00	0	0.763	17250.9520	1-3 Years (Mid-Tenure)	0
80	Legal	Associate	Associate - Legal	52150.95	3	3.97	44	Female	Hispanic	2022-08-27	NULL	4.00	7.00	NULL	0	0.923	20860.3800	3+ Years (Tenured)	0
3564	Legal	Associate	Associate - Legal	62269.35	3	0.25	33	Female	African American	2023-04-14	2023-07-16	NULL	NULL	NULL	1	1.102	24907.7400	0-1 Year (Onboarding)	0
2076	Legal	Associate	Associate - Legal	45583.04	1	1.67	43	Female	Asian	2021-11-16	2023-07-20	NULL	NULL	NULL	1	0.807	18233.2160	1-3 Years (Mid-Tenure)	0
4093	Legal	Associate	Associate - Legal	66911.37	3	4.05	32	Other	Two or More	2022-07-30	NULL	6.00	8.00	9.99	0	1.184	26764.5480	3+ Years (Tenured)	0
2398	Legal	Associate	Associate - Legal	55701.13	3	1.86	51	Other	Asian	2024-10-04	NULL	5.00	6.00	1.00	0	0.986	22280.4520	1-3 Years (Mid-Tenure)	0
2396	Legal	Associate	Associate - Legal	43117.81	4	1.94	39	Female	Asian	2024-09-07	NULL	7.00	9.00	2.00	0	0.763	17247.1240	1-3 Years (Mid-Tenure)	0
841	Legal	Associate	Associate - Legal	46856.96	3	1.85	45	Female	Two or More	2024-10-09	NULL	8.00	3.00	1.00	0	0.829	18742.7840	1-3 Years (Mid-Tenure)	0
386	Legal	Associate	Associate - Legal	62604.32	3	3.55	28	Male	African American	2023-01-26	NULL	1.00	5.00	5.00	0	1.108	25041.7280	3+ Years (Tenured)	0
801	Legal	Associate	Associate - Legal	43072.19	3	2.95	46	Other	Hispanic	2023-09-02	NULL	2.00	5.00	4.00	0	0.762	17228.8760	1-3 Years (Mid-Tenure)	0
385	Legal	Associate	Associate - Legal	56500.66	5	3.82	51	Other	Hispanic	2022-10-20	NULL	2.00	1.00	NULL	0	1.000	22600.2640	3+ Years (Tenured)	1
1796	Legal	Associate	Associate - Legal	42104.56	3	0.49	35	Male	Two or More	2026-02-18	NULL	8.00	9.00	4.00	0	0.745	16841.8240	0-1 Year (Onboarding)	0
1794	Legal	Associate	Associate - Legal	43280.82	2	0.82	33	Female	Caucasian	2025-05-29	2026-03-24	8.00	4.00	3.00	1	0.766	17312.3280	0-1 Year (Onboarding)	0
3097	Legal	Associate	Associate - Legal	65336.26	4	4.62	53	Non-Binary	Hispanic	2021-12-31	NULL	6.00	8.00	4.00	0	1.156	26134.5040	3+ Years (Tenured)	0
992	Legal	Associate	Associate - Legal	46776.13	3	3.68	40	Non-Binary	Asian	2022-12-10	NULL	8.00	8.00	5.00	0	0.828	18710.4520	3+ Years (Tenured)	0
449	Legal	Associate	Associate - Legal	47812.22	5	4.07	34	Non-Binary	African American	2022-07-22	NULL	8.00	6.00	5.00	0	0.846	19124.8880	3+ Years (Tenured)	0
3966	Legal	Associate	Associate - Legal	40141.05	4	3.49	37	Female	Two or More	2023-02-19	NULL	8.00	5.00	5.00	0	0.710	16056.4200	3+ Years (Tenured)	0
267	Legal	Associate	Associate - Legal	51528.29	1	2.78	42	Female	Two or More	2022-11-29	2025-09-09	9.00	7.00	9.00	1	0.912	20611.3160	1-3 Years (Mid-Tenure)	0
4241	Legal	Associate	Associate - Legal	59212.47	5	0.85	29	Non-Binary	Asian	2025-10-08	NULL	9.00	9.99	6.00	0	1.048	23684.9880	0-1 Year (Onboarding)	0
3282	Legal	Associate	Associate - Legal	74877.15	4	0.73	50	Female	Asian	2025-11-20	NULL	8.00	7.00	5.00	0	1.325	29950.8600	0-1 Year (Onboarding)	0
1085	Legal	Associate	Associate - Legal	51370.23	3	4.85	22	Female	African American	2021-10-11	NULL	5.00	2.00	2.00	0	0.909	20548.0920	3+ Years (Tenured)	0
513	Legal	Associate	Associate - Legal	63845.26	3	3.17	42	Other	Caucasian	2023-06-15	NULL	9.99	6.00	8.00	0	1.130	25538.1040	3+ Years (Tenured)	0
578	Legal	Associate	Associate - Legal	53753.25	1	0.58	39	Non-Binary	Hispanic	2026-01-16	NULL	5.00	1.00	5.00	0	0.951	21501.3000	0-1 Year (Onboarding)	0
2088	Legal	Associate	Associate - Legal	45758.00	5	4.44	43	Other	Caucasian	2022-03-08	NULL	3.00	1.00	1.00	0	0.810	18303.2000	3+ Years (Tenured)	1
96	Legal	Associate	Associate - Legal	45013.27	3	2.50	31	Non-Binary	Hispanic	2024-02-13	NULL	6.00	9.00	3.00	0	0.797	18005.3080	1-3 Years (Mid-Tenure)	0
2768	Legal	Associate	Associate - Legal	68489.40	4	4.04	47	NULL	Caucasian	2022-08-03	NULL	6.00	8.00	9.00	0	1.212	27395.7600	3+ Years (Tenured)	0
3301	Legal	Associate	Associate - Legal	48878.61	3	3.99	32	Male	Hispanic	2022-08-21	NULL	8.00	7.00	9.00	0	0.865	19551.4440	3+ Years (Tenured)	0
2157	Legal	Associate	Associate - Legal	44416.06	2	2.25	43	Other	Asian	2022-12-20	2025-03-21	4.00	2.00	4.00	1	0.786	17766.4240	1-3 Years (Mid-Tenure)	0
2172	Legal	Associate	Associate - Legal	65446.21	3	4.28	33	Male	African American	2022-05-06	NULL	3.00	4.00	6.00	0	1.158	26178.4840	3+ Years (Tenured)	0
1037	Legal	Associate	Associate - Legal	47824.84	5	4.36	31	Other	Two or More	2022-04-07	NULL	9.99	9.99	7.00	0	0.846	19129.9360	3+ Years (Tenured)	0
327	Legal	Associate	Associate - Legal	59263.39	2	1.28	33	Female	Hispanic	2025-05-05	NULL	9.99	9.99	9.00	0	1.049	23705.3560	1-3 Years (Mid-Tenure)	0
4019	Legal	Associate	Associate - Legal	67622.33	5	4.60	40	Male	Hispanic	2021-10-31	2026-06-07	9.00	9.99	9.00	1	1.197	27048.9320	3+ Years (Tenured)	0
2163	Legal	Associate	Associate - Legal	64802.20	4	3.93	36	NULL	Caucasian	2022-09-09	NULL	9.99	4.00	5.00	0	1.147	25920.8800	3+ Years (Tenured)	0
2490	Legal	Associate	Associate - Legal	53097.45	5	3.37	46	Male	Caucasian	2023-04-04	NULL	5.00	4.00	6.00	0	0.940	21238.9800	3+ Years (Tenured)	0
3275	Legal	Associate	Associate - Legal	48627.36	3	0.76	45	Female	Hispanic	2025-11-12	NULL	3.00	6.00	8.00	0	0.861	19450.9440	0-1 Year (Onboarding)	0
3075	Legal	Associate	Associate - Legal	67928.27	3	1.93	59	Other	Caucasian	2024-09-09	NULL	9.00	6.00	6.00	0	1.202	27171.3080	1-3 Years (Mid-Tenure)	0
2352	Legal	Associate	Associate - Legal	70617.43	3	1.97	46	Male	African American	2024-08-26	NULL	6.00	3.00	4.00	0	1.250	28246.9720	1-3 Years (Mid-Tenure)	0
372	Legal	Associate	Associate - Legal	54718.94	1	2.59	55	Non-Binary	Two or More	2023-08-19	2026-03-22	3.00	3.00	1.00	1	0.968	21887.5760	1-3 Years (Mid-Tenure)	0
325	Legal	Associate	Associate - Legal	65955.99	1	1.28	59	Other	Caucasian	2024-11-17	2026-03-01	2.00	2.00	2.00	1	1.167	26382.3960	1-3 Years (Mid-Tenure)	0
2368	Legal	Associate	Associate - Legal	49739.21	3	3.71	37	Non-Binary	Caucasian	2022-11-30	NULL	1.00	4.00	1.00	0	0.880	19895.6840	3+ Years (Tenured)	0
1167	Legal	Associate	Associate - Legal	42482.06	5	3.96	41	Other	Hispanic	2022-08-29	NULL	9.00	7.00	9.99	0	0.752	16992.8240	3+ Years (Tenured)	0
2751	Legal	Associate	Associate - Legal	70889.67	3	0.13	37	Male	African American	2026-06-27	NULL	NULL	NULL	NULL	0	1.255	28355.8680	0-1 Year (Onboarding)	0
371	Legal	Associate	Associate - Legal	53840.35	3	3.52	34	Other	African American	2023-02-08	NULL	9.99	7.00	9.99	0	0.953	21536.1400	3+ Years (Tenured)	0
1645	Legal	Associate	Associate - Legal	70107.94	3	4.95	42	Other	African American	2021-09-05	NULL	8.00	6.00	2.00	0	1.241	28043.1760	3+ Years (Tenured)	0
3438	Legal	Associate	Associate - Legal	61130.52	3	4.45	43	Non-Binary	Hispanic	2022-03-03	NULL	6.00	2.00	1.00	0	1.082	24452.2080	3+ Years (Tenured)	0
4026	Legal	Associate	Associate - Legal	55463.01	3	3.93	43	Other	Two or More	2022-09-09	NULL	3.00	6.00	6.00	0	0.982	22185.2040	3+ Years (Tenured)	0
2756	Legal	Associate	Associate - Legal	72963.91	3	2.39	35	Male	Asian	2022-07-27	2024-12-14	2.00	3.00	1.00	1	1.291	29185.5640	1-3 Years (Mid-Tenure)	0
1322	Legal	Associate	Associate - Legal	56815.61	3	3.69	32	Other	Caucasian	2022-12-06	NULL	8.00	6.00	8.00	0	1.006	22726.2440	3+ Years (Tenured)	0
1723	Legal	Associate	Associate - Legal	47131.21	3	3.24	51	Other	Hispanic	2023-05-21	NULL	7.00	9.00	6.00	0	0.834	18852.4840	3+ Years (Tenured)	0
2134	Legal	Associate	Associate - Legal	55756.46	1	3.75	32	Female	African American	2022-11-17	NULL	4.00	8.00	4.00	0	0.987	22302.5840	3+ Years (Tenured)	0
1079	Legal	Associate	Associate - Legal	55278.45	4	4.82	42	Non-Binary	Asian	2021-10-19	NULL	3.00	1.00	1.00	0	0.978	22111.3800	3+ Years (Tenured)	1
40	Legal	Associate	Associate - Legal	50253.21	2	1.12	56	Non-Binary	Asian	2025-07-02	NULL	7.00	5.00	2.00	0	0.889	20101.2840	1-3 Years (Mid-Tenure)	0
1749	Legal	Associate	Associate - Legal	57973.69	4	3.20	41	Other	African American	2023-06-04	NULL	4.00	NULL	5.00	0	1.026	23189.4760	3+ Years (Tenured)	1
3566	Legal	Associate	Associate - Legal	53074.55	3	3.95	21	Male	Hispanic	2022-09-02	NULL	9.99	9.00	7.00	0	0.939	21229.8200	3+ Years (Tenured)	0
4052	Legal	Associate	Associate - Legal	65662.78	4	3.43	38	Other	Asian	2023-03-11	NULL	7.00	9.99	7.00	0	1.162	26265.1120	3+ Years (Tenured)	0
4421	Legal	Associate	Associate - Legal	55569.94	1	3.84	45	Male	Hispanic	2022-10-14	NULL	5.00	3.00	3.00	0	0.983	22227.9760	3+ Years (Tenured)	0
4351	Legal	Associate	Associate - Legal	62341.55	4	4.92	56	Other	Hispanic	2021-09-16	NULL	5.00	9.99	2.00	0	1.103	24936.6200	3+ Years (Tenured)	0
4428	Legal	Associate	Associate - Legal	47657.58	3	1.65	31	Male	Two or More	2024-12-22	NULL	9.00	1.00	3.00	0	0.843	19063.0320	1-3 Years (Mid-Tenure)	0
1607	Legal	Associate	Associate - Legal	55624.94	4	2.87	51	Male	Hispanic	2023-10-01	NULL	9.99	7.00	4.00	0	0.984	22249.9760	1-3 Years (Mid-Tenure)	0
1026	Legal	Associate	Associate - Legal	65278.20	3	3.25	45	Female	Two or More	2023-05-15	NULL	4.00	8.00	7.00	0	1.155	26111.2800	3+ Years (Tenured)	0
2343	Legal	Associate	Associate - Legal	44904.19	1	2.51	39	Non-Binary	Asian	2022-04-13	2024-10-14	4.00	1.00	4.00	1	0.795	17961.6760	1-3 Years (Mid-Tenure)	0
3782	Legal	Associate	Associate - Legal	49848.84	1	4.99	62	Other	African American	2021-08-20	NULL	9.00	6.00	9.00	0	0.882	19939.5360	3+ Years (Tenured)	0
3455	Legal	Associate	Associate - Legal	73070.20	3	1.53	25	Non-Binary	African American	2022-08-20	2024-02-29	NULL	NULL	NULL	1	1.293	29228.0800	1-3 Years (Mid-Tenure)	0
2150	Legal	Associate	Associate - Legal	46973.15	4	3.85	34	Other	Hispanic	2022-10-09	NULL	5.00	1.00	8.00	0	0.831	18789.2600	3+ Years (Tenured)	0
3427	Legal	Associate	Associate - Legal	59033.54	5	1.75	33	Other	African American	2024-06-04	2026-03-04	7.00	9.99	9.99	1	1.045	23613.4160	1-3 Years (Mid-Tenure)	0
3081	Legal	Associate	Associate - Legal	65909.03	3	0.72	34	Other	Asian	2025-11-25	NULL	3.00	5.00	3.00	0	1.166	26363.6120	0-1 Year (Onboarding)	0
772	Legal	Associate	Associate - Legal	40578.75	5	4.33	43	Non-Binary	Caucasian	2022-04-18	NULL	6.00	7.00	2.00	0	0.718	16231.5000	3+ Years (Tenured)	0
1072	Legal	Associate	Associate - Legal	63538.64	3	2.81	35	Other	Hispanic	2023-09-16	2026-07-08	9.99	NULL	5.00	1	1.124	25415.4560	1-3 Years (Mid-Tenure)	0
310	Legal	Associate	Associate - Legal	46432.48	4	1.76	54	Other	Two or More	2024-05-28	2026-03-01	8.00	8.00	6.00	1	0.822	18572.9920	1-3 Years (Mid-Tenure)	0
3310	Legal	Associate	Associate - Legal	66801.98	2	2.35	64	Other	Asian	2024-04-11	NULL	7.00	4.00	5.00	0	1.182	26720.7920	1-3 Years (Mid-Tenure)	0
2770	Legal	Associate	Associate - Legal	42007.04	3	0.83	37	Other	African American	2025-10-16	NULL	7.00	9.99	9.00	0	0.743	16802.8160	0-1 Year (Onboarding)	0
468	Legal	Associate	Associate - Legal	55439.21	2	0.37	54	Male	African American	2021-12-18	2022-05-02	NULL	NULL	NULL	1	0.981	22175.6840	0-1 Year (Onboarding)	0
3041	Legal	Associate	Associate - Legal	60908.82	3	1.80	34	Female	Asian	2024-10-26	NULL	5.00	7.00	6.00	0	1.078	24363.5280	1-3 Years (Mid-Tenure)	0
1924	Legal	Associate	Associate - Legal	54941.23	3	4.82	34	Non-Binary	Caucasian	2021-10-20	NULL	7.00	4.00	9.00	0	0.972	21976.4920	3+ Years (Tenured)	0
3248	Legal	Associate	Associate - Legal	52041.38	3	4.40	21	Other	Caucasian	2022-03-22	NULL	6.00	5.00	3.00	0	0.921	20816.5520	3+ Years (Tenured)	0
3908	Legal	Associate	Associate - Legal	64335.40	5	3.93	33	Female	Asian	2022-09-11	NULL	2.00	5.00	2.00	0	1.139	25734.1600	3+ Years (Tenured)	1
1467	Legal	Associate	Associate - Legal	60022.63	2	3.57	56	NULL	Asian	2023-01-21	NULL	5.00	3.00	6.00	0	1.062	24009.0520	3+ Years (Tenured)	0
2022	Legal	Associate	Associate - Legal	70652.21	2	2.54	22	Male	African American	2024-01-31	NULL	4.00	4.00	8.00	0	1.250	28260.8840	1-3 Years (Mid-Tenure)	0
3727	Legal	Associate	Associate - Legal	72533.79	2	5.04	23	Other	Hispanic	2021-08-03	NULL	5.00	1.00	6.00	0	1.284	29013.5160	3+ Years (Tenured)	0
3602	Legal	Associate	Associate - Legal	69473.44	4	2.33	50	Male	Hispanic	2024-04-16	NULL	1.00	1.00	1.00	0	1.230	27789.3760	1-3 Years (Mid-Tenure)	1
1471	Legal	Associate	Associate - Legal	43458.38	1	1.50	41	Non-Binary	NULL	2025-02-12	NULL	6.00	1.00	NULL	0	0.769	17383.3520	1-3 Years (Mid-Tenure)	0
1906	Legal	Associate	Associate - Legal	54463.85	5	3.24	42	Male	African American	2023-05-19	NULL	4.00	9.99	9.00	0	0.964	21785.5400	3+ Years (Tenured)	1
3290	Legal	Associate	Associate - Legal	68028.10	3	0.73	36	Female	African American	2025-11-20	NULL	2.00	3.00	2.00	0	1.204	27211.2400	0-1 Year (Onboarding)	0
1121	Legal	Associate	Associate - Legal	70437.45	3	0.52	42	Female	Two or More	2026-02-07	NULL	4.00	5.00	3.00	0	1.247	28174.9800	0-1 Year (Onboarding)	0
1904	Legal	Associate	Associate - Legal	73477.37	3	1.93	33	Non-Binary	African American	2024-09-09	NULL	6.00	4.00	1.00	0	1.300	29390.9480	1-3 Years (Mid-Tenure)	0
2973	Legal	Associate	Associate - Legal	62585.21	3	0.15	44	Male	Two or More	2026-06-22	NULL	NULL	NULL	NULL	0	1.108	25034.0840	0-1 Year (Onboarding)	0
2027	Legal	Associate	Associate - Legal	41926.04	4	4.08	42	Female	Hispanic	2022-07-17	NULL	9.99	9.99	8.00	0	0.742	16770.4160	3+ Years (Tenured)	0
2622	Legal	Associate	Associate - Legal	50068.49	4	0.83	25	Other	Asian	2025-10-15	NULL	7.00	2.00	5.00	0	0.886	20027.3960	0-1 Year (Onboarding)	0
3012	Legal	Associate	Associate - Legal	64215.29	3	4.58	48	Other	Hispanic	2022-01-15	NULL	7.00	5.00	8.00	0	1.136	25686.1160	3+ Years (Tenured)	0
2404	Legal	Associate	Associate - Legal	54055.89	3	2.68	46	Male	Two or More	2023-12-09	NULL	9.99	8.00	7.00	0	0.957	21622.3560	1-3 Years (Mid-Tenure)	0
3916	Legal	Associate	Associate - Legal	48169.70	5	0.71	43	Other	African American	2025-11-28	NULL	7.00	7.00	8.00	0	0.852	19267.8800	0-1 Year (Onboarding)	0
1485	Legal	Associate	Associate - Legal	43803.71	3	2.72	42	Non-Binary	African American	2023-11-28	NULL	2.00	1.00	4.00	0	0.775	17521.4840	1-3 Years (Mid-Tenure)	0
1890	Legal	Associate	Associate - Legal	62231.57	4	2.67	31	Male	African American	2023-12-13	NULL	7.00	8.00	7.00	0	1.101	24892.6280	1-3 Years (Mid-Tenure)	0
2975	Legal	Associate	Associate - Legal	61968.19	3	0.48	30	Other	Two or More	2025-03-25	2025-09-18	NULL	NULL	NULL	1	1.097	24787.2760	0-1 Year (Onboarding)	0
789	Legal	Associate	Associate - Legal	74909.93	3	2.54	40	Male	Caucasian	2024-02-01	NULL	9.00	9.00	4.00	0	1.326	29963.9720	1-3 Years (Mid-Tenure)	0
4434	Legal	Associate	Associate - Legal	59907.85	2	4.25	27	Non-Binary	Two or More	2022-05-15	NULL	3.00	1.00	6.00	0	1.060	23963.1400	3+ Years (Tenured)	0
1986	Legal	Associate	Associate - Legal	58323.15	2	2.00	27	Non-Binary	Caucasian	2024-08-14	NULL	5.00	3.00	5.00	0	1.032	23329.2600	1-3 Years (Mid-Tenure)	0
1179	Legal	Associate	Associate - Legal	41666.68	2	2.33	35	Female	Two or More	2024-04-18	NULL	2.00	2.00	1.00	0	0.737	16666.6720	1-3 Years (Mid-Tenure)	0
157	Legal	Associate	Associate - Legal	63414.17	5	1.28	53	NULL	African American	2025-05-03	NULL	9.00	9.99	9.99	0	1.122	25365.6680	1-3 Years (Mid-Tenure)	0
3747	Legal	Associate	Associate - Legal	61385.78	3	1.82	35	Other	Asian	2024-10-20	NULL	6.00	4.00	6.00	0	1.086	24554.3120	1-3 Years (Mid-Tenure)	0
2234	Legal	Associate	Associate - Legal	70406.30	3	1.50	57	Non-Binary	Asian	2025-02-15	NULL	5.00	5.00	4.00	0	1.246	28162.5200	1-3 Years (Mid-Tenure)	0
2235	Legal	Associate	Associate - Legal	72853.59	4	0.24	28	Other	Caucasian	2026-05-19	NULL	2.00	7.00	6.00	0	1.289	29141.4360	0-1 Year (Onboarding)	1
4290	Legal	Associate	Associate - Legal	45690.46	3	4.05	47	Other	African American	2022-07-29	NULL	1.00	4.00	1.00	0	0.809	18276.1840	3+ Years (Tenured)	0
1974	Legal	Associate	Associate - Legal	54032.15	3	1.60	45	Non-Binary	African American	2024-11-28	2026-07-04	5.00	5.00	1.00	1	0.956	21612.8600	1-3 Years (Mid-Tenure)	0
1972	Legal	Associate	Associate - Legal	53090.47	3	2.21	66	Non-Binary	Asian	2022-01-08	2024-03-23	NULL	NULL	NULL	1	0.940	21236.1880	1-3 Years (Mid-Tenure)	0
3547	Legal	Associate	Associate - Legal	64081.09	3	2.04	41	Other	Asian	2024-03-22	2026-04-04	7.00	6.00	4.00	1	1.134	25632.4360	1-3 Years (Mid-Tenure)	0
2625	Legal	Associate	Associate - Legal	42401.52	3	0.17	47	Non-Binary	Hispanic	2026-06-13	NULL	7.00	7.00	4.00	0	0.750	16960.6080	0-1 Year (Onboarding)	0
2603	Legal	Associate	Associate - Legal	53860.49	2	0.27	21	Non-Binary	African American	2026-05-08	NULL	NULL	NULL	NULL	0	0.953	21544.1960	0-1 Year (Onboarding)	0
4144	Legal	Associate	Associate - Legal	71570.46	4	0.17	41	Non-Binary	Caucasian	2026-06-14	NULL	NULL	NULL	NULL	0	1.267	28628.1840	0-1 Year (Onboarding)	0
1943	Legal	Associate	Associate - Legal	69868.22	4	5.03	44	Female	Asian	2021-08-06	NULL	4.00	5.00	6.00	0	1.237	27947.2880	3+ Years (Tenured)	1
2447	Legal	Associate	Associate - Legal	72530.57	3	4.45	39	Other	Caucasian	2022-03-03	NULL	7.00	7.00	6.00	0	1.284	29012.2280	3+ Years (Tenured)	0
2969	Legal	Associate	Associate - Legal	40949.61	2	0.69	24	Male	Hispanic	2025-12-05	NULL	8.00	8.00	7.00	0	0.725	16379.8440	0-1 Year (Onboarding)	0
3525	Legal	Associate	Associate - Legal	45483.46	5	2.45	47	Female	Two or More	2024-03-05	NULL	7.00	6.00	5.00	0	0.805	18193.3840	1-3 Years (Mid-Tenure)	0
3246	Legal	Associate	Associate - Legal	43746.95	1	1.48	25	Female	Two or More	2025-02-21	NULL	5.00	5.00	8.00	0	0.774	17498.7800	1-3 Years (Mid-Tenure)	0
3387	Legal	Associate	Associate - Legal	57421.92	4	0.59	23	Female	Two or More	2023-05-21	2023-12-23	NULL	NULL	NULL	1	1.016	22968.7680	0-1 Year (Onboarding)	0
3728	Legal	Associate	Associate - Legal	45409.18	5	1.04	39	Female	Caucasian	2025-08-01	NULL	5.00	1.00	6.00	0	0.804	18163.6720	1-3 Years (Mid-Tenure)	0
1927	Legal	Associate	Associate - Legal	57182.92	4	0.07	57	Male	African American	2026-07-22	NULL	NULL	NULL	NULL	0	1.012	22873.1680	0-1 Year (Onboarding)	0
1522	Legal	Associate	Associate - Legal	74356.63	2	5.04	54	NULL	Caucasian	2021-07-31	NULL	3.00	4.00	3.00	0	1.316	29742.6520	3+ Years (Tenured)	0
1858	Legal	Associate	Associate - Legal	65764.13	5	1.39	45	Other	NULL	2025-03-27	NULL	2.00	1.00	4.00	0	1.164	26305.6520	1-3 Years (Mid-Tenure)	1
1247	Legal	Associate	Associate - Legal	48926.60	4	4.98	32	Male	Hispanic	2021-08-24	NULL	2.00	2.00	3.00	0	0.866	19570.6400	3+ Years (Tenured)	1
1387	Legal	Associate	Associate - Legal	44260.22	5	0.55	31	Female	Two or More	2025-02-25	2025-09-14	1.00	1.00	4.00	1	0.783	17704.0880	0-1 Year (Onboarding)	1
4109	Legal	Associate	Associate - Legal	57120.65	3	2.82	66	Male	Two or More	2023-10-21	NULL	8.00	9.00	7.00	0	1.011	22848.2600	1-3 Years (Mid-Tenure)	0
1850	Legal	Associate	Associate - Legal	54660.69	4	3.37	46	Female	African American	2023-04-04	NULL	7.00	9.99	9.99	0	0.967	21864.2760	3+ Years (Tenured)	0
3400	Legal	Associate	Associate - Legal	60723.80	3	3.97	36	Male	Asian	2022-08-28	NULL	8.00	5.00	7.00	0	1.075	24289.5200	3+ Years (Tenured)	0
1514	Legal	Associate	Associate - Legal	67968.60	1	4.74	29	Other	Two or More	2021-11-19	NULL	4.00	6.00	4.00	0	1.203	27187.4400	3+ Years (Tenured)	0
3126	Legal	Associate	Associate - Legal	72284.42	3	1.91	23	Other	African American	2024-09-16	NULL	4.00	5.00	4.00	0	1.279	28913.7680	1-3 Years (Mid-Tenure)	0
1843	Legal	Associate	Associate - Legal	40073.48	3	0.33	52	Male	African American	2026-04-17	NULL	3.00	6.00	6.00	0	0.709	16029.3920	0-1 Year (Onboarding)	0
1842	Legal	Associate	Associate - Legal	50968.91	2	4.04	22	Female	Hispanic	2022-07-31	NULL	9.99	9.99	5.00	0	0.902	20387.5640	3+ Years (Tenured)	0
560	Legal	Associate	Associate - Legal	47152.42	3	4.11	42	Male	African American	2022-07-08	NULL	9.00	6.00	9.99	0	0.834	18860.9680	3+ Years (Tenured)	0
4233	Legal	Associate	Associate - Legal	68855.06	4	0.49	33	Female	Asian	2026-02-17	NULL	4.00	3.00	3.00	0	1.219	27542.0240	0-1 Year (Onboarding)	1
4227	Legal	Associate	Associate - Legal	54499.59	2	1.86	45	Female	Asian	2024-10-04	NULL	5.00	6.00	9.00	0	0.965	21799.8360	1-3 Years (Mid-Tenure)	0
223	Legal	Associate	Associate - Legal	57490.70	3	3.78	38	Non-Binary	Hispanic	2022-11-06	NULL	7.00	7.00	9.00	0	1.017	22996.2800	3+ Years (Tenured)	0
357	Legal	Associate	Associate - Legal	58661.71	2	1.24	28	Male	African American	2025-05-19	NULL	4.00	NULL	9.99	0	1.038	23464.6840	1-3 Years (Mid-Tenure)	0
2468	Legal	Associate	Associate - Legal	62191.00	4	1.60	31	Non-Binary	African American	2025-01-09	NULL	3.00	7.00	4.00	0	1.101	24876.4000	1-3 Years (Mid-Tenure)	1
2203	Legal	Associate	Associate - Legal	46150.65	4	3.19	42	Other	Two or More	2023-06-09	NULL	7.00	8.00	6.00	0	0.817	18460.2600	3+ Years (Tenured)	0
3701	Legal	Associate	Associate - Legal	71062.61	4	3.37	39	Female	Asian	2023-04-03	NULL	7.00	5.00	6.00	0	1.258	28425.0440	3+ Years (Tenured)	0
3287	Legal	Associate	Associate - Legal	58281.81	3	0.22	49	Female	Asian	2026-05-27	NULL	NULL	NULL	NULL	0	1.031	23312.7240	0-1 Year (Onboarding)	0
333	Legal	Associate	Associate - Legal	64631.18	4	1.62	43	Other	Hispanic	2024-12-30	NULL	5.00	6.00	2.00	0	1.144	25852.4720	1-3 Years (Mid-Tenure)	0
183	Legal	Associate	Associate - Legal	58235.25	4	4.68	21	Female	Hispanic	2021-12-11	NULL	4.00	4.00	4.00	0	1.031	23294.1000	3+ Years (Tenured)	1
2669	Legal	Associate	Associate - Legal	49632.23	2	2.57	53	Female	African American	2024-01-20	NULL	3.00	9.00	5.00	0	0.878	19852.8920	1-3 Years (Mid-Tenure)	0
1819	Legal	Associate	Associate - Legal	54435.28	2	0.92	49	Non-Binary	Asian	2025-09-14	NULL	6.00	6.00	5.00	0	0.963	21774.1120	0-1 Year (Onboarding)	0
2813	Legal	Associate	Associate - Legal	71895.51	1	0.59	57	Female	Two or More	2026-01-11	NULL	5.00	3.00	2.00	0	1.272	28758.2040	0-1 Year (Onboarding)	0
2207	Legal	Associate	Associate - Legal	46377.38	3	0.15	40	Female	African American	2026-06-21	NULL	NULL	NULL	NULL	0	0.821	18550.9520	0-1 Year (Onboarding)	0
353	Legal	Associate	Associate - Legal	40103.03	4	2.16	32	Male	African American	2024-06-17	NULL	4.00	4.00	8.00	0	0.710	16041.2120	1-3 Years (Mid-Tenure)	1
2041	Legal	Associate	Associate - Legal	46274.24	2	1.67	39	Male	Two or More	2024-12-15	NULL	4.00	3.00	7.00	0	0.819	18509.6960	1-3 Years (Mid-Tenure)	0
3929	Legal	Associate	Associate - Legal	65659.10	4	3.77	30	Female	African American	2022-11-07	NULL	6.00	4.00	7.00	0	1.162	26263.6400	3+ Years (Tenured)	0
2976	Legal	Associate	Associate - Legal	63592.92	5	1.75	47	Female	Caucasian	2024-07-04	2026-04-03	5.00	5.00	4.00	1	1.125	25437.1680	1-3 Years (Mid-Tenure)	0
4114	Legal	Associate	Associate - Legal	55772.55	3	3.98	54	Male	Two or More	2022-08-24	NULL	7.00	7.00	6.00	0	0.987	22309.0200	3+ Years (Tenured)	0
4168	Legal	Associate	Associate - Legal	41900.04	3	2.53	25	NULL	Hispanic	2024-02-05	NULL	9.00	6.00	9.99	0	0.742	16760.0160	1-3 Years (Mid-Tenure)	0
656	Legal	Associate	Associate - Legal	48954.96	2	0.08	34	Non-Binary	Hispanic	2026-05-15	2026-06-14	NULL	NULL	NULL	1	0.866	19581.9840	0-1 Year (Onboarding)	0
961	Legal	Associate	associate - legal	43501.00	4	1.35	30	Other	Hispanic	2025-04-11	NULL	5.00	4.00	NULL	0	0.770	17400.4000	1-3 Years (Mid-Tenure)	0
2977	Legal	Associate	Associate - Legal	51964.16	4	4.79	26	Non-Binary	Two or More	2021-11-01	NULL	9.00	8.00	9.99	0	0.920	20785.6640	3+ Years (Tenured)	0
684	Legal	Domain Director	Domain Director - Legal	135733.45	3	1.67	47	Female	Two or More	2024-12-12	NULL	5.00	3.00	3.00	0	1.008	54293.3800	1-3 Years (Mid-Tenure)	0
432	Legal	Domain Director	Domain Director - Legal	133578.52	4	2.31	43	NULL	Caucasian	2024-04-24	NULL	1.00	2.00	4.00	0	0.992	53431.4080	1-3 Years (Mid-Tenure)	1
2694	Legal	Executive Director	Executive Director - Legal	192280.20	4	1.54	34	Female	Caucasian	2025-01-29	NULL	5.00	8.00	5.00	0	1.000	76912.0800	1-3 Years (Mid-Tenure)	0
2703	Legal	Manager	Manager - Legal	116659.09	4	4.75	42	Male	Two or More	2021-11-15	NULL	3.00	4.00	3.00	0	1.216	46663.6360	3+ Years (Tenured)	1
4431	Legal	Manager	Manager - Legal	78487.05	3	0.26	38	Female	Hispanic	2026-03-12	2026-06-16	9.99	9.99	7.00	1	0.818	31394.8200	0-1 Year (Onboarding)	0
4377	Legal	Manager	Manager - Legal	76695.79	2	0.69	43	Other	African American	2024-06-03	2025-02-11	NULL	NULL	NULL	1	0.799	30678.3160	0-1 Year (Onboarding)	0
137	Legal	Manager	Manager - Legal	79362.71	4	1.61	45	Non-Binary	Caucasian	2025-01-03	NULL	7.00	4.00	1.00	0	0.827	31745.0840	1-3 Years (Mid-Tenure)	0
2759	Legal	Manager	Manager - Legal	87558.53	5	4.30	27	Non-Binary	Caucasian	2022-04-29	NULL	4.00	8.00	3.00	0	0.912	35023.4120	3+ Years (Tenured)	1
264	Legal	Manager	Manager - Legal	118324.81	2	2.52	45	Female	Two or More	2024-02-07	NULL	9.00	4.00	6.00	0	1.233	47329.9240	1-3 Years (Mid-Tenure)	0
555	Legal	Manager	Manager - Legal	98322.88	4	1.20	21	Other	Hispanic	2025-06-04	NULL	4.00	8.00	2.00	0	1.025	39329.1520	1-3 Years (Mid-Tenure)	1
3339	Legal	Manager	Manager - Legal	113824.44	4	2.41	34	Non-Binary	Caucasian	2024-03-20	NULL	9.99	9.99	9.99	0	1.186	45529.7760	1-3 Years (Mid-Tenure)	0
3038	Legal	Manager	Manager - Legal	106526.45	1	3.50	48	Male	Two or More	2023-02-15	NULL	9.99	9.00	9.99	0	1.110	42610.5800	3+ Years (Tenured)	0
3415	Legal	Manager	Manager - Legal	70353.20	3	3.18	44	Other	Two or More	2023-06-11	NULL	1.00	2.00	1.00	0	0.733	28141.2800	3+ Years (Tenured)	0
3004	Legal	Manager	Manager - Legal	109502.71	3	4.28	45	Male	Caucasian	2022-05-05	NULL	7.00	6.00	2.00	0	1.141	43801.0840	3+ Years (Tenured)	0
3266	Legal	Supervisor/Lead	Supervisor/Lead - Legal	89849.63	2	2.74	34	Male	Asian	2023-11-20	NULL	7.00	NULL	7.00	0	1.290	35939.8520	1-3 Years (Mid-Tenure)	0
3261	Legal	Supervisor/Lead	Supervisor/Lead - Legal	55103.53	4	3.94	37	Other	Hispanic	2022-09-08	NULL	1.00	1.00	1.00	0	0.791	22041.4120	3+ Years (Tenured)	1
2689	Legal	Supervisor/Lead	Supervisor/Lead - Legal	59474.87	3	2.80	46	Other	Asian	2023-10-29	NULL	8.00	7.00	6.00	0	0.854	23789.9480	1-3 Years (Mid-Tenure)	0
3903	Legal	Supervisor/Lead	Supervisor/Lead - Legal	84793.83	5	4.34	40	Non-Binary	Hispanic	2022-04-14	NULL	5.00	4.00	1.00	0	1.218	33917.5320	3+ Years (Tenured)	0
1995	Legal	Supervisor/Lead	Supervisor/Lead - Legal	88783.31	3	1.63	58	Other	Hispanic	2024-12-27	NULL	4.00	8.00	1.00	0	1.275	35513.3240	1-3 Years (Mid-Tenure)	0
4000	Legal	Supervisor/Lead	Supervisor/Lead - Legal	59883.73	1	3.45	44	Male	Asian	2022-08-24	2026-02-03	4.00	2.00	NULL	1	0.860	23953.4920	3+ Years (Tenured)	0
1761	Legal	Supervisor/Lead	Supervisor/Lead - Legal	85887.43	3	0.15	39	Female	African American	2026-06-22	NULL	NULL	NULL	NULL	0	1.233	34354.9720	0-1 Year (Onboarding)	0
3848	Legal	Supervisor/Lead	Supervisor/Lead - Legal	61616.04	2	0.59	49	Female	Asian	2024-10-19	2025-05-23	4.00	7.00	6.00	1	0.885	24646.4160	0-1 Year (Onboarding)	0
1968	Legal	Supervisor/Lead	Supervisor/Lead - Legal	74026.39	5	4.19	37	Other	Two or More	2022-06-06	NULL	9.00	8.00	7.00	0	1.063	29610.5560	3+ Years (Tenured)	0
3855	Legal	Supervisor/Lead	Supervisor/Lead - Legal	68766.14	5	0.55	41	Male	Asian	2026-01-28	NULL	8.00	3.00	6.00	0	0.988	27506.4560	0-1 Year (Onboarding)	0
3853	Legal	Supervisor/Lead	Supervisor/Lead - Legal	69644.99	1	0.64	28	Female	Two or More	2025-12-24	NULL	3.00	7.00	1.00	0	1.000	27857.9960	0-1 Year (Onboarding)	0
2349	Legal	Supervisor/Lead	Supervisor/Lead - Legal	59476.22	3	3.98	39	Male	African American	2022-08-24	NULL	9.99	6.00	1.00	0	0.854	23790.4880	3+ Years (Tenured)	0
2043	Legal	Supervisor/Lead	Supervisor/Lead - Legal	75205.26	2	1.60	41	Female	Asian	2025-01-08	NULL	7.00	6.00	3.00	0	1.080	30082.1040	1-3 Years (Mid-Tenure)	0
273	Legal	Supervisor/Lead	Supervisor/Lead - Legal	62084.07	4	2.96	39	Male	Hispanic	2023-08-29	NULL	2.00	6.00	7.00	0	0.892	24833.6280	1-3 Years (Mid-Tenure)	1
2777	Legal	Supervisor/Lead	Supervisor/Lead - Legal	66115.62	3	0.11	62	Non-Binary	Hispanic	2026-07-05	NULL	NULL	NULL	NULL	0	0.950	26446.2480	0-1 Year (Onboarding)	0
1221	Legal	Supervisor/Lead	Supervisor/Lead - Legal	75795.76	3	0.08	23	Female	NULL	2026-03-05	2026-04-05	NULL	NULL	NULL	1	1.089	30318.3040	0-1 Year (Onboarding)	0
2950	Legal	Supervisor/Lead	Supervisor/Lead - Legal	67801.77	4	2.69	39	Other	African American	2023-12-08	NULL	5.00	7.00	3.00	0	0.974	27120.7080	1-3 Years (Mid-Tenure)	0
364	Legal	Supervisor/Lead	Supervisor/Lead - Legal	73345.68	2	2.75	21	Other	Asian	2023-11-14	NULL	7.00	4.00	7.00	0	1.053	29338.2720	1-3 Years (Mid-Tenure)	0
1570	Legal	Supervisor/Lead	Supervisor/Lead - Legal	56417.08	5	4.04	32	Male	Asian	2022-08-03	NULL	7.00	3.00	4.00	0	0.810	22566.8320	3+ Years (Tenured)	0
1068	Legal	Supervisor/Lead	Supervisor/Lead - Legal	89881.21	3	1.45	38	Non-Binary	African American	2025-03-02	NULL	6.00	7.00	2.00	0	1.291	35952.4840	1-3 Years (Mid-Tenure)	0
1363	Legal	Supervisor/Lead	Supervisor/Lead - Legal	76746.44	3	0.93	39	Other	African American	2025-09-09	NULL	7.00	NULL	4.00	0	1.102	30698.5760	0-1 Year (Onboarding)	0
42	Legal	Supervisor/Lead	Supervisor/Lead - Legal	65694.33	3	2.67	42	NULL	Two or More	2023-12-13	NULL	7.00	6.00	6.00	0	0.943	26277.7320	1-3 Years (Mid-Tenure)	0
4151	Legal	Supervisor/Lead	Supervisor/Lead - Legal	73513.80	4	5.04	46	Non-Binary	Caucasian	2021-08-01	NULL	7.00	9.99	9.99	0	1.056	29405.5200	3+ Years (Tenured)	0
1424	Legal	Supervisor/Lead	Supervisor/Lead - Legal	63317.55	2	1.94	26	Other	Two or More	2023-03-16	2025-02-21	1.00	1.00	2.00	1	0.909	25327.0200	1-3 Years (Mid-Tenure)	0
4087	Legal	Supervisor/Lead	Supervisor/Lead - Legal	55695.58	1	1.61	36	Non-Binary	Caucasian	2021-09-04	2023-04-14	NULL	NULL	NULL	1	0.800	22278.2320	1-3 Years (Mid-Tenure)	0
220	Legal	Supervisor/Lead	Supervisor/Lead - Legal	56415.80	2	2.26	40	Male	Two or More	2024-05-12	NULL	6.00	5.00	1.00	0	0.810	22566.3200	1-3 Years (Mid-Tenure)	0
1202	Legal	Supervisor/Lead	Supervisor/Lead - Legal	64720.54	3	1.56	38	Male	Asian	2024-10-30	2026-05-23	3.00	1.00	1.00	1	0.929	25888.2160	1-3 Years (Mid-Tenure)	0
4153	Marketing	Assistant Manager	Assistant Manager - Marketing	73685.06	4	4.51	34	Other	Caucasian	2022-02-10	NULL	6.00	4.00	1.00	0	0.995	29474.0240	3+ Years (Tenured)	0
1668	Marketing	Assistant Manager	Assistant Manager - Marketing	71656.36	4	5.05	40	Male	Two or More	2021-07-29	NULL	9.00	9.00	4.00	0	0.968	28662.5440	3+ Years (Tenured)	0
2606	Marketing	Assistant Manager	Assistant Manager - Marketing	97721.14	2	2.16	57	Female	Two or More	2022-02-06	2024-04-03	NULL	NULL	NULL	1	1.319	39088.4560	1-3 Years (Mid-Tenure)	0
3435	Marketing	Assistant Manager	Assistant Manager - Marketing	66038.83	3	0.69	33	Other	Hispanic	2025-12-06	NULL	6.00	1.00	5.00	0	0.892	26415.5320	0-1 Year (Onboarding)	0
3753	Marketing	Assistant Manager	Assistant Manager - Marketing	85547.45	3	3.90	25	Non-Binary	Hispanic	2022-09-21	NULL	9.99	9.00	7.00	0	1.155	34218.9800	3+ Years (Tenured)	0
604	Marketing	Assistant Manager	Assistant Manager - Marketing	62463.69	3	2.56	39	Non-Binary	Asian	2024-01-25	NULL	6.00	4.00	5.00	0	0.843	24985.4760	1-3 Years (Mid-Tenure)	0
903	Marketing	Assistant Manager	Assistant Manager - Marketing	72018.21	3	3.14	48	Non-Binary	African American	2023-06-26	NULL	8.00	4.00	8.00	0	0.972	28807.2840	3+ Years (Tenured)	0
2537	Marketing	Assistant Manager	Assistant Manager - Marketing	72571.03	4	1.32	37	Female	Asian	2025-04-19	NULL	7.00	5.00	5.00	0	0.980	29028.4120	1-3 Years (Mid-Tenure)	0
771	Marketing	Assistant Manager	Assistant Manager - Marketing	64840.37	1	1.87	55	Other	African American	2024-04-03	2026-02-14	8.00	1.00	4.00	1	0.876	25936.1480	1-3 Years (Mid-Tenure)	0
2866	Marketing	Associate	Associate - Marketing	45581.21	3	2.11	32	Other	Caucasian	2024-07-05	NULL	9.99	8.00	6.00	0	0.808	18232.4840	1-3 Years (Mid-Tenure)	0
1472	Marketing	Associate	Associate - Marketing	62161.91	5	1.61	48	Male	Hispanic	2025-01-05	NULL	3.00	7.00	4.00	0	1.102	24864.7640	1-3 Years (Mid-Tenure)	1
2621	Marketing	Associate	Associate - Marketing	56861.36	3	0.79	39	Other	African American	2025-10-30	NULL	NULL	NULL	NULL	0	1.008	22744.5440	0-1 Year (Onboarding)	0
3044	Marketing	Associate	Associate - Marketing	63932.08	5	0.46	40	Other	Caucasian	2022-02-14	2022-08-02	NULL	NULL	NULL	1	1.133	25572.8320	0-1 Year (Onboarding)	0
3758	Marketing	Associate	Associate - Marketing	47980.06	1	0.44	37	Male	African American	2026-03-06	NULL	5.00	2.00	4.00	0	0.850	19192.0240	0-1 Year (Onboarding)	0
3042	Marketing	Associate	Associate - Marketing	66725.89	3	2.98	48	Other	Two or More	2023-08-22	NULL	1.00	3.00	2.00	0	1.182	26690.3560	1-3 Years (Mid-Tenure)	0
2846	Marketing	Associate	Associate - Marketing	42090.36	3	2.21	42	Female	African American	2024-05-31	NULL	9.99	9.00	6.00	0	0.746	16836.1440	1-3 Years (Mid-Tenure)	0
3381	Marketing	Associate	Associate - Marketing	71152.91	5	2.26	30	Other	African American	2024-05-11	NULL	9.99	9.00	3.00	0	1.261	28461.1640	1-3 Years (Mid-Tenure)	0
1306	Marketing	Associate	Associate - Marketing	71904.86	3	0.15	55	Female	Asian	2026-02-17	2026-04-14	NULL	NULL	NULL	1	1.274	28761.9440	0-1 Year (Onboarding)	0
4426	Marketing	Associate	Associate - Marketing	40947.41	2	3.21	24	Male	Asian	2023-06-01	NULL	3.00	1.00	3.00	0	0.726	16378.9640	3+ Years (Tenured)	0
4203	Marketing	Associate	Associate - Marketing	69067.22	3	0.58	44	Other	NULL	2026-01-16	NULL	4.00	5.00	3.00	0	1.224	27626.8880	0-1 Year (Onboarding)	0
1464	Marketing	Associate	Associate - Marketing	54446.99	4	0.70	52	Other	Two or More	2025-12-01	NULL	2.00	4.00	7.00	0	0.965	21778.7960	0-1 Year (Onboarding)	1
3183	Marketing	Associate	Associate - Marketing	44505.59	2	0.79	32	Female	Hispanic	2025-10-29	NULL	1.00	1.00	1.00	0	0.789	17802.2360	0-1 Year (Onboarding)	0
4199	Marketing	Associate	Associate - Marketing	65027.49	3	4.45	49	Male	Caucasian	2022-01-14	2026-06-27	7.00	7.00	7.00	1	1.152	26010.9960	3+ Years (Tenured)	0
4297	Marketing	Associate	Associate - Marketing	47254.12	4	1.07	40	Non-Binary	NULL	2025-07-19	NULL	9.99	8.00	4.00	0	0.837	18901.6480	1-3 Years (Mid-Tenure)	0
3596	Marketing	Associate	Associate - Marketing	52120.55	5	2.16	36	Female	Caucasian	2024-06-16	NULL	8.00	6.00	1.00	0	0.924	20848.2200	1-3 Years (Mid-Tenure)	0
488	Marketing	Associate	Associate - Marketing	47337.05	4	4.91	52	Male	Hispanic	2021-09-17	NULL	5.00	4.00	2.00	0	0.839	18934.8200	3+ Years (Tenured)	0
1916	Marketing	Associate	Associate - Marketing	55506.33	3	4.80	45	Other	African American	2021-10-27	NULL	3.00	5.00	5.00	0	0.984	22202.5320	3+ Years (Tenured)	0
1915	Marketing	Associate	Associate - Marketing	53397.27	1	0.19	40	Non-Binary	Asian	2026-06-07	NULL	3.00	7.00	5.00	0	0.946	21358.9080	0-1 Year (Onboarding)	0
63	Marketing	Associate	Associate - Marketing	74123.61	3	0.27	57	Female	African American	2024-08-20	2024-11-27	NULL	NULL	NULL	1	1.314	29649.4440	0-1 Year (Onboarding)	0
4191	Marketing	Associate	Associate - Marketing	52720.79	3	4.30	38	Non-Binary	Two or More	2022-04-30	NULL	8.00	6.00	9.00	0	0.934	21088.3160	3+ Years (Tenured)	0
3250	Marketing	Associate	Associate - Marketing	66788.01	4	4.40	29	Other	Caucasian	2022-03-22	NULL	8.00	4.00	5.00	0	1.184	26715.2040	3+ Years (Tenured)	0
3039	Marketing	Associate	Associate - Marketing	59543.33	3	3.06	28	Female	Hispanic	2023-05-15	2026-06-04	6.00	5.00	3.00	1	1.055	23817.3320	3+ Years (Tenured)	0
3595	Marketing	Associate	Associate - Marketing	68501.31	2	3.01	50	Male	Hispanic	2023-08-13	NULL	7.00	5.00	9.00	0	1.214	27400.5240	3+ Years (Tenured)	0
810	Marketing	Associate	Associate - Marketing	53072.07	3	1.20	32	Female	Asian	2025-06-03	NULL	6.00	6.00	4.00	0	0.940	21228.8280	1-3 Years (Mid-Tenure)	0
322	Marketing	Associate	Associate - Marketing	54962.30	4	0.99	33	Non-Binary	African American	2023-09-08	2024-09-02	4.00	4.00	3.00	1	0.974	21984.9200	0-1 Year (Onboarding)	1
2852	Marketing	Associate	Associate - Marketing	49186.78	2	0.80	29	Other	Asian	2023-08-15	2024-06-03	6.00	2.00	9.99	1	0.872	19674.7120	0-1 Year (Onboarding)	0
2821	Marketing	Associate	Associate - Marketing	46422.05	2	0.32	45	NULL	Two or More	2026-04-19	NULL	4.00	5.00	1.00	0	0.823	18568.8200	0-1 Year (Onboarding)	0
473	Marketing	Associate	Associate - Marketing	43867.48	3	2.08	35	Male	Asian	2024-07-18	NULL	3.00	6.00	3.00	0	0.777	17546.9920	1-3 Years (Mid-Tenure)	0
1844	Marketing	Associate	Associate - Marketing	69621.58	4	4.05	34	Other	Caucasian	2022-07-27	NULL	8.00	8.00	3.00	0	1.234	27848.6320	3+ Years (Tenured)	0
4213	Marketing	Associate	Associate - Marketing	51089.35	4	3.91	53	Non-Binary	Two or More	2022-09-18	NULL	7.00	5.00	8.00	0	0.905	20435.7400	3+ Years (Tenured)	0
1269	Marketing	Associate	Associate - Marketing	43571.53	5	3.66	40	Other	Caucasian	2022-12-18	NULL	6.00	5.00	5.00	0	0.772	17428.6120	3+ Years (Tenured)	0
1518	Marketing	Associate	Associate - Marketing	45756.53	4	0.54	30	Male	African American	2025-06-15	2025-12-29	2.00	1.00	6.00	1	0.811	18302.6120	0-1 Year (Onboarding)	1
714	Marketing	Associate	Associate - Marketing	71776.83	2	0.36	44	Male	Two or More	2025-06-07	2025-10-16	NULL	NULL	NULL	1	1.272	28710.7320	0-1 Year (Onboarding)	0
2658	Marketing	Associate	Associate - Marketing	73022.99	3	4.04	29	Male	NULL	2022-08-03	NULL	3.00	2.00	1.00	0	1.294	29209.1960	3+ Years (Tenured)	0
648	Marketing	Associate	Associate - Marketing	68899.60	3	4.60	27	Female	Asian	2022-01-10	NULL	3.00	5.00	3.00	0	1.221	27559.8400	3+ Years (Tenured)	0
1275	Marketing	Associate	Associate - Marketing	45292.70	5	3.94	32	Non-Binary	Two or More	2022-09-06	NULL	7.00	9.00	6.00	0	0.803	18117.0800	3+ Years (Tenured)	0
974	Marketing	Associate	Associate - Marketing	63976.05	3	1.27	46	Other	African American	2025-05-07	NULL	7.00	7.00	9.00	0	1.134	25590.4200	1-3 Years (Mid-Tenure)	0
2253	Marketing	Associate	Associate - Marketing	59496.85	2	4.74	50	Non-Binary	Caucasian	2021-11-19	NULL	4.00	5.00	8.00	0	1.054	23798.7400	3+ Years (Tenured)	0
1262	Marketing	Associate	Associate - Marketing	41918.49	3	1.53	40	Female	Two or More	2022-11-14	2024-05-24	5.00	5.00	6.00	1	0.743	16767.3960	1-3 Years (Mid-Tenure)	0
2662	Marketing	Associate	Associate - Marketing	47123.98	5	3.98	29	Male	Two or More	2022-08-25	NULL	6.00	3.00	2.00	0	0.835	18849.5920	3+ Years (Tenured)	0
2439	Marketing	Associate	Associate - Marketing	69144.64	4	4.71	47	Other	Asian	2021-11-30	NULL	2.00	1.00	2.00	0	1.225	27657.8560	3+ Years (Tenured)	1
3726	Marketing	Associate	Associate - Marketing	60254.98	4	1.48	35	Other	African American	2025-02-19	NULL	9.00	8.00	3.00	0	1.068	24101.9920	1-3 Years (Mid-Tenure)	0
18	Marketing	Associate	Associate - Marketing	46118.51	4	0.46	38	Male	Hispanic	2025-10-21	2026-04-07	NULL	NULL	NULL	1	0.817	18447.4040	0-1 Year (Onboarding)	0
240	Marketing	Associate	Associate - Marketing	44527.26	2	2.71	51	NULL	Asian	2023-12-01	NULL	5.00	4.00	7.00	0	0.789	17810.9040	1-3 Years (Mid-Tenure)	0
2199	Marketing	Associate	Associate - Marketing	71955.98	1	3.61	36	Other	Asian	2023-01-04	NULL	2.00	2.00	2.00	0	1.275	28782.3920	3+ Years (Tenured)	0
4303	Marketing	Associate	Associate - Marketing	41174.09	3	2.40	39	Other	Hispanic	2024-03-22	NULL	9.99	9.99	6.00	0	0.730	16469.6360	1-3 Years (Mid-Tenure)	0
2633	Marketing	Associate	Associate - Marketing	65885.48	3	3.44	53	Female	Asian	2023-03-10	NULL	4.00	6.00	3.00	0	1.168	26354.1920	3+ Years (Tenured)	0
1886	Marketing	Associate	Associate - Marketing	59107.96	2	4.29	42	Female	Asian	2022-05-03	NULL	8.00	6.00	6.00	0	1.047	23643.1840	3+ Years (Tenured)	0
1884	Marketing	Associate	Associate - Marketing	66258.08	2	2.33	22	Male	African American	2024-04-17	NULL	8.00	8.00	3.00	0	1.174	26503.2320	1-3 Years (Mid-Tenure)	0
1489	Marketing	Associate	Associate - Marketing	58333.82	2	4.65	47	Other	Asian	2021-12-22	NULL	9.00	7.00	7.00	0	1.034	23333.5280	3+ Years (Tenured)	0
1492	Marketing	Associate	Associate - Marketing	49957.20	3	1.81	47	Male	Caucasian	2024-10-22	NULL	9.99	4.00	4.00	0	0.885	19982.8800	1-3 Years (Mid-Tenure)	0
4115	Marketing	Associate	Associate - Marketing	60833.66	5	1.23	50	Male	African American	2025-05-23	NULL	9.99	8.00	8.00	0	1.078	24333.4640	1-3 Years (Mid-Tenure)	0
71	Marketing	Associate	Associate - Marketing	56290.66	3	2.44	51	Female	African American	2024-03-06	NULL	9.00	8.00	7.00	0	0.998	22516.2640	1-3 Years (Mid-Tenure)	0
2455	Marketing	Associate	Associate - Marketing	58427.78	2	1.77	31	Non-Binary	Hispanic	2022-02-23	2023-11-30	NULL	NULL	NULL	1	1.035	23371.1120	1-3 Years (Mid-Tenure)	0
2960	Marketing	Associate	Associate - Marketing	47228.97	4	1.37	49	Female	African American	2025-04-01	NULL	9.99	8.00	8.00	0	0.837	18891.5880	1-3 Years (Mid-Tenure)	0
710	Marketing	Associate	Associate - Marketing	43937.36	2	1.19	30	Non-Binary	Two or More	2025-06-06	NULL	7.00	6.00	6.00	0	0.779	17574.9440	1-3 Years (Mid-Tenure)	0
1281	Marketing	Associate	Associate - Marketing	41702.17	4	4.81	33	Other	Hispanic	2021-10-25	NULL	8.00	9.99	7.00	0	0.739	16680.8680	3+ Years (Tenured)	0
2652	Marketing	Associate	Associate - Marketing	58341.80	3	2.53	59	Non-Binary	Hispanic	2024-02-04	NULL	8.00	5.00	7.00	0	1.034	23336.7200	1-3 Years (Mid-Tenure)	0
1509	Marketing	Associate	Associate - Marketing	69587.61	3	4.62	48	Female	Caucasian	2022-01-01	NULL	9.00	8.00	5.00	0	1.233	27835.0440	3+ Years (Tenured)	0
1277	Marketing	Associate	Associate - Marketing	48232.21	3	2.31	30	NULL	NULL	2024-04-23	NULL	7.00	5.00	7.00	0	0.855	19292.8840	1-3 Years (Mid-Tenure)	0
2107	Marketing	Associate	Associate - Marketing	67521.83	3	1.03	45	Male	Hispanic	2025-08-04	NULL	3.00	7.00	9.00	0	1.197	27008.7320	1-3 Years (Mid-Tenure)	0
2093	Marketing	Associate	Associate - Marketing	74384.54	2	1.41	45	Female	Hispanic	2023-05-23	2024-10-17	4.00	3.00	4.00	1	1.318	29753.8160	1-3 Years (Mid-Tenure)	0
2521	Marketing	Associate	Associate - Marketing	42163.61	3	1.07	48	Other	Asian	2022-06-19	2023-07-16	NULL	NULL	NULL	1	0.747	16865.4440	1-3 Years (Mid-Tenure)	0
3227	Marketing	Associate	Associate - Marketing	62242.16	3	3.84	26	Male	Caucasian	2022-10-14	NULL	4.00	2.00	2.00	0	1.103	24896.8640	3+ Years (Tenured)	0
4403	Marketing	Associate	Associate - Marketing	67968.80	3	0.91	29	Female	Two or More	2025-09-18	NULL	4.00	6.00	5.00	0	1.204	27187.5200	0-1 Year (Onboarding)	0
2558	Marketing	Associate	Associate - Marketing	64218.87	1	2.82	28	Female	Caucasian	2023-10-20	NULL	4.00	7.00	1.00	0	1.138	25687.5480	1-3 Years (Mid-Tenure)	0
2511	Marketing	Associate	Associate - Marketing	47015.98	4	0.89	38	Other	African American	2024-12-27	2025-11-17	NULL	NULL	NULL	1	0.833	18806.3920	0-1 Year (Onboarding)	0
3024	Marketing	Associate	Associate - Marketing	53149.88	2	1.24	32	Non-Binary	Caucasian	2022-11-03	2024-01-31	NULL	NULL	NULL	1	0.942	21259.9520	1-3 Years (Mid-Tenure)	0
3359	Marketing	Associate	Associate - Marketing	62821.96	2	0.85	40	Other	Caucasian	2025-10-10	NULL	8.00	5.00	6.00	0	1.113	25128.7840	0-1 Year (Onboarding)	0
1389	Marketing	Associate	Associate - Marketing	53591.08	2	2.71	23	Male	African American	2023-11-30	NULL	5.00	4.00	2.00	0	0.950	21436.4320	1-3 Years (Mid-Tenure)	0
4165	Marketing	Associate	Associate - Marketing	44843.90	3	1.25	46	Non-Binary	Asian	2025-05-14	NULL	8.00	6.00	8.00	0	0.795	17937.5600	1-3 Years (Mid-Tenure)	0
2109	Marketing	Associate	Associate - Marketing	65417.82	3	3.98	45	Male	NULL	2022-05-20	2026-05-10	4.00	1.00	3.00	1	1.159	26167.1280	3+ Years (Tenured)	0
1138	Marketing	Associate	Associate - Marketing	57422.67	4	1.42	44	Male	Asian	2023-06-21	2024-11-22	6.00	3.00	5.00	1	1.018	22969.0680	1-3 Years (Mid-Tenure)	0
3550	Marketing	Associate	Associate - Marketing	58998.62	5	4.47	42	Non-Binary	Two or More	2022-02-27	NULL	9.00	3.00	8.00	0	1.046	23599.4480	3+ Years (Tenured)	0
3854	Marketing	Associate	ASSOCIATE - MARKETING	40588.23	3	4.41	46	Female	Hispanic	2022-03-18	NULL	9.99	NULL	9.99	0	0.719	16235.2920	3+ Years (Tenured)	0
2893	Marketing	Associate	Associate - Marketing	63301.86	2	3.34	21	Female	Asian	2022-01-16	2025-05-18	3.00	6.00	3.00	1	1.122	25320.7440	3+ Years (Tenured)	0
2755	Marketing	Associate	Associate - Marketing	57000.93	2	4.96	41	Other	Asian	2021-08-29	NULL	9.00	8.00	7.00	0	1.010	22800.3720	3+ Years (Tenured)	0
235	Marketing	Associate	Associate - Marketing	50863.72	5	4.24	30	Female	Two or More	2022-05-19	NULL	8.00	7.00	3.00	0	0.901	20345.4880	3+ Years (Tenured)	0
687	Marketing	Associate	Associate - Marketing	50641.57	3	1.00	44	Female	Caucasian	2025-08-15	NULL	8.00	5.00	8.00	0	0.897	20256.6280	1-3 Years (Mid-Tenure)	0
517	Marketing	Associate	Associate - Marketing	62939.56	4	0.49	29	Other	NULL	2026-02-17	NULL	4.00	2.00	5.00	0	1.115	25175.8240	0-1 Year (Onboarding)	1
182	Marketing	Associate	Associate - Marketing	69791.92	3	3.80	42	Other	African American	2022-10-28	NULL	6.00	9.00	NULL	0	1.237	27916.7680	3+ Years (Tenured)	0
1380	Marketing	Associate	Associate - Marketing	60326.47	5	2.10	43	Other	African American	2024-07-08	NULL	4.00	6.00	6.00	0	1.069	24130.5880	1-3 Years (Mid-Tenure)	1
2541	Marketing	Associate	Associate - Marketing	41159.46	3	1.34	27	Female	Two or More	2025-04-12	NULL	1.00	6.00	5.00	0	0.729	16463.7840	1-3 Years (Mid-Tenure)	0
4283	Marketing	Associate	Associate - Marketing	66968.30	5	3.07	50	Other	African American	2023-02-09	2026-03-04	6.00	6.00	1.00	1	1.187	26787.3200	3+ Years (Tenured)	0
2060	Marketing	Associate	Associate - Marketing	50389.14	4	1.78	42	Female	African American	2024-11-03	NULL	7.00	6.00	9.99	0	0.893	20155.6560	1-3 Years (Mid-Tenure)	0
899	Marketing	Associate	Associate - Marketing	43800.79	3	1.91	21	Non-Binary	Asian	2024-09-18	NULL	5.00	6.00	8.00	0	0.776	17520.3160	1-3 Years (Mid-Tenure)	0
4178	Marketing	Associate	Associate - Marketing	41549.46	3	3.78	33	Female	Asian	2022-11-06	NULL	6.00	6.00	4.00	0	0.736	16619.7840	3+ Years (Tenured)	0
908	Marketing	Associate	Associate - Marketing	46988.22	3	0.59	39	Female	African American	2026-01-12	NULL	NULL	NULL	NULL	0	0.833	18795.2880	0-1 Year (Onboarding)	0
3299	Marketing	Associate	Associate - Marketing	49371.40	2	2.07	34	Female	Two or More	2024-07-22	NULL	3.00	1.00	1.00	0	0.875	19748.5600	1-3 Years (Mid-Tenure)	0
3232	Marketing	Associate	Associate - Marketing	57201.40	3	2.95	39	Female	Two or More	2023-09-04	NULL	5.00	1.00	1.00	0	1.014	22880.5600	1-3 Years (Mid-Tenure)	0
2052	Marketing	Associate	Associate - Marketing	45372.57	1	4.95	33	Male	Caucasian	2021-09-04	NULL	9.99	4.00	4.00	0	0.804	18149.0280	3+ Years (Tenured)	0
2529	Marketing	Associate	associate - marketing	50019.47	5	0.74	36	Other	Asian	2025-11-18	NULL	1.00	1.00	1.00	0	0.886	20007.7880	0-1 Year (Onboarding)	1
2048	Marketing	Associate	Associate - Marketing	49603.21	3	4.19	46	Female	Caucasian	2022-06-09	NULL	2.00	1.00	2.00	0	0.879	19841.2840	3+ Years (Tenured)	0
4399	Marketing	Associate	Associate - Marketing	53167.28	3	1.25	47	Female	Asian	2025-05-16	NULL	8.00	7.00	1.00	0	0.942	21266.9120	1-3 Years (Mid-Tenure)	0
1439	Marketing	Associate	Associate - Marketing	44752.47	2	1.74	45	Non-Binary	Caucasian	2024-11-19	NULL	9.99	9.00	6.00	0	0.793	17900.9880	1-3 Years (Mid-Tenure)	0
3786	Marketing	Associate	Associate - Marketing	42002.07	2	4.75	56	Other	Asian	2021-11-14	NULL	6.00	6.00	4.00	0	0.744	16800.8280	3+ Years (Tenured)	0
3587	Marketing	Associate	Associate - Marketing	46378.00	1	4.71	42	Non-Binary	Hispanic	2021-11-29	NULL	3.00	NULL	6.00	0	0.822	18551.2000	3+ Years (Tenured)	0
1348	Marketing	Associate	Associate - Marketing	63566.25	5	1.87	43	Non-Binary	African American	2024-09-30	NULL	7.00	5.00	7.00	0	1.126	25426.5000	1-3 Years (Mid-Tenure)	0
2878	Marketing	Associate	Associate - Marketing	69442.23	5	0.26	49	Male	Two or More	2026-05-13	NULL	NULL	NULL	NULL	0	1.231	27776.8920	0-1 Year (Onboarding)	0
1346	Marketing	Associate	Associate - Marketing	59401.84	5	4.55	49	Other	Hispanic	2022-01-28	NULL	1.00	4.00	1.00	0	1.053	23760.7360	3+ Years (Tenured)	1
4147	Marketing	Associate	Associate - Marketing	51377.03	4	0.45	63	Female	Hispanic	2025-10-17	2026-03-29	NULL	NULL	NULL	1	0.910	20550.8120	0-1 Year (Onboarding)	0
2872	Marketing	Associate	Associate - Marketing	42634.11	3	4.83	49	Other	Asian	2021-10-16	NULL	8.00	7.00	3.00	0	0.756	17053.6440	3+ Years (Tenured)	0
2493	Marketing	Associate	Associate - Marketing	48160.95	4	1.18	38	Female	Caucasian	2025-04-09	2026-06-15	4.00	4.00	8.00	1	0.853	19264.3800	1-3 Years (Mid-Tenure)	1
3373	Marketing	Associate	Associate - Marketing	50041.88	4	2.59	42	Male	Two or More	2024-01-12	NULL	6.00	8.00	1.00	0	0.887	20016.7520	1-3 Years (Mid-Tenure)	0
699	Marketing	Associate	Associate - Marketing	43798.46	5	0.98	55	Female	Asian	2025-08-23	NULL	8.00	5.00	7.00	0	0.776	17519.3840	0-1 Year (Onboarding)	0
1178	Marketing	Associate	Associate - Marketing	47246.78	4	1.92	27	Non-Binary	Caucasian	2024-09-15	NULL	9.00	1.00	NULL	0	0.837	18898.7120	1-3 Years (Mid-Tenure)	0
2491	Marketing	Associate	Associate - Marketing	71422.18	2	4.22	39	Other	Hispanic	2022-05-27	NULL	3.00	1.00	1.00	0	1.266	28568.8720	3+ Years (Tenured)	0
1334	Marketing	Associate	Associate - Marketing	53902.52	5	0.41	44	Other	Caucasian	2021-07-27	2021-12-25	NULL	NULL	NULL	1	0.955	21561.0080	0-1 Year (Onboarding)	0
3892	Marketing	Associate	Associate - Marketing	46103.37	3	2.45	42	Male	Asian	2024-03-05	NULL	6.00	8.00	6.00	0	0.817	18441.3480	1-3 Years (Mid-Tenure)	0
4384	Marketing	Associate	Associate - Marketing	69691.68	3	3.18	53	Male	Caucasian	2023-06-10	NULL	5.00	5.00	1.00	0	1.235	27876.6720	3+ Years (Tenured)	0
2937	Marketing	Associate	Associate - Marketing	64200.26	4	4.74	34	Female	African American	2021-11-19	NULL	8.00	6.00	3.00	0	1.138	25680.1040	3+ Years (Tenured)	0
788	Marketing	Associate	Associate - Marketing	65487.80	3	1.98	24	Non-Binary	Asian	2024-08-24	NULL	8.00	9.00	5.00	0	1.160	26195.1200	1-3 Years (Mid-Tenure)	0
2496	Marketing	Associate	Associate - Marketing	61994.44	1	0.41	22	Female	African American	2022-02-18	2022-07-17	NULL	NULL	NULL	1	1.099	24797.7760	0-1 Year (Onboarding)	0
2927	Marketing	Associate	Associate - Marketing	73546.11	5	2.82	40	Male	Hispanic	2023-10-22	NULL	1.00	5.00	8.00	0	1.303	29418.4440	1-3 Years (Mid-Tenure)	1
1985	Marketing	Associate	Associate - Marketing	71577.47	2	1.84	45	Male	Two or More	2024-10-11	NULL	6.00	6.00	6.00	0	1.268	28630.9880	1-3 Years (Mid-Tenure)	0
3789	Marketing	Associate	Associate - Marketing	44673.01	1	0.38	44	Male	Two or More	2026-03-31	NULL	5.00	8.00	8.00	0	0.792	17869.2040	0-1 Year (Onboarding)	0
328	Marketing	Associate	Associate - Marketing	47452.02	5	2.73	54	Male	Hispanic	2023-11-22	NULL	9.00	7.00	NULL	0	0.841	18980.8080	1-3 Years (Mid-Tenure)	0
3365	Marketing	Associate	Associate - Marketing	44855.59	5	0.93	61	Female	African American	2025-09-11	NULL	4.00	5.00	8.00	0	0.795	17942.2360	0-1 Year (Onboarding)	1
1128	Marketing	Associate	Associate - Marketing	55347.67	3	3.87	34	Female	Hispanic	2022-10-04	NULL	3.00	3.00	1.00	0	0.981	22139.0680	3+ Years (Tenured)	0
337	Marketing	Associate	Associate - Marketing	67790.23	3	4.66	44	Female	Hispanic	2021-12-18	NULL	1.00	4.00	1.00	0	1.201	27116.0920	3+ Years (Tenured)	0
3863	Marketing	Associate	Associate - Marketing	46404.84	3	4.93	60	Male	Asian	2021-09-10	NULL	8.00	4.00	4.00	0	0.822	18561.9360	3+ Years (Tenured)	0
141	Marketing	Associate	Associate - Marketing	59604.03	5	4.73	44	Male	Caucasian	2021-11-21	NULL	7.00	6.00	9.99	0	1.056	23841.6120	3+ Years (Tenured)	0
3170	Marketing	Associate	Associate - Marketing	67876.02	2	2.08	44	Female	Caucasian	2024-07-15	NULL	1.00	6.00	1.00	0	1.203	27150.4080	1-3 Years (Mid-Tenure)	0
3794	Marketing	Associate	Associate - Marketing	42138.90	3	0.31	27	Non-Binary	Asian	2026-04-24	NULL	4.00	5.00	5.00	0	0.747	16855.5600	0-1 Year (Onboarding)	0
2503	Marketing	Associate	Associate - Marketing	56712.12	4	0.61	41	Female	African American	2025-05-23	2025-12-31	8.00	7.00	9.99	1	1.005	22684.8480	0-1 Year (Onboarding)	0
3581	Marketing	Associate	Associate - Marketing	53713.55	5	1.58	50	Other	Caucasian	2025-01-15	NULL	9.00	6.00	8.00	0	0.952	21485.4200	1-3 Years (Mid-Tenure)	0
3148	Marketing	Associate	Associate - Marketing	67766.56	3	2.32	45	Other	African American	2024-04-20	NULL	7.00	5.00	5.00	0	1.201	27106.6240	1-3 Years (Mid-Tenure)	0
2300	Marketing	Associate	Associate - Marketing	60073.22	5	1.48	27	Other	African American	2025-02-21	NULL	6.00	2.00	3.00	0	1.065	24029.2880	1-3 Years (Mid-Tenure)	0
2709	Marketing	Associate	Associate - Marketing	49316.65	3	2.79	43	Non-Binary	African American	2023-11-02	NULL	1.00	1.00	2.00	0	0.874	19726.6600	1-3 Years (Mid-Tenure)	0
2785	Marketing	Associate	Associate - Marketing	73653.66	1	0.80	56	Female	Asian	2025-10-26	NULL	6.00	6.00	3.00	0	1.305	29461.4640	0-1 Year (Onboarding)	0
3424	Marketing	Associate	Associate - Marketing	62117.49	2	0.08	42	Female	Asian	2026-07-16	NULL	NULL	NULL	NULL	0	1.101	24846.9960	0-1 Year (Onboarding)	0
2400	Marketing	Associate	Associate - Marketing	43070.58	3	2.33	36	Other	Hispanic	2024-04-15	NULL	1.00	NULL	2.00	0	0.763	17228.2320	1-3 Years (Mid-Tenure)	0
4061	Marketing	Associate	Associate - Marketing	50963.61	1	0.36	60	Other	Two or More	2025-02-02	2025-06-15	8.00	9.99	7.00	1	0.903	20385.4440	0-1 Year (Onboarding)	0
2306	Marketing	Associate	Associate - Marketing	41323.59	3	0.91	46	Male	Caucasian	2025-09-18	NULL	9.99	9.00	7.00	0	0.732	16529.4360	0-1 Year (Onboarding)	0
1589	Marketing	Associate	Associate - Marketing	74560.95	5	4.09	42	Female	Asian	2022-07-14	NULL	6.00	6.00	8.00	0	1.321	29824.3800	3+ Years (Tenured)	0
4063	Marketing	Associate	Associate - Marketing	43073.93	4	1.16	46	Non-Binary	Two or More	2022-12-20	2024-02-17	NULL	NULL	NULL	1	0.763	17229.5720	1-3 Years (Mid-Tenure)	0
1627	Marketing	Associate	Associate - Marketing	72398.69	3	3.13	50	Other	Asian	2023-06-30	NULL	7.00	2.00	5.00	0	1.283	28959.4760	3+ Years (Tenured)	0
1013	Marketing	Associate	Associate - Marketing	55165.00	4	1.28	54	Female	Hispanic	2025-05-06	NULL	9.00	8.00	6.00	0	0.978	22066.0000	1-3 Years (Mid-Tenure)	0
4327	Marketing	Associate	Associate - Marketing	58524.02	3	2.62	32	Female	Hispanic	2024-01-02	NULL	1.00	6.00	5.00	0	1.037	23409.6080	1-3 Years (Mid-Tenure)	0
1579	Marketing	Associate	Associate - Marketing	46822.09	4	4.59	35	Non-Binary	African American	2022-01-14	NULL	8.00	5.00	9.99	0	0.830	18728.8360	3+ Years (Tenured)	0
3430	Marketing	Associate	Associate - Marketing	62479.56	5	2.09	39	Other	Asian	2024-07-13	NULL	6.00	5.00	4.00	0	1.107	24991.8240	1-3 Years (Mid-Tenure)	0
4366	Marketing	Associate	Associate - Marketing	51019.10	2	3.33	41	Male	Two or More	2023-04-16	NULL	9.00	1.00	7.00	0	0.904	20407.6400	3+ Years (Tenured)	0
2350	Marketing	Associate	Associate - Marketing	69081.47	4	1.93	40	Male	African American	2024-09-10	NULL	7.00	8.00	3.00	0	1.224	27632.5880	1-3 Years (Mid-Tenure)	0
1062	Marketing	Associate	Associate - Marketing	47974.37	3	5.07	48	Non-Binary	Hispanic	2021-07-22	NULL	9.00	4.00	1.00	0	0.850	19189.7480	3+ Years (Tenured)	0
3066	Marketing	Associate	Associate - Marketing	40882.96	4	0.69	34	Male	African American	2025-12-05	NULL	7.00	3.00	1.00	0	0.724	16353.1840	0-1 Year (Onboarding)	0
2979	Marketing	Associate	Associate - Marketing	43139.97	3	4.17	38	Non-Binary	Caucasian	2022-06-15	NULL	5.00	3.00	2.00	0	0.764	17255.9880	3+ Years (Tenured)	0
3700	Marketing	Associate	Associate - Marketing	43265.37	2	2.44	21	Male	African American	2024-03-09	NULL	4.00	NULL	1.00	0	0.767	17306.1480	1-3 Years (Mid-Tenure)	0
1574	Marketing	Associate	Associate - Marketing	67061.91	3	0.96	44	Other	African American	2025-08-29	NULL	2.00	4.00	1.00	0	1.188	26824.7640	0-1 Year (Onboarding)	0
4033	Marketing	Associate	Associate - Marketing	61284.27	2	0.32	47	Other	Asian	2026-04-22	NULL	4.00	6.00	4.00	0	1.086	24513.7080	0-1 Year (Onboarding)	0
370	Marketing	Associate	Associate - Marketing	58065.14	3	2.22	23	Female	Asian	2024-05-26	NULL	7.00	9.99	5.00	0	1.029	23226.0560	1-3 Years (Mid-Tenure)	0
3640	Marketing	Associate	Associate - Marketing	49863.03	3	3.23	40	Female	Hispanic	2023-05-25	NULL	6.00	7.00	5.00	0	0.884	19945.2120	3+ Years (Tenured)	0
608	Marketing	Associate	Associate - Marketing	54465.99	4	3.41	42	Male	Hispanic	2023-03-21	NULL	5.00	5.00	1.00	0	0.965	21786.3960	3+ Years (Tenured)	0
218	Marketing	Associate	Associate - Marketing	61739.45	2	4.57	38	Female	African American	2022-01-21	NULL	4.00	4.00	4.00	0	1.094	24695.7800	3+ Years (Tenured)	0
374	Marketing	Associate	Associate - Marketing	67034.76	4	4.27	42	Other	African American	2022-05-10	NULL	3.00	3.00	5.00	0	1.188	26813.9040	3+ Years (Tenured)	1
1712	Marketing	Associate	Associate - Marketing	61541.68	4	0.19	42	Male	African American	2024-10-15	2024-12-22	NULL	NULL	NULL	1	1.091	24616.6720	0-1 Year (Onboarding)	0
4046	Marketing	Associate	Associate - Marketing	59744.94	4	2.61	36	Non-Binary	Caucasian	2024-01-06	NULL	9.99	9.99	9.99	0	1.059	23897.9760	1-3 Years (Mid-Tenure)	0
835	Marketing	Associate	Associate - Marketing	44762.47	3	4.48	47	Other	Two or More	2022-02-20	NULL	4.00	1.00	2.00	0	0.793	17904.9880	3+ Years (Tenured)	0
2725	Marketing	Associate	Associate - Marketing	48030.00	4	2.64	31	Female	Hispanic	2023-12-26	NULL	6.00	8.00	3.00	0	0.851	19212.0000	1-3 Years (Mid-Tenure)	0
2329	Marketing	Associate	Associate - Marketing	40211.52	3	4.69	32	Other	Two or More	2021-12-06	NULL	7.00	NULL	3.00	0	0.713	16084.6080	3+ Years (Tenured)	0
2327	Marketing	Associate	Associate - Marketing	71058.91	3	3.36	44	Female	Caucasian	2023-04-08	NULL	4.00	3.00	4.00	0	1.259	28423.5640	3+ Years (Tenured)	0
380	Marketing	Associate	Associate - Marketing	56351.87	5	2.84	47	Other	African American	2023-10-15	NULL	6.00	3.00	5.00	0	0.999	22540.7480	1-3 Years (Mid-Tenure)	0
2325	Marketing	Associate	Associate - Marketing	53713.10	1	0.45	41	NULL	African American	2026-03-05	NULL	1.00	3.00	3.00	0	0.952	21485.2400	0-1 Year (Onboarding)	0
1608	Marketing	Associate	Associate - Marketing	60781.90	4	1.64	36	Male	Asian	2024-12-23	NULL	8.00	8.00	5.00	0	1.077	24312.7600	1-3 Years (Mid-Tenure)	0
214	Marketing	Associate	Associate - Marketing	57129.35	3	1.01	30	Other	Caucasian	2025-08-11	NULL	7.00	9.00	5.00	0	1.012	22851.7400	1-3 Years (Mid-Tenure)	0
2736	Marketing	Associate	Associate - Marketing	71615.69	3	2.97	39	Female	African American	2023-08-27	NULL	9.99	7.00	8.00	0	1.269	28646.2760	1-3 Years (Mid-Tenure)	0
2367	Marketing	Associate	Associate - Marketing	56962.87	2	1.59	38	Male	Two or More	2025-01-10	NULL	7.00	8.00	5.00	0	1.009	22785.1480	1-3 Years (Mid-Tenure)	0
1070	Marketing	Associate	Associate - Marketing	55515.83	3	1.19	50	Non-Binary	Hispanic	2025-06-07	NULL	9.99	4.00	4.00	0	0.984	22206.3320	1-3 Years (Mid-Tenure)	0
839	Marketing	Associate	Associate - Marketing	48055.72	3	3.04	31	Other	Caucasian	2023-08-01	NULL	6.00	7.00	8.00	0	0.852	19222.2880	3+ Years (Tenured)	0
2986	Marketing	Associate	Associate - Marketing	69860.51	5	0.13	44	Female	African American	2023-04-11	2023-05-28	NULL	NULL	NULL	1	1.238	27944.2040	0-1 Year (Onboarding)	0
2738	Marketing	Associate	Associate - Marketing	50091.35	4	0.80	41	Non-Binary	NULL	2022-12-19	2023-10-07	NULL	NULL	NULL	1	0.888	20036.5400	0-1 Year (Onboarding)	0
1232	Marketing	Associate	Associate - Marketing	71200.98	4	0.99	37	Non-Binary	Two or More	2025-08-18	NULL	7.00	3.00	2.00	0	1.262	28480.3920	0-1 Year (Onboarding)	0
4048	Marketing	Associate	Associate - Marketing	74429.24	4	2.17	33	Other	African American	2024-06-15	NULL	1.00	5.00	1.00	0	1.319	29771.6960	1-3 Years (Mid-Tenure)	1
4244	Marketing	Associate	Associate - Marketing	68992.97	5	3.71	21	Male	Caucasian	2022-11-29	NULL	4.00	1.00	5.00	0	1.223	27597.1880	3+ Years (Tenured)	1
2392	Marketing	Associate	Associate - Marketing	48971.84	3	0.52	33	Male	Asian	2026-02-05	NULL	5.00	6.00	5.00	0	0.868	19588.7360	0-1 Year (Onboarding)	0
1233	Marketing	Associate	Associate - Marketing	43757.61	3	3.79	36	Other	Caucasian	2022-07-10	2026-04-22	9.99	9.99	7.00	1	0.775	17503.0440	3+ Years (Tenured)	0
1740	Marketing	Associate	Associate - Marketing	72400.77	3	4.40	49	Male	African American	2022-03-22	NULL	3.00	5.00	7.00	0	1.283	28960.3080	3+ Years (Tenured)	0
1695	Marketing	Associate	Associate - Marketing	73627.01	4	4.87	21	Other	Asian	2021-10-03	NULL	7.00	4.00	7.00	0	1.305	29450.8040	3+ Years (Tenured)	0
3413	Marketing	Associate	Associate - Marketing	57108.45	3	2.21	49	Non-Binary	Hispanic	2024-05-31	NULL	4.00	3.00	1.00	0	1.012	22843.3800	1-3 Years (Mid-Tenure)	0
619	Marketing	Associate	Associate - Marketing	41181.89	1	2.95	21	Other	Two or More	2023-09-04	NULL	3.00	5.00	8.00	0	0.730	16472.7560	1-3 Years (Mid-Tenure)	0
2360	Marketing	Associate	Associate - Marketing	67623.92	3	0.65	35	Male	Two or More	2025-12-22	NULL	9.00	9.00	4.00	0	1.198	27049.5680	0-1 Year (Onboarding)	0
3434	Marketing	Associate	Associate - Marketing	43435.16	4	2.45	28	Female	Caucasian	2024-03-03	NULL	4.00	7.00	7.00	0	0.770	17374.0640	1-3 Years (Mid-Tenure)	1
3658	Marketing	Associate	Associate - Marketing	63880.73	4	4.93	36	Male	Caucasian	2021-09-10	NULL	7.00	5.00	6.00	0	1.132	25552.2920	3+ Years (Tenured)	0
4090	Marketing	Associate	Associate - Marketing	61333.90	4	0.80	29	Female	NULL	2025-10-26	NULL	9.99	NULL	3.00	0	1.087	24533.5600	0-1 Year (Onboarding)	0
3254	Marketing	Associate	Associate - Marketing	57760.28	3	4.01	21	Other	Two or More	2022-08-14	NULL	8.00	9.00	6.00	0	1.024	23104.1120	3+ Years (Tenured)	0
4308	Marketing	Associate	Associate - Marketing	73848.39	3	2.07	28	Male	Two or More	2024-07-22	NULL	6.00	5.00	4.00	0	1.309	29539.3560	1-3 Years (Mid-Tenure)	0
2272	Marketing	Associate	Associate - Marketing	54251.12	2	3.31	62	Male	Asian	2023-04-26	NULL	5.00	4.00	1.00	0	0.961	21700.4480	3+ Years (Tenured)	0
1541	Marketing	Associate	Associate - Marketing	46838.91	5	1.04	44	Female	Two or More	2022-12-04	2023-12-20	NULL	NULL	NULL	1	0.830	18735.5640	1-3 Years (Mid-Tenure)	0
3069	Marketing	Associate	Associate - Marketing	61874.12	1	3.27	23	Non-Binary	Caucasian	2023-05-10	NULL	9.99	3.00	4.00	0	1.096	24749.6480	3+ Years (Tenured)	0
1664	Marketing	Associate	Associate - Marketing	47859.31	2	0.30	34	Other	African American	2026-04-28	NULL	1.00	3.00	1.00	0	0.848	19143.7240	0-1 Year (Onboarding)	0
1637	Marketing	Associate	Associate - Marketing	50027.66	3	0.71	46	Female	Hispanic	2024-02-08	2024-10-25	9.00	9.99	6.00	1	0.887	20011.0640	0-1 Year (Onboarding)	0
283	Marketing	Associate	Associate - Marketing	41621.14	1	4.76	42	NULL	African American	2021-11-13	NULL	9.00	8.00	2.00	0	0.738	16648.4560	3+ Years (Tenured)	0
36	Marketing	Associate	Associate - Marketing	70702.10	3	2.80	21	Other	Two or More	2023-10-28	NULL	9.99	7.00	6.00	0	1.253	28280.8400	1-3 Years (Mid-Tenure)	0
3635	Marketing	Associate	Associate - Marketing	65057.37	4	0.30	47	Other	Caucasian	2022-08-09	2022-11-26	NULL	NULL	NULL	1	1.153	26022.9480	0-1 Year (Onboarding)	0
2273	Marketing	Associate	Associate - Marketing	69449.18	2	1.29	34	Male	Hispanic	2025-05-01	NULL	2.00	1.00	3.00	0	1.231	27779.6720	1-3 Years (Mid-Tenure)	0
2997	Marketing	Associate	Associate - Marketing	51341.53	4	2.16	48	Non-Binary	Caucasian	2024-06-19	NULL	1.00	1.00	2.00	0	0.910	20536.6120	1-3 Years (Mid-Tenure)	1
1816	Marketing	Associate	Associate - Marketing	42934.56	4	0.27	53	Female	Two or More	2026-05-07	NULL	6.00	5.00	1.00	0	0.761	17173.8240	0-1 Year (Onboarding)	0
1676	Marketing	Associate	Associate - Marketing	48859.21	2	0.97	43	Female	Asian	2025-08-26	NULL	4.00	5.00	9.99	0	0.866	19543.6840	0-1 Year (Onboarding)	0
3712	Marketing	Associate	Associate - Marketing	70101.59	3	2.84	35	Other	Two or More	2023-10-12	NULL	7.00	9.00	5.00	0	1.242	28040.6360	1-3 Years (Mid-Tenure)	0
311	Marketing	Associate	Associate - Marketing	70964.25	1	0.28	50	Female	Hispanic	2026-05-05	NULL	NULL	NULL	NULL	0	1.258	28385.7000	0-1 Year (Onboarding)	0
4224	Marketing	Associate	Associate - Marketing	74080.90	3	4.02	46	Non-Binary	African American	2022-08-09	NULL	2.00	2.00	2.00	0	1.313	29632.3600	3+ Years (Tenured)	0
617	Marketing	Associate	Associate - Marketing	59764.49	4	0.64	30	Female	Caucasian	2025-12-23	NULL	4.00	1.00	3.00	0	1.059	23905.7960	0-1 Year (Onboarding)	1
976	Marketing	Domain Director	Domain Director - Marketing	145047.34	3	2.33	52	Male	African American	2024-04-16	NULL	7.00	7.00	8.00	0	0.986	58018.9360	1-3 Years (Mid-Tenure)	0
2147	Marketing	Domain Director	Domain Director - Marketing	149258.95	3	1.70	21	Male	NULL	2024-12-01	NULL	9.00	6.00	6.00	0	1.014	59703.5800	1-3 Years (Mid-Tenure)	0
1318	Marketing	Executive Director	Executive Director - Marketing	178510.72	3	3.09	41	Male	Asian	2023-07-14	NULL	5.00	7.00	5.00	0	1.000	71404.2880	3+ Years (Tenured)	0
4437	Marketing	Manager	Manager - Marketing	101307.16	5	3.58	53	Female	Two or More	2023-01-18	NULL	6.00	3.00	5.00	0	1.123	40522.8640	3+ Years (Tenured)	0
2620	Marketing	Manager	Manager - Marketing	72766.93	3	2.55	22	Male	Hispanic	2024-01-27	NULL	4.00	6.00	4.00	0	0.807	29106.7720	1-3 Years (Mid-Tenure)	0
1690	Marketing	Manager	Manager - Marketing	92477.79	5	1.25	41	Female	African American	2025-05-15	NULL	3.00	6.00	1.00	0	1.025	36991.1160	1-3 Years (Mid-Tenure)	1
4392	Marketing	Manager	Manager - Marketing	112726.37	2	2.42	34	Male	Two or More	2023-12-11	2026-05-14	4.00	7.00	4.00	1	1.250	45090.5480	1-3 Years (Mid-Tenure)	0
320	Marketing	Manager	Manager - Marketing	71739.35	4	0.13	32	NULL	African American	2026-06-29	NULL	NULL	NULL	NULL	0	0.795	28695.7400	0-1 Year (Onboarding)	0
490	Marketing	Supervisor/Lead	Supervisor/Lead - Marketing	78070.13	1	1.39	40	Non-Binary	Two or More	2025-03-26	NULL	4.00	4.00	1.00	0	1.067	31228.0520	1-3 Years (Mid-Tenure)	0
4383	Marketing	Supervisor/Lead	Supervisor/Lead - Marketing	78263.89	2	3.07	48	Female	Two or More	2023-07-20	NULL	4.00	9.00	7.00	0	1.069	31305.5560	3+ Years (Tenured)	0
3774	Marketing	Supervisor/Lead	Supervisor/Lead - Marketing	78749.13	3	1.29	36	Female	Hispanic	2022-07-18	2023-11-01	NULL	NULL	NULL	1	1.076	31499.6520	1-3 Years (Mid-Tenure)	0
3986	Marketing	Supervisor/Lead	Supervisor/Lead - Marketing	62394.40	5	2.26	22	Non-Binary	Asian	2024-01-27	2026-04-30	2.00	5.00	3.00	1	0.853	24957.7600	1-3 Years (Mid-Tenure)	1
3411	Marketing	Supervisor/Lead	Supervisor/Lead - Marketing	60752.07	3	0.21	55	Female	African American	2026-06-01	NULL	6.00	7.00	6.00	0	0.830	24300.8280	0-1 Year (Onboarding)	0
3354	Marketing	Supervisor/Lead	Supervisor/Lead - Marketing	87107.41	3	3.05	53	Non-Binary	Caucasian	2023-07-27	NULL	7.00	NULL	8.00	0	1.190	34842.9640	3+ Years (Tenured)	0
2597	Marketing	Supervisor/Lead	Supervisor/Lead - Marketing	68647.97	3	2.89	29	Male	Asian	2023-09-24	NULL	8.00	7.00	4.00	0	0.938	27459.1880	1-3 Years (Mid-Tenure)	0
3820	Marketing	Supervisor/Lead	Supervisor/Lead - Marketing	81832.86	5	3.82	30	Male	African American	2022-10-22	NULL	9.99	9.00	6.00	0	1.118	32733.1440	3+ Years (Tenured)	0
3206	Marketing	Supervisor/Lead	Supervisor/Lead - Marketing	73897.53	5	2.62	33	Non-Binary	African American	2024-01-01	NULL	1.00	4.00	1.00	0	1.010	29559.0120	1-3 Years (Mid-Tenure)	1
2364	Marketing	Supervisor/Lead	Supervisor/Lead - Marketing	79155.62	5	3.24	21	Male	Two or More	2023-05-20	NULL	7.00	1.00	5.00	0	1.082	31662.2480	3+ Years (Tenured)	0
2932	Marketing	Supervisor/Lead	Supervisor/Lead - Marketing	87008.31	3	1.33	44	NULL	Hispanic	2025-04-17	NULL	8.00	1.00	3.00	0	1.189	34803.3240	1-3 Years (Mid-Tenure)	0
3878	Marketing	Supervisor/Lead	Supervisor/Lead - Marketing	80843.70	3	3.79	55	Other	Hispanic	2022-11-01	NULL	1.00	3.00	4.00	0	1.105	32337.4800	3+ Years (Tenured)	0
2873	Marketing	Supervisor/Lead	Supervisor/Lead - Marketing	87272.50	5	1.72	45	Female	African American	2024-11-27	NULL	6.00	3.00	9.00	0	1.193	34909.0000	1-3 Years (Mid-Tenure)	0
1033	Marketing	Supervisor/Lead	Supervisor/Lead - Marketing	89657.57	4	1.61	39	Other	African American	2025-01-05	NULL	6.00	1.00	9.99	0	1.225	35863.0280	1-3 Years (Mid-Tenure)	0
878	Marketing	Supervisor/Lead	Supervisor/Lead - Marketing	59505.34	4	3.93	47	Female	NULL	2022-09-11	NULL	9.00	4.00	9.00	0	0.813	23802.1360	3+ Years (Tenured)	0
199	Marketing	Supervisor/Lead	Supervisor/Lead - Marketing	84909.29	3	1.32	56	Male	Asian	2025-04-22	NULL	9.99	9.00	9.99	0	1.160	33963.7160	1-3 Years (Mid-Tenure)	0
1228	Marketing	Supervisor/Lead	Supervisor/Lead - Marketing	72255.44	4	3.95	55	Other	Asian	2022-09-03	NULL	8.00	4.00	7.00	0	0.987	28902.1760	3+ Years (Tenured)	0
851	Marketing	Supervisor/Lead	Supervisor/Lead - Marketing	68535.24	4	3.04	37	Other	African American	2023-08-03	NULL	2.00	NULL	1.00	0	0.937	27414.0960	3+ Years (Tenured)	1
3546	Marketing	Supervisor/Lead	Supervisor/Lead - Marketing	69124.15	2	1.88	49	Male	Two or More	2024-09-26	NULL	8.00	5.00	5.00	0	0.945	27649.6600	1-3 Years (Mid-Tenure)	0
3052	Marketing	Supervisor/Lead	Supervisor/Lead - Marketing	66071.48	3	1.46	34	Other	Hispanic	2025-02-27	NULL	4.00	5.00	1.00	0	0.903	26428.5920	1-3 Years (Mid-Tenure)	0
27	Marketing	Supervisor/Lead	Supervisor/Lead - Marketing	66735.77	3	0.19	35	Non-Binary	Caucasian	2026-06-08	NULL	1.00	6.00	5.00	0	0.912	26694.3080	0-1 Year (Onboarding)	0
2385	Marketing	Supervisor/Lead	Supervisor/Lead - Marketing	68416.92	3	1.58	34	Other	Hispanic	2025-01-14	NULL	9.99	9.00	3.00	0	0.935	27366.7680	1-3 Years (Mid-Tenure)	0
3061	Marketing	Supervisor/Lead	Supervisor/Lead - Marketing	64961.85	3	3.85	33	Non-Binary	Caucasian	2022-10-11	NULL	8.00	4.00	5.00	0	0.888	25984.7400	3+ Years (Tenured)	0
406	Marketing	Supervisor/Lead	Supervisor/Lead - Marketing	71582.78	4	4.55	50	Female	Hispanic	2022-01-28	NULL	5.00	1.00	9.00	0	0.978	28633.1120	3+ Years (Tenured)	0
3433	Marketing	Supervisor/Lead	Supervisor/Lead - Marketing	70459.16	2	0.68	37	Male	Asian	2025-12-10	NULL	4.00	4.00	7.00	0	0.963	28183.6640	0-1 Year (Onboarding)	0
2292	Marketing	Supervisor/Lead	Supervisor/Lead - Marketing	55855.74	4	1.73	39	Other	Caucasian	2024-11-20	NULL	2.00	4.00	9.00	0	0.763	22342.2960	1-3 Years (Mid-Tenure)	1
4248	Marketing	Supervisor/Lead	Supervisor/Lead - Marketing	78316.71	3	1.51	40	Male	Two or More	2025-02-10	NULL	4.00	1.00	2.00	0	1.070	31326.6840	1-3 Years (Mid-Tenure)	0
2200	Marketing	Supervisor/Lead	Supervisor/Lead - Marketing	68738.15	2	4.73	45	Male	Two or More	2021-11-22	NULL	5.00	6.00	9.99	0	0.939	27495.2600	3+ Years (Tenured)	0
504	Marketing	Supervisor/Lead	Supervisor/Lead - Marketing	55664.92	3	0.70	41	Female	Asian	2025-12-03	NULL	3.00	4.00	1.00	0	0.761	22265.9680	0-1 Year (Onboarding)	0
2301	Marketing	Supervisor/Lead	Supervisor/Lead - Marketing	69470.18	1	2.86	40	Male	African American	2023-10-05	NULL	4.00	5.00	3.00	0	0.949	27788.0720	1-3 Years (Mid-Tenure)	0
2054	Marketing	Supervisor/Lead	Supervisor/Lead - Marketing	57624.22	4	1.29	43	Female	Two or More	2025-04-30	NULL	9.99	9.99	9.00	0	0.787	23049.6880	1-3 Years (Mid-Tenure)	0
225	Marketing	Supervisor/Lead	Supervisor/Lead - Marketing	78780.11	3	4.49	35	Non-Binary	Caucasian	2022-02-18	NULL	6.00	6.00	9.00	0	1.077	31512.0440	3+ Years (Tenured)	0
2790	Marketing	Supervisor/Lead	Supervisor/Lead - Marketing	60547.23	4	3.28	33	Non-Binary	Caucasian	2023-05-04	NULL	9.99	1.00	2.00	0	0.827	24218.8920	3+ Years (Tenured)	0
2651	Marketing	Supervisor/Lead	Supervisor/Lead - Marketing	81875.53	3	2.41	43	Non-Binary	African American	2024-03-18	NULL	9.99	5.00	4.00	0	1.119	32750.2120	1-3 Years (Mid-Tenure)	0
3517	Marketing	Supervisor/Lead	Supervisor/Lead - Marketing	79660.79	4	2.07	36	Non-Binary	Asian	2024-07-19	NULL	9.99	6.00	2.00	0	1.089	31864.3160	1-3 Years (Mid-Tenure)	0
967	Marketing	Supervisor/Lead	Supervisor/Lead - Marketing	65756.58	4	2.37	30	Female	Caucasian	2024-04-01	NULL	4.00	4.00	7.00	0	0.899	26302.6320	1-3 Years (Mid-Tenure)	1
1586	Marketing	Supervisor/Lead	Supervisor/Lead - Marketing	73501.23	4	4.30	21	Non-Binary	Asian	2022-04-30	NULL	7.00	9.00	4.00	0	1.004	29400.4920	3+ Years (Tenured)	0
3983	Marketing	Supervisor/Lead	Supervisor/Lead - Marketing	84164.84	5	3.95	31	Other	African American	2022-09-04	NULL	6.00	5.00	2.00	0	1.150	33665.9360	3+ Years (Tenured)	0
2945	Marketing	Supervisor/Lead	Supervisor/Lead - Marketing	79084.70	3	0.16	21	Female	Asian	2026-06-19	NULL	NULL	NULL	NULL	0	1.081	31633.8800	0-1 Year (Onboarding)	0
2348	Marketing	Supervisor/Lead	Supervisor/Lead - Marketing	69317.06	3	0.12	37	Male	African American	2026-07-04	NULL	NULL	NULL	NULL	0	0.947	27726.8240	0-1 Year (Onboarding)	0
1310	Marketing	Supervisor/Lead	Supervisor/Lead - Marketing	66918.79	4	1.50	41	Other	Asian	2025-02-13	NULL	8.00	9.99	2.00	0	0.914	26767.5160	1-3 Years (Mid-Tenure)	0
2373	Marketing	Supervisor/Lead	Supervisor/Lead - Marketing	88120.00	3	1.55	37	Male	African American	2025-01-26	NULL	9.00	9.99	9.00	0	1.204	35248.0000	1-3 Years (Mid-Tenure)	0
4140	Marketing	Supervisor/Lead	Supervisor/Lead - Marketing	77177.65	5	0.73	29	Female	Caucasian	2025-11-22	NULL	1.00	3.00	1.00	0	1.055	30871.0600	0-1 Year (Onboarding)	1
2917	Sales	Assistant Manager	Assistant Manager - Sales	77105.13	3	2.58	51	Female	Asian	2024-01-16	NULL	3.00	5.00	3.00	0	0.930	30842.0520	1-3 Years (Mid-Tenure)	0
4337	Sales	Assistant Manager	Assistant Manager - Sales	81841.53	1	0.69	37	Other	Caucasian	2025-12-07	NULL	3.00	3.00	8.00	0	0.987	32736.6120	0-1 Year (Onboarding)	0
4381	Sales	Assistant Manager	Assistant Manager - Sales	81957.37	4	0.52	33	Non-Binary	Two or More	2026-02-07	NULL	6.00	4.00	5.00	0	0.989	32782.9480	0-1 Year (Onboarding)	0
1743	Sales	Assistant Manager	Assistant Manager - Sales	73120.39	3	0.79	47	Other	Caucasian	2025-10-29	NULL	4.00	2.00	4.00	0	0.882	29248.1560	0-1 Year (Onboarding)	0
1956	Sales	Assistant Manager	Assistant Manager - Sales	99926.31	3	2.82	36	Other	Asian	2023-10-21	NULL	9.00	8.00	6.00	0	1.206	39970.5240	1-3 Years (Mid-Tenure)	0
3777	Sales	Assistant Manager	Assistant Manager - Sales	75963.52	4	0.07	21	Non-Binary	Asian	2026-07-21	NULL	NULL	NULL	NULL	0	0.917	30385.4080	0-1 Year (Onboarding)	0
574	Sales	Assistant Manager	Assistant Manager - Sales	90230.24	3	1.87	43	Other	African American	2024-09-30	NULL	4.00	8.00	5.00	0	1.089	36092.0960	1-3 Years (Mid-Tenure)	0
4174	Sales	Associate	Associate - Sales	59323.78	2	3.89	35	Male	Asian	2022-09-26	NULL	3.00	2.00	5.00	0	1.032	23729.5120	3+ Years (Tenured)	0
3803	Sales	Associate	Associate - Sales	73663.54	1	0.55	41	Male	Hispanic	2022-03-16	2022-10-04	NULL	NULL	NULL	1	1.282	29465.4160	0-1 Year (Onboarding)	0
45	Sales	Associate	Associate - Sales	68080.21	3	1.14	42	Other	Asian	2024-06-27	2025-08-18	5.00	5.00	5.00	1	1.185	27232.0840	1-3 Years (Mid-Tenure)	0
512	Sales	Associate	Associate - Sales	56972.91	4	4.07	31	Other	Two or More	2022-07-20	NULL	6.00	3.00	6.00	0	0.991	22789.1640	3+ Years (Tenured)	0
2999	Sales	Associate	Associate - Sales	40853.54	3	3.68	34	Other	Hispanic	2021-08-20	2025-04-25	7.00	1.00	3.00	1	0.711	16341.4160	3+ Years (Tenured)	0
3571	Sales	Associate	Associate - Sales	60000.74	3	1.25	45	Male	African American	2025-05-16	NULL	8.00	9.00	9.99	0	1.044	24000.2960	1-3 Years (Mid-Tenure)	0
131	Sales	Associate	Associate - Sales	45877.24	3	1.66	32	Male	Two or More	2024-12-16	NULL	6.00	5.00	5.00	0	0.798	18350.8960	1-3 Years (Mid-Tenure)	0
3164	Sales	Associate	Associate - Sales	40166.92	3	4.18	36	NULL	African American	2022-06-12	NULL	9.99	9.00	7.00	0	0.699	16066.7680	3+ Years (Tenured)	0
1222	Sales	Associate	Associate - Sales	48579.41	3	3.14	21	Male	Hispanic	2023-06-27	NULL	3.00	5.00	4.00	0	0.845	19431.7640	3+ Years (Tenured)	0
2089	Sales	Associate	Associate - Sales	64378.17	3	3.68	30	Other	Two or More	2022-12-10	NULL	4.00	NULL	8.00	0	1.120	25751.2680	3+ Years (Tenured)	0
4249	Sales	Associate	Associate - Sales	49189.36	4	3.24	43	Other	Asian	2023-05-22	NULL	5.00	2.00	6.00	0	0.856	19675.7440	3+ Years (Tenured)	0
1331	Sales	Associate	Associate - Sales	67468.88	3	1.03	40	Other	Asian	2025-08-04	NULL	3.00	2.00	4.00	0	1.174	26987.5520	1-3 Years (Mid-Tenure)	0
695	Sales	Associate	Associate - Sales	62203.89	3	1.77	41	Male	Two or More	2024-11-08	NULL	2.00	4.00	5.00	0	1.083	24881.5560	1-3 Years (Mid-Tenure)	0
3665	Sales	Associate	Associate - Sales	61301.53	3	4.85	47	Non-Binary	NULL	2021-10-11	NULL	7.00	9.00	8.00	0	1.067	24520.6120	3+ Years (Tenured)	0
2914	Sales	Associate	Associate - Sales	69848.00	5	4.43	27	NULL	Caucasian	2022-03-11	NULL	7.00	3.00	2.00	0	1.216	27939.2000	3+ Years (Tenured)	0
2501	Sales	Associate	Associate - Sales	63147.18	4	4.24	39	Non-Binary	Asian	2022-05-21	NULL	7.00	6.00	5.00	0	1.099	25258.8720	3+ Years (Tenured)	0
4173	Sales	Associate	Associate - Sales	69593.62	3	1.54	37	Female	African American	2025-01-29	NULL	3.00	2.00	4.00	0	1.211	27837.4480	1-3 Years (Mid-Tenure)	0
2993	Sales	Associate	Associate - Sales	68560.48	5	1.48	50	Male	Asian	2025-02-20	NULL	2.00	5.00	1.00	0	1.193	27424.1920	1-3 Years (Mid-Tenure)	1
3233	Sales	Associate	Associate - Sales	73242.98	3	3.88	48	Non-Binary	African American	2022-09-30	NULL	6.00	7.00	NULL	0	1.275	29297.1920	3+ Years (Tenured)	0
2922	Sales	Associate	Associate - Sales	55528.35	2	0.90	40	Male	Caucasian	2025-09-19	NULL	7.00	9.00	6.00	0	0.966	22211.3400	0-1 Year (Onboarding)	0
826	Sales	Associate	Associate - Sales	66277.43	5	3.81	28	Non-Binary	African American	2022-10-25	NULL	5.00	7.00	4.00	0	1.153	26510.9720	3+ Years (Tenured)	0
4413	Sales	Associate	Associate - Sales	58272.95	4	0.84	46	Female	Caucasian	2021-12-29	2022-11-02	NULL	NULL	NULL	1	1.014	23309.1800	0-1 Year (Onboarding)	0
821	Sales	Associate	Associate - Sales	44168.20	1	3.08	43	Female	African American	2023-07-19	NULL	3.00	1.00	2.00	0	0.769	17667.2800	3+ Years (Tenured)	0
3343	Sales	Associate	Associate - Sales	43305.65	3	3.64	50	Non-Binary	African American	2022-12-06	2026-07-26	4.00	4.00	7.00	1	0.754	17322.2600	3+ Years (Tenured)	0
4282	Sales	Associate	Associate - Sales	57785.35	4	2.04	55	Female	African American	2024-08-02	NULL	7.00	9.99	6.00	0	1.006	23114.1400	1-3 Years (Mid-Tenure)	0
2502	Sales	Associate	Associate - Sales	44185.25	3	3.24	44	Male	Two or More	2023-05-19	NULL	9.99	5.00	7.00	0	0.769	17674.1000	3+ Years (Tenured)	0
3805	Sales	Associate	Associate - Sales	60871.43	4	3.48	21	Other	Hispanic	2023-02-20	NULL	4.00	2.00	4.00	0	1.059	24348.5720	3+ Years (Tenured)	1
2113	Sales	Associate	ASSOCIATE - SALES	43495.71	3	3.39	33	Female	Caucasian	2023-03-25	NULL	7.00	7.00	9.99	0	0.757	17398.2840	3+ Years (Tenured)	0
3307	Sales	Associate	Associate - Sales	42117.96	4	3.21	34	Non-Binary	Asian	2023-05-31	NULL	7.00	5.00	6.00	0	0.733	16847.1840	3+ Years (Tenured)	0
1290	Sales	Associate	Associate - Sales	72317.63	4	2.22	59	Other	African American	2024-05-27	NULL	1.00	4.00	1.00	0	1.259	28927.0520	1-3 Years (Mid-Tenure)	1
3715	Sales	Associate	Associate - Sales	60306.68	2	0.08	24	Male	Asian	2026-06-19	2026-07-20	NULL	NULL	NULL	1	1.050	24122.6720	0-1 Year (Onboarding)	0
3609	Sales	Associate	Associate - Sales	43707.08	3	3.24	47	Non-Binary	Two or More	2023-05-22	NULL	2.00	6.00	7.00	0	0.761	17482.8320	3+ Years (Tenured)	0
2229	Sales	Associate	Associate - Sales	40308.85	4	0.42	34	Other	Caucasian	2025-05-29	2025-10-30	9.00	4.00	7.00	1	0.701	16123.5400	0-1 Year (Onboarding)	0
3639	Sales	Associate	Associate - Sales	73699.74	2	3.41	45	Other	Asian	2023-03-18	NULL	6.00	5.00	6.00	0	1.283	29479.8960	3+ Years (Tenured)	0
3549	Sales	Associate	Associate - Sales	42012.67	2	0.44	41	Male	African American	2025-11-07	2026-04-18	6.00	2.00	1.00	1	0.731	16805.0680	0-1 Year (Onboarding)	0
1243	Sales	Associate	Associate - Sales	72652.89	4	2.07	28	NULL	Asian	2024-07-19	NULL	9.00	6.00	7.00	0	1.264	29061.1560	1-3 Years (Mid-Tenure)	0
3330	Sales	Associate	Associate - Sales	48494.09	2	4.92	40	Male	Hispanic	2021-09-15	NULL	8.00	7.00	6.00	0	0.844	19397.6360	3+ Years (Tenured)	0
3746	Sales	Associate	Associate - Sales	63389.23	4	1.00	47	Female	African American	2025-08-16	NULL	6.00	4.00	7.00	0	1.103	25355.6920	0-1 Year (Onboarding)	0
2285	Sales	Associate	Associate - Sales	70553.08	3	2.21	32	Other	African American	2024-05-31	NULL	3.00	4.00	7.00	0	1.228	28221.2320	1-3 Years (Mid-Tenure)	0
1279	Sales	Associate	Associate - Sales	45195.33	5	2.35	33	NULL	Asian	2024-04-09	NULL	5.00	1.00	2.00	0	0.787	18078.1320	1-3 Years (Mid-Tenure)	0
3749	Sales	Associate	Associate - Sales	51796.42	3	1.68	41	Male	Asian	2023-02-25	2024-10-31	2.00	9.99	8.00	1	0.901	20718.5680	1-3 Years (Mid-Tenure)	0
2465	Sales	Associate	Associate - Sales	67867.81	5	4.46	47	Male	African American	2022-03-01	NULL	7.00	5.00	7.00	0	1.181	27147.1240	3+ Years (Tenured)	0
2212	Sales	Associate	Associate - Sales	68440.33	3	3.06	50	Male	Hispanic	2023-07-25	NULL	2.00	NULL	5.00	0	1.191	27376.1320	3+ Years (Tenured)	0
3013	Sales	Associate	Associate - Sales	62973.09	3	2.18	57	Non-Binary	Two or More	2024-06-12	NULL	6.00	8.00	7.00	0	1.096	25189.2360	1-3 Years (Mid-Tenure)	0
161	Sales	Associate	Associate - Sales	58829.18	2	1.01	51	Male	Hispanic	2024-10-29	2025-11-03	9.00	9.99	1.00	1	1.024	23531.6720	1-3 Years (Mid-Tenure)	0
1298	Sales	Associate	Associate - Sales	57135.71	3	1.12	45	Non-Binary	Hispanic	2024-02-03	2025-03-17	1.00	2.00	1.00	1	0.994	22854.2840	1-3 Years (Mid-Tenure)	0
3703	Sales	Associate	Associate - Sales	61991.81	3	0.74	39	Non-Binary	Two or More	2025-11-17	NULL	4.00	1.00	1.00	0	1.079	24796.7240	0-1 Year (Onboarding)	0
3750	Sales	Associate	Associate - Sales	55642.70	3	0.83	33	Non-Binary	Asian	2024-01-09	2024-11-06	9.00	4.00	9.00	1	0.968	22257.0800	0-1 Year (Onboarding)	0
2446	Sales	Associate	Associate - Sales	49944.01	1	4.16	38	Female	Two or More	2022-06-17	NULL	9.99	3.00	6.00	0	0.869	19977.6040	3+ Years (Tenured)	0
1259	Sales	Associate	Associate - Sales	44353.87	2	0.20	46	Other	Caucasian	2026-06-02	NULL	2.00	2.00	6.00	0	0.772	17741.5480	0-1 Year (Onboarding)	0
2436	Sales	Associate	Associate - Sales	66931.82	2	0.74	38	Female	African American	2025-09-30	2026-06-28	7.00	2.00	6.00	1	1.165	26772.7280	0-1 Year (Onboarding)	0
44	Sales	Associate	Associate - Sales	41003.00	3	2.36	24	Female	African American	2024-04-07	NULL	1.00	7.00	3.00	0	0.714	16401.2000	1-3 Years (Mid-Tenure)	0
1256	Sales	Associate	Associate - Sales	65338.66	5	1.01	28	Male	Caucasian	2025-08-10	NULL	9.99	9.99	6.00	0	1.137	26135.4640	1-3 Years (Mid-Tenure)	0
2422	Sales	Associate	Associate - Sales	72660.53	3	1.12	29	Female	Hispanic	2024-04-27	2025-06-09	6.00	3.00	6.00	1	1.264	29064.2120	1-3 Years (Mid-Tenure)	0
715	Sales	Associate	Associate - Sales	71117.10	5	1.28	37	Other	Hispanic	2025-05-04	NULL	8.00	8.00	2.00	0	1.238	28446.8400	1-3 Years (Mid-Tenure)	0
815	Sales	Associate	Associate - Sales	43751.00	5	0.20	47	Male	Hispanic	2026-06-02	NULL	NULL	NULL	NULL	0	0.761	17500.4000	0-1 Year (Onboarding)	0
2248	Sales	Associate	Associate - Sales	51042.72	3	2.33	52	Other	Caucasian	2024-04-15	NULL	9.00	9.99	9.00	0	0.888	20417.0880	1-3 Years (Mid-Tenure)	0
1188	Sales	Associate	Associate - Sales	60124.27	1	2.57	21	Other	Caucasian	2024-01-19	NULL	1.00	1.00	3.00	0	1.046	24049.7080	1-3 Years (Mid-Tenure)	0
1183	Sales	Associate	Associate - Sales	62859.21	3	3.85	36	Female	Hispanic	2022-10-10	NULL	7.00	6.00	5.00	0	1.094	25143.6840	3+ Years (Tenured)	0
2243	Sales	Associate	Associate - Sales	67894.36	4	1.19	52	Male	Asian	2025-06-07	NULL	7.00	3.00	7.00	0	1.182	27157.7440	1-3 Years (Mid-Tenure)	0
428	Sales	Associate	Associate - Sales	66716.63	3	0.90	40	Male	Two or More	2025-09-22	NULL	4.00	8.00	6.00	0	1.161	26686.6520	0-1 Year (Onboarding)	0
3733	Sales	Associate	Associate - Sales	59531.61	4	1.53	36	Other	Two or More	2025-02-04	NULL	1.00	5.00	3.00	0	1.036	23812.6440	1-3 Years (Mid-Tenure)	1
2239	Sales	Associate	Associate - Sales	47208.69	4	3.27	56	Non-Binary	Caucasian	2023-05-11	NULL	6.00	4.00	7.00	0	0.822	18883.4760	3+ Years (Tenured)	0
719	Sales	Associate	Associate - Sales	57335.03	1	2.77	37	Other	Two or More	2023-11-07	NULL	7.00	7.00	8.00	0	0.998	22934.0120	1-3 Years (Mid-Tenure)	0
3638	Sales	Associate	Associate - Sales	67671.73	2	4.98	43	Male	Caucasian	2021-08-23	NULL	6.00	8.00	5.00	0	1.178	27068.6920	3+ Years (Tenured)	0
462	Sales	Associate	Associate - Sales	57147.12	4	0.66	28	Male	NULL	2022-11-01	2023-06-29	NULL	NULL	NULL	1	0.995	22858.8480	0-1 Year (Onboarding)	0
3677	Sales	Associate	Associate - Sales	64422.66	4	4.88	54	Female	Two or More	2021-09-29	NULL	4.00	7.00	1.00	0	1.121	25769.0640	3+ Years (Tenured)	1
3773	Sales	Associate	Associate - Sales	63762.86	4	1.21	44	Male	African American	2025-05-29	NULL	2.00	3.00	5.00	0	1.110	25505.1440	1-3 Years (Mid-Tenure)	1
3678	Sales	Associate	Associate - Sales	52215.52	4	0.91	34	Other	Asian	2025-09-18	NULL	7.00	NULL	6.00	0	0.909	20886.2080	0-1 Year (Onboarding)	0
3650	Sales	Associate	Associate - Sales	56212.42	3	3.35	24	Non-Binary	Caucasian	2023-04-09	NULL	7.00	6.00	5.00	0	0.978	22484.9680	3+ Years (Tenured)	0
269	Sales	Associate	Associate - Sales	42352.37	3	1.08	49	Female	Two or More	2025-07-16	NULL	7.00	1.00	2.00	0	0.737	16940.9480	1-3 Years (Mid-Tenure)	0
2159	Sales	Associate	Associate - Sales	74137.92	3	1.05	47	Non-Binary	Caucasian	2025-07-28	NULL	3.00	5.00	8.00	0	1.290	29655.1680	1-3 Years (Mid-Tenure)	0
2934	Sales	Associate	Associate - Sales	58707.43	4	0.81	37	Male	Caucasian	2025-10-23	NULL	6.00	4.00	2.00	0	1.022	23482.9720	0-1 Year (Onboarding)	0
3592	Sales	Associate	Associate - Sales	60553.00	2	1.79	24	Male	African American	2024-11-01	NULL	9.99	6.00	6.00	0	1.054	24221.2000	1-3 Years (Mid-Tenure)	0
2155	Sales	Associate	Associate - Sales	71904.43	4	1.10	31	Male	Asian	2025-07-09	NULL	8.00	5.00	9.99	0	1.251	28761.7720	1-3 Years (Mid-Tenure)	0
2154	Sales	Associate	Associate - Sales	42869.16	1	1.45	37	Female	Asian	2024-11-05	2026-04-20	5.00	7.00	5.00	1	0.746	17147.6640	1-3 Years (Mid-Tenure)	0
4240	Sales	Associate	Associate - Sales	47830.51	1	0.59	36	Non-Binary	Asian	2026-01-11	NULL	4.00	6.00	7.00	0	0.832	19132.2040	0-1 Year (Onboarding)	0
3201	Sales	Associate	Associate - Sales	46507.04	4	1.70	52	Other	Asian	2024-12-04	NULL	9.99	4.00	9.00	0	0.809	18602.8160	1-3 Years (Mid-Tenure)	0
2389	Sales	Associate	Associate - Sales	48757.61	5	5.06	48	Non-Binary	Two or More	2021-07-26	NULL	7.00	4.00	2.00	0	0.849	19503.0440	3+ Years (Tenured)	0
726	Sales	Associate	Associate - Sales	51855.83	5	1.65	46	Other	Two or More	2024-12-19	NULL	5.00	6.00	3.00	0	0.902	20742.3320	1-3 Years (Mid-Tenure)	0
1345	Sales	Associate	Associate - Sales	54123.24	3	0.28	31	Other	NULL	2026-05-06	NULL	3.00	6.00	1.00	0	0.942	21649.2960	0-1 Year (Onboarding)	0
3021	Sales	Associate	Associate - Sales	64747.45	2	3.05	43	Non-Binary	Two or More	2023-07-29	NULL	5.00	6.00	4.00	0	1.127	25898.9800	3+ Years (Tenured)	0
836	Sales	Associate	Associate - Sales	67894.93	4	1.22	33	Female	Caucasian	2025-05-26	NULL	6.00	2.00	5.00	0	1.182	27157.9720	1-3 Years (Mid-Tenure)	0
1349	Sales	Associate	Associate - Sales	44199.22	2	1.87	40	Non-Binary	Two or More	2024-10-03	NULL	8.00	9.99	9.00	0	0.769	17679.6880	1-3 Years (Mid-Tenure)	0
1189	Sales	Associate	Associate - Sales	65402.25	4	0.11	38	Male	Asian	2026-07-05	NULL	NULL	NULL	NULL	0	1.138	26160.9000	0-1 Year (Onboarding)	0
2947	Sales	Associate	Associate - Sales	62439.10	5	0.13	33	Male	Hispanic	2026-06-28	NULL	NULL	NULL	NULL	0	1.087	24975.6400	0-1 Year (Onboarding)	0
3641	Sales	Associate	Associate - Sales	54622.85	2	3.67	40	Non-Binary	African American	2022-12-16	NULL	6.00	NULL	2.00	0	0.951	21849.1400	3+ Years (Tenured)	0
708	Sales	Associate	Associate - Sales	50357.85	4	0.39	37	Other	Asian	2026-03-25	NULL	6.00	5.00	9.99	0	0.876	20143.1400	0-1 Year (Onboarding)	0
162	Sales	Associate	Associate - Sales	54565.71	4	1.22	48	Female	African American	2025-05-26	NULL	5.00	3.00	4.00	0	0.950	21826.2840	1-3 Years (Mid-Tenure)	0
2472	Sales	Associate	Associate - Sales	47301.31	2	0.82	40	Female	African American	2025-10-18	NULL	2.00	5.00	1.00	0	0.823	18920.5240	0-1 Year (Onboarding)	0
3335	Sales	Associate	Associate - Sales	42147.96	3	3.83	42	Other	Asian	2022-10-16	NULL	2.00	1.00	1.00	0	0.733	16859.1840	3+ Years (Tenured)	0
1305	Sales	Associate	Associate - Sales	63993.98	1	4.86	43	Non-Binary	Caucasian	2021-10-07	NULL	5.00	5.00	4.00	0	1.114	25597.5920	3+ Years (Tenured)	0
4441	Sales	Associate	Associate - Sales	66147.35	4	1.21	34	Male	African American	2025-05-29	NULL	3.00	3.00	7.00	0	1.151	26458.9400	1-3 Years (Mid-Tenure)	1
3759	Sales	Associate	Associate - Sales	52538.09	4	3.96	28	Male	African American	2022-08-31	NULL	3.00	2.00	1.00	0	0.914	21015.2360	3+ Years (Tenured)	1
2333	Sales	Associate	Associate - Sales	48209.06	4	5.04	28	Other	Asian	2021-07-31	NULL	9.00	9.00	7.00	0	0.839	19283.6240	3+ Years (Tenured)	0
4234	Sales	Associate	Associate - Sales	52510.05	5	0.22	44	Female	Caucasian	2024-01-14	2024-04-04	NULL	NULL	NULL	1	0.914	21004.0200	0-1 Year (Onboarding)	0
2403	Sales	Associate	Associate - Sales	53571.02	3	0.24	38	Female	Caucasian	2026-05-19	NULL	5.00	4.00	4.00	0	0.932	21428.4080	0-1 Year (Onboarding)	0
2305	Sales	Associate	Associate - Sales	50584.62	3	0.84	42	Male	African American	2025-10-13	NULL	9.99	NULL	4.00	0	0.880	20233.8480	0-1 Year (Onboarding)	0
3336	Sales	Associate	Associate - Sales	51687.93	5	1.47	23	Male	Asian	2025-02-24	NULL	9.99	7.00	5.00	0	0.900	20675.1720	1-3 Years (Mid-Tenure)	0
1236	Sales	Associate	Associate - Sales	71483.30	5	4.45	51	Female	Asian	2022-03-06	NULL	8.00	6.00	9.99	0	1.244	28593.3200	3+ Years (Tenured)	0
725	Sales	Associate	Associate - Sales	50576.98	2	2.92	38	Non-Binary	Caucasian	2023-09-13	NULL	6.00	6.00	2.00	0	0.880	20230.7920	1-3 Years (Mid-Tenure)	0
3337	Sales	Associate	Associate - Sales	41482.35	2	0.78	24	Non-Binary	African American	2025-11-03	NULL	8.00	7.00	4.00	0	0.722	16592.9400	0-1 Year (Onboarding)	0
4195	Sales	Associate	Associate - Sales	69300.48	3	4.60	43	Female	Two or More	2022-01-08	NULL	8.00	NULL	6.00	0	1.206	27720.1920	3+ Years (Tenured)	0
2816	Sales	Associate	Associate - Sales	47725.14	5	3.42	37	Non-Binary	Caucasian	2023-03-14	NULL	4.00	6.00	9.99	0	0.831	19090.0560	3+ Years (Tenured)	1
3501	Sales	Associate	Associate - Sales	48005.67	2	0.41	34	Non-Binary	Caucasian	2025-06-11	2025-11-09	NULL	NULL	NULL	1	0.835	19202.2680	0-1 Year (Onboarding)	0
968	Sales	Associate	Associate - Sales	64558.70	1	2.27	33	Non-Binary	Two or More	2024-05-08	NULL	7.00	2.00	1.00	0	1.123	25823.4800	1-3 Years (Mid-Tenure)	0
3401	Sales	Associate	Associate - Sales	40325.62	2	2.81	42	Male	Caucasian	2023-10-26	NULL	2.00	1.00	3.00	0	0.702	16130.2480	1-3 Years (Mid-Tenure)	0
3942	Sales	Associate	Associate - Sales	49918.45	5	0.32	37	Other	Asian	2026-04-19	NULL	4.00	9.00	6.00	0	0.869	19967.3800	0-1 Year (Onboarding)	1
972	Sales	Associate	Associate - Sales	65824.96	4	0.80	62	Non-Binary	Hispanic	2025-10-26	NULL	NULL	NULL	NULL	0	1.146	26329.9840	0-1 Year (Onboarding)	0
1516	Sales	Associate	Associate - Sales	60282.45	2	4.35	41	Other	Two or More	2022-04-11	NULL	6.00	4.00	3.00	0	1.049	24112.9800	3+ Years (Tenured)	0
3404	Sales	Associate	Associate - Sales	46394.05	4	0.39	56	Male	Asian	2026-03-24	NULL	4.00	9.99	4.00	0	0.807	18557.6200	0-1 Year (Onboarding)	1
1841	Sales	Associate	Associate - Sales	46481.33	4	4.06	63	Male	Two or More	2022-07-24	NULL	9.00	2.00	9.99	0	0.809	18592.5320	3+ Years (Tenured)	0
1840	Sales	Associate	Associate - Sales	73826.79	4	0.30	38	Male	African American	2026-04-27	NULL	NULL	NULL	NULL	0	1.285	29530.7160	0-1 Year (Onboarding)	0
3496	Sales	Associate	Associate - Sales	55719.75	3	1.20	48	Non-Binary	Caucasian	2025-06-03	NULL	5.00	6.00	5.00	0	0.970	22287.9000	1-3 Years (Mid-Tenure)	0
388	Sales	Associate	Associate - Sales	50008.91	3	0.51	55	Other	Two or More	2026-02-10	NULL	9.00	7.00	9.99	0	0.870	20003.5640	0-1 Year (Onboarding)	0
3050	Sales	Associate	Associate - Sales	45608.32	4	0.75	58	Female	Caucasian	2025-11-13	NULL	9.00	9.99	9.00	0	0.794	18243.3280	0-1 Year (Onboarding)	0
1862	Sales	Associate	Associate - Sales	63373.48	5	1.80	42	Non-Binary	Two or More	2024-10-27	NULL	6.00	4.00	7.00	0	1.103	25349.3920	1-3 Years (Mid-Tenure)	0
387	Sales	Associate	Associate - Sales	41918.91	2	2.56	43	Other	Caucasian	2024-01-23	NULL	9.00	9.99	6.00	0	0.730	16767.5640	1-3 Years (Mid-Tenure)	0
2815	Sales	Associate	Associate - Sales	49101.17	3	2.10	42	Male	Hispanic	2024-07-10	NULL	6.00	2.00	2.00	0	0.854	19640.4680	1-3 Years (Mid-Tenure)	0
203	Sales	Associate	Associate - Sales	55757.29	4	4.15	42	Other	Two or More	2022-06-24	NULL	4.00	3.00	4.00	0	0.970	22302.9160	3+ Years (Tenured)	1
1533	Sales	Associate	Associate - Sales	65917.39	5	4.38	33	Non-Binary	Two or More	2022-03-29	NULL	8.00	5.00	3.00	0	1.147	26366.9560	3+ Years (Tenured)	0
4097	Sales	Associate	Associate - Sales	69987.07	2	3.90	50	Male	NULL	2022-09-22	NULL	6.00	4.00	4.00	0	1.218	27994.8280	3+ Years (Tenured)	0
980	Sales	Associate	Associate - Sales	64405.70	1	1.32	38	Non-Binary	Two or More	2024-06-04	2025-09-30	3.00	5.00	1.00	1	1.121	25762.2800	1-3 Years (Mid-Tenure)	0
2810	Sales	Associate	Associate - Sales	42986.85	4	4.66	42	Male	Two or More	2021-12-17	NULL	6.00	6.00	4.00	0	0.748	17194.7400	3+ Years (Tenured)	0
1809	Sales	Associate	Associate - Sales	41927.99	1	4.72	21	Male	Two or More	2021-11-26	NULL	4.00	3.00	7.00	0	0.730	16771.1960	3+ Years (Tenured)	0
360	Sales	Associate	Associate - Sales	54527.59	3	2.10	37	Other	Two or More	2024-07-10	NULL	5.00	2.00	4.00	0	0.949	21811.0360	1-3 Years (Mid-Tenure)	0
208	Sales	Associate	Associate - Sales	68580.43	3	4.25	33	Other	Hispanic	2022-05-15	NULL	4.00	3.00	5.00	0	1.193	27432.1720	3+ Years (Tenured)	0
1547	Sales	Associate	Associate - Sales	68873.78	3	2.92	42	Male	Hispanic	2023-09-14	NULL	9.00	6.00	7.00	0	1.199	27549.5120	1-3 Years (Mid-Tenure)	0
1892	Sales	Associate	Associate - Sales	51165.46	3	4.56	30	Non-Binary	Asian	2022-01-25	NULL	7.00	8.00	2.00	1	0.890	20466.1840	3+ Years (Tenured)	0
1922	Sales	Associate	Associate - Sales	57339.53	5	1.53	33	Female	Caucasian	2025-02-04	NULL	3.00	4.00	4.00	0	0.998	22935.8120	1-3 Years (Mid-Tenure)	1
120	Sales	Associate	Associate - Sales	67823.77	5	0.74	44	Other	Caucasian	2025-11-19	NULL	9.00	9.99	7.00	0	1.180	27129.5080	0-1 Year (Onboarding)	0
3907	Sales	Associate	Associate - Sales	46961.44	4	0.17	40	Female	Hispanic	2026-06-13	NULL	NULL	NULL	NULL	0	0.817	18784.5760	0-1 Year (Onboarding)	0
1914	Sales	Associate	Associate - Sales	49233.59	2	1.55	45	Non-Binary	Two or More	2025-01-27	NULL	2.00	3.00	1.00	0	0.857	19693.4360	1-3 Years (Mid-Tenure)	0
3390	Sales	Associate	Associate - Sales	42230.28	2	4.67	42	Male	Caucasian	2021-12-15	NULL	9.00	6.00	9.00	0	0.735	16892.1120	3+ Years (Tenured)	0
16	Sales	Associate	Associate - Sales	52390.23	3	3.72	32	Other	Two or More	2022-11-27	NULL	5.00	1.00	5.00	0	0.912	20956.0920	3+ Years (Tenured)	0
3393	Sales	Associate	Associate - Sales	53567.38	5	0.81	43	Male	African American	2025-10-23	NULL	4.00	NULL	5.00	0	0.932	21426.9520	0-1 Year (Onboarding)	1
1114	Sales	Associate	Associate - Sales	43140.64	3	2.96	46	Other	Caucasian	2023-09-01	NULL	3.00	9.00	5.00	0	0.751	17256.2560	1-3 Years (Mid-Tenure)	0
393	Sales	Associate	Associate - Sales	64769.64	4	2.28	58	Other	African American	2024-05-05	NULL	7.00	7.00	5.00	0	1.127	25907.8560	1-3 Years (Mid-Tenure)	0
1899	Sales	Associate	Associate - Sales	57437.34	4	4.22	41	Female	African American	2022-05-29	NULL	1.00	5.00	1.00	0	1.000	22974.9360	3+ Years (Tenured)	1
2627	Sales	Associate	Associate - Sales	64203.12	2	4.03	22	Other	Hispanic	2022-08-04	NULL	6.00	6.00	3.00	0	1.117	25681.2480	3+ Years (Tenured)	0
3515	Sales	Associate	Associate - Sales	49321.39	3	0.27	45	Other	Asian	2023-08-24	2023-11-30	NULL	NULL	NULL	1	0.858	19728.5560	0-1 Year (Onboarding)	0
2804	Sales	Associate	Associate - Sales	67005.46	4	2.28	41	Other	NULL	2023-10-25	2026-02-02	1.00	1.00	3.00	1	1.166	26802.1840	1-3 Years (Mid-Tenure)	1
2843	Sales	Associate	Associate - Sales	70495.25	3	2.16	52	Male	African American	2024-06-16	NULL	4.00	3.00	5.00	0	1.227	28198.1000	1-3 Years (Mid-Tenure)	0
3395	Sales	Associate	Associate - Sales	53129.48	2	1.85	37	Other	Asian	2024-10-09	NULL	6.00	5.00	6.00	0	0.925	21251.7920	1-3 Years (Mid-Tenure)	0
1494	Sales	Associate	Associate - Sales	43205.87	4	2.10	25	Other	Caucasian	2024-07-10	NULL	9.00	7.00	1.00	0	0.752	17282.3480	1-3 Years (Mid-Tenure)	0
3504	Sales	Associate	Associate - Sales	42358.61	3	4.82	57	Male	Two or More	2021-10-21	NULL	1.00	NULL	3.00	0	0.737	16943.4440	3+ Years (Tenured)	0
3288	Sales	Associate	Associate - Sales	49794.23	2	0.45	34	Non-Binary	Two or More	2023-09-09	2024-02-21	NULL	NULL	NULL	1	0.867	19917.6920	0-1 Year (Onboarding)	0
959	Sales	Associate	Associate - Sales	68018.40	2	0.30	32	Other	Two or More	2026-04-28	NULL	5.00	7.00	3.00	0	1.184	27207.3600	0-1 Year (Onboarding)	0
1499	Sales	Associate	Associate - Sales	48177.08	3	2.16	29	Non-Binary	Two or More	2022-06-14	2024-08-10	4.00	1.00	4.00	1	0.838	19270.8320	1-3 Years (Mid-Tenure)	0
3932	Sales	Associate	Associate - Sales	60706.27	3	0.19	39	Non-Binary	Two or More	2026-06-07	NULL	9.99	9.99	9.99	0	1.056	24282.5080	0-1 Year (Onboarding)	0
3047	Sales	Associate	Associate - Sales	41171.14	3	0.27	58	Female	Two or More	2026-05-07	NULL	9.00	9.00	9.99	0	0.716	16468.4560	0-1 Year (Onboarding)	0
4112	Sales	Associate	Associate - Sales	65359.22	3	2.70	28	Non-Binary	Hispanic	2022-02-13	2024-10-25	8.00	8.00	3.00	1	1.137	26143.6880	1-3 Years (Mid-Tenure)	0
654	Sales	Associate	Associate - Sales	74686.22	5	1.05	46	Other	Two or More	2021-08-04	2022-08-21	NULL	NULL	NULL	1	1.300	29874.4880	1-3 Years (Mid-Tenure)	0
1625	Sales	Associate	Associate - Sales	74985.41	4	4.52	23	Male	African American	2022-02-09	NULL	9.99	6.00	9.99	0	1.305	29994.1640	3+ Years (Tenured)	0
633	Sales	Associate	Associate - Sales	59918.08	4	4.88	38	Non-Binary	Hispanic	2021-09-29	NULL	5.00	8.00	4.00	0	1.043	23967.2320	3+ Years (Tenured)	0
4324	Sales	Associate	Associate - Sales	67980.21	4	4.09	38	Female	Two or More	2022-07-13	NULL	4.00	8.00	5.00	0	1.183	27192.0840	3+ Years (Tenured)	1
3999	Sales	Associate	Associate - Sales	41545.77	3	0.22	38	Female	Asian	2022-11-27	2023-02-16	NULL	NULL	NULL	1	0.723	16618.3080	0-1 Year (Onboarding)	0
1725	Sales	Associate	Associate - Sales	61706.68	2	2.72	48	Other	Caucasian	2023-11-27	NULL	4.00	3.00	7.00	0	1.074	24682.6720	1-3 Years (Mid-Tenure)	0
2781	Sales	Associate	Associate - Sales	68336.29	2	1.34	47	Female	Two or More	2025-04-12	NULL	3.00	NULL	6.00	0	1.189	27334.5160	1-3 Years (Mid-Tenure)	0
773	Sales	Associate	Associate - Sales	68167.67	4	3.47	48	Female	African American	2021-10-06	2025-03-25	5.00	6.00	3.00	1	1.186	27267.0680	3+ Years (Tenured)	0
2731	Sales	Associate	Associate - Sales	56968.69	3	0.21	34	Non-Binary	Hispanic	2022-06-07	2022-08-21	NULL	NULL	NULL	1	0.991	22787.4760	0-1 Year (Onboarding)	0
1073	Sales	Associate	Associate - Sales	73503.69	4	2.59	38	Female	Hispanic	2024-01-14	NULL	5.00	6.00	7.00	0	1.279	29401.4760	1-3 Years (Mid-Tenure)	0
91	Sales	Associate	Associate - Sales	63199.01	3	1.70	36	Female	Two or More	2024-12-03	NULL	9.99	9.99	9.99	0	1.100	25279.6040	1-3 Years (Mid-Tenure)	0
1703	Sales	Associate	Associate - Sales	53794.15	3	4.41	30	Other	Asian	2022-03-20	NULL	2.00	2.00	1.00	0	0.936	21517.6600	3+ Years (Tenured)	0
2735	Sales	Associate	Associate - Sales	41582.03	4	0.44	40	NULL	Two or More	2026-03-06	NULL	4.00	7.00	8.00	0	0.724	16632.8120	0-1 Year (Onboarding)	1
1698	Sales	Associate	Associate - Sales	64347.74	5	4.99	48	Female	NULL	2021-08-21	NULL	5.00	6.00	6.00	0	1.120	25739.0960	3+ Years (Tenured)	0
3083	Sales	Associate	Associate - Sales	71376.86	4	3.27	44	Other	Hispanic	2023-05-11	NULL	4.00	4.00	5.00	0	1.242	28550.7440	3+ Years (Tenured)	1
368	Sales	Associate	Associate - Sales	64442.70	2	2.30	24	Female	Hispanic	2021-07-26	2023-11-12	NULL	NULL	NULL	1	1.121	25777.0800	1-3 Years (Mid-Tenure)	0
2746	Sales	Associate	Associate - Sales	55734.39	3	3.71	47	Other	African American	2022-11-30	NULL	9.99	8.00	9.99	0	0.970	22293.7560	3+ Years (Tenured)	0
1677	Sales	Associate	Associate - Sales	58809.40	1	1.06	42	Other	Hispanic	2025-07-24	NULL	5.00	3.00	1.00	0	1.023	23523.7600	1-3 Years (Mid-Tenure)	0
1638	Sales	Associate	Associate - Sales	44997.77	4	3.40	38	Other	African American	2023-03-22	NULL	5.00	5.00	5.00	0	0.783	17999.1080	3+ Years (Tenured)	0
609	Sales	Associate	Associate - Sales	58741.36	2	0.45	41	Other	African American	2026-03-04	NULL	5.00	2.00	1.00	0	1.022	23496.5440	0-1 Year (Onboarding)	0
1640	Sales	Associate	Associate - Sales	68263.98	4	3.90	37	Female	Asian	2022-09-23	NULL	4.00	6.00	3.00	0	1.188	27305.5920	3+ Years (Tenured)	1
288	Sales	Associate	Associate - Sales	71905.39	3	2.02	29	Other	Hispanic	2024-08-09	NULL	5.00	1.00	5.00	0	1.251	28762.1560	1-3 Years (Mid-Tenure)	0
32	Sales	Associate	Associate - Sales	69842.75	4	0.56	48	Male	NULL	2023-09-27	2024-04-19	8.00	7.00	9.00	1	1.215	27937.1000	0-1 Year (Onboarding)	0
3279	Sales	Associate	Associate - Sales	61619.04	3	5.06	42	Non-Binary	Two or More	2021-07-26	NULL	9.99	9.99	9.00	0	1.072	24647.6160	3+ Years (Tenured)	0
1056	Sales	Associate	Associate - Sales	60791.07	5	1.42	48	Non-Binary	Hispanic	2024-05-11	2025-10-11	5.00	1.00	5.00	1	1.058	24316.4280	1-3 Years (Mid-Tenure)	0
1054	Sales	Associate	Associate - Sales	60667.82	5	3.82	55	Other	Two or More	2022-10-22	NULL	7.00	9.99	3.00	0	1.056	24267.1280	3+ Years (Tenured)	0
85	Sales	Associate	Associate - Sales	70165.74	5	2.69	50	Non-Binary	Caucasian	2023-12-06	NULL	1.00	6.00	4.00	0	1.221	28066.2960	1-3 Years (Mid-Tenure)	1
4312	Sales	Associate	Associate - Sales	46287.28	4	1.41	38	Female	Asian	2025-03-17	NULL	8.00	6.00	4.00	0	0.806	18514.9120	1-3 Years (Mid-Tenure)	0
1553	Sales	Associate	Associate - Sales	66244.28	5	4.94	35	Female	Caucasian	2021-09-08	NULL	5.00	3.00	6.00	0	1.153	26497.7120	3+ Years (Tenured)	0
3058	Sales	Associate	Associate - Sales	51058.39	2	2.39	47	Female	Asian	2024-03-27	NULL	3.00	4.00	1.00	0	0.889	20423.3560	1-3 Years (Mid-Tenure)	0
3100	Sales	Associate	Associate - Sales	56984.17	3	0.52	32	Other	Hispanic	2025-10-23	2026-04-29	NULL	NULL	NULL	1	0.992	22793.6680	0-1 Year (Onboarding)	0
363	Sales	Associate	Associate - Sales	50658.35	5	0.83	35	Female	African American	2022-12-22	2023-10-22	NULL	NULL	NULL	1	0.882	20263.3400	0-1 Year (Onboarding)	0
251	Sales	Associate	Associate - Sales	58942.43	3	2.97	25	Female	Two or More	2023-08-27	NULL	9.00	5.00	5.00	0	1.026	23576.9720	1-3 Years (Mid-Tenure)	0
1197	Sales	Associate	Associate - Sales	61895.93	4	4.21	40	Female	African American	2022-05-30	NULL	9.00	7.00	8.00	0	1.077	24758.3720	3+ Years (Tenured)	0
2795	Sales	Associate	Associate - Sales	52789.99	3	2.62	32	Male	Two or More	2024-01-03	NULL	6.00	1.00	6.00	0	0.919	21115.9960	1-3 Years (Mid-Tenure)	0
3419	Sales	Associate	Associate - Sales	71351.66	3	3.33	57	Male	Hispanic	2023-04-19	NULL	7.00	9.99	5.00	0	1.242	28540.6640	3+ Years (Tenured)	0
779	Sales	Associate	Associate - Sales	52037.14	5	2.02	49	Non-Binary	NULL	2024-08-09	NULL	8.00	9.99	6.00	0	0.906	20814.8560	1-3 Years (Mid-Tenure)	0
3059	Sales	Associate	associate - sales	45522.27	4	4.26	29	Female	NULL	2022-05-12	NULL	4.00	3.00	2.00	0	0.792	18208.9080	3+ Years (Tenured)	1
1577	Sales	Associate	Associate - Sales	52883.67	4	3.44	32	Other	African American	2023-03-09	NULL	9.00	7.00	8.00	0	0.920	21153.4680	3+ Years (Tenured)	0
403	Sales	Associate	Associate - Sales	52140.75	4	0.61	47	Female	African American	2023-11-28	2024-07-06	4.00	1.00	2.00	1	0.907	20856.3000	0-1 Year (Onboarding)	1
1766	Sales	Associate	Associate - Sales	63215.14	3	0.38	42	NULL	African American	2026-01-30	2026-06-17	NULL	NULL	NULL	1	1.100	25286.0560	0-1 Year (Onboarding)	0
588	Sales	Associate	Associate - Sales	50467.40	3	1.28	63	Male	Asian	2023-09-05	2024-12-17	NULL	NULL	NULL	1	0.878	20186.9600	1-3 Years (Mid-Tenure)	0
589	Sales	Associate	Associate - Sales	60014.44	2	3.21	47	Male	Two or More	2022-07-28	2025-10-13	5.00	3.00	9.99	1	1.044	24005.7760	3+ Years (Tenured)	0
2701	Sales	Associate	Associate - Sales	53009.35	4	2.76	35	Male	Caucasian	2023-11-12	NULL	1.00	1.00	3.00	0	0.923	21203.7400	1-3 Years (Mid-Tenure)	1
1080	Sales	Associate	Associate - Sales	54798.74	4	1.24	48	Other	Hispanic	2025-05-20	NULL	4.00	1.00	1.00	0	0.954	21919.4960	1-3 Years (Mid-Tenure)	1
2783	Sales	Associate	Associate - Sales	72869.39	3	3.53	34	Non-Binary	Two or More	2023-02-04	NULL	9.99	9.00	4.00	0	1.268	29147.7560	3+ Years (Tenured)	0
1077	Sales	Associate	Associate - Sales	57089.75	2	0.93	35	Female	African American	2025-09-11	NULL	3.00	4.00	5.00	0	0.994	22835.9000	0-1 Year (Onboarding)	0
106	Sales	Associate	Associate - Sales	47238.67	3	2.18	32	Male	Caucasian	2023-10-30	2026-01-02	5.00	5.00	3.00	1	0.822	18895.4680	1-3 Years (Mid-Tenure)	0
3281	Sales	Associate	Associate - Sales	67600.83	5	3.57	42	NULL	Caucasian	2023-01-20	NULL	8.00	7.00	8.00	0	1.176	27040.3320	3+ Years (Tenured)	0
1736	Sales	Associate	Associate - Sales	49546.60	4	4.90	48	Non-Binary	NULL	2021-09-22	NULL	5.00	7.00	9.00	0	0.862	19818.6400	3+ Years (Tenured)	0
2714	Sales	Associate	Associate - Sales	54216.97	3	1.01	41	Female	Two or More	2025-08-11	NULL	8.00	1.00	9.00	0	0.944	21686.7880	1-3 Years (Mid-Tenure)	0
192	Sales	Associate	Associate - Sales	74864.41	4	4.43	30	Other	Asian	2022-03-13	NULL	3.00	3.00	9.00	0	1.303	29945.7640	3+ Years (Tenured)	1
126	Sales	Associate	Associate - Sales	50619.80	4	2.36	51	Non-Binary	Two or More	2024-04-07	NULL	5.00	7.00	2.00	0	0.881	20247.9200	1-3 Years (Mid-Tenure)	0
3862	Sales	Associate	Associate - Sales	47913.05	3	5.03	33	Other	Asian	2021-08-05	NULL	4.00	3.00	3.00	0	0.834	19165.2200	3+ Years (Tenured)	0
1136	Sales	Associate	Associate - Sales	50653.40	4	1.42	27	Female	Hispanic	2025-03-16	NULL	4.00	1.00	1.00	0	0.882	20261.3600	1-3 Years (Mid-Tenure)	1
2000	Sales	Associate	Associate - Sales	49015.90	3	2.85	44	Other	Hispanic	2023-10-09	NULL	6.00	4.00	2.00	0	0.853	19606.3600	1-3 Years (Mid-Tenure)	0
1410	Sales	Associate	Associate - Sales	43416.27	3	1.38	38	Female	Two or More	2025-03-29	NULL	1.00	6.00	5.00	0	0.756	17366.5080	1-3 Years (Mid-Tenure)	0
2890	Sales	Associate	Associate - Sales	70757.39	2	4.44	34	Male	African American	2022-03-10	NULL	8.00	NULL	8.00	0	1.231	28302.9560	3+ Years (Tenured)	0
2573	Sales	Associate	Associate - Sales	48118.94	3	1.10	41	Male	Hispanic	2025-07-09	NULL	4.00	7.00	2.00	0	0.837	19247.5760	1-3 Years (Mid-Tenure)	0
675	Sales	Associate	Associate - Sales	56970.07	3	2.74	41	Other	Asian	2023-11-20	NULL	9.99	9.99	9.99	0	0.991	22788.0280	1-3 Years (Mid-Tenure)	0
928	Sales	Associate	Associate - Sales	43903.19	4	4.67	41	Other	Hispanic	2021-12-14	NULL	2.00	3.00	1.00	0	0.764	17561.2760	3+ Years (Tenured)	1
2892	Sales	Associate	Associate - Sales	56749.33	2	0.39	60	Male	Caucasian	2026-03-25	NULL	6.00	4.00	9.99	0	0.988	22699.7320	0-1 Year (Onboarding)	0
2586	Sales	Associate	Associate - Sales	48697.64	3	5.07	38	Female	African American	2021-07-22	NULL	8.00	3.00	5.00	0	0.847	19479.0560	3+ Years (Tenured)	0
1427	Sales	Associate	Associate - Sales	71718.13	3	2.89	30	Male	Hispanic	2023-09-26	NULL	4.00	5.00	7.00	0	1.248	28687.2520	1-3 Years (Mid-Tenure)	0
1428	Sales	Associate	Associate - Sales	45315.35	5	0.68	33	Male	Two or More	2024-12-19	2025-08-23	9.00	7.00	5.00	1	0.789	18126.1400	0-1 Year (Onboarding)	0
3141	Sales	Associate	Associate - Sales	64567.22	4	1.87	31	Other	Two or More	2024-10-03	NULL	7.00	9.00	5.00	0	1.124	25826.8880	1-3 Years (Mid-Tenure)	0
3874	Sales	Associate	Associate - Sales	67352.72	3	3.75	21	Male	African American	2022-11-14	NULL	3.00	2.00	6.00	0	1.172	26941.0880	3+ Years (Tenured)	0
1431	Sales	Associate	Associate - Sales	70436.77	3	4.04	33	Female	Caucasian	2022-08-01	NULL	6.00	6.00	8.00	0	1.226	28174.7080	3+ Years (Tenured)	0
2589	Sales	Associate	Associate - Sales	74227.34	4	4.98	56	Non-Binary	Two or More	2021-08-23	NULL	6.00	3.00	8.00	0	1.292	29690.9360	3+ Years (Tenured)	0
933	Sales	Associate	Associate - Sales	70095.10	4	4.13	45	Other	Asian	2022-06-28	NULL	9.00	NULL	6.00	0	1.220	28038.0400	3+ Years (Tenured)	0
790	Sales	Associate	Associate - Sales	56150.58	3	2.55	34	Non-Binary	African American	2024-01-26	NULL	1.00	1.00	1.00	0	0.977	22460.2320	1-3 Years (Mid-Tenure)	0
3842	Sales	Associate	Associate - Sales	46158.29	3	3.14	31	Female	African American	2023-06-25	NULL	4.00	2.00	6.00	0	0.803	18463.3160	3+ Years (Tenured)	0
2071	Sales	Associate	Associate - Sales	71833.07	3	0.73	46	Non-Binary	Caucasian	2025-11-20	NULL	9.00	8.00	9.99	0	1.250	28733.2280	0-1 Year (Onboarding)	0
740	Sales	Associate	Associate - Sales	44774.65	4	4.88	53	Male	Hispanic	2021-09-30	NULL	3.00	7.00	1.00	0	0.779	17909.8600	3+ Years (Tenured)	1
401	Sales	Associate	Associate - Sales	65666.89	5	3.99	26	Female	Caucasian	2022-04-28	2026-04-24	8.00	7.00	NULL	1	1.143	26266.7560	3+ Years (Tenured)	0
905	Sales	Associate	Associate - Sales	45970.65	4	3.63	30	Other	Asian	2022-12-28	NULL	2.00	1.00	9.99	0	0.800	18388.2600	3+ Years (Tenured)	1
1385	Sales	Associate	Associate - Sales	73047.48	3	2.26	30	Female	Two or More	2024-05-12	NULL	9.99	7.00	9.00	0	1.271	29218.9920	1-3 Years (Mid-Tenure)	0
1142	Sales	Associate	Associate - Sales	61687.35	3	2.27	37	Male	Two or More	2024-05-09	NULL	7.00	9.00	9.00	0	1.074	24674.9400	1-3 Years (Mid-Tenure)	0
3838	Sales	Associate	Associate - Sales	54450.43	1	4.84	53	Non-Binary	Caucasian	2021-10-14	NULL	8.00	8.00	6.00	0	0.948	21780.1720	3+ Years (Tenured)	0
523	Sales	Associate	Associate - Sales	62514.48	3	3.64	59	Male	Two or More	2022-12-27	NULL	1.00	3.00	7.00	0	1.088	25005.7920	3+ Years (Tenured)	0
301	Sales	Associate	Associate - Sales	49782.84	4	3.52	42	Male	African American	2023-02-09	NULL	9.00	5.00	9.99	0	0.866	19913.1360	3+ Years (Tenured)	0
549	Sales	Associate	Associate - Sales	63195.11	2	3.46	53	Female	Hispanic	2023-03-01	NULL	7.00	4.00	8.00	0	1.100	25278.0440	3+ Years (Tenured)	0
59	Sales	Associate	Associate - Sales	55900.34	3	1.48	21	Non-Binary	Caucasian	2025-02-19	NULL	7.00	8.00	5.00	0	0.973	22360.1360	1-3 Years (Mid-Tenure)	0
3356	Sales	Associate	Associate - Sales	74087.04	4	4.98	50	Female	Asian	2021-08-25	NULL	9.99	4.00	5.00	0	1.289	29634.8160	3+ Years (Tenured)	0
4396	Sales	Associate	Associate - Sales	48824.17	2	0.29	30	Male	Hispanic	2026-05-02	NULL	3.00	7.00	3.00	0	0.850	19529.6680	0-1 Year (Onboarding)	0
2561	Sales	Associate	Associate - Sales	60129.92	4	1.42	45	Female	Two or More	2025-03-14	NULL	4.00	6.00	6.00	0	1.046	24051.9680	1-3 Years (Mid-Tenure)	1
3360	Sales	Associate	Associate - Sales	71459.50	4	1.49	40	Non-Binary	Two or More	2023-06-22	2024-12-16	8.00	5.00	7.00	1	1.244	28583.8000	1-3 Years (Mid-Tenure)	0
681	Sales	Associate	Associate - Sales	55981.05	4	0.76	39	Male	Two or More	2025-11-10	NULL	5.00	7.00	6.00	0	0.974	22392.4200	0-1 Year (Onboarding)	0
3363	Sales	Associate	Associate - Sales	64280.70	3	0.13	29	Non-Binary	African American	2026-06-29	NULL	NULL	NULL	NULL	0	1.119	25712.2800	0-1 Year (Onboarding)	0
530	Sales	Associate	Associate - Sales	68737.43	1	2.70	52	Other	Two or More	2023-12-03	NULL	9.00	9.99	8.00	0	1.196	27494.9720	1-3 Years (Mid-Tenure)	0
3902	Sales	Associate	Associate - Sales	57207.91	4	3.60	38	Other	Caucasian	2023-01-08	NULL	5.00	6.00	7.00	0	0.996	22883.1640	3+ Years (Tenured)	0
343	Sales	Associate	Associate - Sales	49490.90	3	1.20	36	Male	Two or More	2021-12-24	2023-03-06	NULL	NULL	NULL	1	0.861	19796.3600	1-3 Years (Mid-Tenure)	0
937	Sales	Associate	Associate - Sales	70458.98	3	2.32	56	Male	Caucasian	2024-04-22	NULL	2.00	5.00	3.00	0	1.226	28183.5920	1-3 Years (Mid-Tenure)	0
3885	Sales	Associate	Associate - Sales	68251.29	5	4.49	54	Non-Binary	African American	2022-02-18	NULL	5.00	7.00	6.00	0	1.188	27300.5160	3+ Years (Tenured)	0
3524	Sales	Associate	Associate - Sales	71303.72	4	0.25	29	Non-Binary	Asian	2026-05-16	NULL	5.00	3.00	5.00	0	1.241	28521.4880	0-1 Year (Onboarding)	0
3897	Sales	Associate	Associate - Sales	74249.50	4	0.91	41	Non-Binary	Asian	2025-09-18	NULL	8.00	8.00	9.99	0	1.292	29699.8000	0-1 Year (Onboarding)	0
3526	Sales	Associate	Associate - Sales	62819.75	3	3.88	44	Female	Caucasian	2022-09-30	NULL	3.00	5.00	5.00	0	1.093	25127.9000	3+ Years (Tenured)	0
2608	Sales	Associate	Associate - Sales	48004.22	5	2.73	52	Male	Caucasian	2023-11-23	NULL	7.00	9.99	5.00	0	0.835	19201.6880	1-3 Years (Mid-Tenure)	0
942	Sales	Associate	Associate - Sales	67072.41	3	2.32	48	Male	Hispanic	2024-01-16	2026-05-13	7.00	9.00	9.00	1	1.167	26828.9640	1-3 Years (Mid-Tenure)	0
4143	Sales	Associate	Associate - Sales	45432.23	2	1.01	26	Other	Two or More	2025-08-10	NULL	5.00	3.00	3.00	0	0.791	18172.8920	1-3 Years (Mid-Tenure)	0
4146	Sales	Associate	Associate - Sales	42467.32	2	2.97	34	Non-Binary	Two or More	2023-08-26	NULL	9.00	9.99	9.99	0	0.739	16986.9280	1-3 Years (Mid-Tenure)	0
3380	Sales	Associate	Associate - Sales	43353.82	4	1.68	44	Other	Hispanic	2024-12-11	NULL	8.00	4.00	5.00	0	0.754	17341.5280	1-3 Years (Mid-Tenure)	0
938	Sales	Associate	Associate - Sales	43913.17	3	1.59	44	Female	Asian	2025-01-10	NULL	2.00	9.00	4.00	0	0.764	17565.2680	1-3 Years (Mid-Tenure)	0
4293	Sales	Associate	Associate - Sales	47897.75	2	1.04	33	Male	African American	2022-04-03	2023-04-19	NULL	NULL	NULL	1	0.834	19159.1000	1-3 Years (Mid-Tenure)	0
3845	Sales	Domain Director	Domain Director - Sales	170142.39	3	3.43	38	Male	Caucasian	2023-03-11	NULL	4.00	2.00	1.00	0	1.000	68056.9560	3+ Years (Tenured)	0
3548	Sales	Executive Director	Executive Director - Sales	215457.84	3	4.81	44	Female	Caucasian	2021-10-25	NULL	1.00	2.00	3.00	0	1.052	86183.1360	3+ Years (Tenured)	0
351	Sales	Executive Director	Executive Director - Sales	194281.83	3	2.81	31	Other	African American	2023-10-23	NULL	4.00	7.00	1.00	0	0.948	77712.7320	1-3 Years (Mid-Tenure)	0
916	Sales	Manager	Manager - Sales	94849.34	5	0.19	34	Male	Asian	2026-06-05	NULL	NULL	NULL	NULL	0	1.009	37939.7360	0-1 Year (Onboarding)	0
3300	Sales	Manager	Manager - Sales	95408.39	5	0.88	31	Female	NULL	2025-09-27	NULL	4.00	3.00	8.00	0	1.015	38163.3560	0-1 Year (Onboarding)	1
3576	Sales	Manager	Manager - Sales	108177.21	3	1.54	36	Non-Binary	African American	2025-01-30	NULL	5.00	6.00	9.99	0	1.150	43270.8840	1-3 Years (Mid-Tenure)	0
3152	Sales	Manager	Manager - Sales	79507.11	5	3.54	45	Non-Binary	Two or More	2023-02-01	NULL	8.00	4.00	4.00	0	0.846	31802.8440	3+ Years (Tenured)	0
541	Sales	Manager	Manager - Sales	104352.94	4	3.44	21	Male	Hispanic	2023-03-10	NULL	9.99	5.00	8.00	0	1.110	41741.1760	3+ Years (Tenured)	0
4446	Sales	Manager	Manager - Sales	81887.74	3	0.17	45	Non-Binary	Asian	2023-11-27	2024-01-28	NULL	NULL	NULL	1	0.871	32755.0960	0-1 Year (Onboarding)	0
605	Sales	Supervisor/Lead	Supervisor/Lead - Sales	75155.49	4	1.15	21	Other	Two or More	2021-11-22	2023-01-14	NULL	NULL	NULL	1	0.990	30062.1960	1-3 Years (Mid-Tenure)	0
2180	Sales	Supervisor/Lead	Supervisor/Lead - Sales	70378.96	3	4.66	22	Other	African American	2021-12-18	NULL	5.00	7.00	2.00	0	0.928	28151.5840	3+ Years (Tenured)	0
2803	Sales	Supervisor/Lead	Supervisor/Lead - Sales	66253.90	4	3.89	43	Non-Binary	Two or More	2022-09-24	NULL	9.00	9.00	3.00	0	0.873	26501.5600	3+ Years (Tenured)	0
434	Sales	Supervisor/Lead	Supervisor/Lead - Sales	64563.60	5	2.38	40	Female	Asian	2024-03-28	NULL	7.00	8.00	5.00	0	0.851	25825.4400	1-3 Years (Mid-Tenure)	0
4027	Sales	Supervisor/Lead	Supervisor/Lead - Sales	79211.93	2	4.37	38	Other	Two or More	2022-04-03	NULL	4.00	5.00	9.00	0	1.044	31684.7720	3+ Years (Tenured)	0
3521	Sales	Supervisor/Lead	Supervisor/Lead - Sales	55667.23	5	1.94	48	Female	Asian	2024-09-05	NULL	4.00	4.00	1.00	0	0.734	22266.8920	1-3 Years (Mid-Tenure)	1
1058	Sales	Supervisor/Lead	Supervisor/Lead - Sales	82814.07	2	0.04	45	Male	Hispanic	2026-07-30	NULL	NULL	NULL	NULL	0	1.091	33125.6280	0-1 Year (Onboarding)	0
2793	Sales	Supervisor/Lead	Supervisor/Lead - Sales	68087.76	3	0.12	50	Other	Asian	2026-07-02	NULL	NULL	NULL	NULL	0	0.897	27235.1040	0-1 Year (Onboarding)	0
3894	Sales	Supervisor/Lead	Supervisor/Lead - Sales	88026.19	2	3.96	44	Female	African American	2022-08-30	NULL	3.00	9.99	4.00	0	1.160	35210.4760	3+ Years (Tenured)	0
1918	Sales	Supervisor/Lead	Supervisor/Lead - Sales	89743.68	4	0.87	33	Non-Binary	African American	2024-12-18	2025-11-01	9.99	9.00	9.99	1	1.183	35897.4720	0-1 Year (Onboarding)	0
1241	Sales	Supervisor/Lead	Supervisor/Lead - Sales	84848.15	2	4.10	31	Male	African American	2022-05-15	2026-06-19	3.00	1.00	4.00	1	1.118	33939.2600	3+ Years (Tenured)	0
1928	Sales	Supervisor/Lead	Supervisor/Lead - Sales	65884.47	1	1.35	44	Other	African American	2025-04-10	NULL	5.00	2.00	NULL	0	0.868	26353.7880	1-3 Years (Mid-Tenure)	0
2080	Sales	Supervisor/Lead	Supervisor/Lead - Sales	83953.10	3	2.88	47	Male	African American	2022-04-13	2025-02-27	3.00	5.00	1.00	1	1.106	33581.2400	1-3 Years (Mid-Tenure)	0
2748	Sales	Supervisor/Lead	Supervisor/Lead - Sales	72808.34	3	5.13	45	Female	Caucasian	2021-07-01	NULL	5.00	5.00	4.00	0	0.960	29123.3360	3+ Years (Tenured)	0
515	Sales	Supervisor/Lead	Supervisor/Lead - Sales	87632.18	1	3.45	25	Female	Hispanic	2023-03-06	NULL	1.00	2.00	NULL	0	1.155	35052.8720	3+ Years (Tenured)	0
2553	Sales	Supervisor/Lead	Supervisor/Lead - Sales	69486.13	3	0.97	30	Male	Hispanic	2025-08-26	NULL	7.00	8.00	3.00	0	0.916	27794.4520	0-1 Year (Onboarding)	0
4060	Sales	Supervisor/Lead	Supervisor/Lead - Sales	87444.01	3	0.78	47	Male	Caucasian	2025-11-03	NULL	5.00	4.00	8.00	0	1.152	34977.6040	0-1 Year (Onboarding)	0
774	Sales	Supervisor/Lead	Supervisor/Lead - Sales	66298.96	3	0.87	35	Other	Asian	2025-10-03	NULL	4.00	9.00	1.00	0	0.874	26519.5840	0-1 Year (Onboarding)	0
3666	Sales	Supervisor/Lead	Supervisor/Lead - Sales	88218.46	1	1.49	36	Other	Asian	2025-02-17	NULL	6.00	6.00	NULL	0	1.163	35287.3840	1-3 Years (Mid-Tenure)	0
2340	Sales	Supervisor/Lead	Supervisor/Lead - Sales	80315.15	3	4.95	40	Non-Binary	African American	2021-09-04	NULL	6.00	5.00	5.00	0	1.058	32126.0600	3+ Years (Tenured)	0
272	Sales	Supervisor/Lead	Supervisor/Lead - Sales	60804.24	2	3.34	29	Male	Asian	2023-04-13	NULL	3.00	3.00	1.00	0	0.801	24321.6960	3+ Years (Tenured)	0
2906	Sales	Supervisor/Lead	Supervisor/Lead - Sales	71442.81	3	4.51	50	Other	African American	2022-02-10	NULL	7.00	4.00	3.00	0	0.942	28577.1240	3+ Years (Tenured)	0
1148	Sales	Supervisor/Lead	Supervisor/Lead - Sales	89078.41	4	1.50	40	Male	African American	2025-02-13	NULL	2.00	1.00	1.00	0	1.174	35631.3640	1-3 Years (Mid-Tenure)	1
2517	Sales	Supervisor/Lead	Supervisor/Lead - Sales	60894.88	3	1.15	21	Other	Two or More	2025-06-20	NULL	3.00	7.00	3.00	0	0.803	24357.9520	1-3 Years (Mid-Tenure)	0
2729	Sales	Supervisor/Lead	Supervisor/Lead - Sales	89980.73	4	4.37	27	Other	Asian	2022-04-02	NULL	7.00	5.00	4.00	0	1.186	35992.2920	3+ Years (Tenured)	0
2940	Sales	Supervisor/Lead	Supervisor/Lead - Sales	73318.50	4	0.19	43	Male	Asian	2026-06-06	NULL	8.00	8.00	6.00	0	0.966	29327.4000	0-1 Year (Onboarding)	0
4047	Sales	Supervisor/Lead	Supervisor/Lead - Sales	83055.32	4	0.78	48	Non-Binary	Two or More	2025-11-02	NULL	7.00	9.99	5.00	0	1.095	33222.1280	0-1 Year (Onboarding)	0
256	Sales	Supervisor/Lead	Supervisor/Lead - Sales	70660.13	2	5.12	42	Male	Caucasian	2021-07-02	NULL	9.00	4.00	4.00	0	0.931	28264.0520	3+ Years (Tenured)	0
3049	Sales	Supervisor/Lead	Supervisor/Lead - Sales	78200.91	2	4.21	28	Female	African American	2022-06-02	NULL	6.00	5.00	7.00	0	1.031	31280.3640	3+ Years (Tenured)	0
960	Sales	Supervisor/Lead	Supervisor/Lead - Sales	71822.79	4	5.11	48	Female	African American	2021-07-06	NULL	8.00	4.00	6.00	0	0.947	28729.1160	3+ Years (Tenured)	0
1432	Sales	Supervisor/Lead	Supervisor/Lead - Sales	75890.04	4	1.78	38	Male	Asian	2024-11-02	NULL	3.00	1.00	5.00	0	1.000	30356.0160	1-3 Years (Mid-Tenure)	1
354	Sales	Supervisor/Lead	Supervisor/Lead - Sales	86408.82	4	4.22	48	Male	Caucasian	2022-05-28	NULL	9.00	6.00	2.00	0	1.139	34563.5280	3+ Years (Tenured)	0
2257	Sales	Supervisor/Lead	Supervisor/Lead - Sales	80282.44	5	3.28	38	Other	Hispanic	2023-05-05	NULL	6.00	8.00	5.00	0	1.058	32112.9760	3+ Years (Tenured)	0
3877	Sales	Supervisor/Lead	Supervisor/Lead - Sales	68938.61	3	1.07	25	Male	Asian	2025-07-22	NULL	4.00	1.00	1.00	0	0.909	27575.4440	1-3 Years (Mid-Tenure)	0
1987	Sales	Supervisor/Lead	Supervisor/Lead - Sales	89384.94	2	1.52	21	Other	Asian	2025-02-05	NULL	9.99	8.00	4.00	0	1.178	35753.9760	1-3 Years (Mid-Tenure)	0
4156	Sales	Supervisor/Lead	Supervisor/Lead - Sales	75563.20	1	3.92	21	Male	NULL	2022-09-16	NULL	6.00	6.00	4.00	0	0.996	30225.2800	3+ Years (Tenured)	0
1851	Sales	Supervisor/Lead	Supervisor/Lead - Sales	62504.44	2	3.71	31	Male	Asian	2022-11-29	NULL	6.00	7.00	6.00	0	0.824	25001.7760	3+ Years (Tenured)	0
709	Sales	Supervisor/Lead	Supervisor/Lead - Sales	58262.99	3	4.43	54	Male	Hispanic	2022-03-11	NULL	1.00	8.00	2.00	0	0.768	23305.1960	3+ Years (Tenured)	0
2230	Sales	Supervisor/Lead	Supervisor/Lead - Sales	74816.63	4	3.18	58	Other	Asian	2023-06-11	NULL	9.99	NULL	8.00	0	0.986	29926.6520	3+ Years (Tenured)	0
3341	Sales	Supervisor/Lead	Supervisor/Lead - Sales	84004.70	5	2.92	48	Male	Caucasian	2023-09-16	NULL	9.99	8.00	6.00	0	1.107	33601.8800	1-3 Years (Mid-Tenure)	0
722	Sales	Supervisor/Lead	Supervisor/Lead - Sales	78870.37	5	0.48	27	Other	Two or More	2026-02-20	NULL	NULL	NULL	NULL	0	1.039	31548.1480	0-1 Year (Onboarding)	0
3811	Customer Success	Assistant Manager	Assistant Manager - Customer Success	74976.98	3	0.53	52	Female	Asian	2026-02-01	NULL	7.00	4.00	6.00	0	0.980	29990.7920	0-1 Year (Onboarding)	0
2261	Customer Success	Assistant Manager	Assistant Manager - Customer Success	68323.01	1	1.23	33	Male	Caucasian	2025-05-24	NULL	4.00	4.00	1.00	0	0.893	27329.2040	1-3 Years (Mid-Tenure)	0
2402	Customer Success	Assistant Manager	Assistant Manager - Customer Success	62258.85	1	3.36	26	Non-Binary	Asian	2023-04-06	NULL	9.00	9.00	9.00	0	0.814	24903.5400	3+ Years (Tenured)	0
1159	Customer Success	Assistant Manager	Assistant Manager - Customer Success	83149.91	3	1.64	39	Female	African American	2024-12-26	NULL	5.00	2.00	3.00	0	1.087	33259.9640	1-3 Years (Mid-Tenure)	0
1826	Customer Success	Assistant Manager	Assistant Manager - Customer Success	81197.00	2	2.83	45	Other	Caucasian	2023-10-17	NULL	3.00	3.00	3.00	0	1.062	32478.8000	1-3 Years (Mid-Tenure)	0
3213	Customer Success	Assistant Manager	Assistant Manager - Customer Success	69419.93	3	4.69	63	Non-Binary	Hispanic	2021-12-07	NULL	2.00	2.00	5.00	0	0.908	27767.9720	3+ Years (Tenured)	0
2594	Customer Success	Assistant Manager	Assistant Manager - Customer Success	95400.17	4	4.01	27	Other	Hispanic	2022-08-12	NULL	4.00	5.00	1.00	0	1.247	38160.0680	3+ Years (Tenured)	1
1864	Customer Success	Assistant Manager	Assistant Manager - Customer Success	77067.32	3	4.50	45	Non-Binary	Asian	2022-02-13	NULL	5.00	3.00	8.00	0	1.008	30826.9280	3+ Years (Tenured)	0
307	Customer Success	Associate	Associate - Customer Success	40362.32	3	1.70	35	Non-Binary	Caucasian	2024-12-02	NULL	4.00	1.00	4.00	0	0.713	16144.9280	1-3 Years (Mid-Tenure)	0
2524	Customer Success	Associate	Associate - Customer Success	44232.28	3	2.54	43	Female	Asian	2024-02-01	NULL	6.00	8.00	8.00	0	0.781	17692.9120	1-3 Years (Mid-Tenure)	0
2384	Customer Success	Associate	Associate - Customer Success	54989.03	4	3.60	45	Other	Two or More	2023-01-08	NULL	6.00	8.00	2.00	0	0.971	21995.6120	3+ Years (Tenured)	0
2860	Customer Success	Associate	Associate - Customer Success	40250.98	3	2.22	39	Female	NULL	2024-05-26	NULL	9.00	1.00	4.00	0	0.711	16100.3920	1-3 Years (Mid-Tenure)	0
2774	Customer Success	Associate	Associate - Customer Success	63583.74	4	4.33	44	Female	African American	2022-04-19	NULL	3.00	4.00	1.00	0	1.123	25433.4960	3+ Years (Tenured)	1
2551	Customer Success	Associate	Associate - Customer Success	59702.49	5	3.76	34	Other	Asian	2022-11-10	NULL	6.00	5.00	5.00	0	1.055	23880.9960	3+ Years (Tenured)	0
2909	Customer Success	Associate	associate - customer success	62925.98	4	1.81	46	Female	African American	2024-10-22	NULL	8.00	9.00	4.00	0	1.112	25170.3920	1-3 Years (Mid-Tenure)	0
3334	Customer Success	Associate	Associate - Customer Success	69244.11	3	4.85	39	Other	African American	2021-10-10	NULL	5.00	1.00	1.00	0	1.223	27697.6440	3+ Years (Tenured)	0
2645	Customer Success	Associate	Associate - Customer Success	47282.20	3	2.07	62	Female	Asian	2024-07-20	NULL	8.00	3.00	9.99	0	0.835	18912.8800	1-3 Years (Mid-Tenure)	0
2592	Customer Success	Associate	Associate - Customer Success	67672.24	2	1.23	42	Other	Hispanic	2025-05-23	NULL	7.00	7.00	7.00	0	1.195	27068.8960	1-3 Years (Mid-Tenure)	0
2617	Customer Success	Associate	Associate - Customer Success	70216.87	3	1.61	50	Female	Two or More	2025-01-04	NULL	5.00	7.00	4.00	0	1.240	28086.7480	1-3 Years (Mid-Tenure)	0
3187	Customer Success	Associate	Associate - Customer Success	56713.76	3	1.19	46	Non-Binary	Hispanic	2025-06-07	NULL	3.00	3.00	5.00	0	1.002	22685.5040	1-3 Years (Mid-Tenure)	0
2836	Customer Success	Associate	Associate - Customer Success	41256.74	4	4.55	36	Female	Two or More	2022-01-29	NULL	9.99	9.99	8.00	0	0.729	16502.6960	3+ Years (Tenured)	0
2381	Customer Success	Associate	Associate - Customer Success	41277.88	4	4.17	21	Other	Asian	2022-06-16	NULL	9.99	3.00	5.00	0	0.729	16511.1520	3+ Years (Tenured)	0
3324	Customer Success	Associate	Associate - Customer Success	70928.85	3	1.51	45	Male	Caucasian	2025-02-11	NULL	9.00	2.00	9.00	0	1.253	28371.5400	1-3 Years (Mid-Tenure)	0
3252	Customer Success	Associate	Associate - Customer Success	65478.60	5	0.94	25	Male	Caucasian	2025-09-06	NULL	4.00	6.00	7.00	0	1.157	26191.4400	0-1 Year (Onboarding)	1
3569	Customer Success	Associate	Associate - Customer Success	64459.07	3	3.96	40	Non-Binary	African American	2022-08-29	NULL	7.00	4.00	8.00	0	1.139	25783.6280	3+ Years (Tenured)	0
3444	Customer Success	Associate	Associate - Customer Success	58316.12	2	0.69	42	Female	Two or More	2025-04-04	2025-12-12	6.00	1.00	2.00	1	1.030	23326.4480	0-1 Year (Onboarding)	0
2988	Customer Success	Associate	Associate - Customer Success	45828.53	3	2.44	28	Non-Binary	African American	2024-03-09	NULL	9.99	6.00	7.00	0	0.810	18331.4120	1-3 Years (Mid-Tenure)	0
257	Customer Success	Associate	Associate - Customer Success	62646.42	4	3.34	51	Male	Hispanic	2023-04-13	NULL	7.00	8.00	3.00	0	1.107	25058.5680	3+ Years (Tenured)	0
219	Customer Success	Associate	Associate - Customer Success	44550.03	4	2.92	37	Female	Two or More	2023-09-15	NULL	6.00	6.00	4.00	0	0.787	17820.0120	1-3 Years (Mid-Tenure)	0
224	Customer Success	Associate	Associate - Customer Success	67846.30	4	5.02	42	Female	Asian	2021-08-09	NULL	4.00	5.00	8.00	0	1.198	27138.5200	3+ Years (Tenured)	1
2750	Customer Success	Associate	Associate - Customer Success	56227.75	1	0.47	46	Other	Asian	2021-08-17	2022-02-03	NULL	NULL	NULL	1	0.993	22491.1000	0-1 Year (Onboarding)	0
355	Customer Success	Associate	Associate - Customer Success	64454.78	4	0.87	44	Non-Binary	Caucasian	2025-07-30	2026-06-12	2.00	2.00	1.00	1	1.139	25781.9120	0-1 Year (Onboarding)	1
390	Customer Success	Associate	Associate - Customer Success	53882.66	3	0.26	39	Male	Hispanic	2026-05-12	NULL	NULL	NULL	NULL	0	0.952	21553.0640	0-1 Year (Onboarding)	0
188	Customer Success	Associate	Associate - Customer Success	40881.88	3	1.96	35	Other	Asian	2023-07-10	2025-06-26	8.00	8.00	2.00	1	0.722	16352.7520	1-3 Years (Mid-Tenure)	0
3327	Customer Success	Associate	Associate - Customer Success	69997.66	3	2.88	58	Female	Asian	2023-09-27	NULL	8.00	7.00	7.00	0	1.236	27999.0640	1-3 Years (Mid-Tenure)	0
2641	Customer Success	Associate	Associate - Customer Success	52394.45	3	3.27	30	Male	African American	2023-05-11	NULL	3.00	1.00	4.00	0	0.926	20957.7800	3+ Years (Tenured)	0
2697	Customer Success	Associate	Associate - Customer Success	58847.20	5	3.25	23	Other	African American	2023-05-17	NULL	7.00	NULL	2.00	0	1.040	23538.8800	3+ Years (Tenured)	0
2630	Customer Success	Associate	Associate - Customer Success	42949.17	3	3.97	40	Non-Binary	African American	2022-08-27	NULL	6.00	7.00	3.00	0	0.759	17179.6680	3+ Years (Tenured)	0
3573	Customer Success	Associate	Associate - Customer Success	51925.71	3	2.47	64	Male	Two or More	2024-02-25	NULL	5.00	4.00	4.00	0	0.917	20770.2840	1-3 Years (Mid-Tenure)	0
2601	Customer Success	Associate	Associate - Customer Success	42182.89	1	0.28	66	Female	Caucasian	2026-05-04	NULL	5.00	4.00	5.00	0	0.745	16873.1560	0-1 Year (Onboarding)	0
3484	Customer Success	Associate	Associate - Customer Success	60632.55	4	4.76	35	Male	Caucasian	2021-11-12	NULL	9.99	3.00	5.00	0	1.071	24253.0200	3+ Years (Tenured)	0
3197	Customer Success	Associate	Associate - Customer Success	54929.50	4	2.58	53	Female	African American	2022-12-04	2025-07-04	6.00	8.00	1.00	1	0.970	21971.8000	1-3 Years (Mid-Tenure)	0
3256	Customer Success	Associate	Associate - Customer Success	57718.44	2	4.13	43	Male	Two or More	2022-06-28	NULL	6.00	7.00	5.00	0	1.020	23087.3760	3+ Years (Tenured)	0
3014	Customer Success	Associate	Associate - Customer Success	66594.87	1	2.47	61	Other	African American	2024-02-27	NULL	8.00	7.00	5.00	0	1.176	26637.9480	1-3 Years (Mid-Tenure)	0
2568	Customer Success	Associate	Associate - Customer Success	68855.58	2	0.52	37	Non-Binary	African American	2026-02-06	NULL	5.00	7.00	4.00	0	1.216	27542.2320	0-1 Year (Onboarding)	0
3362	Customer Success	Associate	Associate - Customer Success	53255.21	4	3.58	51	Other	Asian	2023-01-17	NULL	6.00	5.00	3.00	0	0.941	21302.0840	3+ Years (Tenured)	0
329	Customer Success	Associate	Associate - Customer Success	54488.69	2	3.99	44	Male	Caucasian	2022-08-20	NULL	8.00	8.00	7.00	0	0.963	21795.4760	3+ Years (Tenured)	0
435	Customer Success	Associate	Associate - Customer Success	65261.92	3	0.69	25	Male	African American	2025-12-05	NULL	3.00	4.00	8.00	0	1.153	26104.7680	0-1 Year (Onboarding)	0
3251	Customer Success	Associate	Associate - Customer Success	46474.45	3	1.07	21	Male	Caucasian	2025-07-20	NULL	7.00	6.00	3.00	0	0.821	18589.7800	1-3 Years (Mid-Tenure)	0
3235	Customer Success	Associate	Associate - Customer Success	68831.53	3	2.33	61	Other	Asian	2024-04-16	NULL	4.00	6.00	5.00	0	1.216	27532.6120	1-3 Years (Mid-Tenure)	0
3312	Customer Success	Associate	Associate - Customer Success	51401.38	3	1.42	63	Non-Binary	Two or More	2025-03-14	NULL	7.00	5.00	8.00	0	0.908	20560.5520	1-3 Years (Mid-Tenure)	0
2418	Customer Success	Associate	Associate - Customer Success	65616.98	5	3.97	54	Other	Two or More	2022-08-27	NULL	6.00	6.00	1.00	0	1.159	26246.7920	3+ Years (Tenured)	0
169	Customer Success	Associate	Associate - Customer Success	59402.53	2	1.46	54	Other	Hispanic	2025-02-28	NULL	5.00	6.00	7.00	0	1.049	23761.0120	1-3 Years (Mid-Tenure)	0
3102	Customer Success	Associate	Associate - Customer Success	43302.95	3	4.70	59	NULL	Hispanic	2021-12-05	NULL	8.00	7.00	9.00	0	0.765	17321.1800	3+ Years (Tenured)	0
2556	Customer Success	Associate	Associate - Customer Success	51547.91	4	2.17	46	Non-Binary	Asian	2024-06-14	NULL	8.00	9.99	8.00	0	0.911	20619.1640	1-3 Years (Mid-Tenure)	0
3082	Customer Success	Associate	Associate - Customer Success	58318.09	4	4.08	56	Female	African American	2022-07-16	NULL	6.00	7.00	2.00	0	1.030	23327.2360	3+ Years (Tenured)	0
2778	Customer Success	Associate	associate - customer success	70194.89	3	5.05	46	Female	Caucasian	2021-07-28	NULL	6.00	5.00	8.00	0	1.240	28077.9560	3+ Years (Tenured)	0
2522	Customer Success	Associate	Associate - Customer Success	66251.18	3	1.53	28	Non-Binary	NULL	2024-10-13	2026-04-25	4.00	7.00	4.00	1	1.170	26500.4720	1-3 Years (Mid-Tenure)	0
3493	Customer Success	Associate	Associate - Customer Success	68984.57	4	1.11	21	Male	African American	2025-07-07	NULL	6.00	5.00	6.00	0	1.219	27593.8280	1-3 Years (Mid-Tenure)	0
237	Customer Success	Associate	Associate - Customer Success	51768.32	5	4.56	48	Other	African American	2022-01-25	NULL	2.00	4.00	3.00	0	0.914	20707.3280	3+ Years (Tenured)	1
3603	Customer Success	Associate	Associate - Customer Success	52114.13	3	4.47	38	Female	African American	2022-02-25	NULL	5.00	3.00	9.99	0	0.921	20845.6520	3+ Years (Tenured)	0
3456	Customer Success	Associate	Associate - Customer Success	73900.47	4	3.63	58	Female	Asian	2022-12-30	NULL	3.00	2.00	1.00	0	1.305	29560.1880	3+ Years (Tenured)	1
2554	Customer Success	Associate	Associate - Customer Success	59314.80	3	3.17	33	Non-Binary	Asian	2023-06-15	NULL	5.00	1.00	3.00	0	1.048	23725.9200	3+ Years (Tenured)	0
2985	Customer Success	Associate	Associate - Customer Success	50362.94	3	0.47	23	Non-Binary	Caucasian	2023-06-30	2023-12-18	NULL	NULL	NULL	1	0.890	20145.1760	0-1 Year (Onboarding)	0
175	Customer Success	Associate	Associate - Customer Success	42414.25	3	1.79	46	Non-Binary	African American	2024-10-29	NULL	6.00	5.00	3.00	0	0.749	16965.7000	1-3 Years (Mid-Tenure)	0
423	Customer Success	Associate	Associate - Customer Success	59810.99	5	1.16	49	Male	Asian	2025-06-19	NULL	6.00	9.99	NULL	0	1.057	23924.3960	1-3 Years (Mid-Tenure)	0
3209	Customer Success	Associate	Associate - Customer Success	48029.87	4	2.78	37	Male	African American	2023-11-06	NULL	4.00	3.00	4.00	0	0.848	19211.9480	1-3 Years (Mid-Tenure)	1
2399	Customer Success	Associate	Associate - Customer Success	61220.83	2	3.72	44	Male	African American	2022-11-26	NULL	9.00	9.00	4.00	0	1.081	24488.3320	3+ Years (Tenured)	0
3586	Customer Success	Associate	Associate - Customer Success	72039.02	4	1.92	40	Male	African American	2022-08-10	2024-07-10	9.00	8.00	6.00	1	1.273	28815.6080	1-3 Years (Mid-Tenure)	0
438	Customer Success	Associate	Associate - Customer Success	47584.97	3	3.94	44	Female	African American	2022-09-08	NULL	9.99	9.00	6.00	0	0.841	19033.9880	3+ Years (Tenured)	0
2609	Customer Success	Associate	Associate - Customer Success	60720.99	1	0.93	32	Non-Binary	Asian	2025-09-10	NULL	6.00	4.00	7.00	0	1.073	24288.3960	0-1 Year (Onboarding)	0
2432	Customer Success	Associate	Associate - Customer Success	44692.59	3	0.42	35	Other	Asian	2026-03-15	NULL	7.00	5.00	4.00	0	0.789	17877.0360	0-1 Year (Onboarding)	0
3770	Customer Success	Associate	Associate - Customer Success	41953.87	3	4.55	22	Non-Binary	NULL	2022-01-29	NULL	6.00	5.00	6.00	0	0.741	16781.5480	3+ Years (Tenured)	0
38	Customer Success	Associate	Associate - Customer Success	41418.19	2	0.24	38	Non-Binary	Hispanic	2026-05-19	NULL	6.00	5.00	5.00	0	0.732	16567.2760	0-1 Year (Onboarding)	0
1934	Customer Success	Associate	Associate - Customer Success	49005.51	5	0.83	47	Other	African American	2025-03-14	2026-01-12	9.99	9.00	9.99	1	0.866	19602.2040	0-1 Year (Onboarding)	0
1124	Customer Success	Associate	Associate - Customer Success	47157.88	4	1.51	44	Other	African American	2025-02-11	NULL	9.99	8.00	4.00	0	0.833	18863.1520	1-3 Years (Mid-Tenure)	0
1674	Customer Success	Associate	Associate - Customer Success	55388.75	3	4.27	40	Male	Hispanic	2022-05-08	NULL	6.00	2.00	1.00	0	0.978	22155.5000	3+ Years (Tenured)	0
1209	Customer Success	Associate	Associate - Customer Success	54424.20	3	3.30	45	Non-Binary	Two or More	2023-04-27	NULL	2.00	3.00	1.00	0	0.961	21769.6800	3+ Years (Tenured)	0
65	Customer Success	Associate	Associate - Customer Success	63033.79	2	0.71	59	Female	Asian	2025-11-29	NULL	NULL	NULL	NULL	0	1.113	25213.5160	0-1 Year (Onboarding)	0
909	Customer Success	Associate	Associate - Customer Success	63057.78	4	0.28	46	Non-Binary	Caucasian	2026-05-06	NULL	NULL	NULL	NULL	0	1.114	25223.1120	0-1 Year (Onboarding)	0
1206	Customer Success	Associate	Associate - Customer Success	44977.52	5	1.44	43	Female	Two or More	2025-03-09	NULL	5.00	8.00	6.00	0	0.795	17991.0080	1-3 Years (Mid-Tenure)	0
3766	Customer Success	Associate	Associate - Customer Success	48154.31	1	2.38	36	Other	Caucasian	2024-03-29	NULL	6.00	6.00	6.00	0	0.851	19261.7240	1-3 Years (Mid-Tenure)	0
1219	Customer Success	Associate	Associate - Customer Success	48867.27	3	2.35	39	Non-Binary	Asian	2024-03-01	2026-07-08	7.00	7.00	8.00	1	0.863	19546.9080	1-3 Years (Mid-Tenure)	0
1667	Customer Success	Associate	Associate - Customer Success	58201.06	2	1.99	21	Male	African American	2024-08-20	NULL	8.00	7.00	9.00	0	1.028	23280.4240	1-3 Years (Mid-Tenure)	0
3771	Customer Success	Associate	Associate - Customer Success	56880.80	4	2.98	28	Male	Two or More	2023-08-22	NULL	9.99	8.00	9.99	0	1.005	22752.3200	1-3 Years (Mid-Tenure)	0
3889	Customer Success	Associate	Associate - Customer Success	45438.01	3	1.05	25	Male	Asian	2025-07-28	NULL	7.00	3.00	7.00	0	0.803	18175.2040	1-3 Years (Mid-Tenure)	0
2156	Customer Success	Associate	Associate - Customer Success	62165.50	3	2.76	38	Non-Binary	NULL	2023-11-13	NULL	2.00	1.00	4.00	0	1.098	24866.2000	1-3 Years (Mid-Tenure)	0
4286	Customer Success	Associate	Associate - Customer Success	49346.91	3	4.52	48	Other	African American	2022-02-08	NULL	4.00	6.00	3.00	0	0.872	19738.7640	3+ Years (Tenured)	0
655	Customer Success	Associate	Associate - Customer Success	52871.26	1	1.30	40	Other	Two or More	2025-04-27	NULL	6.00	6.00	1.00	0	0.934	21148.5040	1-3 Years (Mid-Tenure)	0
4389	Customer Success	Associate	Associate - Customer Success	50075.90	3	4.94	23	Male	African American	2021-09-08	NULL	6.00	7.00	5.00	0	0.885	20030.3600	3+ Years (Tenured)	0
653	Customer Success	Associate	Associate - Customer Success	53536.26	4	1.66	43	Other	Hispanic	2024-12-17	NULL	7.00	5.00	6.00	0	0.946	21414.5040	1-3 Years (Mid-Tenure)	0
1443	Customer Success	Associate	Associate - Customer Success	67128.69	3	4.22	37	Other	Asian	2022-05-26	NULL	8.00	3.00	5.00	0	1.186	26851.4760	3+ Years (Tenured)	0
598	Customer Success	Associate	Associate - Customer Success	53897.53	4	2.29	36	Non-Binary	African American	2024-05-02	NULL	2.00	5.00	4.00	0	0.952	21559.0120	1-3 Years (Mid-Tenure)	1
1896	Customer Success	Associate	Associate - Customer Success	46546.46	5	0.08	42	Female	Asian	2026-06-15	2026-07-16	NULL	NULL	NULL	1	0.822	18618.5840	0-1 Year (Onboarding)	0
4226	Customer Success	Associate	Associate - Customer Success	58088.78	2	0.99	33	Male	Caucasian	2025-08-17	NULL	5.00	5.00	3.00	0	1.026	23235.5120	0-1 Year (Onboarding)	0
1429	Customer Success	Associate	Associate - Customer Success	60922.47	5	0.58	38	Male	Asian	2026-01-14	NULL	3.00	5.00	NULL	0	1.076	24368.9880	0-1 Year (Onboarding)	1
1027	Customer Success	Associate	Associate - Customer Success	65179.75	4	1.32	61	Non-Binary	Hispanic	2024-06-27	2025-10-22	7.00	5.00	4.00	1	1.151	26071.9000	1-3 Years (Mid-Tenure)	0
600	Customer Success	Associate	Associate - Customer Success	71211.21	2	3.99	21	Non-Binary	African American	2022-08-20	NULL	8.00	7.00	5.00	0	1.258	28484.4840	3+ Years (Tenured)	0
4406	Customer Success	Associate	Associate - Customer Success	60924.72	3	4.45	49	Male	African American	2022-03-04	NULL	7.00	4.00	3.00	0	1.076	24369.8880	3+ Years (Tenured)	0
1250	Customer Success	Associate	Associate - Customer Success	61672.09	4	1.19	53	Other	Hispanic	2025-06-06	NULL	4.00	5.00	3.00	0	1.089	24668.8360	1-3 Years (Mid-Tenure)	1
749	Customer Success	Associate	Associate - Customer Success	53953.65	3	3.25	41	Female	Caucasian	2023-05-15	NULL	6.00	4.00	7.00	0	0.953	21581.4600	3+ Years (Tenured)	0
1635	Customer Success	Associate	Associate - Customer Success	49139.09	3	1.24	21	Male	Hispanic	2025-05-18	NULL	8.00	7.00	4.00	0	0.868	19655.6360	1-3 Years (Mid-Tenure)	0
4405	Customer Success	Associate	Associate - Customer Success	56280.84	5	1.37	40	Other	Caucasian	2025-04-01	NULL	9.00	9.99	9.99	0	0.994	22512.3360	1-3 Years (Mid-Tenure)	0
4402	Customer Success	Associate	Associate - Customer Success	70091.84	3	3.23	46	Female	Hispanic	2023-05-24	NULL	4.00	6.00	5.00	0	1.238	28036.7360	3+ Years (Tenured)	0
1240	Customer Success	Associate	Associate - Customer Success	49058.03	5	4.73	41	Non-Binary	Caucasian	2021-11-22	NULL	2.00	1.00	1.00	0	0.867	19623.2120	3+ Years (Tenured)	1
1700	Customer Success	Associate	Associate - Customer Success	48451.58	4	1.53	40	Non-Binary	Asian	2025-02-04	NULL	9.99	9.99	6.00	0	0.856	19380.6320	1-3 Years (Mid-Tenure)	0
1909	Customer Success	Associate	Associate - Customer Success	67201.32	3	1.44	39	Male	African American	2024-06-18	2025-11-26	5.00	6.00	8.00	1	1.187	26880.5280	1-3 Years (Mid-Tenure)	0
1018	Customer Success	Associate	Associate - Customer Success	47009.45	1	4.90	31	Male	Hispanic	2021-09-23	NULL	6.00	9.99	3.00	0	0.830	18803.7800	3+ Years (Tenured)	0
1454	Customer Success	Associate	Associate - Customer Success	59765.63	3	0.32	41	Other	Hispanic	2026-04-19	NULL	8.00	7.00	NULL	0	1.056	23906.2520	0-1 Year (Onboarding)	0
1926	Customer Success	Associate	Associate - Customer Success	52429.03	3	3.45	33	Male	Caucasian	2023-03-03	NULL	3.00	6.00	4.00	0	0.926	20971.6120	3+ Years (Tenured)	0
4379	Customer Success	Associate	Associate - Customer Success	68579.64	1	4.27	48	Male	Caucasian	2022-05-11	NULL	6.00	5.00	NULL	0	1.211	27431.8560	3+ Years (Tenured)	0
2090	Customer Success	Associate	Associate - Customer Success	57916.91	3	1.56	49	Other	Asian	2025-01-21	NULL	1.00	6.00	6.00	0	1.023	23166.7640	1-3 Years (Mid-Tenure)	0
1151	Customer Success	Associate	Associate - Customer Success	50324.98	4	2.44	41	Other	Caucasian	2024-03-06	NULL	8.00	7.00	7.00	0	0.889	20129.9920	1-3 Years (Mid-Tenure)	0
947	Customer Success	Associate	Associate - Customer Success	40122.87	3	2.16	25	Female	NULL	2024-06-16	NULL	1.00	2.00	3.00	0	0.709	16049.1480	1-3 Years (Mid-Tenure)	0
951	Customer Success	Associate	Associate - Customer Success	68070.71	4	1.98	50	Female	African American	2024-08-22	NULL	6.00	NULL	1.00	0	1.202	27228.2840	1-3 Years (Mid-Tenure)	0
1158	Customer Success	Associate	Associate - Customer Success	62234.57	3	2.39	33	Male	Two or More	2024-03-25	NULL	9.00	7.00	6.00	0	1.099	24893.8280	1-3 Years (Mid-Tenure)	0
981	Customer Success	Associate	Associate - Customer Success	70805.28	4	0.45	29	Male	African American	2026-03-05	NULL	7.00	5.00	7.00	0	1.251	28322.1120	0-1 Year (Onboarding)	0
4059	Customer Success	Associate	Associate - Customer Success	55518.10	4	0.29	48	Other	Asian	2025-11-08	2026-02-21	NULL	NULL	NULL	1	0.981	22207.2400	0-1 Year (Onboarding)	0
86	Customer Success	Associate	Associate - Customer Success	68316.74	4	4.24	51	Female	Hispanic	2022-05-19	NULL	6.00	9.99	9.00	0	1.207	27326.6960	3+ Years (Tenured)	0
3847	Customer Success	Associate	Associate - Customer Success	68041.43	2	3.00	40	Male	African American	2023-08-17	NULL	6.00	4.00	5.00	0	1.202	27216.5720	1-3 Years (Mid-Tenure)	0
1611	Customer Success	Associate	Associate - Customer Success	61962.73	3	2.82	55	NULL	Asian	2023-10-20	NULL	5.00	7.00	2.00	0	1.095	24785.0920	1-3 Years (Mid-Tenure)	0
4086	Customer Success	Associate	Associate - Customer Success	58626.63	3	1.93	44	Male	Hispanic	2024-09-09	NULL	9.99	4.00	9.00	0	1.036	23450.6520	1-3 Years (Mid-Tenure)	0
2055	Customer Success	Associate	associate - customer success	70428.60	4	4.56	32	Female	African American	2022-01-24	NULL	6.00	6.00	6.00	0	1.244	28171.4400	3+ Years (Tenured)	0
3837	Customer Success	Associate	Associate - Customer Success	71416.07	5	1.05	21	Non-Binary	Caucasian	2025-07-28	NULL	8.00	9.99	9.00	0	1.262	28566.4280	1-3 Years (Mid-Tenure)	0
1567	Customer Success	Associate	Associate - Customer Success	55300.82	4	2.00	56	Other	African American	2024-08-14	NULL	4.00	2.00	5.00	0	0.977	22120.3280	1-3 Years (Mid-Tenure)	1
4082	Customer Success	Associate	Associate - Customer Success	44940.21	3	3.09	44	Female	Hispanic	2023-07-13	NULL	4.00	6.00	5.00	0	0.794	17976.0840	3+ Years (Tenured)	0
2042	Customer Success	Associate	Associate - Customer Success	54911.28	5	4.86	36	Other	Two or More	2021-10-06	NULL	6.00	5.00	6.00	0	0.970	21964.5120	3+ Years (Tenured)	0
2037	Customer Success	Associate	Associate - Customer Success	70849.82	4	2.25	31	Male	Caucasian	2024-05-17	NULL	6.00	6.00	4.00	0	1.252	28339.9280	1-3 Years (Mid-Tenure)	0
2036	Customer Success	Associate	Associate - Customer Success	51147.25	4	0.19	22	Non-Binary	Hispanic	2026-06-05	NULL	7.00	8.00	8.00	0	0.903	20458.9000	0-1 Year (Onboarding)	0
79	Customer Success	Associate	Associate - Customer Success	44182.97	2	0.47	28	Other	African American	2026-02-25	NULL	9.00	9.99	3.00	0	0.780	17673.1880	0-1 Year (Onboarding)	0
924	Customer Success	Associate	Associate - Customer Success	68810.74	2	0.19	41	Male	Caucasian	2024-12-16	2025-02-22	9.00	7.00	7.00	1	1.216	27524.2960	0-1 Year (Onboarding)	0
494	Customer Success	Associate	Associate - Customer Success	52361.11	4	0.91	46	Other	Two or More	2025-09-17	NULL	2.00	5.00	2.00	0	0.925	20944.4440	0-1 Year (Onboarding)	1
1192	Customer Success	Associate	Associate - Customer Success	40881.77	3	1.58	46	Female	Asian	2025-01-15	NULL	2.00	2.00	1.00	0	0.722	16352.7080	1-3 Years (Mid-Tenure)	0
3795	Customer Success	Associate	Associate - Customer Success	63181.34	3	4.28	23	Non-Binary	Two or More	2021-10-31	2026-02-08	1.00	2.00	6.00	1	1.116	25272.5360	3+ Years (Tenured)	0
3797	Customer Success	Associate	Associate - Customer Success	44855.31	3	1.92	36	Female	Hispanic	2024-09-12	NULL	3.00	3.00	3.00	0	0.792	17942.1240	1-3 Years (Mid-Tenure)	0
123	Customer Success	Associate	Associate - Customer Success	50701.89	4	0.84	56	Female	African American	2025-10-12	NULL	6.00	8.00	5.00	0	0.896	20280.7560	0-1 Year (Onboarding)	0
1967	Customer Success	Associate	Associate - Customer Success	47358.67	3	2.10	32	Female	Hispanic	2024-07-10	NULL	6.00	6.00	2.00	0	0.837	18943.4680	1-3 Years (Mid-Tenure)	0
4102	Customer Success	Associate	Associate - Customer Success	48865.29	2	4.42	27	Non-Binary	African American	2022-03-17	NULL	9.99	9.99	6.00	0	0.863	19546.1160	3+ Years (Tenured)	0
1083	Customer Success	Associate	Associate - Customer Success	41798.51	5	0.85	51	Female	Caucasian	2025-10-09	NULL	5.00	3.00	7.00	0	0.738	16719.4040	0-1 Year (Onboarding)	0
1622	Customer Success	Associate	Associate - Customer Success	46477.22	3	2.97	39	Male	Caucasian	2023-08-26	NULL	3.00	9.99	8.00	0	0.821	18590.8880	1-3 Years (Mid-Tenure)	0
1523	Customer Success	Associate	Associate - Customer Success	51533.40	4	1.45	61	Non-Binary	Two or More	2025-03-04	NULL	8.00	7.00	9.00	0	0.910	20613.3600	1-3 Years (Mid-Tenure)	0
4100	Customer Success	Associate	Associate - Customer Success	47383.02	3	3.38	38	Female	Asian	2023-03-30	NULL	3.00	3.00	1.00	0	0.837	18953.2080	3+ Years (Tenured)	0
994	Customer Success	Associate	Associate - Customer Success	57059.47	4	4.41	21	Other	African American	2022-03-21	NULL	9.00	5.00	4.00	0	1.008	22823.7880	3+ Years (Tenured)	0
538	Customer Success	Associate	Associate - Customer Success	51699.27	3	4.85	39	Non-Binary	Asian	2021-10-11	NULL	7.00	6.00	4.00	0	0.913	20679.7080	3+ Years (Tenured)	0
1620	Customer Success	Associate	Associate - Customer Success	46413.14	3	3.73	34	Female	Caucasian	2022-11-21	NULL	2.00	7.00	1.00	0	0.820	18565.2560	3+ Years (Tenured)	0
625	Customer Success	Associate	Associate - Customer Success	56178.85	3	2.59	43	Other	African American	2024-01-12	NULL	6.00	7.00	2.00	0	0.992	22471.5400	1-3 Years (Mid-Tenure)	0
1614	Customer Success	Associate	Associate - Customer Success	56691.59	2	4.04	30	Male	African American	2022-07-31	NULL	6.00	5.00	4.00	0	1.001	22676.6360	3+ Years (Tenured)	0
568	Customer Success	Associate	Associate - Customer Success	62069.16	2	0.11	27	Female	Caucasian	2026-07-06	NULL	NULL	NULL	NULL	0	1.096	24827.6640	0-1 Year (Onboarding)	0
873	Customer Success	Associate	Associate - Customer Success	51575.01	1	1.21	29	Non-Binary	African American	2025-05-31	NULL	5.00	1.00	3.00	0	0.911	20630.0040	1-3 Years (Mid-Tenure)	0
160	Customer Success	Associate	Associate - Customer Success	57537.28	2	3.44	42	Other	NULL	2022-07-11	2025-12-19	3.00	3.00	4.00	1	1.016	23014.9120	3+ Years (Tenured)	0
4190	Customer Success	Associate	Associate - Customer Success	60757.38	4	3.84	44	Non-Binary	Caucasian	2021-11-25	2025-09-26	7.00	7.00	2.00	1	1.073	24302.9520	3+ Years (Tenured)	0
561	Customer Success	Associate	Associate - Customer Success	71967.42	3	4.04	43	Non-Binary	Caucasian	2022-07-31	NULL	4.00	5.00	1.00	0	1.271	28786.9680	3+ Years (Tenured)	0
3956	Customer Success	Associate	Associate - Customer Success	42428.35	4	3.31	46	Female	African American	2023-04-25	NULL	4.00	1.00	4.00	0	0.749	16971.3400	3+ Years (Tenured)	1
1765	Customer Success	Associate	Associate - Customer Success	69095.49	3	4.10	55	Male	Asian	2022-07-11	NULL	6.00	NULL	4.00	0	1.221	27638.1960	3+ Years (Tenured)	0
819	Customer Success	Associate	Associate - Customer Success	41968.12	3	1.95	36	Non-Binary	Hispanic	2024-09-03	NULL	3.00	8.00	8.00	0	0.741	16787.2480	1-3 Years (Mid-Tenure)	0
864	Customer Success	Associate	Associate - Customer Success	74405.41	3	2.02	37	Male	Caucasian	2024-08-09	NULL	7.00	2.00	6.00	0	1.314	29762.1640	1-3 Years (Mid-Tenure)	0
3698	Customer Success	Associate	Associate - Customer Success	59012.39	3	3.17	33	Female	African American	2023-06-15	NULL	9.99	2.00	3.00	0	1.042	23604.9560	3+ Years (Tenured)	0
1742	Customer Success	Associate	Associate - Customer Success	59593.96	2	0.62	51	Other	Hispanic	2025-06-15	2026-01-28	5.00	4.00	1.00	1	1.053	23837.5840	0-1 Year (Onboarding)	0
114	Customer Success	Associate	Associate - Customer Success	64242.94	4	4.97	45	Female	Hispanic	2021-08-27	NULL	7.00	2.00	7.00	0	1.135	25697.1760	3+ Years (Tenured)	0
3684	Customer Success	Associate	Associate - Customer Success	57389.57	3	3.86	43	NULL	Asian	2022-10-07	NULL	1.00	2.00	1.00	0	1.014	22955.8280	3+ Years (Tenured)	0
857	Customer Success	Associate	Associate - Customer Success	45446.13	3	4.21	35	Other	Caucasian	2022-05-30	NULL	8.00	4.00	6.00	0	0.803	18178.4520	3+ Years (Tenured)	0
1750	Customer Success	Associate	Associate - Customer Success	59414.11	3	1.90	27	Male	African American	2023-12-16	2025-11-09	9.00	5.00	4.00	1	1.050	23765.6440	1-3 Years (Mid-Tenure)	0
1362	Customer Success	Associate	Associate - Customer Success	53755.19	4	1.45	30	Male	Asian	2025-03-03	NULL	3.00	6.00	1.00	0	0.950	21502.0760	1-3 Years (Mid-Tenure)	1
3924	Customer Success	Associate	Associate - Customer Success	41948.34	4	0.06	37	Male	Asian	2026-07-24	NULL	NULL	NULL	NULL	0	0.741	16779.3360	0-1 Year (Onboarding)	0
2312	Customer Success	Associate	Associate - Customer Success	61910.85	4	2.20	55	Male	Caucasian	2024-06-03	NULL	9.00	7.00	7.00	0	1.094	24764.3400	1-3 Years (Mid-Tenure)	0
692	Customer Success	Associate	Associate - Customer Success	52457.62	4	4.91	41	Male	Asian	2021-09-17	NULL	6.00	3.00	8.00	0	0.927	20983.0480	3+ Years (Tenured)	0
1823	Customer Success	Associate	Associate - Customer Success	49467.97	5	4.45	43	Other	African American	2022-03-03	NULL	4.00	6.00	3.00	0	0.874	19787.1880	3+ Years (Tenured)	1
3980	Customer Success	Associate	Associate - Customer Success	47370.95	4	2.50	41	Male	Two or More	2024-02-14	NULL	4.00	7.00	4.00	0	0.837	18948.3800	1-3 Years (Mid-Tenure)	1
1352	Customer Success	Associate	Associate - Customer Success	69474.42	3	3.31	42	Non-Binary	Two or More	2023-04-25	NULL	5.00	4.00	2.00	0	1.227	27789.7680	3+ Years (Tenured)	0
1301	Customer Success	Associate	Associate - Customer Success	58504.62	4	2.74	45	Non-Binary	Hispanic	2023-11-20	NULL	5.00	5.00	8.00	0	1.033	23401.8480	1-3 Years (Mid-Tenure)	0
2317	Customer Success	Associate	Associate - Customer Success	70527.69	5	1.16	48	Non-Binary	Caucasian	2025-06-19	NULL	6.00	9.00	7.00	0	1.246	28211.0760	1-3 Years (Mid-Tenure)	0
3674	Customer Success	Associate	Associate - Customer Success	46154.77	3	0.70	27	Male	Asian	2024-06-27	2025-03-11	9.99	9.00	7.00	1	0.815	18461.9080	0-1 Year (Onboarding)	0
1822	Customer Success	Associate	Associate - Customer Success	57856.63	3	1.60	26	Male	Caucasian	2022-04-05	2023-11-10	NULL	NULL	NULL	1	1.022	23142.6520	1-3 Years (Mid-Tenure)	0
1307	Customer Success	Associate	Associate - Customer Success	73695.78	4	1.84	51	Non-Binary	African American	2024-10-12	NULL	1.00	4.00	1.00	0	1.302	29478.3120	1-3 Years (Mid-Tenure)	1
447	Customer Success	Associate	Associate - Customer Success	45970.21	1	1.67	51	Female	Hispanic	2024-12-13	NULL	8.00	8.00	4.00	0	0.812	18388.0840	1-3 Years (Mid-Tenure)	0
4438	Customer Success	Associate	Associate - Customer Success	48433.17	5	4.48	43	Other	African American	2022-02-23	NULL	4.00	4.00	2.00	0	0.856	19373.2680	3+ Years (Tenured)	1
1067	Customer Success	Associate	Associate - Customer Success	47876.63	3	0.56	38	Other	Caucasian	2026-01-22	NULL	4.00	1.00	4.00	0	0.846	19150.6520	0-1 Year (Onboarding)	0
1755	Customer Success	Associate	Associate - Customer Success	61155.09	3	1.63	37	Male	Asian	2024-12-29	NULL	1.00	1.00	1.00	0	1.080	24462.0360	1-3 Years (Mid-Tenure)	0
1335	Customer Success	Associate	Associate - Customer Success	74379.27	3	3.79	43	Other	Hispanic	2022-11-01	NULL	6.00	7.00	4.00	0	1.314	29751.7080	3+ Years (Tenured)	0
1874	Customer Success	Associate	Associate - Customer Success	66614.61	3	0.33	39	Male	Hispanic	2026-04-16	NULL	7.00	3.00	4.00	0	1.177	26645.8440	0-1 Year (Onboarding)	0
3725	Customer Success	Associate	Associate - Customer Success	68038.27	2	2.91	46	Male	African American	2023-09-18	NULL	5.00	4.00	NULL	0	1.202	27215.3080	1-3 Years (Mid-Tenure)	0
1102	Customer Success	Associate	Associate - Customer Success	71954.97	4	0.43	34	Female	Asian	2026-03-12	NULL	1.00	1.00	3.00	0	1.271	28781.9880	0-1 Year (Onboarding)	1
879	Customer Success	Associate	Associate - Customer Success	55247.79	2	0.99	32	Male	Caucasian	2025-08-19	NULL	4.00	2.00	2.00	0	0.976	22099.1160	0-1 Year (Onboarding)	0
3931	Customer Success	Associate	Associate - Customer Success	55103.61	3	1.94	32	Male	Two or More	2024-09-07	NULL	9.99	2.00	7.00	0	0.973	22041.4440	1-3 Years (Mid-Tenure)	0
2259	Customer Success	Associate	Associate - Customer Success	46320.83	4	2.93	39	Male	Caucasian	2023-09-10	NULL	9.99	9.00	7.00	0	0.818	18528.3320	1-3 Years (Mid-Tenure)	0
4201	Customer Success	Associate	Associate - Customer Success	69341.87	2	2.22	61	Other	Caucasian	2024-05-26	NULL	9.00	5.00	4.00	0	1.225	27736.7480	1-3 Years (Mid-Tenure)	0
1873	Customer Success	Associate	Associate - Customer Success	58839.75	5	1.84	38	NULL	African American	2024-10-11	NULL	6.00	4.00	3.00	0	1.039	23535.9000	1-3 Years (Mid-Tenure)	0
1401	Customer Success	Associate	Associate - Customer Success	56608.90	3	4.63	30	Female	African American	2021-12-28	NULL	5.00	6.00	9.00	0	1.000	22643.5600	3+ Years (Tenured)	0
1093	Customer Success	Associate	Associate - Customer Success	43011.02	4	0.54	39	Male	Hispanic	2026-01-31	NULL	8.00	3.00	4.00	0	0.760	17204.4080	0-1 Year (Onboarding)	0
1405	Customer Success	Associate	Associate - Customer Success	50533.15	4	0.82	42	Female	Asian	2025-10-19	NULL	5.00	8.00	4.00	0	0.893	20213.2600	0-1 Year (Onboarding)	0
1875	Customer Success	Associate	Associate - Customer Success	46282.76	3	2.21	57	Non-Binary	Asian	2024-06-01	NULL	7.00	7.00	4.00	0	0.818	18513.1040	1-3 Years (Mid-Tenure)	0
1878	Customer Success	Associate	Associate - Customer Success	45747.28	3	3.88	38	Male	African American	2022-09-28	NULL	4.00	4.00	5.00	0	0.808	18298.9120	3+ Years (Tenured)	0
1721	Customer Success	Associate	Associate - Customer Success	42150.18	3	2.65	43	Non-Binary	Two or More	2023-12-21	NULL	5.00	6.00	2.00	0	0.745	16860.0720	1-3 Years (Mid-Tenure)	0
52	Customer Success	Associate	Associate - Customer Success	71586.40	4	4.81	22	Female	NULL	2021-10-24	NULL	5.00	1.00	2.00	0	1.265	28634.5600	3+ Years (Tenured)	0
3927	Customer Success	Associate	Associate - Customer Success	63082.12	1	2.64	34	Other	Asian	2023-12-27	NULL	8.00	9.00	8.00	0	1.114	25232.8480	1-3 Years (Mid-Tenure)	0
4004	Customer Success	Associate	Associate - Customer Success	57453.00	5	4.19	32	Male	Caucasian	2022-06-08	NULL	3.00	2.00	8.00	0	1.015	22981.2000	3+ Years (Tenured)	1
875	Customer Success	Associate	Associate - Customer Success	53456.74	4	0.41	41	Male	African American	2024-08-22	2025-01-18	4.00	1.00	4.00	1	0.944	21382.6960	0-1 Year (Onboarding)	1
1308	Customer Success	Associate	Associate - Customer Success	74584.87	5	4.09	31	Female	Hispanic	2022-07-14	NULL	9.99	4.00	3.00	0	1.318	29833.9480	3+ Years (Tenured)	0
1731	Customer Success	Associate	Associate - Customer Success	73853.10	3	3.36	54	Male	Two or More	2023-04-07	NULL	5.00	4.00	4.00	0	1.305	29541.2400	3+ Years (Tenured)	0
820	Customer Success	Associate	Associate - Customer Success	58865.77	3	2.70	46	Female	Asian	2023-12-03	NULL	3.00	3.00	1.00	0	1.040	23546.3080	1-3 Years (Mid-Tenure)	0
1384	Customer Success	Associate	Associate - Customer Success	57711.85	5	0.48	44	Non-Binary	Asian	2026-02-19	NULL	9.00	5.00	5.00	0	1.019	23084.7400	0-1 Year (Onboarding)	0
3992	Customer Success	Associate	Associate - Customer Success	72577.01	4	2.62	46	Other	African American	2024-01-01	NULL	5.00	1.00	6.00	0	1.282	29030.8040	1-3 Years (Mid-Tenure)	0
2274	Customer Success	Associate	Associate - Customer Success	51347.66	3	2.76	31	Other	African American	2023-11-11	NULL	3.00	2.00	7.00	0	0.907	20539.0640	1-3 Years (Mid-Tenure)	0
1854	Customer Success	Associate	Associate - Customer Success	46357.22	1	0.77	61	Male	Asian	2025-11-08	NULL	8.00	9.99	6.00	0	0.819	18542.8880	0-1 Year (Onboarding)	0
1286	Customer Success	Associate	Associate - Customer Success	73703.66	2	2.24	21	Other	Asian	2024-05-20	NULL	9.00	5.00	6.00	0	1.302	29481.4640	1-3 Years (Mid-Tenure)	0
3	Customer Success	Associate	Associate - Customer Success	51981.85	3	4.66	35	Other	Two or More	2021-12-18	NULL	8.00	9.99	9.00	0	0.918	20792.7400	3+ Years (Tenured)	0
464	Customer Success	Associate	Associate - Customer Success	64902.47	3	0.58	29	Female	Two or More	2026-01-17	NULL	NULL	NULL	NULL	0	1.146	25960.9880	0-1 Year (Onboarding)	0
4279	Customer Success	Domain Director	Domain Director - Customer Success	130903.87	3	0.25	49	Non-Binary	NULL	2026-05-16	NULL	NULL	NULL	NULL	0	0.845	52361.5480	0-1 Year (Onboarding)	0
2009	Customer Success	Domain Director	Domain Director - Customer Success	173619.73	3	1.96	39	Female	Caucasian	2024-08-29	NULL	6.00	9.99	5.00	0	1.121	69447.8920	1-3 Years (Mid-Tenure)	0
381	Customer Success	Domain Director	Domain Director - Customer Success	160244.44	3	4.50	35	Female	Hispanic	2022-02-15	NULL	3.00	1.00	1.00	0	1.034	64097.7760	3+ Years (Tenured)	0
858	Customer Success	Manager	Manager - Customer Success	86151.03	1	1.38	44	Non-Binary	Asian	2025-03-29	NULL	4.00	6.00	5.00	0	0.941	34460.4120	1-3 Years (Mid-Tenure)	0
1063	Customer Success	Manager	Manager - Customer Success	112381.17	2	2.54	63	Female	Two or More	2022-05-01	2024-11-13	4.00	NULL	2.00	1	1.228	44952.4680	1-3 Years (Mid-Tenure)	0
641	Customer Success	Manager	Manager - Customer Success	75438.37	3	1.65	33	Non-Binary	African American	2022-01-12	2023-09-07	NULL	NULL	NULL	1	0.824	30175.3480	1-3 Years (Mid-Tenure)	0
2874	Customer Success	Manager	Manager - Customer Success	72089.50	5	3.93	46	Female	African American	2022-09-10	NULL	7.00	6.00	5.00	0	0.788	28835.8000	3+ Years (Tenured)	0
1527	Customer Success	Manager	Manager - Customer Success	86314.88	4	5.06	21	Other	African American	2021-07-24	NULL	5.00	3.00	6.00	0	0.943	34525.9520	3+ Years (Tenured)	0
3804	Customer Success	Manager	Manager - Customer Success	116654.54	4	3.28	41	Female	African American	2023-05-07	NULL	6.00	5.00	6.00	0	1.275	46661.8160	3+ Years (Tenured)	0
1172	Customer Success	Supervisor/Lead	Supervisor/Lead - Customer Success	69935.80	3	1.33	47	Other	Asian	2025-04-16	NULL	9.00	7.00	9.99	0	0.959	27974.3200	1-3 Years (Mid-Tenure)	0
3957	Customer Success	Supervisor/Lead	Supervisor/Lead - Customer Success	68872.53	3	1.44	41	Female	Two or More	2025-03-08	NULL	9.99	9.99	4.00	0	0.944	27549.0120	1-3 Years (Mid-Tenure)	0
290	Customer Success	Supervisor/Lead	Supervisor/Lead - Customer Success	85308.36	3	0.66	48	Other	Hispanic	2025-12-17	NULL	7.00	6.00	NULL	0	1.170	34123.3440	0-1 Year (Onboarding)	0
3135	Customer Success	Supervisor/Lead	Supervisor/Lead - Customer Success	85545.24	3	1.55	38	Male	Hispanic	2025-01-27	NULL	5.00	5.00	NULL	0	1.173	34218.0960	1-3 Years (Mid-Tenure)	0
1652	Customer Success	Supervisor/Lead	Supervisor/Lead - Customer Success	58864.46	3	1.88	41	Female	Caucasian	2024-09-28	NULL	3.00	6.00	3.00	0	0.807	23545.7840	1-3 Years (Mid-Tenure)	0
3511	Customer Success	Supervisor/Lead	Supervisor/Lead - Customer Success	59302.28	5	4.22	35	Other	Caucasian	2022-05-27	NULL	8.00	5.00	3.00	0	0.813	23720.9120	3+ Years (Tenured)	0
753	Customer Success	Supervisor/Lead	Supervisor/Lead - Customer Success	56031.47	4	0.40	43	Male	Asian	2026-03-21	NULL	4.00	3.00	3.00	0	0.768	22412.5880	0-1 Year (Onboarding)	1
98	Customer Success	Supervisor/Lead	Supervisor/Lead - Customer Success	81291.37	1	2.65	45	Non-Binary	Asian	2023-12-22	NULL	6.00	3.00	2.00	0	1.115	32516.5480	1-3 Years (Mid-Tenure)	0
1860	Customer Success	Supervisor/Lead	Supervisor/Lead - Customer Success	62903.69	3	3.19	35	Male	Two or More	2023-06-09	NULL	4.00	4.00	3.00	0	0.863	25161.4760	3+ Years (Tenured)	0
1673	Customer Success	Supervisor/Lead	Supervisor/Lead - Customer Success	89048.94	2	1.11	39	Non-Binary	Two or More	2025-07-07	NULL	9.99	9.99	6.00	0	1.221	35619.5760	1-3 Years (Mid-Tenure)	0
4342	Customer Success	Supervisor/Lead	Supervisor/Lead - Customer Success	66257.89	2	1.88	43	Female	Two or More	2023-08-13	2025-06-29	4.00	6.00	9.99	1	0.909	26503.1560	1-3 Years (Mid-Tenure)	0
1948	Customer Success	Supervisor/Lead	Supervisor/Lead - Customer Success	82213.80	3	1.53	42	Male	Hispanic	2022-05-25	2023-12-03	NULL	NULL	NULL	1	1.127	32885.5200	1-3 Years (Mid-Tenure)	0
611	Customer Success	Supervisor/Lead	Supervisor/Lead - Customer Success	68383.58	3	1.15	39	Male	African American	2025-06-21	NULL	9.00	6.00	7.00	0	0.938	27353.4320	1-3 Years (Mid-Tenure)	0
1133	Customer Success	Supervisor/Lead	Supervisor/Lead - Customer Success	80994.09	3	3.54	35	Male	Two or More	2023-02-01	NULL	3.00	6.00	1.00	0	1.111	32397.6360	3+ Years (Tenured)	0
4054	Customer Success	Supervisor/Lead	Supervisor/Lead - Customer Success	62716.38	2	1.99	26	Male	African American	2023-10-06	2025-10-02	8.00	4.00	7.00	1	0.860	25086.5520	1-3 Years (Mid-Tenure)	0
3032	Customer Success	Supervisor/Lead	Supervisor/Lead - Customer Success	84677.91	4	4.48	40	Other	African American	2022-02-21	NULL	6.00	6.00	6.00	0	1.161	33871.1640	3+ Years (Tenured)	0
1648	Customer Success	Supervisor/Lead	Supervisor/Lead - Customer Success	85999.26	4	2.32	49	Female	African American	2024-04-22	NULL	3.00	1.00	2.00	0	1.179	34399.7040	1-3 Years (Mid-Tenure)	1
3948	Customer Success	Supervisor/Lead	Supervisor/Lead - Customer Success	86853.24	3	0.47	48	Other	Caucasian	2026-02-23	NULL	4.00	4.00	1.00	0	1.191	34741.2960	0-1 Year (Onboarding)	0
1744	Customer Success	Supervisor/Lead	Supervisor/Lead - Customer Success	58901.34	3	0.19	24	Other	African American	2026-06-07	NULL	7.00	9.00	4.00	0	0.808	23560.5360	0-1 Year (Onboarding)	0
3950	Customer Success	Supervisor/Lead	Supervisor/Lead - Customer Success	75096.39	1	4.90	37	Female	Caucasian	2021-09-23	NULL	1.00	6.00	5.00	0	1.030	30038.5560	3+ Years (Tenured)	0
3864	Customer Success	Supervisor/Lead	Supervisor/Lead - Customer Success	68846.57	3	4.31	40	Female	Asian	2022-04-25	NULL	4.00	6.00	2.00	0	0.944	27538.6280	3+ Years (Tenured)	0
1991	Customer Success	Supervisor/Lead	Supervisor/Lead - Customer Success	76856.72	5	4.94	57	Other	Caucasian	2021-09-08	NULL	4.00	5.00	6.00	0	1.054	30742.6880	3+ Years (Tenured)	1
3488	Customer Success	Supervisor/Lead	Supervisor/Lead - Customer Success	85984.86	4	4.59	27	Other	Asian	2022-01-14	NULL	8.00	5.00	7.00	0	1.179	34393.9440	3+ Years (Tenured)	0
1400	Customer Success	Supervisor/Lead	Supervisor/Lead - Customer Success	66150.01	2	4.42	49	Non-Binary	Two or More	2022-03-17	NULL	9.00	6.00	4.00	0	0.907	26460.0040	3+ Years (Tenured)	0
1529	Customer Success	Supervisor/Lead	Supervisor/Lead - Customer Success	87593.22	3	3.16	40	Male	Two or More	2023-06-17	NULL	6.00	6.00	6.00	0	1.201	35037.2880	3+ Years (Tenured)	0
4253	Customer Success	Supervisor/Lead	Supervisor/Lead - Customer Success	68941.83	3	0.22	39	Female	African American	2026-05-27	NULL	NULL	NULL	NULL	0	0.945	27576.7320	0-1 Year (Onboarding)	0
734	Customer Success	Supervisor/Lead	Supervisor/Lead - Customer Success	59428.98	4	0.42	27	NULL	African American	2026-03-14	NULL	2.00	7.00	1.00	0	0.815	23771.5920	0-1 Year (Onboarding)	1
912	Customer Success	Supervisor/Lead	Supervisor/Lead - Customer Success	84836.54	4	0.81	30	Non-Binary	Asian	2023-11-09	2024-09-01	6.00	9.00	9.00	1	1.163	33934.6160	0-1 Year (Onboarding)	0
416	Customer Success	Supervisor/Lead	Supervisor/Lead - Customer Success	78429.04	3	5.12	21	Other	Asian	2021-07-04	NULL	6.00	7.00	7.00	0	1.076	31371.6160	3+ Years (Tenured)	0
3157	Customer Success	Supervisor/Lead	Supervisor/Lead - Customer Success	70541.25	3	4.67	33	Other	Asian	2021-12-15	NULL	5.00	4.00	9.00	0	0.967	28216.5000	3+ Years (Tenured)	0
1451	Customer Success	Supervisor/Lead	Supervisor/Lead - Customer Success	82492.21	5	2.44	28	Female	Hispanic	2024-03-07	NULL	3.00	8.00	5.00	0	1.131	32996.8840	1-3 Years (Mid-Tenure)	1
3162	Customer Success	Supervisor/Lead	Supervisor/Lead - Customer Success	64342.96	4	3.45	47	NULL	Two or More	2023-03-03	NULL	6.00	2.00	5.00	0	0.882	25737.1840	3+ Years (Tenured)	0
680	Customer Success	Supervisor/Lead	Supervisor/Lead - Customer Success	63188.16	3	4.73	33	Male	Caucasian	2021-11-24	NULL	8.00	3.00	2.00	0	0.867	25275.2640	3+ Years (Tenured)	0
3326	Customer Success	Supervisor/Lead	Supervisor/Lead - Customer Success	80226.11	3	5.10	47	Other	Caucasian	2021-07-09	NULL	7.00	4.00	2.00	0	1.100	32090.4440	3+ Years (Tenured)	0
3125	Customer Success	Supervisor/Lead	Supervisor/Lead - Customer Success	85161.04	3	0.47	44	Other	African American	2026-02-23	NULL	3.00	4.00	4.00	0	1.168	34064.4160	0-1 Year (Onboarding)	0
4210	Customer Success	Supervisor/Lead	Supervisor/Lead - Customer Success	62201.30	2	4.21	30	Female	Hispanic	2022-05-31	NULL	3.00	6.00	4.00	0	0.853	24880.5200	3+ Years (Tenured)	0
3721	Customer Success	Supervisor/Lead	Supervisor/Lead - Customer Success	61958.54	4	1.15	47	Other	African American	2025-06-22	NULL	9.99	9.99	6.00	0	0.850	24783.4160	1-3 Years (Mid-Tenure)	0
3333	Customer Success	Supervisor/Lead	Supervisor/Lead - Customer Success	65515.07	3	4.99	35	Female	Two or More	2021-08-18	NULL	9.00	7.00	9.99	0	0.898	26206.0280	3+ Years (Tenured)	0
4176	Customer Success	Supervisor/Lead	Supervisor/Lead - Customer Success	86187.87	3	0.13	33	Other	Hispanic	2024-04-25	2024-06-10	NULL	NULL	NULL	1	1.182	34475.1480	0-1 Year (Onboarding)	0
165	Customer Success	Supervisor/Lead	Supervisor/Lead - Customer Success	82177.67	1	4.23	48	Other	African American	2022-05-23	NULL	9.99	8.00	9.00	0	1.127	32871.0680	3+ Years (Tenured)	0
3646	Customer Success	Supervisor/Lead	Supervisor/Lead - Customer Success	62140.22	2	1.23	40	Male	Hispanic	2025-05-22	NULL	3.00	3.00	3.00	0	0.852	24856.0880	1-3 Years (Mid-Tenure)	0
847	Customer Success	Supervisor/Lead	Supervisor/Lead - Customer Success	72596.48	3	0.36	24	Female	NULL	2026-04-04	NULL	NULL	NULL	NULL	0	0.996	29038.5920	0-1 Year (Onboarding)	0
2346	Customer Success	Supervisor/Lead	Supervisor/Lead - Customer Success	77951.38	2	3.56	47	Other	Caucasian	2023-01-25	NULL	2.00	5.00	7.00	0	1.069	31180.5520	3+ Years (Tenured)	0
3210	Customer Success	Supervisor/Lead	Supervisor/Lead - Customer Success	58402.60	4	3.70	46	Non-Binary	Caucasian	2022-12-02	NULL	5.00	2.00	4.00	0	0.801	23361.0400	3+ Years (Tenured)	0
4089	Customer Success	Supervisor/Lead	Supervisor/Lead - Customer Success	59879.37	4	2.90	21	Female	African American	2023-09-20	NULL	6.00	5.00	4.00	0	0.821	23951.7480	1-3 Years (Mid-Tenure)	0
3826	Customer Success	Supervisor/Lead	Supervisor/Lead - Customer Success	75743.33	4	4.61	58	Male	African American	2022-01-04	NULL	3.00	1.00	2.00	0	1.039	30297.3320	3+ Years (Tenured)	1
3828	Customer Success	Supervisor/Lead	Supervisor/Lead - Customer Success	70402.43	5	4.79	48	Non-Binary	Hispanic	2021-11-01	NULL	6.00	9.99	6.00	0	0.965	28160.9720	3+ Years (Tenured)	0
299	IT Support	Assistant Manager	Assistant Manager - IT Support	98107.04	3	1.60	34	Other	NULL	2025-01-07	NULL	1.00	5.00	1.00	0	1.211	39242.8160	1-3 Years (Mid-Tenure)	0
2610	IT Support	Assistant Manager	Assistant Manager - IT Support	69978.22	3	4.14	29	NULL	Two or More	2022-06-27	NULL	9.99	5.00	8.00	0	0.864	27991.2880	3+ Years (Tenured)	0
1214	IT Support	Assistant Manager	Assistant Manager - IT Support	73660.72	3	1.62	43	NULL	Asian	2024-12-31	NULL	8.00	6.00	3.00	0	0.909	29464.2880	1-3 Years (Mid-Tenure)	0
2024	IT Support	Assistant Manager	Assistant Manager - IT Support	76290.01	4	0.63	41	Non-Binary	African American	2025-12-28	NULL	3.00	2.00	1.00	0	0.942	30516.0040	0-1 Year (Onboarding)	1
159	IT Support	Assistant Manager	Assistant Manager - IT Support	79493.18	4	4.44	33	Female	Caucasian	2022-03-07	NULL	3.00	2.00	2.00	0	0.981	31797.2720	3+ Years (Tenured)	1
988	IT Support	Assistant Manager	Assistant Manager - IT Support	95344.95	5	4.57	52	Other	African American	2022-01-20	NULL	6.00	8.00	6.00	0	1.177	38137.9800	3+ Years (Tenured)	0
254	IT Support	Assistant Manager	Assistant Manager - IT Support	72601.89	3	0.25	26	Other	Two or More	2023-09-05	2023-12-07	NULL	NULL	NULL	1	0.896	29040.7560	0-1 Year (Onboarding)	0
3402	IT Support	Assistant Manager	Assistant Manager - IT Support	91716.71	4	0.58	40	Non-Binary	Two or More	2026-01-17	NULL	8.00	4.00	7.00	0	1.132	36686.6840	0-1 Year (Onboarding)	0
3664	IT Support	Assistant Manager	Assistant Manager - IT Support	78361.95	5	3.25	38	Non-Binary	Asian	2023-05-18	NULL	6.00	8.00	6.00	0	0.967	31344.7800	3+ Years (Tenured)	0
2886	IT Support	Assistant Manager	Assistant Manager - IT Support	97102.47	3	1.07	39	Other	African American	2025-07-19	NULL	3.00	2.00	4.00	0	1.199	38840.9880	1-3 Years (Mid-Tenure)	0
3656	IT Support	Assistant Manager	Assistant Manager - IT Support	76413.90	4	4.38	37	Male	Hispanic	2022-04-01	NULL	7.00	4.00	2.00	0	0.943	30565.5600	3+ Years (Tenured)	0
1769	IT Support	Assistant Manager	Assistant Manager - IT Support	63142.26	3	4.47	31	Female	Hispanic	2022-02-27	NULL	4.00	3.00	1.00	0	0.779	25256.9040	3+ Years (Tenured)	0
1177	IT Support	Associate	Associate - IT Support	40501.99	4	1.65	36	Male	African American	2024-12-19	NULL	9.00	7.00	4.00	0	0.694	16200.7960	1-3 Years (Mid-Tenure)	0
4272	IT Support	Associate	Associate - IT Support	49529.66	4	2.41	24	Other	Asian	2024-03-17	NULL	6.00	5.00	3.00	0	0.848	19811.8640	1-3 Years (Mid-Tenure)	0
4275	IT Support	Associate	Associate - IT Support	66114.58	3	1.78	40	Male	Two or More	2024-11-05	NULL	7.00	1.00	6.00	0	1.132	26445.8320	1-3 Years (Mid-Tenure)	0
316	IT Support	Associate	Associate - IT Support	53221.04	3	1.28	46	Female	Two or More	2025-05-05	NULL	7.00	4.00	4.00	0	0.911	21288.4160	1-3 Years (Mid-Tenure)	0
2910	IT Support	Associate	Associate - IT Support	43071.50	3	3.76	50	Female	Two or More	2022-11-11	NULL	5.00	3.00	5.00	0	0.738	17228.6000	3+ Years (Tenured)	0
686	IT Support	Associate	Associate - IT Support	41672.61	3	3.48	32	Female	African American	2023-02-21	NULL	9.99	5.00	7.00	0	0.714	16669.0440	3+ Years (Tenured)	0
3989	IT Support	Associate	Associate - IT Support	70414.34	2	4.50	25	Female	Hispanic	2022-02-16	NULL	6.00	8.00	3.00	0	1.206	28165.7360	3+ Years (Tenured)	0
2889	IT Support	Associate	Associate - IT Support	49763.58	1	1.25	31	Non-Binary	Asian	2025-02-23	2026-05-27	9.00	7.00	6.00	1	0.852	19905.4320	1-3 Years (Mid-Tenure)	0
1590	IT Support	Associate	Associate - IT Support	43980.38	4	2.81	36	Non-Binary	Caucasian	2023-10-26	NULL	8.00	3.00	9.00	0	0.753	17592.1520	1-3 Years (Mid-Tenure)	0
1396	IT Support	Associate	Associate - IT Support	41567.04	4	4.61	54	Male	Two or More	2022-01-06	NULL	1.00	2.00	9.99	0	0.712	16626.8160	3+ Years (Tenured)	1
3358	IT Support	Associate	Associate - IT Support	47709.55	1	1.20	21	Female	Asian	2025-06-02	NULL	9.00	6.00	NULL	0	0.817	19083.8200	1-3 Years (Mid-Tenure)	0
4157	IT Support	Associate	Associate - IT Support	59186.28	3	1.65	49	Non-Binary	Hispanic	2023-03-18	2024-11-09	8.00	3.00	3.00	1	1.014	23674.5120	1-3 Years (Mid-Tenure)	0
3323	IT Support	Associate	Associate - IT Support	48803.67	1	0.28	59	Other	Asian	2026-05-05	NULL	9.00	5.00	8.00	0	0.836	19521.4680	0-1 Year (Onboarding)	0
1397	IT Support	Associate	Associate - IT Support	55260.65	3	0.99	38	Female	Asian	2025-08-18	NULL	8.00	4.00	3.00	0	0.946	22104.2600	0-1 Year (Onboarding)	0
4091	IT Support	Associate	Associate - IT Support	64026.42	1	1.62	51	Other	Caucasian	2022-12-11	2024-07-26	NULL	NULL	NULL	1	1.097	25610.5680	1-3 Years (Mid-Tenure)	0
2719	IT Support	Associate	Associate - IT Support	62999.68	3	3.91	56	Female	African American	2022-09-19	NULL	4.00	8.00	5.00	0	1.079	25199.8720	3+ Years (Tenured)	0
2964	IT Support	Associate	Associate - IT Support	62157.36	3	1.63	35	Female	Two or More	2024-12-28	NULL	4.00	2.00	5.00	0	1.065	24862.9440	1-3 Years (Mid-Tenure)	0
2935	IT Support	Associate	Associate - IT Support	41627.65	3	1.68	42	Female	Caucasian	2024-12-09	NULL	8.00	4.00	8.00	0	0.713	16651.0600	1-3 Years (Mid-Tenure)	0
2812	IT Support	Associate	Associate - IT Support	64302.37	4	1.76	43	Non-Binary	Hispanic	2024-11-11	NULL	4.00	5.00	2.00	0	1.101	25720.9480	1-3 Years (Mid-Tenure)	1
3972	IT Support	Associate	Associate - IT Support	62195.87	3	1.60	22	Male	Asian	2022-09-29	2024-05-05	7.00	6.00	3.00	1	1.065	24878.3480	1-3 Years (Mid-Tenure)	0
3973	IT Support	Associate	Associate - IT Support	45676.87	3	0.34	43	Female	Asian	2026-04-12	NULL	9.00	9.99	5.00	0	0.782	18270.7480	0-1 Year (Onboarding)	0
639	IT Support	Associate	associate - it support	71830.44	3	0.42	49	Other	Caucasian	2025-07-07	2025-12-06	8.00	8.00	9.99	1	1.230	28732.1760	0-1 Year (Onboarding)	0
1090	IT Support	Associate	Associate - IT Support	70049.54	4	3.63	37	Male	Hispanic	2022-12-30	NULL	4.00	1.00	1.00	0	1.200	28019.8160	3+ Years (Tenured)	1
3286	IT Support	Associate	Associate - IT Support	69512.94	2	0.98	54	Other	Hispanic	2025-08-23	NULL	7.00	8.00	4.00	0	1.191	27805.1760	0-1 Year (Onboarding)	0
2948	IT Support	Associate	Associate - IT Support	73016.47	5	4.24	28	Non-Binary	Two or More	2022-05-19	NULL	4.00	1.00	7.00	0	1.251	29206.5880	3+ Years (Tenured)	1
1330	IT Support	Associate	Associate - IT Support	59056.39	1	0.69	30	Other	Asian	2022-11-10	2023-07-21	NULL	NULL	NULL	1	1.011	23622.5560	0-1 Year (Onboarding)	0
3418	IT Support	Associate	Associate - IT Support	61008.02	4	1.27	38	Non-Binary	Caucasian	2025-05-10	NULL	7.00	7.00	4.00	0	1.045	24403.2080	1-3 Years (Mid-Tenure)	0
3978	IT Support	Associate	Associate - IT Support	71193.45	3	0.48	44	Male	Two or More	2026-01-12	2026-07-06	3.00	2.00	8.00	1	1.219	28477.3800	0-1 Year (Onboarding)	0
590	IT Support	Associate	Associate - IT Support	61983.00	4	0.52	37	Female	NULL	2026-02-06	NULL	5.00	5.00	1.00	0	1.062	24793.2000	0-1 Year (Onboarding)	0
1369	IT Support	Associate	Associate - IT Support	43319.59	5	1.52	54	Non-Binary	Asian	2025-02-06	NULL	5.00	9.00	3.00	0	0.742	17327.8360	1-3 Years (Mid-Tenure)	0
700	IT Support	Associate	Associate - IT Support	56152.40	3	0.14	43	Male	Two or More	2026-06-24	NULL	NULL	NULL	NULL	0	0.962	22460.9600	0-1 Year (Onboarding)	0
1173	IT Support	Associate	Associate - IT Support	65183.69	4	4.77	54	Female	Two or More	2021-11-08	NULL	4.00	5.00	3.00	0	1.116	26073.4760	3+ Years (Tenured)	1
1302	IT Support	Associate	Associate - IT Support	56532.00	4	5.04	31	Other	Asian	2021-08-02	NULL	5.00	7.00	7.00	0	0.968	22612.8000	3+ Years (Tenured)	0
2953	IT Support	Associate	Associate - IT Support	69444.40	4	0.08	48	Female	Two or More	2026-02-10	2026-03-12	NULL	NULL	NULL	1	1.189	27777.7600	0-1 Year (Onboarding)	0
1296	IT Support	Associate	Associate - IT Support	64910.18	4	1.09	50	Male	African American	2025-07-14	NULL	3.00	5.00	1.00	0	1.112	25964.0720	1-3 Years (Mid-Tenure)	1
1752	IT Support	Associate	Associate - IT Support	47161.77	3	2.12	24	Male	African American	2024-07-04	NULL	6.00	6.00	6.00	0	0.808	18864.7080	1-3 Years (Mid-Tenure)	0
236	IT Support	Associate	Associate - IT Support	67060.86	2	2.71	60	Female	African American	2023-11-30	NULL	8.00	4.00	9.99	0	1.149	26824.3440	1-3 Years (Mid-Tenure)	0
4198	IT Support	Associate	Associate - IT Support	65834.60	4	2.35	29	Non-Binary	African American	2024-04-10	NULL	7.00	3.00	3.00	0	1.128	26333.8400	1-3 Years (Mid-Tenure)	0
2916	IT Support	Associate	Associate - IT Support	74078.19	3	3.36	48	Male	African American	2023-04-08	NULL	3.00	6.00	7.00	0	1.269	29631.2760	3+ Years (Tenured)	0
1288	IT Support	Associate	Associate - IT Support	55416.58	5	1.03	22	Non-Binary	African American	2025-08-03	NULL	9.00	7.00	9.00	0	0.949	22166.6320	1-3 Years (Mid-Tenure)	0
2832	IT Support	Associate	Associate - IT Support	71212.25	3	0.20	38	Male	Asian	2026-06-02	NULL	9.99	7.00	9.00	0	1.220	28484.9000	0-1 Year (Onboarding)	0
3662	IT Support	Associate	Associate - IT Support	53404.51	3	5.11	56	Female	Hispanic	2021-07-07	NULL	5.00	6.00	7.00	0	0.915	21361.8040	3+ Years (Tenured)	0
4120	IT Support	Associate	Associate - IT Support	67779.18	5	3.51	27	Female	Two or More	2023-02-10	NULL	2.00	1.00	9.99	0	1.161	27111.6720	3+ Years (Tenured)	1
1481	IT Support	Associate	Associate - IT Support	40027.15	3	0.83	66	Female	Hispanic	2023-11-01	2024-08-31	3.00	4.00	1.00	1	0.686	16010.8600	0-1 Year (Onboarding)	0
1484	IT Support	Associate	Associate - IT Support	60845.96	1	0.13	37	Female	Two or More	2026-06-29	NULL	NULL	NULL	NULL	0	1.042	24338.3840	0-1 Year (Onboarding)	0
1487	IT Support	Associate	Associate - IT Support	68146.64	4	3.99	52	Non-Binary	Two or More	2022-08-21	NULL	9.00	8.00	9.99	0	1.167	27258.6560	3+ Years (Tenured)	0
1490	IT Support	Associate	Associate - IT Support	51859.66	3	2.25	42	Other	Two or More	2024-05-17	NULL	5.00	2.00	4.00	0	0.888	20743.8640	1-3 Years (Mid-Tenure)	0
227	IT Support	Associate	Associate - IT Support	55249.08	4	3.69	29	Non-Binary	Hispanic	2022-12-06	NULL	4.00	5.00	6.00	0	0.946	22099.6320	3+ Years (Tenured)	1
1636	IT Support	Associate	Associate - IT Support	50580.16	4	2.66	35	Non-Binary	Caucasian	2023-12-17	NULL	7.00	9.00	8.00	0	0.866	20232.0640	1-3 Years (Mid-Tenure)	0
1199	IT Support	Associate	Associate - IT Support	57822.02	4	2.18	31	Male	Two or More	2024-06-09	NULL	9.00	4.00	6.00	0	0.990	23128.8080	1-3 Years (Mid-Tenure)	0
95	IT Support	Associate	Associate - IT Support	46001.36	3	2.22	41	Male	Two or More	2024-05-27	NULL	3.00	1.00	1.00	0	0.788	18400.5440	1-3 Years (Mid-Tenure)	0
1630	IT Support	Associate	Associate - IT Support	69631.24	3	0.85	44	Other	Asian	2025-10-08	NULL	9.00	NULL	8.00	0	1.193	27852.4960	0-1 Year (Onboarding)	0
1478	IT Support	Associate	Associate - IT Support	51539.25	4	2.29	28	Non-Binary	Caucasian	2024-05-01	NULL	1.00	3.00	2.00	0	0.883	20615.7000	1-3 Years (Mid-Tenure)	1
4040	IT Support	Associate	Associate - IT Support	58429.32	3	0.62	42	Male	Hispanic	2025-02-25	2025-10-10	NULL	NULL	NULL	1	1.001	23371.7280	0-1 Year (Onboarding)	0
624	IT Support	Associate	Associate - IT Support	57856.60	3	0.96	41	Non-Binary	African American	2025-08-30	NULL	4.00	5.00	2.00	0	0.991	23142.6400	0-1 Year (Onboarding)	0
2824	IT Support	Associate	Associate - IT Support	41033.75	2	2.22	46	Female	Hispanic	2024-05-25	NULL	7.00	9.00	1.00	0	0.703	16413.5000	1-3 Years (Mid-Tenure)	0
1187	IT Support	Associate	Associate - IT Support	50481.28	2	1.28	31	Male	Asian	2024-02-16	2025-05-27	2.00	1.00	1.00	1	0.865	20192.5120	1-3 Years (Mid-Tenure)	0
2772	IT Support	Associate	Associate - IT Support	69647.66	4	2.24	38	Female	Two or More	2024-05-21	NULL	9.99	7.00	7.00	0	1.193	27859.0640	1-3 Years (Mid-Tenure)	0
647	IT Support	Associate	Associate - IT Support	56536.81	3	0.52	32	Male	Hispanic	2021-11-06	2022-05-15	NULL	NULL	NULL	0	0.968	22614.7240	0-1 Year (Onboarding)	0
2811	IT Support	Associate	Associate - IT Support	61394.01	3	4.23	29	Other	Caucasian	2022-05-24	NULL	8.00	9.99	9.99	0	1.051	24557.6040	3+ Years (Tenured)	0
1532	IT Support	Associate	Associate - IT Support	52566.72	1	3.12	34	Female	Asian	2023-07-05	NULL	4.00	5.00	2.00	0	0.900	21026.6880	3+ Years (Tenured)	0
3407	IT Support	Associate	Associate - IT Support	73872.05	3	4.94	45	Other	Caucasian	2021-09-08	NULL	4.00	3.00	5.00	0	1.265	29548.8200	3+ Years (Tenured)	0
1185	IT Support	Associate	Associate - IT Support	41380.49	5	0.67	47	Other	Asian	2022-04-06	2022-12-06	NULL	NULL	NULL	1	0.709	16552.1960	0-1 Year (Onboarding)	0
1610	IT Support	Associate	Associate - IT Support	59150.29	2	4.07	45	Male	Two or More	2022-07-20	NULL	8.00	NULL	8.00	0	1.013	23660.1160	3+ Years (Tenured)	0
2739	IT Support	Associate	Associate - IT Support	65654.99	4	0.77	33	Non-Binary	Caucasian	2025-11-08	NULL	1.00	4.00	2.00	0	1.124	26261.9960	0-1 Year (Onboarding)	1
4005	IT Support	Associate	Associate - IT Support	63822.76	3	3.26	43	Other	Caucasian	2023-05-14	NULL	5.00	6.00	5.00	0	1.093	25529.1040	3+ Years (Tenured)	0
1717	IT Support	Associate	Associate - IT Support	69749.90	3	4.13	36	Female	Asian	2022-06-29	NULL	6.00	5.00	3.00	0	1.195	27899.9600	3+ Years (Tenured)	0
3449	IT Support	Associate	Associate - IT Support	72836.31	3	4.25	22	Other	Two or More	2022-05-15	NULL	2.00	8.00	6.00	0	1.247	29134.5240	3+ Years (Tenured)	0
1263	IT Support	Associate	Associate - IT Support	71024.35	3	3.58	45	Male	African American	2023-01-16	NULL	6.00	9.00	7.00	0	1.216	28409.7400	3+ Years (Tenured)	0
3369	IT Support	Associate	Associate - IT Support	69641.79	4	3.13	21	Non-Binary	African American	2023-07-01	NULL	4.00	4.00	NULL	0	1.193	27856.7160	3+ Years (Tenured)	1
668	IT Support	Associate	Associate - IT Support	59032.63	2	1.36	36	Female	Caucasian	2025-04-05	NULL	7.00	8.00	5.00	0	1.011	23613.0520	1-3 Years (Mid-Tenure)	0
50	IT Support	Associate	Associate - IT Support	71225.26	1	0.33	25	Male	Two or More	2026-04-18	NULL	6.00	5.00	6.00	0	1.220	28490.1040	0-1 Year (Onboarding)	0
1437	IT Support	Associate	Associate - IT Support	72195.46	4	0.54	58	Other	African American	2026-01-30	NULL	7.00	6.00	2.00	0	1.236	28878.1840	0-1 Year (Onboarding)	0
4013	IT Support	Associate	Associate - IT Support	62756.49	4	1.55	32	Non-Binary	Caucasian	2025-01-25	NULL	8.00	7.00	9.99	0	1.075	25102.5960	1-3 Years (Mid-Tenure)	0
746	IT Support	Associate	Associate - IT Support	48712.22	4	3.47	31	Female	Two or More	2023-02-25	NULL	7.00	7.00	3.00	0	0.834	19484.8880	3+ Years (Tenured)	0
4057	IT Support	Associate	Associate - IT Support	44016.16	2	3.76	54	Non-Binary	Hispanic	2022-11-11	NULL	9.99	5.00	8.00	0	0.754	17606.4640	3+ Years (Tenured)	0
1419	IT Support	Associate	Associate - IT Support	46498.67	2	1.78	39	Male	Asian	2024-11-05	NULL	7.00	9.99	5.00	0	0.796	18599.4680	1-3 Years (Mid-Tenure)	0
2865	IT Support	Associate	Associate - IT Support	46774.42	3	0.58	32	Non-Binary	African American	2026-01-16	NULL	9.99	8.00	4.00	0	0.801	18709.7680	0-1 Year (Onboarding)	0
4238	IT Support	Associate	Associate - IT Support	67558.48	1	2.36	43	Female	African American	2024-02-07	2026-06-18	5.00	5.00	1.00	1	1.157	27023.3920	1-3 Years (Mid-Tenure)	0
3292	IT Support	Associate	Associate - IT Support	73385.06	2	4.88	21	Non-Binary	Hispanic	2021-09-28	NULL	8.00	9.00	7.00	0	1.257	29354.0240	3+ Years (Tenured)	0
1537	IT Support	Associate	Associate - IT Support	40228.34	3	3.30	31	Female	African American	2023-04-30	NULL	4.00	5.00	1.00	0	0.689	16091.3360	3+ Years (Tenured)	0
2742	IT Support	Associate	Associate - IT Support	62521.81	2	0.18	21	Non-Binary	Asian	2026-06-12	NULL	4.00	6.00	4.00	0	1.071	25008.7240	0-1 Year (Onboarding)	0
1154	IT Support	Associate	Associate - IT Support	72427.75	1	3.02	36	Non-Binary	Two or More	2023-05-03	2026-05-08	1.00	2.00	6.00	1	1.240	28971.1000	3+ Years (Tenured)	0
3442	IT Support	Associate	Associate - IT Support	67862.27	3	1.89	22	Female	Caucasian	2024-09-23	NULL	9.99	7.00	4.00	0	1.162	27144.9080	1-3 Years (Mid-Tenure)	0
2857	IT Support	Associate	Associate - IT Support	50113.99	3	2.84	51	Other	African American	2023-10-14	NULL	8.00	9.00	5.00	0	0.858	20045.5960	1-3 Years (Mid-Tenure)	0
1683	IT Support	Associate	Associate - IT Support	45325.86	2	0.75	47	Non-Binary	Hispanic	2025-11-13	NULL	3.00	4.00	9.00	0	0.776	18130.3440	0-1 Year (Onboarding)	0
731	IT Support	Associate	Associate - IT Support	51023.10	3	2.82	35	Non-Binary	Two or More	2023-08-15	2026-06-09	3.00	1.00	5.00	1	0.874	20409.2400	1-3 Years (Mid-Tenure)	0
306	IT Support	Associate	Associate - IT Support	65826.05	4	0.04	36	Female	Two or More	2026-07-30	NULL	NULL	NULL	NULL	0	1.127	26330.4200	0-1 Year (Onboarding)	0
493	IT Support	Associate	Associate - IT Support	40805.12	5	2.55	32	Male	Hispanic	2024-01-28	NULL	1.00	1.00	3.00	0	0.699	16322.0480	1-3 Years (Mid-Tenure)	1
3817	IT Support	Associate	Associate - IT Support	40807.26	2	3.03	51	Female	Asian	2022-11-10	2025-11-20	7.00	9.99	6.00	1	0.699	16322.9040	3+ Years (Tenured)	0
945	IT Support	Associate	Associate - IT Support	43202.87	4	1.36	49	Non-Binary	Hispanic	2025-04-07	NULL	4.00	3.00	4.00	0	0.740	17281.1480	1-3 Years (Mid-Tenure)	1
3814	IT Support	Associate	Associate - IT Support	72273.83	3	2.32	40	Non-Binary	Hispanic	2024-04-21	NULL	3.00	3.00	NULL	0	1.238	28909.5320	1-3 Years (Mid-Tenure)	0
3810	IT Support	Associate	Associate - IT Support	66485.35	5	2.22	49	Male	Two or More	2024-05-28	NULL	8.00	6.00	2.00	0	1.139	26594.1400	1-3 Years (Mid-Tenure)	0
2513	IT Support	Associate	Associate - IT Support	46441.86	4	1.90	24	Other	African American	2024-09-20	NULL	9.99	5.00	7.00	0	0.795	18576.7440	1-3 Years (Mid-Tenure)	0
3808	IT Support	Associate	Associate - IT Support	43738.07	3	0.44	30	Non-Binary	NULL	2026-03-09	NULL	9.99	9.99	7.00	0	0.749	17495.2280	0-1 Year (Onboarding)	0
13	IT Support	Associate	Associate - IT Support	50410.35	3	3.14	59	Other	African American	2023-06-25	NULL	8.00	4.00	4.00	0	0.863	20164.1400	3+ Years (Tenured)	0
926	IT Support	Associate	Associate - IT Support	50177.27	4	2.67	58	Other	Caucasian	2023-12-13	NULL	4.00	2.00	2.00	0	0.859	20070.9080	1-3 Years (Mid-Tenure)	1
2505	IT Support	Associate	Associate - IT Support	44271.15	3	2.02	52	Non-Binary	Two or More	2024-08-07	NULL	9.99	8.00	6.00	0	0.758	17708.4600	1-3 Years (Mid-Tenure)	0
2127	IT Support	Associate	Associate - IT Support	50647.44	4	0.84	30	Non-Binary	Asian	2025-10-13	NULL	5.00	2.00	3.00	0	0.867	20258.9760	0-1 Year (Onboarding)	0
946	IT Support	Associate	Associate - IT Support	67746.33	3	4.67	61	Male	Caucasian	2021-12-13	NULL	6.00	6.00	6.00	0	1.160	27098.5320	3+ Years (Tenured)	0
2498	IT Support	Associate	Associate - IT Support	67571.57	5	4.26	32	Female	African American	2022-05-12	NULL	8.00	6.00	5.00	0	1.157	27028.6280	3+ Years (Tenured)	0
2146	IT Support	Associate	Associate - IT Support	56508.96	4	4.26	43	Other	Asian	2021-09-03	2025-12-06	9.00	7.00	7.00	1	0.968	22603.5840	3+ Years (Tenured)	0
920	IT Support	Associate	Associate - IT Support	65031.20	3	1.01	35	Female	Two or More	2025-04-08	2026-04-11	8.00	9.99	9.99	1	1.114	26012.4800	1-3 Years (Mid-Tenure)	0
2166	IT Support	Associate	Associate - IT Support	48008.49	4	2.93	38	Female	Caucasian	2023-09-12	NULL	1.00	3.00	3.00	0	0.822	19203.3960	1-3 Years (Mid-Tenure)	1
3593	IT Support	Associate	Associate - IT Support	66057.91	5	3.25	35	Female	Asian	2023-05-16	NULL	5.00	4.00	1.00	0	1.131	26423.1640	3+ Years (Tenured)	0
3150	IT Support	Associate	Associate - IT Support	66988.65	3	0.44	46	Male	Hispanic	2026-03-06	NULL	6.00	1.00	1.00	0	1.147	26795.4600	0-1 Year (Onboarding)	0
917	IT Support	Associate	Associate - IT Support	64386.70	2	0.05	33	Other	Asian	2026-07-27	NULL	NULL	NULL	NULL	0	1.103	25754.6800	0-1 Year (Onboarding)	0
2482	IT Support	Associate	Associate - IT Support	72359.24	1	1.07	44	Male	Hispanic	2023-07-20	2024-08-12	6.00	6.00	6.00	1	1.239	28943.6960	1-3 Years (Mid-Tenure)	0
2479	IT Support	Associate	Associate - IT Support	48895.47	4	4.50	46	Female	Caucasian	2022-02-14	NULL	6.00	5.00	8.00	0	0.837	19558.1880	3+ Years (Tenured)	0
900	IT Support	Associate	Associate - IT Support	44266.35	4	2.96	37	Male	Two or More	2023-08-31	NULL	9.99	9.99	9.00	0	0.758	17706.5400	1-3 Years (Mid-Tenure)	0
975	IT Support	Associate	Associate - IT Support	69673.94	3	1.47	47	Female	Caucasian	2025-02-25	NULL	7.00	7.00	7.00	0	1.193	27869.5760	1-3 Years (Mid-Tenure)	0
3108	IT Support	Associate	Associate - IT Support	67860.16	2	4.51	34	Other	African American	2022-02-10	NULL	6.00	4.00	7.00	0	1.162	27144.0640	3+ Years (Tenured)	0
253	IT Support	Associate	Associate - IT Support	46976.59	3	1.16	28	Female	Two or More	2025-06-17	NULL	5.00	5.00	6.00	0	0.805	18790.6360	1-3 Years (Mid-Tenure)	0
396	IT Support	Associate	Associate - IT Support	56593.47	3	0.87	41	Female	Asian	2025-10-01	NULL	6.00	7.00	6.00	0	0.969	22637.3880	0-1 Year (Onboarding)	0
984	IT Support	Associate	Associate - IT Support	59673.82	3	1.69	35	Male	Caucasian	2024-12-05	NULL	7.00	2.00	4.00	0	1.022	23869.5280	1-3 Years (Mid-Tenure)	0
3253	IT Support	Associate	Associate - IT Support	68160.57	3	3.27	46	Female	Two or More	2023-05-08	NULL	8.00	7.00	NULL	0	1.167	27264.2280	3+ Years (Tenured)	0
978	IT Support	Associate	Associate - IT Support	53029.56	5	0.12	40	Female	Caucasian	2026-07-01	NULL	NULL	NULL	NULL	0	0.908	21211.8240	0-1 Year (Onboarding)	0
3552	IT Support	Associate	Associate - IT Support	61599.10	3	0.84	46	Female	Asian	2025-10-13	NULL	6.00	5.00	7.00	0	1.055	24639.6400	0-1 Year (Onboarding)	0
3123	IT Support	Associate	Associate - IT Support	68794.77	2	2.88	41	Non-Binary	Hispanic	2023-09-29	NULL	4.00	1.00	1.00	0	1.178	27517.9080	1-3 Years (Mid-Tenure)	0
2030	IT Support	Associate	Associate - IT Support	46505.31	2	1.66	46	NULL	Asian	2024-12-16	NULL	1.00	1.00	5.00	0	0.796	18602.1240	1-3 Years (Mid-Tenure)	0
2035	IT Support	Associate	Associate - IT Support	63172.80	3	3.91	52	Non-Binary	NULL	2022-09-17	NULL	6.00	4.00	9.99	0	1.082	25269.1200	3+ Years (Tenured)	0
10	IT Support	Associate	Associate - IT Support	71566.27	1	1.07	48	Other	Hispanic	2025-07-21	NULL	5.00	1.00	3.00	0	1.226	28626.5080	1-3 Years (Mid-Tenure)	0
398	IT Support	Associate	Associate - IT Support	51515.85	4	0.34	47	Female	NULL	2026-04-12	NULL	7.00	2.00	9.99	0	0.882	20606.3400	0-1 Year (Onboarding)	0
2044	IT Support	Associate	Associate - IT Support	43874.96	4	1.85	42	Female	Hispanic	2024-10-09	NULL	4.00	2.00	3.00	0	0.751	17549.9840	1-3 Years (Mid-Tenure)	1
2061	IT Support	Associate	Associate - IT Support	40075.37	3	4.52	42	Female	Caucasian	2022-02-09	NULL	9.00	4.00	9.00	0	0.686	16030.1480	3+ Years (Tenured)	0
3834	IT Support	Associate	Associate - IT Support	49372.42	3	3.06	58	Female	African American	2023-07-24	NULL	2.00	1.00	3.00	0	0.846	19748.9680	3+ Years (Tenured)	0
3831	IT Support	Associate	Associate - IT Support	70408.28	3	2.95	39	Female	Caucasian	2023-09-04	NULL	8.00	3.00	9.99	0	1.206	28163.3120	1-3 Years (Mid-Tenure)	0
2067	IT Support	Associate	Associate - IT Support	55681.61	4	0.93	50	Other	African American	2025-09-10	NULL	4.00	7.00	7.00	0	0.954	22272.6440	0-1 Year (Onboarding)	1
130	IT Support	Associate	Associate - IT Support	55716.01	3	3.70	33	Non-Binary	Two or More	2022-12-02	NULL	5.00	6.00	5.00	0	0.954	22286.4040	3+ Years (Tenured)	0
2084	IT Support	Associate	Associate - IT Support	62634.06	1	4.94	37	Other	Hispanic	2021-09-06	NULL	3.00	8.00	1.00	0	1.073	25053.6240	3+ Years (Tenured)	0
405	IT Support	Associate	Associate - IT Support	49099.71	3	2.15	32	Male	Hispanic	2024-06-22	NULL	8.00	9.00	7.00	0	0.841	19639.8840	1-3 Years (Mid-Tenure)	0
440	IT Support	Associate	Associate - IT Support	64973.98	5	0.18	52	Other	Two or More	2025-11-25	2026-01-30	NULL	NULL	NULL	1	1.113	25989.5920	0-1 Year (Onboarding)	0
8	IT Support	Associate	Associate - IT Support	70017.38	4	4.20	23	Other	Hispanic	2022-06-05	NULL	9.99	8.00	5.00	0	1.199	28006.9520	3+ Years (Tenured)	0
3629	IT Support	Associate	Associate - IT Support	50329.81	3	0.10	53	Other	Asian	2026-07-10	NULL	NULL	NULL	NULL	0	0.862	20131.9240	0-1 Year (Onboarding)	0
5	IT Support	Associate	Associate - IT Support	60349.33	3	1.37	38	Other	Hispanic	2025-04-01	NULL	5.00	6.00	1.00	0	1.034	24139.7320	1-3 Years (Mid-Tenure)	0
3717	IT Support	Associate	Associate - IT Support	64001.28	1	1.40	54	Female	Hispanic	2025-03-21	NULL	9.99	8.00	7.00	0	1.096	25600.5120	1-3 Years (Mid-Tenure)	0
3716	IT Support	Associate	Associate - IT Support	68372.48	3	1.12	35	Other	African American	2025-07-04	NULL	3.00	1.00	1.00	0	1.171	27348.9920	1-3 Years (Mid-Tenure)	0
3714	IT Support	Associate	Associate - IT Support	72751.22	5	4.44	35	Male	Asian	2022-03-07	NULL	6.00	7.00	8.00	0	1.246	29100.4880	3+ Years (Tenured)	0
3188	IT Support	Associate	Associate - IT Support	67899.08	5	0.75	44	Other	Hispanic	2024-08-05	2025-05-04	7.00	9.00	4.00	1	1.163	27159.6320	0-1 Year (Onboarding)	0
2304	IT Support	Associate	Associate - IT Support	52616.37	5	1.77	31	Other	Two or More	2024-11-08	NULL	5.00	3.00	5.00	0	0.901	21046.5480	1-3 Years (Mid-Tenure)	0
2311	IT Support	Associate	Associate - IT Support	73419.52	3	2.32	23	Non-Binary	Caucasian	2024-04-19	NULL	8.00	8.00	1.00	0	1.257	29367.8080	1-3 Years (Mid-Tenure)	0
3681	IT Support	Associate	Associate - IT Support	41973.20	2	3.50	32	Male	Asian	2023-02-14	NULL	7.00	3.00	4.00	0	0.719	16789.2800	3+ Years (Tenured)	0
2256	IT Support	Associate	Associate - IT Support	53151.59	2	3.80	31	Male	Hispanic	2022-10-29	NULL	4.00	1.00	6.00	0	0.910	21260.6360	3+ Years (Tenured)	0
451	IT Support	Associate	Associate - IT Support	45030.67	3	1.20	45	Non-Binary	Caucasian	2025-06-03	NULL	5.00	6.00	1.00	0	0.771	18012.2680	1-3 Years (Mid-Tenure)	0
2316	IT Support	Associate	Associate - IT Support	43777.54	3	4.34	49	Male	Caucasian	2022-04-15	NULL	9.00	4.00	4.00	0	0.750	17511.0160	3+ Years (Tenured)	0
168	IT Support	Associate	Associate - IT Support	66141.87	2	2.05	46	Non-Binary	Caucasian	2024-07-26	NULL	5.00	7.00	6.00	0	1.133	26456.7480	1-3 Years (Mid-Tenure)	0
448	IT Support	Associate	Associate - IT Support	66296.41	5	4.68	41	NULL	Hispanic	2021-12-09	NULL	7.00	9.00	2.00	0	1.135	26518.5640	3+ Years (Tenured)	0
854	IT Support	Associate	Associate - IT Support	68663.09	5	0.55	41	Male	Hispanic	2026-01-27	NULL	4.00	3.00	9.00	0	1.176	27465.2360	0-1 Year (Onboarding)	1
4439	IT Support	Associate	Associate - IT Support	54112.71	2	5.01	31	Female	Asian	2021-08-13	NULL	3.00	8.00	NULL	0	0.927	21645.0840	3+ Years (Tenured)	0
817	IT Support	Associate	Associate - IT Support	47465.56	2	4.94	56	Male	Hispanic	2021-09-07	NULL	6.00	3.00	5.00	0	0.813	18986.2240	3+ Years (Tenured)	0
2361	IT Support	Associate	Associate - IT Support	55122.79	4	2.41	38	Male	Caucasian	2024-03-17	NULL	8.00	9.99	9.99	0	0.944	22049.1160	1-3 Years (Mid-Tenure)	0
2369	IT Support	Associate	Associate - IT Support	48037.27	4	0.07	37	Non-Binary	Asian	2026-07-21	NULL	NULL	NULL	NULL	0	0.823	19214.9080	0-1 Year (Onboarding)	0
3171	IT Support	Associate	Associate - IT Support	62789.19	2	1.25	21	Non-Binary	Caucasian	2025-05-17	NULL	3.00	7.00	5.00	0	1.075	25115.6760	1-3 Years (Mid-Tenure)	0
3601	IT Support	Associate	Associate - IT Support	71920.80	4	4.20	37	Male	Asian	2022-06-04	NULL	9.99	9.99	2.00	0	1.232	28768.3200	3+ Years (Tenured)	0
895	IT Support	Associate	Associate - IT Support	53147.10	4	2.79	39	Female	Caucasian	2023-10-30	NULL	9.99	8.00	9.99	0	0.910	21258.8400	1-3 Years (Mid-Tenure)	0
2469	IT Support	Associate	Associate - IT Support	41807.91	4	0.64	29	Male	Two or More	2025-02-01	2025-09-24	4.00	9.00	5.00	1	0.716	16723.1640	0-1 Year (Onboarding)	1
2206	IT Support	Associate	Associate - IT Support	73996.14	1	0.64	41	Male	Asian	2025-12-24	NULL	7.00	8.00	4.00	0	1.267	29598.4560	0-1 Year (Onboarding)	0
2466	IT Support	Associate	Associate - IT Support	65796.24	3	1.69	29	Female	Caucasian	2024-09-22	2026-06-01	8.00	9.99	9.99	1	1.127	26318.4960	1-3 Years (Mid-Tenure)	0
2215	IT Support	Associate	Associate - IT Support	51200.59	3	4.17	47	Male	African American	2022-06-15	NULL	9.00	7.00	9.99	0	0.877	20480.2360	3+ Years (Tenured)	0
483	IT Support	Associate	Associate - IT Support	71647.74	2	2.43	30	Male	Hispanic	2024-03-12	NULL	8.00	7.00	6.00	0	1.227	28659.0960	1-3 Years (Mid-Tenure)	0
263	IT Support	Associate	Associate - IT Support	51792.42	4	1.54	50	Non-Binary	Two or More	2025-01-31	NULL	5.00	3.00	4.00	0	0.887	20716.9680	1-3 Years (Mid-Tenure)	0
425	IT Support	Associate	Associate - IT Support	52089.01	3	4.76	58	Female	African American	2021-11-13	NULL	1.00	3.00	2.00	0	0.892	20835.6040	3+ Years (Tenured)	0
3740	IT Support	Associate	Associate - IT Support	66834.10	3	1.35	38	Female	Hispanic	2025-04-11	NULL	9.99	9.99	5.00	0	1.145	26733.6400	1-3 Years (Mid-Tenure)	0
1783	IT Support	Associate	Associate - IT Support	61264.74	4	3.99	29	Male	African American	2022-08-21	NULL	4.00	3.00	4.00	0	1.049	24505.8960	3+ Years (Tenured)	1
3736	IT Support	Associate	Associate - IT Support	67559.57	3	2.90	62	Female	African American	2023-09-21	NULL	1.00	5.00	4.00	0	1.157	27023.8280	1-3 Years (Mid-Tenure)	0
2245	IT Support	Associate	Associate - IT Support	44322.26	3	4.68	31	Other	African American	2021-12-11	NULL	2.00	7.00	1.00	0	0.759	17728.9040	3+ Years (Tenured)	0
158	IT Support	Associate	Associate - IT Support	62544.44	3	0.76	38	Other	African American	2023-04-11	2024-01-13	NULL	NULL	NULL	1	1.071	25017.7760	0-1 Year (Onboarding)	0
2254	IT Support	Associate	Associate - IT Support	46831.44	4	4.73	38	Female	African American	2021-11-24	NULL	7.00	4.00	4.00	0	0.802	18732.5760	3+ Years (Tenured)	0
3221	IT Support	Associate	Associate - IT Support	63851.36	3	3.36	47	Other	Caucasian	2023-04-05	NULL	9.00	9.99	8.00	0	1.094	25540.5440	3+ Years (Tenured)	0
3618	IT Support	Associate	Associate - IT Support	73255.02	4	1.44	38	Female	Hispanic	2025-03-09	NULL	9.00	4.00	NULL	0	1.255	29302.0080	1-3 Years (Mid-Tenure)	0
3622	IT Support	Associate	Associate - IT Support	44501.49	4	2.74	45	Female	Hispanic	2023-11-18	NULL	6.00	8.00	2.00	0	0.762	17800.5960	1-3 Years (Mid-Tenure)	0
3626	IT Support	Associate	Associate - IT Support	48240.11	4	0.33	40	Male	Two or More	2026-04-16	NULL	4.00	7.00	7.00	0	0.826	19296.0440	0-1 Year (Onboarding)	1
3627	IT Support	Associate	Associate - IT Support	69553.68	4	0.04	39	Other	Asian	2026-07-31	NULL	NULL	NULL	NULL	0	1.191	27821.4720	0-1 Year (Onboarding)	0
1009	IT Support	Associate	Associate - IT Support	60938.54	2	4.72	43	Non-Binary	Hispanic	2021-11-25	NULL	3.00	4.00	4.00	0	1.044	24375.4160	3+ Years (Tenured)	0
2634	IT Support	Associate	Associate - IT Support	65624.19	4	0.83	42	Male	Hispanic	2025-10-17	NULL	6.00	9.99	5.00	0	1.124	26249.6760	0-1 Year (Onboarding)	0
3528	IT Support	Associate	Associate - IT Support	55347.40	2	3.02	39	NULL	Asian	2023-08-09	NULL	5.00	9.99	3.00	0	0.948	22138.9600	3+ Years (Tenured)	0
1000	IT Support	Associate	Associate - IT Support	50085.01	5	0.70	48	Non-Binary	Two or More	2025-12-01	NULL	9.99	6.00	9.99	0	0.858	20034.0040	0-1 Year (Onboarding)	0
4363	IT Support	Associate	Associate - IT Support	60736.97	2	0.07	34	Male	NULL	2026-07-20	NULL	NULL	NULL	NULL	0	1.040	24294.7880	0-1 Year (Onboarding)	0
3963	IT Support	Associate	Associate - IT Support	57209.94	3	2.46	48	Female	African American	2024-02-29	NULL	2.00	1.00	4.00	0	0.980	22883.9760	1-3 Years (Mid-Tenure)	0
1008	IT Support	Associate	Associate - IT Support	69515.49	5	2.67	36	Female	African American	2023-12-15	NULL	8.00	9.99	8.00	0	1.191	27806.1960	1-3 Years (Mid-Tenure)	0
3949	IT Support	Associate	Associate - IT Support	68836.00	2	0.86	56	Female	African American	2025-10-05	NULL	7.00	7.00	4.00	0	1.179	27534.4000	0-1 Year (Onboarding)	0
554	IT Support	Associate	Associate - IT Support	60073.83	2	0.09	63	Female	Asian	2025-04-12	2025-05-16	NULL	NULL	NULL	1	1.029	24029.5320	0-1 Year (Onboarding)	0
3887	IT Support	Associate	Associate - IT Support	43951.99	5	1.61	34	Other	African American	2025-01-06	NULL	2.00	3.00	1.00	0	0.753	17580.7960	1-3 Years (Mid-Tenure)	1
571	IT Support	Associate	Associate - IT Support	68298.22	4	3.73	56	Male	African American	2022-11-24	NULL	5.00	9.99	6.00	0	1.170	27319.2880	3+ Years (Tenured)	0
3272	IT Support	Associate	Associate - IT Support	60785.43	3	2.66	57	Female	Caucasian	2023-12-17	NULL	9.00	9.00	9.00	0	1.041	24314.1720	1-3 Years (Mid-Tenure)	0
3888	IT Support	Associate	Associate - IT Support	71969.43	4	0.59	48	Female	African American	2023-05-27	2023-12-29	NULL	NULL	NULL	1	1.233	28787.7720	0-1 Year (Onboarding)	0
4338	IT Support	Associate	Associate - IT Support	54757.06	5	4.24	21	Female	Caucasian	2022-05-21	NULL	8.00	8.00	9.99	0	0.938	21902.8240	3+ Years (Tenured)	0
765	IT Support	Associate	Associate - IT Support	57505.00	2	3.65	56	Male	Hispanic	2022-12-21	NULL	6.00	5.00	1.00	0	0.985	23002.0000	3+ Years (Tenured)	0
1800	IT Support	Associate	Associate - IT Support	54561.23	4	3.75	62	Non-Binary	African American	2022-11-14	NULL	3.00	5.00	7.00	0	0.934	21824.4920	3+ Years (Tenured)	1
4362	IT Support	Associate	Associate - IT Support	64323.30	3	0.86	29	Other	Caucasian	2025-10-04	NULL	4.00	5.00	1.00	0	1.102	25729.3200	0-1 Year (Onboarding)	0
1942	IT Support	Associate	Associate - IT Support	57771.05	4	1.21	46	Non-Binary	Caucasian	2025-05-31	NULL	8.00	6.00	7.00	0	0.989	23108.4200	1-3 Years (Mid-Tenure)	0
552	IT Support	Associate	Associate - IT Support	55631.09	5	0.66	39	Other	African American	2025-12-18	NULL	3.00	3.00	5.00	0	0.953	22252.4360	0-1 Year (Onboarding)	1
1940	IT Support	Associate	Associate - IT Support	60759.90	4	2.31	34	Other	NULL	2024-04-24	NULL	7.00	9.00	3.00	0	1.041	24303.9600	1-3 Years (Mid-Tenure)	0
1938	IT Support	Associate	Associate - IT Support	71224.60	5	0.35	42	Non-Binary	Hispanic	2026-04-09	NULL	5.00	1.00	4.00	0	1.220	28489.8400	0-1 Year (Onboarding)	0
1824	IT Support	Associate	Associate - IT Support	50973.27	3	2.86	36	Other	African American	2023-10-06	NULL	7.00	6.00	1.00	0	0.873	20389.3080	1-3 Years (Mid-Tenure)	0
3522	IT Support	Associate	Associate - IT Support	71361.95	4	2.22	38	Non-Binary	Hispanic	2023-05-27	2025-08-15	9.99	8.00	3.00	1	1.222	28544.7800	1-3 Years (Mid-Tenure)	0
2614	IT Support	Associate	Associate - IT Support	67634.91	5	0.87	30	Non-Binary	African American	2025-10-02	NULL	9.99	9.99	9.99	0	1.158	27053.9640	0-1 Year (Onboarding)	0
1023	IT Support	Associate	Associate - IT Support	71315.40	4	2.37	31	Female	Hispanic	2024-04-03	NULL	9.00	9.99	7.00	0	1.221	28526.1600	1-3 Years (Mid-Tenure)	0
1908	IT Support	Associate	Associate - IT Support	47192.89	3	0.09	33	Non-Binary	African American	2026-07-12	NULL	NULL	NULL	NULL	0	0.808	18877.1560	0-1 Year (Onboarding)	0
1019	IT Support	Associate	Associate - IT Support	56664.09	4	3.62	45	Male	African American	2023-01-01	NULL	9.99	5.00	1.00	0	0.970	22665.6360	3+ Years (Tenured)	0
3269	IT Support	Associate	Associate - IT Support	65047.09	4	0.23	59	Other	Two or More	2025-12-23	2026-03-18	NULL	NULL	NULL	1	1.114	26018.8360	0-1 Year (Onboarding)	0
1021	IT Support	Associate	Associate - IT Support	48900.95	5	1.27	42	Other	Two or More	2025-05-09	NULL	6.00	7.00	7.00	0	0.837	19560.3800	1-3 Years (Mid-Tenure)	0
1971	IT Support	Associate	Associate - IT Support	41914.86	4	1.97	58	Other	Caucasian	2024-08-26	NULL	5.00	2.00	5.00	0	0.718	16765.9440	1-3 Years (Mid-Tenure)	0
1839	IT Support	Associate	Associate - IT Support	54653.64	3	1.19	26	Non-Binary	Two or More	2025-06-08	NULL	3.00	3.00	1.00	0	0.936	21861.4560	1-3 Years (Mid-Tenure)	0
3940	IT Support	Associate	Associate - IT Support	57657.77	2	3.00	37	Non-Binary	NULL	2023-08-15	NULL	5.00	5.00	6.00	0	0.987	23063.1080	3+ Years (Tenured)	0
1982	IT Support	Associate	Associate - IT Support	42630.85	3	0.28	47	Other	Asian	2026-05-03	NULL	NULL	NULL	NULL	0	0.730	17052.3400	0-1 Year (Onboarding)	0
2581	IT Support	Associate	Associate - IT Support	56421.45	3	1.37	44	Non-Binary	Asian	2025-04-01	NULL	9.00	7.00	9.99	0	0.966	22568.5800	1-3 Years (Mid-Tenure)	0
2690	IT Support	Associate	Associate - IT Support	50218.82	4	0.14	25	Non-Binary	Two or More	2026-06-25	NULL	NULL	NULL	NULL	0	0.860	20087.5280	0-1 Year (Onboarding)	0
1855	IT Support	Associate	Associate - IT Support	73213.57	3	0.17	46	Male	Hispanic	2026-06-13	NULL	8.00	8.00	4.00	0	1.254	29285.4280	0-1 Year (Onboarding)	0
3867	IT Support	Associate	Associate - IT Support	68858.33	4	0.76	24	Male	African American	2025-11-10	NULL	5.00	9.99	3.00	0	1.179	27543.3320	0-1 Year (Onboarding)	0
1785	IT Support	Associate	Associate - IT Support	68758.71	3	2.00	57	Other	Two or More	2024-08-16	NULL	2.00	2.00	1.00	0	1.178	27503.4840	1-3 Years (Mid-Tenure)	0
3101	IT Support	Associate	Associate - IT Support	40747.42	3	4.76	39	Male	Two or More	2021-11-10	NULL	1.00	4.00	6.00	0	0.698	16298.9680	3+ Years (Tenured)	0
287	IT Support	Associate	Associate - IT Support	74368.89	3	0.67	51	Female	African American	2025-12-14	NULL	7.00	3.00	7.00	0	1.274	29747.5560	0-1 Year (Onboarding)	0
117	IT Support	Associate	Associate - IT Support	56261.41	3	4.41	43	Female	Two or More	2022-03-19	NULL	5.00	6.00	8.00	0	0.964	22504.5640	3+ Years (Tenured)	0
4372	IT Support	Associate	Associate - IT Support	56780.58	4	0.56	44	Non-Binary	African American	2026-01-24	NULL	8.00	9.99	9.00	0	0.972	22712.2320	0-1 Year (Onboarding)	0
1970	IT Support	Associate	Associate - IT Support	61599.50	1	1.71	42	Other	Two or More	2024-11-28	NULL	1.00	6.00	1.00	0	1.055	24639.8000	1-3 Years (Mid-Tenure)	0
995	IT Support	Associate	Associate - IT Support	65958.31	5	1.10	42	Male	Asian	2024-01-15	2025-02-20	5.00	6.00	1.00	1	1.130	26383.3240	1-3 Years (Mid-Tenure)	0
1795	IT Support	Associate	Associate - IT Support	62427.46	4	4.40	44	Other	Asian	2022-03-24	NULL	3.00	6.00	2.00	0	1.069	24970.9840	3+ Years (Tenured)	1
3926	IT Support	Associate	Associate - IT Support	58466.67	5	4.65	39	Non-Binary	NULL	2021-12-20	NULL	9.99	4.00	6.00	0	1.001	23386.6680	3+ Years (Tenured)	0
3274	IT Support	Associate	Associate - IT Support	67576.29	5	2.24	47	NULL	Asian	2024-05-20	NULL	5.00	5.00	8.00	0	1.157	27030.5160	1-3 Years (Mid-Tenure)	0
1081	IT Support	Associate	Associate - IT Support	44894.22	3	1.58	36	Non-Binary	Asian	2025-01-15	NULL	2.00	1.00	3.00	0	0.769	17957.6880	1-3 Years (Mid-Tenure)	0
4106	IT Support	Domain Director	Domain Director - IT Support	123925.31	4	3.18	30	Non-Binary	Caucasian	2023-06-11	NULL	4.00	2.00	5.00	0	0.918	49570.1240	3+ Years (Tenured)	1
2344	IT Support	Domain Director	Domain Director - IT Support	145963.52	4	2.51	36	Female	Hispanic	2024-02-11	NULL	9.99	3.00	4.00	0	1.082	58385.4080	1-3 Years (Mid-Tenure)	0
3025	IT Support	Manager	Manager - IT Support	94011.36	4	0.33	21	NULL	Caucasian	2026-04-15	NULL	9.99	8.00	5.00	0	1.063	37604.5440	0-1 Year (Onboarding)	0
1393	IT Support	Manager	Manager - IT Support	79673.71	4	1.64	55	Male	Asian	2024-12-23	NULL	4.00	NULL	NULL	0	0.901	31869.4840	1-3 Years (Mid-Tenure)	1
2140	IT Support	Manager	Manager - IT Support	116658.36	5	2.24	35	Other	Caucasian	2024-05-20	NULL	5.00	8.00	9.99	0	1.319	46663.3440	1-3 Years (Mid-Tenure)	0
1831	IT Support	Manager	Manager - IT Support	71184.82	2	0.56	51	Non-Binary	Caucasian	2026-01-23	NULL	7.00	4.00	7.00	0	0.805	28473.9280	0-1 Year (Onboarding)	0
2931	IT Support	Manager	Manager - IT Support	70686.03	4	1.09	43	Female	Asian	2025-07-13	NULL	9.00	7.00	6.00	0	0.799	28274.4120	1-3 Years (Mid-Tenure)	0
1217	IT Support	Manager	Manager - IT Support	101092.72	3	2.25	31	Non-Binary	Hispanic	2024-05-15	NULL	4.00	1.00	6.00	0	1.143	40437.0880	1-3 Years (Mid-Tenure)	0
4232	IT Support	Manager	Manager - IT Support	85887.11	3	0.37	42	Male	Asian	2022-01-21	2022-06-04	NULL	NULL	NULL	1	0.971	34354.8440	0-1 Year (Onboarding)	0
3755	IT Support	Supervisor/Lead	Supervisor/Lead - IT Support	68626.73	3	1.77	43	Non-Binary	NULL	2024-11-07	NULL	5.00	1.00	3.00	0	0.953	27450.6920	1-3 Years (Mid-Tenure)	0
486	IT Support	Supervisor/Lead	Supervisor/Lead - IT Support	84974.99	4	4.97	46	NULL	Caucasian	2021-08-28	NULL	9.99	6.00	3.00	0	1.180	33989.9960	3+ Years (Tenured)	0
3371	IT Support	Supervisor/Lead	Supervisor/Lead - IT Support	81577.77	4	3.14	49	NULL	NULL	2023-06-26	NULL	8.00	6.00	6.00	0	1.132	32631.1080	3+ Years (Tenured)	0
1373	IT Support	Supervisor/Lead	Supervisor/Lead - IT Support	77573.42	3	2.18	32	Male	Two or More	2024-06-12	NULL	9.00	6.00	5.00	0	1.077	31029.3680	1-3 Years (Mid-Tenure)	0
2267	IT Support	Supervisor/Lead	Supervisor/Lead - IT Support	57829.32	4	2.62	54	Other	Caucasian	2024-01-01	NULL	8.00	1.00	NULL	0	0.803	23131.7280	1-3 Years (Mid-Tenure)	0
3181	IT Support	Supervisor/Lead	Supervisor/Lead - IT Support	75123.31	3	1.27	43	Male	Asian	2025-05-08	NULL	9.00	6.00	2.00	0	1.043	30049.3240	1-3 Years (Mid-Tenure)	0
2635	IT Support	Supervisor/Lead	Supervisor/Lead - IT Support	79212.04	4	1.48	35	Other	Two or More	2025-02-22	NULL	2.00	1.00	2.00	0	1.100	31684.8160	1-3 Years (Mid-Tenure)	1
3915	IT Support	Supervisor/Lead	Supervisor/Lead - IT Support	64187.90	4	3.80	38	Non-Binary	Caucasian	2022-10-29	NULL	7.00	7.00	7.00	0	0.891	25675.1600	3+ Years (Tenured)	0
2411	IT Support	Supervisor/Lead	Supervisor/Lead - IT Support	82480.84	5	3.41	53	Non-Binary	African American	2023-03-21	NULL	5.00	5.00	6.00	0	1.145	32992.3360	3+ Years (Tenured)	0
1838	IT Support	Supervisor/Lead	Supervisor/Lead - IT Support	64201.91	3	2.10	53	Other	Two or More	2024-07-09	NULL	6.00	7.00	NULL	0	0.891	25680.7640	1-3 Years (Mid-Tenure)	0
2263	IT Support	Supervisor/Lead	Supervisor/Lead - IT Support	79818.02	4	3.16	37	Female	Caucasian	2023-06-19	NULL	4.00	4.00	2.00	0	1.108	31927.2080	3+ Years (Tenured)	1
3984	IT Support	Supervisor/Lead	Supervisor/Lead - IT Support	76755.73	2	3.41	41	Other	African American	2022-11-27	2026-04-26	8.00	9.99	8.00	1	1.065	30702.2920	3+ Years (Tenured)	0
335	IT Support	Supervisor/Lead	Supervisor/Lead - IT Support	73881.32	4	1.15	29	Female	Asian	2025-06-21	NULL	5.00	7.00	8.00	0	1.026	29552.5280	1-3 Years (Mid-Tenure)	0
340	IT Support	Supervisor/Lead	Supervisor/Lead - IT Support	65885.64	3	0.28	32	Other	Caucasian	2026-05-05	NULL	5.00	7.00	6.00	0	0.915	26354.2560	0-1 Year (Onboarding)	0
28	IT Support	Supervisor/Lead	Supervisor/Lead - IT Support	76513.85	1	2.59	43	Male	Caucasian	2024-01-13	NULL	2.00	1.00	1.00	0	1.062	30605.5400	1-3 Years (Mid-Tenure)	0
750	IT Support	Supervisor/Lead	Supervisor/Lead - IT Support	58250.38	4	2.69	28	Female	Two or More	2023-12-08	NULL	2.00	3.00	1.00	0	0.809	23300.1520	1-3 Years (Mid-Tenure)	1
138	IT Support	Supervisor/Lead	Supervisor/Lead - IT Support	72336.73	4	1.06	39	Male	African American	2025-07-23	NULL	5.00	3.00	4.00	0	1.004	28934.6920	1-3 Years (Mid-Tenure)	0
395	IT Support	Supervisor/Lead	Supervisor/Lead - IT Support	72982.28	5	4.58	46	Female	Asian	2022-01-15	NULL	6.00	5.00	4.00	0	1.013	29192.9120	3+ Years (Tenured)	0
1628	IT Support	Supervisor/Lead	Supervisor/Lead - IT Support	70514.45	3	2.02	33	Male	Asian	2024-08-07	NULL	6.00	6.00	9.99	0	0.979	28205.7800	1-3 Years (Mid-Tenure)	0
1556	IT Support	Supervisor/Lead	Supervisor/Lead - IT Support	84627.80	3	1.07	37	NULL	NULL	2025-07-19	NULL	2.00	4.00	4.00	0	1.175	33851.1200	1-3 Years (Mid-Tenure)	0
2771	IT Support	Supervisor/Lead	Supervisor/Lead - IT Support	87501.07	4	2.83	37	NULL	Caucasian	2023-10-18	NULL	5.00	2.00	6.00	0	1.215	35000.4280	1-3 Years (Mid-Tenure)	0
4285	IT Support	Supervisor/Lead	Supervisor/Lead - IT Support	69084.94	3	2.96	47	Male	Caucasian	2023-08-16	2026-08-02	3.00	1.00	1.00	1	0.959	27633.9760	1-3 Years (Mid-Tenure)	0
2356	IT Support	Supervisor/Lead	Supervisor/Lead - IT Support	55491.08	3	2.19	45	Male	Caucasian	2024-06-05	NULL	5.00	4.00	4.00	0	0.770	22196.4320	1-3 Years (Mid-Tenure)	0
3009	IT Support	Supervisor/Lead	Supervisor/Lead - IT Support	63227.28	4	1.24	38	Female	African American	2023-09-27	2024-12-22	5.00	8.00	2.00	1	0.878	25290.9120	1-3 Years (Mid-Tenure)	0
4183	IT Support	Supervisor/Lead	Supervisor/Lead - IT Support	76204.48	4	2.69	42	Other	African American	2023-12-07	NULL	4.00	4.00	3.00	0	1.058	30481.7920	1-3 Years (Mid-Tenure)	1
2094	IT Support	Supervisor/Lead	Supervisor/Lead - IT Support	58931.76	4	4.01	35	Other	Two or More	2022-08-11	NULL	2.00	4.00	3.00	0	0.818	23572.7040	3+ Years (Tenured)	1
4322	IT Support	Supervisor/Lead	Supervisor/Lead - IT Support	68060.24	5	4.80	21	Non-Binary	Asian	2021-10-29	NULL	5.00	4.00	2.00	0	0.945	27224.0960	3+ Years (Tenured)	0
1952	IT Support	Supervisor/Lead	Supervisor/Lead - IT Support	81397.71	4	3.66	35	Male	Asian	2022-12-17	NULL	8.00	6.00	8.00	0	1.130	32559.0840	3+ Years (Tenured)	0
3483	IT Support	Supervisor/Lead	Supervisor/Lead - IT Support	66633.72	3	1.61	41	Male	Two or More	2025-01-06	NULL	9.99	9.00	9.99	0	0.925	26653.4880	1-3 Years (Mid-Tenure)	0
4390	IT Support	Supervisor/Lead	Supervisor/Lead - IT Support	66005.44	4	0.72	41	Other	African American	2025-11-26	NULL	8.00	2.00	7.00	0	0.916	26402.1760	0-1 Year (Onboarding)	0
2477	IT Support	Supervisor/Lead	Supervisor/Lead - IT Support	74582.25	4	3.50	49	Male	African American	2023-02-15	NULL	9.00	9.00	7.00	0	1.035	29832.9000	3+ Years (Tenured)	0
872	IT Support	Supervisor/Lead	Supervisor/Lead - IT Support	79538.35	4	1.61	48	Non-Binary	Two or More	2025-01-03	NULL	6.00	9.99	4.00	0	1.104	31815.3400	1-3 Years (Mid-Tenure)	0
458	IT Support	Supervisor/Lead	Supervisor/Lead - IT Support	63368.45	3	1.63	23	Non-Binary	African American	2024-12-28	NULL	1.00	1.00	1.00	0	0.880	25347.3800	1-3 Years (Mid-Tenure)	0
3900	IT Support	Supervisor/Lead	Supervisor/Lead - IT Support	68240.18	2	1.62	31	Female	NULL	2024-05-18	2025-12-29	4.00	6.00	1.00	1	0.947	27296.0720	1-3 Years (Mid-Tenure)	0
2829	IT Support	Supervisor/Lead	Supervisor/Lead - IT Support	75876.16	3	4.43	45	Other	Asian	2022-03-11	NULL	5.00	5.00	6.00	0	1.053	30350.4640	3+ Years (Tenured)	0
1512	Security	Assistant Manager	Assistant Manager - Security	74709.86	4	3.22	58	Male	Hispanic	2023-05-28	NULL	5.00	8.00	1.00	0	0.988	29883.9440	3+ Years (Tenured)	0
4223	Security	Assistant Manager	Assistant Manager - Security	83103.92	4	2.51	25	Male	Caucasian	2024-02-10	NULL	4.00	4.00	5.00	0	1.099	33241.5680	1-3 Years (Mid-Tenure)	1
4181	Security	Assistant Manager	Assistant Manager - Security	78049.19	5	4.01	50	Female	Two or More	2022-08-11	NULL	3.00	5.00	1.00	0	1.032	31219.6760	3+ Years (Tenured)	1
863	Security	Assistant Manager	Assistant Manager - Security	75387.04	5	1.73	45	Female	Caucasian	2024-11-23	NULL	2.00	3.00	1.00	0	0.997	30154.8160	1-3 Years (Mid-Tenure)	1
474	Security	Assistant Manager	Assistant Manager - Security	64875.21	3	0.36	53	Other	Hispanic	2026-04-06	NULL	3.00	3.00	1.00	0	0.858	25950.0840	0-1 Year (Onboarding)	0
2989	Security	Assistant Manager	Assistant Manager - Security	62698.19	3	4.12	39	Female	African American	2022-07-04	NULL	4.00	1.00	3.00	0	0.829	25079.2760	3+ Years (Tenured)	0
2779	Security	Assistant Manager	Assistant Manager - Security	72780.11	4	3.95	35	Non-Binary	Asian	2022-09-03	NULL	9.99	9.00	3.00	0	0.962	29112.0440	3+ Years (Tenured)	0
914	Security	Assistant Manager	Assistant Manager - Security	93497.39	2	4.58	44	Female	NULL	2022-01-17	NULL	8.00	4.00	7.00	0	1.236	37398.9560	3+ Years (Tenured)	0
3212	Security	Associate	Associate - Security	48263.85	4	1.63	37	Non-Binary	African American	2024-12-29	NULL	7.00	9.99	6.00	0	0.834	19305.5400	1-3 Years (Mid-Tenure)	0
2365	Security	Associate	Associate - Security	58146.51	3	4.28	48	Male	Asian	2022-05-07	NULL	5.00	5.00	7.00	0	1.005	23258.6040	3+ Years (Tenured)	0
2983	Security	Associate	Associate - Security	45051.57	5	3.70	31	Other	Two or More	2021-12-28	2025-09-07	2.00	5.00	5.00	1	0.779	18020.6280	3+ Years (Tenured)	1
822	Security	Associate	Associate - Security	44199.53	4	3.72	44	Female	Caucasian	2022-11-25	NULL	1.00	4.00	5.00	0	0.764	17679.8120	3+ Years (Tenured)	1
1313	Security	Associate	Associate - Security	47477.65	3	0.41	37	Male	Two or More	2026-03-17	NULL	7.00	4.00	9.99	0	0.821	18991.0600	0-1 Year (Onboarding)	0
2949	Security	Associate	Associate - Security	68729.84	3	0.64	34	Female	Hispanic	2025-06-01	2026-01-19	5.00	4.00	3.00	1	1.188	27491.9360	0-1 Year (Onboarding)	0
1086	Security	Associate	Associate - Security	47257.53	5	4.92	36	Other	Caucasian	2021-09-13	NULL	7.00	1.00	6.00	0	0.817	18903.0120	3+ Years (Tenured)	0
3216	Security	Associate	Associate - Security	48820.53	1	0.09	50	Female	Hispanic	2022-11-23	2022-12-25	NULL	NULL	NULL	1	0.844	19528.2120	0-1 Year (Onboarding)	0
4204	Security	Associate	Associate - Security	52519.21	1	0.81	40	Other	Asian	2025-10-22	NULL	5.00	7.00	1.00	0	0.908	21007.6840	0-1 Year (Onboarding)	0
1297	Security	Associate	Associate - Security	56407.56	4	4.58	28	Female	African American	2022-01-15	NULL	9.00	7.00	9.99	0	0.975	22563.0240	3+ Years (Tenured)	0
3064	Security	Associate	Associate - Security	47234.27	5	0.90	41	Other	Hispanic	2023-10-11	2024-09-04	9.00	8.00	8.00	1	0.816	18893.7080	0-1 Year (Onboarding)	0
1057	Security	Associate	Associate - Security	60107.47	5	2.43	35	Female	African American	2024-03-12	NULL	8.00	6.00	9.99	0	1.039	24042.9880	1-3 Years (Mid-Tenure)	0
1287	Security	Associate	Associate - Security	50780.62	3	3.38	49	Male	Caucasian	2023-04-01	NULL	4.00	2.00	4.00	0	0.878	20312.2480	3+ Years (Tenured)	0
971	Security	Associate	Associate - Security	48378.31	4	3.07	40	Female	Caucasian	2023-07-23	NULL	3.00	6.00	6.00	0	0.836	19351.3240	3+ Years (Tenured)	1
4292	Security	Associate	Associate - Security	42901.93	3	2.19	27	Female	Caucasian	2024-06-06	NULL	2.00	4.00	3.00	0	0.742	17160.7720	1-3 Years (Mid-Tenure)	0
3035	Security	Associate	Associate - Security	48693.84	3	0.71	33	Female	Two or More	2025-11-28	NULL	1.00	1.00	5.00	0	0.842	19477.5360	0-1 Year (Onboarding)	0
3242	Security	Associate	Associate - Security	49615.91	3	0.52	44	Female	Hispanic	2026-02-08	NULL	9.99	7.00	9.99	0	0.858	19846.3640	0-1 Year (Onboarding)	0
940	Security	Associate	Associate - Security	57549.24	3	1.61	36	Other	African American	2025-01-05	NULL	5.00	6.00	4.00	0	0.995	23019.6960	1-3 Years (Mid-Tenure)	0
1186	Security	Associate	Associate - Security	53198.83	4	3.26	34	Female	Caucasian	2023-05-14	NULL	9.99	7.00	9.99	0	0.920	21279.5320	3+ Years (Tenured)	0
4287	Security	Associate	Associate - Security	73935.50	4	0.66	40	Other	Asian	2023-12-24	2024-08-22	NULL	NULL	NULL	1	1.278	29574.2000	0-1 Year (Onboarding)	0
999	Security	Associate	Associate - Security	50705.55	5	4.01	21	NULL	African American	2022-08-14	NULL	6.00	7.00	7.00	0	0.877	20282.2200	3+ Years (Tenured)	0
952	Security	Associate	Associate - Security	41617.93	2	4.68	31	Other	Hispanic	2021-12-11	NULL	7.00	5.00	4.00	0	0.719	16647.1720	3+ Years (Tenured)	0
3130	Security	Associate	Associate - Security	69421.99	3	4.01	41	Female	Hispanic	2022-08-11	NULL	8.00	6.00	3.00	0	1.200	27768.7960	3+ Years (Tenured)	0
1147	Security	Associate	Associate - Security	42800.31	3	0.27	34	Other	Caucasian	2026-05-08	NULL	4.00	4.00	NULL	0	0.740	17120.1240	0-1 Year (Onboarding)	0
3305	Security	Associate	Associate - Security	47667.54	2	1.05	43	Non-Binary	Asian	2021-08-04	2022-08-23	NULL	NULL	NULL	1	0.824	19067.0160	1-3 Years (Mid-Tenure)	0
1174	Security	Associate	Associate - Security	48782.53	4	1.36	42	Male	African American	2025-04-07	NULL	4.00	3.00	9.00	0	0.843	19513.0120	1-3 Years (Mid-Tenure)	1
1149	Security	Associate	Associate - Security	63035.92	3	3.75	56	Female	African American	2022-11-16	NULL	2.00	2.00	8.00	0	1.090	25214.3680	3+ Years (Tenured)	0
1171	Security	Associate	Associate - Security	65621.25	4	4.60	31	Other	African American	2022-01-10	NULL	7.00	5.00	3.00	0	1.134	26248.5000	3+ Years (Tenured)	0
1168	Security	Associate	Associate - Security	56451.88	4	2.78	32	Male	Asian	2023-11-03	NULL	5.00	1.00	2.00	0	0.976	22580.7520	1-3 Years (Mid-Tenure)	0
977	Security	Associate	Associate - Security	42972.76	3	3.14	21	Other	Asian	2023-06-26	NULL	4.00	4.00	9.99	0	0.743	17189.1040	3+ Years (Tenured)	0
991	Security	Associate	Associate - Security	73524.63	3	1.52	40	Other	Caucasian	2025-02-05	NULL	9.99	8.00	9.99	0	1.271	29409.8520	1-3 Years (Mid-Tenure)	0
783	Security	Associate	Associate - Security	57699.49	3	0.83	42	Female	African American	2023-08-23	2024-06-22	NULL	NULL	NULL	1	0.997	23079.7960	0-1 Year (Onboarding)	0
989	Security	Associate	Associate - Security	66792.78	3	4.80	43	Other	Caucasian	2021-10-27	NULL	1.00	1.00	4.00	0	1.155	26717.1120	3+ Years (Tenured)	0
3023	Security	Associate	Associate - Security	69271.45	3	4.77	46	Non-Binary	Two or More	2021-11-07	NULL	4.00	6.00	2.00	0	1.197	27708.5800	3+ Years (Tenured)	0
4299	Security	Associate	Associate - Security	47341.19	2	3.57	40	Non-Binary	Caucasian	2023-01-19	NULL	4.00	3.00	4.00	0	0.818	18936.4760	3+ Years (Tenured)	0
4211	Security	Associate	Associate - Security	52926.28	5	1.31	46	Male	African American	2023-09-25	2025-01-14	7.00	7.00	5.00	1	0.915	21170.5120	1-3 Years (Mid-Tenure)	0
4344	Security	Associate	Associate - Security	55912.53	4	1.15	64	Male	African American	2025-06-21	NULL	9.99	9.99	4.00	0	0.967	22365.0120	1-3 Years (Mid-Tenure)	0
4346	Security	Associate	Associate - Security	71043.76	3	1.91	29	Non-Binary	Two or More	2024-09-16	NULL	2.00	1.00	1.00	0	1.228	28417.5040	1-3 Years (Mid-Tenure)	0
3222	Security	Associate	Associate - Security	72812.69	4	3.67	43	Female	Two or More	2022-12-16	NULL	7.00	5.00	6.00	0	1.259	29125.0760	3+ Years (Tenured)	0
1109	Security	Associate	Associate - Security	52897.78	3	4.82	37	Non-Binary	Asian	2021-10-22	NULL	3.00	3.00	1.00	0	0.914	21159.1120	3+ Years (Tenured)	0
806	Security	Associate	Associate - Security	73294.05	5	0.21	48	Non-Binary	Hispanic	2026-06-01	NULL	8.00	9.99	7.00	0	1.267	29317.6200	0-1 Year (Onboarding)	0
4410	Security	Associate	Associate - Security	66022.28	3	3.10	34	Non-Binary	Caucasian	2023-07-10	NULL	7.00	6.00	2.00	0	1.141	26408.9120	3+ Years (Tenured)	0
3225	Security	Associate	Associate - Security	60013.75	3	0.82	35	Non-Binary	African American	2025-10-20	NULL	8.00	9.99	7.00	0	1.037	24005.5000	0-1 Year (Onboarding)	0
1113	Security	Associate	Associate - Security	72236.50	2	2.76	43	Female	Hispanic	2023-11-11	NULL	8.00	9.99	8.00	0	1.249	28894.6000	1-3 Years (Mid-Tenure)	0
756	Security	Associate	Associate - Security	63884.92	3	3.88	40	Female	Hispanic	2022-09-27	NULL	2.00	3.00	2.00	0	1.104	25553.9680	3+ Years (Tenured)	0
2981	Security	Associate	Associate - Security	40826.26	2	2.40	38	Other	African American	2024-03-21	NULL	4.00	6.00	4.00	0	0.706	16330.5040	1-3 Years (Mid-Tenure)	0
47	Security	Associate	Associate - Security	59012.09	3	1.50	43	Other	Two or More	2025-02-12	NULL	5.00	7.00	5.00	0	1.020	23604.8360	1-3 Years (Mid-Tenure)	0
3309	Security	Associate	Associate - Security	73733.22	1	3.29	48	Female	Asian	2021-11-16	2025-03-02	7.00	9.99	5.00	1	1.275	29493.2880	3+ Years (Tenured)	0
4354	Security	Associate	Associate - Security	69098.33	5	4.81	31	Other	Caucasian	2021-10-25	NULL	5.00	6.00	5.00	0	1.194	27639.3320	3+ Years (Tenured)	0
4252	Security	Associate	Associate - Security	47557.18	4	3.61	29	Male	African American	2023-01-05	NULL	7.00	6.00	6.00	0	0.822	19022.8720	3+ Years (Tenured)	0
12	Security	Associate	Associate - Security	49298.39	3	0.99	37	Female	Asian	2025-04-23	2026-04-18	9.00	8.00	9.00	1	0.852	19719.3560	0-1 Year (Onboarding)	0
1191	Security	Associate	Associate - Security	40526.57	4	0.45	34	Other	Two or More	2026-03-05	NULL	6.00	7.00	7.00	0	0.701	16210.6280	0-1 Year (Onboarding)	0
4295	Security	Associate	Associate - Security	66462.76	4	4.85	35	Male	Caucasian	2021-10-08	NULL	9.99	9.99	5.00	0	1.149	26585.1040	3+ Years (Tenured)	0
274	Security	Associate	Associate - Security	62093.58	2	4.61	31	Other	NULL	2022-01-07	NULL	7.00	5.00	7.00	0	1.073	24837.4320	3+ Years (Tenured)	0
620	Security	Associate	Associate - Security	55196.93	3	4.10	40	Female	Caucasian	2022-05-30	2026-07-04	7.00	5.00	4.00	1	0.954	22078.7720	3+ Years (Tenured)	0
3783	Security	Associate	Associate - Security	52671.07	4	1.41	21	Male	African American	2025-03-17	NULL	6.00	2.00	NULL	0	0.910	21068.4280	1-3 Years (Mid-Tenure)	0
3772	Security	Associate	Associate - Security	46303.68	2	4.27	24	NULL	African American	2022-02-05	2026-05-14	9.99	9.99	8.00	1	0.800	18521.4720	3+ Years (Tenured)	0
587	Security	Associate	Associate - Security	72263.53	5	4.90	58	Other	Caucasian	2021-09-20	NULL	3.00	5.00	5.00	0	1.249	28905.4120	3+ Years (Tenured)	1
3459	Security	Associate	Associate - Security	57721.39	4	2.94	36	Non-Binary	Hispanic	2023-09-08	NULL	9.99	7.00	4.00	0	0.998	23088.5560	1-3 Years (Mid-Tenure)	0
1730	Security	Associate	Associate - Security	62567.45	4	1.28	23	Non-Binary	Two or More	2024-11-20	2026-03-02	4.00	2.00	7.00	1	1.082	25026.9800	1-3 Years (Mid-Tenure)	1
413	Security	Associate	Associate - Security	49249.44	2	3.72	34	Male	Two or More	2022-11-28	NULL	6.00	6.00	3.00	0	0.851	19699.7760	3+ Years (Tenured)	0
3761	Security	Associate	associate - security	52408.74	5	2.19	35	Female	African American	2024-06-07	NULL	7.00	5.00	7.00	0	0.906	20963.4960	1-3 Years (Mid-Tenure)	0
2726	Security	Associate	Associate - Security	71915.17	3	1.77	38	NULL	Asian	2024-11-07	NULL	3.00	5.00	9.00	0	1.243	28766.0680	1-3 Years (Mid-Tenure)	0
4006	Security	Associate	Associate - Security	49376.60	2	3.98	51	Female	Asian	2022-08-23	NULL	8.00	9.00	6.00	0	0.854	19750.6400	3+ Years (Tenured)	0
1708	Security	Associate	Associate - Security	71513.83	3	0.80	22	Non-Binary	NULL	2024-05-14	2025-03-01	NULL	NULL	NULL	1	1.236	28605.5320	0-1 Year (Onboarding)	0
1707	Security	Associate	Associate - Security	72749.14	4	3.62	46	Non-Binary	Hispanic	2023-01-02	NULL	7.00	4.00	3.00	0	1.258	29099.6560	3+ Years (Tenured)	0
1689	Security	Associate	Associate - Security	68878.47	4	3.82	48	Female	Hispanic	2022-10-19	NULL	4.00	6.00	3.00	0	1.191	27551.3880	3+ Years (Tenured)	1
1678	Security	Associate	ASSOCIATE - SECURITY	60434.29	2	1.81	21	Female	Hispanic	2024-10-24	NULL	3.00	6.00	1.00	0	1.045	24173.7160	1-3 Years (Mid-Tenure)	0
1663	Security	Associate	Associate - Security	50827.31	1	4.15	40	Non-Binary	Two or More	2022-06-23	NULL	2.00	9.00	5.00	0	0.879	20330.9240	3+ Years (Tenured)	0
618	Security	Associate	Associate - Security	56241.52	2	2.18	21	Male	African American	2022-05-26	2024-07-31	6.00	NULL	6.00	1	0.972	22496.6080	1-3 Years (Mid-Tenure)	0
110	Security	Associate	Associate - Security	41066.80	5	3.55	38	NULL	Two or More	2023-01-29	NULL	8.00	4.00	5.00	0	0.710	16426.7200	3+ Years (Tenured)	0
2202	Security	Associate	Associate - Security	72399.82	4	3.46	66	Male	Hispanic	2023-03-01	NULL	3.00	1.00	4.00	0	1.252	28959.9280	3+ Years (Tenured)	1
1650	Security	Associate	Associate - Security	69192.67	3	3.02	44	Female	Caucasian	2023-08-10	NULL	1.00	3.00	5.00	0	1.196	27677.0680	3+ Years (Tenured)	0
1646	Security	Associate	Associate - Security	47332.42	3	0.84	33	Female	Asian	2025-03-17	2026-01-16	4.00	1.00	6.00	1	0.818	18932.9680	0-1 Year (Onboarding)	0
2763	Security	Associate	Associate - Security	66176.80	2	2.02	21	Female	Caucasian	2024-08-07	NULL	5.00	8.00	3.00	0	1.144	26470.7200	1-3 Years (Mid-Tenure)	0
2213	Security	Associate	ASSOCIATE - SECURITY	40183.65	3	1.39	25	Non-Binary	African American	2022-09-03	2024-01-24	NULL	NULL	NULL	1	0.695	16073.4600	1-3 Years (Mid-Tenure)	0
422	Security	Associate	Associate - Security	68955.14	5	3.38	34	Male	Caucasian	2023-04-01	NULL	9.99	8.00	6.00	0	1.192	27582.0560	3+ Years (Tenured)	0
631	Security	Associate	Associate - Security	74739.98	3	0.15	38	Non-Binary	Caucasian	2026-06-23	NULL	NULL	NULL	NULL	0	1.292	29895.9920	0-1 Year (Onboarding)	0
3604	Security	Associate	Associate - Security	72845.72	4	4.75	36	Male	African American	2021-11-15	NULL	5.00	4.00	7.00	0	1.259	29138.2880	3+ Years (Tenured)	0
3426	Security	Associate	Associate - Security	69034.72	4	3.27	29	Female	Hispanic	2023-05-10	NULL	8.00	8.00	3.00	0	1.193	27613.8880	3+ Years (Tenured)	0
3605	Security	Associate	Associate - Security	46574.56	3	0.79	30	Non-Binary	Asian	2025-10-31	NULL	7.00	6.00	7.00	0	0.805	18629.8240	0-1 Year (Onboarding)	0
637	Security	Associate	Associate - Security	70330.48	1	3.39	65	Male	Asian	2023-03-25	NULL	6.00	4.00	6.00	0	1.216	28132.1920	3+ Years (Tenured)	0
4079	Security	Associate	Associate - Security	71650.83	4	2.58	36	Male	African American	2024-01-18	NULL	9.00	4.00	6.00	0	1.239	28660.3320	1-3 Years (Mid-Tenure)	0
1568	Security	Associate	Associate - Security	51683.62	2	0.90	40	Other	NULL	2025-09-21	NULL	9.99	9.99	9.99	0	0.893	20673.4480	0-1 Year (Onboarding)	0
362	Security	Associate	Associate - Security	67834.34	3	1.38	29	Male	Asian	2025-02-28	2026-07-16	5.00	3.00	5.00	1	1.173	27133.7360	1-3 Years (Mid-Tenure)	0
81	Security	Associate	Associate - Security	52319.52	4	0.38	34	Male	Asian	2026-03-28	NULL	6.00	5.00	6.00	0	0.904	20927.8080	0-1 Year (Onboarding)	0
3914	Security	Associate	Associate - Security	58124.23	3	1.06	41	Female	Hispanic	2025-07-25	NULL	9.99	2.00	6.00	0	1.005	23249.6920	1-3 Years (Mid-Tenure)	0
534	Security	Associate	Associate - Security	40654.60	3	3.42	37	Male	Asian	2022-10-16	2026-03-19	9.99	9.00	3.00	1	0.703	16261.8400	3+ Years (Tenured)	0
2582	Security	Associate	Associate - Security	65232.97	3	1.82	55	Male	Hispanic	2024-10-21	NULL	7.00	7.00	7.00	0	1.128	26093.1880	1-3 Years (Mid-Tenure)	0
1997	Security	Associate	Associate - Security	68195.46	3	4.47	48	Male	African American	2022-02-25	NULL	7.00	2.00	9.00	0	1.179	27278.1840	3+ Years (Tenured)	0
3858	Security	Associate	Associate - Security	52758.76	3	1.10	26	Male	Hispanic	2025-07-10	NULL	8.00	9.00	2.00	0	0.912	21103.5040	1-3 Years (Mid-Tenure)	0
1961	Security	Associate	Associate - Security	54393.87	2	3.82	52	Female	NULL	2022-10-19	NULL	4.00	3.00	1.00	0	0.940	21757.5480	3+ Years (Tenured)	0
1960	Security	Associate	Associate - Security	46043.29	4	0.39	30	Female	Two or More	2026-03-27	NULL	8.00	3.00	1.00	0	0.796	18417.3160	0-1 Year (Onboarding)	0
2595	Security	Associate	Associate - Security	53923.88	3	2.25	48	Other	Caucasian	2024-05-15	NULL	8.00	9.99	7.00	0	0.932	21569.5520	1-3 Years (Mid-Tenure)	0
2015	Security	Associate	Associate - Security	40879.70	3	1.88	33	Non-Binary	African American	2024-09-26	NULL	9.99	NULL	4.00	0	0.707	16351.8800	1-3 Years (Mid-Tenure)	0
2598	Security	Associate	Associate - Security	54349.00	3	2.36	47	Other	Hispanic	2024-04-07	NULL	2.00	6.00	1.00	0	0.939	21739.6000	1-3 Years (Mid-Tenure)	0
1955	Security	Associate	Associate - Security	74427.02	5	1.38	47	Other	Hispanic	2025-03-29	NULL	1.00	NULL	1.00	0	1.287	29770.8080	1-3 Years (Mid-Tenure)	1
3852	Security	Associate	Associate - Security	45790.17	3	0.15	35	Male	Two or More	2026-04-03	2026-05-28	NULL	NULL	NULL	1	0.792	18316.0680	0-1 Year (Onboarding)	0
1947	Security	Associate	Associate - Security	41880.15	3	0.80	43	Non-Binary	Caucasian	2025-10-27	NULL	9.00	6.00	7.00	0	0.724	16752.0600	0-1 Year (Onboarding)	0
3906	Security	Associate	Associate - Security	66546.93	2	4.21	36	Non-Binary	Two or More	2022-05-31	NULL	8.00	7.00	6.00	0	1.150	26618.7720	3+ Years (Tenured)	0
190	Security	Associate	Associate - Security	66590.99	3	3.25	45	Other	NULL	2023-05-15	NULL	8.00	9.99	5.00	0	1.151	26636.3960	3+ Years (Tenured)	0
3911	Security	Associate	Associate - Security	60262.58	3	2.92	32	Non-Binary	African American	2023-09-14	NULL	5.00	1.00	1.00	0	1.042	24105.0320	1-3 Years (Mid-Tenure)	0
366	Security	Associate	Associate - Security	70549.16	4	1.12	37	Female	Two or More	2023-08-14	2024-09-24	6.00	3.00	7.00	1	1.220	28219.6640	1-3 Years (Mid-Tenure)	0
1901	Security	Associate	Associate - Security	56256.35	5	1.99	33	Non-Binary	Hispanic	2024-08-18	NULL	6.00	9.00	6.00	0	0.972	22502.5400	1-3 Years (Mid-Tenure)	0
2046	Security	Associate	Associate - Security	69503.58	3	2.19	53	Other	Caucasian	2022-02-17	2024-04-25	3.00	6.00	7.00	1	1.201	27801.4320	1-3 Years (Mid-Tenure)	0
3922	Security	Associate	Associate - Security	58386.75	2	3.40	49	NULL	Two or More	2023-03-22	NULL	9.99	9.99	6.00	0	1.009	23354.7000	3+ Years (Tenured)	0
200	Security	Associate	Associate - Security	50959.90	5	5.06	36	Male	Caucasian	2021-07-25	NULL	6.00	7.00	4.00	0	0.881	20383.9600	3+ Years (Tenured)	0
1870	Security	Associate	Associate - Security	52592.48	4	3.94	50	Other	Asian	2022-09-06	NULL	4.00	5.00	6.00	0	0.909	21036.9920	3+ Years (Tenured)	1
3943	Security	Associate	Associate - Security	74126.94	3	2.35	30	Male	Two or More	2024-04-08	NULL	2.00	5.00	5.00	0	1.281	29650.7760	1-3 Years (Mid-Tenure)	0
3568	Security	Associate	Associate - Security	72184.46	2	4.07	32	Female	African American	2022-07-20	NULL	5.00	2.00	4.00	0	1.248	28873.7840	3+ Years (Tenured)	0
2519	Security	Associate	Associate - Security	69718.14	5	3.64	51	Other	Caucasian	2022-12-27	NULL	9.99	5.00	9.00	0	1.205	27887.2560	3+ Years (Tenured)	0
3952	Security	Associate	Associate - Security	57551.90	3	2.03	31	Female	Two or More	2024-08-03	NULL	5.00	7.00	5.00	0	0.995	23020.7600	1-3 Years (Mid-Tenure)	0
499	Security	Associate	Associate - Security	71797.20	2	0.64	49	Male	African American	2024-02-07	2024-09-27	3.00	6.00	8.00	1	1.241	28718.8800	0-1 Year (Onboarding)	0
2675	Security	Associate	Associate - Security	66828.18	2	3.65	25	Male	African American	2022-12-21	NULL	9.99	5.00	5.00	0	1.155	26731.2720	3+ Years (Tenured)	0
2500	Security	Associate	Associate - Security	63730.06	3	0.75	44	Non-Binary	Hispanic	2025-11-16	NULL	8.00	6.00	7.00	0	1.102	25492.0240	0-1 Year (Onboarding)	0
409	Security	Associate	Associate - Security	55389.48	4	4.02	30	Male	Two or More	2022-08-07	NULL	2.00	4.00	5.00	0	0.957	22155.7920	3+ Years (Tenured)	1
3967	Security	Associate	Associate - Security	63982.13	3	4.35	44	Male	Two or More	2022-04-09	NULL	2.00	3.00	4.00	0	1.106	25592.8520	3+ Years (Tenured)	0
2351	Security	Associate	Associate - Security	53230.52	3	4.89	31	Non-Binary	NULL	2021-09-26	NULL	8.00	4.00	9.99	0	0.920	21292.2080	3+ Years (Tenured)	0
3632	Security	Associate	Associate - Security	62718.20	1	0.09	39	Female	Caucasian	2026-06-13	2026-07-16	NULL	NULL	NULL	1	1.084	25087.2800	0-1 Year (Onboarding)	0
665	Security	Associate	Associate - Security	72667.02	3	4.90	30	Male	Hispanic	2021-09-21	NULL	4.00	2.00	5.00	0	1.256	29066.8080	3+ Years (Tenured)	0
2861	Security	Associate	Associate - Security	51228.03	3	2.07	52	Other	Caucasian	2023-10-07	2025-11-01	4.00	1.00	6.00	1	0.886	20491.2120	1-3 Years (Mid-Tenure)	0
2862	Security	Associate	Associate - Security	70541.56	2	2.63	25	Male	Asian	2023-12-30	NULL	6.00	2.00	5.00	0	1.219	28216.6240	1-3 Years (Mid-Tenure)	0
1438	Security	Associate	Associate - Security	46219.90	1	2.85	43	Other	Asian	2023-10-09	NULL	9.99	6.00	5.00	0	0.799	18487.9600	1-3 Years (Mid-Tenure)	0
2427	Security	Associate	Associate - Security	60286.74	4	2.35	58	Other	Hispanic	2024-04-10	NULL	7.00	3.00	2.00	0	1.042	24114.6960	1-3 Years (Mid-Tenure)	0
3633	Security	Associate	Associate - Security	44033.24	3	2.42	37	Female	Asian	2024-03-15	NULL	5.00	1.00	4.00	0	0.761	17613.2960	1-3 Years (Mid-Tenure)	0
2282	Security	Associate	Associate - Security	48135.81	2	3.59	64	Non-Binary	African American	2023-01-11	NULL	5.00	6.00	9.99	0	0.832	19254.3240	3+ Years (Tenured)	0
234	Security	Associate	Associate - Security	41391.39	3	2.76	40	Female	Caucasian	2023-11-12	NULL	6.00	6.00	4.00	0	0.715	16556.5560	1-3 Years (Mid-Tenure)	0
3699	Security	Associate	Associate - Security	55896.33	4	1.87	52	Male	Caucasian	2024-10-01	NULL	8.00	4.00	9.00	0	0.966	22358.5320	1-3 Years (Mid-Tenure)	0
673	Security	Associate	Associate - Security	66263.02	3	0.29	21	Female	African American	2026-04-30	NULL	7.00	7.00	9.00	0	1.145	26505.2080	0-1 Year (Onboarding)	0
3667	Security	Associate	Associate - Security	56833.45	4	2.86	31	Female	Asian	2023-03-04	2026-01-10	9.99	8.00	7.00	1	0.982	22733.3800	1-3 Years (Mid-Tenure)	0
2894	Security	Associate	Associate - Security	43188.93	4	0.55	34	Female	Two or More	2023-06-01	2023-12-19	NULL	NULL	NULL	1	0.747	17275.5720	0-1 Year (Onboarding)	0
3361	Security	Associate	Associate - Security	56681.10	4	4.22	42	Other	Caucasian	2022-05-26	NULL	1.00	5.00	5.00	0	0.980	22672.4400	3+ Years (Tenured)	1
666	Security	Associate	Associate - Security	58829.24	4	1.67	38	Other	Asian	2024-12-12	NULL	2.00	2.00	1.00	0	1.017	23531.6960	1-3 Years (Mid-Tenure)	1
1391	Security	Associate	Associate - Security	48850.34	2	0.55	35	Male	Caucasian	2026-01-26	NULL	NULL	NULL	NULL	0	0.844	19540.1360	0-1 Year (Onboarding)	0
1383	Security	Associate	Associate - Security	58143.36	4	0.59	58	Male	Two or More	2026-01-12	NULL	9.99	6.00	9.00	0	1.005	23257.3440	0-1 Year (Onboarding)	0
3351	Security	Associate	Associate - Security	47740.93	4	3.11	47	Non-Binary	African American	2023-07-06	NULL	9.00	9.99	8.00	0	0.825	19096.3720	3+ Years (Tenured)	0
57	Security	Associate	Associate - Security	65354.39	1	3.44	30	Other	Two or More	2023-03-07	NULL	4.00	NULL	NULL	0	1.130	26141.7560	3+ Years (Tenured)	0
1366	Security	Associate	Associate - Security	65485.33	3	2.02	48	Non-Binary	African American	2024-08-07	NULL	6.00	5.00	9.99	0	1.132	26194.1320	1-3 Years (Mid-Tenure)	0
2921	Security	Associate	Associate - Security	56696.57	2	0.96	21	Other	Asian	2025-08-28	NULL	2.00	7.00	2.00	0	0.980	22678.6280	0-1 Year (Onboarding)	0
693	Security	Associate	Associate - Security	45672.88	4	1.75	61	Non-Binary	Asian	2024-11-14	NULL	8.00	9.99	6.00	0	0.790	18269.1520	1-3 Years (Mid-Tenure)	0
2924	Security	Associate	Associate - Security	67437.86	3	3.94	40	Female	Caucasian	2022-09-06	NULL	4.00	6.00	5.00	0	1.166	26975.1440	3+ Years (Tenured)	0
2928	Security	Associate	Associate - Security	50995.24	5	3.56	27	Female	Asian	2023-01-24	NULL	6.00	5.00	NULL	0	0.882	20398.0960	3+ Years (Tenured)	0
1350	Security	Associate	Associate - Security	67338.33	3	3.19	37	Male	Hispanic	2023-06-06	NULL	6.00	7.00	1.00	0	1.164	26935.3320	3+ Years (Tenured)	0
1341	Security	Associate	Associate - Security	63967.45	3	4.09	43	Non-Binary	African American	2022-07-15	NULL	6.00	5.00	2.00	0	1.106	25586.9800	3+ Years (Tenured)	0
4197	Security	Associate	Associate - Security	68865.85	4	0.70	32	Female	African American	2025-12-01	NULL	3.00	7.00	1.00	0	1.190	27546.3400	0-1 Year (Onboarding)	1
702	Security	Associate	Associate - Security	59625.96	2	4.15	36	Female	Caucasian	2022-06-22	NULL	4.00	9.00	4.00	0	1.031	23850.3840	3+ Years (Tenured)	0
2362	Security	Associate	Associate - Security	40251.60	2	0.80	37	Non-Binary	Two or More	2023-08-25	2024-06-13	4.00	4.00	8.00	1	0.696	16100.6400	0-1 Year (Onboarding)	0
2826	Security	Associate	Associate - Security	55298.04	4	1.95	31	Male	Asian	2024-09-01	NULL	4.00	8.00	1.00	0	0.956	22119.2160	1-3 Years (Mid-Tenure)	1
3732	Security	Associate	Associate - Security	68716.55	2	0.25	40	Non-Binary	Hispanic	2026-05-16	NULL	5.00	6.00	5.00	0	1.188	27486.6200	0-1 Year (Onboarding)	0
1508	Security	Associate	Associate - Security	70900.70	4	2.90	34	Other	Asian	2023-09-23	NULL	1.00	1.00	1.00	0	1.226	28360.2800	1-3 Years (Mid-Tenure)	1
75	Security	Associate	Associate - Security	46595.06	4	4.92	37	Non-Binary	Hispanic	2021-09-14	NULL	2.00	4.00	6.00	0	0.805	18638.0240	3+ Years (Tenured)	1
73	Security	Associate	Associate - Security	53287.69	5	1.06	46	Other	Caucasian	2025-06-04	2026-06-26	9.00	3.00	8.00	1	0.921	21315.0760	1-3 Years (Mid-Tenure)	0
1491	Security	Associate	Associate - Security	45771.46	3	1.84	39	Female	Caucasian	2024-10-13	NULL	5.00	9.00	1.00	0	0.791	18308.5840	1-3 Years (Mid-Tenure)	0
2231	Security	Associate	Associate - Security	55146.60	2	2.79	21	Female	Asian	2023-11-01	NULL	9.99	9.00	4.00	0	0.953	22058.6400	1-3 Years (Mid-Tenure)	0
2854	Security	Associate	Associate - Security	45761.76	5	2.61	35	Male	Caucasian	2024-01-04	NULL	5.00	2.00	4.00	0	0.791	18304.7040	1-3 Years (Mid-Tenure)	0
1482	Security	Associate	Associate - Security	74561.34	2	2.34	47	Other	Caucasian	2024-04-13	NULL	4.00	6.00	9.99	0	1.289	29824.5360	1-3 Years (Mid-Tenure)	0
1479	Security	Associate	Associate - Security	66292.78	5	0.64	60	Male	Hispanic	2025-12-23	NULL	9.99	8.00	8.00	0	1.146	26517.1120	0-1 Year (Onboarding)	0
4127	Security	Associate	Associate - Security	65399.30	2	2.75	44	Female	Asian	2023-11-17	NULL	6.00	5.00	1.00	0	1.130	26159.7200	1-3 Years (Mid-Tenure)	0
66	Security	Associate	Associate - Security	57823.63	3	0.51	61	Male	Hispanic	2026-02-10	NULL	2.00	5.00	4.00	0	1.000	23129.4520	0-1 Year (Onboarding)	0
4099	Security	Associate	Associate - Security	53422.29	1	3.04	40	Non-Binary	African American	2023-08-02	NULL	6.00	6.00	5.00	0	0.923	21368.9160	3+ Years (Tenured)	0
4098	Security	Associate	Associate - Security	71801.30	3	0.32	39	Other	Two or More	2026-04-19	NULL	8.00	8.00	9.00	0	1.241	28720.5200	0-1 Year (Onboarding)	0
3410	Security	Associate	Associate - Security	55364.07	4	0.22	37	Non-Binary	Hispanic	2023-08-17	2023-11-06	NULL	NULL	NULL	1	0.957	22145.6280	0-1 Year (Onboarding)	0
156	Security	Associate	Associate - Security	57241.92	4	1.65	36	Non-Binary	Hispanic	2024-12-21	NULL	8.00	4.00	1.00	0	0.989	22896.7680	1-3 Years (Mid-Tenure)	0
1538	Security	Associate	Associate - Security	47855.82	4	3.29	49	Male	Asian	2021-08-05	2024-11-19	6.00	1.00	4.00	1	0.827	19142.3280	3+ Years (Tenured)	0
1536	Security	Associate	Associate - Security	43814.52	5	3.11	34	Other	Asian	2023-07-06	NULL	3.00	3.00	6.00	0	0.757	17525.8080	3+ Years (Tenured)	1
1534	Security	Associate	Associate - Security	63395.28	3	3.16	36	Male	Hispanic	2022-11-07	2026-01-03	9.99	9.99	6.00	1	1.096	25358.1120	3+ Years (Tenured)	0
4134	Security	Associate	Associate - Security	49047.29	4	2.17	52	Male	Two or More	2024-06-14	NULL	7.00	3.00	2.00	0	0.848	19618.9160	1-3 Years (Mid-Tenure)	0
1581	Security	Domain Director	Domain Director - Security	144717.78	3	4.44	39	Female	Two or More	2022-03-09	NULL	1.00	8.00	2.00	0	1.008	57887.1120	3+ Years (Tenured)	0
289	Security	Domain Director	Domain Director - Security	142399.71	5	3.87	31	Female	Two or More	2022-10-03	NULL	4.00	6.00	4.00	0	0.992	56959.8840	3+ Years (Tenured)	1
1190	Security	Manager	Manager - Security	114751.42	5	2.77	42	Male	Caucasian	2023-11-08	NULL	9.00	9.99	9.99	0	1.277	45900.5680	1-3 Years (Mid-Tenure)	0
747	Security	Manager	Manager - Security	81203.09	3	1.08	34	Male	Two or More	2025-07-16	NULL	7.00	5.00	1.00	0	0.903	32481.2360	1-3 Years (Mid-Tenure)	0
2069	Security	Manager	Manager - Security	80968.64	3	3.26	46	Female	Two or More	2023-05-13	NULL	8.00	9.99	9.99	0	0.901	32387.4560	3+ Years (Tenured)	0
1455	Security	Manager	Manager - Security	70386.46	3	2.53	35	Female	Two or More	2024-02-04	NULL	2.00	4.00	4.00	0	0.783	28154.5840	1-3 Years (Mid-Tenure)	0
3311	Security	Manager	Manager - Security	97374.94	3	2.35	33	Other	Two or More	2024-04-11	NULL	5.00	4.00	6.00	0	1.083	38949.9760	1-3 Years (Mid-Tenure)	0
3815	Security	Manager	Manager - Security	95730.64	4	3.78	23	Male	Two or More	2022-11-03	NULL	8.00	7.00	1.00	0	1.065	38292.2560	3+ Years (Tenured)	0
255	Security	Manager	Manager - Security	106443.36	3	0.92	40	Non-Binary	Caucasian	2025-09-13	NULL	5.00	4.00	5.00	0	1.184	42577.3440	0-1 Year (Onboarding)	0
4017	Security	Manager	Manager - Security	75050.61	3	1.02	40	Non-Binary	African American	2025-08-08	NULL	5.00	3.00	4.00	0	0.835	30020.2440	1-3 Years (Mid-Tenure)	0
1813	Security	Manager	Manager - Security	87069.95	3	1.72	23	Non-Binary	Two or More	2024-11-25	NULL	1.00	1.00	5.00	0	0.969	34827.9800	1-3 Years (Mid-Tenure)	0
833	Security	Supervisor/Lead	Supervisor/Lead - Security	83711.59	4	3.01	32	Other	African American	2023-08-14	NULL	8.00	7.00	5.00	0	1.128	33484.6360	3+ Years (Tenured)	0
527	Security	Supervisor/Lead	Supervisor/Lead - Security	88453.64	3	3.51	46	Other	Caucasian	2023-02-10	NULL	6.00	3.00	3.00	0	1.192	35381.4560	3+ Years (Tenured)	0
1319	Security	Supervisor/Lead	Supervisor/Lead - Security	77478.64	4	3.49	36	Other	Asian	2023-02-17	NULL	1.00	2.00	4.00	0	1.044	30991.4560	3+ Years (Tenured)	1
2211	Security	Supervisor/Lead	Supervisor/Lead - Security	80708.99	3	0.82	37	Female	Caucasian	2025-10-21	NULL	9.00	8.00	8.00	0	1.087	32283.5960	0-1 Year (Onboarding)	0
3663	Security	Supervisor/Lead	Supervisor/Lead - Security	64397.31	4	3.59	37	Non-Binary	Two or More	2023-01-11	NULL	9.00	9.00	8.00	0	0.868	25758.9240	3+ Years (Tenured)	0
3669	Security	Supervisor/Lead	Supervisor/Lead - Security	84394.71	3	4.04	27	Female	African American	2022-08-01	NULL	7.00	7.00	6.00	0	1.137	33757.8840	3+ Years (Tenured)	0
3787	Security	Supervisor/Lead	Supervisor/Lead - Security	56189.19	3	1.52	37	Male	NULL	2025-02-06	NULL	3.00	7.00	4.00	0	0.757	22475.6760	1-3 Years (Mid-Tenure)	0
3598	Security	Supervisor/Lead	Supervisor/Lead - Security	55448.89	4	1.56	48	Non-Binary	NULL	2025-01-21	NULL	5.00	7.00	9.00	0	0.747	22179.5560	1-3 Years (Mid-Tenure)	0
2255	Security	Supervisor/Lead	Supervisor/Lead - Security	86446.79	3	3.39	41	Male	Two or More	2023-03-27	NULL	9.00	8.00	9.99	0	1.165	34578.7160	3+ Years (Tenured)	0
2264	Security	Supervisor/Lead	Supervisor/Lead - Security	72082.26	4	3.02	32	Male	Two or More	2023-08-07	NULL	5.00	8.00	5.00	0	0.971	28832.9040	3+ Years (Tenured)	0
2188	Security	Supervisor/Lead	Supervisor/Lead - Security	60404.52	3	1.45	49	Female	Hispanic	2025-03-03	NULL	9.99	7.00	6.00	0	0.814	24161.8080	1-3 Years (Mid-Tenure)	0
2174	Security	Supervisor/Lead	Supervisor/Lead - Security	69191.38	3	1.59	42	Other	Asian	2025-01-12	NULL	7.00	3.00	9.00	0	0.932	27676.5520	1-3 Years (Mid-Tenure)	0
2173	Security	Supervisor/Lead	Supervisor/Lead - Security	82814.55	4	1.91	44	Female	Hispanic	2024-09-16	NULL	8.00	8.00	4.00	0	1.116	33125.8200	1-3 Years (Mid-Tenure)	0
2429	Security	Supervisor/Lead	Supervisor/Lead - Security	69593.93	1	0.56	53	NULL	Caucasian	2024-01-23	2024-08-14	NULL	NULL	NULL	1	0.938	27837.5720	0-1 Year (Onboarding)	0
155	Security	Supervisor/Lead	Supervisor/Lead - Security	80965.12	3	1.72	37	Non-Binary	Hispanic	2023-12-29	2025-09-15	3.00	2.00	6.00	0	1.091	32386.0480	1-3 Years (Mid-Tenure)	0
3561	Security	Supervisor/Lead	Supervisor/Lead - Security	81135.29	2	0.55	29	Male	Hispanic	2026-01-28	NULL	8.00	7.00	6.00	0	1.093	32454.1160	0-1 Year (Onboarding)	0
3231	Security	Supervisor/Lead	Supervisor/Lead - Security	74988.15	3	1.93	28	Non-Binary	NULL	2024-09-08	NULL	5.00	7.00	4.00	0	1.010	29995.2600	1-3 Years (Mid-Tenure)	0
2289	Security	Supervisor/Lead	Supervisor/Lead - Security	72201.59	2	1.90	34	Non-Binary	African American	2024-09-21	NULL	6.00	NULL	8.00	0	0.973	28880.6360	1-3 Years (Mid-Tenure)	0
2104	Security	Supervisor/Lead	Supervisor/Lead - Security	79445.29	3	0.87	22	Non-Binary	Two or More	2025-10-02	NULL	7.00	4.00	4.00	0	1.070	31778.1160	0-1 Year (Onboarding)	0
453	Security	Supervisor/Lead	Supervisor/Lead - Security	88354.17	1	1.44	52	Male	Asian	2025-03-07	NULL	7.00	5.00	8.00	0	1.190	35341.6680	1-3 Years (Mid-Tenure)	0
404	Security	Supervisor/Lead	Supervisor/Lead - Security	56707.93	2	0.50	55	Other	Two or More	2023-09-12	2024-03-12	6.00	9.99	NULL	1	0.764	22683.1720	0-1 Year (Onboarding)	0
261	Security	Supervisor/Lead	Supervisor/Lead - Security	70907.93	3	4.24	39	Other	African American	2022-05-19	NULL	2.00	4.00	6.00	0	0.955	28363.1720	3+ Years (Tenured)	0
2064	Security	Supervisor/Lead	Supervisor/Lead - Security	70038.82	2	0.40	38	Male	Two or More	2024-02-18	2024-07-12	1.00	2.00	2.00	1	0.944	28015.5280	0-1 Year (Onboarding)	0
3655	Security	Supervisor/Lead	Supervisor/Lead - Security	65541.89	3	3.87	26	Female	Two or More	2022-10-03	NULL	6.00	3.00	5.00	0	0.883	26216.7560	3+ Years (Tenured)	0
1770	Security	Supervisor/Lead	Supervisor/Lead - Security	88144.19	5	4.04	32	Male	African American	2022-08-01	NULL	9.99	7.00	6.00	0	1.187	35257.6760	3+ Years (Tenured)	0
1426	Security	Supervisor/Lead	Supervisor/Lead - Security	79289.50	4	1.56	40	NULL	African American	2025-01-23	NULL	6.00	7.00	2.00	0	1.068	31715.8000	1-3 Years (Mid-Tenure)	0
3473	Security	Supervisor/Lead	Supervisor/Lead - Security	76837.96	4	3.07	51	Male	Asian	2023-07-23	NULL	9.00	2.00	4.00	0	1.035	30735.1840	3+ Years (Tenured)	0
1897	Security	Supervisor/Lead	Supervisor/Lead - Security	55412.65	3	4.47	39	Non-Binary	Hispanic	2022-02-26	NULL	8.00	3.00	3.00	0	0.746	22165.0600	3+ Years (Tenured)	0
2905	Security	Supervisor/Lead	Supervisor/Lead - Security	59673.47	4	4.65	43	Non-Binary	Asian	2021-12-20	NULL	8.00	2.00	8.00	0	0.804	23869.3880	3+ Years (Tenured)	0
4288	Security	Supervisor/Lead	Supervisor/Lead - Security	87796.76	3	3.27	38	Female	Caucasian	2023-05-11	NULL	4.00	4.00	1.00	0	1.183	35118.7040	3+ Years (Tenured)	0
4014	Security	Supervisor/Lead	Supervisor/Lead - Security	68381.97	3	4.57	47	Female	African American	2022-01-19	NULL	7.00	7.00	5.00	0	0.921	27352.7880	3+ Years (Tenured)	0
122	Security	Supervisor/Lead	Supervisor/Lead - Security	61375.79	2	3.68	55	Other	African American	2022-12-12	NULL	6.00	5.00	5.00	0	0.827	24550.3160	3+ Years (Tenured)	0
2757	Security	Supervisor/Lead	Supervisor/Lead - Security	86250.70	3	1.84	35	Male	Hispanic	2024-10-13	NULL	9.99	9.99	9.99	0	1.162	34500.2800	1-3 Years (Mid-Tenure)	0
623	Security	Supervisor/Lead	Supervisor/Lead - Security	69192.39	1	4.84	48	Male	African American	2021-10-13	NULL	8.00	4.00	1.00	0	0.932	27676.9560	3+ Years (Tenured)	0
3451	Security	Supervisor/Lead	Supervisor/Lead - Security	89712.09	4	0.67	40	Other	Asian	2025-12-15	NULL	9.00	8.00	3.00	0	1.209	35884.8360	0-1 Year (Onboarding)	0
1460	Security	Supervisor/Lead	Supervisor/Lead - Security	67021.52	4	0.56	46	Female	Caucasian	2025-12-27	2026-07-20	NULL	NULL	NULL	1	0.903	26808.6080	0-1 Year (Onboarding)	0
29	Security	Supervisor/Lead	Supervisor/Lead - Security	71659.99	2	3.87	41	Female	Hispanic	2022-10-04	NULL	5.00	3.00	9.00	0	0.965	28663.9960	3+ Years (Tenured)	0
3870	Security	Supervisor/Lead	Supervisor/Lead - Security	65565.69	2	2.97	28	Male	Hispanic	2021-12-24	2024-12-13	2.00	4.00	5.00	1	0.883	26226.2760	1-3 Years (Mid-Tenure)	0
1737	Security	Supervisor/Lead	Supervisor/Lead - Security	83947.21	2	0.70	55	Other	Hispanic	2025-12-04	NULL	4.00	5.00	5.00	0	1.131	33578.8840	0-1 Year (Onboarding)	0
1544	Security	Supervisor/Lead	Supervisor/Lead - Security	82635.13	4	3.62	52	Non-Binary	African American	2023-01-03	NULL	4.00	9.00	9.99	0	1.113	33054.0520	3+ Years (Tenured)	1
1050	Security	Supervisor/Lead	Supervisor/Lead - Security	78968.24	4	1.95	50	Other	African American	2021-10-15	2023-09-25	NULL	NULL	NULL	1	1.064	31587.2960	1-3 Years (Mid-Tenure)	0
4220	Supply Chain	Assistant Manager	Assistant Manager - Supply Chain	93274.75	2	2.08	43	Non-Binary	Asian	2024-07-16	NULL	5.00	5.00	1.00	0	1.055	37309.9000	1-3 Years (Mid-Tenure)	0
2604	Supply Chain	Assistant Manager	Assistant Manager - Supply Chain	70945.38	3	3.18	56	Female	NULL	2023-04-10	2026-06-15	9.00	6.00	9.99	1	0.802	28378.1520	3+ Years (Tenured)	0
2372	Supply Chain	Assistant Manager	Assistant Manager - Supply Chain	99311.22	3	3.93	26	Female	African American	2022-09-12	NULL	9.00	8.00	5.00	0	1.123	39724.4880	3+ Years (Tenured)	0
1433	Supply Chain	Assistant Manager	Assistant Manager - Supply Chain	87702.54	5	1.78	53	Male	Hispanic	2024-11-05	NULL	4.00	5.00	7.00	0	0.992	35081.0160	1-3 Years (Mid-Tenure)	1
2002	Supply Chain	Assistant Manager	Assistant Manager - Supply Chain	98656.73	2	5.04	49	Non-Binary	NULL	2021-08-01	NULL	2.00	3.00	4.00	0	1.115	39462.6920	3+ Years (Tenured)	0
1999	Supply Chain	Assistant Manager	Assistant Manager - Supply Chain	79418.27	5	1.84	30	Non-Binary	Two or More	2024-01-24	2025-11-25	9.99	4.00	2.00	1	0.898	31767.3080	1-3 Years (Mid-Tenure)	0
1317	Supply Chain	Assistant Manager	Assistant Manager - Supply Chain	89787.18	1	1.78	37	Other	Caucasian	2024-11-03	NULL	2.00	5.00	4.00	0	1.015	35914.8720	1-3 Years (Mid-Tenure)	0
3628	Supply Chain	Associate	Associate - Supply Chain	72446.92	2	1.26	21	Female	Hispanic	2025-05-11	NULL	9.99	7.00	5.00	0	1.256	28978.7680	1-3 Years (Mid-Tenure)	0
230	Supply Chain	Associate	Associate - Supply Chain	73278.40	4	0.12	41	Female	Hispanic	2026-07-02	NULL	NULL	NULL	NULL	0	1.271	29311.3600	0-1 Year (Onboarding)	0
3223	Supply Chain	Associate	Associate - Supply Chain	51255.41	3	4.16	34	Non-Binary	Two or More	2022-06-18	NULL	6.00	4.00	6.00	0	0.889	20502.1640	3+ Years (Tenured)	0
4139	Supply Chain	Associate	Associate - Supply Chain	48452.01	3	0.53	44	Non-Binary	Hispanic	2026-02-02	NULL	7.00	7.00	2.00	0	0.840	19380.8040	0-1 Year (Onboarding)	0
4262	Supply Chain	Associate	Associate - Supply Chain	53327.23	3	2.92	43	Non-Binary	Two or More	2022-11-23	2025-10-25	9.00	7.00	9.00	1	0.925	21330.8920	1-3 Years (Mid-Tenure)	0
9	Supply Chain	Associate	Associate - Supply Chain	65379.35	3	1.46	40	Other	Hispanic	2025-02-28	NULL	9.99	8.00	7.00	0	1.134	26151.7400	1-3 Years (Mid-Tenure)	0
153	Supply Chain	Associate	Associate - Supply Chain	42628.66	3	1.67	29	Female	Caucasian	2024-03-02	2025-10-31	6.00	1.00	1.00	1	0.739	17051.4640	1-3 Years (Mid-Tenure)	0
3306	Supply Chain	Associate	Associate - Supply Chain	65964.91	4	2.82	29	Other	Asian	2023-10-22	NULL	1.00	1.00	3.00	0	1.144	26385.9640	1-3 Years (Mid-Tenure)	1
4269	Supply Chain	Associate	associate - supply chain	66529.49	3	1.40	40	Female	Two or More	2024-12-02	2026-04-28	3.00	9.99	NULL	1	1.154	26611.7960	1-3 Years (Mid-Tenure)	0
150	Supply Chain	Associate	Associate - Supply Chain	50227.64	2	0.89	48	Female	African American	2025-09-23	NULL	1.00	8.00	4.00	0	0.871	20091.0560	0-1 Year (Onboarding)	0
4152	Supply Chain	Associate	Associate - Supply Chain	56918.18	4	3.15	41	Non-Binary	Asian	2023-06-23	NULL	8.00	9.00	6.00	0	0.987	22767.2720	3+ Years (Tenured)	0
2636	Supply Chain	Associate	Associate - Supply Chain	47307.48	3	2.34	43	Female	Caucasian	2024-04-12	NULL	3.00	3.00	3.00	0	0.820	18922.9920	1-3 Years (Mid-Tenure)	0
1	Supply Chain	Associate	Associate - Supply Chain	49029.13	5	4.96	35	Other	Two or More	2021-08-31	NULL	9.99	5.00	8.00	0	0.850	19611.6520	3+ Years (Tenured)	0
3661	Supply Chain	Associate	Associate - Supply Chain	57162.89	4	2.94	39	Male	Two or More	2023-09-07	NULL	8.00	4.00	8.00	0	0.991	22865.1560	1-3 Years (Mid-Tenure)	0
4184	Supply Chain	Associate	Associate - Supply Chain	73699.38	2	2.21	59	Non-Binary	Hispanic	2024-06-01	NULL	6.00	8.00	5.00	0	1.278	29479.7520	1-3 Years (Mid-Tenure)	0
3329	Supply Chain	Associate	Associate - Supply Chain	48767.60	3	1.73	44	Male	Asian	2024-11-22	NULL	3.00	6.00	8.00	0	0.846	19507.0400	1-3 Years (Mid-Tenure)	0
3659	Supply Chain	Associate	Associate - Supply Chain	44895.31	5	0.73	48	Male	Hispanic	2025-11-12	2026-08-04	9.99	9.99	8.00	1	0.779	17958.1240	0-1 Year (Onboarding)	0
4161	Supply Chain	Associate	Associate - Supply Chain	72079.79	3	1.71	55	Other	African American	2024-11-30	NULL	8.00	9.00	8.00	0	1.250	28831.9160	1-3 Years (Mid-Tenure)	0
4159	Supply Chain	Associate	Associate - Supply Chain	73225.16	2	1.32	37	Non-Binary	African American	2025-04-19	NULL	7.00	6.00	5.00	0	1.270	29290.0640	1-3 Years (Mid-Tenure)	0
3668	Supply Chain	Associate	Associate - Supply Chain	66639.98	4	0.07	41	Female	Asian	2026-07-20	NULL	NULL	NULL	NULL	0	1.156	26655.9920	0-1 Year (Onboarding)	0
64	Supply Chain	Associate	Associate - Supply Chain	41317.17	4	4.95	25	Non-Binary	Caucasian	2021-09-05	NULL	8.00	6.00	6.00	0	0.717	16526.8680	3+ Years (Tenured)	0
4436	Supply Chain	Associate	Associate - Supply Chain	67365.93	4	1.01	50	Male	Two or More	2024-09-30	2025-10-03	3.00	5.00	7.00	1	1.168	26946.3720	1-3 Years (Mid-Tenure)	1
3651	Supply Chain	Associate	Associate - Supply Chain	51094.95	4	4.67	42	Male	Hispanic	2021-12-16	NULL	7.00	7.00	8.00	0	0.886	20437.9800	3+ Years (Tenured)	0
3683	Supply Chain	Associate	Associate - Supply Chain	44891.31	3	2.48	43	Female	Hispanic	2024-02-23	NULL	5.00	6.00	1.00	0	0.779	17956.5240	1-3 Years (Mid-Tenure)	0
3692	Supply Chain	Associate	Associate - Supply Chain	70946.64	4	2.68	24	Other	Asian	2023-12-11	NULL	5.00	NULL	5.00	0	1.230	28378.6560	1-3 Years (Mid-Tenure)	0
3644	Supply Chain	Associate	Associate - Supply Chain	58165.72	5	2.05	30	Non-Binary	Hispanic	2023-02-20	2025-03-09	8.00	7.00	8.00	1	1.009	23266.2880	1-3 Years (Mid-Tenure)	0
4150	Supply Chain	Associate	Associate - Supply Chain	60438.05	2	0.78	22	Non-Binary	Asian	2025-11-03	NULL	6.00	4.00	5.00	0	1.048	24175.2200	0-1 Year (Onboarding)	0
238	Supply Chain	Associate	Associate - Supply Chain	53705.20	4	5.06	23	Male	African American	2021-07-25	NULL	2.00	1.00	3.00	0	0.931	21482.0800	3+ Years (Tenured)	1
3375	Supply Chain	Associate	Associate - Supply Chain	53269.90	2	2.19	39	Male	Asian	2024-06-07	NULL	2.00	1.00	5.00	0	0.924	21307.9600	1-3 Years (Mid-Tenure)	0
3910	Supply Chain	Associate	Associate - Supply Chain	65341.66	4	4.32	26	Female	Asian	2022-04-22	NULL	7.00	5.00	7.00	0	1.133	26136.6640	3+ Years (Tenured)	0
3277	Supply Chain	Associate	Associate - Supply Chain	52375.70	3	0.63	37	Male	Caucasian	2025-12-28	NULL	NULL	NULL	NULL	0	0.908	20950.2800	0-1 Year (Onboarding)	0
134	Supply Chain	Associate	Associate - Supply Chain	50700.79	3	2.10	54	Female	Caucasian	2024-07-09	NULL	7.00	8.00	6.00	0	0.879	20280.3160	1-3 Years (Mid-Tenure)	0
3567	Supply Chain	Associate	Associate - Supply Chain	44473.18	5	1.04	32	Female	Asian	2025-08-02	NULL	6.00	6.00	2.00	0	0.771	17789.2720	1-3 Years (Mid-Tenure)	0
3492	Supply Chain	Associate	Associate - Supply Chain	51267.47	3	1.56	39	Female	African American	2024-04-07	2025-10-29	3.00	1.00	5.00	1	0.889	20506.9880	1-3 Years (Mid-Tenure)	0
3937	Supply Chain	Associate	Associate - Supply Chain	56042.67	3	3.93	29	Male	African American	2022-09-11	NULL	2.00	2.00	2.00	0	0.972	22417.0680	3+ Years (Tenured)	0
3510	Supply Chain	Associate	Associate - Supply Chain	55281.74	4	3.45	27	Non-Binary	Caucasian	2023-03-03	NULL	9.99	6.00	8.00	0	0.959	22112.6960	3+ Years (Tenured)	0
17	Supply Chain	Associate	Associate - Supply Chain	66389.80	2	1.21	32	Male	African American	2025-05-30	NULL	2.00	5.00	1.00	0	1.151	26555.9200	1-3 Years (Mid-Tenure)	0
3833	Supply Chain	Associate	Associate - Supply Chain	74987.93	3	2.33	53	Other	Asian	2024-04-16	NULL	5.00	6.00	6.00	0	1.301	29995.1720	1-3 Years (Mid-Tenure)	0
3919	Supply Chain	Associate	Associate - Supply Chain	56299.31	3	1.24	31	Non-Binary	Hispanic	2025-05-21	NULL	5.00	7.00	8.00	0	0.976	22519.7240	1-3 Years (Mid-Tenure)	0
202	Supply Chain	Associate	Associate - Supply Chain	53221.33	3	1.95	47	Male	African American	2024-09-04	NULL	6.00	4.00	6.00	0	0.923	21288.5320	1-3 Years (Mid-Tenure)	0
121	Supply Chain	Associate	Associate - Supply Chain	45277.34	3	3.02	44	Other	Caucasian	2023-08-09	NULL	2.00	3.00	1.00	0	0.785	18110.9360	3+ Years (Tenured)	0
3857	Supply Chain	Associate	Associate - Supply Chain	60341.32	2	0.34	50	Female	Two or More	2026-04-14	NULL	1.00	3.00	1.00	0	1.047	24136.5280	0-1 Year (Onboarding)	0
194	Supply Chain	Associate	Associate - Supply Chain	62683.35	3	2.51	56	Non-Binary	Asian	2024-02-11	NULL	1.00	4.00	1.00	0	1.087	25073.3400	1-3 Years (Mid-Tenure)	0
3859	Supply Chain	Associate	Associate - Supply Chain	42482.97	4	3.98	21	Other	Asian	2022-08-24	NULL	3.00	7.00	4.00	0	0.737	16993.1880	3+ Years (Tenured)	1
19	Supply Chain	Associate	Associate - Supply Chain	49825.39	3	0.79	41	Non-Binary	Two or More	2025-11-01	NULL	4.00	5.00	3.00	0	0.864	19930.1560	0-1 Year (Onboarding)	0
20	Supply Chain	Associate	Associate - Supply Chain	74813.49	1	1.53	38	Other	Hispanic	2021-11-06	2023-05-20	NULL	NULL	NULL	1	1.298	29925.3960	1-3 Years (Mid-Tenure)	0
4373	Supply Chain	Associate	Associate - Supply Chain	42621.53	4	2.15	43	Male	Two or More	2022-09-30	2024-11-22	4.00	4.00	3.00	1	0.739	17048.6120	1-3 Years (Mid-Tenure)	1
3865	Supply Chain	Associate	Associate - Supply Chain	71470.07	3	1.21	58	Other	Asian	2023-07-03	2024-09-18	9.99	8.00	5.00	1	1.240	28588.0280	1-3 Years (Mid-Tenure)	0
108	Supply Chain	Associate	Associate - Supply Chain	66720.31	4	3.64	43	Non-Binary	African American	2022-12-24	NULL	5.00	3.00	NULL	0	1.157	26688.1240	3+ Years (Tenured)	0
90	Supply Chain	Associate	Associate - Supply Chain	61887.82	4	0.12	55	Other	Caucasian	2024-11-04	2024-12-16	NULL	NULL	NULL	1	1.073	24755.1280	0-1 Year (Onboarding)	0
3428	Supply Chain	Associate	Associate - Supply Chain	48113.09	4	2.06	44	Male	African American	2024-07-25	NULL	9.99	9.99	7.00	0	0.834	19245.2360	1-3 Years (Mid-Tenure)	0
4042	Supply Chain	Associate	Associate - Supply Chain	46689.88	4	4.16	44	Male	Asian	2022-06-20	NULL	9.00	9.99	7.00	1	0.810	18675.9520	3+ Years (Tenured)	0
4025	Supply Chain	Associate	Associate - Supply Chain	69763.50	3	4.61	32	Female	Hispanic	2022-01-04	NULL	9.99	7.00	4.00	0	1.210	27905.4000	3+ Years (Tenured)	0
3545	Supply Chain	Associate	Associate - Supply Chain	55562.74	3	1.88	30	Other	Hispanic	2024-09-29	NULL	9.99	8.00	7.00	0	0.964	22225.0960	1-3 Years (Mid-Tenure)	0
4009	Supply Chain	Associate	Associate - Supply Chain	46923.07	2	0.25	33	Non-Binary	African American	2024-10-20	2025-01-18	NULL	NULL	NULL	1	0.814	18769.2280	0-1 Year (Onboarding)	0
4002	Supply Chain	Associate	Associate - Supply Chain	41773.26	3	2.73	35	Female	African American	2023-11-24	NULL	6.00	5.00	5.00	0	0.724	16709.3040	1-3 Years (Mid-Tenure)	0
37	Supply Chain	Associate	Associate - Supply Chain	74550.20	3	4.75	35	Non-Binary	Caucasian	2021-11-17	NULL	3.00	8.00	7.00	0	1.293	29820.0800	3+ Years (Tenured)	0
4058	Supply Chain	Associate	Associate - Supply Chain	51599.86	4	0.08	45	Male	Hispanic	2026-07-16	NULL	NULL	NULL	NULL	0	0.895	20639.9440	0-1 Year (Onboarding)	0
144	Supply Chain	Associate	Associate - Supply Chain	58432.96	2	5.02	45	Other	Hispanic	2021-08-07	NULL	7.00	9.99	9.99	0	1.013	23373.1840	3+ Years (Tenured)	0
35	Supply Chain	Associate	Associate - Supply Chain	50814.91	4	1.13	41	Non-Binary	Hispanic	2025-06-30	NULL	4.00	3.00	2.00	0	0.881	20325.9640	1-3 Years (Mid-Tenure)	1
3965	Supply Chain	Associate	Associate - Supply Chain	41693.31	3	4.33	44	Non-Binary	Asian	2022-04-17	NULL	5.00	2.00	4.00	0	0.723	16677.3240	3+ Years (Tenured)	0
3482	Supply Chain	Associate	Associate - Supply Chain	58953.70	3	3.40	37	Female	Hispanic	2023-03-24	NULL	9.00	NULL	6.00	0	1.022	23581.4800	3+ Years (Tenured)	0
3241	Supply Chain	Associate	Associate - Supply Chain	54346.03	3	4.42	28	Male	Asian	2022-03-17	NULL	4.00	6.00	4.00	0	0.943	21738.4120	3+ Years (Tenured)	0
139	Supply Chain	Associate	Associate - Supply Chain	48278.94	5	1.56	46	Other	African American	2025-01-24	NULL	6.00	3.00	2.00	0	0.837	19311.5760	1-3 Years (Mid-Tenure)	0
3578	Supply Chain	Associate	Associate - Supply Chain	58729.45	1	0.82	21	Female	Hispanic	2025-10-21	NULL	8.00	7.00	7.00	0	1.019	23491.7800	0-1 Year (Onboarding)	0
34	Supply Chain	Associate	Associate - Supply Chain	45178.85	5	0.35	43	Male	Caucasian	2026-04-08	NULL	1.00	1.00	1.00	0	0.784	18071.5400	0-1 Year (Onboarding)	1
2904	Supply Chain	Associate	Associate - Supply Chain	59761.63	4	1.33	42	Other	Hispanic	2025-04-17	NULL	7.00	7.00	6.00	0	1.036	23904.6520	1-3 Years (Mid-Tenure)	0
2442	Supply Chain	Associate	Associate - Supply Chain	42340.30	4	4.95	49	Male	NULL	2021-09-05	NULL	5.00	8.00	4.00	0	0.734	16936.1200	3+ Years (Tenured)	0
2942	Supply Chain	Associate	Associate - Supply Chain	57957.11	3	4.01	38	Non-Binary	Caucasian	2022-08-12	NULL	7.00	5.00	6.00	0	1.005	23182.8440	3+ Years (Tenured)	0
1311	Supply Chain	Associate	Associate - Supply Chain	57296.52	3	1.24	37	Non-Binary	Caucasian	2025-05-19	NULL	2.00	3.00	3.00	0	0.994	22918.6080	1-3 Years (Mid-Tenure)	0
1309	Supply Chain	Associate	Associate - Supply Chain	71906.19	3	0.56	39	Non-Binary	Hispanic	2026-01-24	NULL	6.00	4.00	6.00	0	1.247	28762.4760	0-1 Year (Onboarding)	0
1284	Supply Chain	Associate	ASSOCIATE - SUPPLY CHAIN	56199.94	5	0.19	40	Female	Caucasian	2023-10-28	2024-01-07	NULL	NULL	NULL	1	0.975	22479.9760	0-1 Year (Onboarding)	0
2913	Supply Chain	Associate	Associate - Supply Chain	49559.65	5	0.61	43	Non-Binary	Caucasian	2025-08-20	2026-03-31	7.00	NULL	9.99	1	0.860	19823.8600	0-1 Year (Onboarding)	0
1006	Supply Chain	Associate	Associate - Supply Chain	67050.13	3	4.24	41	Female	Hispanic	2022-05-22	NULL	3.00	2.00	4.00	0	1.163	26820.0520	3+ Years (Tenured)	0
1273	Supply Chain	Associate	Associate - Supply Chain	42091.08	3	0.67	44	Female	Two or More	2025-12-15	NULL	4.00	2.00	5.00	0	0.730	16836.4320	0-1 Year (Onboarding)	0
2476	Supply Chain	Associate	Associate - Supply Chain	46172.37	3	2.10	38	Other	Asian	2024-07-09	NULL	3.00	1.00	4.00	0	0.801	18468.9480	1-3 Years (Mid-Tenure)	0
2908	Supply Chain	Associate	Associate - Supply Chain	62000.37	4	4.73	46	Other	African American	2021-11-23	NULL	3.00	3.00	2.00	0	1.075	24800.1480	3+ Years (Tenured)	1
2943	Supply Chain	Associate	Associate - Supply Chain	50132.82	3	0.59	44	Male	Caucasian	2026-01-12	NULL	7.00	5.00	6.00	0	0.869	20053.1280	0-1 Year (Onboarding)	0
2495	Supply Chain	Associate	Associate - Supply Chain	51392.90	3	4.23	48	Female	African American	2022-05-24	NULL	3.00	NULL	8.00	0	0.891	20557.1600	3+ Years (Tenured)	0
1257	Supply Chain	Associate	Associate - Supply Chain	48848.48	3	0.17	21	Other	Two or More	2026-06-15	NULL	9.00	6.00	6.00	0	0.847	19539.3920	0-1 Year (Onboarding)	0
408	Supply Chain	Associate	Associate - Supply Chain	44944.16	2	4.45	36	Female	Asian	2022-03-06	NULL	9.99	8.00	8.00	0	0.779	17977.6640	3+ Years (Tenured)	0
2516	Supply Chain	Associate	Associate - Supply Chain	54107.13	5	3.82	40	Other	African American	2022-10-20	NULL	6.00	7.00	7.00	0	0.938	21642.8520	3+ Years (Tenured)	0
2525	Supply Chain	Associate	Associate - Supply Chain	54072.85	3	1.87	45	Female	Asian	2024-10-01	NULL	5.00	7.00	5.00	0	0.938	21629.1400	1-3 Years (Mid-Tenure)	0
2528	Supply Chain	Associate	Associate - Supply Chain	42188.68	3	2.91	33	Other	Caucasian	2023-09-18	NULL	6.00	9.00	8.00	0	0.732	16875.4720	1-3 Years (Mid-Tenure)	0
2536	Supply Chain	Associate	Associate - Supply Chain	74551.94	2	2.46	32	Male	Asian	2024-02-29	NULL	9.99	3.00	5.00	0	1.293	29820.7760	1-3 Years (Mid-Tenure)	0
1237	Supply Chain	Associate	Associate - Supply Chain	59542.79	4	0.68	36	Male	Hispanic	2025-10-16	2026-06-21	3.00	4.00	3.00	1	1.033	23817.1160	0-1 Year (Onboarding)	1
2887	Supply Chain	Associate	Associate - Supply Chain	68523.56	4	2.41	21	Female	Hispanic	2024-03-17	NULL	4.00	9.99	6.00	0	1.188	27409.4240	1-3 Years (Mid-Tenure)	1
2564	Supply Chain	Associate	Associate - Supply Chain	46225.68	3	2.21	44	Other	Hispanic	2024-05-31	NULL	9.00	9.00	9.99	0	0.802	18490.2720	1-3 Years (Mid-Tenure)	0
1411	Supply Chain	Associate	Associate - Supply Chain	41768.17	3	2.84	59	Male	Asian	2023-10-13	NULL	8.00	7.00	6.00	0	0.724	16707.2680	1-3 Years (Mid-Tenure)	0
469	Supply Chain	Associate	Associate - Supply Chain	70754.03	3	0.41	45	Male	African American	2026-03-18	NULL	2.00	3.00	6.00	0	1.227	28301.6120	0-1 Year (Onboarding)	0
2252	Supply Chain	Associate	Associate - Supply Chain	41975.40	4	3.31	52	Female	Hispanic	2023-04-24	NULL	3.00	1.00	1.00	0	0.728	16790.1600	3+ Years (Tenured)	1
2275	Supply Chain	Associate	Associate - Supply Chain	71901.36	4	1.98	43	Female	Hispanic	2024-08-22	NULL	2.00	6.00	2.00	0	1.247	28760.5440	1-3 Years (Mid-Tenure)	1
463	Supply Chain	Associate	Associate - Supply Chain	70160.25	3	1.10	33	Male	Caucasian	2025-07-10	NULL	4.00	6.00	2.00	0	1.217	28064.1000	1-3 Years (Mid-Tenure)	0
957	Supply Chain	Associate	Associate - Supply Chain	62995.21	4	2.76	50	Female	Hispanic	2023-11-11	NULL	5.00	9.99	3.00	0	1.093	25198.0840	1-3 Years (Mid-Tenure)	0
1461	Supply Chain	Associate	Associate - Supply Chain	50983.85	4	4.11	38	Male	Asian	2022-07-07	NULL	4.00	6.00	8.00	0	0.884	20393.5400	3+ Years (Tenured)	1
1452	Supply Chain	Associate	Associate - Supply Chain	60328.47	4	4.58	41	Male	Caucasian	2022-01-15	NULL	8.00	7.00	9.99	0	1.046	24131.3880	3+ Years (Tenured)	0
671	Supply Chain	Associate	Associate - Supply Chain	61077.29	4	3.88	46	Male	Caucasian	2022-09-27	NULL	4.00	4.00	5.00	0	1.059	24430.9160	3+ Years (Tenured)	1
2313	Supply Chain	Associate	Associate - Supply Chain	57771.64	2	3.97	25	Other	Hispanic	2022-08-27	NULL	1.00	4.00	8.00	0	1.002	23108.6560	3+ Years (Tenured)	0
2972	Supply Chain	Associate	Associate - Supply Chain	53491.19	2	1.21	32	Male	Asian	2025-05-29	NULL	4.00	1.00	8.00	0	0.928	21396.4760	1-3 Years (Mid-Tenure)	0
2566	Supply Chain	Associate	Associate - Supply Chain	62406.26	4	0.90	46	Non-Binary	NULL	2025-09-19	NULL	4.00	3.00	3.00	0	1.082	24962.5040	0-1 Year (Onboarding)	1
315	Supply Chain	Associate	Associate - Supply Chain	69139.61	3	0.79	49	Non-Binary	Hispanic	2025-10-30	NULL	8.00	8.00	5.00	0	1.199	27655.8440	0-1 Year (Onboarding)	0
683	Supply Chain	Associate	Associate - Supply Chain	60979.06	3	1.74	36	Other	African American	2024-11-19	NULL	9.99	6.00	6.00	0	1.058	24391.6240	1-3 Years (Mid-Tenure)	0
784	Supply Chain	Associate	Associate - Supply Chain	45454.63	2	3.41	24	Male	Two or More	2022-01-23	2025-06-20	6.00	8.00	2.00	1	0.788	18181.8520	3+ Years (Tenured)	0
2966	Supply Chain	Associate	Associate - Supply Chain	65415.65	5	3.65	58	Female	Asian	2022-12-23	NULL	8.00	4.00	6.00	0	1.135	26166.2600	3+ Years (Tenured)	0
782	Supply Chain	Associate	Associate - Supply Chain	58734.45	2	0.55	54	Female	Two or More	2021-09-23	2022-04-12	NULL	NULL	NULL	1	1.019	23493.7800	0-1 Year (Onboarding)	0
1374	Supply Chain	Associate	Associate - Supply Chain	60042.17	2	4.83	29	Other	African American	2021-10-18	NULL	5.00	8.00	5.00	0	1.041	24016.8680	3+ Years (Tenured)	0
691	Supply Chain	Associate	Associate - Supply Chain	69592.94	3	0.33	33	Male	Hispanic	2024-11-26	2025-03-26	5.00	4.00	2.00	1	1.207	27837.1760	0-1 Year (Onboarding)	0
2959	Supply Chain	Associate	Associate - Supply Chain	50124.66	2	2.95	44	Female	African American	2023-09-02	NULL	9.00	6.00	4.00	0	0.869	20049.8640	1-3 Years (Mid-Tenure)	0
998	Supply Chain	Associate	Associate - Supply Chain	59539.13	3	2.72	42	Non-Binary	Asian	2023-11-28	NULL	8.00	9.00	9.99	0	1.033	23815.6520	1-3 Years (Mid-Tenure)	0
431	Supply Chain	Associate	Associate - Supply Chain	71260.83	1	4.94	36	Male	Asian	2021-09-08	NULL	2.00	2.00	2.00	0	1.236	28504.3320	3+ Years (Tenured)	0
1069	Supply Chain	Associate	Associate - Supply Chain	45570.32	2	0.21	39	Male	Two or More	2026-05-30	NULL	7.00	6.00	3.00	0	0.790	18228.1280	0-1 Year (Onboarding)	0
2672	Supply Chain	Associate	Associate - Supply Chain	58822.13	5	3.27	38	Non-Binary	Asian	2023-05-11	NULL	8.00	4.00	5.00	0	1.020	23528.8520	3+ Years (Tenured)	0
767	Supply Chain	Associate	Associate - Supply Chain	60153.25	3	5.10	33	Male	Asian	2021-07-10	NULL	9.99	9.99	9.00	0	1.043	24061.3000	3+ Years (Tenured)	0
2679	Supply Chain	Associate	Associate - Supply Chain	73976.02	5	3.55	34	Female	African American	2023-01-29	NULL	9.00	8.00	5.00	0	1.283	29590.4080	3+ Years (Tenured)	0
2686	Supply Chain	Associate	Associate - Supply Chain	57569.70	5	3.09	21	Other	African American	2023-07-13	NULL	3.00	4.00	3.00	0	0.998	23027.8800	3+ Years (Tenured)	1
2695	Supply Chain	Associate	Associate - Supply Chain	54734.75	3	2.94	35	Male	Two or More	2023-01-13	2025-12-21	4.00	3.00	6.00	1	0.949	21893.9000	1-3 Years (Mid-Tenure)	0
1052	Supply Chain	Associate	Associate - Supply Chain	58848.72	3	2.11	43	Male	African American	2024-07-05	NULL	8.00	9.00	9.99	0	1.021	23539.4880	1-3 Years (Mid-Tenure)	0
743	Supply Chain	Associate	Associate - Supply Chain	63960.32	2	2.27	32	Female	Caucasian	2024-05-10	NULL	5.00	2.00	9.00	0	1.109	25584.1280	1-3 Years (Mid-Tenure)	0
2716	Supply Chain	Associate	Associate - Supply Chain	46583.08	4	1.85	40	Male	NULL	2024-10-08	NULL	7.00	4.00	9.99	0	0.808	18633.2320	1-3 Years (Mid-Tenure)	0
1115	Supply Chain	Associate	Associate - Supply Chain	65155.75	3	5.05	34	Male	African American	2021-07-27	NULL	1.00	1.00	1.00	1	1.130	26062.3000	3+ Years (Tenured)	0
361	Supply Chain	Associate	Associate - Supply Chain	64751.21	4	0.57	54	Non-Binary	Two or More	2026-01-19	NULL	9.00	9.99	5.00	0	1.123	25900.4840	0-1 Year (Onboarding)	0
2835	Supply Chain	Associate	Associate - Supply Chain	47619.73	5	4.73	43	Other	Caucasian	2021-11-21	NULL	4.00	6.00	7.00	0	0.826	19047.8920	3+ Years (Tenured)	1
2799	Supply Chain	Associate	Associate - Supply Chain	65365.55	3	3.72	46	Non-Binary	NULL	2022-11-27	NULL	4.00	4.00	8.00	0	1.134	26146.2200	3+ Years (Tenured)	0
2797	Supply Chain	Associate	Associate - Supply Chain	47594.29	4	2.13	47	Other	Asian	2024-06-30	NULL	6.00	6.00	7.00	0	0.825	19037.7160	1-3 Years (Mid-Tenure)	0
2737	Supply Chain	Associate	associate - supply chain	60265.98	4	0.72	53	NULL	Asian	2025-11-24	NULL	6.00	1.00	3.00	0	1.045	24106.3920	0-1 Year (Onboarding)	0
1076	Supply Chain	Associate	Associate - Supply Chain	61819.81	3	3.15	34	Other	Asian	2023-06-23	NULL	8.00	9.99	6.00	0	1.072	24727.9240	3+ Years (Tenured)	0
757	Supply Chain	Associate	Associate - Supply Chain	52979.01	3	3.97	36	Non-Binary	Asian	2022-08-28	NULL	2.00	2.00	5.00	0	0.919	21191.6040	3+ Years (Tenured)	0
1092	Supply Chain	Associate	Associate - Supply Chain	59974.01	4	4.88	29	Male	Hispanic	2021-09-27	NULL	7.00	9.99	7.00	0	1.040	23989.6040	3+ Years (Tenured)	0
2787	Supply Chain	Associate	Associate - Supply Chain	69912.89	3	4.15	24	Male	Asian	2022-06-23	NULL	5.00	3.00	1.00	0	1.213	27965.1560	3+ Years (Tenured)	0
2760	Supply Chain	Associate	ASSOCIATE - SUPPLY CHAIN	69295.00	4	2.07	54	Other	Asian	2024-07-22	NULL	6.00	NULL	5.00	0	1.202	27718.0000	1-3 Years (Mid-Tenure)	0
1088	Supply Chain	Associate	Associate - Supply Chain	48000.51	3	4.84	45	Non-Binary	Caucasian	2021-10-14	NULL	6.00	4.00	8.00	0	0.833	19200.2040	3+ Years (Tenured)	0
367	Supply Chain	Associate	Associate - Supply Chain	52299.44	2	3.02	45	Male	African American	2023-08-10	NULL	8.00	4.00	9.00	0	0.907	20919.7760	3+ Years (Tenured)	0
341	Supply Chain	Associate	Associate - Supply Chain	70284.27	2	3.77	62	Non-Binary	Two or More	2022-11-07	NULL	8.00	3.00	6.00	0	1.219	28113.7080	3+ Years (Tenured)	0
2571	Supply Chain	Associate	Associate - Supply Chain	56515.10	4	1.56	35	Non-Binary	Two or More	2025-01-21	NULL	3.00	5.00	3.00	0	0.980	22606.0400	1-3 Years (Mid-Tenure)	1
2575	Supply Chain	Associate	Associate - Supply Chain	54345.66	3	0.82	26	Other	Hispanic	2025-10-20	NULL	9.99	6.00	9.99	0	0.943	21738.2640	0-1 Year (Onboarding)	0
730	Supply Chain	Associate	Associate - Supply Chain	67238.76	3	3.39	31	Female	African American	2023-03-25	NULL	6.00	4.00	4.00	0	1.166	26895.5040	3+ Years (Tenured)	0
2577	Supply Chain	Associate	Associate - Supply Chain	73388.10	3	0.44	39	Female	Hispanic	2026-03-09	NULL	4.00	5.00	4.00	0	1.273	29355.2400	0-1 Year (Onboarding)	0
1030	Supply Chain	Associate	Associate - Supply Chain	51325.98	3	4.22	29	Male	Asian	2022-05-27	NULL	4.00	5.00	7.00	0	0.890	20530.3920	3+ Years (Tenured)	0
2876	Supply Chain	Associate	Associate - Supply Chain	66476.85	4	4.96	46	NULL	Asian	2021-08-30	NULL	4.00	3.00	4.00	0	1.153	26590.7400	3+ Years (Tenured)	1
2618	Supply Chain	Associate	Associate - Supply Chain	60034.48	3	0.59	39	Other	NULL	2026-01-13	NULL	8.00	7.00	6.00	0	1.041	24013.7920	0-1 Year (Onboarding)	0
1195	Supply Chain	Associate	Associate - Supply Chain	66149.46	5	0.63	53	Non-Binary	Asian	2024-07-05	2025-02-20	4.00	2.00	4.00	1	1.147	26459.7840	0-1 Year (Onboarding)	1
1039	Supply Chain	Associate	Associate - Supply Chain	48696.68	2	3.47	41	Other	Asian	2023-02-26	NULL	8.00	7.00	1.00	0	0.845	19478.6720	3+ Years (Tenured)	0
391	Supply Chain	Associate	Associate - Supply Chain	48146.59	4	1.43	54	Female	Two or More	2025-03-12	NULL	8.00	9.00	9.99	0	0.835	19258.6360	1-3 Years (Mid-Tenure)	0
823	Supply Chain	Associate	Associate - Supply Chain	59136.70	2	4.16	54	Male	Hispanic	2022-06-18	NULL	9.99	9.99	9.00	0	1.026	23654.6800	3+ Years (Tenured)	0
2642	Supply Chain	Associate	Associate - Supply Chain	48260.44	4	0.97	38	Male	Hispanic	2025-08-25	NULL	8.00	9.00	9.00	0	0.837	19304.1760	0-1 Year (Onboarding)	0
1175	Supply Chain	Associate	Associate - Supply Chain	59290.68	4	1.35	50	Other	NULL	2025-04-10	NULL	3.00	4.00	4.00	0	1.028	23716.2720	1-3 Years (Mid-Tenure)	1
2648	Supply Chain	Associate	Associate - Supply Chain	73319.34	3	1.27	39	Other	Caucasian	2025-05-07	NULL	6.00	1.00	8.00	0	1.272	29327.7360	1-3 Years (Mid-Tenure)	0
2853	Supply Chain	Associate	Associate - Supply Chain	55373.02	3	2.39	41	Female	Caucasian	2024-03-26	NULL	7.00	1.00	1.00	0	0.960	22149.2080	1-3 Years (Mid-Tenure)	0
1041	Supply Chain	Associate	Associate - Supply Chain	66189.98	3	3.90	47	Male	Two or More	2022-09-23	NULL	7.00	4.00	5.00	0	1.148	26475.9920	3+ Years (Tenured)	0
2850	Supply Chain	Associate	Associate - Supply Chain	59618.96	4	2.25	46	Non-Binary	Asian	2024-05-17	NULL	7.00	8.00	6.00	0	1.034	23847.5840	1-3 Years (Mid-Tenure)	0
2849	Supply Chain	Associate	Associate - Supply Chain	45600.00	2	0.51	37	Male	Asian	2026-02-10	NULL	8.00	9.99	5.00	0	0.791	18240.0000	0-1 Year (Onboarding)	0
2649	Supply Chain	Associate	Associate - Supply Chain	57611.22	1	2.72	46	Male	Asian	2023-11-27	NULL	2.00	2.00	3.00	0	0.999	23044.4880	1-3 Years (Mid-Tenure)	0
1169	Supply Chain	Associate	Associate - Supply Chain	42768.30	1	3.25	36	Non-Binary	Asian	2023-05-16	NULL	1.00	1.00	6.00	0	0.742	17107.3200	3+ Years (Tenured)	0
2840	Supply Chain	Associate	Associate - Supply Chain	45746.94	2	0.33	39	Non-Binary	Hispanic	2026-04-16	NULL	6.00	5.00	5.00	0	0.793	18298.7760	0-1 Year (Onboarding)	0
1714	Supply Chain	Associate	Associate - Supply Chain	60654.87	4	2.05	44	Non-Binary	African American	2024-07-27	NULL	4.00	5.00	4.00	0	1.052	24261.9480	1-3 Years (Mid-Tenure)	1
1597	Supply Chain	Associate	Associate - Supply Chain	47297.35	5	0.26	31	Male	Caucasian	2026-05-12	NULL	9.00	4.00	9.99	0	0.820	18918.9400	0-1 Year (Onboarding)	0
3159	Supply Chain	Associate	Associate - Supply Chain	57819.88	3	0.64	42	Female	Hispanic	2022-12-19	2023-08-10	NULL	NULL	NULL	1	1.003	23127.9520	0-1 Year (Onboarding)	0
2092	Supply Chain	Associate	Associate - Supply Chain	65439.52	3	2.73	53	Male	Two or More	2023-11-24	NULL	1.00	5.00	6.00	0	1.135	26175.8080	1-3 Years (Mid-Tenure)	0
2098	Supply Chain	Associate	Associate - Supply Chain	52432.80	3	0.94	56	Non-Binary	Asian	2025-09-06	NULL	9.00	4.00	4.00	0	0.909	20973.1200	0-1 Year (Onboarding)	0
1902	Supply Chain	Associate	Associate - Supply Chain	64626.32	4	1.37	43	Female	Hispanic	2025-04-02	NULL	6.00	5.00	NULL	0	1.121	25850.5280	1-3 Years (Mid-Tenure)	0
1580	Supply Chain	Associate	Associate - Supply Chain	69222.94	3	1.96	34	Male	Hispanic	2024-08-30	NULL	7.00	7.00	8.00	0	1.201	27689.1760	1-3 Years (Mid-Tenure)	0
837	Supply Chain	Associate	Associate - Supply Chain	51801.44	3	2.13	38	Other	Hispanic	2024-06-29	NULL	3.00	2.00	1.00	0	0.898	20720.5760	1-3 Years (Mid-Tenure)	0
1900	Supply Chain	Associate	Associate - Supply Chain	65866.43	3	1.55	49	Male	Caucasian	2025-01-25	NULL	6.00	6.00	4.00	0	1.142	26346.5720	1-3 Years (Mid-Tenure)	0
1599	Supply Chain	Associate	Associate - Supply Chain	40941.88	3	2.26	51	Female	Caucasian	2024-05-11	NULL	7.00	8.00	6.00	0	0.710	16376.7520	1-3 Years (Mid-Tenure)	0
880	Supply Chain	Associate	Associate - Supply Chain	67422.28	2	2.39	45	Other	Hispanic	2024-03-26	NULL	5.00	3.00	4.00	0	1.169	26968.9120	1-3 Years (Mid-Tenure)	0
2125	Supply Chain	Associate	Associate - Supply Chain	42909.32	5	1.55	40	Female	Asian	2025-01-26	NULL	6.00	6.00	2.00	0	0.744	17163.7280	1-3 Years (Mid-Tenure)	0
1563	Supply Chain	Associate	Associate - Supply Chain	68169.15	4	0.61	50	Other	Asian	2026-01-06	NULL	9.99	9.00	6.00	0	1.182	27267.6600	0-1 Year (Onboarding)	0
496	Supply Chain	Associate	Associate - Supply Chain	69798.32	3	2.39	52	Other	African American	2024-03-24	NULL	8.00	7.00	7.00	0	1.211	27919.3280	1-3 Years (Mid-Tenure)	0
886	Supply Chain	Associate	Associate - Supply Chain	57821.25	2	0.86	44	Male	Asian	2025-10-06	NULL	9.00	9.99	8.00	0	1.003	23128.5000	0-1 Year (Onboarding)	0
3166	Supply Chain	Associate	Associate - Supply Chain	44237.63	3	3.13	42	Male	NULL	2023-07-01	NULL	9.00	5.00	4.00	0	0.767	17695.0520	3+ Years (Tenured)	0
2148	Supply Chain	Associate	Associate - Supply Chain	66119.86	5	2.08	39	Other	Caucasian	2024-07-15	NULL	7.00	5.00	6.00	0	1.147	26447.9440	1-3 Years (Mid-Tenure)	0
1935	Supply Chain	Associate	Associate - Supply Chain	51219.88	3	4.05	40	Male	Caucasian	2022-07-27	NULL	6.00	6.00	6.00	0	0.888	20487.9520	3+ Years (Tenured)	0
1686	Supply Chain	Associate	Associate - Supply Chain	52464.93	3	4.92	49	NULL	Two or More	2021-09-15	NULL	6.00	6.00	7.00	0	0.910	20985.9720	3+ Years (Tenured)	0
1958	Supply Chain	Associate	Associate - Supply Chain	44712.07	3	4.36	37	Non-Binary	African American	2022-04-05	NULL	6.00	7.00	5.00	0	0.775	17884.8280	3+ Years (Tenured)	0
1962	Supply Chain	Associate	Associate - Supply Chain	56763.47	2	2.43	42	Male	African American	2024-03-10	NULL	1.00	1.00	4.00	0	0.984	22705.3880	1-3 Years (Mid-Tenure)	0
1963	Supply Chain	Associate	Associate - Supply Chain	74965.24	3	3.82	46	Male	Caucasian	2022-10-20	NULL	4.00	3.00	3.00	0	1.300	29986.0960	3+ Years (Tenured)	0
1661	Supply Chain	Associate	Associate - Supply Chain	68806.66	5	0.29	37	Male	African American	2024-02-14	2024-05-30	NULL	NULL	NULL	1	1.193	27522.6640	0-1 Year (Onboarding)	0
1941	Supply Chain	Associate	Associate - Supply Chain	50362.56	2	0.84	26	Non-Binary	Hispanic	2025-10-14	NULL	9.99	3.00	9.00	0	0.873	20145.0240	0-1 Year (Onboarding)	0
1981	Supply Chain	Associate	Associate - Supply Chain	55230.28	3	1.80	43	Male	Hispanic	2024-10-27	NULL	7.00	4.00	2.00	0	0.958	22092.1120	1-3 Years (Mid-Tenure)	0
1996	Supply Chain	Associate	Associate - Supply Chain	74020.06	3	0.71	45	NULL	Caucasian	2025-11-30	NULL	9.99	9.00	9.99	0	1.284	29608.0240	0-1 Year (Onboarding)	0
2138	Supply Chain	Associate	Associate - Supply Chain	41271.79	3	4.36	42	Female	Hispanic	2022-04-07	NULL	9.99	8.00	9.99	0	0.716	16508.7160	3+ Years (Tenured)	0
3145	Supply Chain	Associate	Associate - Supply Chain	63305.17	3	1.43	32	Male	Two or More	2025-03-12	NULL	5.00	3.00	8.00	0	1.098	25322.0680	1-3 Years (Mid-Tenure)	0
2040	Supply Chain	Associate	Associate - Supply Chain	68879.95	1	3.39	36	Male	Asian	2023-03-27	NULL	9.99	NULL	9.99	0	1.195	27551.9800	3+ Years (Tenured)	0
3119	Supply Chain	Associate	Associate - Supply Chain	51821.30	4	0.63	54	Male	Asian	2025-09-07	2026-04-25	8.00	7.00	2.00	1	0.899	20728.5200	0-1 Year (Onboarding)	0
551	Supply Chain	Associate	Associate - Supply Chain	74612.98	3	1.43	38	Male	NULL	2025-03-10	NULL	4.00	2.00	1.00	0	1.294	29845.1920	1-3 Years (Mid-Tenure)	0
1601	Supply Chain	Associate	Associate - Supply Chain	41262.86	4	0.10	31	Female	Caucasian	2026-07-10	NULL	NULL	NULL	NULL	0	0.716	16505.1440	0-1 Year (Onboarding)	0
3155	Supply Chain	Associate	Associate - Supply Chain	74423.67	3	4.41	52	Female	Asian	2022-03-20	NULL	6.00	1.00	2.00	0	1.291	29769.4680	3+ Years (Tenured)	0
1912	Supply Chain	Associate	Associate - Supply Chain	68772.78	4	4.41	30	Other	Two or More	2022-03-18	NULL	2.00	4.00	1.00	0	1.193	27509.1120	3+ Years (Tenured)	1
2218	Supply Chain	Associate	Associate - Supply Chain	56159.01	4	0.10	41	Male	Asian	2026-07-10	NULL	NULL	NULL	NULL	0	0.974	22463.6040	0-1 Year (Onboarding)	0
1726	Supply Chain	Associate	Associate - Supply Chain	63693.16	3	1.32	49	Female	Hispanic	2025-04-22	NULL	9.99	7.00	9.99	0	1.105	25477.2640	1-3 Years (Mid-Tenure)	0
651	Supply Chain	Associate	Associate - Supply Chain	40078.03	1	3.58	47	Non-Binary	Hispanic	2023-01-18	NULL	4.00	8.00	1.00	0	0.695	16031.2120	3+ Years (Tenured)	0
3051	Supply Chain	Associate	Associate - Supply Chain	50214.00	4	2.92	45	Male	Asian	2023-09-14	NULL	1.00	3.00	1.00	0	0.871	20085.6000	1-3 Years (Mid-Tenure)	1
593	Supply Chain	Associate	Associate - Supply Chain	53980.23	3	0.61	46	Female	Asian	2026-01-03	NULL	6.00	8.00	5.00	0	0.936	21592.0920	0-1 Year (Onboarding)	0
2190	Supply Chain	Associate	Associate - Supply Chain	57630.24	5	2.24	33	Non-Binary	Hispanic	2024-05-21	NULL	9.00	5.00	5.00	0	1.000	23052.0960	1-3 Years (Mid-Tenure)	0
1846	Supply Chain	Associate	Associate - Supply Chain	59387.10	5	0.39	39	Female	Hispanic	2026-03-26	NULL	NULL	NULL	NULL	0	1.030	23754.8400	0-1 Year (Onboarding)	0
1728	Supply Chain	Associate	Associate - Supply Chain	42285.67	2	3.31	49	Other	Asian	2022-03-26	2025-07-16	8.00	6.00	8.00	1	0.733	16914.2680	3+ Years (Tenured)	0
643	Supply Chain	Associate	Associate - Supply Chain	52255.22	3	0.95	41	Female	Caucasian	2023-06-01	2024-05-14	5.00	4.00	5.00	1	0.906	20902.0880	0-1 Year (Onboarding)	0
3179	Supply Chain	Associate	Associate - Supply Chain	72819.83	2	1.53	34	Non-Binary	Caucasian	2025-02-04	NULL	9.00	6.00	1.00	0	1.263	29127.9320	1-3 Years (Mid-Tenure)	0
2201	Supply Chain	Associate	Associate - Supply Chain	54799.43	3	0.96	45	Male	Hispanic	2025-08-31	NULL	5.00	4.00	7.00	0	0.950	21919.7720	0-1 Year (Onboarding)	0
3045	Supply Chain	Associate	Associate - Supply Chain	59213.14	4	0.94	42	Female	Asian	2025-09-05	NULL	1.00	1.00	2.00	0	1.027	23685.2560	0-1 Year (Onboarding)	1
482	Supply Chain	Associate	Associate - Supply Chain	64559.20	3	1.74	31	Female	Two or More	2024-11-17	NULL	3.00	4.00	8.00	0	1.120	25823.6800	1-3 Years (Mid-Tenure)	0
803	Supply Chain	Associate	Associate - Supply Chain	65583.43	3	1.77	45	Other	Asian	2024-11-08	NULL	6.00	NULL	3.00	0	1.137	26233.3720	1-3 Years (Mid-Tenure)	0
570	Supply Chain	Associate	Associate - Supply Chain	70008.80	2	0.14	40	Female	Asian	2026-06-24	NULL	NULL	NULL	NULL	0	1.214	28003.5200	0-1 Year (Onboarding)	0
1513	Supply Chain	Associate	Associate - Supply Chain	73220.09	4	3.24	35	Male	African American	2023-05-21	NULL	4.00	7.00	2.00	0	1.270	29288.0360	3+ Years (Tenured)	1
480	Supply Chain	Associate	Associate - Supply Chain	70950.05	3	4.45	45	Male	African American	2022-03-05	NULL	5.00	2.00	8.00	0	1.231	28380.0200	3+ Years (Tenured)	0
1797	Supply Chain	Associate	Associate - Supply Chain	48451.14	5	1.59	35	Male	Caucasian	2025-01-13	NULL	6.00	3.00	6.00	0	0.840	19380.4560	1-3 Years (Mid-Tenure)	0
1889	Supply Chain	Associate	Associate - Supply Chain	44567.39	3	0.30	54	Female	Caucasian	2026-04-17	2026-08-03	NULL	NULL	NULL	1	0.773	17826.9560	0-1 Year (Onboarding)	0
3203	Supply Chain	Associate	Associate - Supply Chain	64790.79	5	3.29	34	Non-Binary	Hispanic	2023-05-01	NULL	5.00	9.00	6.00	0	1.124	25916.3160	3+ Years (Tenured)	0
1503	Supply Chain	Associate	Associate - Supply Chain	59226.26	3	2.39	44	Male	Hispanic	2024-03-27	NULL	2.00	5.00	9.99	0	1.027	23690.5040	1-3 Years (Mid-Tenure)	0
3172	Supply Chain	Associate	Associate - Supply Chain	56313.72	1	2.06	21	Male	Caucasian	2024-07-24	NULL	8.00	6.00	7.00	0	0.977	22525.4880	1-3 Years (Mid-Tenure)	0
1551	Supply Chain	Associate	Associate - Supply Chain	60348.12	3	3.30	23	Male	Hispanic	2023-04-28	NULL	8.00	7.00	7.00	0	1.047	24139.2480	3+ Years (Tenured)	0
3112	Supply Chain	Domain Director	Domain Director - Supply Chain	113866.06	4	2.14	51	Male	Caucasian	2023-04-03	2025-05-24	8.00	7.00	5.00	1	0.794	45546.4240	1-3 Years (Mid-Tenure)	0
3928	Supply Chain	Domain Director	Domain Director - Supply Chain	147956.91	3	2.61	33	Male	African American	2024-01-07	NULL	4.00	6.00	NULL	0	1.031	59182.7640	1-3 Years (Mid-Tenure)	0
442	Supply Chain	Domain Director	Domain Director - Supply Chain	168544.34	1	1.30	35	Female	Caucasian	2025-04-28	NULL	7.00	5.00	6.00	0	1.175	67417.7360	1-3 Years (Mid-Tenure)	0
2489	Supply Chain	Manager	Manager - Supply Chain	96358.14	1	0.38	43	Other	Asian	2026-03-30	NULL	9.00	9.00	9.99	0	0.937	38543.2560	0-1 Year (Onboarding)	0
1230	Supply Chain	Manager	Manager - Supply Chain	70611.53	1	1.09	40	Non-Binary	Caucasian	2025-07-13	NULL	9.99	9.99	NULL	0	0.687	28244.6120	1-3 Years (Mid-Tenure)	0
3846	Supply Chain	Manager	Manager - Supply Chain	117006.45	3	3.16	30	Female	African American	2023-06-19	NULL	2.00	3.00	3.00	0	1.138	46802.5800	3+ Years (Tenured)	0
2933	Supply Chain	Manager	Manager - Supply Chain	114085.03	3	3.44	46	Male	Hispanic	2023-03-08	NULL	6.00	4.00	5.00	0	1.110	45634.0120	3+ Years (Tenured)	0
145	Supply Chain	Manager	Manager - Supply Chain	115886.53	4	3.19	27	Non-Binary	NULL	2023-06-06	NULL	4.00	1.00	2.00	0	1.127	46354.6120	3+ Years (Tenured)	1
1066	Supply Chain	Supervisor/Lead	Supervisor/Lead - Supply Chain	88324.93	1	1.71	49	NULL	Two or More	2024-11-28	NULL	5.00	6.00	4.00	0	1.234	35329.9720	1-3 Years (Mid-Tenure)	0
3429	Supply Chain	Supervisor/Lead	Supervisor/Lead - Supply Chain	76152.57	5	1.63	56	Non-Binary	Caucasian	2024-12-28	NULL	5.00	NULL	3.00	0	1.064	30461.0280	1-3 Years (Mid-Tenure)	0
3205	Supply Chain	Supervisor/Lead	Supervisor/Lead - Supply Chain	70269.18	2	3.05	33	NULL	Asian	2023-07-27	NULL	9.00	5.00	6.00	0	0.982	28107.6720	3+ Years (Tenured)	0
211	Supply Chain	Supervisor/Lead	Supervisor/Lead - Supply Chain	85502.86	5	1.21	57	Female	Caucasian	2025-05-31	NULL	9.00	9.99	9.99	0	1.194	34201.1440	1-3 Years (Mid-Tenure)	0
519	Supply Chain	Supervisor/Lead	Supervisor/Lead - Supply Chain	57771.49	3	4.03	39	Other	Caucasian	2022-08-04	NULL	6.00	4.00	4.00	0	0.807	23108.5960	3+ Years (Tenured)	0
1694	Supply Chain	Supervisor/Lead	Supervisor/Lead - Supply Chain	71634.31	4	1.85	41	Male	African American	2024-10-07	NULL	9.00	5.00	2.00	0	1.001	28653.7240	1-3 Years (Mid-Tenure)	0
3144	Supply Chain	Supervisor/Lead	Supervisor/Lead - Supply Chain	59936.19	3	3.87	28	Female	Two or More	2022-10-04	NULL	6.00	1.00	5.00	0	0.837	23974.4760	3+ Years (Tenured)	0
3500	Supply Chain	Supervisor/Lead	Supervisor/Lead - Supply Chain	72326.81	4	1.52	54	Female	Two or More	2025-02-07	NULL	3.00	6.00	4.00	0	1.010	28930.7240	1-3 Years (Mid-Tenure)	1
1757	Supply Chain	Supervisor/Lead	Supervisor/Lead - Supply Chain	87113.63	4	4.13	46	Non-Binary	Asian	2022-06-28	NULL	5.00	6.00	6.00	0	1.217	34845.4520	3+ Years (Tenured)	0
2687	Supply Chain	Supervisor/Lead	Supervisor/Lead - Supply Chain	60601.30	3	2.64	38	Non-Binary	Asian	2023-12-25	NULL	9.99	9.00	9.00	0	0.846	24240.5200	1-3 Years (Mid-Tenure)	0
1879	Supply Chain	Supervisor/Lead	Supervisor/Lead - Supply Chain	73199.35	3	0.47	21	Other	African American	2026-02-26	NULL	9.00	9.00	7.00	0	1.022	29279.7400	0-1 Year (Onboarding)	0
1111	Supply Chain	Supervisor/Lead	Supervisor/Lead - Supply Chain	72478.04	3	3.13	48	Non-Binary	Asian	2023-07-01	NULL	5.00	3.00	4.00	0	1.012	28991.2160	3+ Years (Tenured)	0
1704	Supply Chain	Supervisor/Lead	Supervisor/Lead - Supply Chain	62398.72	2	0.77	33	Other	Hispanic	2025-11-07	NULL	6.00	9.99	1.00	0	0.872	24959.4880	0-1 Year (Onboarding)	0
1078	Supply Chain	Supervisor/Lead	Supervisor/Lead - Supply Chain	56015.51	5	2.96	40	Male	Two or More	2023-08-29	NULL	8.00	6.00	4.00	0	0.782	22406.2040	1-3 Years (Mid-Tenure)	0
1820	Supply Chain	Supervisor/Lead	Supervisor/Lead - Supply Chain	56367.80	3	3.27	55	Non-Binary	Asian	2023-05-11	NULL	1.00	1.00	2.00	0	0.787	22547.1200	3+ Years (Tenured)	0
2655	Supply Chain	Supervisor/Lead	Supervisor/Lead - Supply Chain	86475.46	3	3.21	32	Non-Binary	Hispanic	2023-06-01	NULL	4.00	4.00	1.00	0	1.208	34590.1840	3+ Years (Tenured)	0
3672	Supply Chain	Supervisor/Lead	Supervisor/Lead - Supply Chain	88382.54	2	1.97	33	NULL	Asian	2024-08-25	NULL	6.00	6.00	8.00	0	1.235	35353.0160	1-3 Years (Mid-Tenure)	0
3873	Supply Chain	Supervisor/Lead	Supervisor/Lead - Supply Chain	57784.48	4	0.82	22	Non-Binary	African American	2025-10-19	NULL	4.00	5.00	3.00	0	0.807	23113.7920	0-1 Year (Onboarding)	1
1549	Supply Chain	Supervisor/Lead	Supervisor/Lead - Supply Chain	63614.60	3	0.49	33	Male	Two or More	2026-02-17	NULL	8.00	6.00	8.00	0	0.889	25445.8400	0-1 Year (Onboarding)	0
2416	Supply Chain	Supervisor/Lead	Supervisor/Lead - Supply Chain	66043.51	2	3.93	46	Male	NULL	2022-09-09	NULL	8.00	3.00	7.00	0	0.922	26417.4040	3+ Years (Tenured)	0
2409	Supply Chain	Supervisor/Lead	Supervisor/Lead - Supply Chain	60542.05	3	3.99	31	Female	Asian	2022-08-20	NULL	9.00	8.00	4.00	0	0.846	24216.8200	3+ Years (Tenured)	0
3332	Supply Chain	Supervisor/Lead	Supervisor/Lead - Supply Chain	71529.82	4	4.72	47	Male	Asian	2021-11-26	NULL	6.00	2.00	3.00	0	0.999	28611.9280	3+ Years (Tenured)	0
167	Supply Chain	Supervisor/Lead	Supervisor/Lead - Supply Chain	77718.99	1	0.91	37	Female	Hispanic	2025-09-17	NULL	7.00	4.00	1.00	0	1.086	31087.5960	0-1 Year (Onboarding)	0
2165	Supply Chain	Supervisor/Lead	Supervisor/Lead - Supply Chain	78607.94	3	3.93	51	Other	Caucasian	2022-09-11	NULL	7.00	9.99	9.99	0	1.098	31443.1760	3+ Years (Tenured)	0
11	Supply Chain	Supervisor/Lead	Supervisor/Lead - Supply Chain	56040.32	4	1.47	39	Male	Hispanic	2025-02-24	NULL	7.00	9.99	9.99	0	0.783	22416.1280	1-3 Years (Mid-Tenure)	0
1524	Supply Chain	Supervisor/Lead	Supervisor/Lead - Supply Chain	66640.60	5	1.85	34	Non-Binary	Asian	2024-10-08	NULL	6.00	2.00	2.00	0	0.931	26656.2400	1-3 Years (Mid-Tenure)	0
3781	Supply Chain	Supervisor/Lead	Supervisor/Lead - Supply Chain	89932.82	5	0.73	62	Male	NULL	2025-11-23	NULL	3.00	9.99	2.00	0	1.256	35973.1280	0-1 Year (Onboarding)	1
314	Supply Chain	Supervisor/Lead	Supervisor/Lead - Supply Chain	74755.13	4	2.15	28	Male	African American	2024-06-22	NULL	7.00	5.00	1.00	0	1.044	29902.0520	1-3 Years (Mid-Tenure)	0
313	Supply Chain	Supervisor/Lead	Supervisor/Lead - Supply Chain	82292.47	2	1.64	43	Male	Caucasian	2023-06-14	2025-02-02	4.00	2.00	2.00	1	1.149	32916.9880	1-3 Years (Mid-Tenure)	0
3706	Supply Chain	Supervisor/Lead	Supervisor/Lead - Supply Chain	65162.97	5	3.65	37	Non-Binary	Asian	2022-12-23	NULL	6.00	6.00	7.00	0	0.910	26065.1880	3+ Years (Tenured)	0
787	Supply Chain	Supervisor/Lead	Supervisor/Lead - Supply Chain	56105.47	4	3.68	21	Female	Hispanic	2022-12-09	NULL	9.00	9.00	7.00	0	0.784	22442.1880	3+ Years (Tenured)	0
3708	Supply Chain	Supervisor/Lead	Supervisor/Lead - Supply Chain	74751.90	3	2.45	29	Other	Asian	2024-03-05	NULL	9.99	7.00	7.00	0	1.044	29900.7600	1-3 Years (Mid-Tenure)	0
921	Supply Chain	Supervisor/Lead	Supervisor/Lead - Supply Chain	69139.34	3	1.13	25	Other	African American	2025-06-30	NULL	7.00	3.00	3.00	0	0.966	27655.7360	1-3 Years (Mid-Tenure)	0
791	Supply Chain	Supervisor/Lead	Supervisor/Lead - Supply Chain	68785.05	4	2.71	45	Other	Caucasian	2023-12-01	NULL	4.00	1.00	2.00	0	0.961	27514.0200	1-3 Years (Mid-Tenure)	1
3731	Supply Chain	Supervisor/Lead	Supervisor/Lead - Supply Chain	68263.26	3	0.41	38	Male	Caucasian	2026-03-19	NULL	9.00	9.00	6.00	0	0.953	27305.3040	0-1 Year (Onboarding)	0
2545	Supply Chain	Supervisor/Lead	Supervisor/Lead - Supply Chain	83858.93	4	0.18	37	Female	Two or More	2024-02-22	2024-04-27	NULL	NULL	NULL	1	1.171	33543.5720	0-1 Year (Onboarding)	0
3519	Supply Chain	Supervisor/Lead	Supervisor/Lead - Supply Chain	64362.92	3	5.05	42	Other	African American	2021-07-28	NULL	3.00	6.00	3.00	0	0.899	25745.1680	3+ Years (Tenured)	0
2599	Supply Chain	Supervisor/Lead	Supervisor/Lead - Supply Chain	77095.00	3	4.81	38	Other	Caucasian	2021-10-24	NULL	6.00	5.00	3.00	0	1.077	30838.0000	3+ Years (Tenured)	0
2583	Supply Chain	Supervisor/Lead	Supervisor/Lead - Supply Chain	74401.15	3	1.06	29	Non-Binary	Two or More	2025-07-25	NULL	9.00	7.00	9.00	0	1.039	29760.4600	1-3 Years (Mid-Tenure)	0
533	Supply Chain	Supervisor/Lead	Supervisor/Lead - Supply Chain	61126.23	4	0.86	33	NULL	African American	2025-10-05	NULL	6.00	9.99	4.00	0	0.854	24450.4920	0-1 Year (Onboarding)	0
4041	Supply Chain	Supervisor/Lead	Supervisor/Lead - Supply Chain	89888.88	5	1.05	34	Other	African American	2025-07-29	NULL	5.00	3.00	7.00	0	1.256	35955.5520	1-3 Years (Mid-Tenure)	0
1621	Supply Chain	Supervisor/Lead	Supervisor/Lead - Supply Chain	68252.49	2	1.03	62	Male	Asian	2025-08-05	NULL	4.00	2.00	5.00	0	0.953	27300.9960	1-3 Years (Mid-Tenure)	0
1234	Supply Chain	Supervisor/Lead	Supervisor/Lead - Supply Chain	82692.56	4	1.47	41	Other	Asian	2025-02-24	NULL	2.00	6.00	5.00	0	1.155	33077.0240	1-3 Years (Mid-Tenure)	1
471	Supply Chain	Supervisor/Lead	Supervisor/Lead - Supply Chain	66125.67	3	3.30	29	Non-Binary	African American	2022-01-24	2025-05-13	7.00	4.00	7.00	1	0.924	26450.2680	3+ Years (Tenured)	0
4414	Supply Chain	Supervisor/Lead	Supervisor/Lead - Supply Chain	77512.66	3	2.87	37	Male	Caucasian	2022-06-06	2025-04-20	4.00	6.00	4.00	1	1.083	31005.0640	1-3 Years (Mid-Tenure)	0
4055	Supply Chain	Supervisor/Lead	Supervisor/Lead - Supply Chain	87516.80	4	1.09	46	Male	Hispanic	2021-11-16	2022-12-20	NULL	NULL	NULL	1	1.222	35006.7200	1-3 Years (Mid-Tenure)	0
1582	Supply Chain	Supervisor/Lead	Supervisor/Lead - Supply Chain	55713.07	1	2.16	35	Female	Asian	2024-06-18	NULL	7.00	7.00	4.00	0	0.778	22285.2280	1-3 Years (Mid-Tenure)	0
2494	Supply Chain	Supervisor/Lead	Supervisor/Lead - Supply Chain	73329.95	4	0.85	44	Male	Hispanic	2025-10-08	NULL	5.00	3.00	8.00	0	1.024	29331.9800	0-1 Year (Onboarding)	0
4072	Supply Chain	Supervisor/Lead	Supervisor/Lead - Supply Chain	80109.82	3	4.68	42	Other	Caucasian	2021-12-12	NULL	9.99	3.00	1.00	0	1.119	32043.9280	3+ Years (Tenured)	0
3344	Supply Chain	Supervisor/Lead	Supervisor/Lead - Supply Chain	64991.27	3	0.45	39	Female	Two or More	2026-03-03	NULL	3.00	4.00	4.00	0	0.908	25996.5080	0-1 Year (Onboarding)	0
2355	Facilities	Assistant Manager	Assistant Manager - Facilities	60897.48	3	4.00	54	Other	Hispanic	2022-08-17	NULL	7.00	9.00	6.00	0	0.724	24358.9920	3+ Years (Tenured)	0
2085	Facilities	Assistant Manager	Assistant Manager - Facilities	94792.36	3	0.19	41	Female	Asian	2026-06-07	NULL	6.00	8.00	9.00	0	1.127	37916.9440	0-1 Year (Onboarding)	0
2478	Facilities	Assistant Manager	Assistant Manager - Facilities	91865.66	4	0.49	36	Male	African American	2025-05-17	2025-11-13	1.00	1.00	1.00	1	1.093	36746.2640	0-1 Year (Onboarding)	1
1782	Facilities	Assistant Manager	Assistant Manager - Facilities	94581.87	2	0.39	33	Non-Binary	Two or More	2026-03-25	NULL	NULL	NULL	NULL	0	1.125	37832.7480	0-1 Year (Onboarding)	0
171	Facilities	Assistant Manager	Assistant Manager - Facilities	76190.14	3	3.35	48	Male	Asian	2023-04-10	NULL	6.00	7.00	3.00	0	0.906	30476.0560	3+ Years (Tenured)	0
3348	Facilities	Assistant Manager	Assistant Manager - Facilities	86179.15	4	1.31	41	Other	Two or More	2025-04-24	NULL	4.00	3.00	8.00	0	1.025	34471.6600	1-3 Years (Mid-Tenure)	1
531	Facilities	Associate	Associate - Facilities	51622.25	3	3.64	28	Male	Two or More	2022-12-24	NULL	9.99	8.00	6.00	0	0.907	20648.9000	3+ Years (Tenured)	0
2451	Facilities	Associate	Associate - Facilities	68606.52	4	3.64	39	Female	Hispanic	2022-12-26	NULL	6.00	8.00	6.00	0	1.206	27442.6080	3+ Years (Tenured)	0
2918	Facilities	Associate	Associate - Facilities	64294.87	2	1.46	48	Non-Binary	Asian	2025-02-27	NULL	4.00	NULL	1.00	0	1.130	25717.9480	1-3 Years (Mid-Tenure)	0
3613	Facilities	Associate	Associate - Facilities	60301.29	1	2.45	34	Male	Caucasian	2023-09-26	2026-03-10	8.00	3.00	2.00	1	1.060	24120.5160	1-3 Years (Mid-Tenure)	0
1001	Facilities	Associate	Associate - Facilities	68763.64	4	2.37	42	Male	African American	2024-04-01	NULL	7.00	5.00	3.00	0	1.209	27505.4560	1-3 Years (Mid-Tenure)	0
4435	Facilities	Associate	Associate - Facilities	54377.15	4	0.46	44	Female	Asian	2026-02-28	NULL	6.00	7.00	5.00	0	0.956	21750.8600	0-1 Year (Onboarding)	0
3866	Facilities	Associate	Associate - Facilities	59464.57	4	0.86	58	Male	Hispanic	2025-10-05	NULL	6.00	9.00	5.00	0	1.045	23785.8280	0-1 Year (Onboarding)	0
1323	Facilities	Associate	Associate - Facilities	53288.10	5	1.84	41	NULL	African American	2024-10-12	NULL	1.00	1.00	4.00	0	0.937	21315.2400	1-3 Years (Mid-Tenure)	1
2440	Facilities	Associate	Associate - Facilities	53274.00	3	0.06	45	Other	NULL	2026-07-23	NULL	NULL	NULL	NULL	0	0.936	21309.6000	0-1 Year (Onboarding)	0
3132	Facilities	Associate	Associate - Facilities	74533.29	2	1.69	55	Female	Caucasian	2022-06-12	2024-02-18	NULL	NULL	NULL	1	1.310	29813.3160	1-3 Years (Mid-Tenure)	0
2006	Facilities	Associate	Associate - Facilities	48006.09	2	3.42	37	Non-Binary	Asian	2023-03-16	NULL	6.00	3.00	5.00	0	0.844	19202.4360	3+ Years (Tenured)	0
1649	Facilities	Associate	Associate - Facilities	54893.18	2	2.19	43	Other	Two or More	2024-06-07	NULL	7.00	5.00	8.00	0	0.965	21957.2720	1-3 Years (Mid-Tenure)	0
1626	Facilities	Associate	Associate - Facilities	74644.78	3	4.26	34	Female	NULL	2022-05-12	NULL	7.00	9.99	9.99	0	1.312	29857.9120	3+ Years (Tenured)	0
1332	Facilities	Associate	Associate - Facilities	48980.21	3	2.60	32	Female	Hispanic	2024-01-09	NULL	6.00	5.00	6.00	0	0.861	19592.0840	1-3 Years (Mid-Tenure)	0
2957	Facilities	Associate	Associate - Facilities	69191.99	5	3.68	32	Male	NULL	2022-12-09	NULL	4.00	6.00	6.00	0	1.216	27676.7960	3+ Years (Tenured)	1
1280	Facilities	Associate	Associate - Facilities	63289.96	4	3.64	29	Non-Binary	Asian	2022-12-25	NULL	3.00	9.99	9.00	0	1.112	25315.9840	3+ Years (Tenured)	1
436	Facilities	Associate	Associate - Facilities	62948.98	4	0.52	37	Female	Hispanic	2026-02-06	NULL	4.00	2.00	8.00	0	1.106	25179.5920	0-1 Year (Onboarding)	1
127	Facilities	Associate	Associate - Facilities	69690.75	3	3.07	35	Other	Two or More	2023-07-23	NULL	4.00	5.00	5.00	0	1.225	27876.3000	3+ Years (Tenured)	0
2405	Facilities	Associate	Associate - Facilities	43020.08	1	3.67	30	Male	Two or More	2022-12-16	NULL	1.00	5.00	7.00	0	0.756	17208.0320	3+ Years (Tenured)	0
701	Facilities	Associate	Associate - Facilities	51151.21	1	1.18	54	Other	Caucasian	2025-06-09	NULL	7.00	6.00	3.00	0	0.899	20460.4840	1-3 Years (Mid-Tenure)	0
524	Facilities	Associate	Associate - Facilities	58249.83	2	0.14	32	Other	African American	2026-01-29	2026-03-22	NULL	NULL	NULL	1	1.024	23299.9320	0-1 Year (Onboarding)	0
317	Facilities	Associate	Associate - Facilities	67891.06	5	3.91	31	Non-Binary	African American	2022-09-19	NULL	7.00	7.00	8.00	0	1.193	27156.4240	3+ Years (Tenured)	0
812	Facilities	Associate	Associate - Facilities	58202.07	4	5.04	46	Male	Asian	2021-08-03	NULL	2.00	3.00	7.00	0	1.023	23280.8280	3+ Years (Tenured)	1
2034	Facilities	Associate	Associate - Facilities	45287.09	4	2.22	43	Non-Binary	African American	2024-05-28	NULL	2.00	2.00	5.00	0	0.796	18114.8360	1-3 Years (Mid-Tenure)	1
1364	Facilities	Associate	Associate - Facilities	67599.06	5	2.39	33	Other	Hispanic	2024-03-25	NULL	6.00	6.00	3.00	0	1.188	27039.6240	1-3 Years (Mid-Tenure)	0
2378	Facilities	Associate	Associate - Facilities	67223.53	3	0.90	38	Male	African American	2025-09-19	NULL	7.00	8.00	3.00	0	1.182	26889.4120	0-1 Year (Onboarding)	0
2376	Facilities	Associate	Associate - Facilities	43169.97	2	5.04	41	Male	NULL	2021-08-01	NULL	1.00	2.00	4.00	0	0.759	17267.9880	3+ Years (Tenured)	0
2374	Facilities	Associate	Associate - Facilities	43616.02	4	1.40	52	Other	Hispanic	2024-08-30	2026-01-23	8.00	7.00	9.00	1	0.767	17446.4080	1-3 Years (Mid-Tenure)	0
1388	Facilities	Associate	Associate - Facilities	55814.29	5	0.75	43	Male	Two or More	2025-11-16	NULL	8.00	NULL	5.00	0	0.981	22325.7160	0-1 Year (Onboarding)	0
3322	Facilities	Associate	Associate - Facilities	61430.80	3	0.92	47	Male	Hispanic	2025-09-12	NULL	5.00	6.00	8.00	0	1.080	24572.3200	0-1 Year (Onboarding)	0
542	Facilities	Associate	Associate - Facilities	41764.89	4	0.97	44	NULL	Two or More	2025-08-26	NULL	9.99	9.00	7.00	0	0.734	16705.9560	0-1 Year (Onboarding)	0
400	Facilities	Associate	Associate - Facilities	71015.54	3	2.38	21	Male	Asian	2024-03-30	NULL	9.99	9.99	9.99	0	1.248	28406.2160	1-3 Years (Mid-Tenure)	0
1932	Facilities	Associate	Associate - Facilities	56327.65	4	2.84	43	Other	Asian	2023-10-14	NULL	2.00	6.00	4.00	0	0.990	22531.0600	1-3 Years (Mid-Tenure)	1
4235	Facilities	Associate	Associate - Facilities	57963.44	3	4.12	44	Male	Two or More	2022-07-02	NULL	4.00	9.00	6.00	0	1.019	23185.3760	3+ Years (Tenured)	0
1937	Facilities	Associate	Associate - Facilities	63375.18	1	1.77	40	Male	Hispanic	2024-11-07	NULL	9.00	9.99	5.00	0	1.114	25350.0720	1-3 Years (Mid-Tenure)	0
2532	Facilities	Associate	Associate - Facilities	72977.41	2	1.20	30	Other	African American	2025-06-02	NULL	8.00	9.99	9.99	0	1.283	29190.9640	1-3 Years (Mid-Tenure)	0
2898	Facilities	Associate	Associate - Facilities	46453.33	3	1.26	49	Female	Hispanic	2025-05-11	NULL	6.00	3.00	1.00	0	0.817	18581.3320	1-3 Years (Mid-Tenure)	0
845	Facilities	Associate	Associate - Facilities	67374.64	2	1.81	34	Other	Asian	2024-10-25	NULL	9.00	7.00	1.00	0	1.184	26949.8560	1-3 Years (Mid-Tenure)	0
1944	Facilities	Associate	Associate - Facilities	66563.34	3	1.29	31	Male	NULL	2025-04-30	NULL	5.00	7.00	8.00	0	1.170	26625.3360	1-3 Years (Mid-Tenure)	0
3890	Facilities	Associate	Associate - Facilities	65437.88	2	3.08	46	Male	African American	2023-07-16	NULL	9.99	7.00	6.00	0	1.150	26175.1520	3+ Years (Tenured)	0
2510	Facilities	Associate	Associate - Facilities	52990.61	3	0.19	37	Female	Asian	2025-10-15	2025-12-24	NULL	NULL	NULL	0	0.931	21196.2440	0-1 Year (Onboarding)	0
1949	Facilities	Associate	Associate - Facilities	42959.23	3	3.01	37	Other	Asian	2023-08-12	NULL	5.00	6.00	4.00	0	0.755	17183.6920	3+ Years (Tenured)	0
544	Facilities	Associate	Associate - Facilities	47769.98	3	1.37	39	Non-Binary	Hispanic	2025-04-01	NULL	5.00	9.00	6.00	0	0.840	19107.9920	1-3 Years (Mid-Tenure)	0
3577	Facilities	Associate	Associate - Facilities	60338.59	2	4.68	52	Male	African American	2021-12-11	NULL	7.00	3.00	5.00	0	1.061	24135.4360	3+ Years (Tenured)	0
716	Facilities	Associate	Associate - Facilities	41610.96	3	0.63	46	Other	Caucasian	2025-12-28	NULL	5.00	5.00	6.00	0	0.731	16644.3840	0-1 Year (Onboarding)	0
1604	Facilities	Associate	Associate - Facilities	49961.08	3	0.18	28	Non-Binary	African American	2026-06-12	NULL	6.00	5.00	9.00	0	0.878	19984.4320	0-1 Year (Onboarding)	0
3357	Facilities	Associate	Associate - Facilities	61677.13	5	4.85	43	Female	Two or More	2021-10-09	NULL	1.00	5.00	2.00	0	1.084	24670.8520	3+ Years (Tenured)	1
1258	Facilities	Associate	Associate - Facilities	56140.51	3	0.46	39	Female	Hispanic	2026-03-01	NULL	6.00	4.00	5.00	0	0.987	22456.2040	0-1 Year (Onboarding)	0
3585	Facilities	Associate	Associate - Facilities	47206.60	3	0.07	44	Male	African American	2026-07-20	NULL	NULL	NULL	NULL	0	0.830	18882.6400	0-1 Year (Onboarding)	0
1260	Facilities	Associate	Associate - Facilities	43093.30	5	4.74	45	Female	Asian	2021-11-20	NULL	9.99	7.00	9.00	0	0.757	17237.3200	3+ Years (Tenured)	0
22	Facilities	Associate	Associate - Facilities	71044.10	2	4.74	34	Male	African American	2021-11-19	NULL	8.00	4.00	4.00	0	1.249	28417.6400	3+ Years (Tenured)	0
3143	Facilities	Associate	Associate - Facilities	47710.24	2	3.43	65	Male	Hispanic	2022-11-24	2026-04-30	9.99	9.99	8.00	1	0.839	19084.0960	3+ Years (Tenured)	0
3140	Facilities	Associate	Associate - Facilities	63073.43	3	3.02	33	Male	African American	2023-08-10	NULL	3.00	3.00	7.00	0	1.109	25229.3720	3+ Years (Tenured)	0
1964	Facilities	Associate	Associate - Facilities	74237.98	3	4.65	25	Female	Caucasian	2021-12-21	NULL	7.00	3.00	5.00	0	1.305	29695.1920	3+ Years (Tenured)	0
853	Facilities	Associate	Associate - Facilities	70295.43	4	2.39	34	Male	African American	2024-03-27	NULL	4.00	4.00	7.00	0	1.236	28118.1720	1-3 Years (Mid-Tenure)	1
2467	Facilities	Associate	Associate - Facilities	66777.41	2	1.67	30	Male	Hispanic	2024-12-12	NULL	1.00	NULL	3.00	0	1.174	26710.9640	1-3 Years (Mid-Tenure)	0
2461	Facilities	Associate	Associate - Facilities	50732.30	3	0.87	28	Female	Asian	2025-10-01	NULL	3.00	5.00	3.00	0	0.892	20292.9200	0-1 Year (Onboarding)	0
3872	Facilities	Associate	Associate - Facilities	55030.86	3	5.08	36	Other	Hispanic	2021-07-19	NULL	8.00	4.00	7.00	0	0.967	22012.3440	3+ Years (Tenured)	0
1278	Facilities	Associate	Associate - Facilities	46181.40	2	0.94	29	Other	African American	2025-09-05	NULL	7.00	7.00	9.99	0	0.812	18472.5600	0-1 Year (Onboarding)	0
2121	Facilities	Associate	Associate - Facilities	59416.88	3	0.07	40	Male	Hispanic	2026-07-21	NULL	NULL	NULL	NULL	0	1.044	23766.7520	0-1 Year (Onboarding)	0
3019	Facilities	Associate	Associate - Facilities	41580.53	2	1.54	23	Female	NULL	2025-01-31	NULL	9.00	6.00	2.00	0	0.731	16632.2120	1-3 Years (Mid-Tenure)	0
1477	Facilities	Associate	Associate - Facilities	62717.82	4	0.66	38	Non-Binary	Asian	2022-04-22	2022-12-20	NULL	NULL	NULL	1	1.102	25087.1280	0-1 Year (Onboarding)	0
303	Facilities	Associate	Associate - Facilities	43212.82	3	1.25	30	Non-Binary	Caucasian	2024-06-17	2025-09-16	9.99	9.99	9.99	1	0.760	17285.1280	1-3 Years (Mid-Tenure)	0
302	Facilities	Associate	Associate - Facilities	43424.85	3	1.94	39	Male	African American	2024-09-06	NULL	9.99	7.00	2.00	0	0.763	17369.9400	1-3 Years (Mid-Tenure)	0
4068	Facilities	Associate	Associate - Facilities	66357.70	4	2.17	41	Female	African American	2024-06-14	NULL	4.00	7.00	9.99	0	1.166	26543.0800	1-3 Years (Mid-Tenure)	1
2106	Facilities	Associate	Associate - Facilities	48898.46	2	0.10	42	NULL	African American	2025-02-20	2025-03-29	NULL	NULL	NULL	1	0.859	19559.3840	0-1 Year (Onboarding)	0
4119	Facilities	Associate	Associate - Facilities	42204.23	3	3.68	38	Non-Binary	Hispanic	2022-12-12	NULL	8.00	4.00	1.00	0	0.742	16881.6920	3+ Years (Tenured)	0
3737	Facilities	Associate	Associate - Facilities	64015.01	4	0.16	44	Female	Hispanic	2026-06-17	NULL	NULL	NULL	NULL	0	1.125	25606.0040	0-1 Year (Onboarding)	0
479	Facilities	Associate	Associate - Facilities	69393.05	3	0.38	31	Female	Hispanic	2026-03-28	NULL	5.00	9.00	3.00	0	1.220	27757.2200	0-1 Year (Onboarding)	0
3036	Facilities	Associate	Associate - Facilities	55081.04	3	2.94	45	Male	NULL	2023-09-08	NULL	7.00	NULL	5.00	0	0.968	22032.4160	1-3 Years (Mid-Tenure)	0
1511	Facilities	Associate	Associate - Facilities	67754.23	4	0.51	49	Male	African American	2026-02-11	NULL	6.00	1.00	6.00	0	1.191	27101.6920	0-1 Year (Onboarding)	0
3040	Facilities	Associate	Associate - Facilities	66127.80	3	0.25	31	Other	Hispanic	2026-05-16	NULL	NULL	NULL	NULL	0	1.162	26451.1200	0-1 Year (Onboarding)	0
919	Facilities	Associate	Associate - Facilities	46824.49	5	3.74	36	Other	Two or More	2022-11-19	NULL	5.00	3.00	5.00	0	0.823	18729.7960	3+ Years (Tenured)	0
78	Facilities	Associate	Associate - Facilities	72913.25	4	4.22	32	Other	Asian	2022-05-26	NULL	6.00	6.00	3.00	0	1.282	29165.3000	3+ Years (Tenured)	0
4129	Facilities	Associate	Associate - Facilities	42140.10	5	2.43	41	Female	Asian	2024-03-10	NULL	9.00	6.00	9.99	0	0.741	16856.0400	1-3 Years (Mid-Tenure)	0
3798	Facilities	Associate	Associate - Facilities	63660.44	4	4.92	50	Female	Two or More	2021-09-13	NULL	8.00	5.00	3.00	0	1.119	25464.1760	3+ Years (Tenured)	0
246	Facilities	Associate	Associate - Facilities	62773.07	1	2.12	44	Female	African American	2024-07-03	NULL	5.00	8.00	4.00	0	1.103	25109.2280	1-3 Years (Mid-Tenure)	0
2192	Facilities	Associate	Associate - Facilities	73068.55	5	2.55	49	Male	African American	2024-01-28	NULL	6.00	4.00	5.00	0	1.284	29227.4200	1-3 Years (Mid-Tenure)	0
291	Facilities	Associate	Associate - Facilities	43284.97	4	3.81	45	Male	Hispanic	2022-10-24	NULL	4.00	6.00	3.00	0	0.761	17313.9880	3+ Years (Tenured)	1
1526	Facilities	Associate	Associate - Facilities	66541.46	4	4.21	36	Female	Caucasian	2022-05-31	NULL	5.00	7.00	7.00	0	1.170	26616.5840	3+ Years (Tenured)	0
646	Facilities	Associate	Associate - Facilities	67221.42	1	3.78	26	Other	Two or More	2022-11-06	NULL	1.00	2.00	1.00	0	1.182	26888.5680	3+ Years (Tenured)	0
4094	Facilities	Associate	Associate - Facilities	66109.35	5	1.20	45	Other	Two or More	2025-06-04	NULL	1.00	1.00	4.00	0	1.162	26443.7400	1-3 Years (Mid-Tenure)	1
645	Facilities	Associate	Associate - Facilities	64267.53	3	3.05	42	Other	Asian	2023-07-28	NULL	5.00	6.00	8.00	0	1.130	25707.0120	3+ Years (Tenured)	0
644	Facilities	Associate	Associate - Facilities	57037.32	1	1.03	40	Non-Binary	Hispanic	2025-08-03	NULL	7.00	6.00	8.00	0	1.003	22814.9280	1-3 Years (Mid-Tenure)	0
2129	Facilities	Associate	Associate - Facilities	71324.48	1	2.82	21	Female	Hispanic	2023-10-19	NULL	4.00	8.00	6.00	0	1.254	28529.7920	1-3 Years (Mid-Tenure)	0
2168	Facilities	Associate	Associate - Facilities	55637.74	4	4.64	37	Male	African American	2021-12-24	NULL	3.00	5.00	2.00	0	0.978	22255.0960	3+ Years (Tenured)	1
4401	Facilities	Associate	Associate - Facilities	54367.60	2	3.68	21	Female	NULL	2022-12-12	NULL	7.00	6.00	9.00	0	0.956	21747.0400	3+ Years (Tenured)	0
642	Facilities	Associate	Associate - Facilities	60206.50	3	1.88	46	Other	NULL	2024-09-27	NULL	7.00	8.00	NULL	0	1.058	24082.6000	1-3 Years (Mid-Tenure)	0
2139	Facilities	Associate	Associate - Facilities	54551.83	5	3.65	37	Non-Binary	Hispanic	2022-12-21	NULL	8.00	5.00	6.00	0	0.959	21820.7320	3+ Years (Tenured)	0
2297	Facilities	Associate	Associate - Facilities	62518.63	3	1.66	33	Non-Binary	Two or More	2022-08-29	2024-04-26	9.00	7.00	6.00	1	1.099	25007.4520	1-3 Years (Mid-Tenure)	0
3835	Facilities	Associate	Associate - Facilities	41789.77	3	2.67	27	Other	Asian	2023-12-16	NULL	4.00	2.00	2.00	0	0.735	16715.9080	1-3 Years (Mid-Tenure)	0
3319	Facilities	Associate	Associate - Facilities	54782.43	1	0.22	44	Other	Two or More	2026-05-28	NULL	4.00	3.00	2.00	0	0.963	21912.9720	0-1 Year (Onboarding)	0
3675	Facilities	Associate	Associate - Facilities	74373.81	4	4.49	38	Non-Binary	Hispanic	2022-02-19	NULL	6.00	6.00	4.00	0	1.307	29749.5240	3+ Years (Tenured)	0
4429	Facilities	Associate	Associate - Facilities	73599.69	2	5.06	45	Non-Binary	Hispanic	2021-07-26	NULL	7.00	9.00	7.00	0	1.294	29439.8760	3+ Years (Tenured)	0
2314	Facilities	Associate	Associate - Facilities	68753.39	4	1.43	44	Other	Asian	2025-03-10	NULL	3.00	5.00	1.00	0	1.208	27501.3560	1-3 Years (Mid-Tenure)	1
973	Facilities	Associate	Associate - Facilities	59477.08	3	2.25	46	Non-Binary	Asian	2021-09-14	2023-12-13	NULL	NULL	NULL	1	1.045	23790.8320	1-3 Years (Mid-Tenure)	0
239	Facilities	Associate	Associate - Facilities	54052.00	3	0.92	41	Other	Caucasian	2025-09-13	NULL	3.00	2.00	7.00	0	0.950	21620.8000	0-1 Year (Onboarding)	0
3314	Facilities	Associate	Associate - Facilities	67452.46	3	4.83	47	Non-Binary	Hispanic	2021-10-17	NULL	9.00	9.99	4.00	0	1.186	26980.9840	3+ Years (Tenured)	0
669	Facilities	Associate	Associate - Facilities	41861.97	5	2.13	44	Male	African American	2024-06-30	NULL	9.00	9.00	9.99	0	0.736	16744.7880	1-3 Years (Mid-Tenure)	0
3690	Facilities	Associate	Associate - Facilities	42586.46	2	2.32	52	Non-Binary	Hispanic	2024-04-22	NULL	2.00	5.00	1.00	0	0.749	17034.5840	1-3 Years (Mid-Tenure)	0
452	Facilities	Associate	Associate - Facilities	46390.80	2	2.56	45	Other	African American	2024-01-23	NULL	2.00	5.00	8.00	0	0.815	18556.3200	1-3 Years (Mid-Tenure)	0
3693	Facilities	Associate	Associate - Facilities	47135.88	3	1.83	32	Male	African American	2024-10-15	NULL	3.00	3.00	1.00	0	0.829	18854.3520	1-3 Years (Mid-Tenure)	0
3823	Facilities	Associate	Associate - Facilities	57292.50	3	1.82	21	Non-Binary	Two or More	2024-10-18	NULL	7.00	3.00	4.00	0	1.007	22917.0000	1-3 Years (Mid-Tenure)	0
4149	Facilities	Associate	Associate - Facilities	46152.35	3	3.96	37	Other	Two or More	2022-08-29	NULL	9.00	9.99	6.00	0	0.811	18460.9400	3+ Years (Tenured)	0
1087	Facilities	Associate	Associate - Facilities	57261.71	3	0.51	49	Other	Hispanic	2026-02-10	NULL	5.00	4.00	1.00	0	1.006	22904.6840	0-1 Year (Onboarding)	0
2074	Facilities	Associate	Associate - Facilities	70262.38	5	2.80	49	Other	Caucasian	2023-10-27	NULL	1.00	4.00	7.00	0	1.235	28104.9520	1-3 Years (Mid-Tenure)	1
2291	Facilities	Associate	Associate - Facilities	40478.06	3	1.35	24	Other	Hispanic	2025-04-09	NULL	7.00	5.00	8.00	0	0.711	16191.2240	1-3 Years (Mid-Tenure)	0
2075	Facilities	Associate	Associate - Facilities	62266.44	2	4.13	35	Non-Binary	Hispanic	2022-06-30	NULL	6.00	5.00	1.00	0	1.094	24906.5760	3+ Years (Tenured)	0
2288	Facilities	Associate	Associate - Facilities	66060.01	4	1.50	33	Female	Two or More	2025-02-14	NULL	3.00	3.00	9.00	0	1.161	26424.0040	1-3 Years (Mid-Tenure)	1
958	Facilities	Associate	Associate - Facilities	48565.38	3	1.47	40	Other	Two or More	2023-10-31	2025-04-20	1.00	1.00	1.00	1	0.854	19426.1520	1-3 Years (Mid-Tenure)	0
2994	Facilities	Associate	Associate - Facilities	57896.89	5	1.64	28	Other	Asian	2024-12-23	NULL	5.00	8.00	NULL	0	1.018	23158.7560	1-3 Years (Mid-Tenure)	0
3003	Facilities	Associate	Associate - Facilities	45120.26	3	2.33	49	Male	African American	2024-04-15	NULL	9.00	8.00	9.99	0	0.793	18048.1040	1-3 Years (Mid-Tenure)	0
2286	Facilities	Associate	ASSOCIATE - FACILITIES	45307.58	3	4.96	32	Female	African American	2021-08-30	NULL	9.00	9.00	2.00	0	0.796	18123.0320	3+ Years (Tenured)	0
3099	Facilities	Associate	Associate - Facilities	47333.64	3	0.26	60	Other	Hispanic	2026-05-11	NULL	4.00	6.00	3.00	0	0.832	18933.4560	0-1 Year (Onboarding)	0
941	Facilities	Associate	Associate - Facilities	54794.37	2	1.79	54	Female	Two or More	2024-11-01	NULL	9.99	7.00	5.00	0	0.963	21917.7480	1-3 Years (Mid-Tenure)	0
635	Facilities	Associate	Associate - Facilities	57084.48	4	0.48	25	Female	Hispanic	2025-01-17	2025-07-11	NULL	NULL	NULL	1	1.003	22833.7920	0-1 Year (Onboarding)	0
3096	Facilities	Associate	Associate - Facilities	71184.85	2	1.43	35	Non-Binary	Two or More	2023-07-28	2024-12-31	4.00	3.00	1.00	1	1.251	28473.9400	1-3 Years (Mid-Tenure)	0
662	Facilities	Associate	Associate - Facilities	74429.36	4	1.04	34	Female	Hispanic	2025-07-30	NULL	8.00	4.00	8.00	0	1.308	29771.7440	1-3 Years (Mid-Tenure)	0
4131	Facilities	Associate	Associate - Facilities	54861.25	5	3.17	61	Other	Caucasian	2023-06-15	NULL	7.00	3.00	4.00	0	0.964	21944.5000	3+ Years (Tenured)	0
3460	Facilities	Associate	Associate - Facilities	50690.86	1	2.48	26	Female	Asian	2024-02-20	NULL	6.00	4.00	5.00	0	0.891	20276.3440	1-3 Years (Mid-Tenure)	0
1883	Facilities	Associate	Associate - Facilities	52658.47	5	0.73	22	Male	Asian	2025-11-22	NULL	9.00	7.00	4.00	0	0.926	21063.3880	0-1 Year (Onboarding)	0
2632	Facilities	Associate	Associate - Facilities	43439.87	1	0.61	25	Other	African American	2025-04-05	2025-11-13	6.00	9.99	5.00	1	0.764	17375.9480	0-1 Year (Onboarding)	0
2827	Facilities	Associate	Associate - Facilities	53979.16	4	0.75	39	Other	African American	2025-11-13	NULL	6.00	7.00	6.00	0	0.949	21591.6640	0-1 Year (Onboarding)	0
1834	Facilities	Associate	Associate - Facilities	59331.39	3	2.34	56	Male	Hispanic	2024-04-13	NULL	6.00	7.00	5.00	0	1.043	23732.5560	1-3 Years (Mid-Tenure)	0
2692	Facilities	Associate	Associate - Facilities	60508.39	3	2.01	60	Male	Asian	2024-08-12	NULL	9.99	9.00	8.00	0	1.064	24203.3560	1-3 Years (Mid-Tenure)	0
3182	Facilities	Associate	Associate - Facilities	45569.34	3	2.30	37	Non-Binary	Asian	2024-04-26	NULL	5.00	9.00	1.00	0	0.801	18227.7360	1-3 Years (Mid-Tenure)	0
356	Facilities	Associate	Associate - Facilities	51644.57	3	0.34	33	Female	Caucasian	2026-04-13	NULL	5.00	NULL	6.00	0	0.908	20657.8280	0-1 Year (Onboarding)	0
4265	Facilities	Associate	Associate - Facilities	66403.35	3	3.98	21	Non-Binary	Hispanic	2022-08-23	NULL	8.00	6.00	3.00	0	1.167	26561.3400	3+ Years (Tenured)	0
769	Facilities	Associate	Associate - Facilities	51455.62	3	0.88	33	Male	Hispanic	2025-09-26	NULL	8.00	1.00	5.00	0	0.904	20582.2480	0-1 Year (Onboarding)	0
1832	Facilities	Associate	Associate - Facilities	63173.07	3	1.92	35	Male	Caucasian	2024-02-26	2026-01-26	9.99	6.00	4.00	1	1.110	25269.2280	1-3 Years (Mid-Tenure)	0
1184	Facilities	Associate	Associate - Facilities	51955.13	3	2.99	24	Other	African American	2023-08-19	NULL	4.00	7.00	3.00	0	0.913	20782.0520	1-3 Years (Mid-Tenure)	0
592	Facilities	Associate	Associate - Facilities	74587.61	2	3.67	47	Other	Asian	2022-12-16	NULL	7.00	6.00	8.00	0	1.311	29835.0440	3+ Years (Tenured)	0
1724	Facilities	Associate	Associate - Facilities	63893.22	3	2.54	49	Non-Binary	Two or More	2024-01-31	NULL	8.00	9.00	NULL	0	1.123	25557.2880	1-3 Years (Mid-Tenure)	0
1127	Facilities	Associate	Associate - Facilities	41451.19	3	2.50	48	Non-Binary	Asian	2022-08-25	2025-02-24	5.00	7.00	7.00	1	0.729	16580.4760	1-3 Years (Mid-Tenure)	0
1122	Facilities	Associate	Associate - Facilities	42671.65	3	4.50	41	Male	African American	2022-02-13	NULL	8.00	7.00	8.00	0	0.750	17068.6600	3+ Years (Tenured)	0
3918	Facilities	Associate	Associate - Facilities	42608.11	3	0.80	48	Non-Binary	Caucasian	2025-10-28	NULL	1.00	1.00	4.00	0	0.749	17043.2440	0-1 Year (Onboarding)	0
1198	Facilities	Associate	Associate - Facilities	44859.37	3	0.67	29	Female	Hispanic	2025-10-24	2026-06-26	8.00	3.00	4.00	1	0.788	17943.7480	0-1 Year (Onboarding)	0
1718	Facilities	Associate	Associate - Facilities	74618.70	4	0.88	55	Non-Binary	Hispanic	2025-09-26	NULL	6.00	7.00	8.00	0	1.312	29847.4800	0-1 Year (Onboarding)	0
3378	Facilities	Associate	Associate - Facilities	41342.31	3	1.38	37	Other	African American	2025-03-29	NULL	5.00	7.00	5.00	0	0.727	16536.9240	1-3 Years (Mid-Tenure)	0
829	Facilities	Associate	Associate - Facilities	50599.44	4	4.05	44	Male	Hispanic	2022-07-29	NULL	9.00	6.00	5.00	0	0.889	20239.7760	3+ Years (Tenured)	0
1170	Facilities	Associate	Associate - Facilities	47568.11	3	2.10	28	Male	Two or More	2024-07-11	NULL	6.00	7.00	4.00	0	0.836	19027.2440	1-3 Years (Mid-Tenure)	0
2670	Facilities	Associate	Associate - Facilities	63204.16	5	3.11	27	Female	Caucasian	2023-07-08	NULL	7.00	4.00	2.00	0	1.111	25281.6640	3+ Years (Tenured)	0
3491	Facilities	Associate	Associate - Facilities	43302.97	3	1.35	49	Female	African American	2025-04-08	NULL	6.00	5.00	4.00	0	0.761	17321.1880	1-3 Years (Mid-Tenure)	0
3218	Facilities	Associate	Associate - Facilities	47295.75	3	1.44	24	Male	Caucasian	2025-03-09	NULL	6.00	1.00	1.00	0	0.831	18918.3000	1-3 Years (Mid-Tenure)	0
2659	Facilities	Associate	Associate - Facilities	54913.12	3	4.18	30	Non-Binary	Hispanic	2022-06-10	NULL	9.00	9.00	9.00	0	0.965	21965.2480	3+ Years (Tenured)	0
3487	Facilities	Associate	Associate - Facilities	55801.51	2	1.20	37	Male	Asian	2024-08-20	2025-11-02	2.00	7.00	8.00	1	0.981	22320.6040	1-3 Years (Mid-Tenure)	0
204	Facilities	Associate	Associate - Facilities	55654.78	3	2.63	28	Other	Asian	2023-12-28	NULL	9.00	7.00	3.00	0	0.978	22261.9120	1-3 Years (Mid-Tenure)	0
596	Facilities	Associate	Associate - Facilities	59016.70	2	1.18	49	Female	NULL	2025-06-09	NULL	1.00	1.00	1.00	0	1.037	23606.6800	1-3 Years (Mid-Tenure)	0
3998	Facilities	Associate	Associate - Facilities	57979.29	3	3.56	38	Female	Asian	2023-01-25	NULL	4.00	1.00	4.00	0	1.019	23191.7160	3+ Years (Tenured)	0
345	Facilities	Associate	Associate - Facilities	73597.95	3	0.35	46	Female	African American	2022-12-02	2023-04-10	NULL	NULL	NULL	1	1.294	29439.1800	0-1 Year (Onboarding)	0
4450	Facilities	Associate	Associate - Facilities	48721.88	5	2.20	59	Male	African American	2024-06-03	NULL	7.00	8.00	9.99	0	0.856	19488.7520	1-3 Years (Mid-Tenure)	0
3364	Facilities	Associate	Associate - Facilities	50046.35	3	0.20	21	Other	Caucasian	2026-06-04	NULL	7.00	5.00	4.00	0	0.880	20018.5400	0-1 Year (Onboarding)	0
3385	Facilities	Associate	Associate - Facilities	44008.92	4	1.90	58	Female	Asian	2024-09-21	NULL	9.00	7.00	4.00	0	0.774	17603.5680	1-3 Years (Mid-Tenure)	0
1877	Facilities	Associate	Associate - Facilities	69646.31	3	1.28	49	Male	Caucasian	2025-05-03	NULL	1.00	4.00	2.00	0	1.224	27858.5240	1-3 Years (Mid-Tenure)	0
1836	Facilities	Associate	Associate - Facilities	70147.16	5	1.45	29	Other	African American	2025-03-02	NULL	7.00	4.00	1.00	0	1.233	28058.8640	1-3 Years (Mid-Tenure)	0
1048	Facilities	Associate	Associate - Facilities	65011.99	3	4.26	43	Male	Two or More	2022-05-12	NULL	2.00	5.00	6.00	0	1.143	26004.7960	3+ Years (Tenured)	0
3506	Facilities	Associate	Associate - Facilities	45727.18	3	1.09	45	Female	Asian	2025-07-13	NULL	8.00	7.00	9.00	0	0.804	18290.8720	1-3 Years (Mid-Tenure)	0
3177	Facilities	Associate	Associate - Facilities	59492.09	3	0.08	42	Other	Caucasian	2026-07-15	NULL	NULL	NULL	NULL	0	1.046	23796.8360	0-1 Year (Onboarding)	0
3176	Facilities	Associate	Associate - Facilities	63401.81	3	3.14	29	Non-Binary	Hispanic	2023-06-27	NULL	6.00	3.00	6.00	0	1.114	25360.7240	3+ Years (Tenured)	0
3509	Facilities	Associate	Associate - Facilities	54264.96	3	3.29	44	Female	Two or More	2023-05-01	NULL	9.99	9.99	7.00	0	0.954	21705.9840	3+ Years (Tenured)	0
383	Facilities	Associate	Associate - Facilities	40064.64	4	0.59	45	Male	African American	2026-01-13	NULL	7.00	9.00	9.00	0	0.704	16025.8560	0-1 Year (Onboarding)	0
3425	Facilities	Associate	Associate - Facilities	50869.06	3	2.87	44	Other	Asian	2023-10-03	NULL	8.00	5.00	2.00	0	0.894	20347.6240	1-3 Years (Mid-Tenure)	0
3540	Facilities	Associate	Associate - Facilities	63960.33	4	3.25	43	Other	Two or More	2023-05-15	NULL	1.00	1.00	1.00	0	1.124	25584.1320	3+ Years (Tenured)	1
2578	Facilities	Associate	Associate - Facilities	50634.42	4	2.79	55	Other	Two or More	2023-11-02	NULL	3.00	1.00	2.00	0	0.890	20253.7680	1-3 Years (Mid-Tenure)	1
4309	Facilities	Associate	Associate - Facilities	42693.34	3	2.10	21	Female	Asian	2024-07-09	NULL	4.00	5.00	7.00	0	0.750	17077.3360	1-3 Years (Mid-Tenure)	0
3538	Facilities	Associate	Associate - Facilities	64171.35	4	0.36	52	Non-Binary	Caucasian	2026-04-06	NULL	6.00	5.00	8.00	0	1.128	25668.5400	0-1 Year (Onboarding)	0
1208	Facilities	Associate	Associate - Facilities	61499.83	2	2.35	43	Female	Hispanic	2024-04-10	NULL	9.99	7.00	6.00	0	1.081	24599.9320	1-3 Years (Mid-Tenure)	0
1025	Facilities	Associate	Associate - Facilities	74301.77	5	1.06	34	Female	Two or More	2025-07-23	NULL	5.00	NULL	4.00	0	1.306	29720.7080	1-3 Years (Mid-Tenure)	0
3437	Facilities	Associate	Associate - Facilities	53699.56	2	4.73	45	Female	Two or More	2021-11-23	NULL	2.00	4.00	3.00	0	0.944	21479.8240	3+ Years (Tenured)	0
4310	Facilities	Associate	Associate - Facilities	45242.60	5	1.79	46	Non-Binary	Caucasian	2024-10-30	NULL	7.00	3.00	9.99	0	0.795	18097.0400	1-3 Years (Mid-Tenure)	0
4251	Facilities	Associate	Associate - Facilities	60060.81	3	0.29	28	Female	Two or More	2026-05-01	NULL	7.00	2.00	7.00	0	1.056	24024.3240	0-1 Year (Onboarding)	0
3962	Facilities	Associate	Associate - Facilities	47734.81	1	1.86	30	Non-Binary	Hispanic	2024-10-04	NULL	1.00	3.00	4.00	0	0.839	19093.9240	1-3 Years (Mid-Tenure)	0
3147	Facilities	Associate	Associate - Facilities	44053.78	3	0.95	54	Other	Two or More	2025-09-02	NULL	9.00	2.00	4.00	0	0.774	17621.5120	0-1 Year (Onboarding)	0
1702	Facilities	Associate	Associate - Facilities	42283.69	3	3.25	45	Female	Hispanic	2023-05-17	NULL	6.00	4.00	5.00	0	0.743	16913.4760	3+ Years (Tenured)	0
577	Facilities	Associate	Associate - Facilities	49267.82	4	1.18	43	Non-Binary	Caucasian	2025-06-11	NULL	3.00	1.00	4.00	0	0.866	19707.1280	1-3 Years (Mid-Tenure)	1
3417	Facilities	Associate	Associate - Facilities	61408.72	4	0.79	54	Male	Two or More	2025-10-31	NULL	9.00	6.00	6.00	0	1.079	24563.4880	0-1 Year (Onboarding)	0
1215	Facilities	Associate	Associate - Facilities	70841.21	4	4.20	34	Female	Asian	2022-06-05	NULL	5.00	9.00	6.00	0	1.245	28336.4840	3+ Years (Tenured)	0
1017	Facilities	Associate	Associate - Facilities	61531.97	4	3.59	47	Non-Binary	Asian	2023-01-13	NULL	3.00	4.00	3.00	0	1.082	24612.7880	3+ Years (Tenured)	1
4301	Facilities	Associate	Associate - Facilities	67325.71	3	2.08	39	Male	Asian	2024-07-15	NULL	7.00	9.00	5.00	0	1.183	26930.2840	1-3 Years (Mid-Tenure)	0
4300	Facilities	Associate	Associate - Facilities	47479.64	4	0.55	47	Female	Two or More	2026-01-25	NULL	5.00	2.00	6.00	0	0.835	18991.8560	0-1 Year (Onboarding)	0
3968	Facilities	Associate	Associate - Facilities	51417.69	4	3.36	42	Female	Two or More	2023-04-07	NULL	8.00	6.00	2.00	0	0.904	20567.0760	3+ Years (Tenured)	0
3912	Facilities	Associate	Associate - Facilities	67392.23	3	1.42	56	Female	African American	2025-03-13	NULL	8.00	8.00	7.00	0	1.185	26956.8920	1-3 Years (Mid-Tenure)	0
338	Facilities	Associate	Associate - Facilities	69189.65	5	1.84	36	Non-Binary	NULL	2024-10-12	NULL	4.00	1.00	4.00	0	1.216	27675.8600	1-3 Years (Mid-Tenure)	1
3377	Facilities	Associate	Associate - Facilities	50520.78	3	0.10	28	NULL	Hispanic	2026-07-09	NULL	NULL	NULL	NULL	0	0.888	20208.3120	0-1 Year (Onboarding)	0
397	Facilities	Associate	Associate - Facilities	54573.59	1	1.41	33	Non-Binary	African American	2025-03-18	NULL	9.00	8.00	5.00	0	0.959	21829.4360	1-3 Years (Mid-Tenure)	0
4239	Facilities	Associate	Associate - Facilities	69354.73	4	0.59	46	Other	Hispanic	2026-01-12	NULL	1.00	4.00	7.00	0	1.219	27741.8920	0-1 Year (Onboarding)	1
2290	Facilities	Domain Director	Domain Director - Facilities	151867.43	4	0.07	39	Other	Two or More	2026-07-19	NULL	NULL	NULL	NULL	0	1.081	60746.9720	0-1 Year (Onboarding)	0
1548	Facilities	Domain Director	Domain Director - Facilities	166559.45	3	2.10	57	Female	Hispanic	2024-07-09	NULL	1.00	NULL	6.00	0	1.185	66623.7800	1-3 Years (Mid-Tenure)	0
1160	Facilities	Domain Director	Domain Director - Facilities	120723.02	4	4.74	53	Non-Binary	Caucasian	2021-11-18	NULL	2.00	1.00	1.00	0	0.859	48289.2080	3+ Years (Tenured)	1
2789	Facilities	Domain Director	Domain Director - Facilities	128326.04	4	3.92	46	Male	Caucasian	2022-09-16	NULL	4.00	1.00	1.00	0	0.913	51330.4160	3+ Years (Tenured)	1
4323	Facilities	Domain Director	Domain Director - Facilities	135073.35	3	4.37	53	Non-Binary	Two or More	2022-04-02	NULL	2.00	1.00	4.00	0	0.961	54029.3400	3+ Years (Tenured)	0
1931	Facilities	Manager	Manager - Facilities	78761.30	4	2.37	52	Male	African American	2024-04-01	NULL	9.99	9.99	6.00	0	0.950	31504.5200	1-3 Years (Mid-Tenure)	0
1876	Facilities	Manager	Manager - Facilities	88997.97	3	1.86	41	Non-Binary	Asian	2024-03-23	2026-02-01	9.99	9.99	8.00	1	1.073	35599.1880	1-3 Years (Mid-Tenure)	0
2611	Facilities	Manager	Manager - Facilities	94125.70	5	0.70	22	Other	Hispanic	2025-12-04	NULL	1.00	2.00	3.00	0	1.135	37650.2800	0-1 Year (Onboarding)	1
4371	Facilities	Manager	Manager - Facilities	72840.41	3	0.04	35	Male	Hispanic	2026-07-31	NULL	NULL	NULL	NULL	0	0.878	29136.1640	0-1 Year (Onboarding)	0
1863	Facilities	Manager	Manager - Facilities	80001.35	2	1.39	45	Female	Asian	2025-03-27	NULL	7.00	3.00	3.00	0	0.965	32000.5400	1-3 Years (Mid-Tenure)	0
2309	Facilities	Supervisor/Lead	Supervisor/Lead - Facilities	59836.53	3	1.28	33	Other	African American	2025-05-06	NULL	7.00	4.00	5.00	0	0.833	23934.6120	1-3 Years (Mid-Tenure)	0
207	Facilities	Supervisor/Lead	Supervisor/Lead - Facilities	88262.29	3	1.57	26	Male	Hispanic	2023-05-13	2024-12-05	9.99	9.00	8.00	1	1.229	35304.9160	1-3 Years (Mid-Tenure)	0
3691	Facilities	Supervisor/Lead	Supervisor/Lead - Facilities	60656.80	3	3.75	42	Other	African American	2022-11-16	NULL	2.00	1.00	2.00	0	0.845	24262.7200	3+ Years (Tenured)	0
2673	Facilities	Supervisor/Lead	Supervisor/Lead - Facilities	89513.26	3	3.57	28	Male	African American	2023-01-19	NULL	6.00	9.99	9.99	0	1.247	35805.3040	3+ Years (Tenured)	0
3825	Facilities	Supervisor/Lead	Supervisor/Lead - Facilities	68129.36	5	3.52	38	Male	Asian	2023-02-09	NULL	3.00	7.00	5.00	0	0.949	27251.7440	3+ Years (Tenured)	1
3694	Facilities	Supervisor/Lead	Supervisor/Lead - Facilities	70037.07	1	1.06	36	Non-Binary	Two or More	2025-07-24	NULL	5.00	8.00	7.00	0	0.975	28014.8280	1-3 Years (Mid-Tenure)	0
2137	Facilities	Supervisor/Lead	Supervisor/Lead - Facilities	61508.86	3	4.19	32	Female	Asian	2022-06-06	NULL	4.00	2.00	2.00	0	0.857	24603.5440	3+ Years (Tenured)	0
2671	Facilities	Supervisor/Lead	Supervisor/Lead - Facilities	80452.11	4	0.67	44	Male	African American	2025-12-12	NULL	8.00	3.00	7.00	0	1.120	32180.8440	0-1 Year (Onboarding)	0
215	Facilities	Supervisor/Lead	Supervisor/Lead - Facilities	79128.86	4	3.19	33	Female	Two or More	2022-12-04	2026-02-10	4.00	5.00	2.00	1	1.102	31651.5440	3+ Years (Tenured)	1
1486	Facilities	Supervisor/Lead	Supervisor/Lead - Facilities	58328.49	2	0.85	24	NULL	Asian	2025-10-07	NULL	7.00	5.00	9.00	0	0.812	23331.3960	0-1 Year (Onboarding)	0
1495	Facilities	Supervisor/Lead	Supervisor/Lead - Facilities	70763.56	4	3.53	32	Female	Hispanic	2022-06-16	2025-12-25	7.00	5.00	7.00	1	0.985	28305.4240	3+ Years (Tenured)	0
874	Facilities	Supervisor/Lead	Supervisor/Lead - Facilities	61327.53	3	4.23	38	Female	Two or More	2022-05-24	NULL	7.00	9.00	5.00	0	0.854	24531.0120	3+ Years (Tenured)	0
640	Facilities	Supervisor/Lead	Supervisor/Lead - Facilities	58254.67	4	1.85	57	Non-Binary	Caucasian	2024-10-10	NULL	9.00	9.99	9.99	0	0.811	23301.8680	1-3 Years (Mid-Tenure)	0
1578	Facilities	Supervisor/Lead	Supervisor/Lead - Facilities	55506.86	1	2.30	27	Male	Asian	2024-04-29	NULL	6.00	5.00	6.00	0	0.773	22202.7440	1-3 Years (Mid-Tenure)	0
962	Facilities	Supervisor/Lead	Supervisor/Lead - Facilities	77184.18	1	3.22	29	Non-Binary	Asian	2023-02-02	2026-04-24	2.00	1.00	1.00	1	1.075	30873.6720	3+ Years (Tenured)	0
3263	Facilities	Supervisor/Lead	Supervisor/Lead - Facilities	60029.13	3	0.99	32	Other	Hispanic	2025-08-20	NULL	7.00	6.00	7.00	0	0.836	24011.6520	0-1 Year (Onboarding)	0
808	Facilities	Supervisor/Lead	Supervisor/Lead - Facilities	74820.19	3	4.41	50	Female	Hispanic	2022-03-07	2026-08-03	9.99	8.00	6.00	1	1.042	29928.0760	3+ Years (Tenured)	0
1146	Facilities	Supervisor/Lead	Supervisor/Lead - Facilities	69761.74	4	2.43	56	Female	Two or More	2021-11-18	2024-04-23	NULL	NULL	NULL	1	0.972	27904.6960	1-3 Years (Mid-Tenure)	0
1592	Facilities	Supervisor/Lead	Supervisor/Lead - Facilities	71047.88	1	1.03	34	NULL	Asian	2025-08-05	NULL	5.00	6.00	5.00	0	0.989	28419.1520	1-3 Years (Mid-Tenure)	0
3955	Facilities	Supervisor/Lead	Supervisor/Lead - Facilities	55937.15	1	1.98	36	Other	Caucasian	2024-08-21	NULL	1.00	2.00	2.00	0	0.779	22374.8600	1-3 Years (Mid-Tenure)	0
3720	Facilities	Supervisor/Lead	Supervisor/Lead - Facilities	58674.48	3	3.99	37	Female	Hispanic	2022-08-18	NULL	6.00	3.00	5.00	0	0.817	23469.7920	3+ Years (Tenured)	0
2758	Facilities	Supervisor/Lead	Supervisor/Lead - Facilities	71095.87	2	2.57	35	Male	Two or More	2024-01-20	NULL	1.00	2.00	5.00	0	0.990	28438.3480	1-3 Years (Mid-Tenure)	0
2123	Facilities	Supervisor/Lead	Supervisor/Lead - Facilities	87469.20	2	1.30	48	Other	Asian	2025-04-26	NULL	9.00	9.00	9.99	0	1.218	34987.6800	1-3 Years (Mid-Tenure)	0
4407	Facilities	Supervisor/Lead	Supervisor/Lead - Facilities	59035.34	3	0.83	40	Female	Hispanic	2025-10-17	NULL	4.00	4.00	4.00	0	0.822	23614.1360	0-1 Year (Onboarding)	0
2169	Facilities	Supervisor/Lead	Supervisor/Lead - Facilities	83667.95	5	2.72	41	Non-Binary	Two or More	2021-09-17	2024-06-04	4.00	5.00	1.00	1	1.165	33467.1800	1-3 Years (Mid-Tenure)	1
2198	Facilities	Supervisor/Lead	Supervisor/Lead - Facilities	68293.87	3	3.25	27	Male	Asian	2023-05-15	NULL	5.00	3.00	5.00	0	0.951	27317.5480	3+ Years (Tenured)	0
3084	Facilities	Supervisor/Lead	Supervisor/Lead - Facilities	85025.85	4	1.35	45	Non-Binary	Asian	2025-04-10	NULL	9.00	8.00	9.99	0	1.184	34010.3400	1-3 Years (Mid-Tenure)	0
67	Facilities	Supervisor/Lead	Supervisor/Lead - Facilities	73196.32	4	1.84	48	Non-Binary	African American	2023-02-08	2024-12-11	5.00	2.00	5.00	1	1.019	29278.5280	1-3 Years (Mid-Tenure)	0
1442	Facilities	Supervisor/Lead	Supervisor/Lead - Facilities	75700.55	4	1.32	26	Non-Binary	Hispanic	2025-04-20	NULL	8.00	8.00	6.00	0	1.054	30280.2200	1-3 Years (Mid-Tenure)	0
4332	Facilities	Supervisor/Lead	Supervisor/Lead - Facilities	83218.90	2	3.38	32	Female	Two or More	2023-04-01	NULL	4.00	6.00	NULL	0	1.159	33287.5600	3+ Years (Tenured)	0
3440	Facilities	Supervisor/Lead	Supervisor/Lead - Facilities	85374.94	1	2.75	21	Male	African American	2023-11-15	NULL	8.00	7.00	2.00	0	1.189	34149.9760	1-3 Years (Mid-Tenure)	0
2323	Facilities	Supervisor/Lead	Supervisor/Lead - Facilities	84011.93	2	3.80	29	Other	African American	2022-10-28	NULL	5.00	1.00	4.00	0	1.170	33604.7720	3+ Years (Tenured)	0
4196	Facilities	Supervisor/Lead	Supervisor/Lead - Facilities	58237.48	4	3.96	55	Other	African American	2022-08-29	NULL	2.00	5.00	8.00	0	0.811	23294.9920	3+ Years (Tenured)	1
170	Facilities	Supervisor/Lead	Supervisor/Lead - Facilities	88269.60	3	1.33	54	Male	NULL	2025-04-17	NULL	9.00	8.00	9.00	0	1.229	35307.8400	1-3 Years (Mid-Tenure)	0
3338	Facilities	Supervisor/Lead	Supervisor/Lead - Facilities	59720.91	2	1.84	44	NULL	Caucasian	2024-10-13	NULL	7.00	6.00	7.00	0	0.832	23888.3640	1-3 Years (Mid-Tenure)	0
3386	Facilities	Supervisor/Lead	Supervisor/Lead - Facilities	68409.52	5	2.47	60	Female	Hispanic	2024-02-26	NULL	7.00	6.00	5.00	0	0.953	27363.8080	1-3 Years (Mid-Tenure)	0
3342	Facilities	Supervisor/Lead	Supervisor/Lead - Facilities	60454.62	3	1.48	54	Male	NULL	2025-02-21	NULL	3.00	8.00	9.00	0	0.842	24181.8480	1-3 Years (Mid-Tenure)	0
4447	Facilities	Supervisor/Lead	Supervisor/Lead - Facilities	80115.53	4	1.76	30	Female	African American	2024-11-12	NULL	9.00	5.00	5.00	0	1.116	32046.2120	1-3 Years (Mid-Tenure)	0
3325	Facilities	Supervisor/Lead	Supervisor/Lead - Facilities	58723.48	4	4.61	40	Other	African American	2022-01-05	NULL	7.00	4.00	5.00	0	0.818	23489.3920	3+ Years (Tenured)	0
1965	Facilities	Supervisor/Lead	Supervisor/Lead - Facilities	86905.92	4	4.76	33	Male	Caucasian	2021-11-12	NULL	5.00	8.00	6.00	0	1.210	34762.3680	3+ Years (Tenured)	0
4217	Facilities	Supervisor/Lead	Supervisor/Lead - Facilities	79030.60	4	4.76	33	Other	African American	2021-11-13	NULL	8.00	6.00	5.00	0	1.101	31612.2400	3+ Years (Tenured)	0
850	Facilities	Supervisor/Lead	Supervisor/Lead - Facilities	82817.34	4	0.28	52	Non-Binary	Hispanic	2026-05-04	NULL	8.00	7.00	9.00	0	1.153	33126.9360	0-1 Year (Onboarding)	0
866	Facilities	Supervisor/Lead	Supervisor/Lead - Facilities	78193.24	2	3.28	41	Non-Binary	African American	2023-05-07	NULL	6.00	7.00	9.99	0	1.089	31277.2960	3+ Years (Tenured)	0
2045	Facilities	Supervisor/Lead	Supervisor/Lead - Facilities	81502.03	3	2.40	53	Male	Hispanic	2023-09-24	2026-02-17	8.00	7.00	6.00	1	1.135	32600.8120	1-3 Years (Mid-Tenure)	0
1692	Facilities	Supervisor/Lead	Supervisor/Lead - Facilities	72093.87	4	0.11	51	Female	Hispanic	2026-07-05	NULL	NULL	NULL	NULL	0	1.004	28837.5480	0-1 Year (Onboarding)	0
3240	Facilities	Supervisor/Lead	Supervisor/Lead - Facilities	72829.25	3	2.82	46	Non-Binary	African American	2023-10-22	NULL	7.00	5.00	1.00	0	1.014	29131.7000	1-3 Years (Mid-Tenure)	0
4247	Facilities	Supervisor/Lead	Supervisor/Lead - Facilities	73214.70	3	2.78	34	Male	Caucasian	2023-09-12	2026-06-22	7.00	9.99	4.00	1	1.020	29285.8800	1-3 Years (Mid-Tenure)	0
739	Facilities	Supervisor/Lead	Supervisor/Lead - Facilities	82834.74	3	2.84	42	Other	Hispanic	2023-10-15	NULL	7.00	2.00	3.00	0	1.154	33133.8960	1-3 Years (Mid-Tenure)	0
2900	Facilities	Supervisor/Lead	Supervisor/Lead - Facilities	73254.73	3	0.32	29	Male	African American	2026-04-22	NULL	9.99	9.99	9.00	0	1.020	29301.8920	0-1 Year (Onboarding)	0
1395	Facilities	Supervisor/Lead	Supervisor/Lead - Facilities	60613.41	3	4.38	42	Male	Asian	2022-04-01	NULL	8.00	8.00	9.99	0	0.844	24245.3640	3+ Years (Tenured)	0
1699	Facilities	Supervisor/Lead	Supervisor/Lead - Facilities	65254.81	5	0.71	58	Non-Binary	African American	2025-11-30	NULL	9.00	8.00	5.00	0	0.909	26101.9240	0-1 Year (Onboarding)	0
1216	Facilities	Supervisor/Lead	Supervisor/Lead - Facilities	63998.18	1	3.53	46	Other	Caucasian	2021-07-11	2025-01-21	6.00	2.00	9.99	1	0.891	25599.2720	3+ Years (Tenured)	0
3563	Facilities	Supervisor/Lead	Supervisor/Lead - Facilities	74113.83	3	5.03	23	Other	NULL	2021-08-04	NULL	6.00	9.00	7.00	0	1.032	29645.5320	3+ Years (Tenured)	0
1829	Corporate Strategy	Assistant Manager	Assistant Manager - Corporate Strategy	71008.69	3	2.64	44	Male	Asian	2023-12-26	NULL	8.00	5.00	6.00	0	0.916	28403.4760	1-3 Years (Mid-Tenure)	0
4236	Corporate Strategy	Assistant Manager	Assistant Manager - Corporate Strategy	94999.93	4	3.35	23	Male	Caucasian	2023-04-11	NULL	7.00	9.00	6.00	0	1.226	37999.9720	3+ Years (Tenured)	0
1989	Corporate Strategy	Assistant Manager	Assistant Manager - Corporate Strategy	67504.80	4	0.41	52	Other	Hispanic	2026-03-17	NULL	6.00	3.00	6.00	0	0.871	27001.9200	0-1 Year (Onboarding)	0
1144	Corporate Strategy	Assistant Manager	Assistant Manager - Corporate Strategy	81555.67	4	4.99	36	Female	Hispanic	2021-08-21	NULL	6.00	6.00	3.00	0	1.052	32622.2680	3+ Years (Tenured)	0
4347	Corporate Strategy	Assistant Manager	Assistant Manager - Corporate Strategy	67412.68	2	2.36	39	Non-Binary	African American	2023-07-08	2025-11-17	6.00	6.00	NULL	1	0.870	26965.0720	1-3 Years (Mid-Tenure)	0
628	Corporate Strategy	Assistant Manager	Assistant Manager - Corporate Strategy	82473.84	3	0.47	53	Other	Caucasian	2026-02-24	NULL	4.00	5.00	5.00	0	1.064	32989.5360	0-1 Year (Onboarding)	0
4453	Corporate Strategy	Associate	Associate - Corporate Strategy	66934.54	2	1.19	46	Male	Hispanic	2025-06-08	NULL	3.00	2.00	1.00	0	1.185	26773.8160	1-3 Years (Mid-Tenure)	0
4444	Corporate Strategy	Associate	Associate - Corporate Strategy	64013.10	4	4.93	52	Female	African American	2021-09-11	NULL	8.00	5.00	9.99	0	1.133	25605.2400	3+ Years (Tenured)	0
2124	Corporate Strategy	Associate	Associate - Corporate Strategy	50294.95	3	2.01	25	Non-Binary	African American	2024-08-11	NULL	5.00	1.00	1.00	0	0.890	20117.9800	1-3 Years (Mid-Tenure)	0
597	Corporate Strategy	Associate	Associate - Corporate Strategy	67228.95	4	4.60	35	Male	Asian	2022-01-08	NULL	6.00	4.00	2.00	0	1.190	26891.5800	3+ Years (Tenured)	0
1907	Corporate Strategy	Associate	Associate - Corporate Strategy	64361.23	4	1.10	46	Male	African American	2025-07-10	NULL	7.00	9.00	5.00	0	1.139	25744.4920	1-3 Years (Mid-Tenure)	0
1675	Corporate Strategy	Associate	Associate - Corporate Strategy	43318.38	3	4.38	48	Other	Hispanic	2022-03-30	NULL	1.00	1.00	8.00	0	0.767	17327.3520	3+ Years (Tenured)	0
586	Corporate Strategy	Associate	Associate - Corporate Strategy	63199.46	3	1.47	39	Non-Binary	African American	2023-11-09	2025-04-30	9.99	4.00	NULL	1	1.119	25279.7840	1-3 Years (Mid-Tenure)	0
3796	Corporate Strategy	Associate	Associate - Corporate Strategy	60836.84	5	4.93	24	Other	Asian	2021-09-11	NULL	4.00	1.00	NULL	0	1.077	24334.7360	3+ Years (Tenured)	1
275	Corporate Strategy	Associate	Associate - Corporate Strategy	49715.83	2	0.64	25	Male	Asian	2024-11-10	2025-07-01	NULL	NULL	NULL	1	0.880	19886.3320	0-1 Year (Onboarding)	0
3996	Corporate Strategy	Associate	Associate - Corporate Strategy	40604.91	4	0.59	55	Female	Two or More	2023-10-26	2024-05-30	6.00	9.99	7.00	1	0.719	16241.9640	0-1 Year (Onboarding)	0
101	Corporate Strategy	Associate	Associate - Corporate Strategy	43039.16	3	3.66	26	Female	Asian	2022-12-17	NULL	9.00	5.00	4.00	0	0.762	17215.6640	3+ Years (Tenured)	0
3958	Corporate Strategy	Associate	Associate - Corporate Strategy	52202.68	5	1.02	25	NULL	Caucasian	2025-08-08	NULL	7.00	8.00	1.00	0	0.924	20881.0720	1-3 Years (Mid-Tenure)	0
3991	Corporate Strategy	Associate	Associate - Corporate Strategy	42848.93	5	4.03	21	Other	African American	2022-08-04	NULL	7.00	7.00	5.00	0	0.759	17139.5720	3+ Years (Tenured)	0
502	Corporate Strategy	Associate	Associate - Corporate Strategy	59144.29	4	0.49	43	NULL	Asian	2026-02-18	NULL	6.00	4.00	9.00	0	1.047	23657.7160	0-1 Year (Onboarding)	0
2117	Corporate Strategy	Associate	Associate - Corporate Strategy	48920.35	2	0.20	40	Male	African American	2026-06-02	NULL	NULL	NULL	NULL	0	0.866	19568.1400	0-1 Year (Onboarding)	0
4043	Corporate Strategy	Associate	Associate - Corporate Strategy	57299.51	2	3.46	47	Female	Asian	2023-03-02	NULL	1.00	5.00	8.00	0	1.014	22919.8040	3+ Years (Tenured)	0
1572	Corporate Strategy	Associate	Associate - Corporate Strategy	67138.12	4	3.68	39	Male	African American	2022-12-12	NULL	5.00	NULL	1.00	0	1.189	26855.2480	3+ Years (Tenured)	0
2133	Corporate Strategy	Associate	Associate - Corporate Strategy	54904.76	4	0.56	43	Male	Caucasian	2026-01-23	NULL	7.00	6.00	9.00	0	0.972	21961.9040	0-1 Year (Onboarding)	0
868	Corporate Strategy	Associate	Associate - Corporate Strategy	41836.62	3	0.82	41	Male	Hispanic	2025-10-21	NULL	1.00	2.00	2.00	0	0.741	16734.6480	0-1 Year (Onboarding)	0
1423	Corporate Strategy	Associate	Associate - Corporate Strategy	44585.53	4	0.94	31	Male	Hispanic	2025-09-06	NULL	6.00	8.00	2.00	0	0.789	17834.2120	0-1 Year (Onboarding)	0
3080	Corporate Strategy	Associate	Associate - Corporate Strategy	50352.65	3	2.76	27	Male	Asian	2023-11-10	NULL	8.00	5.00	4.00	0	0.891	20141.0600	1-3 Years (Mid-Tenure)	0
2053	Corporate Strategy	Associate	Associate - Corporate Strategy	44265.16	3	4.85	54	Other	Hispanic	2021-10-08	NULL	7.00	4.00	5.00	0	0.784	17706.0640	3+ Years (Tenured)	0
1933	Corporate Strategy	Associate	Associate - Corporate Strategy	54266.68	4	2.35	30	Other	Caucasian	2023-03-18	2025-07-24	9.99	8.00	9.99	1	0.961	21706.6720	1-3 Years (Mid-Tenure)	0
2135	Corporate Strategy	Associate	Associate - Corporate Strategy	64830.82	3	1.98	43	Female	African American	2024-01-13	2026-01-05	4.00	7.00	4.00	1	1.148	25932.3280	1-3 Years (Mid-Tenure)	0
518	Corporate Strategy	Associate	Associate - Corporate Strategy	63380.03	1	4.49	39	Female	Caucasian	2022-02-17	NULL	7.00	3.00	7.00	0	1.122	25352.0120	3+ Years (Tenured)	0
1697	Corporate Strategy	Associate	Associate - Corporate Strategy	46508.92	3	4.45	27	Non-Binary	African American	2022-03-03	NULL	9.99	4.00	6.00	0	0.823	18603.5680	3+ Years (Tenured)	0
626	Corporate Strategy	Associate	Associate - Corporate Strategy	69327.49	4	1.85	46	Male	Two or More	2024-05-03	2026-03-10	6.00	2.00	1.00	1	1.227	27730.9960	1-3 Years (Mid-Tenure)	0
3208	Corporate Strategy	Associate	Associate - Corporate Strategy	71438.51	3	3.37	51	Female	Asian	2023-04-02	NULL	7.00	5.00	5.00	0	1.265	28575.4040	3+ Years (Tenured)	0
1925	Corporate Strategy	Associate	Associate - Corporate Strategy	51032.66	4	1.89	21	Male	Two or More	2024-09-23	NULL	2.00	6.00	2.00	0	0.903	20413.0640	1-3 Years (Mid-Tenure)	1
2068	Corporate Strategy	Associate	Associate - Corporate Strategy	53004.94	3	5.11	38	Female	Asian	2021-07-06	NULL	5.00	2.00	4.00	0	0.938	21201.9760	3+ Years (Tenured)	0
1920	Corporate Strategy	Associate	Associate - Corporate Strategy	47599.19	5	1.44	48	Other	Caucasian	2025-03-07	NULL	4.00	5.00	2.00	0	0.843	19039.6760	1-3 Years (Mid-Tenure)	1
4418	Corporate Strategy	Associate	Associate - Corporate Strategy	68286.88	3	1.95	21	Male	Asian	2024-09-01	NULL	4.00	5.00	6.00	0	1.209	27314.7520	1-3 Years (Mid-Tenure)	0
3970	Corporate Strategy	Associate	Associate - Corporate Strategy	62951.38	1	2.46	38	Male	African American	2024-03-01	NULL	8.00	1.00	3.00	0	1.114	25180.5520	1-3 Years (Mid-Tenure)	0
4442	Corporate Strategy	Associate	Associate - Corporate Strategy	61021.80	3	1.13	59	Male	Hispanic	2025-06-30	NULL	9.00	5.00	3.00	0	1.080	24408.7200	1-3 Years (Mid-Tenure)	0
1802	Corporate Strategy	Associate	Associate - Corporate Strategy	67160.11	3	1.40	28	Female	Asian	2023-05-14	2024-10-05	4.00	6.00	1.00	1	1.189	26864.0440	1-3 Years (Mid-Tenure)	0
1891	Corporate Strategy	Associate	Associate - Corporate Strategy	60894.56	5	0.28	25	Male	African American	2026-05-04	NULL	8.00	8.00	6.00	0	1.078	24357.8240	0-1 Year (Onboarding)	0
3990	Corporate Strategy	Associate	Associate - Corporate Strategy	56981.13	5	4.76	40	Male	Caucasian	2021-11-11	NULL	4.00	3.00	2.00	0	1.009	22792.4520	3+ Years (Tenured)	1
2021	Corporate Strategy	Associate	Associate - Corporate Strategy	48814.26	4	3.89	44	Other	Asian	2022-09-26	NULL	1.00	4.00	7.00	0	0.864	19525.7040	3+ Years (Tenured)	1
1828	Corporate Strategy	Associate	Associate - Corporate Strategy	72712.70	4	4.90	57	Other	African American	2021-09-22	NULL	4.00	3.00	1.00	0	1.287	29085.0800	3+ Years (Tenured)	1
3849	Corporate Strategy	Associate	Associate - Corporate Strategy	41700.40	3	4.44	47	Non-Binary	Caucasian	2022-03-10	NULL	2.00	5.00	6.00	0	0.738	16680.1600	3+ Years (Tenured)	0
860	Corporate Strategy	Associate	Associate - Corporate Strategy	53348.40	3	1.26	35	Female	African American	2022-07-23	2023-10-27	NULL	NULL	NULL	1	0.944	21339.3600	1-3 Years (Mid-Tenure)	0
2018	Corporate Strategy	Associate	Associate - Corporate Strategy	62873.31	3	0.28	28	Other	Caucasian	2024-08-02	2024-11-13	NULL	NULL	NULL	1	1.113	25149.3240	0-1 Year (Onboarding)	0
285	Corporate Strategy	Associate	Associate - Corporate Strategy	56016.55	2	2.19	41	Other	Asian	2024-06-05	NULL	7.00	9.00	4.00	0	0.992	22406.6200	1-3 Years (Mid-Tenure)	0
279	Corporate Strategy	Associate	Associate - Corporate Strategy	42121.07	3	2.99	51	Male	Caucasian	2023-08-20	NULL	1.00	5.00	2.00	0	0.746	16848.4280	1-3 Years (Mid-Tenure)	0
2101	Corporate Strategy	Associate	Associate - Corporate Strategy	65631.92	3	0.98	29	Female	Two or More	2021-08-23	2022-08-16	NULL	NULL	NULL	1	1.162	26252.7680	0-1 Year (Onboarding)	0
3249	Corporate Strategy	Associate	Associate - Corporate Strategy	49620.62	3	3.87	34	Non-Binary	African American	2022-10-03	NULL	5.00	9.00	8.00	0	0.878	19848.2480	3+ Years (Tenured)	0
3175	Corporate Strategy	Associate	Associate - Corporate Strategy	46147.51	4	2.63	53	Non-Binary	Hispanic	2023-12-30	NULL	8.00	3.00	3.00	0	0.817	18459.0040	1-3 Years (Mid-Tenure)	0
3925	Corporate Strategy	Associate	Associate - Corporate Strategy	50542.30	3	0.84	34	Female	Two or More	2025-10-11	NULL	1.00	1.00	2.00	0	0.895	20216.9200	0-1 Year (Onboarding)	0
1596	Corporate Strategy	Associate	Associate - Corporate Strategy	66239.12	4	0.29	45	Non-Binary	Asian	2026-04-30	NULL	9.99	7.00	5.00	0	1.173	26495.6480	0-1 Year (Onboarding)	0
1634	Corporate Strategy	Associate	Associate - Corporate Strategy	73903.34	2	1.07	47	Other	Caucasian	2025-07-20	NULL	6.00	5.00	6.00	0	1.308	29561.3360	1-3 Years (Mid-Tenure)	0
3946	Corporate Strategy	Associate	Associate - Corporate Strategy	43220.30	4	2.99	48	Other	Caucasian	2023-08-19	NULL	3.00	2.00	5.00	0	0.765	17288.1200	1-3 Years (Mid-Tenure)	1
532	Corporate Strategy	Associate	Associate - Corporate Strategy	60010.83	3	1.25	39	Non-Binary	African American	2025-05-15	NULL	2.00	2.00	4.00	0	1.062	24004.3320	1-3 Years (Mid-Tenure)	0
94	Corporate Strategy	Associate	Associate - Corporate Strategy	52021.31	1	0.85	48	Non-Binary	Hispanic	2025-10-10	NULL	NULL	NULL	NULL	0	0.921	20808.5240	0-1 Year (Onboarding)	0
4452	Corporate Strategy	Associate	Associate - Corporate Strategy	53869.81	5	0.07	46	Female	Caucasian	2026-07-21	NULL	NULL	NULL	NULL	0	0.954	21547.9240	0-1 Year (Onboarding)	0
814	Corporate Strategy	Associate	Associate - Corporate Strategy	41004.17	3	2.17	45	Other	Asian	2024-06-13	NULL	9.99	9.00	8.00	0	0.726	16401.6680	1-3 Years (Mid-Tenure)	0
4073	Corporate Strategy	Associate	Associate - Corporate Strategy	66233.73	3	1.46	43	Non-Binary	African American	2025-03-01	NULL	8.00	9.99	4.00	0	1.173	26493.4920	1-3 Years (Mid-Tenure)	0
3198	Corporate Strategy	Associate	Associate - Corporate Strategy	72428.75	3	0.45	51	Male	African American	2023-05-17	2023-10-28	NULL	NULL	NULL	1	1.282	28971.5000	0-1 Year (Onboarding)	0
286	Corporate Strategy	Associate	Associate - Corporate Strategy	42608.49	2	1.06	38	Female	Hispanic	2025-07-25	NULL	9.99	4.00	8.00	0	0.754	17043.3960	1-3 Years (Mid-Tenure)	0
3913	Corporate Strategy	Associate	Associate - Corporate Strategy	56827.70	2	2.81	52	Other	Asian	2023-10-26	NULL	2.00	2.00	9.00	0	1.006	22731.0800	1-3 Years (Mid-Tenure)	0
3230	Corporate Strategy	Associate	Associate - Corporate Strategy	69797.04	4	3.21	36	Non-Binary	African American	2023-06-02	NULL	6.00	5.00	1.00	0	1.236	27918.8160	3+ Years (Tenured)	0
1847	Corporate Strategy	Associate	Associate - Corporate Strategy	51794.50	3	3.31	55	Non-Binary	Caucasian	2023-04-25	NULL	7.00	7.00	5.00	0	0.917	20717.8000	3+ Years (Tenured)	0
1657	Corporate Strategy	Associate	Associate - Corporate Strategy	72406.19	5	3.35	41	Male	Caucasian	2023-04-12	NULL	9.00	9.99	9.00	0	1.282	28962.4760	3+ Years (Tenured)	0
610	Corporate Strategy	Associate	Associate - Corporate Strategy	52999.87	5	1.25	45	Female	African American	2025-05-15	NULL	5.00	5.00	4.00	0	0.938	21199.9480	1-3 Years (Mid-Tenure)	0
1655	Corporate Strategy	Associate	Associate - Corporate Strategy	52982.89	5	3.98	31	Male	African American	2022-08-24	NULL	1.00	4.00	1.00	0	0.938	21193.1560	3+ Years (Tenured)	1
4028	Corporate Strategy	Associate	Associate - Corporate Strategy	50902.83	4	4.40	54	Other	Hispanic	2022-03-24	NULL	5.00	8.00	4.00	0	0.901	20361.1320	3+ Years (Tenured)	0
4001	Corporate Strategy	Associate	Associate - Corporate Strategy	68016.29	3	0.91	66	Non-Binary	Hispanic	2023-01-29	2023-12-26	NULL	NULL	NULL	1	1.204	27206.5160	0-1 Year (Onboarding)	0
3844	Corporate Strategy	Associate	Associate - Corporate Strategy	57280.18	3	2.38	35	Other	Hispanic	2024-03-30	NULL	3.00	1.00	7.00	0	1.014	22912.0720	1-3 Years (Mid-Tenure)	0
4029	Corporate Strategy	Associate	Associate - Corporate Strategy	74657.95	5	0.63	42	Male	African American	2025-12-28	NULL	8.00	4.00	9.99	0	1.322	29863.1800	0-1 Year (Onboarding)	0
3186	Corporate Strategy	Associate	Associate - Corporate Strategy	46828.46	2	3.44	42	Other	Two or More	2023-03-07	NULL	6.00	4.00	5.00	0	0.829	18731.3840	3+ Years (Tenured)	0
3090	Corporate Strategy	Associate	Associate - Corporate Strategy	40474.90	3	0.66	42	Male	Caucasian	2025-02-21	2025-10-19	1.00	1.00	3.00	1	0.717	16189.9600	0-1 Year (Onboarding)	0
4353	Corporate Strategy	Associate	Associate - Corporate Strategy	41178.99	5	4.32	29	Other	Two or More	2022-04-23	NULL	8.00	7.00	4.00	0	0.729	16471.5960	3+ Years (Tenured)	0
717	Corporate Strategy	Associate	Associate - Corporate Strategy	72325.83	3	4.25	57	Other	Caucasian	2022-05-17	NULL	9.00	3.00	4.00	0	1.280	28930.3320	3+ Years (Tenured)	0
2896	Corporate Strategy	Associate	Associate - Corporate Strategy	63998.49	4	1.67	41	Other	Asian	2024-12-12	NULL	4.00	3.00	3.00	0	1.133	25599.3960	1-3 Years (Mid-Tenure)	1
1252	Corporate Strategy	Associate	Associate - Corporate Strategy	43312.14	3	4.99	43	Non-Binary	Hispanic	2021-08-19	NULL	5.00	7.00	1.00	0	0.767	17324.8560	3+ Years (Tenured)	0
2895	Corporate Strategy	Associate	Associate - Corporate Strategy	53012.37	3	3.35	22	Other	Hispanic	2023-04-09	NULL	8.00	5.00	9.99	0	0.938	21204.9480	3+ Years (Tenured)	0
3368	Corporate Strategy	Associate	Associate - Corporate Strategy	53237.97	4	4.32	21	Other	Asian	2022-04-22	NULL	7.00	9.99	6.00	0	0.942	21295.1880	3+ Years (Tenured)	0
729	Corporate Strategy	Associate	Associate - Corporate Strategy	68491.96	2	0.87	31	Other	Asian	2024-07-10	2025-05-22	3.00	5.00	4.00	1	1.212	27396.7840	0-1 Year (Onboarding)	0
2883	Corporate Strategy	Associate	Associate - Corporate Strategy	74499.54	2	4.19	24	Female	African American	2022-06-09	NULL	3.00	6.00	2.00	0	1.319	29799.8160	3+ Years (Tenured)	0
3370	Corporate Strategy	Associate	Associate - Corporate Strategy	40121.07	3	4.64	21	Non-Binary	Asian	2021-12-26	NULL	8.00	9.99	6.00	0	0.710	16048.4280	3+ Years (Tenured)	0
2574	Corporate Strategy	Associate	Associate - Corporate Strategy	68456.47	5	1.93	45	Female	Asian	2024-09-09	NULL	4.00	8.00	1.00	0	1.212	27382.5880	1-3 Years (Mid-Tenure)	1
2899	Corporate Strategy	Associate	Associate - Corporate Strategy	40541.18	2	2.03	65	Female	Hispanic	2024-08-03	NULL	7.00	5.00	8.00	0	0.718	16216.4720	1-3 Years (Mid-Tenure)	0
2881	Corporate Strategy	Associate	Associate - Corporate Strategy	55229.56	4	3.91	34	Non-Binary	Asian	2022-09-19	NULL	6.00	1.00	9.00	0	0.978	22091.8240	3+ Years (Tenured)	0
3543	Corporate Strategy	Associate	Associate - Corporate Strategy	74646.90	3	4.46	38	Non-Binary	Asian	2022-03-02	NULL	7.00	5.00	4.00	0	1.321	29858.7600	3+ Years (Tenured)	0
1204	Corporate Strategy	Associate	Associate - Corporate Strategy	46892.51	3	1.08	41	Female	Caucasian	2023-10-05	2024-11-04	6.00	8.00	6.00	1	0.830	18757.0040	1-3 Years (Mid-Tenure)	0
3534	Corporate Strategy	Associate	Associate - Corporate Strategy	67221.79	4	1.62	39	Other	African American	2024-12-31	NULL	9.00	6.00	4.00	0	1.190	26888.7160	1-3 Years (Mid-Tenure)	0
1201	Corporate Strategy	Associate	Associate - Corporate Strategy	72183.75	3	0.75	30	Other	Hispanic	2025-11-16	NULL	9.99	8.00	9.99	0	1.278	28873.5000	0-1 Year (Onboarding)	0
1200	Corporate Strategy	Associate	Associate - Corporate Strategy	64095.96	4	1.52	40	Female	Hispanic	2023-11-12	2025-05-18	1.00	1.00	4.00	1	1.135	25638.3840	1-3 Years (Mid-Tenure)	1
2588	Corporate Strategy	Associate	Associate - Corporate Strategy	53746.37	3	1.53	22	Male	Hispanic	2024-08-03	2026-02-13	6.00	2.00	4.00	1	0.951	21498.5480	1-3 Years (Mid-Tenure)	0
4258	Corporate Strategy	Associate	Associate - Corporate Strategy	61477.29	4	4.36	45	Non-Binary	Caucasian	2022-04-07	NULL	4.00	9.99	8.00	0	1.088	24590.9160	3+ Years (Tenured)	1
2596	Corporate Strategy	Associate	Associate - Corporate Strategy	61509.26	4	1.90	41	NULL	African American	2024-09-19	NULL	8.00	9.99	9.99	0	1.089	24603.7040	1-3 Years (Mid-Tenure)	0
4360	Corporate Strategy	Associate	Associate - Corporate Strategy	71091.69	3	2.17	40	Female	Two or More	2024-06-13	NULL	3.00	1.00	NULL	0	1.259	28436.6760	1-3 Years (Mid-Tenure)	0
3614	Corporate Strategy	Associate	Associate - Corporate Strategy	49688.69	3	0.21	44	Female	Caucasian	2026-06-01	NULL	9.99	5.00	9.99	0	0.880	19875.4760	0-1 Year (Onboarding)	0
4207	Corporate Strategy	Associate	Associate - Corporate Strategy	58987.35	3	1.04	65	Other	Asian	2025-03-13	2026-03-29	4.00	3.00	9.00	1	1.044	23594.9400	1-3 Years (Mid-Tenure)	0
711	Corporate Strategy	Associate	Associate - Corporate Strategy	60844.18	3	1.72	44	Male	Two or More	2024-11-24	NULL	9.99	7.00	2.00	0	1.077	24337.6720	1-3 Years (Mid-Tenure)	0
2471	Corporate Strategy	Associate	Associate - Corporate Strategy	48877.26	3	1.61	25	Male	Two or More	2025-01-03	NULL	4.00	5.00	2.00	0	0.865	19550.9040	1-3 Years (Mid-Tenure)	0
4364	Corporate Strategy	Associate	Associate - Corporate Strategy	51195.75	3	3.25	30	Non-Binary	Caucasian	2023-05-17	NULL	8.00	4.00	9.99	0	0.906	20478.3000	3+ Years (Tenured)	0
180	Corporate Strategy	Associate	Associate - Corporate Strategy	67164.49	2	0.19	29	Other	Two or More	2026-06-05	NULL	5.00	4.00	1.00	0	1.189	26865.7960	0-1 Year (Onboarding)	0
1010	Corporate Strategy	Associate	Associate - Corporate Strategy	40764.97	5	0.09	37	Female	Hispanic	2026-07-12	NULL	NULL	NULL	NULL	0	0.722	16305.9880	0-1 Year (Onboarding)	0
2480	Corporate Strategy	Associate	Associate - Corporate Strategy	62081.04	4	2.80	32	Non-Binary	Two or More	2023-10-28	NULL	5.00	2.00	4.00	0	1.099	24832.4160	1-3 Years (Mid-Tenure)	0
2485	Corporate Strategy	Associate	Associate - Corporate Strategy	46909.88	3	2.42	51	Other	Caucasian	2024-03-14	NULL	9.00	9.99	5.00	0	0.830	18763.9520	1-3 Years (Mid-Tenure)	0
4259	Corporate Strategy	Associate	Associate - Corporate Strategy	53043.46	2	3.50	40	Female	Hispanic	2023-02-14	NULL	6.00	4.00	7.00	0	0.939	21217.3840	3+ Years (Tenured)	0
1267	Corporate Strategy	Associate	Associate - Corporate Strategy	59455.71	2	3.43	46	Male	Two or More	2022-05-07	2025-10-10	2.00	6.00	2.00	0	1.053	23782.2840	3+ Years (Tenured)	0
4221	Corporate Strategy	Associate	Associate - Corporate Strategy	48598.51	4	3.48	54	Male	Two or More	2023-02-20	NULL	9.00	7.00	3.00	0	0.860	19439.4040	3+ Years (Tenured)	0
4357	Corporate Strategy	Associate	Associate - Corporate Strategy	73879.62	4	4.79	25	Non-Binary	Asian	2021-10-31	NULL	3.00	4.00	7.00	0	1.308	29551.8480	3+ Years (Tenured)	1
2504	Corporate Strategy	Associate	Associate - Corporate Strategy	61391.60	4	0.83	42	Other	Hispanic	2024-10-29	2025-08-28	8.00	5.00	NULL	1	1.087	24556.6400	0-1 Year (Onboarding)	0
2507	Corporate Strategy	Associate	Associate - Corporate Strategy	45572.51	3	3.72	34	Female	Two or More	2022-11-28	NULL	3.00	5.00	3.00	0	0.807	18229.0040	3+ Years (Tenured)	0
3575	Corporate Strategy	Associate	Associate - Corporate Strategy	70780.43	4	1.41	21	Other	Asian	2025-03-17	NULL	4.00	6.00	2.00	0	1.253	28312.1720	1-3 Years (Mid-Tenure)	1
26	Corporate Strategy	Associate	Associate - Corporate Strategy	57436.81	3	2.18	30	Non-Binary	NULL	2023-03-27	2025-06-01	5.00	1.00	8.00	1	1.017	22974.7240	1-3 Years (Mid-Tenure)	0
3570	Corporate Strategy	Associate	Associate - Corporate Strategy	69571.00	5	4.82	46	Female	Caucasian	2021-10-19	NULL	8.00	8.00	8.00	0	1.232	27828.4000	3+ Years (Tenured)	0
1116	Corporate Strategy	Associate	Associate - Corporate Strategy	48364.97	3	3.47	50	Non-Binary	Caucasian	2023-02-26	NULL	4.00	6.00	NULL	0	0.856	19345.9880	3+ Years (Tenured)	0
1155	Corporate Strategy	Associate	Associate - Corporate Strategy	43628.03	5	1.99	21	Male	African American	2024-08-20	NULL	9.99	7.00	9.99	0	0.772	17451.2120	1-3 Years (Mid-Tenure)	0
2693	Corporate Strategy	Associate	Associate - Corporate Strategy	73550.49	5	2.13	43	NULL	Caucasian	2024-06-28	NULL	8.00	9.99	3.00	0	1.302	29420.1960	1-3 Years (Mid-Tenure)	0
1153	Corporate Strategy	Associate	Associate - Corporate Strategy	43658.66	5	0.23	38	Female	Asian	2026-05-22	NULL	3.00	3.00	1.00	0	0.773	17463.4640	0-1 Year (Onboarding)	1
1139	Corporate Strategy	Associate	Associate - Corporate Strategy	42410.62	2	3.25	46	Other	Asian	2023-05-16	NULL	6.00	3.00	9.99	0	0.751	16964.2480	3+ Years (Tenured)	0
1137	Corporate Strategy	Associate	Associate - Corporate Strategy	74730.59	3	3.31	58	Non-Binary	Asian	2023-04-26	NULL	5.00	7.00	5.00	0	1.323	29892.2360	3+ Years (Tenured)	0
1131	Corporate Strategy	Associate	Associate - Corporate Strategy	61691.29	4	3.45	25	Non-Binary	African American	2023-03-03	NULL	6.00	4.00	7.00	0	1.092	24676.5160	3+ Years (Tenured)	0
31	Corporate Strategy	Associate	Associate - Corporate Strategy	59956.36	3	2.72	59	Male	Hispanic	2023-11-28	NULL	9.99	7.00	9.99	0	1.061	23982.5440	1-3 Years (Mid-Tenure)	0
3458	Corporate Strategy	Associate	Associate - Corporate Strategy	70915.57	4	4.94	35	Non-Binary	Hispanic	2021-09-06	NULL	5.00	9.99	3.00	0	1.255	28366.2280	3+ Years (Tenured)	0
3453	Corporate Strategy	Associate	Associate - Corporate Strategy	44779.91	3	0.30	36	Female	African American	2026-04-29	NULL	NULL	NULL	NULL	0	0.793	17911.9640	0-1 Year (Onboarding)	0
2830	Corporate Strategy	Associate	Associate - Corporate Strategy	56742.59	3	1.94	54	Male	Caucasian	2024-02-22	2026-01-31	9.99	2.00	3.00	1	1.004	22697.0360	1-3 Years (Mid-Tenure)	0
4328	Corporate Strategy	Associate	Associate - Corporate Strategy	41381.05	3	0.94	44	Other	Caucasian	2025-09-07	NULL	8.00	3.00	1.00	0	0.733	16552.4200	0-1 Year (Onboarding)	0
4302	Corporate Strategy	Associate	Associate - Corporate Strategy	73282.93	5	0.34	42	Other	Caucasian	2026-04-13	NULL	NULL	NULL	NULL	0	1.297	29313.1720	0-1 Year (Onboarding)	0
752	Corporate Strategy	Associate	Associate - Corporate Strategy	41843.69	3	2.02	40	Non-Binary	Two or More	2024-08-07	NULL	6.00	9.99	2.00	0	0.741	16737.4760	1-3 Years (Mid-Tenure)	0
2744	Corporate Strategy	Associate	Associate - Corporate Strategy	54602.38	3	3.65	27	Male	Two or More	2022-12-20	NULL	6.00	4.00	3.00	0	0.967	21840.9520	3+ Years (Tenured)	0
4318	Corporate Strategy	Associate	Associate - Corporate Strategy	47393.02	2	4.03	38	Non-Binary	Hispanic	2022-08-04	NULL	2.00	3.00	NULL	0	0.839	18957.2080	3+ Years (Tenured)	0
2753	Corporate Strategy	Associate	Associate - Corporate Strategy	66947.83	4	1.04	43	Non-Binary	Two or More	2025-06-06	2026-06-22	7.00	5.00	7.00	1	1.185	26779.1320	1-3 Years (Mid-Tenure)	0
1091	Corporate Strategy	Associate	Associate - Corporate Strategy	57767.33	4	2.15	37	Female	Asian	2024-06-23	NULL	6.00	9.99	7.00	0	1.023	23106.9320	1-3 Years (Mid-Tenure)	0
2786	Corporate Strategy	Associate	Associate - Corporate Strategy	40741.91	3	3.45	39	Female	NULL	2023-03-05	NULL	5.00	1.00	4.00	0	0.721	16296.7640	3+ Years (Tenured)	0
4317	Corporate Strategy	Associate	Associate - Corporate Strategy	64681.50	3	1.54	42	Other	Hispanic	2025-01-31	NULL	6.00	8.00	9.99	0	1.145	25872.6000	1-3 Years (Mid-Tenure)	0
4345	Corporate Strategy	Associate	Associate - Corporate Strategy	45406.76	4	4.60	34	Other	Caucasian	2022-01-09	NULL	5.00	7.00	8.00	0	0.804	18162.7040	3+ Years (Tenured)	0
2613	Corporate Strategy	Associate	Associate - Corporate Strategy	58229.04	4	3.12	22	Male	Hispanic	2023-07-03	NULL	8.00	7.00	3.00	0	1.031	23291.6160	3+ Years (Tenured)	0
4263	Corporate Strategy	Associate	Associate - Corporate Strategy	42944.30	3	3.03	43	Female	African American	2023-08-05	NULL	6.00	7.00	7.00	0	0.760	17177.7200	3+ Years (Tenured)	0
2871	Corporate Strategy	Associate	Associate - Corporate Strategy	67847.35	5	2.77	31	Non-Binary	Caucasian	2022-09-12	2025-06-19	9.00	6.00	9.99	1	1.201	27138.9400	1-3 Years (Mid-Tenure)	0
3516	Corporate Strategy	Associate	Associate - Corporate Strategy	54314.65	4	1.61	41	Male	Hispanic	2025-01-05	NULL	6.00	NULL	6.00	0	0.962	21725.8600	1-3 Years (Mid-Tenure)	0
392	Corporate Strategy	Associate	Associate - Corporate Strategy	58328.94	3	3.77	42	Male	Asian	2022-11-09	NULL	8.00	8.00	7.00	0	1.033	23331.5760	3+ Years (Tenured)	0
232	Corporate Strategy	Associate	Associate - Corporate Strategy	54815.19	4	2.60	29	Non-Binary	Caucasian	2024-01-08	NULL	7.00	4.00	6.00	0	0.970	21926.0760	1-3 Years (Mid-Tenure)	0
1181	Corporate Strategy	Associate	Associate - Corporate Strategy	41480.40	3	0.65	54	Female	African American	2025-12-21	NULL	4.00	5.00	4.00	0	0.734	16592.1600	0-1 Year (Onboarding)	0
1176	Corporate Strategy	Associate	Associate - Corporate Strategy	45575.60	1	2.01	46	Female	African American	2024-08-11	NULL	4.00	9.99	9.99	0	0.807	18230.2400	1-3 Years (Mid-Tenure)	0
3505	Corporate Strategy	Associate	Associate - Corporate Strategy	43024.05	1	4.53	47	Male	Hispanic	2022-02-03	NULL	2.00	NULL	2.00	0	0.762	17209.6200	3+ Years (Tenured)	0
887	Corporate Strategy	Associate	Associate - Corporate Strategy	40809.29	2	3.58	53	Other	Asian	2023-01-17	NULL	2.00	1.00	4.00	0	0.722	16323.7160	3+ Years (Tenured)	0
3394	Corporate Strategy	Associate	Associate - Corporate Strategy	42020.34	3	2.90	35	Female	Asian	2023-09-23	NULL	7.00	6.00	3.00	0	0.744	16808.1360	1-3 Years (Mid-Tenure)	0
2842	Corporate Strategy	Associate	Associate - Corporate Strategy	56573.26	2	2.83	32	Non-Binary	Hispanic	2023-10-16	NULL	3.00	3.00	1.00	0	1.001	22629.3040	1-3 Years (Mid-Tenure)	0
2834	Corporate Strategy	Associate	Associate - Corporate Strategy	53411.13	3	4.73	21	Male	Caucasian	2021-11-23	NULL	2.00	5.00	3.00	0	0.946	21364.4520	3+ Years (Tenured)	0
2674	Corporate Strategy	Associate	Associate - Corporate Strategy	44206.05	1	5.03	22	Non-Binary	African American	2021-08-05	NULL	1.00	1.00	1.00	0	0.783	17682.4200	3+ Years (Tenured)	0
205	Corporate Strategy	Associate	Associate - Corporate Strategy	45839.30	3	1.94	48	Male	Hispanic	2024-09-07	NULL	9.99	9.99	9.00	0	0.811	18335.7200	1-3 Years (Mid-Tenure)	0
3479	Corporate Strategy	Associate	Associate - Corporate Strategy	58760.62	5	1.83	29	Female	Two or More	2024-10-15	NULL	6.00	4.00	7.00	0	1.040	23504.2480	1-3 Years (Mid-Tenure)	0
2831	Corporate Strategy	Associate	Associate - Corporate Strategy	47141.15	4	0.90	30	Female	Two or More	2025-09-22	NULL	1.00	1.00	3.00	0	0.835	18856.4600	0-1 Year (Onboarding)	1
2682	Corporate Strategy	Associate	Associate - Corporate Strategy	67623.68	2	1.90	33	Non-Binary	Caucasian	2024-09-20	NULL	7.00	7.00	5.00	0	1.197	27049.4720	1-3 Years (Mid-Tenure)	0
4103	Corporate Strategy	Associate	Associate - Corporate Strategy	45661.07	2	1.94	44	Male	African American	2024-09-06	NULL	5.00	6.00	1.00	0	0.808	18264.4280	1-3 Years (Mid-Tenure)	0
979	Corporate Strategy	Associate	Associate - Corporate Strategy	63796.41	2	3.83	26	Other	Caucasian	2022-10-16	NULL	1.00	4.00	4.00	0	1.129	25518.5640	3+ Years (Tenured)	0
4162	Corporate Strategy	Associate	Associate - Corporate Strategy	47238.20	4	1.02	27	Non-Binary	Asian	2025-08-09	NULL	2.00	NULL	4.00	0	0.836	18895.2800	1-3 Years (Mid-Tenure)	1
2322	Corporate Strategy	Associate	Associate - Corporate Strategy	66197.81	3	2.26	54	Non-Binary	Hispanic	2024-05-13	NULL	9.00	8.00	9.99	0	1.172	26479.1240	1-3 Years (Mid-Tenure)	0
2321	Corporate Strategy	Associate	Associate - Corporate Strategy	53168.87	3	0.35	25	Female	Caucasian	2026-04-09	NULL	4.00	4.00	3.00	0	0.941	21267.5480	0-1 Year (Onboarding)	0
3756	Corporate Strategy	Associate	Associate - Corporate Strategy	61719.70	3	4.39	32	Non-Binary	Asian	2022-03-25	NULL	4.00	5.00	8.00	0	1.093	24687.8800	3+ Years (Tenured)	0
1402	Corporate Strategy	Associate	Associate - Corporate Strategy	40509.66	4	2.47	37	Female	Asian	2024-02-25	NULL	6.00	6.00	4.00	0	0.717	16203.8640	1-3 Years (Mid-Tenure)	0
1418	Corporate Strategy	Associate	Associate - Corporate Strategy	52807.78	3	1.40	44	Female	Caucasian	2025-03-22	NULL	7.00	7.00	5.00	0	0.935	21123.1120	1-3 Years (Mid-Tenure)	0
2310	Corporate Strategy	Associate	Associate - Corporate Strategy	60462.79	3	2.41	48	Male	Caucasian	2024-03-17	NULL	8.00	5.00	8.00	0	1.070	24185.1160	1-3 Years (Mid-Tenure)	0
2308	Corporate Strategy	Associate	Associate - Corporate Strategy	46875.16	2	0.11	32	NULL	Two or More	2026-07-06	NULL	NULL	NULL	NULL	0	0.830	18750.0640	0-1 Year (Onboarding)	0
4202	Corporate Strategy	Associate	Associate - Corporate Strategy	61655.53	3	1.52	49	Male	Hispanic	2025-02-08	NULL	5.00	4.00	7.00	0	1.091	24662.2120	1-3 Years (Mid-Tenure)	0
796	Corporate Strategy	Associate	Associate - Corporate Strategy	60292.15	4	0.88	44	NULL	Caucasian	2025-09-29	NULL	4.00	1.00	5.00	0	1.067	24116.8600	0-1 Year (Onboarding)	1
672	Corporate Strategy	Associate	Associate - Corporate Strategy	44655.07	5	2.40	49	Non-Binary	Asian	2024-03-23	NULL	1.00	7.00	6.00	0	0.791	17862.0280	1-3 Years (Mid-Tenure)	1
2775	Corporate Strategy	Associate	Associate - Corporate Strategy	66483.56	1	2.28	56	Other	Asian	2024-05-03	NULL	3.00	6.00	5.00	0	1.177	26593.4240	1-3 Years (Mid-Tenure)	0
4394	Corporate Strategy	Associate	Associate - Corporate Strategy	60759.19	3	0.60	40	Non-Binary	Caucasian	2026-01-08	NULL	5.00	4.00	5.00	0	1.076	24303.6760	0-1 Year (Onboarding)	0
2296	Corporate Strategy	Associate	Associate - Corporate Strategy	68522.82	4	1.80	56	Male	Caucasian	2021-07-08	2023-04-27	NULL	NULL	NULL	1	1.213	27409.1280	1-3 Years (Mid-Tenure)	0
2336	Corporate Strategy	Associate	Associate - Corporate Strategy	48695.15	2	2.99	32	Non-Binary	Asian	2023-08-20	NULL	3.00	4.00	NULL	0	0.862	19478.0600	1-3 Years (Mid-Tenure)	0
1515	Corporate Strategy	Associate	Associate - Corporate Strategy	68678.86	4	3.81	23	Non-Binary	Two or More	2022-10-26	NULL	5.00	7.00	6.00	0	1.216	27471.5440	3+ Years (Tenured)	0
2281	Corporate Strategy	Associate	Associate - Corporate Strategy	55293.76	3	3.51	43	Non-Binary	Two or More	2023-02-12	NULL	3.00	1.00	1.00	0	0.979	22117.5040	3+ Years (Tenured)	0
4137	Corporate Strategy	Associate	Associate - Corporate Strategy	62593.76	3	1.75	23	Non-Binary	Hispanic	2024-11-16	NULL	9.99	9.99	8.00	0	1.108	25037.5040	1-3 Years (Mid-Tenure)	0
2276	Corporate Strategy	Associate	Associate - Corporate Strategy	64102.86	2	3.30	46	Male	Two or More	2023-04-28	NULL	9.00	9.99	8.00	0	1.135	25641.1440	3+ Years (Tenured)	0
2214	Corporate Strategy	Associate	Associate - Corporate Strategy	52861.37	4	0.49	42	NULL	Hispanic	2023-11-12	2024-05-09	9.00	3.00	8.00	1	0.936	21144.5480	0-1 Year (Onboarding)	0
3291	Corporate Strategy	Associate	Associate - Corporate Strategy	40175.63	2	0.69	50	Female	Hispanic	2025-12-07	NULL	7.00	4.00	5.00	1	0.711	16070.2520	0-1 Year (Onboarding)	0
1507	Corporate Strategy	Associate	Associate - Corporate Strategy	45734.06	4	0.13	44	Other	Two or More	2026-06-30	NULL	NULL	NULL	NULL	0	0.810	18293.6240	0-1 Year (Onboarding)	0
4136	Corporate Strategy	Associate	Associate - Corporate Strategy	72209.29	2	1.65	38	Male	Asian	2024-12-20	NULL	5.00	1.00	8.00	0	1.278	28883.7160	1-3 Years (Mid-Tenure)	0
1463	Corporate Strategy	Associate	Associate - Corporate Strategy	61461.05	3	3.69	43	Male	Asian	2022-12-08	NULL	9.00	7.00	NULL	0	1.088	24584.4200	3+ Years (Tenured)	0
3015	Corporate Strategy	Associate	Associate - Corporate Strategy	62885.28	3	1.78	54	Female	African American	2021-09-13	2023-06-23	NULL	NULL	NULL	1	1.113	25154.1120	1-3 Years (Mid-Tenure)	0
2260	Corporate Strategy	Associate	Associate - Corporate Strategy	74541.13	4	3.72	25	Other	Asian	2022-11-28	NULL	4.00	2.00	1.00	0	1.320	29816.4520	3+ Years (Tenured)	1
3016	Corporate Strategy	Associate	Associate - Corporate Strategy	50299.10	5	0.92	39	Male	Two or More	2025-09-15	NULL	6.00	9.00	9.99	0	0.890	20119.6400	0-1 Year (Onboarding)	0
2241	Corporate Strategy	Associate	Associate - Corporate Strategy	73053.62	4	1.70	33	Female	Hispanic	2024-12-03	NULL	5.00	2.00	1.00	0	1.293	29221.4480	1-3 Years (Mid-Tenure)	0
795	Corporate Strategy	Associate	Associate - Corporate Strategy	64754.03	3	0.15	30	Non-Binary	Two or More	2026-06-22	NULL	NULL	NULL	NULL	0	1.146	25901.6120	0-1 Year (Onboarding)	0
659	Corporate Strategy	Associate	Associate - Corporate Strategy	69082.64	5	2.48	46	NULL	Caucasian	2024-02-20	NULL	4.00	1.00	3.00	0	1.223	27633.0560	1-3 Years (Mid-Tenure)	1
3631	Corporate Strategy	Associate	Associate - Corporate Strategy	70534.28	4	3.48	52	Other	Two or More	2023-02-22	NULL	3.00	4.00	5.00	0	1.249	28213.7120	3+ Years (Tenured)	1
1530	Corporate Strategy	Associate	Associate - Corporate Strategy	65676.59	3	1.77	26	NULL	African American	2022-09-04	2024-06-11	9.99	NULL	9.00	1	1.163	26270.6360	1-3 Years (Mid-Tenure)	0
1546	Corporate Strategy	Associate	Associate - Corporate Strategy	53454.19	3	0.44	41	Other	Two or More	2026-03-08	NULL	7.00	3.00	3.00	0	0.946	21381.6760	0-1 Year (Onboarding)	0
2415	Corporate Strategy	Associate	Associate - Corporate Strategy	56047.54	5	4.92	44	Female	Two or More	2021-09-14	NULL	6.00	NULL	9.00	0	0.992	22419.0160	3+ Years (Tenured)	0
3278	Corporate Strategy	Associate	Associate - Corporate Strategy	71192.07	4	0.34	31	Male	Hispanic	2025-12-27	2026-05-01	NULL	NULL	NULL	1	1.260	28476.8280	0-1 Year (Onboarding)	0
3634	Corporate Strategy	Associate	Associate - Corporate Strategy	44189.94	4	3.42	31	Non-Binary	African American	2023-03-15	NULL	6.00	6.00	2.00	0	0.782	17675.9760	3+ Years (Tenured)	0
890	Corporate Strategy	Associate	Associate - Corporate Strategy	57319.37	4	3.87	51	Male	Hispanic	2022-10-03	NULL	6.00	4.00	4.00	0	1.015	22927.7480	3+ Years (Tenured)	0
321	Corporate Strategy	Associate	Associate - Corporate Strategy	40024.08	3	0.41	26	Female	Hispanic	2026-03-19	NULL	8.00	5.00	6.00	0	0.709	16009.6320	0-1 Year (Onboarding)	0
4188	Corporate Strategy	Associate	Associate - Corporate Strategy	65716.52	3	1.03	21	Non-Binary	NULL	2025-08-05	NULL	5.00	8.00	6.00	0	1.163	26286.6080	1-3 Years (Mid-Tenure)	0
997	Corporate Strategy	Associate	Associate - Corporate Strategy	62451.96	4	2.82	46	Other	African American	2023-10-20	NULL	2.00	5.00	1.00	0	1.106	24980.7840	1-3 Years (Mid-Tenure)	1
1561	Corporate Strategy	Associate	Associate - Corporate Strategy	45397.43	4	0.09	29	Female	Two or More	2026-06-23	2026-07-26	NULL	NULL	NULL	1	0.804	18158.9720	0-1 Year (Onboarding)	0
1328	Corporate Strategy	Associate	Associate - Corporate Strategy	43789.17	3	3.44	46	Other	Asian	2023-03-10	NULL	5.00	6.00	7.00	0	0.775	17515.6680	3+ Years (Tenured)	0
2437	Corporate Strategy	Associate	Associate - Corporate Strategy	59490.52	3	0.23	40	Non-Binary	Two or More	2026-05-24	NULL	NULL	NULL	NULL	0	1.053	23796.2080	0-1 Year (Onboarding)	0
3625	Corporate Strategy	Associate	Associate - Corporate Strategy	72047.94	3	3.54	47	Female	Caucasian	2023-02-01	NULL	9.99	9.99	7.00	0	1.275	28819.1760	3+ Years (Tenured)	0
3340	Corporate Strategy	Associate	Associate - Corporate Strategy	46063.56	2	1.88	26	NULL	African American	2021-11-16	2023-10-02	NULL	NULL	NULL	1	0.815	18425.4240	1-3 Years (Mid-Tenure)	0
3619	Corporate Strategy	Associate	Associate - Corporate Strategy	53844.39	3	3.01	28	Other	Two or More	2023-08-11	NULL	3.00	1.00	1.00	0	0.953	21537.7560	3+ Years (Tenured)	0
429	Corporate Strategy	Associate	Associate - Corporate Strategy	72590.27	4	0.08	44	Other	Hispanic	2026-07-18	NULL	NULL	NULL	NULL	0	1.285	29036.1080	0-1 Year (Onboarding)	0
3643	Corporate Strategy	Associate	Associate - Corporate Strategy	63487.33	4	1.91	34	Non-Binary	Hispanic	2024-09-16	NULL	9.99	8.00	7.00	0	1.124	25394.9320	1-3 Years (Mid-Tenure)	0
4167	Corporate Strategy	Associate	Associate - Corporate Strategy	56932.04	3	1.01	33	NULL	Caucasian	2025-08-13	NULL	4.00	5.00	9.00	0	1.008	22772.8160	1-3 Years (Mid-Tenure)	0
2359	Corporate Strategy	Associate	Associate - Corporate Strategy	72953.06	4	1.31	34	Male	African American	2025-04-24	NULL	9.00	7.00	7.00	0	1.291	29181.2240	1-3 Years (Mid-Tenure)	0
2371	Corporate Strategy	Associate	Associate - Corporate Strategy	47653.83	3	1.74	39	Male	African American	2024-11-17	NULL	9.00	6.00	8.00	0	0.844	19061.5320	1-3 Years (Mid-Tenure)	0
4096	Corporate Strategy	Associate	Associate - Corporate Strategy	53945.53	3	4.18	27	Other	Hispanic	2022-06-10	NULL	6.00	7.00	2.00	0	0.955	21578.2120	3+ Years (Tenured)	0
444	Corporate Strategy	Associate	Associate - Corporate Strategy	50239.50	2	1.09	39	Male	African American	2025-07-12	NULL	7.00	4.00	1.00	0	0.889	20095.8000	1-3 Years (Mid-Tenure)	0
996	Corporate Strategy	Associate	Associate - Corporate Strategy	45726.33	3	2.91	37	Other	Asian	2023-09-19	NULL	8.00	9.99	9.99	0	0.809	18290.5320	1-3 Years (Mid-Tenure)	0
2383	Corporate Strategy	Associate	Associate - Corporate Strategy	53762.84	4	3.42	47	Female	Asian	2021-12-02	2025-05-02	7.00	7.00	4.00	0	0.952	21505.1360	3+ Years (Tenured)	0
913	Corporate Strategy	Associate	Associate - Corporate Strategy	61960.10	5	0.58	43	Non-Binary	Hispanic	2026-01-15	NULL	3.00	2.00	7.00	0	1.097	24784.0400	0-1 Year (Onboarding)	1
2171	Corporate Strategy	Associate	Associate - Corporate Strategy	60439.31	3	3.51	41	Female	Two or More	2021-07-02	2025-01-02	2.00	1.00	2.00	1	1.070	24175.7240	3+ Years (Tenured)	0
910	Corporate Strategy	Associate	Associate - Corporate Strategy	43996.78	3	0.21	40	Other	Two or More	2026-05-29	NULL	5.00	4.00	9.00	0	0.779	17598.7120	0-1 Year (Onboarding)	0
4182	Corporate Strategy	Associate	Associate - Corporate Strategy	56305.50	3	4.06	47	Non-Binary	Two or More	2022-07-24	NULL	6.00	9.00	4.00	0	0.997	22522.2000	3+ Years (Tenured)	0
2397	Corporate Strategy	Associate	Associate - Corporate Strategy	61075.36	4	3.21	48	Female	African American	2023-06-01	NULL	4.00	3.00	7.00	0	1.081	24430.1440	3+ Years (Tenured)	1
2406	Corporate Strategy	Associate	Associate - Corporate Strategy	60877.20	4	0.09	53	Male	Hispanic	2026-07-14	NULL	NULL	NULL	NULL	0	1.078	24350.8800	0-1 Year (Onboarding)	0
3259	Corporate Strategy	Domain Director	Domain Director - Corporate Strategy	150524.82	3	1.77	36	Non-Binary	African American	2024-11-06	NULL	2.00	3.00	5.00	0	0.984	60209.9280	1-3 Years (Mid-Tenure)	0
2438	Corporate Strategy	Domain Director	Domain Director - Corporate Strategy	155399.06	4	0.77	49	Female	African American	2025-11-07	NULL	9.00	5.00	8.00	0	1.016	62159.6240	0-1 Year (Onboarding)	0
2615	Corporate Strategy	Manager	Manager - Corporate Strategy	99565.99	4	5.04	51	Male	Caucasian	2021-08-03	NULL	6.00	7.00	3.00	0	0.980	39826.3960	3+ Years (Tenured)	0
2095	Corporate Strategy	Manager	Manager - Corporate Strategy	110196.49	5	0.51	55	Non-Binary	Two or More	2026-02-10	NULL	2.00	6.00	6.00	0	1.085	44078.5960	0-1 Year (Onboarding)	1
2011	Corporate Strategy	Manager	Manager - Corporate Strategy	112122.29	3	0.15	52	Male	African American	2026-06-21	NULL	NULL	NULL	NULL	0	1.104	44848.9160	0-1 Year (Onboarding)	0
1453	Corporate Strategy	Manager	Manager - Corporate Strategy	97583.49	4	0.52	29	Female	Asian	2026-02-08	NULL	8.00	6.00	9.99	0	0.961	39033.3960	0-1 Year (Onboarding)	0
281	Corporate Strategy	Manager	Manager - Corporate Strategy	100164.19	3	3.31	43	Male	African American	2023-04-24	NULL	9.99	7.00	9.99	0	0.986	40065.6760	3+ Years (Tenured)	0
2509	Corporate Strategy	Manager	Manager - Corporate Strategy	111271.05	4	0.79	40	Male	Hispanic	2025-09-09	2026-06-23	8.00	5.00	9.99	1	1.095	44508.4200	0-1 Year (Onboarding)	0
3649	Corporate Strategy	Manager	Manager - Corporate Strategy	80217.95	2	4.67	29	Other	Caucasian	2021-12-15	NULL	9.99	7.00	6.00	0	0.790	32087.1800	3+ Years (Tenured)	0
1386	Corporate Strategy	Supervisor/Lead	Supervisor/Lead - Corporate Strategy	63944.12	3	1.01	25	Other	Asian	2025-08-10	NULL	6.00	7.00	8.00	0	0.890	25577.6480	1-3 Years (Mid-Tenure)	0
3829	Corporate Strategy	Supervisor/Lead	supervisor/lead - corporate strategy	73139.43	4	4.41	41	Male	Asian	2022-03-20	NULL	4.00	3.00	NULL	0	1.018	29255.7720	3+ Years (Tenured)	1
4219	Corporate Strategy	Supervisor/Lead	Supervisor/Lead - Corporate Strategy	56865.48	3	4.68	38	Female	Asian	2021-12-10	NULL	7.00	4.00	6.00	0	0.791	22746.1920	3+ Years (Tenured)	0
4187	Corporate Strategy	Supervisor/Lead	Supervisor/Lead - Corporate Strategy	71181.90	3	1.10	35	Non-Binary	Asian	2023-08-15	2024-09-19	8.00	8.00	9.00	1	0.990	28472.7600	1-3 Years (Mid-Tenure)	0
1779	Corporate Strategy	Supervisor/Lead	Supervisor/Lead - Corporate Strategy	62751.47	5	2.57	31	Male	Two or More	2024-01-20	NULL	9.00	6.00	7.00	0	0.873	25100.5880	1-3 Years (Mid-Tenure)	0
55	Corporate Strategy	Supervisor/Lead	Supervisor/Lead - Corporate Strategy	79818.49	3	2.22	50	Other	Caucasian	2024-05-26	NULL	8.00	8.00	8.00	0	1.110	31927.3960	1-3 Years (Mid-Tenure)	0
3974	Corporate Strategy	Supervisor/Lead	Supervisor/Lead - Corporate Strategy	69988.42	5	0.98	26	Other	Two or More	2025-08-21	NULL	4.00	4.00	4.00	0	0.974	27995.3680	0-1 Year (Onboarding)	1
4440	Corporate Strategy	Supervisor/Lead	Supervisor/Lead - Corporate Strategy	76107.08	5	4.94	35	Female	Asian	2021-09-07	NULL	4.00	3.00	3.00	0	1.059	30442.8320	3+ Years (Tenured)	1
70	Corporate Strategy	Supervisor/Lead	Supervisor/Lead - Corporate Strategy	85989.90	4	4.45	21	Female	Two or More	2022-03-03	NULL	1.00	4.00	1.00	0	1.196	34395.9600	3+ Years (Tenured)	1
1398	Corporate Strategy	Supervisor/Lead	Supervisor/Lead - Corporate Strategy	83372.45	5	1.72	47	Female	Two or More	2024-11-26	NULL	3.00	4.00	1.00	0	1.160	33348.9800	1-3 Years (Mid-Tenure)	1
1600	Corporate Strategy	Supervisor/Lead	Supervisor/Lead - Corporate Strategy	77779.42	4	2.41	30	NULL	Hispanic	2024-03-17	NULL	9.99	6.00	7.00	0	1.082	31111.7680	1-3 Years (Mid-Tenure)	0
4448	Corporate Strategy	Supervisor/Lead	Supervisor/Lead - Corporate Strategy	74956.06	4	4.22	28	Non-Binary	African American	2022-05-27	NULL	9.00	6.00	5.00	0	1.043	29982.4240	3+ Years (Tenured)	0
1462	Corporate Strategy	Supervisor/Lead	Supervisor/Lead - Corporate Strategy	86882.89	4	1.72	42	Female	Two or More	2024-11-27	NULL	9.99	6.00	8.00	0	1.209	34753.1560	1-3 Years (Mid-Tenure)	0
4343	Corporate Strategy	Supervisor/Lead	Supervisor/Lead - Corporate Strategy	62920.79	5	0.80	25	Female	Two or More	2025-10-26	NULL	6.00	9.00	7.00	0	0.875	25168.3160	0-1 Year (Onboarding)	0
41	Corporate Strategy	Supervisor/Lead	Supervisor/Lead - Corporate Strategy	81765.55	3	1.53	39	Other	Asian	2025-02-03	NULL	5.00	4.00	3.00	0	1.138	32706.2200	1-3 Years (Mid-Tenure)	0
2390	Corporate Strategy	Supervisor/Lead	Supervisor/Lead - Corporate Strategy	64236.09	3	2.63	36	Other	African American	2023-12-29	NULL	6.00	9.99	NULL	0	0.894	25694.4360	1-3 Years (Mid-Tenure)	0
2151	Corporate Strategy	Supervisor/Lead	Supervisor/Lead - Corporate Strategy	58432.85	4	1.76	30	Male	Hispanic	2024-11-12	NULL	4.00	1.00	5.00	0	0.813	23373.1400	1-3 Years (Mid-Tenure)	1
3113	Corporate Strategy	Supervisor/Lead	Supervisor/Lead - Corporate Strategy	79478.10	4	0.23	38	Female	Asian	2026-03-29	2026-06-20	NULL	NULL	NULL	1	1.106	31791.2400	0-1 Year (Onboarding)	0
1921	Corporate Strategy	Supervisor/Lead	Supervisor/Lead - Corporate Strategy	58639.66	2	1.00	47	Non-Binary	Caucasian	2025-07-06	2026-07-07	2.00	NULL	1.00	1	0.816	23455.8640	1-3 Years (Mid-Tenure)	0
1953	Corporate Strategy	Supervisor/Lead	Supervisor/Lead - Corporate Strategy	55666.40	4	1.88	29	Male	Hispanic	2024-09-26	NULL	9.99	3.00	2.00	0	0.774	22266.5600	1-3 Years (Mid-Tenure)	0
2911	Corporate Strategy	Supervisor/Lead	Supervisor/Lead - Corporate Strategy	58581.12	3	0.17	33	Other	African American	2026-06-14	NULL	2.00	2.00	3.00	0	0.815	23432.4480	0-1 Year (Onboarding)	0
2717	Corporate Strategy	Supervisor/Lead	Supervisor/Lead - Corporate Strategy	79353.14	4	0.91	30	Other	African American	2025-09-16	NULL	7.00	8.00	7.00	0	1.104	31741.2560	0-1 Year (Onboarding)	0
3597	Corporate Strategy	Supervisor/Lead	Supervisor/Lead - Corporate Strategy	85196.66	1	2.61	36	Female	Asian	2024-01-05	NULL	9.00	7.00	6.00	0	1.185	34078.6640	1-3 Years (Mid-Tenure)	0
3724	Corporate Strategy	Supervisor/Lead	Supervisor/Lead - Corporate Strategy	69151.32	4	0.92	50	Non-Binary	Two or More	2025-09-12	NULL	4.00	1.00	NULL	0	0.962	27660.5280	0-1 Year (Onboarding)	1
2175	Corporate Strategy	Supervisor/Lead	Supervisor/Lead - Corporate Strategy	85159.74	3	3.81	55	Male	Hispanic	2022-10-26	NULL	6.00	4.00	9.00	0	1.185	34063.8960	3+ Years (Tenured)	0
3702	Corporate Strategy	Supervisor/Lead	Supervisor/Lead - Corporate Strategy	81222.36	5	0.50	49	Non-Binary	Hispanic	2026-02-13	NULL	6.00	8.00	1.00	0	1.130	32488.9440	0-1 Year (Onboarding)	0
3961	Corporate Strategy	Supervisor/Lead	Supervisor/Lead - Corporate Strategy	62426.52	5	2.78	50	Non-Binary	NULL	2023-11-06	NULL	2.00	1.00	3.00	0	0.868	24970.6080	1-3 Years (Mid-Tenure)	1
2072	Corporate Strategy	Supervisor/Lead	Supervisor/Lead - Corporate Strategy	67636.72	2	1.87	49	NULL	Two or More	2023-11-30	2025-10-13	6.00	7.00	NULL	1	0.941	27054.6880	1-3 Years (Mid-Tenure)	0
4255	Internal Communications	Assistant Manager	Assistant Manager - Internal Communications	85261.88	2	4.32	35	Other	African American	2022-04-20	NULL	2.00	1.00	1.00	0	0.999	34104.7520	3+ Years (Tenured)	0
2008	Internal Communications	Assistant Manager	Assistant Manager - Internal Communications	93607.11	2	0.20	33	Non-Binary	African American	2026-03-20	2026-05-31	NULL	NULL	NULL	1	1.097	37442.8440	0-1 Year (Onboarding)	0
4316	Internal Communications	Assistant Manager	Assistant Manager - Internal Communications	61518.07	2	3.36	51	Male	Two or More	2023-04-06	NULL	9.00	3.00	6.00	0	0.721	24607.2280	3+ Years (Tenured)	0
2600	Internal Communications	Assistant Manager	Assistant Manager - Internal Communications	90828.12	3	1.83	33	Female	Two or More	2024-10-15	NULL	7.00	8.00	3.00	0	1.065	36331.2480	1-3 Years (Mid-Tenure)	0
1224	Internal Communications	Assistant Manager	Assistant Manager - Internal Communications	99554.54	1	1.42	29	Other	Asian	2025-03-15	NULL	6.00	7.00	7.00	0	1.167	39821.8160	1-3 Years (Mid-Tenure)	0
3436	Internal Communications	Assistant Manager	Assistant Manager - Internal Communications	70183.87	2	3.32	35	Male	African American	2022-04-03	2025-07-27	7.00	4.00	5.00	1	0.823	28073.5480	3+ Years (Tenured)	0
2126	Internal Communications	Assistant Manager	Assistant Manager - Internal Communications	92607.68	3	1.79	21	Other	Hispanic	2024-11-01	NULL	6.00	7.00	5.00	0	1.086	37043.0720	1-3 Years (Mid-Tenure)	0
2158	Internal Communications	Assistant Manager	Assistant Manager - Internal Communications	66766.36	5	4.21	23	Non-Binary	Hispanic	2022-06-02	NULL	3.00	2.00	3.00	0	0.783	26706.5440	3+ Years (Tenured)	1
3124	Internal Communications	Assistant Manager	Assistant Manager - Internal Communications	89804.54	3	2.42	24	Male	Asian	2024-03-15	NULL	4.00	NULL	5.00	0	1.053	35921.8160	1-3 Years (Mid-Tenure)	0
4128	Internal Communications	Assistant Manager	Assistant Manager - Internal Communications	97695.50	3	0.80	35	Female	Two or More	2025-10-28	NULL	2.00	7.00	9.00	0	1.145	39078.2000	0-1 Year (Onboarding)	0
128	Internal Communications	Assistant Manager	Assistant Manager - Internal Communications	83253.46	3	4.72	41	Other	Asian	2021-11-28	NULL	3.00	2.00	3.00	0	0.976	33301.3840	3+ Years (Tenured)	0
575	Internal Communications	Assistant Manager	Assistant Manager - Internal Communications	80126.89	1	3.70	45	Female	Asian	2022-12-03	NULL	6.00	9.00	9.00	0	0.939	32050.7560	3+ Years (Tenured)	0
1157	Internal Communications	Assistant Manager	Assistant Manager - Internal Communications	97851.75	2	0.90	35	Male	Two or More	2025-09-21	NULL	NULL	NULL	NULL	0	1.147	39140.7000	0-1 Year (Onboarding)	0
4229	Internal Communications	Associate	Associate - Internal Communications	62592.37	3	3.64	35	Other	Two or More	2022-12-24	NULL	7.00	9.99	4.00	0	1.083	25036.9480	3+ Years (Tenured)	0
2508	Internal Communications	Associate	Associate - Internal Communications	45071.78	2	1.36	30	Female	Caucasian	2021-08-22	2023-01-01	NULL	NULL	NULL	1	0.780	18028.7120	1-3 Years (Mid-Tenure)	0
2538	Internal Communications	Associate	Associate - Internal Communications	45293.06	5	1.85	43	Female	African American	2024-10-09	NULL	6.00	7.00	2.00	0	0.784	18117.2240	1-3 Years (Mid-Tenure)	0
49	Internal Communications	Associate	Associate - Internal Communications	46678.15	3	0.48	46	Female	Hispanic	2024-08-14	2025-02-04	7.00	4.00	4.00	1	0.808	18671.2600	0-1 Year (Onboarding)	0
723	Internal Communications	Associate	Associate - Internal Communications	52652.42	1	1.40	27	Female	Asian	2024-06-27	2025-11-21	6.00	3.00	1.00	1	0.911	21060.9680	1-3 Years (Mid-Tenure)	0
2460	Internal Communications	Associate	Associate - Internal Communications	70492.09	5	0.97	39	Male	Caucasian	2025-03-03	2026-02-20	1.00	2.00	1.00	1	1.220	28196.8360	0-1 Year (Onboarding)	1
4237	Internal Communications	Associate	Associate - Internal Communications	60383.24	2	1.68	47	Male	African American	2022-10-13	2024-06-19	5.00	3.00	4.00	1	1.045	24153.2960	1-3 Years (Mid-Tenure)	0
3584	Internal Communications	Associate	Associate - Internal Communications	61207.87	5	3.04	47	Other	Caucasian	2023-08-03	NULL	7.00	8.00	3.00	0	1.059	24483.1480	3+ Years (Tenured)	0
3558	Internal Communications	Associate	Associate - Internal Communications	64712.38	4	3.42	39	Other	Two or More	2023-03-17	NULL	5.00	7.00	5.00	0	1.120	25884.9520	3+ Years (Tenured)	0
2563	Internal Communications	Associate	Associate - Internal Communications	63537.29	5	2.62	33	Non-Binary	Caucasian	2023-12-31	NULL	5.00	5.00	7.00	0	1.100	25414.9160	1-3 Years (Mid-Tenure)	0
3553	Internal Communications	Associate	Associate - Internal Communications	60028.11	3	2.26	46	Male	Two or More	2024-05-11	NULL	7.00	2.00	3.00	0	1.039	24011.2440	1-3 Years (Mid-Tenure)	0
191	Internal Communications	Associate	Associate - Internal Communications	73860.64	2	4.86	23	Other	African American	2021-10-07	NULL	8.00	7.00	NULL	0	1.278	29544.2560	3+ Years (Tenured)	0
1196	Internal Communications	Associate	Associate - Internal Communications	58576.29	4	1.60	54	Other	Two or More	2025-01-07	NULL	6.00	7.00	2.00	0	1.014	23430.5160	1-3 Years (Mid-Tenure)	0
3518	Internal Communications	Associate	Associate - Internal Communications	64445.58	2	0.57	33	Female	Hispanic	2025-11-20	2026-06-16	1.00	2.00	5.00	1	1.115	25778.2320	0-1 Year (Onboarding)	0
2629	Internal Communications	Associate	Associate - Internal Communications	64664.40	3	2.23	49	Female	Caucasian	2024-05-23	NULL	8.00	8.00	4.00	0	1.119	25865.7600	1-3 Years (Mid-Tenure)	0
2640	Internal Communications	Associate	Associate - Internal Communications	55936.50	3	2.20	32	Female	Caucasian	2024-06-02	NULL	9.99	4.00	7.00	0	0.968	22374.6000	1-3 Years (Mid-Tenure)	0
4270	Internal Communications	Associate	Associate - Internal Communications	48407.87	2	1.39	34	Female	Caucasian	2022-06-23	2023-11-14	NULL	NULL	NULL	1	0.838	19363.1480	1-3 Years (Mid-Tenure)	0
3507	Internal Communications	Associate	Associate - Internal Communications	62608.11	4	0.92	25	Non-Binary	Two or More	2025-09-13	NULL	9.99	5.00	7.00	0	1.084	25043.2440	0-1 Year (Onboarding)	0
2643	Internal Communications	Associate	Associate - Internal Communications	62127.58	3	4.54	52	Female	African American	2022-01-31	NULL	8.00	8.00	3.00	0	1.075	24851.0320	3+ Years (Tenured)	0
3495	Internal Communications	Associate	Associate - Internal Communications	53364.13	4	4.28	36	Male	Asian	2022-05-07	NULL	3.00	3.00	5.00	0	0.924	21345.6520	3+ Years (Tenured)	1
2668	Internal Communications	Associate	Associate - Internal Communications	49529.72	3	1.53	41	Male	Caucasian	2025-02-03	NULL	2.00	1.00	5.00	0	0.857	19811.8880	1-3 Years (Mid-Tenure)	0
3465	Internal Communications	Associate	Associate - Internal Communications	64866.56	2	0.08	39	Other	Two or More	2026-07-15	NULL	NULL	NULL	NULL	0	1.123	25946.6240	0-1 Year (Onboarding)	0
2332	Internal Communications	Associate	Associate - Internal Communications	62925.02	2	0.42	49	Non-Binary	Hispanic	2026-03-16	NULL	5.00	6.00	6.00	0	1.089	25170.0080	0-1 Year (Onboarding)	0
2391	Internal Communications	Associate	Associate - Internal Communications	60178.86	3	0.24	56	Male	Two or More	2026-05-18	NULL	NULL	NULL	NULL	0	1.042	24071.5440	0-1 Year (Onboarding)	0
1368	Internal Communications	Associate	Associate - Internal Communications	50229.81	3	4.81	40	Other	Caucasian	2021-10-23	NULL	6.00	NULL	4.00	0	0.869	20091.9240	3+ Years (Tenured)	0
1370	Internal Communications	Associate	Associate - Internal Communications	72006.83	5	5.10	47	Male	Asian	2021-07-12	NULL	1.00	5.00	NULL	0	1.246	28802.7320	3+ Years (Tenured)	1
690	Internal Communications	Associate	Associate - Internal Communications	67468.47	4	0.45	33	Male	African American	2026-03-04	NULL	9.99	9.99	8.00	0	1.168	26987.3880	0-1 Year (Onboarding)	0
2379	Internal Communications	Associate	Associate - Internal Communications	56373.74	5	4.61	45	Non-Binary	Asian	2022-01-05	NULL	9.00	2.00	5.00	0	0.976	22549.4960	3+ Years (Tenured)	0
685	Internal Communications	Associate	Associate - Internal Communications	49217.76	3	4.08	56	Non-Binary	Hispanic	2022-07-19	NULL	9.00	8.00	5.00	0	0.852	19687.1040	3+ Years (Tenured)	0
2358	Internal Communications	Associate	Associate - Internal Communications	57386.07	4	1.50	41	Other	Hispanic	2025-02-12	NULL	7.00	5.00	4.00	0	0.993	22954.4280	1-3 Years (Mid-Tenure)	0
2339	Internal Communications	Associate	Associate - Internal Communications	51503.61	1	1.51	42	Male	African American	2025-02-11	NULL	6.00	9.99	6.00	0	0.891	20601.4440	1-3 Years (Mid-Tenure)	0
4180	Internal Communications	Associate	Associate - Internal Communications	62744.23	3	2.94	23	Other	Hispanic	2023-09-06	NULL	7.00	4.00	4.00	0	1.086	25097.6920	1-3 Years (Mid-Tenure)	0
2324	Internal Communications	Associate	Associate - Internal Communications	48881.73	4	4.58	35	Male	Two or More	2022-01-16	NULL	9.99	9.00	9.00	0	0.846	19552.6920	3+ Years (Tenured)	0
1406	Internal Communications	Associate	Associate - Internal Communications	52203.21	1	3.17	41	Other	Hispanic	2022-02-03	2025-04-04	1.00	1.00	1.00	1	0.904	20881.2840	3+ Years (Tenured)	0
166	Internal Communications	Associate	Associate - Internal Communications	47039.90	5	0.18	55	Other	Asian	2026-06-11	NULL	4.00	4.00	7.00	0	0.814	18815.9600	0-1 Year (Onboarding)	1
1434	Internal Communications	Associate	Associate - Internal Communications	72262.60	4	4.62	61	Non-Binary	Two or More	2022-01-01	NULL	5.00	7.00	4.00	0	1.251	28905.0400	3+ Years (Tenured)	0
1444	Internal Communications	Associate	Associate - Internal Communications	62357.68	3	0.96	44	Female	African American	2025-08-31	NULL	7.00	9.00	7.00	0	1.079	24943.0720	0-1 Year (Onboarding)	0
3704	Internal Communications	Associate	Associate - Internal Communications	42188.84	2	5.10	21	Other	Caucasian	2021-07-10	NULL	6.00	7.00	2.00	0	0.730	16875.5360	3+ Years (Tenured)	0
1458	Internal Communications	Associate	Associate - Internal Communications	42862.34	5	3.88	49	Male	Caucasian	2022-09-29	NULL	8.00	9.00	8.00	0	0.742	17144.9360	3+ Years (Tenured)	0
1799	Internal Communications	Associate	Associate - Internal Communications	59979.58	1	0.44	38	Male	Asian	2026-03-07	NULL	4.00	5.00	1.00	0	1.038	23991.8320	0-1 Year (Onboarding)	0
4200	Internal Communications	Associate	Associate - Internal Communications	74564.37	3	0.52	39	Female	Hispanic	2026-02-07	NULL	NULL	NULL	NULL	0	1.291	29825.7480	0-1 Year (Onboarding)	0
181	Internal Communications	Associate	Associate - Internal Communications	60963.98	3	0.10	39	Non-Binary	Two or More	2026-07-10	NULL	NULL	NULL	NULL	0	1.055	24385.5920	0-1 Year (Onboarding)	0
1270	Internal Communications	Associate	Associate - Internal Communications	71628.58	2	2.57	24	Male	African American	2024-01-20	NULL	7.00	8.00	2.00	0	1.240	28651.4320	1-3 Years (Mid-Tenure)	0
2284	Internal Communications	Associate	Associate - Internal Communications	51892.87	3	2.19	43	Female	Asian	2024-06-05	NULL	1.00	1.00	5.00	0	0.898	20757.1480	1-3 Years (Mid-Tenure)	0
2458	Internal Communications	Associate	Associate - Internal Communications	40772.79	4	4.69	39	Male	Caucasian	2021-12-08	NULL	8.00	9.99	NULL	0	0.706	16309.1160	3+ Years (Tenured)	0
1274	Internal Communications	Associate	Associate - Internal Communications	70313.05	3	3.32	45	Non-Binary	Asian	2023-04-21	NULL	6.00	4.00	3.00	0	1.217	28125.2200	3+ Years (Tenured)	0
4205	Internal Communications	Associate	Associate - Internal Communications	67526.61	1	2.47	35	Female	African American	2024-02-27	NULL	9.00	5.00	5.00	0	1.169	27010.6440	1-3 Years (Mid-Tenure)	0
1285	Internal Communications	Associate	Associate - Internal Communications	67162.48	2	4.70	34	Other	African American	2021-12-02	NULL	7.00	7.00	8.00	0	1.162	26864.9920	3+ Years (Tenured)	0
2445	Internal Communications	Associate	Associate - Internal Communications	69307.77	3	0.17	28	Other	Hispanic	2026-06-15	NULL	6.00	9.00	5.00	0	1.200	27723.1080	0-1 Year (Onboarding)	0
4222	Internal Communications	Associate	Associate - Internal Communications	69563.64	3	5.02	38	Other	Hispanic	2021-08-07	NULL	4.00	9.00	3.00	0	1.204	27825.4560	3+ Years (Tenured)	0
1321	Internal Communications	Associate	Associate - Internal Communications	58314.42	2	4.65	44	Male	Hispanic	2021-12-23	NULL	4.00	1.00	3.00	0	1.009	23325.7680	3+ Years (Tenured)	0
3624	Internal Communications	Associate	Associate - Internal Communications	65492.83	5	1.02	33	Non-Binary	African American	2025-08-08	NULL	7.00	3.00	1.00	0	1.134	26197.1320	1-3 Years (Mid-Tenure)	0
53	Internal Communications	Associate	Associate - Internal Communications	43756.99	2	0.69	39	Non-Binary	Caucasian	2025-12-06	NULL	7.00	3.00	2.00	0	0.757	17502.7960	0-1 Year (Onboarding)	0
4192	Internal Communications	Associate	associate - internal communications	42121.55	3	0.25	30	Other	Hispanic	2023-01-03	2023-04-03	NULL	NULL	NULL	1	0.729	16848.6200	0-1 Year (Onboarding)	0
1326	Internal Communications	Associate	Associate - Internal Communications	56735.52	2	0.18	38	Female	Asian	2025-12-08	2026-02-10	NULL	NULL	NULL	1	0.982	22694.2080	0-1 Year (Onboarding)	0
433	Internal Communications	Associate	Associate - Internal Communications	65271.12	3	4.59	22	Other	African American	2022-01-12	NULL	6.00	3.00	3.00	0	1.130	26108.4480	3+ Years (Tenured)	0
3645	Internal Communications	Associate	Associate - Internal Communications	65537.62	1	2.02	46	Male	Hispanic	2024-08-09	NULL	5.00	7.00	5.00	0	1.134	26215.0480	1-3 Years (Mid-Tenure)	0
4393	Internal Communications	Associate	Associate - Internal Communications	51724.90	3	2.66	26	Other	Two or More	2023-12-17	NULL	9.99	8.00	9.00	0	0.895	20689.9600	1-3 Years (Mid-Tenure)	0
4417	Internal Communications	Associate	Associate - Internal Communications	56727.01	5	4.70	39	Non-Binary	Caucasian	2021-12-02	NULL	7.00	5.00	9.99	0	0.982	22690.8040	3+ Years (Tenured)	0
883	Internal Communications	Associate	Associate - Internal Communications	68748.13	1	2.74	32	Male	Caucasian	2023-11-19	NULL	6.00	7.00	4.00	0	1.190	27499.2520	1-3 Years (Mid-Tenure)	0
3077	Internal Communications	Associate	Associate - Internal Communications	56531.04	3	1.85	33	Male	Caucasian	2022-09-11	2024-07-16	6.00	6.00	3.00	1	0.978	22612.4160	1-3 Years (Mid-Tenure)	0
4411	Internal Communications	Associate	Associate - Internal Communications	42683.52	5	4.61	55	Male	Caucasian	2022-01-04	NULL	5.00	1.00	6.00	0	0.739	17073.4080	3+ Years (Tenured)	0
891	Internal Communications	Associate	Associate - Internal Communications	61721.40	4	0.19	38	Female	Asian	2026-06-06	NULL	5.00	1.00	1.00	0	1.068	24688.5600	0-1 Year (Onboarding)	0
3280	Internal Communications	Associate	Associate - Internal Communications	50149.26	3	5.04	39	Male	Hispanic	2021-07-31	NULL	1.00	NULL	1.00	0	0.868	20059.7040	3+ Years (Tenured)	0
3057	Internal Communications	Associate	Associate - Internal Communications	67839.80	1	1.04	39	Other	Asian	2025-07-31	NULL	8.00	3.00	6.00	0	1.174	27135.9200	1-3 Years (Mid-Tenure)	0
3046	Internal Communications	Associate	Associate - Internal Communications	49797.08	2	1.14	61	Male	Caucasian	2024-06-20	2025-08-10	9.00	NULL	5.00	1	0.862	19918.8320	1-3 Years (Mid-Tenure)	0
3270	Internal Communications	Associate	Associate - Internal Communications	61723.25	1	4.69	46	Non-Binary	Asian	2021-12-08	NULL	2.00	6.00	3.00	0	1.068	24689.3000	3+ Years (Tenured)	0
922	Internal Communications	Associate	Associate - Internal Communications	71049.76	2	0.80	28	Male	Asian	2025-10-26	NULL	9.99	8.00	9.99	0	1.230	28419.9040	0-1 Year (Onboarding)	0
244	Internal Communications	Associate	Associate - Internal Communications	68787.95	4	2.15	48	Female	Two or More	2024-06-21	NULL	4.00	2.00	5.00	0	1.191	27515.1800	1-3 Years (Mid-Tenure)	1
3011	Internal Communications	Associate	Associate - Internal Communications	45897.48	5	3.36	36	Female	Caucasian	2023-04-08	NULL	7.00	4.00	3.00	0	0.794	18358.9920	3+ Years (Tenured)	0
3001	Internal Communications	Associate	Associate - Internal Communications	59367.70	3	1.06	23	Other	Two or More	2025-07-24	NULL	6.00	7.00	7.00	0	1.028	23747.0800	1-3 Years (Mid-Tenure)	0
3317	Internal Communications	Associate	Associate - Internal Communications	45558.22	3	4.28	38	Non-Binary	Caucasian	2022-05-07	NULL	7.00	7.00	5.00	0	0.788	18223.2880	3+ Years (Tenured)	0
985	Internal Communications	Associate	Associate - Internal Communications	68425.92	4	0.42	36	Non-Binary	Asian	2026-03-13	NULL	5.00	7.00	2.00	0	1.184	27370.3680	0-1 Year (Onboarding)	0
2958	Internal Communications	Associate	Associate - Internal Communications	63692.48	4	4.81	44	NULL	Asian	2021-10-24	NULL	5.00	5.00	8.00	0	1.102	25476.9920	3+ Years (Tenured)	0
2951	Internal Communications	Associate	Associate - Internal Communications	57151.45	4	4.26	29	Non-Binary	Caucasian	2022-05-13	NULL	3.00	8.00	8.00	0	0.989	22860.5800	3+ Years (Tenured)	1
3237	Internal Communications	Associate	Associate - Internal Communications	55616.46	3	1.36	28	Other	Caucasian	2025-04-06	NULL	8.00	8.00	9.99	0	0.963	22246.5840	1-3 Years (Mid-Tenure)	0
3200	Internal Communications	Associate	Associate - Internal Communications	71551.99	3	4.05	34	Female	Caucasian	2022-07-30	NULL	6.00	3.00	1.00	0	1.238	28620.7960	3+ Years (Tenured)	0
3193	Internal Communications	Associate	Associate - Internal Communications	51724.57	4	2.25	31	Male	Two or More	2024-05-15	NULL	6.00	7.00	4.00	0	0.895	20689.8280	1-3 Years (Mid-Tenure)	0
827	Internal Communications	Associate	Associate - Internal Communications	41275.24	4	3.94	55	Male	African American	2022-09-07	NULL	7.00	4.00	8.00	0	0.714	16510.0960	3+ Years (Tenured)	0
3217	Internal Communications	Associate	Associate - Internal Communications	51013.40	2	4.12	34	Female	Caucasian	2022-07-02	NULL	5.00	2.00	7.00	0	0.883	20405.3600	3+ Years (Tenured)	0
828	Internal Communications	Associate	Associate - Internal Communications	56092.22	2	4.06	44	Male	African American	2022-07-26	NULL	5.00	8.00	5.00	0	0.971	22436.8880	3+ Years (Tenured)	0
270	Internal Communications	Associate	Associate - Internal Communications	70715.82	4	1.43	40	Female	Hispanic	2025-03-10	NULL	7.00	4.00	6.00	0	1.224	28286.3280	1-3 Years (Mid-Tenure)	0
4443	Internal Communications	Associate	Associate - Internal Communications	57014.78	4	3.36	40	Female	Hispanic	2023-04-06	NULL	3.00	1.00	5.00	0	0.987	22805.9120	3+ Years (Tenured)	1
3154	Internal Communications	Associate	Associate - Internal Communications	48198.96	2	4.25	51	Female	Asian	2022-05-16	NULL	5.00	2.00	7.00	0	0.834	19279.5840	3+ Years (Tenured)	0
330	Internal Communications	Associate	Associate - Internal Communications	61914.97	4	2.52	41	Male	Asian	2023-03-20	2025-09-25	1.00	3.00	4.00	1	1.072	24765.9880	1-3 Years (Mid-Tenure)	1
3244	Internal Communications	Associate	Associate - Internal Communications	58438.54	3	0.21	46	Male	NULL	2025-11-27	2026-02-12	NULL	NULL	NULL	1	1.011	23375.4160	0-1 Year (Onboarding)	0
3245	Internal Communications	Associate	Associate - Internal Communications	55770.44	3	1.12	27	Non-Binary	African American	2025-07-03	NULL	3.00	1.00	3.00	0	0.965	22308.1760	1-3 Years (Mid-Tenure)	0
3137	Internal Communications	Associate	Associate - Internal Communications	70346.78	5	3.11	40	Female	Two or More	2023-07-08	NULL	2.00	5.00	2.00	0	1.218	28138.7120	3+ Years (Tenured)	1
3128	Internal Communications	Associate	Associate - Internal Communications	55971.77	5	4.71	34	Other	Hispanic	2021-11-30	NULL	4.00	6.00	3.00	0	0.969	22388.7080	3+ Years (Tenured)	1
876	Internal Communications	Associate	Associate - Internal Communications	69707.95	3	0.55	53	Male	Caucasian	2025-08-26	2026-03-14	4.00	1.00	NULL	1	1.206	27883.1800	0-1 Year (Onboarding)	0
7	Internal Communications	Associate	Associate - Internal Communications	73433.69	5	4.46	35	Female	Caucasian	2022-02-28	NULL	7.00	3.00	9.00	0	1.271	29373.4760	3+ Years (Tenured)	0
3085	Internal Communications	Associate	Associate - Internal Communications	43311.25	5	4.76	45	Female	African American	2021-11-12	NULL	6.00	4.00	7.00	0	0.750	17324.5000	3+ Years (Tenured)	0
2743	Internal Communications	Associate	Associate - Internal Communications	47626.82	5	1.15	43	Male	NULL	2025-06-23	NULL	2.00	4.00	6.00	0	0.824	19050.7280	1-3 Years (Mid-Tenure)	1
2806	Internal Communications	Associate	Associate - Internal Communications	55664.79	3	1.61	41	Non-Binary	Asian	2025-01-06	NULL	6.00	4.00	5.00	0	0.963	22265.9160	1-3 Years (Mid-Tenure)	0
2792	Internal Communications	Associate	Associate - Internal Communications	69824.81	3	0.43	40	Non-Binary	Hispanic	2026-03-12	NULL	7.00	6.00	8.00	0	1.208	27929.9240	0-1 Year (Onboarding)	0
760	Internal Communications	Associate	Associate - Internal Communications	44298.61	2	4.21	41	Non-Binary	African American	2022-06-02	NULL	3.00	3.00	2.00	0	0.767	17719.4440	3+ Years (Tenured)	0
4319	Internal Communications	Associate	Associate - Internal Communications	59712.26	3	0.18	36	Male	African American	2026-06-10	NULL	8.00	7.00	9.00	0	1.033	23884.9040	0-1 Year (Onboarding)	0
2776	Internal Communications	Associate	Associate - Internal Communications	73838.34	4	2.80	31	Male	Hispanic	2023-10-27	NULL	5.00	7.00	7.00	0	1.278	29535.3360	1-3 Years (Mid-Tenure)	0
4313	Internal Communications	Associate	Associate - Internal Communications	52157.74	1	0.95	25	Female	Asian	2025-09-02	NULL	8.00	9.00	6.00	0	0.903	20863.0960	0-1 Year (Onboarding)	0
2754	Internal Communications	Associate	Associate - Internal Communications	70325.27	4	0.11	34	Male	African American	2026-07-06	NULL	NULL	NULL	NULL	0	1.217	28130.1080	0-1 Year (Onboarding)	0
1095	Internal Communications	Associate	Associate - Internal Communications	71182.84	4	3.24	48	Male	Asian	2023-05-19	NULL	8.00	5.00	9.99	0	1.232	28473.1360	3+ Years (Tenured)	0
3409	Internal Communications	Associate	Associate - Internal Communications	57527.46	5	2.44	35	Other	Asian	2024-03-07	NULL	7.00	6.00	7.00	0	0.996	23010.9840	1-3 Years (Mid-Tenure)	0
376	Internal Communications	Associate	Associate - Internal Communications	63394.11	3	2.15	40	Non-Binary	Caucasian	2024-06-22	NULL	4.00	4.00	5.00	0	1.097	25357.6440	1-3 Years (Mid-Tenure)	0
379	Internal Communications	Associate	Associate - Internal Communications	69055.84	5	3.56	34	Other	Hispanic	2023-01-25	NULL	9.99	9.00	4.00	0	1.195	27622.3360	3+ Years (Tenured)	0
744	Internal Communications	Associate	Associate - Internal Communications	43369.80	4	3.40	28	Non-Binary	Hispanic	2023-03-22	NULL	9.00	5.00	8.00	0	0.751	17347.9200	3+ Years (Tenured)	0
4294	Internal Communications	Associate	Associate - Internal Communications	47397.99	3	0.30	31	Non-Binary	Asian	2026-04-27	NULL	4.00	1.00	9.99	0	0.820	18959.1960	0-1 Year (Onboarding)	0
2715	Internal Communications	Associate	Associate - Internal Communications	72568.40	2	1.08	47	Female	NULL	2025-07-18	NULL	7.00	5.00	9.00	0	1.256	29027.3600	1-3 Years (Mid-Tenure)	0
2710	Internal Communications	Associate	Associate - Internal Communications	67348.55	5	4.41	29	Other	Caucasian	2022-03-18	NULL	8.00	5.00	8.00	0	1.166	26939.4200	3+ Years (Tenured)	0
4289	Internal Communications	Associate	Associate - Internal Communications	66107.84	4	4.59	37	Other	Caucasian	2022-01-12	NULL	9.99	6.00	7.00	0	1.144	26443.1360	3+ Years (Tenured)	0
3382	Internal Communications	Associate	Associate - Internal Communications	70860.39	3	0.58	52	Female	Asian	2026-01-16	NULL	7.00	6.00	4.00	0	1.226	28344.1560	0-1 Year (Onboarding)	0
1007	Internal Communications	Associate	Associate - Internal Communications	64707.13	3	4.49	40	Non-Binary	Caucasian	2022-02-18	NULL	8.00	5.00	3.00	0	1.120	25882.8520	3+ Years (Tenured)	0
3352	Internal Communications	Associate	Associate - Internal Communications	54888.31	5	2.10	36	Non-Binary	African American	2024-07-11	NULL	8.00	9.00	9.99	0	0.950	21955.3240	1-3 Years (Mid-Tenure)	0
1015	Internal Communications	Associate	Associate - Internal Communications	41555.08	3	0.65	30	Other	African American	2025-12-21	NULL	5.00	4.00	6.00	0	0.719	16622.0320	0-1 Year (Onboarding)	0
1024	Internal Communications	Associate	Associate - Internal Communications	63359.16	4	0.44	27	Other	African American	2026-03-06	NULL	5.00	6.00	3.00	0	1.097	25343.6640	0-1 Year (Onboarding)	0
2880	Internal Communications	Associate	Associate - Internal Communications	60149.16	3	3.00	44	Other	African American	2023-08-17	NULL	5.00	1.00	1.00	0	1.041	24059.6640	1-3 Years (Mid-Tenure)	0
2879	Internal Communications	Associate	Associate - Internal Communications	57405.28	4	1.16	46	Female	African American	2025-06-18	NULL	9.00	6.00	5.00	0	0.994	22962.1120	1-3 Years (Mid-Tenure)	0
3379	Internal Communications	Associate	Associate - Internal Communications	44216.35	2	3.31	33	Non-Binary	Asian	2023-04-24	NULL	6.00	7.00	7.00	0	0.765	17686.5400	3+ Years (Tenured)	0
2868	Internal Communications	Associate	Associate - Internal Communications	49281.64	3	4.02	22	Other	African American	2022-08-08	NULL	4.00	6.00	6.00	0	0.853	19712.6560	3+ Years (Tenured)	0
39	Internal Communications	Associate	Associate - Internal Communications	65841.46	3	3.68	36	Male	Hispanic	2022-12-10	NULL	3.00	5.00	9.00	0	1.140	26336.5840	3+ Years (Tenured)	0
2859	Internal Communications	Associate	Associate - Internal Communications	53105.32	3	0.63	38	Male	African American	2025-12-27	NULL	8.00	8.00	9.00	0	0.919	21242.1280	0-1 Year (Onboarding)	0
2851	Internal Communications	Associate	Associate - Internal Communications	69920.08	3	3.06	53	Non-Binary	Asian	2021-12-19	2025-01-08	7.00	8.00	NULL	1	1.210	27968.0320	3+ Years (Tenured)	0
3396	Internal Communications	Associate	Associate - Internal Communications	54912.96	3	0.58	35	Other	Hispanic	2026-01-14	NULL	1.00	6.00	4.00	0	0.950	21965.1840	0-1 Year (Onboarding)	0
1042	Internal Communications	Associate	Associate - Internal Communications	74323.27	2	2.62	36	Female	NULL	2024-01-03	NULL	4.00	1.00	1.00	0	1.286	29729.3080	1-3 Years (Mid-Tenure)	0
3403	Internal Communications	Associate	Associate - Internal Communications	42136.42	3	4.19	29	Non-Binary	Two or More	2022-06-09	NULL	7.00	8.00	7.00	0	0.729	16854.5680	3+ Years (Tenured)	0
2817	Internal Communications	Associate	Associate - Internal Communications	74363.70	3	2.42	40	Male	Asian	2024-03-16	NULL	4.00	5.00	1.00	0	1.287	29745.4800	1-3 Years (Mid-Tenure)	0
764	Internal Communications	Associate	Associate - Internal Communications	43473.08	2	2.76	34	Non-Binary	Caucasian	2023-11-10	NULL	4.00	2.00	3.00	0	0.752	17389.2320	1-3 Years (Mid-Tenure)	0
1978	Internal Communications	Associate	Associate - Internal Communications	58782.51	4	0.54	44	Other	Two or More	2025-03-17	2025-09-30	NULL	NULL	NULL	1	1.017	23513.0040	0-1 Year (Onboarding)	0
1893	Internal Communications	Associate	Associate - Internal Communications	62708.84	2	1.18	38	Male	Hispanic	2025-06-11	NULL	3.00	7.00	3.00	0	1.085	25083.5360	1-3 Years (Mid-Tenure)	0
1591	Internal Communications	Associate	Associate - Internal Communications	43970.57	2	3.33	28	Male	African American	2023-04-16	NULL	3.00	3.00	3.00	0	0.761	17588.2280	3+ Years (Tenured)	0
97	Internal Communications	Associate	Associate - Internal Communications	44173.75	3	3.90	29	Other	Caucasian	2022-09-23	NULL	9.00	9.00	9.00	0	0.765	17669.5000	3+ Years (Tenured)	0
151	Internal Communications	Associate	Associate - Internal Communications	50548.57	3	4.52	31	Other	NULL	2022-02-07	NULL	3.00	9.99	9.99	0	0.875	20219.4280	3+ Years (Tenured)	0
540	Internal Communications	Associate	Associate - Internal Communications	45275.93	3	4.56	40	Other	Caucasian	2022-01-22	NULL	2.00	2.00	2.00	0	0.784	18110.3720	3+ Years (Tenured)	0
1973	Internal Communications	Associate	Associate - Internal Communications	65612.31	2	0.27	44	Female	Hispanic	2026-05-07	NULL	NULL	NULL	NULL	0	1.136	26244.9240	0-1 Year (Onboarding)	0
1977	Internal Communications	Associate	Associate - Internal Communications	65033.78	1	1.58	42	Male	Caucasian	2025-01-14	NULL	8.00	5.00	7.00	0	1.126	26013.5120	1-3 Years (Mid-Tenure)	0
2070	Internal Communications	Associate	Associate - Internal Communications	59548.26	4	0.64	39	Male	Caucasian	2025-05-27	2026-01-15	NULL	NULL	NULL	0	1.031	23819.3040	0-1 Year (Onboarding)	0
2097	Internal Communications	Associate	Associate - Internal Communications	47365.29	5	2.65	43	Male	Two or More	2023-12-23	NULL	8.00	5.00	6.00	0	0.820	18946.1160	1-3 Years (Mid-Tenure)	0
2204	Internal Communications	Associate	Associate - Internal Communications	71001.87	4	4.91	43	Other	African American	2021-09-18	NULL	6.00	7.00	8.00	0	1.229	28400.7480	3+ Years (Tenured)	0
4050	Internal Communications	Associate	Associate - Internal Communications	73626.36	3	4.70	46	Non-Binary	Hispanic	2021-12-03	NULL	9.00	9.99	9.99	0	1.274	29450.5440	3+ Years (Tenured)	0
4030	Internal Communications	Associate	Associate - Internal Communications	41863.27	3	4.87	25	Non-Binary	Hispanic	2021-10-04	NULL	7.00	4.00	9.00	0	0.725	16745.3080	3+ Years (Tenured)	0
1647	Internal Communications	Associate	Associate - Internal Communications	40951.34	1	1.78	29	Other	Asian	2023-08-24	2025-06-05	5.00	3.00	3.00	1	0.709	16380.5360	1-3 Years (Mid-Tenure)	0
2227	Internal Communications	Associate	Associate - Internal Communications	50148.64	4	3.25	21	Female	African American	2023-05-18	NULL	6.00	4.00	3.00	0	0.868	20059.4560	3+ Years (Tenured)	0
4034	Internal Communications	Associate	Associate - Internal Communications	49349.45	2	1.78	44	Non-Binary	Asian	2021-07-30	2023-05-11	NULL	NULL	NULL	1	0.854	19739.7800	1-3 Years (Mid-Tenure)	0
1845	Internal Communications	Associate	Associate - Internal Communications	70194.25	4	2.72	36	Non-Binary	Hispanic	2023-11-26	NULL	6.00	7.00	7.00	0	1.215	28077.7000	1-3 Years (Mid-Tenure)	0
1739	Internal Communications	Associate	Associate - Internal Communications	49246.68	4	3.93	35	Other	Two or More	2022-09-09	NULL	3.00	1.00	4.00	0	0.852	19698.6720	3+ Years (Tenured)	1
2149	Internal Communications	Associate	Associate - Internal Communications	46544.53	3	3.76	42	Female	Caucasian	2022-11-11	NULL	1.00	1.00	3.00	0	0.806	18617.8120	3+ Years (Tenured)	0
1905	Internal Communications	Associate	Associate - Internal Communications	74880.43	2	2.22	33	Female	Asian	2024-05-26	NULL	7.00	9.99	5.00	0	1.296	29952.1720	1-3 Years (Mid-Tenure)	0
3802	Internal Communications	Associate	Associate - Internal Communications	41822.46	3	4.50	58	Non-Binary	Caucasian	2022-02-13	NULL	4.00	7.00	6.00	0	0.724	16728.9840	3+ Years (Tenured)	0
1701	Internal Communications	Associate	Associate - Internal Communications	53435.28	1	3.07	61	Other	NULL	2023-07-20	NULL	6.00	3.00	4.00	0	0.925	21374.1120	3+ Years (Tenured)	0
548	Internal Communications	Associate	Associate - Internal Communications	55973.38	5	2.53	22	Female	Two or More	2023-07-10	2026-01-19	2.00	1.00	3.00	1	0.969	22389.3520	1-3 Years (Mid-Tenure)	1
4075	Internal Communications	Associate	Associate - Internal Communications	56280.40	3	0.92	43	Other	Two or More	2025-07-16	2026-06-16	9.00	4.00	5.00	1	0.974	22512.1600	0-1 Year (Onboarding)	0
3784	Internal Communications	Associate	Associate - Internal Communications	67950.60	4	4.00	34	Other	Two or More	2022-08-17	NULL	5.00	7.00	1.00	0	1.176	27180.2400	3+ Years (Tenured)	0
104	Internal Communications	Associate	Associate - Internal Communications	70209.05	3	3.15	57	Male	Caucasian	2023-06-21	NULL	9.99	5.00	4.00	0	1.215	28083.6200	3+ Years (Tenured)	0
2116	Internal Communications	Associate	Associate - Internal Communications	45777.82	3	2.64	49	Female	African American	2023-12-26	NULL	8.00	8.00	9.99	0	0.792	18311.1280	1-3 Years (Mid-Tenure)	0
3718	Internal Communications	Associate	Associate - Internal Communications	57110.09	1	0.38	41	Female	African American	2026-03-30	NULL	5.00	8.00	8.00	0	0.988	22844.0360	0-1 Year (Onboarding)	0
491	Internal Communications	Associate	Associate - Internal Communications	50937.78	4	4.54	32	Non-Binary	Two or More	2022-01-30	NULL	4.00	4.00	NULL	0	0.882	20375.1120	3+ Years (Tenured)	1
506	Internal Communications	Associate	Associate - Internal Communications	59588.24	1	0.41	34	Male	NULL	2026-03-17	NULL	7.00	8.00	6.00	0	1.031	23835.2960	0-1 Year (Onboarding)	0
2103	Internal Communications	Associate	Associate - Internal Communications	47679.76	3	3.46	54	Female	African American	2023-02-28	NULL	6.00	7.00	9.00	0	0.825	19071.9040	3+ Years (Tenured)	0
2177	Internal Communications	Associate	Associate - Internal Communications	43382.82	3	3.91	49	Male	Hispanic	2022-09-17	NULL	6.00	5.00	9.00	0	0.751	17353.1280	3+ Years (Tenured)	0
3812	Internal Communications	Associate	Associate - Internal Communications	60737.72	2	2.50	37	Female	Two or More	2024-02-13	NULL	4.00	5.00	9.00	0	1.051	24295.0880	1-3 Years (Mid-Tenure)	0
4095	Internal Communications	Associate	Associate - Internal Communications	40998.10	3	2.08	42	Other	Asian	2024-07-17	NULL	7.00	6.00	6.00	0	0.710	16399.2400	1-3 Years (Mid-Tenure)	0
3765	Internal Communications	Associate	Associate - Internal Communications	43748.18	2	3.42	39	Female	African American	2023-03-17	NULL	8.00	5.00	7.00	0	0.757	17499.2720	3+ Years (Tenured)	0
1741	Internal Communications	Associate	Associate - Internal Communications	66134.63	5	2.32	34	Male	Two or More	2024-04-22	NULL	7.00	6.00	4.00	0	1.145	26453.8520	1-3 Years (Mid-Tenure)	0
3850	Internal Communications	Associate	Associate - Internal Communications	47391.28	2	0.41	42	Female	Asian	2026-03-20	NULL	6.00	3.00	6.00	0	0.820	18956.5120	0-1 Year (Onboarding)	0
3840	Internal Communications	Associate	Associate - Internal Communications	74248.61	3	3.85	21	Male	Caucasian	2022-10-10	NULL	8.00	5.00	9.99	0	1.285	29699.4440	3+ Years (Tenured)	0
4130	Internal Communications	Associate	Associate - Internal Communications	68351.99	4	0.62	39	Other	Two or More	2023-07-02	2024-02-13	NULL	NULL	NULL	1	1.183	27340.7960	0-1 Year (Onboarding)	0
528	Internal Communications	Associate	Associate - Internal Communications	62828.37	3	4.40	28	Male	Asian	2022-03-24	NULL	9.99	9.99	9.99	0	1.087	25131.3480	3+ Years (Tenured)	0
2246	Internal Communications	Associate	Associate - Internal Communications	53787.77	4	2.33	23	Non-Binary	NULL	2024-02-13	2026-06-13	4.00	2.00	2.00	1	0.931	21515.1080	1-3 Years (Mid-Tenure)	1
472	Internal Communications	Associate	Associate - Internal Communications	53414.47	3	3.92	29	Other	Hispanic	2022-09-13	NULL	7.00	5.00	5.00	0	0.924	21365.7880	3+ Years (Tenured)	0
4122	Internal Communications	Associate	Associate - Internal Communications	50334.62	3	3.43	37	Non-Binary	African American	2023-03-13	NULL	6.00	6.00	2.00	0	0.871	20133.8480	3+ Years (Tenured)	0
1745	Internal Communications	Associate	Associate - Internal Communications	41637.40	4	0.27	31	Female	Asian	2026-05-10	NULL	NULL	NULL	NULL	0	0.721	16654.9600	0-1 Year (Onboarding)	0
4121	Internal Communications	Associate	Associate - Internal Communications	49018.32	4	4.10	39	Female	Asian	2022-07-09	NULL	3.00	7.00	2.00	0	0.848	19607.3280	3+ Years (Tenured)	1
1480	Internal Communications	Associate	Associate - Internal Communications	46981.67	4	2.42	56	Female	Asian	2023-10-03	2026-03-05	5.00	2.00	1.00	1	0.813	18792.6680	1-3 Years (Mid-Tenure)	0
4037	Internal Communications	Associate	Associate - Internal Communications	73516.72	3	1.68	28	Non-Binary	African American	2024-12-08	NULL	9.00	5.00	8.00	0	1.272	29406.6880	1-3 Years (Mid-Tenure)	0
3719	Internal Communications	Associate	Associate - Internal Communications	47994.73	3	1.27	46	Male	Caucasian	2022-12-06	2024-03-12	7.00	7.00	5.00	1	0.831	19197.8920	1-3 Years (Mid-Tenure)	0
1773	Internal Communications	Associate	Associate - Internal Communications	64643.20	3	3.49	40	Other	Asian	2023-02-18	NULL	1.00	3.00	5.00	0	1.119	25857.2800	3+ Years (Tenured)	0
576	Internal Communications	Associate	Associate - Internal Communications	56940.23	5	2.13	36	Female	Two or More	2022-11-18	2025-01-02	4.00	1.00	3.00	1	0.985	22776.0920	1-3 Years (Mid-Tenure)	1
2434	Internal Communications	Domain Director	Domain Director - Internal Communications	111855.55	2	3.07	61	Non-Binary	Two or More	2023-07-21	NULL	5.00	6.00	5.00	0	0.783	44742.2200	3+ Years (Tenured)	0
4291	Internal Communications	Domain Director	Domain Director - Internal Communications	173901.93	1	0.25	39	Other	NULL	2026-05-16	NULL	9.00	3.00	4.00	0	1.217	69560.7720	0-1 Year (Onboarding)	0
2549	Internal Communications	Manager	Manager - Internal Communications	114496.62	5	1.47	39	Male	Hispanic	2025-02-25	NULL	9.99	9.99	NULL	0	1.184	45798.6480	1-3 Years (Mid-Tenure)	0
802	Internal Communications	Manager	Manager - Internal Communications	78456.80	3	0.40	54	Female	Two or More	2026-03-22	NULL	NULL	NULL	NULL	0	0.811	31382.7200	0-1 Year (Onboarding)	0
1360	Internal Communications	Manager	Manager - Internal Communications	95496.28	3	1.60	39	Non-Binary	African American	2025-01-07	NULL	5.00	8.00	1.00	0	0.988	38198.5120	1-3 Years (Mid-Tenure)	0
2443	Internal Communications	Manager	Manager - Internal Communications	114354.20	4	0.55	49	Female	Asian	2024-06-13	2024-12-30	NULL	NULL	NULL	1	1.183	45741.6800	0-1 Year (Onboarding)	0
2115	Internal Communications	Manager	Manager - Internal Communications	79879.75	2	4.67	21	Female	Asian	2021-12-14	NULL	6.00	4.00	9.00	0	0.826	31951.9000	3+ Years (Tenured)	0
877	Internal Communications	Manager	Manager - Internal Communications	103982.58	5	1.96	27	Male	Hispanic	2024-08-28	NULL	7.00	8.00	6.00	0	1.075	41593.0320	1-3 Years (Mid-Tenure)	0
1984	Internal Communications	Manager	Manager - Internal Communications	95503.30	5	2.67	43	Male	African American	2023-12-15	NULL	5.00	4.00	1.00	0	0.988	38201.3200	1-3 Years (Mid-Tenure)	0
3238	Internal Communications	Manager	Manager - Internal Communications	91391.75	5	2.13	42	Other	Hispanic	2024-06-29	NULL	6.00	8.00	5.00	0	0.945	36556.7000	1-3 Years (Mid-Tenure)	0
3687	Internal Communications	Supervisor/Lead	Supervisor/Lead - Internal Communications	62626.12	1	3.11	53	NULL	Two or More	2023-07-06	NULL	7.00	9.99	8.00	0	0.869	25050.4480	3+ Years (Tenured)	0
3421	Internal Communications	Supervisor/Lead	Supervisor/Lead - Internal Communications	55841.80	3	1.47	45	Non-Binary	African American	2025-02-26	NULL	9.00	6.00	8.00	0	0.775	22336.7200	1-3 Years (Mid-Tenure)	0
3136	Internal Communications	Supervisor/Lead	Supervisor/Lead - Internal Communications	64865.10	3	3.50	24	Male	Hispanic	2023-02-13	NULL	6.00	2.00	3.00	0	0.901	25946.0400	3+ Years (Tenured)	0
1720	Internal Communications	Supervisor/Lead	Supervisor/Lead - Internal Communications	89483.32	1	0.58	21	Male	Caucasian	2026-01-17	NULL	9.99	7.00	5.00	0	1.242	35793.3280	0-1 Year (Onboarding)	0
3696	Internal Communications	Supervisor/Lead	Supervisor/Lead - Internal Communications	56558.35	3	5.00	57	Non-Binary	Hispanic	2021-08-17	NULL	6.00	7.00	4.00	0	0.785	22623.3400	3+ Years (Tenured)	0
113	Internal Communications	Supervisor/Lead	Supervisor/Lead - Internal Communications	57746.17	3	2.67	38	Other	African American	2023-12-14	NULL	7.00	9.99	6.00	0	0.802	23098.4680	1-3 Years (Mid-Tenure)	0
1719	Internal Communications	Supervisor/Lead	Supervisor/Lead - Internal Communications	66461.72	2	2.49	45	Female	Caucasian	2024-02-17	NULL	8.00	9.99	9.00	0	0.923	26584.6880	1-3 Years (Mid-Tenure)	0
918	Internal Communications	Supervisor/Lead	Supervisor/Lead - Internal Communications	84768.52	3	1.92	39	Female	African American	2024-09-14	NULL	6.00	6.00	9.99	0	1.177	33907.4080	1-3 Years (Mid-Tenure)	0
88	Internal Communications	Supervisor/Lead	Supervisor/Lead - Internal Communications	77640.83	5	3.89	47	Female	Asian	2022-09-24	NULL	7.00	7.00	6.00	0	1.078	31056.3320	3+ Years (Tenured)	0
3953	Internal Communications	Supervisor/Lead	supervisor/lead - internal communications	80832.05	1	0.56	36	Female	African American	2025-03-04	2025-09-23	NULL	NULL	NULL	1	1.122	32332.8200	0-1 Year (Onboarding)	0
334	Internal Communications	Supervisor/Lead	Supervisor/Lead - Internal Communications	75084.53	3	0.28	35	Male	Two or More	2026-05-05	NULL	NULL	NULL	NULL	0	1.042	30033.8120	0-1 Year (Onboarding)	0
1425	Internal Communications	Supervisor/Lead	Supervisor/Lead - Internal Communications	75091.30	5	3.56	52	Male	Two or More	2023-01-23	NULL	8.00	9.99	7.00	0	1.042	30036.5200	3+ Years (Tenured)	0
1227	Internal Communications	Supervisor/Lead	Supervisor/Lead - Internal Communications	70061.61	3	2.56	46	Male	Two or More	2024-01-25	NULL	9.00	9.00	4.00	0	0.973	28024.6440	1-3 Years (Mid-Tenure)	0
2912	Internal Communications	Supervisor/Lead	supervisor/lead - internal communications	89188.80	3	1.41	30	Male	Asian	2025-03-09	2026-08-04	6.00	8.00	8.00	1	1.238	35675.5200	1-3 Years (Mid-Tenure)	0
775	Internal Communications	Supervisor/Lead	Supervisor/Lead - Internal Communications	87181.98	5	4.71	25	Male	African American	2021-12-01	NULL	7.00	5.00	2.00	0	1.210	34872.7920	3+ Years (Tenured)	0
1445	Internal Communications	Supervisor/Lead	Supervisor/Lead - Internal Communications	66559.90	2	3.23	36	Male	Asian	2023-05-25	NULL	8.00	3.00	7.00	0	0.924	26623.9600	3+ Years (Tenured)	0
3502	Internal Communications	Supervisor/Lead	Supervisor/Lead - Internal Communications	82873.12	3	2.78	25	Other	Hispanic	2023-11-06	NULL	9.00	5.00	6.00	0	1.151	33149.2480	1-3 Years (Mid-Tenure)	0
1738	Internal Communications	Supervisor/Lead	Supervisor/Lead - Internal Communications	58895.61	4	0.98	27	Male	NULL	2025-08-23	NULL	4.00	7.00	7.00	0	0.818	23558.2440	0-1 Year (Onboarding)	1
1060	Internal Communications	Supervisor/Lead	Supervisor/Lead - Internal Communications	82758.96	2	2.78	37	Male	Caucasian	2023-11-03	NULL	3.00	2.00	2.00	0	1.149	33103.5840	1-3 Years (Mid-Tenure)	0
3447	Internal Communications	Supervisor/Lead	Supervisor/Lead - Internal Communications	82095.29	2	2.36	44	Non-Binary	Hispanic	2024-04-04	NULL	3.00	6.00	6.00	0	1.140	32838.1160	1-3 Years (Mid-Tenure)	0
4118	Internal Communications	Supervisor/Lead	Supervisor/Lead - Internal Communications	75701.05	3	3.04	29	Male	African American	2023-07-31	NULL	5.00	8.00	NULL	0	1.051	30280.4200	3+ Years (Tenured)	0
3734	Internal Communications	Supervisor/Lead	Supervisor/Lead - Internal Communications	61778.63	3	1.31	43	Male	Asian	2022-03-21	2023-07-12	NULL	NULL	NULL	1	0.858	24711.4520	1-3 Years (Mid-Tenure)	0
1342	Internal Communications	Supervisor/Lead	Supervisor/Lead - Internal Communications	56433.17	3	0.30	50	Other	Caucasian	2026-04-29	NULL	9.99	6.00	6.00	0	0.783	22573.2680	0-1 Year (Onboarding)	0
3869	Internal Communications	Supervisor/Lead	Supervisor/Lead - Internal Communications	60405.31	5	2.15	50	Male	Asian	2024-06-20	NULL	6.00	8.00	9.99	0	0.839	24162.1240	1-3 Years (Mid-Tenure)	0
1727	Internal Communications	Supervisor/Lead	Supervisor/Lead - Internal Communications	89030.66	3	1.24	36	Male	Asian	2022-02-08	2023-05-08	NULL	NULL	NULL	1	1.236	35612.2640	1-3 Years (Mid-Tenure)	0
763	Internal Communications	Supervisor/Lead	Supervisor/Lead - Internal Communications	72892.21	1	1.62	47	Female	Asian	2025-01-02	NULL	8.00	2.00	8.00	0	1.012	29156.8840	1-3 Years (Mid-Tenure)	0
2320	Internal Communications	Supervisor/Lead	Supervisor/Lead - Internal Communications	58502.97	1	3.65	41	Male	Two or More	2022-12-20	NULL	6.00	3.00	3.00	0	0.812	23401.1880	3+ Years (Tenured)	0
1633	Internal Communications	Supervisor/Lead	Supervisor/Lead - Internal Communications	77096.32	5	2.07	56	Female	African American	2024-07-20	NULL	9.99	8.00	8.00	0	1.070	30838.5280	1-3 Years (Mid-Tenure)	0
634	Internal Communications	Supervisor/Lead	Supervisor/Lead - Internal Communications	59381.86	3	0.73	49	Female	Two or More	2025-11-21	NULL	7.00	9.99	9.99	0	0.824	23752.7440	0-1 Year (Onboarding)	0
3471	Internal Communications	Supervisor/Lead	Supervisor/Lead - Internal Communications	76639.73	4	4.51	56	Male	Caucasian	2022-02-11	NULL	5.00	7.00	2.00	0	1.064	30655.8920	3+ Years (Tenured)	0
804	Internal Communications	Supervisor/Lead	Supervisor/Lead - Internal Communications	76821.10	2	1.00	42	Other	Caucasian	2025-08-16	NULL	5.00	9.00	2.00	0	1.066	30728.4400	0-1 Year (Onboarding)	0
107	Internal Communications	Supervisor/Lead	Supervisor/Lead - Internal Communications	87416.29	3	2.42	41	Male	Caucasian	2022-06-03	2024-11-01	4.00	1.00	6.00	1	1.214	34966.5160	1-3 Years (Mid-Tenure)	0
2450	Internal Communications	Supervisor/Lead	Supervisor/Lead - Internal Communications	56741.80	2	0.79	22	Non-Binary	Asian	2025-10-31	NULL	NULL	NULL	NULL	0	0.788	22696.7200	0-1 Year (Onboarding)	0
271	Internal Communications	Supervisor/Lead	Supervisor/Lead - Internal Communications	89528.97	4	1.19	30	Non-Binary	Caucasian	2025-06-08	NULL	7.00	9.99	6.00	0	1.243	35811.5880	1-3 Years (Mid-Tenure)	0
2452	Internal Communications	Supervisor/Lead	Supervisor/Lead - Internal Communications	82028.13	4	1.28	42	Non-Binary	Hispanic	2025-05-05	NULL	6.00	2.00	8.00	0	1.139	32811.2520	1-3 Years (Mid-Tenure)	0
4209	Internal Communications	Supervisor/Lead	Supervisor/Lead - Internal Communications	76113.37	2	1.45	32	Non-Binary	Caucasian	2025-03-05	NULL	3.00	8.00	4.00	0	1.057	30445.3480	1-3 Years (Mid-Tenure)	0
2182	Internal Communications	Supervisor/Lead	Supervisor/Lead - Internal Communications	73646.72	3	2.82	33	NULL	Hispanic	2022-07-22	2025-05-17	3.00	5.00	1.00	1	1.022	29458.6880	1-3 Years (Mid-Tenure)	0
2882	Internal Communications	Supervisor/Lead	Supervisor/Lead - Internal Communications	58271.84	3	0.31	49	Female	NULL	2026-04-25	NULL	8.00	7.00	4.00	0	0.809	23308.7360	0-1 Year (Onboarding)	0
4154	Internal Communications	Supervisor/Lead	Supervisor/Lead - Internal Communications	58407.76	5	0.27	21	Non-Binary	Caucasian	2023-12-02	2024-03-11	NULL	NULL	NULL	1	0.811	23363.1040	0-1 Year (Onboarding)	0
3412	Internal Communications	Supervisor/Lead	Supervisor/Lead - Internal Communications	67824.97	3	3.27	43	Other	African American	2023-05-10	NULL	5.00	3.00	2.00	0	0.942	27129.9880	3+ Years (Tenured)	0
2050	Quality Assurance	Assistant Manager	Assistant Manager - Quality Assurance	75741.43	1	0.99	37	Other	Hispanic	2025-08-19	NULL	4.00	5.00	7.00	0	0.955	30296.5720	0-1 Year (Onboarding)	0
2587	Quality Assurance	Assistant Manager	Assistant Manager - Quality Assurance	68506.21	3	5.05	31	Other	NULL	2021-07-29	NULL	2.00	1.00	5.00	0	0.863	27402.4840	3+ Years (Tenured)	0
3856	Quality Assurance	Assistant Manager	Assistant Manager - Quality Assurance	75092.43	4	1.41	34	Female	Asian	2022-08-25	2024-01-23	NULL	NULL	NULL	1	0.946	30036.9720	1-3 Years (Mid-Tenure)	0
3583	Quality Assurance	Assistant Manager	Assistant Manager - Quality Assurance	79049.98	3	4.82	49	Female	African American	2021-10-21	NULL	5.00	4.00	NULL	0	0.996	31619.9920	3+ Years (Tenured)	0
3067	Quality Assurance	Assistant Manager	Assistant Manager - Quality Assurance	98305.93	3	2.56	44	Female	Asian	2024-01-22	NULL	7.00	9.00	9.99	0	1.239	39322.3720	1-3 Years (Mid-Tenure)	0
3088	Quality Assurance	Associate	Associate - Quality Assurance	71574.68	4	2.73	32	Non-Binary	Hispanic	2023-11-21	NULL	5.00	7.00	6.00	0	1.278	28629.8720	1-3 Years (Mid-Tenure)	0
2814	Quality Assurance	Associate	Associate - Quality Assurance	55248.74	2	0.10	65	Male	African American	2026-07-08	NULL	NULL	NULL	NULL	0	0.987	22099.4960	0-1 Year (Onboarding)	0
1852	Quality Assurance	Associate	Associate - Quality Assurance	57213.55	4	1.36	24	Non-Binary	Hispanic	2025-04-07	NULL	6.00	NULL	6.00	0	1.022	22885.4200	1-3 Years (Mid-Tenure)	0
4423	Quality Assurance	Associate	Associate - Quality Assurance	43398.95	5	4.91	21	Other	Asian	2021-09-17	NULL	7.00	6.00	4.00	0	0.775	17359.5800	3+ Years (Tenured)	0
3860	Quality Assurance	Associate	Associate - Quality Assurance	56311.18	4	3.26	42	Non-Binary	Two or More	2023-05-14	NULL	9.99	8.00	5.00	0	1.006	22524.4720	3+ Years (Tenured)	0
1047	Quality Assurance	Associate	Associate - Quality Assurance	58894.70	3	1.42	35	Other	Asian	2025-03-14	NULL	8.00	5.00	6.00	0	1.052	23557.8800	1-3 Years (Mid-Tenure)	0
2833	Quality Assurance	Associate	Associate - Quality Assurance	65483.28	5	3.58	42	Other	NULL	2023-01-17	NULL	7.00	3.00	1.00	0	1.169	26193.3120	3+ Years (Tenured)	0
1859	Quality Assurance	Associate	Associate - Quality Assurance	42351.87	1	2.73	30	Male	Caucasian	2023-10-20	2026-07-13	9.00	9.99	7.00	1	0.756	16940.7480	1-3 Years (Mid-Tenure)	0
3115	Quality Assurance	Associate	Associate - Quality Assurance	68035.56	3	4.24	44	Other	Two or More	2022-05-20	NULL	4.00	3.00	7.00	0	1.215	27214.2240	3+ Years (Tenured)	0
881	Quality Assurance	Associate	Associate - Quality Assurance	54314.49	3	3.46	22	Non-Binary	Hispanic	2023-02-13	2026-07-30	5.00	2.00	9.00	1	0.970	21725.7960	3+ Years (Tenured)	0
3936	Quality Assurance	Associate	Associate - Quality Assurance	50272.20	3	1.80	41	Male	Caucasian	2024-10-27	NULL	5.00	1.00	5.00	0	0.898	20108.8800	1-3 Years (Mid-Tenure)	0
1868	Quality Assurance	Associate	Associate - Quality Assurance	58874.73	3	1.56	25	Other	Asian	2025-01-22	NULL	3.00	5.00	3.00	0	1.051	23549.8920	1-3 Years (Mid-Tenure)	0
3079	Quality Assurance	Associate	Associate - Quality Assurance	52648.07	2	3.34	34	Non-Binary	African American	2023-04-15	NULL	6.00	1.00	4.00	0	0.940	21059.2280	3+ Years (Tenured)	0
3078	Quality Assurance	Associate	Associate - Quality Assurance	59364.59	4	1.04	35	Non-Binary	African American	2025-08-02	NULL	3.00	2.00	2.00	0	1.060	23745.8360	1-3 Years (Mid-Tenure)	1
1869	Quality Assurance	Associate	Associate - Quality Assurance	69752.71	3	2.75	57	Male	Asian	2023-11-17	NULL	7.00	6.00	4.00	0	1.246	27901.0840	1-3 Years (Mid-Tenure)	0
805	Quality Assurance	Associate	Associate - Quality Assurance	56061.52	2	0.19	42	Female	African American	2026-06-05	NULL	NULL	NULL	NULL	0	1.001	22424.6080	0-1 Year (Onboarding)	0
3163	Quality Assurance	Associate	Associate - Quality Assurance	53589.73	3	0.72	44	Non-Binary	Hispanic	2025-11-24	NULL	7.00	1.00	1.00	0	0.957	21435.8920	0-1 Year (Onboarding)	0
3207	Quality Assurance	Associate	Associate - Quality Assurance	74239.99	3	1.05	44	Male	Two or More	2024-04-16	2025-05-05	6.00	2.00	4.00	1	1.326	29695.9960	1-3 Years (Mid-Tenure)	0
2280	Quality Assurance	Associate	Associate - Quality Assurance	49465.49	2	1.25	36	Female	African American	2025-05-16	NULL	5.00	1.00	1.00	0	0.883	19786.1960	1-3 Years (Mid-Tenure)	0
1768	Quality Assurance	Associate	Associate - Quality Assurance	47355.03	3	2.01	39	Non-Binary	Hispanic	2024-06-08	2026-06-13	8.00	7.00	1.00	1	0.846	18942.0120	1-3 Years (Mid-Tenure)	0
2794	Quality Assurance	Associate	Associate - Quality Assurance	65461.25	3	4.43	27	Male	Asian	2022-03-12	NULL	5.00	4.00	1.00	0	1.169	26184.5000	3+ Years (Tenured)	0
3416	Quality Assurance	Associate	Associate - Quality Assurance	57015.51	3	1.61	34	Male	Two or More	2022-11-25	2024-07-04	3.00	2.00	4.00	1	1.018	22806.2040	1-3 Years (Mid-Tenure)	0
1764	Quality Assurance	Associate	Associate - Quality Assurance	40550.75	5	1.82	34	Other	Asian	2024-10-21	NULL	8.00	9.00	7.00	0	0.724	16220.3000	1-3 Years (Mid-Tenure)	0
1074	Quality Assurance	Associate	Associate - Quality Assurance	40467.49	3	2.32	26	Non-Binary	Caucasian	2024-04-22	NULL	5.00	4.00	9.00	0	0.723	16186.9960	1-3 Years (Mid-Tenure)	0
3165	Quality Assurance	Associate	Associate - Quality Assurance	70808.93	3	3.75	37	Other	Two or More	2022-11-16	NULL	4.00	2.00	1.00	0	1.264	28323.5720	3+ Years (Tenured)	0
1031	Quality Assurance	Associate	ASSOCIATE - QUALITY ASSURANCE	40149.23	2	0.10	35	NULL	Two or More	2026-07-08	NULL	NULL	NULL	NULL	0	0.717	16059.6920	0-1 Year (Onboarding)	0
4326	Quality Assurance	Associate	Associate - Quality Assurance	60766.53	1	2.40	42	Other	African American	2024-03-22	NULL	7.00	3.00	9.00	0	1.085	24306.6120	1-3 Years (Mid-Tenure)	0
3161	Quality Assurance	Associate	Associate - Quality Assurance	54700.50	2	4.00	33	Female	African American	2022-08-15	NULL	6.00	8.00	2.00	0	0.977	21880.2000	3+ Years (Tenured)	0
1632	Quality Assurance	Associate	Associate - Quality Assurance	58878.92	4	4.01	46	Other	Asian	2022-08-12	NULL	7.00	4.00	3.00	0	1.051	23551.5680	3+ Years (Tenured)	0
1746	Quality Assurance	Associate	Associate - Quality Assurance	41131.43	4	1.26	27	Non-Binary	Two or More	2025-05-12	NULL	8.00	5.00	5.00	0	0.735	16452.5720	1-3 Years (Mid-Tenure)	0
843	Quality Assurance	Associate	Associate - Quality Assurance	40120.64	5	2.50	32	Non-Binary	NULL	2024-02-14	NULL	1.00	2.00	1.00	0	0.716	16048.2560	1-3 Years (Mid-Tenure)	1
2807	Quality Assurance	Associate	Associate - Quality Assurance	56939.68	3	3.62	35	Other	Two or More	2022-12-31	NULL	9.99	9.00	NULL	0	1.017	22775.8720	3+ Years (Tenured)	0
3985	Quality Assurance	Associate	Associate - Quality Assurance	57178.08	4	1.96	42	Female	Hispanic	2024-08-31	NULL	6.00	5.00	9.00	0	1.021	22871.2320	1-3 Years (Mid-Tenure)	0
280	Quality Assurance	Associate	Associate - Quality Assurance	54565.16	2	2.51	37	Male	Caucasian	2024-02-11	NULL	9.00	7.00	7.00	0	0.974	21826.0640	1-3 Years (Mid-Tenure)	0
955	Quality Assurance	Associate	Associate - Quality Assurance	69283.86	3	3.79	40	Female	Hispanic	2022-11-02	NULL	7.00	5.00	8.00	0	1.237	27713.5440	3+ Years (Tenured)	0
3353	Quality Assurance	Associate	Associate - Quality Assurance	64582.14	4	4.70	25	Non-Binary	Two or More	2021-12-03	NULL	9.00	9.00	5.00	0	1.153	25832.8560	3+ Years (Tenured)	0
3031	Quality Assurance	Associate	Associate - Quality Assurance	50698.58	3	3.24	22	Male	Two or More	2023-05-22	NULL	4.00	1.00	4.00	0	0.905	20279.4320	3+ Years (Tenured)	0
3882	Quality Assurance	Associate	Associate - Quality Assurance	42870.07	3	4.45	39	Female	African American	2022-03-05	NULL	6.00	9.99	9.00	0	0.766	17148.0280	3+ Years (Tenured)	0
4385	Quality Assurance	Associate	Associate - Quality Assurance	71479.30	5	2.31	38	Male	African American	2023-07-14	2025-11-02	4.00	3.00	2.00	1	1.276	28591.7200	1-3 Years (Mid-Tenure)	1
1957	Quality Assurance	Associate	Associate - Quality Assurance	69202.29	4	4.56	33	Female	Caucasian	2022-01-24	NULL	6.00	8.00	6.00	0	1.236	27680.9160	3+ Years (Tenured)	0
939	Quality Assurance	Associate	Associate - Quality Assurance	65320.68	4	3.30	46	Other	Two or More	2023-04-29	NULL	9.99	4.00	5.00	0	1.166	26128.2720	3+ Years (Tenured)	0
1946	Quality Assurance	Associate	Associate - Quality Assurance	59121.92	2	3.95	34	Male	Two or More	2022-09-02	NULL	3.00	3.00	6.00	0	1.056	23648.7680	3+ Years (Tenured)	0
4008	Quality Assurance	Associate	Associate - Quality Assurance	44393.44	4	4.39	33	Male	Hispanic	2022-03-28	NULL	4.00	3.00	1.00	0	0.793	17757.3760	3+ Years (Tenured)	1
3917	Quality Assurance	Associate	Associate - Quality Assurance	58732.32	5	2.68	47	Male	Hispanic	2022-02-10	2024-10-16	2.00	4.00	5.00	1	1.049	23492.9280	1-3 Years (Mid-Tenure)	1
2996	Quality Assurance	Associate	Associate - Quality Assurance	67450.20	2	1.94	36	Non-Binary	Asian	2024-09-06	NULL	9.00	9.99	2.00	0	1.205	26980.0800	1-3 Years (Mid-Tenure)	0
2992	Quality Assurance	Associate	Associate - Quality Assurance	52062.47	4	2.12	52	Non-Binary	Asian	2024-07-03	NULL	5.00	3.00	5.00	0	0.930	20824.9880	1-3 Years (Mid-Tenure)	0
2991	Quality Assurance	Associate	Associate - Quality Assurance	61708.41	3	0.58	61	Other	Caucasian	2026-01-14	NULL	6.00	5.00	6.00	0	1.102	24683.3640	0-1 Year (Onboarding)	0
550	Quality Assurance	Associate	Associate - Quality Assurance	43262.99	2	1.01	46	Non-Binary	African American	2025-08-13	NULL	9.99	6.00	9.00	0	0.773	17305.1960	1-3 Years (Mid-Tenure)	0
2963	Quality Assurance	Associate	Associate - Quality Assurance	55136.35	3	3.63	44	Non-Binary	NULL	2022-12-30	NULL	9.99	9.99	9.99	0	0.985	22054.5400	3+ Years (Tenured)	0
2965	Quality Assurance	Associate	Associate - Quality Assurance	44732.54	4	3.44	42	Non-Binary	Hispanic	2021-08-16	2025-01-24	8.00	8.00	9.99	1	0.799	17893.0160	3+ Years (Tenured)	0
599	Quality Assurance	Associate	Associate - Quality Assurance	50101.46	3	0.75	57	Male	African American	2025-11-15	NULL	8.00	9.99	6.00	0	0.895	20040.5840	0-1 Year (Onboarding)	0
3921	Quality Assurance	Associate	Associate - Quality Assurance	62472.07	5	0.17	49	Male	African American	2023-07-19	2023-09-19	NULL	NULL	NULL	1	1.116	24988.8280	0-1 Year (Onboarding)	0
3294	Quality Assurance	Associate	Associate - Quality Assurance	47037.59	3	0.65	49	Male	Hispanic	2025-12-20	NULL	6.00	9.99	8.00	0	0.840	18815.0360	0-1 Year (Onboarding)	0
300	Quality Assurance	Associate	Associate - Quality Assurance	45437.06	4	2.07	27	Male	Two or More	2024-07-20	NULL	3.00	1.00	1.00	0	0.811	18174.8240	1-3 Years (Mid-Tenure)	1
4395	Quality Assurance	Associate	Associate - Quality Assurance	68032.64	4	2.51	45	Non-Binary	Two or More	2024-02-11	NULL	6.00	8.00	3.00	0	1.215	27213.0560	1-3 Years (Mid-Tenure)	0
1681	Quality Assurance	Associate	Associate - Quality Assurance	59923.97	3	3.83	38	Other	NULL	2022-10-17	NULL	6.00	7.00	6.00	0	1.070	23969.5880	3+ Years (Tenured)	0
3054	Quality Assurance	Associate	Associate - Quality Assurance	74540.34	3	4.26	39	Female	Two or More	2022-05-13	NULL	3.00	6.00	5.00	0	1.331	29816.1360	3+ Years (Tenured)	0
2901	Quality Assurance	Associate	Associate - Quality Assurance	46151.53	3	2.22	53	Male	Hispanic	2024-05-27	NULL	9.99	8.00	8.00	0	0.824	18460.6120	1-3 Years (Mid-Tenure)	0
3367	Quality Assurance	Associate	Associate - Quality Assurance	65904.51	5	4.28	49	Female	Caucasian	2022-05-07	NULL	6.00	5.00	3.00	0	1.177	26361.8040	3+ Years (Tenured)	0
250	Quality Assurance	Associate	Associate - Quality Assurance	71508.43	4	0.61	43	Non-Binary	Asian	2026-01-03	NULL	9.99	7.00	7.00	0	1.277	28603.3720	0-1 Year (Onboarding)	0
3062	Quality Assurance	Associate	Associate - Quality Assurance	57036.69	3	2.96	34	Non-Binary	Caucasian	2023-08-29	NULL	4.00	3.00	4.00	0	1.019	22814.6760	1-3 Years (Mid-Tenure)	0
894	Quality Assurance	Associate	Associate - Quality Assurance	49799.80	4	3.76	45	Male	Asian	2022-11-12	NULL	1.00	1.00	4.00	0	0.889	19919.9200	3+ Years (Tenured)	1
3070	Quality Assurance	Associate	Associate - Quality Assurance	61531.15	3	1.10	47	Other	Hispanic	2025-07-11	NULL	4.00	3.00	5.00	0	1.099	24612.4600	1-3 Years (Mid-Tenure)	0
1959	Quality Assurance	Associate	Associate - Quality Assurance	68129.97	1	1.99	37	Other	Caucasian	2024-08-18	NULL	8.00	4.00	NULL	0	1.217	27251.9880	1-3 Years (Mid-Tenure)	0
3072	Quality Assurance	Associate	Associate - Quality Assurance	41529.72	2	2.55	32	Female	Two or More	2024-01-27	NULL	4.00	3.00	8.00	0	0.742	16611.8880	1-3 Years (Mid-Tenure)	0
4023	Quality Assurance	Associate	Associate - Quality Assurance	64835.39	3	1.05	39	Male	Asian	2025-07-29	NULL	2.00	1.00	1.00	0	1.158	25934.1560	1-3 Years (Mid-Tenure)	0
3321	Quality Assurance	Associate	Associate - Quality Assurance	43254.20	3	2.60	32	Non-Binary	Hispanic	2024-01-09	NULL	4.00	8.00	NULL	0	0.772	17301.6800	1-3 Years (Mid-Tenure)	0
1272	Quality Assurance	Associate	Associate - Quality Assurance	57265.67	3	1.22	37	Female	Two or More	2025-05-28	NULL	9.00	8.00	6.00	0	1.023	22906.2680	1-3 Years (Mid-Tenure)	0
2433	Quality Assurance	Associate	Associate - Quality Assurance	52994.55	4	2.64	46	Male	African American	2023-12-25	NULL	9.99	6.00	7.00	0	0.946	21197.8200	1-3 Years (Mid-Tenure)	0
1327	Quality Assurance	Associate	Associate - Quality Assurance	47479.23	2	0.10	30	Male	NULL	2026-07-09	NULL	NULL	NULL	NULL	0	0.848	18991.6920	0-1 Year (Onboarding)	0
2222	Quality Assurance	Associate	Associate - Quality Assurance	44512.55	5	0.57	37	NULL	Hispanic	2026-01-18	NULL	7.00	NULL	7.00	0	0.795	17805.0200	0-1 Year (Onboarding)	0
2220	Quality Assurance	Associate	Associate - Quality Assurance	44189.15	3	4.47	45	Other	Asian	2022-02-27	NULL	9.00	5.00	6.00	0	0.789	17675.6600	3+ Years (Tenured)	0
4193	Quality Assurance	Associate	Associate - Quality Assurance	54553.51	4	4.62	26	Female	Asian	2021-12-31	NULL	9.00	4.00	9.00	0	0.974	21821.4040	3+ Years (Tenured)	0
2441	Quality Assurance	Associate	Associate - Quality Assurance	63616.12	4	3.00	35	Female	Asian	2023-08-16	NULL	2.00	4.00	7.00	0	1.136	25446.4480	1-3 Years (Mid-Tenure)	1
3751	Quality Assurance	Associate	Associate - Quality Assurance	56110.98	2	1.59	35	Male	African American	2025-01-12	NULL	7.00	7.00	1.00	0	1.002	22444.3920	1-3 Years (Mid-Tenure)	0
1312	Quality Assurance	Associate	Associate - Quality Assurance	74260.53	3	4.15	42	Non-Binary	Asian	2022-06-21	NULL	9.00	7.00	9.99	0	1.326	29704.2120	3+ Years (Tenured)	0
3616	Quality Assurance	Associate	Associate - Quality Assurance	43483.05	3	3.96	33	Female	Caucasian	2022-08-31	NULL	9.00	5.00	NULL	0	0.777	17393.2200	3+ Years (Tenured)	0
2197	Quality Assurance	Associate	Associate - Quality Assurance	48562.81	4	3.58	39	Female	Hispanic	2023-01-16	NULL	6.00	4.00	5.00	0	0.867	19425.1240	3+ Years (Tenured)	0
3757	Quality Assurance	Associate	Associate - Quality Assurance	45812.41	2	0.44	40	Female	Two or More	2026-03-09	NULL	8.00	9.00	9.99	0	0.818	18324.9640	0-1 Year (Onboarding)	0
3610	Quality Assurance	Associate	Associate - Quality Assurance	52737.10	3	2.56	46	Non-Binary	Hispanic	2024-01-25	NULL	6.00	3.00	5.00	0	0.942	21094.8400	1-3 Years (Mid-Tenure)	0
426	Quality Assurance	Associate	Associate - Quality Assurance	62222.02	4	2.76	36	Female	Asian	2023-02-19	2025-11-22	5.00	9.99	5.00	1	1.111	24888.8080	1-3 Years (Mid-Tenure)	0
2423	Quality Assurance	Associate	Associate - Quality Assurance	60768.03	4	4.33	42	Female	African American	2022-04-16	NULL	6.00	8.00	8.00	0	1.085	24307.2120	3+ Years (Tenured)	0
3763	Quality Assurance	Associate	Associate - Quality Assurance	69214.07	3	2.47	30	Female	African American	2024-02-25	NULL	5.00	6.00	4.00	0	1.236	27685.6280	1-3 Years (Mid-Tenure)	0
4215	Quality Assurance	Associate	Associate - Quality Assurance	61662.33	4	1.38	31	Male	African American	2025-03-28	NULL	6.00	6.00	6.00	0	1.101	24664.9320	1-3 Years (Mid-Tenure)	0
2492	Quality Assurance	Associate	Associate - Quality Assurance	62464.81	4	2.89	57	NULL	Caucasian	2022-12-18	2025-11-06	7.00	5.00	6.00	1	1.115	24985.9240	1-3 Years (Mid-Tenure)	0
149	Quality Assurance	Associate	Associate - Quality Assurance	52823.68	4	4.66	38	Male	African American	2021-12-19	NULL	4.00	8.00	3.00	0	0.943	21129.4720	3+ Years (Tenured)	1
2499	Quality Assurance	Associate	Associate - Quality Assurance	73681.70	3	3.59	44	Non-Binary	Caucasian	2023-01-14	NULL	4.00	5.00	1.00	0	1.316	29472.6800	3+ Years (Tenured)	0
2176	Quality Assurance	Associate	Associate - Quality Assurance	52412.15	4	3.25	60	Other	African American	2023-05-16	NULL	4.00	3.00	6.00	0	0.936	20964.8600	3+ Years (Tenured)	1
2162	Quality Assurance	Associate	Associate - Quality Assurance	54133.96	3	1.08	28	Non-Binary	Hispanic	2025-07-16	NULL	9.99	6.00	9.99	0	0.967	21653.5840	1-3 Years (Mid-Tenure)	0
1557	Quality Assurance	Associate	Associate - Quality Assurance	58961.67	2	0.84	46	Male	Two or More	2025-10-12	NULL	9.99	9.99	5.00	0	1.053	23584.6680	0-1 Year (Onboarding)	0
1246	Quality Assurance	Associate	Associate - Quality Assurance	64145.97	5	1.14	50	Other	Asian	2025-06-25	NULL	7.00	9.00	4.00	0	1.146	25658.3880	1-3 Years (Mid-Tenure)	0
1244	Quality Assurance	Associate	Associate - Quality Assurance	60254.45	4	4.80	42	Other	NULL	2021-10-27	NULL	4.00	2.00	9.00	0	1.076	24101.7800	3+ Years (Tenured)	1
82	Quality Assurance	Associate	Associate - Quality Assurance	67493.61	2	0.21	34	Non-Binary	African American	2026-06-01	NULL	4.00	3.00	3.00	0	1.205	26997.4440	0-1 Year (Onboarding)	0
402	Quality Assurance	Associate	Associate - Quality Assurance	41179.60	3	4.39	65	Non-Binary	Two or More	2022-03-28	NULL	4.00	7.00	6.00	0	0.735	16471.8400	3+ Years (Tenured)	0
4164	Quality Assurance	Associate	Associate - Quality Assurance	52137.15	3	2.50	33	Non-Binary	Asian	2024-02-14	NULL	5.00	2.00	5.00	0	0.931	20854.8600	1-3 Years (Mid-Tenure)	0
459	Quality Assurance	Associate	Associate - Quality Assurance	55313.73	3	3.31	32	Other	African American	2023-04-25	NULL	6.00	5.00	7.00	0	0.988	22125.4920	3+ Years (Tenured)	0
3722	Quality Assurance	Associate	Associate - Quality Assurance	52419.50	3	0.72	45	Non-Binary	Caucasian	2021-08-30	2022-05-21	NULL	NULL	NULL	1	0.936	20967.8000	0-1 Year (Onboarding)	0
1447	Quality Assurance	Associate	Associate - Quality Assurance	45929.05	2	2.81	28	Non-Binary	Two or More	2023-10-26	NULL	7.00	1.00	3.00	0	0.820	18371.6200	1-3 Years (Mid-Tenure)	0
466	Quality Assurance	Associate	Associate - Quality Assurance	47153.59	3	0.88	36	Other	Asian	2024-10-06	2025-08-25	6.00	5.00	5.00	1	0.842	18861.4360	0-1 Year (Onboarding)	0
2298	Quality Assurance	Associate	Associate - Quality Assurance	61340.11	3	1.77	21	Other	Two or More	2024-11-06	NULL	5.00	9.00	1.00	0	1.095	24536.0440	1-3 Years (Mid-Tenure)	0
454	Quality Assurance	Associate	Associate - Quality Assurance	41431.55	3	2.23	34	Non-Binary	Asian	2024-04-16	2026-07-10	5.00	3.00	1.00	1	0.740	16572.6200	1-3 Years (Mid-Tenure)	0
3689	Quality Assurance	Associate	Associate - Quality Assurance	73599.29	2	1.91	34	Non-Binary	Asian	2024-09-16	NULL	4.00	4.00	7.00	0	1.314	29439.7160	1-3 Years (Mid-Tenure)	0
3685	Quality Assurance	Associate	Associate - Quality Assurance	46538.91	1	5.06	42	Non-Binary	Caucasian	2021-07-25	NULL	6.00	3.00	8.00	0	0.831	18615.5640	3+ Years (Tenured)	0
3680	Quality Assurance	Associate	Associate - Quality Assurance	53415.26	2	1.12	32	Other	Two or More	2025-07-02	NULL	5.00	9.00	2.00	0	0.954	21366.1040	1-3 Years (Mid-Tenure)	0
677	Quality Assurance	Associate	Associate - Quality Assurance	52880.19	3	0.54	40	Other	Asian	2026-01-31	NULL	3.00	1.00	6.00	0	0.944	21152.0760	0-1 Year (Onboarding)	0
1470	Quality Assurance	Associate	Associate - Quality Assurance	42947.22	3	4.54	39	Other	Hispanic	2022-01-31	NULL	3.00	1.00	1.00	0	0.767	17178.8880	3+ Years (Tenured)	0
2266	Quality Assurance	Associate	Associate - Quality Assurance	48906.17	2	2.15	41	Female	Hispanic	2024-06-20	NULL	7.00	6.00	9.00	0	0.873	19562.4680	1-3 Years (Mid-Tenure)	0
2527	Quality Assurance	Associate	Associate - Quality Assurance	40101.85	3	1.70	43	Male	Asian	2024-12-01	NULL	5.00	7.00	4.00	0	0.716	16040.7400	1-3 Years (Mid-Tenure)	0
2342	Quality Assurance	Associate	Associate - Quality Assurance	49510.45	3	1.84	31	Non-Binary	Caucasian	2024-10-12	NULL	8.00	6.00	6.00	0	0.884	19804.1800	1-3 Years (Mid-Tenure)	0
445	Quality Assurance	Associate	Associate - Quality Assurance	58674.72	3	2.71	30	Female	Hispanic	2023-12-01	NULL	6.00	9.00	5.00	0	1.048	23469.8880	1-3 Years (Mid-Tenure)	0
2375	Quality Assurance	Associate	Associate - Quality Assurance	65077.72	5	0.64	36	Male	Asian	2025-12-25	NULL	3.00	3.00	8.00	0	1.162	26031.0880	0-1 Year (Onboarding)	1
1483	Quality Assurance	Associate	Associate - Quality Assurance	70721.70	4	2.15	26	Other	Caucasian	2024-06-21	NULL	8.00	5.00	6.00	0	1.263	28288.6800	1-3 Years (Mid-Tenure)	0
3735	Quality Assurance	Associate	Associate - Quality Assurance	43220.97	5	3.25	34	Male	Hispanic	2023-05-17	NULL	8.00	9.99	4.00	0	0.772	17288.3880	3+ Years (Tenured)	0
4175	Quality Assurance	Associate	Associate - Quality Assurance	62999.46	2	3.51	28	Male	Hispanic	2023-02-12	NULL	1.00	2.00	5.00	0	1.125	25199.7840	3+ Years (Tenured)	0
3654	Quality Assurance	Associate	Associate - Quality Assurance	47107.42	5	0.05	54	Other	Caucasian	2026-07-29	NULL	NULL	NULL	NULL	0	0.841	18842.9680	0-1 Year (Onboarding)	0
476	Quality Assurance	Associate	Associate - Quality Assurance	55656.62	4	2.66	24	Male	Two or More	2023-12-17	NULL	1.00	3.00	1.00	0	0.994	22262.6480	1-3 Years (Mid-Tenure)	1
2228	Quality Assurance	Associate	Associate - Quality Assurance	40880.28	2	1.36	28	Other	Caucasian	2025-04-07	NULL	9.00	9.99	5.00	0	0.730	16352.1120	1-3 Years (Mid-Tenure)	0
698	Quality Assurance	Associate	Associate - Quality Assurance	67928.08	3	3.55	36	Non-Binary	African American	2023-01-29	NULL	9.99	6.00	9.00	0	1.213	27171.2320	3+ Years (Tenured)	0
2395	Quality Assurance	Associate	Associate - Quality Assurance	53750.15	2	1.27	34	Other	Hispanic	2025-05-09	NULL	1.00	4.00	1.00	0	0.960	21500.0600	1-3 Years (Mid-Tenure)	0
3742	Quality Assurance	Associate	Associate - Quality Assurance	55602.54	3	0.46	30	Non-Binary	Asian	2026-03-01	NULL	1.00	1.00	1.00	0	0.993	22241.0160	0-1 Year (Onboarding)	0
2065	Quality Assurance	Associate	Associate - Quality Assurance	67587.67	4	1.93	31	Female	African American	2024-09-08	NULL	2.00	5.00	7.00	0	1.207	27035.0680	1-3 Years (Mid-Tenure)	1
503	Quality Assurance	Associate	Associate - Quality Assurance	63187.53	5	0.42	30	Male	African American	2026-03-13	NULL	8.00	9.99	8.00	0	1.128	25275.0120	0-1 Year (Onboarding)	0
4266	Quality Assurance	Associate	Associate - Quality Assurance	46079.99	2	0.82	51	Non-Binary	African American	2025-10-18	NULL	4.00	4.00	5.00	0	0.823	18431.9960	0-1 Year (Onboarding)	0
2639	Quality Assurance	Associate	Associate - Quality Assurance	43858.13	4	1.56	37	Other	Hispanic	2021-09-01	2023-03-26	NULL	NULL	NULL	1	0.783	17543.2520	1-3 Years (Mid-Tenure)	0
636	Quality Assurance	Associate	Associate - Quality Assurance	48817.16	5	0.37	36	Male	Hispanic	2026-04-03	NULL	6.00	5.00	2.00	0	0.872	19526.8640	0-1 Year (Onboarding)	0
389	Quality Assurance	Associate	Associate - Quality Assurance	73032.37	4	2.64	45	Other	NULL	2023-12-27	NULL	1.00	1.00	1.00	0	1.304	29212.9480	1-3 Years (Mid-Tenure)	1
1166	Quality Assurance	Associate	Associate - Quality Assurance	61345.33	4	0.51	32	Male	Caucasian	2025-01-21	2025-07-26	5.00	3.00	5.00	1	1.095	24538.1320	0-1 Year (Onboarding)	0
2663	Quality Assurance	Associate	Associate - Quality Assurance	68192.37	3	1.33	32	Female	Two or More	2025-04-16	NULL	3.00	4.00	4.00	0	1.218	27276.9480	1-3 Years (Mid-Tenure)	0
135	Quality Assurance	Associate	Associate - Quality Assurance	49446.92	5	4.42	52	Other	Caucasian	2022-03-16	NULL	9.00	8.00	9.99	0	0.883	19778.7680	3+ Years (Tenured)	0
3467	Quality Assurance	Associate	Associate - Quality Assurance	45987.86	2	1.15	22	Other	Two or More	2024-06-20	2025-08-12	3.00	2.00	1.00	1	0.821	18395.1440	1-3 Years (Mid-Tenure)	0
133	Quality Assurance	Associate	Associate - Quality Assurance	47917.44	4	2.50	40	Non-Binary	African American	2024-02-13	NULL	1.00	1.00	1.00	0	0.856	19166.9760	1-3 Years (Mid-Tenure)	1
2699	Quality Assurance	Associate	Associate - Quality Assurance	55424.52	3	1.84	49	Female	Two or More	2024-10-14	NULL	7.00	4.00	5.00	0	0.990	22169.8080	1-3 Years (Mid-Tenure)	0
742	Quality Assurance	Associate	Associate - Quality Assurance	40455.00	3	2.58	45	Female	Caucasian	2024-01-15	NULL	7.00	3.00	6.00	0	0.722	16182.0000	1-3 Years (Mid-Tenure)	0
3462	Quality Assurance	Associate	Associate - Quality Assurance	41171.48	5	4.42	36	Male	Caucasian	2022-03-14	NULL	5.00	3.00	1.00	0	0.735	16468.5920	3+ Years (Tenured)	0
399	Quality Assurance	Associate	Associate - Quality Assurance	57650.08	4	3.71	34	Other	Asian	2022-12-01	NULL	5.00	5.00	6.00	0	1.030	23060.0320	3+ Years (Tenured)	0
1603	Quality Assurance	Associate	Associate - Quality Assurance	55109.01	4	0.92	26	Other	African American	2025-09-14	NULL	3.00	1.00	4.00	0	0.984	22043.6040	0-1 Year (Onboarding)	1
3836	Quality Assurance	Associate	Associate - Quality Assurance	56452.59	2	0.56	41	Other	Asian	2026-01-23	NULL	5.00	5.00	4.00	0	1.008	22581.0360	0-1 Year (Onboarding)	0
3452	Quality Assurance	Associate	Associate - Quality Assurance	72685.02	3	2.26	23	Other	NULL	2023-11-01	2026-02-04	4.00	6.00	2.00	1	1.298	29074.0080	1-3 Years (Mid-Tenure)	0
378	Quality Assurance	Associate	Associate - Quality Assurance	46000.64	2	4.27	31	Female	Hispanic	2022-05-11	NULL	4.00	2.00	9.99	0	0.821	18400.2560	3+ Years (Tenured)	0
216	Quality Assurance	Associate	Associate - Quality Assurance	47155.83	4	2.04	59	Male	Caucasian	2024-08-02	NULL	3.00	4.00	1.00	0	0.842	18862.3320	1-3 Years (Mid-Tenure)	1
3443	Quality Assurance	Associate	Associate - Quality Assurance	74268.66	3	2.66	34	Female	Asian	2023-12-19	NULL	6.00	5.00	4.00	0	1.326	29707.4640	1-3 Years (Mid-Tenure)	0
1615	Quality Assurance	Associate	Associate - Quality Assurance	41248.31	5	1.09	40	Female	Hispanic	2025-07-12	NULL	7.00	2.00	8.00	0	0.737	16499.3240	1-3 Years (Mid-Tenure)	0
2745	Quality Assurance	Associate	Associate - Quality Assurance	63493.77	4	0.74	53	Female	Hispanic	2023-12-24	2024-09-18	4.00	2.00	7.00	1	1.134	25397.5080	0-1 Year (Onboarding)	1
3439	Quality Assurance	Associate	Associate - Quality Assurance	49835.47	4	1.39	37	Female	Asian	2025-03-24	NULL	9.00	9.99	6.00	0	0.890	19934.1880	1-3 Years (Mid-Tenure)	0
4311	Quality Assurance	Associate	Associate - Quality Assurance	45557.47	4	2.15	26	Male	Two or More	2024-06-23	NULL	9.99	NULL	3.00	0	0.814	18222.9880	1-3 Years (Mid-Tenure)	0
3843	Quality Assurance	Associate	Associate - Quality Assurance	65665.70	3	4.82	34	NULL	African American	2021-10-21	NULL	8.00	5.00	5.00	0	1.173	26266.2800	3+ Years (Tenured)	0
369	Quality Assurance	Associate	Associate - Quality Assurance	74436.07	5	1.19	40	Non-Binary	Hispanic	2025-06-06	NULL	3.00	3.00	4.00	0	1.329	29774.4280	1-3 Years (Mid-Tenure)	1
365	Quality Assurance	Associate	Associate - Quality Assurance	71386.85	2	4.81	32	Other	Caucasian	2021-10-25	NULL	9.99	8.00	9.99	0	1.275	28554.7400	3+ Years (Tenured)	0
2579	Quality Assurance	Associate	Associate - Quality Assurance	49728.48	4	0.38	49	Other	African American	2026-03-28	NULL	7.00	4.00	7.00	0	0.888	19891.3920	0-1 Year (Onboarding)	0
2562	Quality Assurance	Associate	Associate - Quality Assurance	51431.34	4	5.12	33	Male	Hispanic	2021-07-04	NULL	6.00	1.00	4.00	0	0.918	20572.5360	3+ Years (Tenured)	0
1571	Quality Assurance	Associate	Associate - Quality Assurance	65332.91	2	0.38	27	Non-Binary	Asian	2025-09-14	2026-01-30	2.00	1.00	4.00	1	1.167	26133.1640	0-1 Year (Onboarding)	0
2612	Quality Assurance	Associate	Associate - Quality Assurance	55523.57	5	4.12	33	Other	Caucasian	2021-10-30	2025-12-12	9.99	9.99	8.00	1	0.992	22209.4280	3+ Years (Tenured)	0
2565	Quality Assurance	Associate	Associate - Quality Assurance	51909.13	3	0.91	31	Female	Caucasian	2025-01-19	2025-12-18	5.00	5.00	3.00	1	0.927	20763.6520	0-1 Year (Onboarding)	0
3529	Quality Assurance	Associate	Associate - Quality Assurance	65959.37	4	3.44	25	Male	Caucasian	2023-03-09	NULL	9.00	4.00	1.00	0	1.178	26383.7480	3+ Years (Tenured)	0
638	Quality Assurance	Associate	Associate - Quality Assurance	71040.40	3	1.34	49	Other	Two or More	2025-04-14	NULL	7.00	4.00	1.00	0	1.269	28416.1600	1-3 Years (Mid-Tenure)	0
3541	Quality Assurance	Associate	Associate - Quality Assurance	58585.68	3	1.01	51	Male	African American	2025-08-11	NULL	5.00	7.00	4.00	0	1.046	23434.2720	1-3 Years (Mid-Tenure)	0
1631	Quality Assurance	Domain Director	Domain Director - Quality Assurance	168066.16	1	3.05	42	Male	Hispanic	2023-07-27	NULL	7.00	9.99	9.99	0	0.980	67226.4640	3+ Years (Tenured)	0
2569	Quality Assurance	Domain Director	Domain Director - Quality Assurance	174785.35	1	3.19	47	Female	African American	2023-06-09	NULL	9.00	7.00	9.99	0	1.020	69914.1400	3+ Years (Tenured)	0
630	Quality Assurance	Manager	Manager - Quality Assurance	116011.04	2	1.80	41	Other	Two or More	2024-08-05	2026-05-25	4.00	1.00	5.00	1	1.228	46404.4160	1-3 Years (Mid-Tenure)	0
3320	Quality Assurance	Manager	Manager - Quality Assurance	110130.64	4	1.26	32	Non-Binary	African American	2025-05-13	NULL	6.00	3.00	2.00	0	1.166	44052.2560	1-3 Years (Mid-Tenure)	0
3536	Quality Assurance	Manager	Manager - Quality Assurance	72738.26	3	3.70	34	Non-Binary	Hispanic	2022-12-05	NULL	3.00	8.00	5.00	0	0.770	29095.3040	3+ Years (Tenured)	0
3760	Quality Assurance	Manager	Manager - Quality Assurance	78902.52	1	3.58	44	Male	Hispanic	2023-01-16	NULL	9.99	6.00	5.00	0	0.835	31561.0080	3+ Years (Tenured)	0
3551	Quality Assurance	Supervisor/Lead	Supervisor/Lead - Quality Assurance	71959.16	2	2.21	27	Male	Caucasian	2024-06-01	NULL	7.00	4.00	8.00	0	1.015	28783.6640	1-3 Years (Mid-Tenure)	0
1119	Quality Assurance	Supervisor/Lead	Supervisor/Lead - Quality Assurance	84530.01	5	0.91	27	Other	Two or More	2025-09-16	NULL	2.00	1.00	6.00	0	1.192	33812.0040	0-1 Year (Onboarding)	1
2484	Quality Assurance	Supervisor/Lead	Supervisor/Lead - Quality Assurance	86598.54	2	2.41	27	Other	Hispanic	2024-03-19	NULL	2.00	5.00	7.00	0	1.222	34639.4160	1-3 Years (Mid-Tenure)	0
3544	Quality Assurance	Supervisor/Lead	Supervisor/Lead - Quality Assurance	89366.20	3	3.16	49	Female	African American	2023-06-20	NULL	6.00	NULL	9.99	0	1.261	35746.4800	3+ Years (Tenured)	0
373	Quality Assurance	Supervisor/Lead	Supervisor/Lead - Quality Assurance	81369.80	3	1.43	39	Non-Binary	Two or More	2025-03-10	NULL	4.00	2.00	2.00	0	1.148	32547.9200	1-3 Years (Mid-Tenure)	0
1894	Quality Assurance	Supervisor/Lead	Supervisor/Lead - Quality Assurance	65278.11	2	0.05	62	Male	Asian	2026-07-26	NULL	NULL	NULL	NULL	0	0.921	26111.2440	0-1 Year (Onboarding)	0
932	Quality Assurance	Supervisor/Lead	Supervisor/Lead - Quality Assurance	62116.33	2	0.90	33	Male	Hispanic	2025-09-19	NULL	5.00	9.00	1.00	0	0.876	24846.5320	0-1 Year (Onboarding)	0
4077	Quality Assurance	Supervisor/Lead	Supervisor/Lead - Quality Assurance	67753.00	3	0.05	43	Other	Two or More	2026-07-26	NULL	NULL	NULL	NULL	0	0.956	27101.2000	0-1 Year (Onboarding)	0
1469	Quality Assurance	Supervisor/Lead	Supervisor/Lead - Quality Assurance	75480.62	3	4.67	45	Other	Two or More	2021-12-13	NULL	6.00	4.00	3.00	0	1.065	30192.2480	3+ Years (Tenured)	0
2012	Quality Assurance	Supervisor/Lead	Supervisor/Lead - Quality Assurance	55761.41	2	3.10	26	Female	Caucasian	2023-07-12	NULL	4.00	4.00	8.00	0	0.787	22304.5640	3+ Years (Tenured)	0
2145	Quality Assurance	Supervisor/Lead	Supervisor/Lead - Quality Assurance	69794.38	4	2.39	53	Non-Binary	Hispanic	2024-03-27	NULL	6.00	9.00	7.00	0	0.985	27917.7520	1-3 Years (Mid-Tenure)	0
4425	Quality Assurance	Supervisor/Lead	Supervisor/Lead - Quality Assurance	55215.97	4	2.83	29	Male	Asian	2021-12-29	2024-10-27	9.99	3.00	9.00	1	0.779	22086.3880	1-3 Years (Mid-Tenure)	0
707	Quality Assurance	Supervisor/Lead	Supervisor/Lead - Quality Assurance	81707.41	3	4.63	32	Female	African American	2021-12-30	NULL	6.00	8.00	5.00	0	1.153	32682.9640	3+ Years (Tenured)	0
4408	Quality Assurance	Supervisor/Lead	Supervisor/Lead - Quality Assurance	66855.58	3	2.58	31	Female	Caucasian	2024-01-17	NULL	2.00	5.00	2.00	0	0.943	26742.2320	1-3 Years (Mid-Tenure)	0
76	Quality Assurance	Supervisor/Lead	Supervisor/Lead - Quality Assurance	83839.59	3	0.36	23	Non-Binary	Caucasian	2026-04-04	NULL	2.00	2.00	7.00	0	1.183	33535.8360	0-1 Year (Onboarding)	0
1517	Quality Assurance	Supervisor/Lead	Supervisor/Lead - Quality Assurance	62136.25	1	4.04	24	Other	Caucasian	2022-08-02	NULL	4.00	7.00	5.00	0	0.877	24854.5000	3+ Years (Tenured)	0
119	Quality Assurance	Supervisor/Lead	Supervisor/Lead - Quality Assurance	80484.92	1	1.75	38	Non-Binary	Asian	2024-11-15	NULL	9.99	6.00	7.00	0	1.135	32193.9680	1-3 Years (Mid-Tenure)	0
1861	Quality Assurance	Supervisor/Lead	Supervisor/Lead - Quality Assurance	78811.38	3	0.99	28	Male	Hispanic	2025-08-17	NULL	3.00	6.00	5.00	0	1.112	31524.5520	0-1 Year (Onboarding)	0
3347	Quality Assurance	Supervisor/Lead	Supervisor/Lead - Quality Assurance	66245.46	1	0.27	44	Female	Two or More	2026-05-09	NULL	8.00	6.00	9.00	0	0.934	26498.1840	0-1 Year (Onboarding)	0
1722	Quality Assurance	Supervisor/Lead	Supervisor/Lead - Quality Assurance	69065.59	3	4.54	44	Non-Binary	Caucasian	2022-01-30	NULL	7.00	3.00	6.00	0	0.974	27626.2360	3+ Years (Tenured)	0
2962	Quality Assurance	Supervisor/Lead	Supervisor/Lead - Quality Assurance	68756.95	3	3.59	42	Female	Two or More	2023-01-11	NULL	9.99	8.00	6.00	0	0.970	27502.7800	3+ Years (Tenured)	0
1501	Quality Assurance	Supervisor/Lead	Supervisor/Lead - Quality Assurance	60328.05	1	4.08	43	Female	Asian	2022-07-19	NULL	9.99	8.00	7.00	0	0.851	24131.2200	3+ Years (Tenured)	0
2705	Quality Assurance	Supervisor/Lead	Supervisor/Lead - Quality Assurance	86374.95	3	4.92	30	Non-Binary	Caucasian	2021-09-13	NULL	9.00	5.00	3.00	0	1.218	34549.9800	3+ Years (Tenured)	0
3118	Quality Assurance	Supervisor/Lead	Supervisor/Lead - Quality Assurance	57768.74	4	1.89	42	Other	Hispanic	2024-09-24	NULL	9.99	9.99	5.00	0	0.815	23107.4960	1-3 Years (Mid-Tenure)	0
562	Quality Assurance	Supervisor/Lead	Supervisor/Lead - Quality Assurance	74201.84	4	0.83	23	Female	Two or More	2022-05-22	2023-03-21	NULL	NULL	NULL	1	1.047	29680.7360	0-1 Year (Onboarding)	0
3520	Quality Assurance	Supervisor/Lead	Supervisor/Lead - Quality Assurance	57725.74	1	1.64	40	NULL	Hispanic	2024-12-25	NULL	3.00	NULL	4.00	0	0.814	23090.2960	1-3 Years (Mid-Tenure)	0
4053	Quality Assurance	Supervisor/Lead	Supervisor/Lead - Quality Assurance	55327.69	3	4.01	60	Non-Binary	African American	2022-08-11	NULL	9.00	3.00	9.99	0	0.780	22131.0760	3+ Years (Tenured)	0
2062	Quality Assurance	Supervisor/Lead	Supervisor/Lead - Quality Assurance	70056.65	3	3.64	22	Other	Hispanic	2022-12-26	NULL	5.00	4.00	7.00	0	0.988	28022.6600	3+ Years (Tenured)	0
