employee_id,department_name,management_tier,job_title,base_salary,performance_rating,tenure_years,age,gender,ethnicity,hire_date,termination_date,engagement_score,manager_satisfaction,work_life_balance_score,is_attrition,comp_ratio,tenure_cohort,flight_risk_flag
1825,Engineering,Assistant Manager,Assistant Manager - Engineering,73367.07,4,1.65,39,Male,Two or More,2024-12-22,,3.0,1.0,4.0,0,0.9,1-3 Years (Mid-Tenure),1
407,Engineering,Assistant Manager,Assistant Manager - Engineering,67931.21,3,0.93,36,Other,Hispanic,2025-09-10,,3.0,6.0,5.0,0,0.833,0-1 Year (Onboarding),0
2628,Engineering,Assistant Manager,Assistant Manager - Engineering,95011.15,3,2.78,49,Other,Asian,2023-11-03,,3.0,6.0,1.0,0,1.165,1-3 Years (Mid-Tenure),0
1440,Engineering,Assistant Manager,Assistant Manager - Engineering,94341.29,2,2.26,30,Female,Two or More,2023-12-08,2026-03-11,6.0,5.0,8.0,1,1.157,1-3 Years (Mid-Tenure),0
2718,Engineering,Assistant Manager,Assistant Manager - Engineering,84449.19,3,3.65,30,Female,Asian,2022-12-20,,7.0,7.0,9.0,0,1.035,3+ Years (Tenured),0
3350,Engineering,Assistant Manager,Assistant Manager - Engineering,99203.51,5,1.46,38,Non-Binary,Asian,2025-02-27,,7.0,3.0,4.0,0,1.216,1-3 Years (Mid-Tenure),0
2946,Engineering,Assistant Manager,Assistant Manager - Engineering,85681.65,3,0.48,41,Non-Binary,Two or More,2026-02-22,,3.0,1.0,9.0,0,1.051,0-1 Year (Onboarding),0
778,Engineering,Assistant Manager,Assistant Manager - Engineering,68591.61,5,4.7,63,Male,Two or More,2021-12-05,,8.0,4.0,5.0,0,0.841,3+ Years (Tenured),0
1784,Engineering,Assistant Manager,Assistant Manager - Engineering,65456.48,3,0.38,35,Other,Two or More,2026-03-31,,6.0,5.0,9.0,0,0.803,0-1 Year (Onboarding),0
3830,Engineering,Associate,Associate - Engineering,65840.84,4,4.69,23,Non-Binary,Asian,2021-12-07,,5.0,3.0,4.0,0,1.139,3+ Years (Tenured),0
2233,Engineering,Associate,Associate - Engineering,59645.34,5,0.25,38,Female,Hispanic,2026-05-17,,7.0,2.0,6.0,0,1.032,0-1 Year (Onboarding),0
2240,Engineering,Associate,Associate - Engineering,44430.27,4,3.8,23,Female,Hispanic,2022-10-29,,8.0,7.0,9.0,0,0.768,3+ Years (Tenured),0
2242,Engineering,Associate,Associate - Engineering,41144.34,4,3.33,51,,African American,2023-04-17,,4.0,5.0,4.0,0,0.712,3+ Years (Tenured),1
3623,Engineering,Associate,Associate - Engineering,48761.79,5,2.92,31,Other,African American,2023-09-15,,4.0,4.0,7.0,0,0.843,1-3 Years (Mid-Tenure),1
456,Engineering,Associate,Associate - Engineering,69833.95,2,1.77,28,Male,Hispanic,2024-11-08,,7.0,6.0,5.0,0,1.208,1-3 Years (Mid-Tenure),0
2303,Engineering,Associate,Associate - Engineering,56021.47,4,1.3,41,Non-Binary,Asian,2025-04-29,,8.0,6.0,7.0,0,0.969,1-3 Years (Mid-Tenure),0
2328,Engineering,Associate,Associate - Engineering,72871.78,3,0.4,21,Female,African American,2026-03-22,,1.0,1.0,1.0,0,1.26,0-1 Year (Onboarding),0
3615,Engineering,Associate,Associate - Engineering,72674.3,3,4.06,31,Male,Caucasian,2022-07-25,,7.0,5.0,9.99,0,1.257,3+ Years (Tenured),0
443,Engineering,Associate,Associate - Engineering,42990.02,2,2.16,21,Female,,2022-12-05,2025-01-30,5.0,2.0,3.0,1,0.744,1-3 Years (Mid-Tenure),0
2408,Engineering,Associate,Associate - Engineering,41698.54,5,0.07,35,Male,Hispanic,2026-07-19,,6.0,5.0,5.0,0,0.721,0-1 Year (Onboarding),0
2412,Engineering,Associate,Associate - Engineering,74649.99,3,3.9,25,Non-Binary,Hispanic,2022-09-20,,8.0,2.0,5.0,0,1.291,3+ Years (Tenured),0
164,Engineering,Associate,Associate - Engineering,59819.64,3,2.88,31,Non-Binary,Hispanic,2021-08-01,2024-06-19,6.0,5.0,3.0,1,1.035,1-3 Years (Mid-Tenure),0
3832,Engineering,Associate,Associate - Engineering,40898.86,5,2.52,51,Other,Hispanic,2022-06-21,2024-12-25,9.0,3.0,4.0,1,0.707,1-3 Years (Mid-Tenure),0
1830,Engineering,Associate,Associate - Engineering,61513.78,3,0.96,50,Other,Caucasian,2025-08-30,,7.0,9.99,3.0,0,1.064,0-1 Year (Onboarding),0
2417,Engineering,Associate,Associate - Engineering,57396.61,4,0.35,40,Male,Asian,2024-12-27,2025-05-04,6.0,5.0,5.0,1,0.993,0-1 Year (Onboarding),0
2444,Engineering,Associate,Associate - Engineering,46641.24,3,4.78,32,Other,Caucasian,2021-11-04,,7.0,3.0,4.0,0,0.807,3+ Years (Tenured),0
3562,Engineering,Associate,Associate - Engineering,50796.78,3,1.96,21,Non-Binary,Caucasian,2024-08-30,,9.99,8.0,9.99,0,0.879,1-3 Years (Mid-Tenure),0
184,Engineering,Associate,Associate - Engineering,70365.57,4,2.69,36,Male,Hispanic,2023-12-07,,9.99,9.0,9.99,0,1.217,1-3 Years (Mid-Tenure),0
2456,Engineering,Associate,Associate - Engineering,54223.23,1,3.06,35,Other,Caucasian,2023-07-25,,9.0,4.0,7.0,0,0.938,3+ Years (Tenured),0
424,Engineering,Associate,Associate - Engineering,49904.59,4,1.35,37,Non-Binary,Hispanic,2025-04-08,,6.0,3.0,6.0,0,0.863,1-3 Years (Mid-Tenure),0
3560,Engineering,Associate,Associate - Engineering,50606.79,3,5.12,37,Other,Hispanic,2021-07-04,,5.0,3.0,1.0,0,0.875,3+ Years (Tenured),0
2474,Engineering,Associate,Associate - Engineering,48545.7,3,5.06,34,Non-Binary,Hispanic,2021-07-26,,5.0,5.0,6.0,0,0.84,3+ Years (Tenured),0
2487,Engineering,Associate,Associate - Engineering,64676.67,2,2.25,36,Female,Hispanic,2024-05-16,,5.0,2.0,4.0,0,1.119,1-3 Years (Mid-Tenure),0
197,Engineering,Associate,Associate - Engineering,48730.87,4,1.25,37,Non-Binary,Caucasian,2025-05-16,,9.99,5.0,6.0,0,0.843,1-3 Years (Mid-Tenure),0
508,Engineering,Associate,Associate - Engineering,63613.73,4,2.48,62,Female,Caucasian,2024-02-21,,7.0,8.0,5.0,0,1.1,1-3 Years (Mid-Tenure),0
1923,Engineering,Associate,Associate - Engineering,73985.47,3,0.1,39,Other,Caucasian,2026-07-11,,6.0,5.0,5.0,0,1.28,0-1 Year (Onboarding),0
1950,Engineering,Associate,Associate - Engineering,66960.73,4,3.17,39,Other,Asian,2023-06-14,,3.0,6.0,5.0,0,1.158,3+ Years (Tenured),1
1969,Engineering,Associate,Associate - Engineering,46118.94,4,4.64,37,Female,Asian,2021-12-24,,4.0,9.0,5.0,0,0.798,3+ Years (Tenured),1
536,Engineering,Associate,Associate - Engineering,50781.2,5,3.95,54,Male,,2022-09-04,,5.0,4.0,4.0,0,0.878,3+ Years (Tenured),0
2013,Engineering,Associate,Associate - Engineering,49173.89,4,1.99,37,Other,Two or More,2024-08-17,,9.99,6.0,8.0,0,0.85,1-3 Years (Mid-Tenure),0
3780,Engineering,Associate,Associate - Engineering,71383.19,3,3.45,45,Non-Binary,African American,2023-03-03,,5.0,1.0,5.0,0,1.235,3+ Years (Tenured),0
2066,Engineering,Associate,Associate - Engineering,59840.59,3,1.71,36,Male,Asian,2024-11-28,,1.0,4.0,6.0,0,1.035,1-3 Years (Mid-Tenure),0
2073,Engineering,Associate,Associate - Engineering,59590.1,2,4.38,35,Non-Binary,Hispanic,2022-03-29,,7.0,5.0,4.0,0,1.031,3+ Years (Tenured),0
3775,Engineering,Associate,Associate - Engineering,53814.18,1,3.15,47,Non-Binary,Hispanic,2023-06-23,,8.0,6.0,9.99,0,0.931,3+ Years (Tenured),0
1887,Engineering,Associate,Associate - Engineering,61740.88,4,2.38,45,Other,,2024-03-29,,7.0,8.0,2.0,0,1.068,1-3 Years (Mid-Tenure),0
3767,Engineering,Associate,Associate - Engineering,51841.58,3,4.67,49,Male,Asian,2021-12-13,,6.0,6.0,5.0,0,0.897,3+ Years (Tenured),0
2087,Engineering,Associate,associate - engineering,64326.51,3,4.4,38,Other,Caucasian,2022-03-23,,7.0,5.0,5.0,0,1.113,3+ Years (Tenured),0
2224,Engineering,Associate,Associate - Engineering,67027.0,4,0.61,46,Male,Caucasian,2026-01-05,,3.0,1.0,4.0,0,1.159,0-1 Year (Onboarding),1
3748,Engineering,Associate,Associate - Engineering,43823.76,3,1.06,27,Male,Hispanic,2025-07-24,,8.0,9.99,8.0,0,0.758,1-3 Years (Mid-Tenure),0
1857,Engineering,Associate,Associate - Engineering,40266.1,3,2.76,42,Non-Binary,Hispanic,2023-11-10,,1.0,4.0,5.0,0,0.696,1-3 Years (Mid-Tenure),0
2131,Engineering,Associate,Associate - Engineering,63269.12,5,3.54,37,,Asian,2023-01-31,,4.0,3.0,6.0,0,1.094,3+ Years (Tenured),1
3745,Engineering,Associate,Associate - Engineering,66889.45,2,4.15,44,Non-Binary,Two or More,2022-06-21,,6.0,5.0,3.0,0,1.157,3+ Years (Tenured),0
2132,Engineering,Associate,Associate - Engineering,65736.68,4,3.64,50,Non-Binary,African American,2021-12-02,2025-07-23,5.0,5.0,8.0,1,1.137,3+ Years (Tenured),0
2136,Engineering,Associate,Associate - Engineering,57702.49,4,1.7,54,Non-Binary,Caucasian,2024-12-03,,5.0,2.0,4.0,0,0.998,1-3 Years (Mid-Tenure),0
2161,Engineering,Associate,Associate - Engineering,51912.53,3,0.63,30,Other,African American,2025-12-27,,5.0,7.0,3.0,0,0.898,0-1 Year (Onboarding),0
3705,Engineering,Associate,Associate - Engineering,58169.54,5,1.21,54,Female,Asian,2025-05-31,,5.0,7.0,4.0,0,1.006,1-3 Years (Mid-Tenure),0
2219,Engineering,Associate,Associate - Engineering,57946.79,3,3.52,34,Female,Caucasian,2023-02-09,,1.0,4.0,2.0,0,1.002,3+ Years (Tenured),0
2223,Engineering,Associate,Associate - Engineering,70480.59,3,1.98,40,Non-Binary,African American,2024-08-23,,6.0,5.0,9.99,0,1.219,1-3 Years (Mid-Tenure),0
1917,Engineering,Associate,Associate - Engineering,72713.5,2,0.53,24,Male,African American,2026-02-04,,9.99,4.0,6.0,0,1.258,0-1 Year (Onboarding),0
248,Engineering,Associate,Associate - Engineering,44940.46,3,1.55,39,Female,,2025-01-27,,3.0,6.0,7.0,0,0.777,1-3 Years (Mid-Tenure),0
3389,Engineering,Associate,Associate - Engineering,54161.57,4,4.49,24,,Hispanic,2022-02-18,,9.99,8.0,5.0,0,0.937,3+ Years (Tenured),0
2915,Engineering,Associate,Associate - Engineering,66121.79,3,0.7,24,Female,,2025-12-04,,7.0,4.0,7.0,0,1.144,0-1 Year (Onboarding),0
2936,Engineering,Associate,Associate - Engineering,42110.48,1,3.65,42,Female,Two or More,2022-12-23,,5.0,4.0,6.0,0,0.728,3+ Years (Tenured),0
2939,Engineering,Associate,Associate - Engineering,71717.98,1,3.55,31,Non-Binary,African American,2023-01-27,,5.0,4.0,5.0,0,1.24,3+ Years (Tenured),0
2970,Engineering,Associate,Associate - Engineering,68553.45,4,4.93,21,Male,Asian,2021-09-12,,5.0,4.0,2.0,0,1.186,3+ Years (Tenured),0
2995,Engineering,Associate,Associate - Engineering,55620.33,3,0.1,49,Male,Two or More,2023-10-15,2023-11-20,6.0,5.0,5.0,1,0.962,0-1 Year (Onboarding),0
3315,Engineering,Associate,Associate - Engineering,54591.92,2,2.08,65,,Caucasian,2024-07-15,,6.0,5.0,4.0,0,0.944,1-3 Years (Mid-Tenure),0
3304,Engineering,Associate,Associate - Engineering,68356.56,4,1.5,21,Other,Hispanic,2022-05-04,2023-11-03,6.0,5.0,5.0,1,1.182,1-3 Years (Mid-Tenure),0
3029,Engineering,Associate,Associate - Engineering,68175.01,4,4.85,31,Non-Binary,Two or More,2021-10-08,,7.0,2.0,3.0,0,1.179,3+ Years (Tenured),0
3048,Engineering,Associate,Associate - Engineering,60414.55,2,3.13,38,Other,Two or More,2023-06-28,,4.0,1.0,2.0,0,1.045,3+ Years (Tenured),0
296,Engineering,Associate,Associate - Engineering,72510.49,3,0.41,34,Other,,2026-03-20,,7.0,6.0,1.0,0,1.254,0-1 Year (Onboarding),0
3285,Engineering,Associate,Associate - Engineering,57654.43,3,3.38,36,Non-Binary,Caucasian,2023-03-30,,8.0,6.0,9.99,0,0.997,3+ Years (Tenured),0
2903,Engineering,Associate,Associate - Engineering,64000.95,5,0.32,34,Other,African American,2022-06-26,2022-10-19,6.0,5.0,5.0,1,1.107,0-1 Year (Onboarding),0
293,Engineering,Associate,Associate - Engineering,52215.75,3,1.91,41,Male,African American,2024-09-18,,4.0,4.0,6.0,0,0.903,1-3 Years (Mid-Tenure),0
3264,Engineering,Associate,Associate - Engineering,62438.59,5,1.21,21,Male,,2025-05-30,,7.0,4.0,9.99,0,1.08,1-3 Years (Mid-Tenure),0
3076,Engineering,Associate,Associate - Engineering,61647.24,4,2.99,35,Male,Hispanic,2023-08-20,,6.0,6.0,5.0,0,1.066,1-3 Years (Mid-Tenure),0
3107,Engineering,Associate,Associate - Engineering,59059.21,3,2.72,21,Female,Two or More,2023-11-25,,2.0,4.0,4.0,0,1.021,1-3 Years (Mid-Tenure),0
3109,Engineering,Associate,Associate - Engineering,44502.62,2,4.05,26,Other,Caucasian,2022-07-30,,5.0,3.0,1.0,0,0.77,3+ Years (Tenured),0
3234,Engineering,Associate,Associate - Engineering,70260.48,3,3.84,37,Female,African American,2022-10-12,,5.0,7.0,4.0,0,1.215,3+ Years (Tenured),0
3142,Engineering,Associate,Associate - Engineering,60490.65,2,1.68,38,Other,African American,2024-12-10,,1.0,3.0,1.0,0,1.046,1-3 Years (Mid-Tenure),0
3153,Engineering,Associate,Associate - Engineering,70467.89,3,4.1,48,Female,African American,2022-07-11,,7.0,4.0,8.0,0,1.219,3+ Years (Tenured),0
262,Engineering,Associate,Associate - Engineering,62307.69,5,4.49,41,Female,Hispanic,2022-02-17,,5.0,3.0,1.0,0,1.078,3+ Years (Tenured),0
3226,Engineering,Associate,Associate - Engineering,68278.91,2,2.35,25,Other,Two or More,2024-04-10,,6.0,5.0,7.0,0,1.181,1-3 Years (Mid-Tenure),0
3219,Engineering,Associate,Associate - Engineering,53090.65,3,0.64,54,Other,Two or More,2025-12-26,,5.0,8.0,4.0,0,0.918,0-1 Year (Onboarding),0
266,Engineering,Associate,Associate - Engineering,74962.32,3,4.31,43,Non-Binary,African American,2022-04-24,,9.0,4.0,6.0,0,1.296,3+ Years (Tenured),0
3466,Engineering,Associate,Associate - Engineering,53064.9,2,2.7,24,Non-Binary,Hispanic,2023-12-04,,4.0,2.0,6.0,0,0.918,1-3 Years (Mid-Tenure),0
195,Engineering,Associate,Associate - Engineering,65902.93,1,0.59,30,Non-Binary,Asian,2026-01-13,,6.0,6.0,7.0,0,1.14,0-1 Year (Onboarding),0
1939,Engineering,Associate,Associate - Engineering,66137.87,3,2.45,45,Other,Hispanic,2024-03-05,,9.0,6.0,9.99,0,1.144,1-3 Years (Mid-Tenure),0
2523,Engineering,Associate,Associate - Engineering,47802.24,2,2.26,45,Female,Asian,2022-01-29,2024-05-04,6.0,5.0,5.0,1,0.827,1-3 Years (Mid-Tenure),0
2531,Engineering,Associate,Associate - Engineering,72790.73,3,1.52,22,Female,Caucasian,2025-02-05,,9.99,6.0,9.0,0,1.259,1-3 Years (Mid-Tenure),0
2542,Engineering,Associate,Associate - Engineering,41047.77,3,2.83,34,Non-Binary,Two or More,2023-10-17,,4.0,2.0,3.0,0,0.71,1-3 Years (Mid-Tenure),0
2555,Engineering,Associate,Associate - Engineering,47053.13,4,1.14,42,Non-Binary,Asian,2025-06-25,,5.0,5.0,1.0,0,0.814,1-3 Years (Mid-Tenure),0
2557,Engineering,Associate,Associate - Engineering,40650.95,3,2.06,43,Female,Asian,2024-07-25,,9.99,9.99,7.0,0,0.703,1-3 Years (Mid-Tenure),0
2590,Engineering,Associate,Associate - Engineering,54550.83,5,1.14,61,Male,African American,2025-06-25,,4.0,8.0,9.99,0,0.943,1-3 Years (Mid-Tenure),1
2706,Engineering,Associate,Associate - Engineering,69499.14,3,2.37,29,Female,,2024-04-03,,7.0,4.0,4.0,0,1.202,1-3 Years (Mid-Tenure),0
2733,Engineering,Associate,Associate - Engineering,72671.41,3,2.46,53,Other,Two or More,2024-03-01,,7.0,5.0,4.0,0,1.257,1-3 Years (Mid-Tenure),0
2752,Engineering,Associate,Associate - Engineering,57168.2,1,5.05,21,Female,Hispanic,2021-07-29,,5.0,6.0,1.0,0,0.989,3+ Years (Tenured),0
3468,Engineering,Associate,Associate - Engineering,48621.09,5,4.61,38,Female,African American,2022-01-05,,1.0,1.0,6.0,0,0.841,3+ Years (Tenured),1
3531,Engineering,Associate,Associate - Engineering,70860.02,3,0.42,44,Non-Binary,Two or More,2026-03-14,,7.0,8.0,9.99,0,1.226,0-1 Year (Onboarding),0
2764,Engineering,Associate,Associate - Engineering,59682.86,4,0.14,43,Female,African American,2026-06-25,,6.0,5.0,5.0,0,1.032,0-1 Year (Onboarding),0
3454,Engineering,Associate,Associate - Engineering,45723.42,4,2.24,38,Non-Binary,African American,2024-05-19,,6.0,8.0,5.0,0,0.791,1-3 Years (Mid-Tenure),0
2798,Engineering,Associate,Associate - Engineering,49577.95,3,0.32,32,Male,Two or More,2026-04-21,,7.0,4.0,1.0,0,0.857,0-1 Year (Onboarding),0
2822,Engineering,Associate,Associate - Engineering,48477.33,3,0.41,39,Female,Asian,2026-03-17,,6.0,5.0,5.0,0,0.838,0-1 Year (Onboarding),0
3446,Engineering,Associate,Associate - Engineering,42451.6,3,3.28,29,Female,Hispanic,2023-05-04,,9.0,7.0,8.0,0,0.734,3+ Years (Tenured),0
2837,Engineering,Associate,Associate - Engineering,73665.67,4,2.87,21,Other,Hispanic,2023-10-04,,6.0,8.0,8.0,0,1.274,1-3 Years (Mid-Tenure),0
352,Engineering,Associate,Associate - Engineering,74332.78,3,4.45,53,Other,Hispanic,2022-03-04,,9.0,9.0,7.0,0,1.286,3+ Years (Tenured),0
222,Engineering,Associate,Associate - Engineering,63444.96,4,0.7,54,Female,Hispanic,2022-11-23,2023-08-04,6.0,5.0,5.0,1,1.097,0-1 Year (Onboarding),0
2847,Engineering,Associate,Associate - Engineering,47133.69,3,2.65,39,Male,Two or More,2023-12-23,,5.0,7.0,1.0,0,0.815,1-3 Years (Mid-Tenure),0
349,Engineering,Associate,Associate - Engineering,52873.71,3,0.93,39,Male,Caucasian,2024-11-07,2025-10-13,6.0,5.0,7.0,1,0.914,0-1 Year (Onboarding),0
347,Engineering,Associate,Associate - Engineering,53311.75,2,5.11,42,Non-Binary,Hispanic,2021-07-06,,8.0,8.0,8.0,0,0.922,3+ Years (Tenured),0
2891,Engineering,Associate,Associate - Engineering,45323.06,4,0.48,52,Female,Hispanic,2022-08-06,2023-01-27,6.0,5.0,5.0,1,0.784,0-1 Year (Onboarding),0
1338,Engineering,Associate,Associate - Engineering,57189.46,2,0.62,31,Other,Asian,2026-01-01,,7.0,5.0,8.0,0,0.989,0-1 Year (Onboarding),0
1117,Engineering,Associate,Associate - Engineering,64994.15,3,4.98,56,Female,Asian,2021-08-25,,9.0,4.0,8.0,0,1.124,3+ Years (Tenured),0
1126,Engineering,Associate,Associate - Engineering,52018.85,4,1.87,40,Other,Two or More,2024-10-02,,6.0,4.0,6.0,0,0.9,1-3 Years (Mid-Tenure),0
733,Engineering,Associate,Associate - Engineering,57794.86,1,4.95,35,,Two or More,2021-09-03,,4.0,5.0,4.0,0,1.0,3+ Years (Tenured),0
732,Engineering,Associate,Associate - Engineering,65294.98,2,3.78,52,Other,African American,2022-11-06,,8.0,8.0,4.0,0,1.129,3+ Years (Tenured),0
1211,Engineering,Associate,Associate - Engineering,62969.44,4,2.44,49,Male,African American,2024-03-09,,6.0,4.0,4.0,0,1.089,1-3 Years (Mid-Tenure),0
1238,Engineering,Associate,Associate - Engineering,70816.01,2,0.94,35,Male,Two or More,2025-09-07,,5.0,2.0,4.0,0,1.225,0-1 Year (Onboarding),0
4261,Engineering,Associate,Associate - Engineering,71727.21,3,2.93,50,Non-Binary,Caucasian,2023-09-10,,6.0,9.99,3.0,0,1.241,1-3 Years (Mid-Tenure),0
4242,Engineering,Associate,Associate - Engineering,44143.05,4,5.03,47,Non-Binary,Asian,2021-08-05,,8.0,6.0,5.0,0,0.763,3+ Years (Tenured),0
1239,Engineering,Associate,Associate - Engineering,55181.43,3,4.15,51,,Asian,2022-06-24,,4.0,7.0,3.0,0,0.954,3+ Years (Tenured),0
4231,Engineering,Associate,Associate - Engineering,41799.84,1,2.22,48,Male,Caucasian,2024-05-28,,9.99,9.99,9.0,0,0.723,1-3 Years (Mid-Tenure),0
1292,Engineering,Associate,Associate - Engineering,50068.05,4,1.02,32,Female,Hispanic,2023-09-05,2024-09-13,3.0,1.0,1.0,1,0.866,1-3 Years (Mid-Tenure),1
1320,Engineering,Associate,Associate - Engineering,50702.53,4,0.75,33,Female,African American,2025-11-15,,9.99,9.99,9.0,0,0.877,0-1 Year (Onboarding),0
1105,Engineering,Associate,Associate - Engineering,50358.54,1,3.78,43,Other,African American,2022-11-04,,3.0,8.0,8.0,0,0.871,3+ Years (Tenured),0
1343,Engineering,Associate,Associate - Engineering,40723.34,3,0.5,52,Non-Binary,Two or More,2026-02-13,,5.0,7.0,1.0,0,0.704,0-1 Year (Onboarding),0
1353,Engineering,Associate,Associate - Engineering,66665.34,3,2.08,36,Female,Two or More,2024-07-17,,9.0,4.0,1.0,0,1.153,1-3 Years (Mid-Tenure),0
697,Engineering,Associate,Associate - Engineering,54393.56,4,2.26,43,Male,Two or More,2024-05-13,,9.0,9.0,6.0,0,0.941,1-3 Years (Mid-Tenure),0
1372,Engineering,Associate,Associate - Engineering,58298.53,2,1.4,34,Other,African American,2025-03-22,,7.0,2.0,2.0,0,1.008,1-3 Years (Mid-Tenure),0
4142,Engineering,Associate,Associate - Engineering,50545.76,3,1.59,48,Female,Caucasian,2025-01-12,,8.0,8.0,4.0,0,0.874,1-3 Years (Mid-Tenure),0
4133,Engineering,Associate,Associate - Engineering,52923.41,4,1.56,43,Female,African American,2025-01-21,,9.0,9.0,5.0,0,0.915,1-3 Years (Mid-Tenure),0
1382,Engineering,Associate,Associate - Engineering,40107.4,3,4.98,39,Other,Two or More,2021-08-23,,5.0,6.0,7.0,0,0.694,3+ Years (Tenured),0
4123,Engineering,Associate,Associate - Engineering,54678.93,3,0.8,52,Male,Caucasian,2025-10-26,,9.99,7.0,9.99,0,0.946,0-1 Year (Onboarding),0
4117,Engineering,Associate,Associate - Engineering,59907.84,3,0.3,41,Female,Caucasian,2026-04-29,,6.0,9.0,7.0,0,1.036,0-1 Year (Onboarding),0
674,Engineering,Associate,Associate - Engineering,55993.9,4,4.17,44,Male,Hispanic,2022-06-14,,4.0,5.0,5.0,0,0.968,3+ Years (Tenured),1
1420,Engineering,Associate,Associate - Engineering,55340.75,3,2.12,34,Other,African American,2024-07-03,,8.0,8.0,9.99,0,0.957,1-3 Years (Mid-Tenure),0
4107,Engineering,Associate,Associate - Engineering,64378.46,4,2.25,42,Female,African American,2024-05-17,,1.0,2.0,2.0,0,1.113,1-3 Years (Mid-Tenure),1
964,Engineering,Associate,Associate - Engineering,59985.16,4,1.36,31,Other,African American,2025-04-05,,7.0,2.0,1.0,0,1.037,1-3 Years (Mid-Tenure),0
831,Engineering,Associate,Associate - Engineering,43484.77,4,3.65,39,Female,Hispanic,2022-12-20,,8.0,4.0,2.0,0,0.752,3+ Years (Tenured),0
4445,Engineering,Associate,Associate - Engineering,64700.67,5,1.1,39,Female,,2024-10-05,2025-11-12,4.0,5.0,4.0,1,1.119,1-3 Years (Mid-Tenure),1
838,Engineering,Associate,Associate - Engineering,54742.86,2,1.79,42,Non-Binary,Two or More,2024-10-29,,7.0,5.0,1.0,0,0.947,1-3 Years (Mid-Tenure),0
4424,Engineering,Associate,Associate - Engineering,67971.15,4,0.83,43,Female,,2025-10-17,,6.0,8.0,8.0,0,1.176,0-1 Year (Onboarding),0
818,Engineering,Associate,Associate - Engineering,65996.0,5,4.71,40,Female,African American,2021-11-30,,2.0,2.0,1.0,0,1.141,3+ Years (Tenured),1
867,Engineering,Associate,Associate - Engineering,67436.29,5,4.52,21,Non-Binary,Two or More,2022-02-07,,8.0,7.0,7.0,0,1.166,3+ Years (Tenured),0
898,Engineering,Associate,Associate - Engineering,55368.6,4,4.21,33,Male,Caucasian,2022-06-02,,1.0,2.0,1.0,0,0.958,3+ Years (Tenured),1
915,Engineering,Associate,Associate - Engineering,70938.62,2,2.81,43,Female,African American,2023-10-24,,3.0,7.0,4.0,0,1.227,1-3 Years (Mid-Tenure),0
792,Engineering,Associate,Associate - Engineering,70503.25,2,0.83,38,Other,Asian,2025-10-16,,1.0,4.0,1.0,0,1.219,0-1 Year (Onboarding),0
4387,Engineering,Associate,Associate - Engineering,57827.62,4,1.77,24,Other,Caucasian,2024-11-06,,7.0,2.0,5.0,0,1.0,1-3 Years (Mid-Tenure),0
936,Engineering,Associate,Associate - Engineering,72264.47,2,1.45,32,Other,Asian,2025-03-05,,7.0,4.0,1.0,0,1.25,1-3 Years (Mid-Tenure),0
15,Engineering,Associate,Associate - Engineering,53215.23,3,4.76,41,Male,African American,2021-11-11,,1.0,2.0,2.0,0,0.92,3+ Years (Tenured),0
1804,Engineering,Associate,Associate - Engineering,64626.86,3,2.94,47,Female,Hispanic,2023-09-08,,3.0,1.0,4.0,0,1.118,1-3 Years (Mid-Tenure),0
1003,Engineering,Associate,Associate - Engineering,42887.32,4,1.84,36,Male,Hispanic,2024-10-14,,9.99,8.0,7.0,0,0.742,1-3 Years (Mid-Tenure),0
4375,Engineering,Associate,Associate - Engineering,45768.43,3,1.67,22,Female,African American,2024-12-13,,8.0,5.0,4.0,0,0.792,1-3 Years (Mid-Tenure),0
4358,Engineering,Associate,Associate - Engineering,42603.87,1,0.52,33,Male,Caucasian,2026-02-06,,5.0,6.0,8.0,0,0.737,0-1 Year (Onboarding),0
1014,Engineering,Associate,Associate - Engineering,63605.84,4,2.42,43,Other,Asian,2024-03-15,,6.0,9.0,8.0,0,1.1,1-3 Years (Mid-Tenure),0
25,Engineering,Associate,Associate - Engineering,69751.39,4,3.28,58,Other,Asian,2023-05-07,,9.99,6.0,9.99,0,1.206,3+ Years (Tenured),0
1029,Engineering,Associate,Associate - Engineering,48438.54,4,4.04,45,Non-Binary,Caucasian,2022-08-01,,6.0,8.0,5.0,0,0.838,3+ Years (Tenured),0
4350,Engineering,Associate,Associate - Engineering,54837.46,5,4.91,45,Male,Asian,2021-09-19,,7.0,5.0,5.0,0,0.948,3+ Years (Tenured),0
766,Engineering,Associate,Associate - Engineering,71632.75,4,1.41,43,Male,Asian,2022-04-09,2023-09-05,6.0,5.0,5.0,1,1.239,1-3 Years (Mid-Tenure),0
1084,Engineering,Associate,Associate - Engineering,68143.28,3,0.66,43,Other,,2025-12-18,,1.0,1.0,3.0,0,1.179,0-1 Year (Onboarding),0
1094,Engineering,Associate,Associate - Engineering,48517.48,3,0.08,51,Other,African American,2026-06-29,2026-07-29,6.0,5.0,5.0,1,0.839,0-1 Year (Onboarding),0
4330,Engineering,Associate,Associate - Engineering,53125.13,2,3.05,31,Male,Asian,2023-07-27,,6.0,9.0,7.0,0,0.919,3+ Years (Tenured),0
4321,Engineering,Associate,Associate - Engineering,43603.23,5,3.24,62,Non-Binary,African American,2023-05-22,,7.0,9.99,5.0,0,0.754,3+ Years (Tenured),0
1706,Engineering,Associate,Associate - Engineering,40850.92,3,4.02,33,Other,Two or More,2022-08-07,,7.0,4.0,5.0,0,0.707,3+ Years (Tenured),0
1565,Engineering,Associate,Associate - Engineering,51037.16,4,4.48,33,Male,Asian,2022-02-22,,8.0,5.0,3.0,0,0.883,3+ Years (Tenured),0
1588,Engineering,Associate,Associate - Engineering,63509.97,5,1.49,26,Male,African American,2025-02-18,,7.0,5.0,4.0,0,1.098,1-3 Years (Mid-Tenure),0
1605,Engineering,Associate,Associate - Engineering,50388.17,3,0.36,39,Other,Hispanic,2025-11-18,2026-03-31,4.0,3.0,5.0,1,0.871,0-1 Year (Onboarding),0
1609,Engineering,Associate,Associate - Engineering,68458.46,1,3.76,21,Male,Asian,2022-11-11,,7.0,5.0,6.0,0,1.184,3+ Years (Tenured),0
1624,Engineering,Associate,Associate - Engineering,55225.76,4,1.77,42,Non-Binary,Hispanic,2024-11-08,,8.0,4.0,6.0,0,0.955,1-3 Years (Mid-Tenure),0
4038,Engineering,Associate,Associate - Engineering,59721.73,2,0.9,51,Non-Binary,African American,2023-05-04,2024-03-28,6.0,5.0,5.0,1,1.033,0-1 Year (Onboarding),0
1629,Engineering,Associate,Associate - Engineering,58714.54,2,4.9,45,Male,African American,2021-09-22,,3.0,6.0,5.0,0,1.015,3+ Years (Tenured),0
1639,Engineering,Associate,Associate - Engineering,66543.42,2,0.8,36,Other,Hispanic,2025-08-04,2026-05-22,5.0,9.99,3.0,1,1.151,0-1 Year (Onboarding),0
1653,Engineering,Associate,Associate - Engineering,55124.11,4,0.9,40,Female,Asian,2025-09-20,,7.0,5.0,4.0,0,0.953,0-1 Year (Onboarding),0
1656,Engineering,Associate,Associate - Engineering,72595.08,2,1.42,43,Other,Hispanic,2023-10-25,2025-03-25,5.0,9.0,6.0,1,1.256,1-3 Years (Mid-Tenure),0
1658,Engineering,Associate,Associate - Engineering,55022.74,4,0.82,32,Other,Two or More,2025-10-19,,5.0,7.0,1.0,0,0.952,0-1 Year (Onboarding),0
1672,Engineering,Associate,Associate - Engineering,72026.23,4,2.94,34,Other,African American,2023-09-07,,6.0,1.0,4.0,0,1.246,1-3 Years (Mid-Tenure),0
1705,Engineering,Associate,Associate - Engineering,41815.21,4,1.13,35,Other,Two or More,2025-06-27,,6.0,7.0,7.0,0,0.723,1-3 Years (Mid-Tenure),0
77,Engineering,Associate,Associate - Engineering,59904.19,4,4.76,32,Other,African American,2021-11-10,,6.0,4.0,7.0,0,1.036,3+ Years (Tenured),0
1711,Engineering,Associate,Associate - Engineering,47642.49,4,3.21,58,Other,African American,2023-05-30,,1.0,1.0,5.0,0,0.824,3+ Years (Tenured),1
109,Engineering,Associate,Associate - Engineering,66316.26,2,0.61,44,Male,African American,2026-01-03,,4.0,7.0,4.0,0,1.147,0-1 Year (Onboarding),0
3975,Engineering,Associate,Associate - Engineering,63982.44,2,1.32,53,Female,Hispanic,2024-09-16,2026-01-10,9.99,9.0,5.0,1,1.107,1-3 Years (Mid-Tenure),0
111,Engineering,Associate,Associate - Engineering,51033.86,2,3.55,40,Male,Caucasian,2023-01-29,,4.0,4.0,1.0,0,0.883,3+ Years (Tenured),0
1729,Engineering,Associate,Associate - Engineering,62669.14,2,1.26,39,Other,Hispanic,2025-05-11,,8.0,8.0,6.0,0,1.084,1-3 Years (Mid-Tenure),0
595,Engineering,Associate,Associate - Engineering,58669.84,2,0.83,39,Male,African American,2025-10-15,,4.0,2.0,1.0,0,1.015,0-1 Year (Onboarding),0
1759,Engineering,Associate,Associate - Engineering,53503.25,4,2.81,32,Non-Binary,Hispanic,2023-10-24,,2.0,1.0,3.0,0,0.925,1-3 Years (Mid-Tenure),1
3941,Engineering,Associate,Associate - Engineering,74245.79,1,0.78,42,Male,African American,2023-04-06,2024-01-17,6.0,5.0,5.0,1,1.284,0-1 Year (Onboarding),0
3920,Engineering,Associate,Associate - Engineering,72326.1,4,4.02,27,Male,Hispanic,2022-08-07,,3.0,4.0,3.0,0,1.251,3+ Years (Tenured),1
583,Engineering,Associate,Associate - Engineering,72440.36,2,3.72,37,Male,Asian,2022-11-25,,1.0,5.0,5.0,0,1.253,3+ Years (Tenured),0
1790,Engineering,Associate,Associate - Engineering,45219.65,3,0.32,44,Male,Asian,2025-06-17,2025-10-10,6.0,5.0,5.0,1,0.782,0-1 Year (Onboarding),0
573,Engineering,Associate,Associate - Engineering,50614.84,3,0.18,37,Non-Binary,African American,2026-06-10,,8.0,5.0,4.0,0,0.875,0-1 Year (Onboarding),0
4105,Engineering,Associate,Associate - Engineering,47571.87,3,1.97,22,Male,Two or More,2024-08-27,,8.0,5.0,3.0,0,0.823,1-3 Years (Mid-Tenure),0
4101,Engineering,Associate,Associate - Engineering,74385.47,2,0.59,41,Female,Two or More,2026-01-13,,4.0,4.0,5.0,0,1.286,0-1 Year (Onboarding),0
1562,Engineering,Associate,Associate - Engineering,44948.39,2,0.57,31,Male,African American,2026-01-19,,6.0,5.0,5.0,0,0.777,0-1 Year (Onboarding),0
1535,Engineering,Associate,Associate - Engineering,63747.21,5,1.25,21,,Hispanic,2025-05-15,,4.0,2.0,7.0,0,1.102,1-3 Years (Mid-Tenure),1
1459,Engineering,Associate,Associate - Engineering,53854.52,4,0.78,49,,Caucasian,2025-11-05,,4.0,1.0,5.0,0,0.931,0-1 Year (Onboarding),1
4084,Engineering,Associate,Associate - Engineering,55504.92,4,3.48,41,Male,Asian,2022-12-19,2026-06-11,3.0,9.0,5.0,1,0.96,3+ Years (Tenured),1
1496,Engineering,Associate,Associate - Engineering,52831.78,2,0.44,33,Male,Two or More,2026-03-08,,4.0,3.0,3.0,0,0.914,0-1 Year (Onboarding),0
1497,Engineering,Associate,Associate - Engineering,49784.11,5,4.47,42,Female,African American,2022-02-27,,4.0,6.0,5.0,0,0.861,3+ Years (Tenured),1
84,Engineering,Associate,Associate - Engineering,68723.69,3,2.65,41,Non-Binary,Asian,2023-12-22,,5.0,3.0,4.0,0,1.189,1-3 Years (Mid-Tenure),0
1500,Engineering,Associate,Associate - Engineering,46774.87,4,4.1,28,Female,African American,2022-07-11,,6.0,5.0,3.0,0,0.809,3+ Years (Tenured),0
1525,Engineering,Associate,Associate - Engineering,46635.94,3,0.96,44,Other,Asian,2025-08-30,,7.0,7.0,5.0,0,0.807,0-1 Year (Onboarding),0
1376,Engineering,Domain Director,Domain Director - Engineering,148116.54,3,1.55,44,Non-Binary,,2025-01-28,,5.0,5.0,3.0,0,1.033,1-3 Years (Mid-Tenure),0
3599,Engineering,Domain Director,domain director - engineering,124098.63,3,2.6,48,Non-Binary,Hispanic,2024-01-08,,7.0,5.0,5.0,0,0.866,1-3 Years (Mid-Tenure),0
1036,Engineering,Domain Director,Domain Director - Engineering,157762.2,3,1.95,41,Female,Caucasian,2024-09-04,,9.0,5.0,9.99,0,1.101,1-3 Years (Mid-Tenure),0
69,Engineering,Manager,Manager - Engineering,89355.03,3,3.04,27,Other,Asian,2023-08-01,,6.0,5.0,7.0,0,0.906,3+ Years (Tenured),0
925,Engineering,Manager,Manager - Engineering,85329.19,5,1.95,49,Male,African American,2024-09-03,,5.0,7.0,9.0,0,0.865,1-3 Years (Mid-Tenure),0
1210,Engineering,Manager,Manager - Engineering,113290.69,1,2.93,33,Non-Binary,Hispanic,2023-09-10,,5.0,5.0,1.0,0,1.149,1-3 Years (Mid-Tenure),0
4016,Engineering,Manager,Manager - Engineering,83481.83,3,2.58,43,Female,Hispanic,2024-01-15,,4.0,5.0,7.0,0,0.847,1-3 Years (Mid-Tenure),0
324,Engineering,Manager,Manager - Engineering,114604.72,3,0.05,47,Male,Caucasian,2026-07-26,,6.0,5.0,5.0,0,1.162,0-1 Year (Onboarding),0
4380,Engineering,Manager,Manager - Engineering,119820.83,1,0.19,52,Male,African American,2024-11-23,2025-01-30,6.0,5.0,5.0,1,1.215,0-1 Year (Onboarding),0
2023,Engineering,Manager,Manager - Engineering,97577.65,4,4.5,42,Male,Caucasian,2022-02-16,,5.0,2.0,5.0,0,0.99,3+ Years (Tenured),0
450,Engineering,Manager,Manager - Engineering,70704.35,5,1.05,51,Male,Two or More,2023-07-02,2024-07-18,7.0,8.0,4.0,1,0.717,1-3 Years (Mid-Tenure),0
2844,Engineering,Manager,Manager - Engineering,113264.94,2,0.71,32,Other,African American,2025-11-29,,6.0,6.0,2.0,0,1.149,0-1 Year (Onboarding),0
547,Engineering,Supervisor/Lead,Supervisor/Lead - Engineering,60840.64,1,3.76,31,Male,Asian,2022-11-10,,2.0,5.0,4.0,0,0.846,3+ Years (Tenured),0
1966,Engineering,Supervisor/Lead,Supervisor/Lead - Engineering,56485.19,4,3.2,41,Non-Binary,African American,2023-06-05,,4.0,1.0,2.0,0,0.785,3+ Years (Tenured),1
4451,Engineering,Supervisor/Lead,Supervisor/Lead - Engineering,68304.44,2,2.53,22,Other,African American,2024-02-02,,7.0,5.0,7.0,0,0.95,1-3 Years (Mid-Tenure),0
3120,Engineering,Supervisor/Lead,Supervisor/Lead - Engineering,89358.19,3,2.87,21,,Hispanic,2023-10-04,,5.0,6.0,9.99,0,1.242,1-3 Years (Mid-Tenure),0
3138,Engineering,Supervisor/Lead,Supervisor/Lead - Engineering,61074.38,2,0.23,34,Female,Asian,2023-09-29,2023-12-23,6.0,5.0,5.0,1,0.849,0-1 Year (Onboarding),0
1408,Engineering,Supervisor/Lead,Supervisor/Lead - Engineering,56747.95,3,4.44,38,Male,African American,2022-03-09,,6.0,3.0,1.0,0,0.789,3+ Years (Tenured),0
484,Engineering,Supervisor/Lead,Supervisor/Lead - Engineering,85952.52,5,0.3,31,Female,Two or More,2025-12-10,2026-03-29,7.0,2.0,7.0,0,1.195,0-1 Year (Onboarding),0
1762,Engineering,Supervisor/Lead,Supervisor/Lead - Engineering,89355.23,3,3.01,27,Female,Caucasian,2023-08-11,,9.0,8.0,4.0,0,1.242,3+ Years (Tenured),0
3202,Engineering,Supervisor/Lead,Supervisor/Lead - Engineering,67508.18,2,2.79,25,Other,Hispanic,2023-11-02,,9.99,8.0,5.0,0,0.938,1-3 Years (Mid-Tenure),0
2722,Engineering,Supervisor/Lead,Supervisor/Lead - Engineering,73891.55,5,4.6,36,Male,Asian,2022-01-10,,1.0,4.0,3.0,0,1.027,3+ Years (Tenured),1
375,Engineering,Supervisor/Lead,Supervisor/Lead - Engineering,55400.0,2,2.39,40,Non-Binary,Caucasian,2024-03-27,,7.0,6.0,9.0,0,0.77,1-3 Years (Mid-Tenure),0
1271,Engineering,Supervisor/Lead,Supervisor/Lead - Engineering,56574.29,5,2.77,26,Non-Binary,Hispanic,2023-11-07,,4.0,5.0,2.0,0,0.786,1-3 Years (Mid-Tenure),1
1415,Engineering,Supervisor/Lead,Supervisor/Lead - Engineering,81396.5,5,3.79,45,Other,African American,2022-10-31,,5.0,1.0,4.0,0,1.132,3+ Years (Tenured),0
2514,Engineering,Supervisor/Lead,SUPERVISOR/LEAD - ENGINEERING,79076.09,5,0.06,37,Female,Hispanic,2026-07-23,,6.0,5.0,5.0,0,1.099,0-1 Year (Onboarding),0
294,Engineering,Supervisor/Lead,Supervisor/Lead - Engineering,84052.23,2,4.36,45,Non-Binary,Two or More,2022-04-05,,8.0,1.0,9.0,0,1.168,3+ Years (Tenured),0
2650,Engineering,Supervisor/Lead,Supervisor/Lead - Engineering,58468.65,3,4.68,29,Male,Caucasian,2021-12-09,,8.0,1.0,8.0,0,0.813,3+ Years (Tenured),0
3008,Engineering,Supervisor/Lead,Supervisor/Lead - Engineering,58074.05,3,0.71,43,Other,Asian,2025-11-28,,5.0,9.0,6.0,0,0.807,0-1 Year (Onboarding),0
1004,Engineering,Supervisor/Lead,Supervisor/Lead - Engineering,75577.06,3,3.69,46,Female,Caucasian,2022-12-07,,4.0,4.0,7.0,0,1.051,3+ Years (Tenured),0
1253,Engineering,Supervisor/Lead,Supervisor/Lead - Engineering,68632.87,3,0.94,29,Non-Binary,Two or More,2023-09-24,2024-08-31,5.0,2.0,7.0,1,0.954,0-1 Year (Onboarding),0
2143,Engineering,Supervisor/Lead,Supervisor/Lead - Engineering,82972.44,4,3.44,35,Non-Binary,Asian,2023-03-08,,6.0,6.0,8.0,0,1.153,3+ Years (Tenured),0
1679,Engineering,Supervisor/Lead,Supervisor/Lead - Engineering,80624.91,4,4.06,48,Non-Binary,Two or More,2022-07-26,,9.0,5.0,5.0,0,1.121,3+ Years (Tenured),0
748,Engineering,Supervisor/Lead,Supervisor/Lead - Engineering,69109.4,4,2.42,34,Male,African American,2024-03-13,,8.0,3.0,5.0,0,0.961,1-3 Years (Mid-Tenure),0
511,Engineering,Supervisor/Lead,Supervisor/Lead - Engineering,72301.63,4,3.98,29,Male,African American,2022-08-24,,6.0,6.0,2.0,0,1.005,3+ Years (Tenured),0
696,Engineering,Supervisor/Lead,Supervisor/Lead - Engineering,83461.17,3,2.98,41,Male,African American,2023-08-22,,3.0,5.0,2.0,0,1.16,1-3 Years (Mid-Tenure),0
2258,Engineering,Supervisor/Lead,Supervisor/Lead - Engineering,68931.2,3,4.79,35,Female,African American,2021-11-02,,9.0,7.0,9.0,0,0.958,3+ Years (Tenured),0
2278,Engineering,Supervisor/Lead,Supervisor/Lead - Engineering,55248.38,5,2.55,29,Male,Asian,2024-01-27,,5.0,5.0,8.0,0,0.768,1-3 Years (Mid-Tenure),0
3653,Engineering,Supervisor/Lead,Supervisor/Lead - Engineering,82478.79,1,2.77,35,Non-Binary,Hispanic,2023-11-09,,9.99,9.0,4.0,0,1.147,1-3 Years (Mid-Tenure),0
3472,Engineering,Supervisor/Lead,Supervisor/Lead - Engineering,62156.39,4,0.37,40,Female,Caucasian,2026-04-03,,6.0,5.0,5.0,0,0.864,0-1 Year (Onboarding),0
3420,Engineering,Supervisor/Lead,Supervisor/Lead - Engineering,80522.84,2,4.36,45,Female,Hispanic,2022-04-05,,7.0,1.0,7.0,0,1.119,3+ Years (Tenured),0
3556,Engineering,Supervisor/Lead,Supervisor/Lead - Engineering,74249.99,5,4.46,39,Female,Two or More,2022-02-28,,6.0,1.0,5.0,0,1.032,3+ Years (Tenured),0
4056,Engineering,Supervisor/Lead,Supervisor/Lead - Engineering,86405.65,1,1.63,42,Other,,2024-12-29,,5.0,9.99,9.99,0,1.201,1-3 Years (Mid-Tenure),0
4104,Engineering,Supervisor/Lead,Supervisor/Lead - Engineering,67822.83,3,0.52,40,Male,Asian,2026-02-08,,4.0,7.0,7.0,0,0.943,0-1 Year (Onboarding),0
3954,Engineering,Supervisor/Lead,Supervisor/Lead - Engineering,63088.81,1,3.21,21,Female,,2023-05-31,,7.0,5.0,4.0,0,0.877,3+ Years (Tenured),0
3243,Engineering,Supervisor/Lead,Supervisor/Lead - Engineering,56681.71,3,2.32,38,Female,Hispanic,2024-04-22,,6.0,7.0,2.0,0,0.788,1-3 Years (Mid-Tenure),0
3697,Engineering,Supervisor/Lead,Supervisor/Lead - Engineering,81596.18,3,3.15,39,Other,Caucasian,2023-06-22,,8.0,9.99,5.0,0,1.134,3+ Years (Tenured),0
3981,Engineering,Supervisor/Lead,Supervisor/Lead - Engineering,71620.76,3,1.56,40,Other,Asian,2025-01-24,,8.0,5.0,7.0,0,0.996,1-3 Years (Mid-Tenure),0
4065,Engineering,Supervisor/Lead,Supervisor/Lead - Engineering,66532.53,3,3.45,39,Other,Hispanic,2023-03-06,,6.0,9.0,3.0,0,0.925,3+ Years (Tenured),0
4296,Engineering,Supervisor/Lead,Supervisor/Lead - Engineering,87199.5,2,1.74,42,Female,Caucasian,2024-11-19,,6.0,6.0,8.0,0,1.212,1-3 Years (Mid-Tenure),0
193,Engineering,Supervisor/Lead,Supervisor/Lead - Engineering,89032.95,3,4.45,35,Other,African American,2022-03-04,,4.0,8.0,8.0,0,1.238,3+ Years (Tenured),0
4141,Engineering,Supervisor/Lead,Supervisor/Lead - Engineering,60410.62,3,4.73,42,Female,African American,2021-11-21,,8.0,8.0,9.99,0,0.84,3+ Years (Tenured),0
4172,Engineering,Supervisor/Lead,Supervisor/Lead - Engineering,82300.07,3,3.93,35,Male,Caucasian,2022-09-10,,3.0,3.0,5.0,0,1.144,3+ Years (Tenured),0
3620,Engineering,Supervisor/Lead,Supervisor/Lead - Engineering,69708.8,2,4.57,34,Other,Asian,2022-01-21,,3.0,4.0,1.0,0,0.969,3+ Years (Tenured),0
3481,Product,Assistant Manager,Assistant Manager - Product,65418.11,5,4.18,48,Male,Caucasian,2022-06-13,,9.99,9.99,5.0,0,0.82,3+ Years (Tenured),0
580,Product,Assistant Manager,Assistant Manager - Product,62808.47,4,1.13,32,Male,,2025-06-27,,9.99,5.0,7.0,0,0.787,1-3 Years (Mid-Tenure),0
332,Product,Assistant Manager,Assistant Manager - Product,90722.15,4,4.21,26,Male,African American,2022-05-31,,9.0,6.0,4.0,0,1.137,3+ Years (Tenured),0
3861,Product,Assistant Manager,Assistant Manager - Product,85844.51,3,0.71,40,Female,Hispanic,2025-11-28,,3.0,4.0,4.0,0,1.076,0-1 Year (Onboarding),0
1315,Product,Assistant Manager,Assistant Manager - Product,84452.07,5,4.76,49,,Two or More,2021-11-13,,6.0,9.0,7.0,0,1.058,3+ Years (Tenured),0
1118,Product,Assistant Manager,Assistant Manager - Product,77048.16,2,3.33,38,Male,Asian,2023-04-17,,2.0,2.0,2.0,0,0.966,3+ Years (Tenured),0
1399,Product,Assistant Manager,Assistant Manager - Product,76076.98,3,3.1,53,Female,African American,2023-07-09,,9.99,7.0,4.0,0,0.953,3+ Years (Tenured),0
93,Product,Assistant Manager,Assistant Manager - Product,71647.04,4,0.18,31,Other,Asian,2021-07-27,2021-10-02,6.0,5.0,5.0,1,0.898,0-1 Year (Onboarding),0
1457,Product,Assistant Manager,Assistant Manager - Product,85402.41,2,3.53,22,Non-Binary,African American,2023-02-05,,7.0,9.0,6.0,0,1.07,3+ Years (Tenured),0
2967,Product,Assistant Manager,Assistant Manager - Product,98477.36,3,4.16,46,Male,African American,2022-06-17,,5.0,3.0,1.0,0,1.234,3+ Years (Tenured),0
455,Product,Associate,Associate - Product,42177.54,2,5.04,34,Male,Two or More,2021-07-31,,6.0,6.0,4.0,0,0.729,3+ Years (Tenured),0
1205,Product,Associate,Associate - Product,60806.59,4,1.32,24,,Caucasian,2025-04-19,,2.0,5.0,3.0,0,1.051,1-3 Years (Mid-Tenure),1
4281,Product,Associate,Associate - Product,63104.85,3,3.85,43,Other,African American,2022-10-10,,2.0,2.0,5.0,0,1.091,3+ Years (Tenured),0
2335,Product,Associate,Associate - Product,65584.15,5,4.48,45,Male,African American,2022-02-20,,5.0,7.0,7.0,0,1.134,3+ Years (Tenured),0
736,Product,Associate,Associate - Product,69833.98,3,2.58,54,Female,Hispanic,2024-01-18,,3.0,2.0,2.0,0,1.207,1-3 Years (Mid-Tenure),0
2318,Product,Associate,Associate - Product,48153.28,2,4.12,42,Other,Hispanic,2022-07-02,,9.99,8.0,5.0,0,0.832,3+ Years (Tenured),0
1781,Product,Associate,Associate - Product,40761.68,1,0.72,32,Male,,2025-11-26,,2.0,3.0,1.0,0,0.705,0-1 Year (Onboarding),0
2315,Product,Associate,Associate - Product,47615.04,4,2.11,38,Other,Two or More,2024-07-06,,9.0,7.0,6.0,0,0.823,1-3 Years (Mid-Tenure),0
173,Product,Associate,Associate - Product,53676.74,1,0.75,21,Other,Asian,2025-11-14,,5.0,5.0,1.0,0,0.928,0-1 Year (Onboarding),0
3904,Product,Associate,Associate - Product,57677.24,3,0.3,29,Female,Asian,2026-04-28,,3.0,1.0,1.0,0,0.997,0-1 Year (Onboarding),0
1235,Product,Associate,Associate - Product,64595.39,4,4.08,50,Non-Binary,Asian,2022-07-17,,9.0,5.0,6.0,0,1.117,3+ Years (Tenured),0
172,Product,Associate,Associate - Product,54324.17,3,2.76,49,Non-Binary,Two or More,2023-11-13,,5.0,6.0,5.0,0,0.939,1-3 Years (Mid-Tenure),0
2295,Product,Associate,Associate - Product,59257.68,3,4.49,40,Other,African American,2022-02-17,,7.0,5.0,5.0,0,1.024,3+ Years (Tenured),0
1787,Product,Associate,Associate - Product,41641.34,3,4.21,26,Female,African American,2022-05-30,,9.0,9.99,9.0,0,0.72,3+ Years (Tenured),0
1212,Product,Associate,Associate - Product,72728.37,2,3.04,39,Male,Two or More,2023-08-02,,8.0,8.0,6.0,0,1.257,3+ Years (Tenured),0
1789,Product,Associate,Associate - Product,57164.94,5,1.03,45,Non-Binary,Hispanic,2025-08-04,,7.0,9.99,9.0,0,0.988,1-3 Years (Mid-Tenure),0
670,Product,Associate,Associate - Product,60982.25,3,3.21,49,Other,Hispanic,2023-06-01,,6.0,1.0,5.0,0,1.054,3+ Years (Tenured),0
2237,Product,Associate,Associate - Product,74425.59,3,2.9,39,Female,African American,2023-09-21,,7.0,8.0,7.0,0,1.287,1-3 Years (Mid-Tenure),0
4284,Product,Associate,Associate - Product,62906.98,2,3.96,34,Other,Caucasian,2022-08-29,,1.0,3.0,1.0,0,1.087,3+ Years (Tenured),0
3960,Product,Associate,Associate - Product,43257.02,2,3.25,58,Other,African American,2023-05-16,,8.0,3.0,9.0,0,0.748,3+ Years (Tenured),0
2526,Product,Associate,Associate - Product,68586.49,3,2.49,41,Male,Hispanic,2024-02-18,,6.0,9.99,6.0,0,1.186,1-3 Years (Mid-Tenure),0
2497,Product,Associate,Associate - Product,64966.0,3,0.96,55,Female,Caucasian,2025-08-30,,5.0,5.0,5.0,0,1.123,0-1 Year (Onboarding),0
2488,Product,Associate,Associate - Product,52857.27,3,2.16,35,Male,Hispanic,2024-06-17,,1.0,1.0,9.0,0,0.914,1-3 Years (Mid-Tenure),0
3533,Product,Associate,Associate - Product,54974.22,4,0.48,26,Female,Asian,2023-09-25,2024-03-18,6.0,5.0,5.0,1,0.95,0-1 Year (Onboarding),0
412,Product,Associate,Associate - Product,49015.58,4,4.36,34,Other,Caucasian,2022-04-06,,8.0,6.0,4.0,0,0.847,3+ Years (Tenured),0
415,Product,Associate,Associate - Product,55229.3,5,0.25,37,Non-Binary,Two or More,2026-05-15,,9.0,9.0,9.99,0,0.955,0-1 Year (Onboarding),0
418,Product,Associate,Associate - Product,53000.28,3,4.6,30,Female,African American,2022-01-09,,4.0,8.0,5.0,0,0.916,3+ Years (Tenured),0
419,Product,Associate,Associate - Product,53268.72,5,0.83,40,Female,African American,2025-10-15,,7.0,9.0,9.99,0,0.921,0-1 Year (Onboarding),0
1754,Product,Associate,Associate - Product,45798.38,5,2.02,35,Other,Hispanic,2024-08-06,,8.0,6.0,5.0,0,0.792,1-3 Years (Mid-Tenure),0
1125,Product,Associate,Associate - Product,61616.81,1,0.71,32,Female,Two or More,2025-10-31,2026-07-17,7.0,4.0,8.0,1,1.065,0-1 Year (Onboarding),0
2462,Product,Associate,Associate - Product,71511.77,1,0.3,41,Other,African American,2023-08-20,2023-12-07,6.0,5.0,5.0,1,1.236,0-1 Year (Onboarding),0
737,Product,Associate,Associate - Product,65940.92,3,0.14,45,Non-Binary,Caucasian,2026-06-24,,6.0,5.0,5.0,0,1.14,0-1 Year (Onboarding),0
2453,Product,Associate,Associate - Product,57599.33,1,4.83,26,Other,African American,2021-10-16,,4.0,4.0,1.0,0,0.996,3+ Years (Tenured),0
3565,Product,Associate,Associate - Product,49771.96,3,0.59,36,Non-Binary,Hispanic,2026-01-12,,5.0,1.0,3.0,0,0.86,0-1 Year (Onboarding),0
2425,Product,Associate,Associate - Product,52131.88,3,4.04,46,,Hispanic,2022-08-03,,3.0,6.0,2.0,0,0.901,3+ Years (Tenured),0
3591,Product,Associate,ASSOCIATE - PRODUCT,56889.03,3,4.42,42,Male,African American,2022-03-14,,2.0,2.0,1.0,0,0.983,3+ Years (Tenured),0
1763,Product,Associate,Associate - Product,48230.4,3,4.38,41,Female,Hispanic,2021-09-29,2026-02-15,5.0,3.0,3.0,1,0.834,3+ Years (Tenured),0
1145,Product,Associate,Associate - Product,63366.84,4,0.56,41,Female,African American,2026-01-23,,4.0,4.0,2.0,0,1.095,0-1 Year (Onboarding),1
1448,Product,Associate,Associate - Product,55395.73,2,4.64,42,Non-Binary,African American,2021-12-24,,7.0,8.0,2.0,0,0.958,3+ Years (Tenured),0
437,Product,Associate,Associate - Product,66055.8,4,4.5,44,Other,Hispanic,2022-02-16,,2.0,2.0,3.0,0,1.142,3+ Years (Tenured),1
1161,Product,Associate,Associate - Product,60558.77,4,0.23,45,Male,Asian,2026-05-22,,7.0,4.0,5.0,0,1.047,0-1 Year (Onboarding),0
1775,Product,Associate,Associate - Product,46360.8,2,2.53,22,Other,Two or More,2024-02-04,,6.0,7.0,6.0,0,0.801,1-3 Years (Mid-Tenure),0
1162,Product,Associate,Associate - Product,67220.13,4,3.08,38,Male,Asian,2022-01-24,2025-02-21,6.0,6.0,7.0,1,1.162,3+ Years (Tenured),0
1358,Product,Associate,Associate - Product,69509.17,4,4.18,37,Male,Hispanic,2022-06-10,,4.0,6.0,4.0,0,1.202,3+ Years (Tenured),1
1853,Product,Associate,Associate - Product,57934.89,3,2.61,45,Female,,2024-01-04,,7.0,2.0,8.0,0,1.002,1-3 Years (Mid-Tenure),0
2105,Product,Associate,Associate - Product,66142.12,3,2.61,34,Non-Binary,Two or More,2024-01-04,,4.0,5.0,5.0,0,1.143,1-3 Years (Mid-Tenure),0
507,Product,Associate,Associate - Product,57184.19,5,4.59,32,Other,African American,2022-01-12,,9.99,9.0,9.99,0,0.989,3+ Years (Tenured),0
2096,Product,Associate,Associate - Product,52707.09,3,0.98,31,Other,Two or More,2022-07-14,2023-07-07,6.0,5.0,5.0,1,0.911,0-1 Year (Onboarding),0
4166,Product,Associate,Associate - Product,74418.44,5,3.04,38,Other,Two or More,2023-07-31,,3.0,4.0,3.0,0,1.286,3+ Years (Tenured),1
3754,Product,Associate,Associate - Product,70380.97,5,1.75,32,Female,Caucasian,2024-11-15,,8.0,9.0,5.0,0,1.217,1-3 Years (Mid-Tenure),0
514,Product,Associate,Associate - Product,51634.94,5,2.07,34,Other,Caucasian,2024-07-19,,9.99,6.0,5.0,0,0.893,1-3 Years (Mid-Tenure),0
4155,Product,Associate,Associate - Product,45807.14,3,4.63,40,,Hispanic,2021-12-28,,3.0,3.0,7.0,0,0.792,3+ Years (Tenured),0
1871,Product,Associate,Associate - Product,69059.45,3,3.86,50,Female,Asian,2022-10-07,,9.99,9.0,8.0,0,1.194,3+ Years (Tenured),0
1898,Product,Associate,Associate - Product,65444.93,4,2.32,26,Female,Caucasian,2024-04-22,,7.0,8.0,9.99,0,1.131,1-3 Years (Mid-Tenure),0
1404,Product,Associate,Associate - Product,55183.53,3,1.0,45,Male,Hispanic,2025-08-15,,6.0,2.0,2.0,0,0.954,1-3 Years (Mid-Tenure),0
3818,Product,Associate,Associate - Product,57002.17,4,0.18,28,Male,African American,2026-06-09,,9.99,6.0,8.0,0,0.985,0-1 Year (Onboarding),0
1356,Product,Associate,Associate - Product,57623.79,2,0.46,37,Female,Hispanic,2026-02-27,,3.0,1.0,3.0,0,0.996,0-1 Year (Onboarding),0
2110,Product,Associate,Associate - Product,71508.29,2,3.11,56,Female,Asian,2023-07-07,,7.0,6.0,1.0,0,1.236,3+ Years (Tenured),0
2049,Product,Associate,Associate - Product,52331.08,2,0.46,26,Other,Hispanic,2026-03-01,,8.0,6.0,9.0,0,0.905,0-1 Year (Onboarding),0
1929,Product,Associate,Associate - Product,69516.56,3,2.67,37,Female,Asian,2023-12-13,,9.0,7.0,8.0,0,1.202,1-3 Years (Mid-Tenure),0
3790,Product,Associate,Associate - Product,57601.41,5,1.71,31,Male,African American,2024-11-28,,5.0,5.0,3.0,0,0.996,1-3 Years (Mid-Tenure),0
2017,Product,Associate,Associate - Product,47096.12,3,4.42,41,Female,Two or More,2022-03-16,,4.0,3.0,8.0,0,0.814,3+ Years (Tenured),0
3792,Product,Associate,Associate - Product,61278.75,3,0.14,34,Female,African American,2026-06-24,,6.0,5.0,5.0,0,1.059,0-1 Year (Onboarding),0
2010,Product,Associate,Associate - Product,68479.28,2,0.89,21,Male,Asian,2025-09-23,,7.0,6.0,3.0,0,1.184,0-1 Year (Onboarding),0
1394,Product,Associate,Associate - Product,60419.5,3,4.16,37,Other,Caucasian,2022-06-20,,6.0,1.0,5.0,0,1.044,3+ Years (Tenured),0
3807,Product,Associate,Associate - Product,48204.31,3,2.45,41,Other,Two or More,2024-03-04,,8.0,8.0,4.0,0,0.833,1-3 Years (Mid-Tenure),0
1392,Product,Associate,Associate - Product,56670.63,4,0.32,50,Female,Two or More,2026-04-19,,6.0,5.0,5.0,0,0.98,0-1 Year (Onboarding),0
3793,Product,Associate,Associate - Product,46329.12,4,1.29,23,Male,African American,2025-05-02,,4.0,1.0,4.0,0,0.801,1-3 Years (Mid-Tenure),1
1377,Product,Associate,Associate - Product,52387.17,5,5.06,32,Non-Binary,African American,2021-07-24,,5.0,6.0,8.0,0,0.906,3+ Years (Tenured),0
1954,Product,Associate,Associate - Product,72292.98,5,4.09,37,Other,Two or More,2022-07-14,,7.0,5.0,9.99,0,1.25,3+ Years (Tenured),0
3801,Product,Associate,Associate - Product,61797.85,4,1.02,40,Male,Caucasian,2025-08-06,,4.0,6.0,2.0,0,1.068,1-3 Years (Mid-Tenure),1
2196,Product,Associate,Associate - Product,53752.7,3,3.39,51,Male,Caucasian,2023-03-26,,5.0,1.0,3.0,0,0.929,3+ Years (Tenured),0
2270,Product,Associate,Associate - Product,72037.68,3,1.66,43,Male,Asian,2024-12-18,,8.0,7.0,6.0,0,1.245,1-3 Years (Mid-Tenure),0
2268,Product,Associate,Associate - Product,43869.14,3,1.62,38,Non-Binary,Asian,2024-12-30,,7.0,2.0,6.0,0,0.758,1-3 Years (Mid-Tenure),0
2251,Product,Associate,Associate - Product,42565.03,3,0.63,43,Female,African American,2021-09-14,2022-05-01,6.0,5.0,5.0,1,0.736,0-1 Year (Onboarding),0
2238,Product,Associate,Associate - Product,73277.55,3,3.11,28,Non-Binary,Asian,2023-07-08,,5.0,2.0,2.0,0,1.267,3+ Years (Tenured),0
4305,Product,Associate,Associate - Product,46531.21,4,0.66,40,Other,Caucasian,2025-12-17,,8.0,5.0,9.0,0,0.804,0-1 Year (Onboarding),0
48,Product,Associate,Associate - Product,53737.84,3,3.95,42,Female,Caucasian,2022-09-03,,3.0,4.0,2.0,0,0.929,3+ Years (Tenured),0
1811,Product,Associate,Associate - Product,54884.81,4,0.25,42,Non-Binary,Caucasian,2026-05-16,,9.99,7.0,4.0,0,0.949,0-1 Year (Onboarding),0
4230,Product,Associate,Associate - Product,66531.01,1,3.82,40,Female,African American,2022-10-22,,4.0,4.0,9.99,0,1.15,3+ Years (Tenured),0
3682,Product,Associate,Associate - Product,65368.96,2,1.45,56,Other,Two or More,2025-03-04,,8.0,1.0,5.0,0,1.13,1-3 Years (Mid-Tenure),0
163,Product,Associate,Associate - Product,48132.2,3,2.51,42,Non-Binary,Hispanic,2024-02-11,,1.0,7.0,1.0,0,0.832,1-3 Years (Mid-Tenure),0
1265,Product,Associate,Associate - Product,70883.38,4,4.41,21,Other,Caucasian,2022-03-19,,9.0,9.99,8.0,0,1.225,3+ Years (Tenured),0
3707,Product,Associate,Associate - Product,72909.3,3,5.06,54,Non-Binary,Asian,2021-07-24,,7.0,5.0,3.0,0,1.26,3+ Years (Tenured),0
1416,Product,Associate,Associate - Product,41779.28,3,4.74,21,Female,Caucasian,2021-11-20,,4.0,4.0,6.0,0,0.722,3+ Years (Tenured),0
4267,Product,Associate,Associate - Product,63885.08,5,1.34,54,Female,Hispanic,2025-04-14,,1.0,1.0,1.0,0,1.104,1-3 Years (Mid-Tenure),1
1827,Product,Associate,Associate - Product,67640.2,2,1.02,47,Non-Binary,Asian,2025-08-06,,8.0,2.0,3.0,0,1.169,1-3 Years (Mid-Tenure),0
565,Product,Associate,Associate - Product,49530.86,3,4.96,45,Non-Binary,,2021-08-31,,4.0,3.0,3.0,0,0.856,3+ Years (Tenured),0
4214,Product,Associate,Associate - Product,47511.52,3,0.76,44,Female,African American,2025-11-11,,6.0,7.0,3.0,0,0.821,0-1 Year (Onboarding),0
3729,Product,Associate,Associate - Product,45979.03,4,0.08,40,Male,African American,2026-07-15,,6.0,5.0,5.0,0,0.795,0-1 Year (Onboarding),0
3738,Product,Associate,Associate - Product,74723.64,1,4.77,52,Male,Caucasian,2021-11-09,,6.0,3.0,4.0,0,1.292,3+ Years (Tenured),0
3851,Product,Associate,Associate - Product,59526.81,2,4.78,38,Other,Hispanic,2021-11-06,,5.0,5.0,6.0,0,1.029,3+ Years (Tenured),0
154,Product,Associate,Associate - Product,54423.52,4,1.61,26,Male,African American,2025-01-03,,4.0,7.0,2.0,0,0.941,1-3 Years (Mid-Tenure),1
2130,Product,Associate,Associate - Product,60495.53,2,2.56,26,Female,African American,2024-01-23,,5.0,8.0,9.99,0,1.046,1-3 Years (Mid-Tenure),0
497,Product,Associate,Associate - Product,59397.93,2,2.71,39,Other,African American,2023-11-29,,8.0,5.0,3.0,0,1.027,1-3 Years (Mid-Tenure),0
706,Product,Associate,Associate - Product,68085.39,4,4.59,36,Non-Binary,Hispanic,2022-01-13,,4.0,7.0,1.0,0,1.177,3+ Years (Tenured),1
4116,Product,Associate,Associate - Product,68530.77,5,3.24,40,Other,Two or More,2023-05-19,,4.0,7.0,5.0,0,1.185,3+ Years (Tenured),1
501,Product,Associate,Associate - Product,41970.74,4,1.07,46,Female,Hispanic,2025-07-22,,1.0,6.0,1.0,0,0.726,1-3 Years (Mid-Tenure),1
231,Product,Associate,Associate - Product,53416.62,5,2.03,45,Non-Binary,Caucasian,2024-08-04,,9.99,8.0,9.0,0,0.923,1-3 Years (Mid-Tenure),0
897,Product,Associate,Associate - Product,57627.97,4,0.33,40,Other,Hispanic,2026-04-17,,5.0,7.0,4.0,0,0.996,0-1 Year (Onboarding),0
800,Product,Associate,Associate - Product,44098.19,4,3.76,50,Non-Binary,African American,2022-11-10,,6.0,1.0,5.0,0,0.762,3+ Years (Tenured),0
2998,Product,Associate,Associate - Product,53993.32,3,5.07,35,Female,Asian,2021-07-21,,8.0,2.0,3.0,0,0.933,3+ Years (Tenured),0
1542,Product,Associate,Associate - Product,72887.99,2,1.09,41,Male,Asian,2024-11-22,2025-12-24,3.0,1.0,5.0,1,1.26,1-3 Years (Mid-Tenure),0
2982,Product,Associate,Associate - Product,45166.42,3,4.68,28,Other,Two or More,2021-12-09,,2.0,5.0,1.0,0,0.781,3+ Years (Tenured),0
1618,Product,Associate,Associate - Product,42536.5,4,3.6,48,Female,African American,2023-01-08,,6.0,5.0,4.0,0,0.735,3+ Years (Tenured),0
4397,Product,Associate,Associate - Product,55610.89,3,3.55,39,Other,Hispanic,2023-01-29,,7.0,6.0,6.0,0,0.961,3+ Years (Tenured),0
4022,Product,Associate,Associate - Product,66346.44,5,0.85,29,Male,African American,2025-10-08,,4.0,4.0,3.0,0,1.147,0-1 Year (Onboarding),1
87,Product,Associate,Associate - Product,66399.11,4,2.31,40,Other,Two or More,2024-04-25,,1.0,7.0,1.0,0,1.148,1-3 Years (Mid-Tenure),1
3345,Product,Associate,Associate - Product,67480.85,3,2.91,47,Other,Hispanic,2022-09-21,2025-08-18,5.0,7.0,7.0,1,1.167,1-3 Years (Mid-Tenure),0
1528,Product,Associate,Associate - Product,73967.21,3,4.56,47,Male,African American,2022-01-23,,9.0,9.99,9.99,0,1.279,3+ Years (Tenured),0
4067,Product,Associate,Associate - Product,45960.89,5,4.95,57,Female,African American,2021-09-02,,2.0,1.0,4.0,0,0.795,3+ Years (Tenured),1
3372,Product,Associate,Associate - Product,41504.22,4,0.43,40,Male,African American,2026-03-12,,4.0,6.0,4.0,0,0.717,0-1 Year (Onboarding),1
929,Product,Associate,Associate - Product,70104.89,4,3.38,41,Other,African American,2023-03-29,,6.0,9.99,5.0,0,1.212,3+ Years (Tenured),0
1612,Product,Associate,Associate - Product,46473.99,3,4.58,48,Non-Binary,Hispanic,2022-01-15,,1.0,1.0,4.0,0,0.803,3+ Years (Tenured),0
2925,Product,Associate,Associate - Product,48473.43,3,4.99,38,Female,African American,2021-08-20,,9.0,8.0,9.0,0,0.838,3+ Years (Tenured),0
1662,Product,Associate,Associate - Product,66117.28,5,2.05,39,Other,Asian,2023-05-13,2025-05-31,1.0,2.0,2.0,1,1.143,1-3 Years (Mid-Tenure),1
2919,Product,Associate,Associate - Product,53679.36,3,0.14,37,Male,,2026-06-25,,6.0,5.0,5.0,0,0.928,0-1 Year (Onboarding),0
615,Product,Associate,Associate - Product,58634.98,4,4.41,48,Other,Two or More,2022-01-30,2026-06-28,6.0,5.0,5.0,1,1.014,3+ Years (Tenured),0
2907,Product,Associate,Associate - Product,61827.12,1,0.04,45,Other,African American,2026-07-30,,6.0,5.0,5.0,0,1.069,0-1 Year (Onboarding),0
3391,Product,Associate,Associate - Product,55149.08,3,0.51,42,Other,African American,2026-02-10,,6.0,9.0,1.0,0,0.953,0-1 Year (Onboarding),0
3397,Product,Associate,Associate - Product,63323.58,3,1.36,34,Female,Two or More,2025-04-06,,6.0,6.0,2.0,0,1.095,1-3 Years (Mid-Tenure),0
336,Product,Associate,Associate - Product,72601.93,4,4.64,51,Other,Asian,2021-12-26,,5.0,6.0,5.0,0,1.255,3+ Years (Tenured),0
944,Product,Associate,Associate - Product,44518.28,3,1.22,51,Other,Asian,2025-05-27,,8.0,8.0,5.0,0,0.77,1-3 Years (Mid-Tenure),0
953,Product,Associate,Associate - Product,70406.45,3,4.15,35,Female,African American,2022-06-22,,5.0,4.0,1.0,0,1.217,3+ Years (Tenured),0
2543,Product,Associate,Associate - Product,59129.58,3,0.62,49,Female,Two or More,2026-01-01,,8.0,6.0,6.0,0,1.022,0-1 Year (Onboarding),0
2870,Product,Associate,Associate - Product,71780.23,3,4.84,48,,African American,2021-10-12,,9.99,7.0,9.0,0,1.241,3+ Years (Tenured),0
970,Product,Associate,Associate - Product,50363.18,4,3.73,37,Non-Binary,Hispanic,2022-11-24,,4.0,2.0,4.0,0,0.871,3+ Years (Tenured),1
865,Product,Associate,Associate - Product,70355.14,5,3.16,32,Female,Hispanic,2023-06-18,,1.0,3.0,1.0,0,1.216,3+ Years (Tenured),1
1554,Product,Associate,Associate - Product,54197.47,5,2.92,43,Female,Two or More,2023-09-15,,7.0,2.0,4.0,0,0.937,1-3 Years (Mid-Tenure),0
3180,Product,Associate,Associate - Product,69563.21,4,4.66,41,Other,Caucasian,2021-12-17,,8.0,8.0,6.0,0,1.203,3+ Years (Tenured),0
4066,Product,Associate,Associate - Product,52610.91,5,0.38,54,Other,Hispanic,2026-03-29,,6.0,5.0,5.0,0,0.909,0-1 Year (Onboarding),0
4430,Product,Associate,Associate - Product,73270.91,3,1.29,34,Male,Hispanic,2025-05-02,,1.0,2.0,5.0,0,1.267,1-3 Years (Mid-Tenure),0
260,Product,Associate,Associate - Product,66824.44,2,0.12,41,Other,Two or More,2026-07-01,,6.0,5.0,5.0,0,1.155,0-1 Year (Onboarding),0
3151,Product,Associate,Associate - Product,64287.52,1,2.91,44,Other,Caucasian,2023-09-18,,5.0,2.0,1.0,0,1.111,1-3 Years (Mid-Tenure),0
4422,Product,Associate,associate - product,44428.28,1,0.52,41,Female,African American,2026-02-06,,8.0,3.0,6.0,0,0.768,0-1 Year (Onboarding),0
276,Product,Associate,Associate - Product,42169.06,4,3.82,32,Male,African American,2022-10-21,,7.0,5.0,6.0,0,0.729,3+ Years (Tenured),0
3111,Product,Associate,Associate - Product,70706.12,3,1.84,43,Male,Caucasian,2024-10-11,,5.0,5.0,8.0,0,1.222,1-3 Years (Mid-Tenure),0
816,Product,Associate,Associate - Product,64357.32,4,1.51,46,Non-Binary,Hispanic,2025-02-09,,5.0,9.99,8.0,0,1.113,1-3 Years (Mid-Tenure),0
1575,Product,Associate,Associate - Product,70256.9,5,0.43,37,Male,Two or More,2023-07-21,2023-12-25,6.0,5.0,5.0,1,1.215,0-1 Year (Onboarding),0
852,Product,Associate,Associate - Product,67274.35,3,1.26,28,Female,Two or More,2025-05-12,,5.0,2.0,5.0,0,1.163,1-3 Years (Mid-Tenure),0
3089,Product,Associate,Associate - Product,48647.14,5,0.85,45,Male,African American,2025-10-09,,9.99,7.0,9.0,0,0.841,0-1 Year (Onboarding),0
859,Product,Associate,Associate - Product,60766.15,3,2.0,50,Male,African American,2024-08-15,,3.0,4.0,6.0,0,1.05,1-3 Years (Mid-Tenure),0
1520,Product,Associate,Associate - Product,40107.09,1,0.18,37,Other,Caucasian,2025-12-10,2026-02-13,6.0,5.0,5.0,1,0.693,0-1 Year (Onboarding),0
3055,Product,Associate,Associate - Product,48716.64,3,1.45,42,Male,Caucasian,2025-03-04,,8.0,6.0,6.0,0,0.842,1-3 Years (Mid-Tenure),0
1595,Product,Associate,Associate - Product,48956.96,4,0.18,41,Male,African American,2026-06-09,,6.0,5.0,5.0,0,0.846,0-1 Year (Onboarding),0
811,Product,Associate,Associate - Product,67444.75,5,0.21,24,Female,African American,2026-06-01,,5.0,4.0,3.0,0,1.166,0-1 Year (Onboarding),0
4416,Product,Associate,Associate - Product,72570.96,4,3.79,46,Non-Binary,Asian,2022-10-31,,5.0,5.0,2.0,0,1.255,3+ Years (Tenured),0
869,Product,Associate,Associate - Product,49816.35,3,4.89,24,Male,Caucasian,2021-09-25,,6.0,4.0,3.0,0,0.861,3+ Years (Tenured),0
3298,Product,Associate,Associate - Product,59167.93,1,1.16,29,Non-Binary,African American,2025-06-18,,1.0,5.0,7.0,0,1.023,1-3 Years (Mid-Tenure),0
4044,Product,Associate,Associate - Product,54690.01,3,1.85,25,Non-Binary,Asian,2024-10-08,,7.0,4.0,9.99,0,0.945,1-3 Years (Mid-Tenure),0
888,Product,Associate,Associate - Product,74750.02,3,0.41,51,Male,Hispanic,2026-03-20,,5.0,7.0,8.0,0,1.292,0-1 Year (Onboarding),0
889,Product,Associate,Associate - Product,40562.01,4,1.02,47,Female,African American,2025-08-06,,4.0,3.0,1.0,0,0.701,1-3 Years (Mid-Tenure),1
3022,Product,Associate,Associate - Product,41903.93,3,3.08,32,Female,Caucasian,2023-07-17,,6.0,4.0,2.0,0,0.724,3+ Years (Tenured),0
304,Product,Associate,Associate - Product,50227.23,4,0.2,28,Other,Asian,2026-06-04,,5.0,6.0,6.0,0,0.868,0-1 Year (Onboarding),0
892,Product,Associate,Associate - Product,40493.05,3,2.73,34,Male,Asian,2023-11-22,,2.0,4.0,5.0,0,0.7,1-3 Years (Mid-Tenure),0
92,Product,Associate,Associate - Product,58413.73,3,3.49,43,Female,Caucasian,2023-02-18,,8.0,9.0,5.0,0,1.01,3+ Years (Tenured),0
1098,Product,Associate,Associate - Product,58193.97,2,1.91,41,Male,Two or More,2024-09-16,,7.0,7.0,4.0,0,1.006,1-3 Years (Mid-Tenure),0
2572,Product,Associate,Associate - Product,69091.18,3,3.99,48,Female,Asian,2022-08-19,,5.0,3.0,5.0,0,1.194,3+ Years (Tenured),0
3486,Product,Associate,Associate - Product,68624.02,4,4.16,40,Female,Two or More,2022-06-18,,4.0,4.0,3.0,0,1.186,3+ Years (Tenured),1
603,Product,Associate,Associate - Product,61512.19,3,0.32,52,Non-Binary,Hispanic,2026-04-19,,8.0,4.0,7.0,0,1.063,0-1 Year (Onboarding),0
1035,Product,Associate,Associate - Product,40498.93,3,3.62,38,Other,Caucasian,2022-12-31,,6.0,7.0,4.0,0,0.7,3+ Years (Tenured),0
2761,Product,Associate,Associate - Product,51274.54,3,1.07,40,Male,Caucasian,2024-02-16,2025-03-12,8.0,7.0,7.0,1,0.886,1-3 Years (Mid-Tenure),0
1045,Product,Associate,Associate - Product,70307.53,3,4.86,36,Other,Caucasian,2021-10-07,,6.0,8.0,5.0,0,1.215,3+ Years (Tenured),0
2740,Product,Associate,Associate - Product,55716.06,4,4.88,38,Male,African American,2021-09-29,,5.0,4.0,5.0,0,0.963,3+ Years (Tenured),0
1468,Product,Associate,Associate - Product,66876.43,2,4.37,46,Female,Asian,2022-04-03,,8.0,9.99,9.99,0,1.156,3+ Years (Tenured),0
2591,Product,Associate,Associate - Product,68712.3,3,1.72,53,Male,Asian,2024-11-24,,9.99,7.0,6.0,0,1.188,1-3 Years (Mid-Tenure),0
2728,Product,Associate,Associate - Product,69095.59,3,1.36,30,Non-Binary,African American,2025-04-04,,4.0,8.0,2.0,0,1.194,1-3 Years (Mid-Tenure),0
1099,Product,Associate,Associate - Product,49329.81,2,4.56,42,Female,Two or More,2022-01-25,,3.0,1.0,1.0,0,0.853,3+ Years (Tenured),0
4355,Product,Associate,Associate - Product,41336.93,4,2.26,39,Other,Hispanic,2024-05-11,,9.99,7.0,9.99,0,0.715,1-3 Years (Mid-Tenure),0
1059,Product,Associate,Associate - Product,60760.72,3,1.93,23,Male,African American,2023-10-12,2025-09-15,3.0,1.0,1.0,1,1.05,1-3 Years (Mid-Tenure),0
3476,Product,Associate,Associate - Product,55295.63,5,2.34,49,Female,African American,2024-04-14,,8.0,9.99,7.0,0,0.956,1-3 Years (Mid-Tenure),0
2711,Product,Associate,Associate - Product,59705.42,5,1.7,52,Female,Caucasian,2024-12-01,,1.0,1.0,1.0,0,1.032,1-3 Years (Mid-Tenure),1
206,Product,Associate,Associate - Product,44012.92,2,4.47,35,Male,Two or More,2022-02-25,,6.0,4.0,4.0,0,0.761,3+ Years (Tenured),0
1710,Product,Associate,Associate - Product,47243.41,4,4.31,51,Other,Hispanic,2022-04-26,,7.0,5.0,3.0,0,0.817,3+ Years (Tenured),0
384,Product,Associate,Associate - Product,63197.52,3,0.91,47,Male,Caucasian,2025-09-18,,3.0,4.0,5.0,0,1.092,0-1 Year (Onboarding),0
2654,Product,Associate,Associate - Product,60736.48,5,0.29,40,Male,Asian,2026-05-01,,1.0,1.0,5.0,0,1.05,0-1 Year (Onboarding),1
1075,Product,Associate,Associate - Product,74555.51,3,0.79,42,Other,Two or More,2025-10-29,,1.0,1.0,1.0,0,1.289,0-1 Year (Onboarding),0
4336,Product,Associate,Associate - Product,55335.91,4,2.02,31,Male,Asian,2024-08-09,,4.0,5.0,1.0,0,0.957,1-3 Years (Mid-Tenure),1
112,Product,Associate,Associate - Product,56737.4,3,2.92,21,Female,Two or More,2023-09-14,,7.0,8.0,6.0,0,0.981,1-3 Years (Mid-Tenure),0
4007,Product,Associate,Associate - Product,55628.48,4,2.32,35,Other,Hispanic,2024-04-22,,6.0,7.0,1.0,0,0.962,1-3 Years (Mid-Tenure),0
2856,Product,Associate,Associate - Product,73475.24,2,1.61,35,Male,Caucasian,2025-01-06,,3.0,3.0,4.0,0,1.27,1-3 Years (Mid-Tenure),0
346,Product,Associate,Associate - Product,48066.93,4,4.98,34,Male,Caucasian,2021-08-22,,6.0,5.0,5.0,0,0.831,3+ Years (Tenured),0
2548,Product,Associate,Associate - Product,40213.28,2,4.36,40,Female,Caucasian,2022-04-08,,4.0,4.0,3.0,0,0.695,3+ Years (Tenured),0
982,Product,Associate,Associate - Product,68867.0,3,2.45,54,Male,African American,2024-03-04,,7.0,9.99,6.0,0,1.19,1-3 Years (Mid-Tenure),0
348,Product,Associate,Associate - Product,52212.42,5,1.62,38,Other,African American,2025-01-02,,6.0,5.0,8.0,0,0.903,1-3 Years (Mid-Tenure),0
2552,Product,Associate,Associate - Product,68442.95,3,2.04,34,Female,Caucasian,2024-08-01,,6.0,1.0,3.0,0,1.183,1-3 Years (Mid-Tenure),0
3399,Product,Associate,Associate - Product,42162.14,3,2.36,39,Other,African American,2024-04-06,,9.0,3.0,6.0,0,0.729,1-3 Years (Mid-Tenure),0
3405,Product,Associate,Associate - Product,65705.77,3,1.96,29,Male,,2024-08-28,,6.0,6.0,8.0,0,1.136,1-3 Years (Mid-Tenure),0
2784,Product,Associate,Associate - Product,54345.07,3,2.39,48,Male,Hispanic,2024-03-26,,6.0,5.0,5.0,0,0.939,1-3 Years (Mid-Tenure),0
1104,Product,Associate,Associate - Product,73480.78,4,4.68,38,Male,Two or More,2021-12-11,,1.0,3.0,4.0,0,1.27,3+ Years (Tenured),1
781,Product,Associate,Associate - Product,66279.45,4,4.61,24,Male,African American,2021-08-02,2026-03-11,7.0,6.0,9.0,1,1.146,3+ Years (Tenured),0
3489,Product,Associate,Associate - Product,40993.32,5,2.99,45,Male,Two or More,2023-08-20,,8.0,2.0,7.0,0,0.709,1-3 Years (Mid-Tenure),0
3441,Product,Associate,Associate - Product,74985.93,4,4.82,45,Male,Asian,2021-07-14,2026-05-07,2.0,1.0,1.0,1,1.296,3+ Years (Tenured),1
2823,Product,Associate,Associate - Product,41157.79,3,2.03,41,Other,African American,2024-08-03,,7.0,5.0,8.0,0,0.711,1-3 Years (Mid-Tenure),0
993,Product,Associate,Associate - Product,41815.96,4,5.03,36,Other,African American,2021-08-05,,8.0,5.0,7.0,0,0.723,3+ Years (Tenured),0
4376,Product,Associate,Associate - Product,67053.08,4,3.37,37,Non-Binary,Asian,2023-04-03,,8.0,6.0,6.0,0,1.159,3+ Years (Tenured),0
4083,Product,Associate,Associate - Product,45261.17,4,2.98,30,Non-Binary,Two or More,2023-08-22,,5.0,5.0,3.0,0,0.782,1-3 Years (Mid-Tenure),0
4356,Product,Associate,Associate - Product,52135.07,5,0.63,44,Female,African American,2021-08-16,2022-04-03,6.0,5.0,5.0,1,0.901,0-1 Year (Onboarding),0
1493,Product,Associate,Associate - Product,59117.67,3,0.69,47,Other,Hispanic,2025-12-07,,2.0,7.0,4.0,0,1.022,0-1 Year (Onboarding),0
2796,Product,Associate,Associate - Product,48592.78,5,0.96,32,Non-Binary,Caucasian,2025-08-31,,7.0,7.0,8.0,0,0.84,0-1 Year (Onboarding),0
2791,Product,Associate,Associate - Product,47153.22,4,4.17,33,Other,African American,2022-06-16,,9.99,9.99,9.99,0,0.815,3+ Years (Tenured),0
3480,Product,Domain Director,Domain Director - Product,139636.13,3,4.12,30,Male,Hispanic,2022-07-02,,1.0,1.0,2.0,0,0.932,3+ Years (Tenured),0
2449,Product,Domain Director,Domain Director - Product,159971.65,2,4.2,31,Female,Caucasian,2022-06-05,,9.99,5.0,5.0,0,1.068,3+ Years (Tenured),0
3935,Product,Executive Director,Executive Director - Product,172946.43,4,4.5,40,Male,African American,2022-02-13,,9.99,9.0,5.0,0,1.0,3+ Years (Tenured),0
2028,Product,Manager,Manager - Product,107031.39,1,4.2,44,Male,Caucasian,2022-06-03,,1.0,3.0,1.0,0,1.168,3+ Years (Tenured),0
1504,Product,Manager,Manager - Product,74056.28,2,2.87,36,Male,Asian,2023-10-04,,6.0,9.99,1.0,0,0.808,1-3 Years (Mid-Tenure),0
268,Product,Manager,Manager - Product,113680.4,2,0.96,37,Non-Binary,Caucasian,2025-08-29,,6.0,6.0,9.99,0,1.24,0-1 Year (Onboarding),0
1414,Product,Manager,Manager - Product,82602.82,3,2.57,27,Male,Asian,2024-01-20,,6.0,6.0,1.0,0,0.901,1-3 Years (Mid-Tenure),0
3648,Product,Manager,Manager - Product,94341.59,5,1.78,42,Male,African American,2024-11-05,,9.99,9.99,9.0,0,1.029,1-3 Years (Mid-Tenure),0
1583,Product,Manager,Manager - Product,97752.2,4,4.13,21,,,2022-07-01,,8.0,5.0,6.0,0,1.066,3+ Years (Tenured),0
1780,Product,Manager,Manager - Product,72222.71,5,4.73,42,Male,Hispanic,2021-11-21,,8.0,9.99,9.0,0,0.788,3+ Years (Tenured),0
3988,Product,Supervisor/Lead,Supervisor/Lead - Product,84166.21,4,3.1,58,Male,Caucasian,2023-07-10,,2.0,2.0,4.0,0,1.157,3+ Years (Tenured),1
2299,Product,Supervisor/Lead,Supervisor/Lead - Product,76873.59,2,0.1,41,Other,Asian,2026-07-10,,6.0,5.0,5.0,0,1.057,0-1 Year (Onboarding),0
4110,Product,Supervisor/Lead,Supervisor/Lead - Product,80770.89,3,3.05,42,Other,Hispanic,2023-07-27,,3.0,2.0,1.0,0,1.11,3+ Years (Tenured),0
4088,Product,Supervisor/Lead,Supervisor/Lead - Product,57567.53,3,4.82,46,Female,Two or More,2021-10-19,,9.99,9.99,9.0,0,0.791,3+ Years (Tenured),0
1422,Product,Supervisor/Lead,Supervisor/Lead - Product,85622.62,4,0.46,46,,African American,2026-02-28,,9.0,8.0,5.0,0,1.177,0-1 Year (Onboarding),0
4074,Product,Supervisor/Lead,Supervisor/Lead - Product,80637.21,3,3.61,38,Other,,2022-01-31,2025-09-08,9.99,6.0,9.99,1,1.109,3+ Years (Tenured),0
1812,Product,Supervisor/Lead,Supervisor/Lead - Product,72820.88,4,4.79,54,Male,Hispanic,2021-10-31,,2.0,4.0,3.0,0,1.001,3+ Years (Tenured),1
1573,Product,Supervisor/Lead,Supervisor/Lead - Product,60354.57,3,5.03,57,Non-Binary,Caucasian,2021-08-06,,9.99,6.0,7.0,0,0.83,3+ Years (Tenured),0
1835,Product,Supervisor/Lead,Supervisor/Lead - Product,80841.6,3,2.08,40,Female,Asian,2024-07-16,,9.99,9.0,6.0,0,1.111,1-3 Years (Mid-Tenure),0
661,Product,Supervisor/Lead,Supervisor/Lead - Product,55357.91,3,4.55,40,Male,Asian,2022-01-26,,6.0,6.0,7.0,0,0.761,3+ Years (Tenured),0
3822,Product,Supervisor/Lead,Supervisor/Lead - Product,61942.82,1,1.87,30,Female,African American,2024-10-02,,3.0,5.0,3.0,0,0.852,1-3 Years (Mid-Tenure),0
1733,Product,Supervisor/Lead,Supervisor/Lead - Product,89219.44,3,1.72,32,Female,Hispanic,2024-11-25,,6.0,4.0,5.0,0,1.227,1-3 Years (Mid-Tenure),0
1466,Product,Supervisor/Lead,Supervisor/Lead - Product,56874.64,3,3.54,35,Female,African American,2023-01-30,,6.0,6.0,7.0,0,0.782,3+ Years (Tenured),0
1106,Product,Supervisor/Lead,Supervisor/Lead - Product,64509.27,3,0.63,41,Other,Asian,2023-12-23,2024-08-08,6.0,5.0,5.0,1,0.887,0-1 Year (Onboarding),0
1255,Product,Supervisor/Lead,Supervisor/Lead - Product,56205.3,5,0.35,38,Other,Caucasian,2023-07-03,2023-11-09,6.0,5.0,5.0,1,0.773,0-1 Year (Onboarding),0
1251,Product,Supervisor/Lead,Supervisor/Lead - Product,83379.7,5,4.32,27,Female,African American,2022-04-22,,5.0,6.0,5.0,0,1.146,3+ Years (Tenured),0
3637,Product,Supervisor/Lead,Supervisor/Lead - Product,58778.47,3,0.12,56,Non-Binary,Caucasian,2026-07-04,,6.0,5.0,5.0,0,0.808,0-1 Year (Onboarding),0
1231,Product,Supervisor/Lead,Supervisor/Lead - Product,84661.65,2,1.03,25,Female,African American,2025-08-05,,6.0,3.0,5.0,0,1.164,1-3 Years (Mid-Tenure),0
461,Product,Supervisor/Lead,Supervisor/Lead - Product,86167.6,5,4.22,47,Male,African American,2022-05-27,,3.0,4.0,2.0,0,1.185,3+ Years (Tenured),1
2366,Product,Supervisor/Lead,Supervisor/Lead - Product,72633.07,3,4.41,39,Female,African American,2022-03-19,,7.0,9.99,4.0,0,0.999,3+ Years (Tenured),0
2393,Product,Supervisor/Lead,Supervisor/Lead - Product,71591.78,3,4.72,35,Other,Asian,2021-11-26,,5.0,5.0,6.0,0,0.984,3+ Years (Tenured),0
2394,Product,Supervisor/Lead,Supervisor/Lead - Product,77131.9,5,0.73,42,Non-Binary,Caucasian,2025-11-21,,8.0,8.0,5.0,0,1.06,0-1 Year (Onboarding),0
3530,Product,Supervisor/Lead,Supervisor/Lead - Product,61271.68,3,4.32,25,Other,Caucasian,2022-04-23,,9.99,9.99,9.0,0,0.842,3+ Years (Tenured),0
1983,Product,Supervisor/Lead,Supervisor/Lead - Product,65877.86,3,2.15,43,Other,Asian,2024-06-21,,5.0,8.0,2.0,0,0.906,1-3 Years (Mid-Tenure),0
3457,Product,Supervisor/Lead,Supervisor/Lead - Product,72674.87,3,1.12,29,Non-Binary,Asian,2025-07-02,,1.0,5.0,4.0,0,0.999,1-3 Years (Mid-Tenure),0
2769,Product,Supervisor/Lead,Supervisor/Lead - Product,74948.03,3,3.03,37,Other,Hispanic,2023-08-04,,2.0,5.0,1.0,0,1.03,3+ Years (Tenured),0
339,Product,Supervisor/Lead,Supervisor/Lead - Product,62636.05,2,4.78,31,Female,Hispanic,2021-11-03,,8.0,3.0,6.0,0,0.861,3+ Years (Tenured),0
323,Product,Supervisor/Lead,Supervisor/Lead - Product,84311.9,4,4.47,44,Non-Binary,Asian,2022-02-24,,7.0,3.0,6.0,0,1.159,3+ Years (Tenured),0
2941,Product,Supervisor/Lead,Supervisor/Lead - Product,74756.14,2,2.43,46,Other,Caucasian,2024-03-10,,9.99,9.99,7.0,0,1.028,1-3 Years (Mid-Tenure),0
3283,Product,Supervisor/Lead,Supervisor/Lead - Product,69994.9,5,0.15,42,Female,African American,2026-03-09,2026-05-01,6.0,5.0,5.0,1,0.962,0-1 Year (Onboarding),0
3056,Product,Supervisor/Lead,Supervisor/Lead - Product,73541.83,3,3.66,26,Male,Two or More,2022-12-18,,9.99,9.99,9.0,0,1.011,3+ Years (Tenured),0
252,Product,Supervisor/Lead,Supervisor/Lead - Product,72813.78,2,5.11,38,Other,Asian,2021-07-06,,3.0,4.0,4.0,0,1.001,3+ Years (Tenured),0
3258,Product,Supervisor/Lead,Supervisor/Lead - Product,63985.45,4,1.94,36,Non-Binary,Asian,2024-09-06,,4.0,2.0,1.0,0,0.88,1-3 Years (Mid-Tenure),1
3776,Product,Supervisor/Lead,Supervisor/Lead - Product,80246.25,1,2.15,43,Male,Hispanic,2024-06-23,,3.0,1.0,5.0,0,1.103,1-3 Years (Mid-Tenure),0
694,Product,Supervisor/Lead,Supervisor/Lead - Product,78750.06,3,4.38,41,Female,Hispanic,2022-03-30,,2.0,4.0,1.0,0,1.083,3+ Years (Tenured),0
525,Product,Supervisor/Lead,Supervisor/Lead - Product,89867.88,4,4.82,41,Female,Hispanic,2021-10-19,,6.0,6.0,7.0,0,1.236,3+ Years (Tenured),0
2063,Product,Supervisor/Lead,Supervisor/Lead - Product,67456.35,2,0.27,44,Male,Caucasian,2024-04-15,2024-07-22,6.0,5.0,5.0,1,0.927,0-1 Year (Onboarding),0
2420,Data Science,Assistant Manager,Assistant Manager - Data Science,98429.84,4,3.17,43,Non-Binary,Two or More,2023-06-16,,7.0,8.0,8.0,0,1.192,3+ Years (Tenured),0
198,Data Science,Assistant Manager,Assistant Manager - Data Science,86038.33,4,1.24,39,Female,Asian,2025-05-19,,9.99,8.0,6.0,0,1.042,1-3 Years (Mid-Tenure),0
3744,Data Science,Assistant Manager,Assistant Manager - Data Science,75586.37,3,3.86,42,Male,Asian,2022-10-05,,7.0,6.0,9.99,0,0.915,3+ Years (Tenured),0
3600,Data Science,Assistant Manager,Assistant Manager - Data Science,99287.25,3,2.03,52,Female,Two or More,2024-08-05,,6.0,4.0,1.0,0,1.202,1-3 Years (Mid-Tenure),0
210,Data Science,Assistant Manager,Assistant Manager - Data Science,75024.25,4,1.98,26,Female,Asian,2023-04-01,2025-03-24,8.0,9.99,2.0,1,0.908,1-3 Years (Mid-Tenure),0
614,Data Science,Assistant Manager,Assistant Manager - Data Science,65763.76,4,0.54,21,Female,Caucasian,2025-06-09,2025-12-24,6.0,5.0,5.0,1,0.796,0-1 Year (Onboarding),0
1606,Data Science,Assistant Manager,Assistant Manager - Data Science,91911.69,5,0.6,24,Female,Hispanic,2026-01-08,,3.0,1.0,6.0,0,1.113,0-1 Year (Onboarding),1
2978,Data Science,Assistant Manager,Assistant Manager - Data Science,95808.87,4,1.1,39,Male,Asian,2025-07-08,,5.0,7.0,9.99,0,1.16,1-3 Years (Mid-Tenure),0
759,Data Science,Assistant Manager,Assistant Manager - Data Science,78037.01,3,4.94,21,Non-Binary,Hispanic,2021-09-07,,3.0,3.0,1.0,0,0.945,3+ Years (Tenured),0
629,Data Science,Assistant Manager,Assistant Manager - Data Science,60191.68,3,2.03,38,Non-Binary,Caucasian,2023-04-30,2025-05-09,7.0,6.0,2.0,1,0.729,1-3 Years (Mid-Tenure),0
4391,Data Science,Associate,Associate - Data Science,72518.76,3,1.59,45,Other,Hispanic,2025-01-10,,7.0,9.99,9.99,0,1.262,1-3 Years (Mid-Tenure),0
983,Data Science,Associate,Associate - Data Science,61483.73,4,0.95,33,Other,Caucasian,2023-02-24,2024-02-04,6.0,5.0,5.0,1,1.07,0-1 Year (Onboarding),0
1521,Data Science,Associate,Associate - Data Science,50837.23,5,5.08,31,Female,Caucasian,2021-07-17,,3.0,8.0,5.0,0,0.885,3+ Years (Tenured),1
935,Data Science,Associate,Associate - Data Science,71037.48,2,1.04,38,Male,Two or More,2025-08-01,,4.0,2.0,6.0,0,1.237,1-3 Years (Mid-Tenure),0
14,Data Science,Associate,Associate - Data Science,54003.91,3,2.91,40,Non-Binary,Caucasian,2023-09-19,,8.0,8.0,7.0,0,0.94,1-3 Years (Mid-Tenure),0
4382,Data Science,Associate,Associate - Data Science,68666.82,3,1.37,60,Male,African American,2025-04-01,,8.0,8.0,7.0,0,1.195,1-3 Years (Mid-Tenure),0
1502,Data Science,Associate,Associate - Data Science,45842.52,3,1.42,45,Male,Caucasian,2025-03-15,,5.0,1.0,2.0,0,0.798,1-3 Years (Mid-Tenure),0
4069,Data Science,Associate,Associate - Data Science,60518.5,5,3.98,26,Female,Asian,2022-08-24,,7.0,8.0,7.0,0,1.053,3+ Years (Tenured),0
1407,Data Science,Associate,Associate - Data Science,56520.5,2,2.66,45,,Asian,2023-12-19,,3.0,2.0,1.0,0,0.984,1-3 Years (Mid-Tenure),0
927,Data Science,Associate,Associate - Data Science,58199.33,4,3.69,48,Female,Asian,2022-12-07,,9.99,9.99,9.0,0,1.013,3+ Years (Tenured),0
1540,Data Science,Associate,Associate - Data Science,61719.83,3,1.08,35,Non-Binary,Hispanic,2025-07-18,,6.0,4.0,8.0,0,1.074,1-3 Years (Mid-Tenure),0
902,Data Science,Associate,Associate - Data Science,57013.67,5,4.47,30,Other,Caucasian,2022-02-26,,9.0,4.0,7.0,0,0.992,3+ Years (Tenured),0
4415,Data Science,Associate,Associate - Data Science,69814.88,3,4.42,34,Male,Hispanic,2022-03-16,,3.0,1.0,2.0,0,1.215,3+ Years (Tenured),0
1552,Data Science,Associate,Associate - Data Science,63806.85,4,3.1,45,Male,Two or More,2023-07-10,,7.0,3.0,9.99,0,1.111,3+ Years (Tenured),0
896,Data Science,Associate,Associate - Data Science,51430.91,4,3.39,40,Male,Caucasian,2023-03-28,,1.0,3.0,2.0,0,0.895,3+ Years (Tenured),1
893,Data Science,Associate,Associate - Data Science,63215.89,2,3.79,24,Female,Caucasian,2022-11-02,,8.0,9.0,3.0,0,1.1,3+ Years (Tenured),0
882,Data Science,Associate,Associate - Data Science,43853.16,1,2.01,28,Non-Binary,Hispanic,2024-08-13,,6.0,2.0,8.0,0,0.763,1-3 Years (Mid-Tenure),0
1359,Data Science,Associate,Associate - Data Science,48242.32,2,1.36,35,Female,Two or More,2025-04-04,,5.0,5.0,5.0,0,0.84,1-3 Years (Mid-Tenure),0
62,Data Science,Associate,Associate - Data Science,72604.98,3,1.29,53,Male,,2025-05-01,,3.0,7.0,1.0,0,1.264,1-3 Years (Mid-Tenure),0
1375,Data Science,Associate,Associate - Data Science,40415.54,2,3.23,56,Non-Binary,African American,2023-05-23,,9.0,9.99,8.0,0,0.703,3+ Years (Tenured),0
4132,Data Science,Associate,Associate - Data Science,62948.66,2,4.04,57,Female,African American,2022-08-01,,6.0,6.0,5.0,0,1.096,3+ Years (Tenured),0
844,Data Science,Associate,Associate - Data Science,64160.59,5,3.6,37,Other,African American,2023-01-08,,6.0,5.0,4.0,0,1.117,3+ Years (Tenured),0
840,Data Science,Associate,Associate - Data Science,68248.39,3,0.56,23,Female,Hispanic,2026-01-23,,7.0,4.0,8.0,0,1.188,0-1 Year (Onboarding),0
834,Data Science,Associate,Associate - Data Science,66564.95,4,4.43,34,Male,Asian,2022-03-12,,7.0,9.0,8.0,0,1.159,3+ Years (Tenured),0
3214,Data Science,Associate,Associate - Data Science,63293.36,3,0.07,39,Other,Asian,2026-07-20,,6.0,5.0,5.0,0,1.102,0-1 Year (Onboarding),0
4171,Data Science,Associate,Associate - Data Science,73556.73,3,0.7,38,Non-Binary,Caucasian,2025-12-01,,7.0,5.0,3.0,0,1.28,0-1 Year (Onboarding),0
4225,Data Science,Associate,Associate - Data Science,40097.86,1,0.35,25,Non-Binary,Caucasian,2026-04-10,,4.0,5.0,1.0,0,0.698,0-1 Year (Onboarding),0
1268,Data Science,Associate,Associate - Data Science,51931.96,4,4.61,37,Female,Hispanic,2022-01-05,,8.0,3.0,6.0,0,0.904,3+ Years (Tenured),0
713,Data Science,Associate,Associate - Data Science,49658.71,3,4.32,55,Male,African American,2022-04-23,,7.0,4.0,1.0,0,0.864,3+ Years (Tenured),0
703,Data Science,Associate,Associate - Data Science,48934.2,4,1.92,39,Other,Caucasian,2023-12-12,2025-11-10,1.0,1.0,3.0,1,0.852,1-3 Years (Mid-Tenure),1
4194,Data Science,Associate,Associate - Data Science,56551.22,2,4.56,32,Non-Binary,Caucasian,2022-01-22,,6.0,4.0,5.0,0,0.984,3+ Years (Tenured),0
1421,Data Science,Associate,Associate - Data Science,46710.63,3,2.79,54,Non-Binary,Two or More,2023-11-01,,6.0,4.0,1.0,0,0.813,1-3 Years (Mid-Tenure),0
4125,Data Science,Associate,Associate - Data Science,67996.97,4,2.1,42,Other,African American,2024-07-11,,2.0,4.0,5.0,0,1.184,1-3 Years (Mid-Tenure),1
1333,Data Science,Associate,Associate - Data Science,57325.02,4,1.55,50,Non-Binary,Hispanic,2025-01-25,,8.0,7.0,6.0,0,0.998,1-3 Years (Mid-Tenure),0
1226,Data Science,Associate,Associate - Data Science,47547.35,3,3.64,42,Female,Caucasian,2022-12-25,,9.0,7.0,7.0,0,0.828,3+ Years (Tenured),0
4268,Data Science,Associate,Associate - Data Science,67562.14,3,4.41,46,Other,Caucasian,2022-03-18,,3.0,3.0,5.0,0,1.176,3+ Years (Tenured),0
825,Data Science,Associate,Associate - Data Science,51633.93,3,5.03,36,Female,African American,2021-08-06,,9.99,8.0,9.0,0,0.899,3+ Years (Tenured),0
4271,Data Science,Associate,Associate - Data Science,60926.7,5,2.36,24,Female,Two or More,2021-12-28,2024-05-08,4.0,7.0,6.0,1,1.061,1-3 Years (Mid-Tenure),1
4277,Data Science,Associate,Associate - Data Science,47822.29,1,2.29,49,Non-Binary,Asian,2024-05-01,,9.99,8.0,7.0,0,0.832,1-3 Years (Mid-Tenure),0
4179,Data Science,Associate,Associate - Data Science,49810.17,4,1.41,37,Non-Binary,Two or More,2025-03-17,,3.0,4.0,1.0,0,0.867,1-3 Years (Mid-Tenure),1
1430,Data Science,Associate,Associate - Data Science,50446.58,4,2.64,42,Female,Asian,2023-12-26,,1.0,5.0,8.0,0,0.878,1-3 Years (Mid-Tenure),1
987,Data Science,Associate,Associate - Data Science,66369.77,5,2.2,52,Male,Hispanic,2024-06-04,,4.0,6.0,2.0,0,1.155,1-3 Years (Mid-Tenure),1
1354,Data Science,Associate,Associate - Data Science,44153.49,3,1.38,55,Female,Two or More,2025-03-30,,5.0,2.0,5.0,0,0.769,1-3 Years (Mid-Tenure),0
1140,Data Science,Associate,Associate - Data Science,70024.06,3,0.08,51,Non-Binary,Hispanic,2026-07-16,,6.0,5.0,5.0,0,1.219,0-1 Year (Onboarding),0
1129,Data Science,Associate,Associate - Data Science,52475.17,3,1.49,27,Non-Binary,Caucasian,2025-02-18,,4.0,7.0,5.0,0,0.913,1-3 Years (Mid-Tenure),0
1120,Data Science,Associate,Associate - Data Science,59613.49,5,1.54,30,Other,Asian,2025-01-29,,6.0,3.0,7.0,0,1.038,1-3 Years (Mid-Tenure),0
678,Data Science,Associate,Associate - Data Science,45041.24,5,1.7,44,Female,Caucasian,2024-12-02,,4.0,1.0,1.0,0,0.784,1-3 Years (Mid-Tenure),1
4126,Data Science,Associate,Associate - Data Science,64748.81,4,4.88,38,Male,Hispanic,2021-09-29,,7.0,4.0,5.0,0,1.127,3+ Years (Tenured),0
4335,Data Science,Associate,Associate - Data Science,66135.18,3,1.23,42,Other,Caucasian,2023-04-23,2024-07-14,6.0,4.0,2.0,1,1.151,1-3 Years (Mid-Tenure),0
762,Data Science,Associate,Associate - Data Science,74771.88,4,4.67,45,Female,African American,2021-12-13,,3.0,1.0,6.0,0,1.302,3+ Years (Tenured),1
1061,Data Science,Associate,Associate - Data Science,72755.55,4,4.86,45,Non-Binary,Caucasian,2021-10-06,,7.0,4.0,5.0,0,1.266,3+ Years (Tenured),0
1046,Data Science,Associate,Associate - Data Science,65218.22,3,4.82,55,Female,African American,2021-10-20,,6.0,8.0,3.0,0,1.135,3+ Years (Tenured),0
4339,Data Science,Associate,Associate - Data Science,61197.32,3,3.84,54,Non-Binary,African American,2022-10-13,,9.99,8.0,5.0,0,1.065,3+ Years (Tenured),0
1282,Data Science,Associate,Associate - Data Science,64968.55,3,0.45,60,,African American,2026-03-02,,8.0,9.0,7.0,0,1.131,0-1 Year (Onboarding),0
1020,Data Science,Associate,Associate - Data Science,45288.77,3,5.06,32,Other,Caucasian,2021-07-24,,9.0,1.0,1.0,0,0.788,3+ Years (Tenured),0
4359,Data Science,Associate,Associate - Data Science,60974.8,1,2.17,33,Other,Asian,2023-06-18,2025-08-18,6.0,9.99,7.0,1,1.061,1-3 Years (Mid-Tenure),0
2667,Data Science,Associate,Associate - Data Science,49489.18,2,0.69,36,Other,Caucasian,2024-08-30,2025-05-10,9.0,5.0,4.0,1,0.861,0-1 Year (Onboarding),0
2464,Data Science,Associate,Associate - Data Science,61229.66,5,3.04,25,Non-Binary,Two or More,2023-05-18,2026-06-01,4.0,5.0,6.0,0,1.066,3+ Years (Tenured),1
2481,Data Science,Associate,Associate - Data Science,69052.97,3,1.72,37,Other,Caucasian,2022-05-10,2024-01-26,6.0,5.0,5.0,1,1.202,1-3 Years (Mid-Tenure),0
3532,Data Science,Associate,Associate - Data Science,71148.73,1,4.52,38,Other,Hispanic,2022-02-08,,1.0,4.0,4.0,0,1.238,3+ Years (Tenured),0
2533,Data Science,Associate,Associate - Data Science,52588.46,5,0.25,47,Male,Caucasian,2026-05-16,,6.0,5.0,5.0,0,0.915,0-1 Year (Onboarding),0
3503,Data Science,Associate,Associate - Data Science,70402.29,3,4.38,60,Male,African American,2022-03-31,,9.0,7.0,6.0,0,1.225,3+ Years (Tenured),0
201,Data Science,Associate,Associate - Data Science,50970.47,5,0.75,43,Non-Binary,Hispanic,2025-01-15,2025-10-17,3.0,1.0,4.0,1,0.887,0-1 Year (Onboarding),1
3485,Data Science,Associate,Associate - Data Science,55920.06,3,2.5,40,Other,Asian,2024-02-13,,9.99,9.0,9.99,0,0.973,1-3 Years (Mid-Tenure),0
2657,Data Science,Associate,Associate - Data Science,57813.31,4,0.46,30,Non-Binary,Caucasian,2026-03-01,,1.0,3.0,2.0,0,1.006,0-1 Year (Onboarding),1
187,Data Science,Associate,Associate - Data Science,50061.82,4,4.23,22,Other,African American,2022-05-24,,4.0,5.0,3.0,0,0.871,3+ Years (Tenured),1
2684,Data Science,Associate,Associate - Data Science,55830.79,4,0.76,60,Non-Binary,Hispanic,2025-11-10,,3.0,6.0,2.0,0,0.972,0-1 Year (Onboarding),1
2691,Data Science,Associate,Associate - Data Science,74942.52,2,2.93,27,Female,Asian,2023-09-09,,6.0,7.0,5.0,0,1.304,1-3 Years (Mid-Tenure),0
2723,Data Science,Associate,Associate - Data Science,57858.75,1,2.45,34,Other,Caucasian,2024-03-04,,6.0,5.0,7.0,0,1.007,1-3 Years (Mid-Tenure),0
2727,Data Science,Associate,Associate - Data Science,46640.53,4,1.04,54,Other,African American,2025-08-01,,3.0,2.0,3.0,0,0.812,1-3 Years (Mid-Tenure),1
3475,Data Science,Associate,Associate - Data Science,71947.75,2,1.6,47,Other,Hispanic,2025-01-09,,6.0,3.0,4.0,0,1.252,1-3 Years (Mid-Tenure),0
2747,Data Science,Associate,Associate - Data Science,65676.5,3,0.26,42,Female,Asian,2025-07-15,2025-10-17,6.0,5.0,5.0,1,1.143,0-1 Year (Onboarding),0
2780,Data Science,Associate,Associate - Data Science,54574.03,4,1.1,24,Female,Hispanic,2025-07-10,,6.0,9.0,7.0,0,0.95,1-3 Years (Mid-Tenure),0
3450,Data Science,Associate,Associate - Data Science,57187.59,3,0.96,55,Male,Asian,2025-08-29,,5.0,9.0,7.0,0,0.995,0-1 Year (Onboarding),0
185,Data Science,Associate,Associate - Data Science,58289.02,3,3.5,58,Male,Asian,2023-02-16,,3.0,7.0,5.0,0,1.015,3+ Years (Tenured),0
2401,Data Science,Associate,Associate - Data Science,71314.39,3,3.2,39,Male,Caucasian,2023-06-04,,4.0,2.0,7.0,0,1.241,3+ Years (Tenured),0
2387,Data Science,Associate,Associate - Data Science,53026.63,3,2.0,27,Male,Hispanic,2024-08-15,,5.0,4.0,6.0,0,0.923,1-3 Years (Mid-Tenure),0
2382,Data Science,Associate,Associate - Data Science,51933.16,4,2.31,32,Male,Two or More,2024-04-23,,4.0,5.0,7.0,0,0.904,1-3 Years (Mid-Tenure),1
3617,Data Science,Associate,Associate - Data Science,43886.63,4,0.7,40,Non-Binary,African American,2025-12-02,,3.0,4.0,6.0,0,0.764,0-1 Year (Onboarding),1
174,Data Science,Associate,Associate - Data Science,47516.31,2,3.82,46,Other,African American,2022-10-21,,6.0,5.0,4.0,0,0.827,3+ Years (Tenured),0
2307,Data Science,Associate,Associate - Data Science,42695.5,3,4.92,52,Other,Asian,2021-09-14,,9.0,9.99,8.0,0,0.743,3+ Years (Tenured),0
2293,Data Science,Associate,Associate - Data Science,48396.82,3,4.29,38,Non-Binary,Hispanic,2022-05-01,,9.99,9.0,9.99,0,0.842,3+ Years (Tenured),0
2287,Data Science,Associate,Associate - Data Science,61704.84,1,4.64,21,Female,Two or More,2021-12-27,,7.0,8.0,6.0,0,1.074,3+ Years (Tenured),0
2283,Data Science,Associate,Associate - Data Science,41396.26,4,1.54,44,Female,Hispanic,2025-01-31,,2.0,5.0,1.0,0,0.721,1-3 Years (Mid-Tenure),1
2279,Data Science,Associate,Associate - Data Science,41423.44,3,0.44,37,Female,Asian,2026-03-07,,9.0,9.99,5.0,0,0.721,0-1 Year (Onboarding),0
2277,Data Science,Associate,Associate - Data Science,41636.87,5,0.41,46,Other,Asian,2026-03-17,,7.0,8.0,5.0,0,0.725,0-1 Year (Onboarding),0
465,Data Science,Associate,Associate - Data Science,45630.01,3,2.99,44,Male,Caucasian,2023-08-19,,9.99,9.0,8.0,0,0.794,1-3 Years (Mid-Tenure),0
475,Data Science,Associate,Associate - Data Science,52747.06,3,0.37,32,Male,Asian,2026-04-03,,6.0,5.0,5.0,0,0.918,0-1 Year (Onboarding),0
477,Data Science,Associate,Associate - Data Science,68973.19,3,4.13,51,Female,African American,2022-06-30,,5.0,8.0,1.0,0,1.201,3+ Years (Tenured),0
3060,Data Science,Associate,Associate - Data Science,52584.83,3,2.67,40,Female,Two or More,2023-12-14,,7.0,8.0,7.0,0,0.915,1-3 Years (Mid-Tenure),0
308,Data Science,Associate,Associate - Data Science,69310.33,4,1.46,35,Male,Hispanic,2023-06-16,2024-11-29,2.0,3.0,1.0,1,1.206,1-3 Years (Mid-Tenure),1
242,Data Science,Associate,Associate - Data Science,63390.95,3,2.62,29,Female,Asian,2024-01-03,,5.0,4.0,9.0,0,1.103,1-3 Years (Mid-Tenure),0
3018,Data Science,Associate,Associate - Data Science,65424.88,1,0.55,44,Male,Two or More,2026-01-27,,9.99,8.0,1.0,0,1.139,0-1 Year (Onboarding),0
3027,Data Science,Associate,Associate - Data Science,74143.36,2,1.43,51,,Hispanic,2024-07-08,2025-12-13,1.0,5.0,2.0,1,1.291,1-3 Years (Mid-Tenure),0
3302,Data Science,Associate,Associate - Data Science,62005.77,3,4.84,21,Male,Two or More,2021-10-13,,7.0,5.0,5.0,0,1.079,3+ Years (Tenured),0
3043,Data Science,Associate,Associate - Data Science,45472.82,4,1.74,33,Male,Asian,2024-11-18,,5.0,3.0,1.0,0,0.792,1-3 Years (Mid-Tenure),0
3053,Data Science,Associate,Associate - Data Science,64761.37,3,2.05,44,Non-Binary,Hispanic,2024-07-28,,8.0,7.0,2.0,0,1.127,1-3 Years (Mid-Tenure),0
3284,Data Science,Associate,Associate - Data Science,41666.15,3,0.98,41,Male,Asian,2025-08-22,,8.0,6.0,5.0,0,0.725,0-1 Year (Onboarding),0
309,Data Science,Associate,Associate - Data Science,73094.49,4,1.03,50,Non-Binary,African American,2021-10-17,2022-10-28,6.0,5.0,5.0,1,1.272,1-3 Years (Mid-Tenure),0
3073,Data Science,Associate,Associate - Data Science,42322.73,5,2.22,58,Female,Two or More,2024-05-27,,9.0,3.0,5.0,0,0.737,1-3 Years (Mid-Tenure),0
3255,Data Science,Associate,Associate - Data Science,73021.9,3,3.01,23,Male,Asian,2023-08-11,,5.0,2.0,3.0,0,1.271,3+ Years (Tenured),0
3131,Data Science,Associate,Associate - Data Science,43296.0,3,1.43,51,Male,Caucasian,2025-03-12,,9.0,9.99,6.0,0,0.754,1-3 Years (Mid-Tenure),0
3239,Data Science,Associate,Associate - Data Science,52273.53,4,0.7,48,Female,Asian,2025-12-01,,6.0,4.0,5.0,0,0.91,0-1 Year (Onboarding),0
259,Data Science,Associate,Associate - Data Science,59898.4,4,1.39,39,Female,Two or More,2025-03-26,,2.0,2.0,1.0,0,1.043,1-3 Years (Mid-Tenure),1
3168,Data Science,Associate,Associate - Data Science,42328.65,5,3.74,38,Other,African American,2022-11-20,,6.0,7.0,7.0,0,0.737,3+ Years (Tenured),0
3228,Data Science,Associate,Associate - Data Science,59117.97,2,0.49,30,Other,Hispanic,2026-02-17,,9.99,1.0,6.0,0,1.029,0-1 Year (Onboarding),0
2330,Data Science,Associate,Associate - Data Science,72213.47,4,3.04,29,Male,Asian,2023-07-31,,2.0,3.0,3.0,0,1.257,3+ Years (Tenured),1
3318,Data Science,Associate,Associate - Data Science,48708.94,3,2.56,50,Other,Two or More,2024-01-24,,5.0,1.0,2.0,0,0.848,1-3 Years (Mid-Tenure),0
2961,Data Science,Associate,Associate - Data Science,52779.81,4,0.45,32,Male,Hispanic,2024-06-20,2024-12-03,6.0,5.0,5.0,1,0.919,0-1 Year (Onboarding),0
2956,Data Science,Associate,Associate - Data Science,50631.6,4,4.42,44,Male,Asian,2022-03-14,,2.0,7.0,6.0,0,0.881,3+ Years (Tenured),1
2954,Data Science,Associate,Associate - Data Science,70105.04,3,2.84,35,Male,Two or More,2023-10-13,,6.0,7.0,1.0,0,1.22,1-3 Years (Mid-Tenure),0
2920,Data Science,Associate,Associate - Data Science,53101.21,3,1.8,47,Non-Binary,Two or More,2024-10-28,,9.99,7.0,9.0,0,0.924,1-3 Years (Mid-Tenure),0
3388,Data Science,Associate,Associate - Data Science,69555.15,3,3.53,42,Non-Binary,Asian,2023-02-04,,6.0,7.0,3.0,1,1.211,3+ Years (Tenured),0
2888,Data Science,Associate,Associate - Data Science,55979.37,4,4.88,51,Other,Two or More,2021-09-28,,4.0,6.0,8.0,0,0.974,3+ Years (Tenured),1
2863,Data Science,Associate,Associate - Data Science,45972.54,3,4.32,43,Non-Binary,Asian,2022-04-22,,6.0,5.0,5.0,0,0.8,3+ Years (Tenured),0
3398,Data Science,Associate,Associate - Data Science,40766.51,3,0.45,51,Female,Two or More,2025-04-13,2025-09-25,4.0,1.0,1.0,1,0.71,0-1 Year (Onboarding),0
3408,Data Science,Associate,Associate - Data Science,58239.22,3,1.98,35,Other,African American,2024-08-24,,5.0,9.99,2.0,0,1.014,1-3 Years (Mid-Tenure),0
2841,Data Science,Associate,Associate - Data Science,69780.14,1,1.61,35,Non-Binary,Hispanic,2025-01-05,,9.99,8.0,6.0,0,1.215,1-3 Years (Mid-Tenure),0
2839,Data Science,Associate,Associate - Data Science,73343.76,2,1.47,39,Male,African American,2025-02-26,,3.0,7.0,6.0,0,1.277,1-3 Years (Mid-Tenure),0
217,Data Science,Associate,Associate - Data Science,52075.31,3,1.88,48,Female,African American,2022-01-06,2023-11-24,6.0,5.0,5.0,1,0.906,1-3 Years (Mid-Tenure),0
358,Data Science,Associate,Associate - Data Science,50083.46,2,1.19,37,Female,Two or More,2025-06-08,,6.0,7.0,6.0,0,0.872,1-3 Years (Mid-Tenure),0
2805,Data Science,Associate,Associate - Data Science,69948.85,3,4.97,38,Other,African American,2021-08-28,,9.0,5.0,9.99,0,1.218,3+ Years (Tenured),0
1919,Data Science,Associate,Associate - Data Science,41665.2,1,4.59,39,Non-Binary,Two or More,2022-01-11,,7.0,9.99,8.0,0,0.725,3+ Years (Tenured),0
516,Data Science,Associate,Associate - Data Science,61054.06,5,1.25,43,Other,Hispanic,2025-05-14,,5.0,8.0,4.0,0,1.063,1-3 Years (Mid-Tenure),0
3779,Data Science,Associate,Associate - Data Science,67293.24,1,0.57,21,Female,Two or More,2026-01-19,,6.0,6.0,7.0,0,1.171,0-1 Year (Onboarding),0
1666,Data Science,Associate,Associate - Data Science,57241.81,3,0.13,30,Male,Asian,2026-06-30,,6.0,5.0,5.0,0,0.996,0-1 Year (Onboarding),0
1671,Data Science,Associate,Associate - Data Science,58025.81,5,0.5,46,Other,Asian,2026-02-13,,9.99,9.0,6.0,0,1.01,0-1 Year (Onboarding),0
1682,Data Science,Associate,Associate - Data Science,53117.23,2,1.16,23,Male,Hispanic,2025-06-19,,5.0,6.0,4.0,0,0.925,1-3 Years (Mid-Tenure),0
1691,Data Science,Associate,Associate - Data Science,43388.88,5,4.43,35,Non-Binary,Hispanic,2022-03-13,,1.0,3.0,1.0,0,0.755,3+ Years (Tenured),1
1696,Data Science,Associate,Associate - Data Science,68458.13,3,1.55,50,Female,Hispanic,2025-01-28,,7.0,4.0,9.0,0,1.192,1-3 Years (Mid-Tenure),0
2003,Data Science,Associate,Associate - Data Science,56613.18,4,2.45,45,Non-Binary,Caucasian,2024-03-05,,8.0,9.99,4.0,0,0.985,1-3 Years (Mid-Tenure),0
1992,Data Science,Associate,Associate - Data Science,60862.72,3,0.08,32,Non-Binary,Hispanic,2026-07-16,,6.0,5.0,5.0,0,1.059,0-1 Year (Onboarding),0
537,Data Science,Associate,Associate - Data Science,40593.49,4,1.19,36,Non-Binary,Caucasian,2025-06-08,,5.0,2.0,4.0,0,0.707,1-3 Years (Mid-Tenure),0
601,Data Science,Associate,Associate - Data Science,56870.03,3,4.68,56,Other,Asian,2021-12-09,,8.0,7.0,5.0,0,0.99,3+ Years (Tenured),0
3800,Data Science,Associate,Associate - Data Science,63819.35,4,3.07,29,Other,Two or More,2023-07-22,,9.0,6.0,6.0,0,1.111,3+ Years (Tenured),0
1951,Data Science,Associate,Associate - Data Science,50903.12,3,0.08,30,Male,Hispanic,2025-07-23,2025-08-22,6.0,5.0,5.0,1,0.886,0-1 Year (Onboarding),0
103,Data Science,Associate,Associate - Data Science,50266.01,3,0.13,49,Female,Asian,2026-06-27,,6.0,5.0,5.0,0,0.875,0-1 Year (Onboarding),0
3976,Data Science,Associate,Associate - Data Science,52462.66,3,1.22,48,Non-Binary,Asian,2025-05-25,,5.0,9.99,9.0,0,0.913,1-3 Years (Mid-Tenure),0
594,Data Science,Associate,Associate - Data Science,50130.62,4,2.81,35,Female,African American,2023-10-24,,9.99,6.0,4.0,0,0.873,1-3 Years (Mid-Tenure),0
3819,Data Science,Associate,Associate - Data Science,65842.71,4,1.84,27,Female,Two or More,2024-10-14,,4.0,7.0,7.0,0,1.146,1-3 Years (Mid-Tenure),1
553,Data Science,Associate,Associate - Data Science,53206.42,1,2.72,44,Non-Binary,Hispanic,2023-11-28,,5.0,4.0,5.0,0,0.926,1-3 Years (Mid-Tenure),0
3821,Data Science,Associate,Associate - Data Science,50048.45,4,2.61,47,Male,Hispanic,2024-01-07,,6.0,8.0,5.0,0,0.871,1-3 Years (Mid-Tenure),0
1734,Data Science,Associate,Associate - Data Science,71602.38,4,1.22,42,Female,Hispanic,2022-07-11,2023-10-01,6.0,5.0,5.0,0,1.246,1-3 Years (Mid-Tenure),0
1833,Data Science,Associate,Associate - Data Science,61527.52,3,3.11,39,Other,Asian,2023-07-06,,4.0,3.0,1.0,0,1.071,3+ Years (Tenured),0
1815,Data Science,Associate,Associate - Data Science,59569.39,4,2.71,44,Other,Two or More,2023-12-01,,9.99,5.0,9.99,0,1.037,1-3 Years (Mid-Tenure),0
1806,Data Science,Associate,Associate - Data Science,59566.63,4,1.15,51,Non-Binary,Caucasian,2025-04-16,2026-06-10,9.99,9.99,8.0,1,1.037,1-3 Years (Mid-Tenure),0
3876,Data Science,Associate,Associate - Data Science,59615.78,4,4.04,39,Male,Asian,2022-08-02,,2.0,6.0,5.0,0,1.038,3+ Years (Tenured),1
1771,Data Science,Associate,Associate - Data Science,59797.61,3,0.61,21,Other,Hispanic,2021-12-04,2022-07-13,6.0,5.0,5.0,1,1.041,0-1 Year (Onboarding),0
3905,Data Science,Associate,Associate - Data Science,54681.48,4,1.82,42,Non-Binary,Hispanic,2024-10-19,,2.0,3.0,2.0,0,0.952,1-3 Years (Mid-Tenure),1
4015,Data Science,Associate,Associate - Data Science,51428.62,3,1.52,36,Male,Asian,2025-02-06,,7.0,6.0,7.0,0,0.895,1-3 Years (Mid-Tenure),0
1616,Data Science,Associate,Associate - Data Science,62261.73,1,0.65,37,Female,Asian,2025-03-24,2025-11-17,6.0,5.0,5.0,0,1.084,0-1 Year (Onboarding),0
2217,Data Science,Associate,Associate - Data Science,42191.41,3,0.08,39,Non-Binary,Caucasian,2026-07-17,,6.0,5.0,5.0,0,0.734,0-1 Year (Onboarding),0
4036,Data Science,Associate,Associate - Data Science,45442.88,5,3.04,47,Female,African American,2023-08-02,,3.0,2.0,2.0,0,0.791,3+ Years (Tenured),1
2210,Data Science,Associate,Associate - Data Science,64236.33,3,0.94,41,Female,African American,2025-09-05,,5.0,8.0,5.0,0,1.118,0-1 Year (Onboarding),0
2185,Data Science,Associate,Associate - Data Science,46383.06,4,0.45,31,Non-Binary,Asian,2022-12-09,2023-05-22,6.0,5.0,5.0,1,0.807,0-1 Year (Onboarding),0
2181,Data Science,Associate,Associate - Data Science,61056.57,2,2.5,38,Male,Caucasian,2024-02-13,,6.0,1.0,3.0,0,1.063,1-3 Years (Mid-Tenure),0
2164,Data Science,Associate,Associate - Data Science,72343.43,2,2.66,44,Female,Asian,2023-12-19,,9.99,9.99,3.0,0,1.259,1-3 Years (Mid-Tenure),0
4021,Data Science,Associate,Associate - Data Science,68678.13,2,2.94,37,Other,Two or More,2023-09-08,,7.0,8.0,9.0,0,1.195,1-3 Years (Mid-Tenure),0
498,Data Science,Associate,Associate - Data Science,63512.02,4,1.0,39,Other,African American,2025-08-15,,4.0,2.0,4.0,0,1.106,1-3 Years (Mid-Tenure),1
500,Data Science,Associate,Associate - Data Science,70464.37,2,1.67,26,Female,Two or More,2024-02-17,2025-10-17,9.99,6.0,9.0,1,1.227,1-3 Years (Mid-Tenure),0
2120,Data Science,Associate,Associate - Data Science,61944.81,4,0.52,46,Other,African American,2026-02-08,,6.0,5.0,5.0,0,1.078,0-1 Year (Onboarding),0
4011,Data Science,Associate,Associate - Data Science,47117.2,2,3.4,56,Female,Asian,2023-03-23,,4.0,2.0,2.0,0,0.82,3+ Years (Tenured),0
2108,Data Science,Associate,Associate - Data Science,58338.15,2,1.89,41,Non-Binary,Asian,2022-01-02,2023-11-24,6.0,5.0,5.0,1,1.015,1-3 Years (Mid-Tenure),0
2082,Data Science,Associate,Associate - Data Science,45382.86,3,2.07,52,Female,African American,2024-07-19,,6.0,8.0,8.0,0,0.79,1-3 Years (Mid-Tenure),0
2091,Data Science,Associate,Associate - Data Science,55792.9,4,3.73,41,Female,Hispanic,2021-09-03,2025-05-28,9.99,9.99,9.99,1,0.971,3+ Years (Tenured),0
1665,Data Science,Associate,Associate - Data Science,63875.4,3,1.12,52,Female,Two or More,2025-07-03,,5.0,1.0,4.0,0,1.112,1-3 Years (Mid-Tenure),0
505,Data Science,Associate,Associate - Data Science,44899.19,1,3.86,46,Other,African American,2022-10-07,,2.0,5.0,2.0,0,0.782,3+ Years (Tenured),0
2470,Data Science,Domain Director,Domain Director - Data Science,169535.47,3,0.65,48,Female,Two or More,2025-12-21,,8.0,7.0,1.0,0,1.105,0-1 Year (Onboarding),0
3752,Data Science,Domain Director,Domain Director - Data Science,137192.01,5,4.34,30,Female,Caucasian,2022-04-15,,5.0,7.0,5.0,0,0.895,3+ Years (Tenured),0
3816,Data Science,Manager,Manager - Data Science,105872.23,3,4.45,33,Non-Binary,Asian,2022-03-06,,5.0,2.0,5.0,0,1.099,3+ Years (Tenured),0
735,Data Science,Manager,Manager - Data Science,81289.5,4,0.85,28,Female,Caucasian,2025-10-08,,7.0,6.0,4.0,0,0.844,0-1 Year (Onboarding),0
1254,Data Science,Manager,Manager - Data Science,89748.72,3,3.87,21,Male,Asian,2021-08-31,2025-07-14,3.0,7.0,6.0,1,0.932,3+ Years (Tenured),0
2884,Data Science,Manager,Manager - Data Science,106312.7,2,3.08,34,Non-Binary,Asian,2023-07-17,,5.0,2.0,7.0,0,1.104,3+ Years (Tenured),0
2864,Data Science,Manager,Manager - Data Science,90083.59,2,1.02,38,Male,Asian,2025-08-09,,7.0,9.99,6.0,0,0.935,1-3 Years (Mid-Tenure),0
3295,Data Science,Manager,Manager - Data Science,84705.04,1,2.25,36,Non-Binary,Hispanic,2024-05-14,,6.0,5.0,2.0,0,0.879,1-3 Years (Mid-Tenure),0
3871,Data Science,Manager,Manager - Data Science,96306.02,3,0.59,57,Male,African American,2026-01-10,,1.0,5.0,2.0,0,1.0,0-1 Year (Onboarding),0
846,Data Science,Manager,Manager - Data Science,98222.07,2,4.03,45,Other,Two or More,2022-08-04,,3.0,5.0,7.0,0,1.02,3+ Years (Tenured),0
3316,Data Science,Manager,Manager - Data Science,114435.66,4,4.69,45,Non-Binary,,2021-12-06,,6.0,2.0,3.0,0,1.188,3+ Years (Tenured),0
794,Data Science,Supervisor/Lead,Supervisor/Lead - Data Science,87236.77,5,2.39,38,Male,Two or More,2024-01-21,2026-06-12,6.0,1.0,7.0,1,1.161,1-3 Years (Mid-Tenure),0
652,Data Science,Supervisor/Lead,Supervisor/Lead - Data Science,87759.53,4,3.03,33,Non-Binary,African American,2023-08-06,,9.0,6.0,5.0,0,1.168,3+ Years (Tenured),0
1767,Data Science,Supervisor/Lead,Supervisor/Lead - Data Science,71391.23,3,4.19,49,Female,Asian,2022-06-09,,4.0,8.0,5.0,0,0.95,3+ Years (Tenured),0
3383,Data Science,Supervisor/Lead,Supervisor/Lead - Data Science,88361.54,2,2.72,31,Non-Binary,Caucasian,2023-11-25,,7.0,3.0,6.0,0,1.176,1-3 Years (Mid-Tenure),0
2762,Data Science,Supervisor/Lead,Supervisor/Lead - Data Science,81304.13,1,4.29,30,Male,Two or More,2022-05-03,,7.0,7.0,5.0,0,1.082,3+ Years (Tenured),0
3156,Data Science,Supervisor/Lead,Supervisor/Lead - Data Science,76821.67,5,1.36,27,Non-Binary,Caucasian,2025-04-05,,8.0,8.0,7.0,0,1.023,1-3 Years (Mid-Tenure),0
3000,Data Science,Supervisor/Lead,Supervisor/Lead - Data Science,72070.14,2,2.17,51,Other,African American,2024-06-14,,4.0,1.0,1.0,0,0.959,1-3 Years (Mid-Tenure),0
1539,Data Science,Supervisor/Lead,Supervisor/Lead - Data Science,64073.61,5,2.15,42,Other,Two or More,2024-06-22,,3.0,8.0,7.0,0,0.853,1-3 Years (Mid-Tenure),1
1709,Data Science,Supervisor/Lead,Supervisor/Lead - Data Science,70731.59,4,4.67,49,Male,African American,2021-12-15,,3.0,5.0,3.0,0,0.941,3+ Years (Tenured),1
3098,Data Science,Supervisor/Lead,Supervisor/Lead - Data Science,74024.74,3,0.98,54,Other,Asian,2024-08-19,2025-08-10,8.0,5.0,4.0,1,0.985,0-1 Year (Onboarding),0
4400,Data Science,Supervisor/Lead,Supervisor/Lead - Data Science,77993.13,5,0.48,44,Female,African American,2026-02-21,,6.0,2.0,4.0,0,1.038,0-1 Year (Onboarding),0
2057,Data Science,Supervisor/Lead,Supervisor/Lead - Data Science,68543.28,4,1.85,43,Female,Hispanic,2023-04-27,2025-03-01,5.0,5.0,7.0,1,0.912,1-3 Years (Mid-Tenure),0
2221,Data Science,Supervisor/Lead,Supervisor/Lead - Data Science,55214.49,4,1.18,47,Other,Hispanic,2025-06-09,,3.0,7.0,6.0,0,0.735,1-3 Years (Mid-Tenure),1
3679,Data Science,Supervisor/Lead,Supervisor/Lead - Data Science,89341.49,3,4.25,41,Female,Caucasian,2022-05-17,,5.0,4.0,2.0,0,1.189,3+ Years (Tenured),0
1249,Data Science,Supervisor/Lead,Supervisor/Lead - Data Science,89815.96,1,1.6,39,Female,African American,2024-12-03,2026-07-09,3.0,7.0,4.0,1,1.195,1-3 Years (Mid-Tenure),0
1299,Data Science,Supervisor/Lead,Supervisor/Lead - Data Science,81258.47,3,2.72,40,Male,Asian,2023-11-25,,4.0,3.0,7.0,0,1.082,1-3 Years (Mid-Tenure),0
2122,Data Science,Supervisor/Lead,SUPERVISOR/LEAD - DATA SCIENCE,57545.06,3,1.14,25,Other,Hispanic,2025-06-24,,9.99,5.0,3.0,0,0.766,1-3 Years (Mid-Tenure),0
3612,Data Science,Supervisor/Lead,Supervisor/Lead - Data Science,65797.64,4,3.5,59,Female,African American,2023-02-16,,6.0,1.0,1.0,0,0.876,3+ Years (Tenured),0
152,Data Science,Supervisor/Lead,Supervisor/Lead - Data Science,80167.6,3,3.46,46,Male,Hispanic,2021-12-25,2025-06-10,7.0,2.0,1.0,1,1.067,3+ Years (Tenured),0
179,Data Science,Supervisor/Lead,Supervisor/Lead - Data Science,83626.67,4,1.7,41,Other,Caucasian,2024-01-25,2025-10-05,3.0,4.0,1.0,1,1.113,1-3 Years (Mid-Tenure),1
2414,Data Science,Supervisor/Lead,Supervisor/Lead - Data Science,80934.26,4,5.01,52,Female,Two or More,2021-08-11,,2.0,4.0,1.0,0,1.077,3+ Years (Tenured),1
520,Data Science,Supervisor/Lead,Supervisor/Lead - Data Science,64784.22,2,4.98,38,Non-Binary,African American,2021-08-24,,7.0,7.0,4.0,0,0.862,3+ Years (Tenured),0
3881,Data Science,Supervisor/Lead,Supervisor/Lead - Data Science,80696.89,3,1.35,41,Female,Hispanic,2025-04-11,,7.0,9.99,7.0,0,1.074,1-3 Years (Mid-Tenure),0
2016,Data Science,Supervisor/Lead,Supervisor/Lead - Data Science,67758.92,5,2.45,37,Female,Hispanic,2024-03-05,,4.0,4.0,6.0,0,0.902,1-3 Years (Mid-Tenure),1
4349,Data Science,Supervisor/Lead,Supervisor/Lead - Data Science,72875.63,4,3.27,33,Male,African American,2023-05-08,,5.0,5.0,1.0,0,0.97,3+ Years (Tenured),0
1837,Data Science,Supervisor/Lead,Supervisor/Lead - Data Science,56214.5,3,2.81,36,Female,Two or More,2023-10-25,,6.0,2.0,9.0,0,0.748,1-3 Years (Mid-Tenure),0
1867,Data Science,Supervisor/Lead,Supervisor/Lead - Data Science,85065.72,5,3.12,35,Other,Asian,2023-07-05,,5.0,5.0,5.0,0,1.132,3+ Years (Tenured),0
4374,Data Science,Supervisor/Lead,Supervisor/Lead - Data Science,59478.79,4,3.17,31,Other,Hispanic,2023-06-15,,7.0,5.0,4.0,0,0.792,3+ Years (Tenured),0
2809,Data Science,Supervisor/Lead,Supervisor/Lead - Data Science,87266.95,3,3.54,39,Male,Two or More,2023-01-31,,9.0,9.99,7.0,0,1.162,3+ Years (Tenured),0
1264,Data Science,Supervisor/Lead,Supervisor/Lead - Data Science,57834.42,3,1.51,24,Male,Two or More,2025-02-09,,8.0,6.0,6.0,0,0.77,1-3 Years (Mid-Tenure),0
754,Data Science,Supervisor/Lead,Supervisor/Lead - Data Science,82590.57,3,3.62,24,Male,Hispanic,2023-01-03,,3.0,4.0,6.0,0,1.099,3+ Years (Tenured),0
136,Data Science,Supervisor/Lead,Supervisor/Lead - Data Science,71251.3,5,1.88,29,Other,Two or More,2024-09-26,,9.99,5.0,9.99,0,0.948,1-3 Years (Mid-Tenure),0
1980,Data Science,Supervisor/Lead,Supervisor/Lead - Data Science,87841.55,2,1.58,66,Female,Caucasian,2024-08-20,2026-03-21,3.0,1.0,5.0,1,1.169,1-3 Years (Mid-Tenure),0
2681,Data Science,Supervisor/Lead,Supervisor/Lead - Data Science,76698.5,4,1.23,66,Male,African American,2024-09-30,2025-12-24,5.0,9.0,6.0,1,1.021,1-3 Years (Mid-Tenure),0
1659,People Operations,Assistant Manager,Assistant Manager - People Operations,69752.09,4,4.9,33,Other,African American,2021-09-23,,6.0,6.0,1.0,0,0.831,3+ Years (Tenured),0
1613,People Operations,Assistant Manager,Assistant Manager - People Operations,98031.52,3,1.08,58,Female,,2025-07-18,,3.0,2.0,6.0,0,1.168,1-3 Years (Mid-Tenure),0
1032,People Operations,Assistant Manager,Assistant Manager - People Operations,93176.28,2,0.17,43,Male,Caucasian,2026-06-15,,5.0,6.0,8.0,0,1.111,0-1 Year (Onboarding),0
1110,People Operations,Assistant Manager,Assistant Manager - People Operations,96171.77,4,3.95,21,Other,Asian,2022-09-05,,2.0,1.0,1.0,0,1.146,3+ Years (Tenured),1
3723,People Operations,Assistant Manager,Assistant Manager - People Operations,94408.49,3,2.07,26,Female,Hispanic,2024-07-19,,6.0,5.0,6.0,0,1.125,1-3 Years (Mid-Tenure),0
2638,People Operations,Assistant Manager,Assistant Manager - People Operations,67725.19,4,0.98,30,Female,Hispanic,2025-08-23,,8.0,3.0,1.0,0,0.807,0-1 Year (Onboarding),0
4307,People Operations,Assistant Manager,Assistant Manager - People Operations,76770.57,3,1.43,37,Non-Binary,African American,2025-03-10,,9.0,7.0,2.0,0,0.915,1-3 Years (Mid-Tenure),0
2,People Operations,Assistant Manager,Assistant Manager - People Operations,95178.25,4,3.31,47,Male,Hispanic,2023-04-25,,9.0,5.0,9.0,0,1.134,3+ Years (Tenured),0
2626,People Operations,Assistant Manager,Assistant Manager - People Operations,77091.58,2,1.9,28,Male,Caucasian,2024-09-19,,6.0,2.0,3.0,0,0.919,1-3 Years (Mid-Tenure),0
298,People Operations,Assistant Manager,Assistant Manager - People Operations,79997.76,5,2.74,26,Female,,2021-12-01,2024-08-27,9.0,8.0,6.0,1,0.953,1-3 Years (Mid-Tenure),0
350,People Operations,Assistant Manager,Assistant Manager - People Operations,63863.72,3,1.35,33,Non-Binary,Hispanic,2025-04-09,,1.0,1.0,1.0,0,0.761,1-3 Years (Mid-Tenure),0
305,People Operations,Assistant Manager,Assistant Manager - People Operations,94670.59,3,5.03,35,Other,Two or More,2021-08-05,,3.0,7.0,5.0,0,1.128,3+ Years (Tenured),0
1660,People Operations,Associate,Associate - People Operations,69394.7,5,2.73,53,Other,,2023-11-23,,4.0,1.0,3.0,0,1.18,1-3 Years (Mid-Tenure),1
4039,People Operations,Associate,Associate - People Operations,41226.77,5,4.56,43,Non-Binary,African American,2022-01-23,,7.0,4.0,3.0,0,0.701,3+ Years (Tenured),0
4035,People Operations,Associate,Associate - People Operations,45413.08,4,4.49,33,Other,Asian,2022-02-18,,6.0,9.99,4.0,0,0.773,3+ Years (Tenured),0
1641,People Operations,Associate,Associate - People Operations,71291.86,3,2.23,35,Other,African American,2024-05-24,,5.0,4.0,6.0,0,1.213,1-3 Years (Mid-Tenure),0
1642,People Operations,Associate,Associate - People Operations,68175.95,4,4.97,56,Male,African American,2021-08-27,,7.0,7.0,4.0,0,1.16,3+ Years (Tenured),0
4032,People Operations,Associate,Associate - People Operations,74039.05,3,1.63,25,Female,African American,2024-12-28,,6.0,7.0,5.0,0,1.259,1-3 Years (Mid-Tenure),0
4031,People Operations,Associate,Associate - People Operations,62566.95,3,0.29,66,Female,Asian,2026-05-02,,3.0,1.0,1.0,0,1.064,0-1 Year (Onboarding),0
1651,People Operations,Associate,Associate - People Operations,56279.03,3,4.59,47,Other,Hispanic,2022-01-12,,9.0,4.0,4.0,0,0.957,3+ Years (Tenured),0
621,People Operations,Associate,Associate - People Operations,73406.48,3,0.19,34,Female,Two or More,2026-06-05,,6.0,5.0,5.0,0,1.249,0-1 Year (Onboarding),0
1064,People Operations,Associate,Associate - People Operations,64175.15,3,2.4,56,Other,Caucasian,2024-03-22,,7.0,6.0,6.0,0,1.092,1-3 Years (Mid-Tenure),0
2749,People Operations,Associate,Associate - People Operations,48183.14,2,0.76,39,Male,Hispanic,2023-09-01,2024-06-05,4.0,2.0,9.99,1,0.82,0-1 Year (Onboarding),0
1051,People Operations,Associate,Associate - People Operations,74628.17,5,1.36,37,Non-Binary,African American,2025-04-05,,3.0,1.0,7.0,0,1.269,1-3 Years (Mid-Tenure),1
1049,People Operations,Associate,Associate - People Operations,70645.47,3,2.93,45,Male,African American,2023-09-12,,7.0,3.0,1.0,0,1.202,1-3 Years (Mid-Tenure),0
4340,People Operations,Associate,Associate - People Operations,55685.98,4,0.29,43,Non-Binary,,2026-04-30,,6.0,7.0,1.0,0,0.947,0-1 Year (Onboarding),0
3074,People Operations,Associate,Associate - People Operations,49426.72,2,0.81,59,Other,Caucasian,2025-10-25,,9.99,9.99,6.0,0,0.841,0-1 Year (Onboarding),0
4024,People Operations,Associate,Associate - People Operations,51073.06,1,1.62,42,Other,African American,2025-01-01,,4.0,9.0,4.0,0,0.869,1-3 Years (Mid-Tenure),0
1044,People Operations,Associate,Associate - People Operations,66554.73,3,4.23,44,Female,Caucasian,2022-05-23,,4.0,5.0,4.0,0,1.132,3+ Years (Tenured),0
1043,People Operations,Associate,Associate - People Operations,68596.62,4,2.5,51,Male,Caucasian,2024-02-13,,9.0,9.99,8.0,0,1.167,1-3 Years (Mid-Tenure),0
4049,People Operations,Associate,Associate - People Operations,72860.4,4,1.1,40,Female,Two or More,2025-07-10,,6.0,4.0,4.0,0,1.239,1-3 Years (Mid-Tenure),0
4314,People Operations,Associate,Associate - People Operations,67287.69,4,2.75,22,Non-Binary,Hispanic,2023-11-17,,9.0,6.0,4.0,0,1.145,1-3 Years (Mid-Tenure),0
2801,People Operations,Associate,Associate - People Operations,56164.72,3,4.85,37,Non-Binary,Hispanic,2021-10-10,,4.0,6.0,3.0,0,0.955,3+ Years (Tenured),0
1559,People Operations,Associate,Associate - People Operations,40301.48,1,1.62,33,Male,African American,2024-07-20,2026-03-05,4.0,7.0,2.0,1,0.686,1-3 Years (Mid-Tenure),0
4080,People Operations,Associate,Associate - People Operations,66125.47,4,3.55,39,Male,African American,2023-01-26,,4.0,4.0,6.0,0,1.125,3+ Years (Tenured),1
1564,People Operations,Associate,Associate - People Operations,47071.15,3,1.84,43,Female,Asian,2024-10-14,,6.0,6.0,7.0,0,0.801,1-3 Years (Mid-Tenure),0
4078,People Operations,Associate,Associate - People Operations,67761.0,4,2.95,44,Non-Binary,Hispanic,2023-09-02,,1.0,4.0,4.0,0,1.153,1-3 Years (Mid-Tenure),1
1576,People Operations,Associate,associate - people operations,71436.25,5,4.74,43,Female,African American,2021-11-20,,8.0,6.0,6.0,0,1.215,3+ Years (Tenured),0
2788,People Operations,Associate,Associate - People Operations,42399.78,5,2.1,28,Non-Binary,Asian,2024-07-10,,7.0,7.0,5.0,0,0.721,1-3 Years (Mid-Tenure),0
2782,People Operations,Associate,Associate - People Operations,40985.86,4,4.4,50,Other,African American,2022-03-22,,1.0,2.0,4.0,0,0.697,3+ Years (Tenured),1
2765,People Operations,Associate,Associate - People Operations,44472.16,3,3.49,25,Male,Two or More,2023-02-18,,7.0,5.0,6.0,0,0.757,3+ Years (Tenured),0
632,People Operations,Associate,Associate - People Operations,62271.8,1,2.05,31,Non-Binary,Caucasian,2024-07-26,,7.0,6.0,4.0,0,1.059,1-3 Years (Mid-Tenure),0
4045,People Operations,Associate,Associate - People Operations,66752.92,4,0.53,38,Male,,2026-02-04,,7.0,4.0,9.0,0,1.136,0-1 Year (Onboarding),0
1619,People Operations,Associate,Associate - People Operations,48389.11,4,0.66,44,Non-Binary,Two or More,2025-12-16,,5.0,5.0,5.0,0,0.823,0-1 Year (Onboarding),0
4325,People Operations,Associate,Associate - People Operations,49573.14,5,2.75,43,Male,,2023-11-17,,5.0,3.0,3.0,0,0.843,1-3 Years (Mid-Tenure),0
2773,People Operations,Associate,Associate - People Operations,61384.76,3,2.69,42,Male,Caucasian,2023-12-06,,6.0,3.0,7.0,0,1.044,1-3 Years (Mid-Tenure),0
2767,People Operations,Associate,Associate - People Operations,44816.95,4,0.33,31,Male,African American,2026-04-16,,6.0,5.0,5.0,0,0.762,0-1 Year (Onboarding),0
2766,People Operations,Associate,Associate - People Operations,40911.84,3,2.53,38,Other,Caucasian,2024-02-05,,5.0,1.0,2.0,0,0.696,1-3 Years (Mid-Tenure),0
1040,People Operations,Associate,Associate - People Operations,67620.44,4,0.1,49,Female,Asian,2026-01-21,2026-02-28,6.0,5.0,5.0,1,1.15,0-1 Year (Onboarding),0
581,People Operations,Associate,Associate - People Operations,67217.1,3,4.84,38,Male,Asian,2021-10-12,,5.0,5.0,9.0,0,1.143,3+ Years (Tenured),0
1760,People Operations,Associate,Associate - People Operations,66807.4,4,1.0,52,Male,Two or More,2025-08-14,,9.0,8.0,7.0,0,1.136,1-3 Years (Mid-Tenure),0
1012,People Operations,Associate,Associate - People Operations,74776.4,4,2.04,35,Non-Binary,African American,2024-08-02,,9.0,8.0,8.0,0,1.272,1-3 Years (Mid-Tenure),0
1011,People Operations,Associate,Associate - People Operations,60319.26,4,0.75,37,Non-Binary,African American,2025-11-16,,3.0,6.0,2.0,0,1.026,0-1 Year (Onboarding),1
3091,People Operations,Associate,associate - people operations,56109.76,3,1.56,35,Non-Binary,Asian,2025-01-24,,8.0,4.0,2.0,0,0.954,1-3 Years (Mid-Tenure),0
3094,People Operations,Associate,Associate - People Operations,55116.13,2,1.49,27,Male,Hispanic,2025-02-17,,1.0,4.0,1.0,0,0.938,1-3 Years (Mid-Tenure),0
213,People Operations,Associate,Associate - People Operations,42296.1,4,0.51,36,Non-Binary,Asian,2023-12-24,2024-06-26,1.0,4.0,6.0,1,0.719,0-1 Year (Onboarding),1
1772,People Operations,Associate,Associate - People Operations,53509.5,3,2.67,28,Non-Binary,Hispanic,2023-12-13,,5.0,5.0,6.0,0,0.91,1-3 Years (Mid-Tenure),0
212,People Operations,Associate,Associate - People Operations,69452.67,4,4.44,47,Female,African American,2022-03-10,,2.0,7.0,4.0,0,1.181,3+ Years (Tenured),1
584,People Operations,Associate,Associate - People Operations,55296.75,3,4.24,56,Female,Asian,2022-05-19,,7.0,5.0,8.0,0,0.941,3+ Years (Tenured),0
1016,People Operations,Associate,Associate - People Operations,43532.22,4,2.94,54,Other,Hispanic,2023-09-07,,7.0,6.0,8.0,0,0.741,1-3 Years (Mid-Tenure),0
3265,People Operations,Associate,Associate - People Operations,49859.89,4,1.47,50,Non-Binary,Two or More,2025-02-25,,4.0,6.0,2.0,0,0.848,1-3 Years (Mid-Tenure),1
3969,People Operations,Associate,Associate - People Operations,73027.04,3,3.66,30,Female,Two or More,2022-12-17,,8.0,5.0,4.0,0,1.242,3+ Years (Tenured),0
4368,People Operations,Associate,Associate - People Operations,70600.3,3,4.13,57,Male,Hispanic,2022-06-29,,7.0,8.0,9.0,0,1.201,3+ Years (Tenured),0
4369,People Operations,Associate,Associate - People Operations,59620.45,2,2.57,43,Other,Hispanic,2024-01-21,,2.0,4.0,7.0,0,1.014,1-3 Years (Mid-Tenure),0
2688,People Operations,Associate,Associate - People Operations,46157.95,4,3.36,47,Non-Binary,Hispanic,2023-04-06,,1.0,2.0,4.0,0,0.785,3+ Years (Tenured),1
1786,People Operations,Associate,Associate - People Operations,66895.23,4,3.28,36,Male,Caucasian,2023-05-06,,7.0,6.0,4.0,0,1.138,3+ Years (Tenured),0
780,People Operations,Associate,associate - people operations,46431.67,4,0.65,58,Female,Caucasian,2025-12-21,,6.0,2.0,7.0,0,0.79,0-1 Year (Onboarding),0
1793,People Operations,Associate,Associate - People Operations,57124.46,3,0.48,48,Non-Binary,Two or More,2025-08-11,2026-02-03,6.0,5.0,5.0,1,0.972,0-1 Year (Onboarding),0
209,People Operations,Associate,Associate - People Operations,49049.09,3,2.02,29,Female,African American,2021-10-29,2023-11-07,6.0,5.0,5.0,1,0.834,1-3 Years (Mid-Tenure),0
377,People Operations,Associate,Associate - People Operations,55776.97,5,3.2,58,Female,Caucasian,2023-06-04,,5.0,9.99,7.0,0,0.949,3+ Years (Tenured),0
247,People Operations,Associate,Associate - People Operations,54005.5,5,4.12,36,Non-Binary,Two or More,2022-07-02,,7.0,4.0,9.99,0,0.919,3+ Years (Tenured),0
3273,People Operations,Associate,Associate - People Operations,52615.62,5,5.1,36,Other,,2021-07-09,,6.0,3.0,2.0,0,0.895,3+ Years (Tenured),0
1685,People Operations,Associate,Associate - People Operations,74825.2,5,4.25,52,Other,African American,2022-05-17,,8.0,3.0,3.0,0,1.273,3+ Years (Tenured),0
1687,People Operations,Associate,Associate - People Operations,51235.32,2,1.03,49,Female,African American,2025-08-05,,2.0,5.0,5.0,0,0.872,1-3 Years (Mid-Tenure),0
1688,People Operations,Associate,Associate - People Operations,56891.94,4,2.36,30,Other,Caucasian,2024-04-07,,3.0,9.0,6.0,0,0.968,1-3 Years (Mid-Tenure),1
1693,People Operations,Associate,Associate - People Operations,48364.71,3,4.19,45,Non-Binary,African American,2022-06-09,,4.0,5.0,5.0,0,0.823,3+ Years (Tenured),0
4012,People Operations,Associate,Associate - People Operations,64241.26,5,1.18,45,Non-Binary,Asian,2025-06-09,,3.0,1.0,1.0,0,1.093,1-3 Years (Mid-Tenure),1
2734,People Operations,Associate,Associate - People Operations,57176.46,4,0.48,36,Female,Caucasian,2026-02-22,,9.0,7.0,6.0,0,0.973,0-1 Year (Onboarding),0
2732,People Operations,Associate,Associate - People Operations,50377.19,2,1.26,65,Female,Caucasian,2025-05-12,,9.0,9.99,9.99,0,0.857,1-3 Years (Mid-Tenure),0
607,People Operations,Associate,Associate - People Operations,61942.41,5,0.89,45,Female,,2025-09-25,,3.0,1.0,2.0,0,1.054,0-1 Year (Onboarding),1
1028,People Operations,Associate,Associate - People Operations,73018.29,4,3.39,48,Female,African American,2023-03-25,,6.0,7.0,7.0,0,1.242,3+ Years (Tenured),0
3997,People Operations,Associate,Associate - People Operations,62241.05,3,3.13,37,Male,Hispanic,2023-06-29,,6.0,2.0,5.0,0,1.059,3+ Years (Tenured),0
3993,People Operations,Associate,Associate - People Operations,66136.87,3,0.08,30,Male,Two or More,2026-07-18,,6.0,5.0,5.0,0,1.125,0-1 Year (Onboarding),0
4352,People Operations,Associate,Associate - People Operations,63371.5,5,1.82,42,Female,Caucasian,2024-10-19,,6.0,9.99,5.0,0,1.078,1-3 Years (Mid-Tenure),0
1732,People Operations,Associate,Associate - People Operations,54651.0,4,2.01,21,Female,Two or More,2024-08-13,,6.0,4.0,6.0,0,0.93,1-3 Years (Mid-Tenure),0
3463,People Operations,Associate,Associate - People Operations,71286.66,3,4.9,30,Female,Two or More,2021-09-23,,8.0,5.0,4.0,0,1.213,3+ Years (Tenured),0
1753,People Operations,Associate,Associate - People Operations,61067.2,4,4.42,40,Female,Hispanic,2022-03-17,,9.99,5.0,7.0,0,1.039,3+ Years (Tenured),0
3267,People Operations,Associate,Associate - People Operations,43949.87,2,0.9,48,Male,Hispanic,2025-09-20,,5.0,5.0,9.99,0,0.748,0-1 Year (Onboarding),0
2930,People Operations,Associate,Associate - People Operations,73366.96,3,0.96,43,Male,Asian,2025-08-29,,9.0,4.0,9.0,0,1.248,0-1 Year (Onboarding),0
2955,People Operations,Associate,Associate - People Operations,63606.15,3,0.33,28,Female,African American,2026-04-17,,6.0,5.0,5.0,0,1.082,0-1 Year (Onboarding),0
2952,People Operations,Associate,Associate - People Operations,55910.31,3,0.25,53,Non-Binary,African American,2026-05-16,,6.0,5.0,5.0,0,0.951,0-1 Year (Onboarding),0
3303,People Operations,Associate,Associate - People Operations,72935.61,5,1.66,23,Female,Caucasian,2024-04-29,2025-12-25,1.0,1.0,5.0,1,1.241,1-3 Years (Mid-Tenure),1
243,People Operations,Associate,Associate - People Operations,40539.61,3,4.27,31,Male,Asian,2022-05-11,,6.0,2.0,5.0,0,0.69,3+ Years (Tenured),0
4274,People Operations,Associate,Associate - People Operations,42703.25,4,2.23,52,Non-Binary,Two or More,2024-05-24,,7.0,9.99,5.0,0,0.726,1-3 Years (Mid-Tenure),0
1324,People Operations,Associate,Associate - People Operations,73836.72,2,2.76,34,Male,Asian,2023-11-13,,9.99,5.0,8.0,0,1.256,1-3 Years (Mid-Tenure),0
4186,People Operations,Associate,Associate - People Operations,65749.6,3,4.23,28,Other,Hispanic,2022-05-24,,7.0,8.0,5.0,0,1.118,3+ Years (Tenured),0
4276,People Operations,Associate,Associate - People Operations,60829.49,4,1.25,60,Male,Hispanic,2025-05-17,,4.0,5.0,4.0,0,1.035,1-3 Years (Mid-Tenure),1
1339,People Operations,Associate,Associate - People Operations,51077.92,3,4.27,52,Non-Binary,Two or More,2022-05-09,,1.0,1.0,2.0,0,0.869,3+ Years (Tenured),0
1293,People Operations,Associate,Associate - People Operations,52802.29,1,2.32,46,Other,African American,2024-04-19,,3.0,8.0,5.0,0,0.898,1-3 Years (Mid-Tenure),0
2929,People Operations,Associate,Associate - People Operations,59660.6,2,1.41,61,Non-Binary,Hispanic,2025-03-19,,9.0,5.0,5.0,0,1.015,1-3 Years (Mid-Tenure),0
1351,People Operations,Associate,Associate - People Operations,71157.06,4,4.78,39,Male,African American,2021-11-05,,7.0,8.0,7.0,0,1.21,3+ Years (Tenured),0
1152,People Operations,Associate,Associate - People Operations,74870.34,4,4.26,47,Non-Binary,Caucasian,2022-05-14,,2.0,8.0,7.0,0,1.274,3+ Years (Tenured),1
331,People Operations,Associate,Associate - People Operations,41198.95,5,2.34,36,Other,Caucasian,2024-04-14,,3.0,6.0,3.0,0,0.701,1-3 Years (Mid-Tenure),1
3026,People Operations,Associate,Associate - People Operations,43050.88,2,2.77,28,Female,Two or More,2023-11-07,,4.0,5.0,4.0,0,0.732,1-3 Years (Mid-Tenure),0
1367,People Operations,Associate,Associate - People Operations,44120.26,2,1.48,25,Other,African American,2025-02-20,,9.0,9.99,4.0,0,0.751,1-3 Years (Mid-Tenure),0
56,People Operations,Associate,Associate - People Operations,58569.68,4,3.64,43,Other,African American,2022-12-26,,6.0,4.0,6.0,0,0.996,3+ Years (Tenured),0
1379,People Operations,Associate,Associate - People Operations,55015.79,5,4.6,25,Other,Asian,2022-01-09,,4.0,6.0,7.0,0,0.936,3+ Years (Tenured),1
718,People Operations,Associate,Associate - People Operations,47086.43,3,4.09,51,Female,African American,2022-07-13,,4.0,3.0,7.0,0,0.801,3+ Years (Tenured),0
2990,People Operations,Associate,Associate - People Operations,56090.61,4,0.58,42,Other,Asian,2026-01-15,,7.0,7.0,3.0,0,0.954,0-1 Year (Onboarding),0
4245,People Operations,Associate,Associate - People Operations,66085.48,1,3.68,36,Male,African American,2022-12-11,,4.0,4.0,4.0,0,1.124,3+ Years (Tenured),0
1220,People Operations,Associate,Associate - People Operations,65282.1,1,1.81,51,Male,Asian,2024-10-23,,6.0,5.0,3.0,0,1.111,1-3 Years (Mid-Tenure),0
4243,People Operations,Associate,Associate - People Operations,61864.36,3,0.93,49,Non-Binary,African American,2025-09-10,,9.99,8.0,7.0,0,1.052,0-1 Year (Onboarding),0
1225,People Operations,Associate,Associate - People Operations,47906.18,3,0.36,34,Other,African American,2026-04-04,,9.99,9.99,9.0,0,0.815,0-1 Year (Onboarding),0
3002,People Operations,Associate,Associate - People Operations,72386.57,3,4.22,45,Male,Two or More,2022-05-29,,5.0,2.0,2.0,0,1.231,3+ Years (Tenured),0
728,People Operations,Associate,Associate - People Operations,52887.43,2,1.17,37,Non-Binary,Hispanic,2025-06-13,,5.0,8.0,6.0,0,0.9,1-3 Years (Mid-Tenure),0
1242,People Operations,Associate,Associate - People Operations,72634.51,3,1.8,36,Female,,2024-10-27,,3.0,7.0,9.0,0,1.236,1-3 Years (Mid-Tenure),0
1248,People Operations,Associate,Associate - People Operations,67580.38,4,0.63,37,Male,Two or More,2025-12-27,,7.0,3.0,5.0,0,1.15,0-1 Year (Onboarding),0
3028,People Operations,Associate,Associate - People Operations,50368.09,5,0.38,53,Female,Asian,2026-03-28,,1.0,1.0,2.0,0,0.857,0-1 Year (Onboarding),1
3006,People Operations,Associate,Associate - People Operations,66249.15,3,4.07,27,Male,Hispanic,2022-07-22,,2.0,8.0,1.0,0,1.127,3+ Years (Tenured),0
712,People Operations,Associate,Associate - People Operations,57506.29,3,2.78,24,Male,Caucasian,2023-06-27,2026-04-07,1.0,5.0,3.0,1,0.978,1-3 Years (Mid-Tenure),0
3010,People Operations,Associate,Associate - People Operations,64317.06,4,0.94,51,Male,Hispanic,2025-09-07,,1.0,1.0,2.0,0,1.094,0-1 Year (Onboarding),1
1276,People Operations,Associate,Associate - People Operations,60642.21,2,0.11,52,Female,Two or More,2026-07-06,,6.0,5.0,5.0,0,1.032,0-1 Year (Onboarding),0
1283,People Operations,Associate,Associate - People Operations,46656.05,3,2.28,21,Other,Asian,2024-05-03,,4.0,6.0,6.0,0,0.794,1-3 Years (Mid-Tenure),0
4206,People Operations,Associate,Associate - People Operations,67487.28,5,3.02,40,Non-Binary,African American,2023-08-08,,8.0,8.0,7.0,0,1.148,3+ Years (Tenured),0
319,People Operations,Associate,Associate - People Operations,67942.21,3,1.18,51,Female,Caucasian,2025-06-09,,8.0,5.0,2.0,0,1.156,1-3 Years (Mid-Tenure),0
1291,People Operations,Associate,Associate - People Operations,63900.22,2,3.01,53,Female,Asian,2023-08-11,,4.0,5.0,3.0,0,1.087,3+ Years (Tenured),0
649,People Operations,Associate,Associate - People Operations,59397.71,1,2.17,51,Female,Hispanic,2024-06-14,,6.0,4.0,5.0,0,1.01,1-3 Years (Mid-Tenure),0
1473,People Operations,Associate,Associate - People Operations,59136.1,4,3.14,60,Female,Asian,2023-06-27,,8.0,8.0,9.0,0,1.006,3+ Years (Tenured),0
4298,People Operations,Associate,Associate - People Operations,69905.09,3,1.99,27,Other,Hispanic,2023-01-02,2024-12-30,6.0,9.0,8.0,1,1.189,1-3 Years (Mid-Tenure),0
1476,People Operations,Associate,Associate - People Operations,57526.02,4,1.78,38,Male,African American,2024-11-04,,3.0,7.0,9.99,0,0.979,1-3 Years (Mid-Tenure),1
2848,People Operations,Associate,Associate - People Operations,60659.42,5,0.82,50,Female,Hispanic,2025-10-19,,2.0,3.0,3.0,0,1.032,0-1 Year (Onboarding),1
72,People Operations,Associate,Associate - People Operations,65268.41,3,1.88,47,Female,Caucasian,2024-09-29,,6.0,5.0,7.0,0,1.11,1-3 Years (Mid-Tenure),0
657,People Operations,Associate,Associate - People Operations,53925.49,3,2.99,43,Female,Hispanic,2023-08-20,,8.0,9.99,9.0,0,0.917,1-3 Years (Mid-Tenure),0
2838,People Operations,Associate,Associate - People Operations,69265.81,2,1.63,38,Male,Caucasian,2024-12-27,,4.0,7.0,4.0,0,1.178,1-3 Years (Mid-Tenure),0
1107,People Operations,Associate,Associate - People Operations,45529.62,3,2.05,43,Non-Binary,Asian,2024-07-27,,3.0,2.0,5.0,0,0.775,1-3 Years (Mid-Tenure),0
4304,People Operations,Associate,Associate - People Operations,67524.56,4,0.47,29,Male,Asian,2026-02-23,,5.0,6.0,5.0,0,1.149,0-1 Year (Onboarding),0
660,People Operations,Associate,Associate - People Operations,50322.36,3,4.87,51,Female,Two or More,2021-10-02,,5.0,8.0,7.0,0,0.856,3+ Years (Tenured),0
2819,People Operations,Associate,Associate - People Operations,47411.16,2,1.5,38,Male,Hispanic,2025-02-13,,4.0,4.0,1.0,0,0.807,1-3 Years (Mid-Tenure),0
1100,People Operations,Associate,Associate - People Operations,71545.4,4,3.2,28,Female,Two or More,2023-06-03,,5.0,5.0,7.0,0,1.217,3+ Years (Tenured),0
1531,People Operations,Associate,Associate - People Operations,67253.55,4,1.56,62,Other,Caucasian,2025-01-23,,5.0,6.0,5.0,0,1.144,1-3 Years (Mid-Tenure),0
1096,People Operations,Associate,Associate - People Operations,62526.9,4,1.18,37,Male,Hispanic,2025-06-09,,9.99,7.0,9.0,0,1.064,1-3 Years (Mid-Tenure),0
2808,People Operations,Associate,Associate - People Operations,50960.06,5,0.42,29,Non-Binary,African American,2026-03-14,,8.0,6.0,9.99,0,0.867,0-1 Year (Onboarding),0
4092,People Operations,Associate,Associate - People Operations,63843.24,3,1.14,39,Male,African American,2024-05-05,2025-06-25,3.0,7.0,9.99,0,1.086,1-3 Years (Mid-Tenure),0
1545,People Operations,Associate,Associate - People Operations,70277.36,1,1.82,36,Male,Hispanic,2024-10-20,,4.0,4.0,3.0,0,1.195,1-3 Years (Mid-Tenure),0
2698,People Operations,Associate,Associate - People Operations,52052.66,5,2.71,48,Male,Caucasian,2023-11-30,,9.0,5.0,4.0,0,0.885,1-3 Years (Mid-Tenure),0
1412,People Operations,Associate,Associate - People Operations,42295.06,3,0.27,52,Female,Caucasian,2026-05-10,,7.0,7.0,4.0,0,0.719,0-1 Year (Onboarding),0
4170,People Operations,Associate,Associate - People Operations,40593.66,3,1.09,54,Non-Binary,Asian,2025-07-13,,7.0,7.0,3.0,0,0.691,1-3 Years (Mid-Tenure),0
3355,People Operations,Associate,Associate - People Operations,57901.79,4,3.04,21,Other,African American,2023-08-01,,8.0,7.0,7.0,0,0.985,3+ Years (Tenured),0
245,People Operations,Associate,Associate - People Operations,58552.36,4,0.35,27,,African American,2026-04-10,,6.0,5.0,5.0,0,0.996,0-1 Year (Onboarding),0
2897,People Operations,Associate,Associate - People Operations,51563.43,3,0.32,32,Female,Caucasian,2026-04-21,,6.0,5.0,5.0,0,0.877,0-1 Year (Onboarding),0
3033,People Operations,Associate,Associate - People Operations,52857.69,3,5.06,49,Female,Two or More,2021-07-24,,8.0,4.0,9.0,0,0.899,3+ Years (Tenured),0
679,People Operations,Associate,Associate - People Operations,60069.6,2,3.8,40,Female,Two or More,2022-10-29,,6.0,5.0,7.0,0,1.022,3+ Years (Tenured),0
1135,People Operations,Associate,Associate - People Operations,69517.68,5,0.82,32,Female,Caucasian,2025-10-20,,4.0,3.0,5.0,0,1.183,0-1 Year (Onboarding),1
1132,People Operations,Associate,Associate - People Operations,46289.61,1,2.05,39,Female,Hispanic,2024-07-29,,6.0,5.0,6.0,0,0.787,1-3 Years (Mid-Tenure),0
2802,People Operations,Associate,Associate - People Operations,65096.55,2,1.44,50,Male,African American,2025-03-07,,2.0,1.0,1.0,0,1.107,1-3 Years (Mid-Tenure),0
1413,People Operations,Associate,Associate - People Operations,43378.36,3,2.95,40,Non-Binary,African American,2023-09-02,,4.0,6.0,4.0,0,0.738,1-3 Years (Mid-Tenure),0
60,People Operations,Associate,Associate - People Operations,49078.01,2,1.42,29,Other,African American,2025-03-16,,6.0,4.0,1.0,0,0.835,1-3 Years (Mid-Tenure),0
4145,People Operations,Associate,Associate - People Operations,73579.17,4,0.61,53,Female,Hispanic,2026-01-05,,6.0,5.0,5.0,0,1.252,0-1 Year (Onboarding),0
3384,People Operations,Associate,Associate - People Operations,40663.83,2,2.02,31,Female,Two or More,2024-08-08,,4.0,3.0,2.0,0,0.692,1-3 Years (Mid-Tenure),0
663,People Operations,Associate,Associate - People Operations,52193.3,2,0.82,23,Male,Hispanic,2025-10-18,,5.0,2.0,4.0,0,0.888,0-1 Year (Onboarding),0
2855,People Operations,Associate,Associate - People Operations,55284.62,2,2.06,46,Other,Hispanic,2024-07-24,,4.0,1.0,1.0,0,0.94,1-3 Years (Mid-Tenure),0
4138,People Operations,Associate,Associate - People Operations,66813.78,5,3.61,41,Male,Asian,2023-01-04,,9.0,6.0,7.0,0,1.137,3+ Years (Tenured),0
1465,People Operations,Associate,Associate - People Operations,69448.09,2,2.58,51,Male,Hispanic,2024-01-15,,8.0,5.0,5.0,0,1.181,1-3 Years (Mid-Tenure),0
2058,People Operations,Associate,Associate - People Operations,58711.07,3,3.58,42,Other,Caucasian,2023-01-17,,5.0,1.0,6.0,0,0.999,3+ Years (Tenured),0
3557,People Operations,Associate,Associate - People Operations,45755.11,4,1.31,45,Other,Hispanic,2025-04-23,,8.0,9.99,9.0,0,0.778,1-3 Years (Mid-Tenure),0
3841,People Operations,Associate,Associate - People Operations,44322.2,3,3.4,44,Female,Hispanic,2023-03-23,,1.0,3.0,2.0,0,0.754,3+ Years (Tenured),0
911,People Operations,Associate,Associate - People Operations,57288.1,3,2.82,40,Male,African American,2023-10-19,,7.0,4.0,5.0,0,0.975,1-3 Years (Mid-Tenure),0
2047,People Operations,Associate,Associate - People Operations,66758.77,4,2.48,44,Other,Asian,2024-02-21,,8.0,7.0,5.0,0,1.136,1-3 Years (Mid-Tenure),0
2051,People Operations,Associate,Associate - People Operations,53392.3,3,0.35,29,Other,Caucasian,2026-04-10,,9.0,4.0,8.0,0,0.908,0-1 Year (Onboarding),0
2056,People Operations,Associate,Associate - People Operations,62710.26,4,0.57,39,Other,Asian,2026-01-18,,9.99,7.0,2.0,0,1.067,0-1 Year (Onboarding),0
907,People Operations,Associate,Associate - People Operations,65747.89,3,2.75,42,Female,African American,2023-11-15,,7.0,6.0,9.0,0,1.118,1-3 Years (Mid-Tenure),0
2269,People Operations,Associate,Associate - People Operations,64591.34,4,2.17,47,Other,Hispanic,2024-06-15,,6.0,5.0,4.0,0,1.099,1-3 Years (Mid-Tenure),0
2031,People Operations,Associate,Associate - People Operations,56185.04,2,0.15,52,Male,Hispanic,2024-11-30,2025-01-22,6.0,5.0,5.0,1,0.956,0-1 Year (Onboarding),0
904,People Operations,Associate,Associate - People Operations,51200.56,2,1.28,30,Other,Asian,2025-05-03,,1.0,1.0,1.0,0,0.871,1-3 Years (Mid-Tenure),0
129,People Operations,Associate,Associate - People Operations,74422.69,1,2.17,30,Female,African American,2024-06-14,,1.0,5.0,4.0,0,1.266,1-3 Years (Mid-Tenure),0
797,People Operations,Associate,Associate - People Operations,74320.47,5,0.92,39,Male,Two or More,2025-09-14,,9.0,7.0,6.0,0,1.264,0-1 Year (Onboarding),0
901,People Operations,Associate,Associate - People Operations,46883.07,4,1.96,29,Non-Binary,Hispanic,2024-08-29,,2.0,1.0,1.0,0,0.798,1-3 Years (Mid-Tenure),1
2077,People Operations,Associate,Associate - People Operations,46079.82,4,2.7,48,Female,Two or More,2023-08-17,2026-04-29,9.0,9.0,7.0,1,0.784,1-3 Years (Mid-Tenure),0
2078,People Operations,Associate,Associate - People Operations,62202.0,4,4.86,34,Other,Hispanic,2021-10-07,,6.0,7.0,5.0,0,1.058,3+ Years (Tenured),0
799,People Operations,Associate,Associate - People Operations,51407.88,2,2.52,27,Male,African American,2024-02-08,,1.0,3.0,1.0,0,0.874,1-3 Years (Mid-Tenure),0
2007,People Operations,Associate,Associate - People Operations,50085.17,3,1.46,32,Female,,2025-03-01,,9.99,9.99,9.99,0,0.852,1-3 Years (Mid-Tenure),0
3537,People Operations,Associate,Associate - People Operations,69460.62,3,2.46,31,Non-Binary,African American,2024-02-28,,3.0,2.0,5.0,0,1.182,1-3 Years (Mid-Tenure),0
793,People Operations,Associate,Associate - People Operations,45523.8,1,1.49,26,Female,African American,2022-01-20,2023-07-19,6.0,5.0,5.0,1,0.774,1-3 Years (Mid-Tenure),0
1988,People Operations,Associate,Associate - People Operations,55736.91,5,0.25,39,Non-Binary,Asian,2026-05-16,,6.0,5.0,5.0,0,0.948,0-1 Year (Onboarding),0
4388,People Operations,Associate,Associate - People Operations,50293.26,5,0.81,37,Female,African American,2025-10-22,,6.0,9.99,7.0,0,0.856,0-1 Year (Onboarding),0
3542,People Operations,Associate,Associate - People Operations,68578.72,4,2.57,39,Non-Binary,Asian,2024-01-19,,8.0,2.0,4.0,0,1.167,1-3 Years (Mid-Tenure),0
1994,People Operations,Associate,Associate - People Operations,67015.46,4,4.9,43,Male,Caucasian,2021-09-23,,8.0,9.99,9.99,0,1.14,3+ Years (Tenured),0
3647,People Operations,Associate,Associate - People Operations,49492.5,3,3.75,43,Other,Two or More,2022-11-14,,6.0,5.0,8.0,0,0.842,3+ Years (Tenured),0
2407,People Operations,Associate,Associate - People Operations,49439.02,3,2.07,44,Male,Two or More,2024-07-21,,9.0,5.0,9.0,0,0.841,1-3 Years (Mid-Tenure),0
2079,People Operations,Associate,Associate - People Operations,50328.88,2,4.76,30,Other,Two or More,2021-11-10,,6.0,2.0,3.0,0,0.856,3+ Years (Tenured),0
2567,People Operations,Associate,Associate - People Operations,69055.14,3,2.27,51,Non-Binary,African American,2024-05-09,,7.0,1.0,2.0,0,1.175,1-3 Years (Mid-Tenure),0
2014,People Operations,Associate,Associate - People Operations,47202.3,3,1.47,38,Male,African American,2025-02-26,,4.0,3.0,4.0,0,0.803,1-3 Years (Mid-Tenure),0
2019,People Operations,Associate,Associate - People Operations,54289.44,2,2.98,37,Other,Two or More,2022-01-08,2025-01-01,6.0,6.0,6.0,1,0.924,1-3 Years (Mid-Tenure),0
2294,People Operations,Associate,Associate - People Operations,53013.43,4,4.88,54,Other,Asian,2021-09-29,,8.0,7.0,9.0,0,0.902,3+ Years (Tenured),0
2271,People Operations,Associate,Associate - People Operations,68316.29,3,2.62,39,Male,African American,2024-01-01,,3.0,5.0,1.0,0,1.162,1-3 Years (Mid-Tenure),0
3555,People Operations,Associate,Associate - People Operations,65276.96,4,4.1,41,Female,,2022-07-10,,4.0,4.0,7.0,0,1.11,3+ Years (Tenured),1
2560,People Operations,Associate,Associate - People Operations,61756.11,4,0.22,45,Non-Binary,Caucasian,2026-03-25,2026-06-12,6.0,5.0,5.0,1,1.051,0-1 Year (Onboarding),0
2183,People Operations,Associate,Associate - People Operations,73493.72,3,1.28,41,Female,Hispanic,2025-05-06,,4.0,4.0,2.0,0,1.25,1-3 Years (Mid-Tenure),0
143,People Operations,Associate,Associate - People Operations,60238.73,3,1.22,46,Non-Binary,Two or More,2023-02-05,2024-04-27,6.0,8.0,9.99,0,1.025,1-3 Years (Mid-Tenure),0
2153,People Operations,Associate,Associate - People Operations,74143.71,5,4.11,39,Male,African American,2022-07-07,,1.0,3.0,5.0,0,1.261,3+ Years (Tenured),1
2160,People Operations,Associate,Associate - People Operations,58687.91,4,3.1,40,Male,African American,2023-07-09,,9.0,7.0,9.99,0,0.998,3+ Years (Tenured),0
177,People Operations,Associate,Associate - People Operations,66022.78,3,2.71,45,Other,Asian,2023-11-29,,1.0,1.0,7.0,0,1.123,1-3 Years (Mid-Tenure),0
3191,People Operations,Associate,Associate - People Operations,65108.65,4,0.91,34,Other,Two or More,2025-09-18,,4.0,3.0,3.0,0,1.108,0-1 Year (Onboarding),1
2483,People Operations,Associate,Associate - People Operations,44397.8,4,4.8,30,Female,African American,2021-10-27,,9.99,7.0,9.99,0,0.755,3+ Years (Tenured),0
3185,People Operations,Associate,Associate - People Operations,72974.57,4,2.49,31,Male,Hispanic,2024-02-17,,8.0,9.99,4.0,0,1.241,1-3 Years (Mid-Tenure),0
489,People Operations,Associate,Associate - People Operations,68504.62,4,3.51,38,Male,African American,2023-02-10,,5.0,8.0,9.99,0,1.165,3+ Years (Tenured),0
3785,People Operations,Associate,Associate - People Operations,68131.35,4,1.62,35,Other,Asian,2025-01-02,,1.0,8.0,3.0,0,1.159,1-3 Years (Mid-Tenure),1
2186,People Operations,Associate,Associate - People Operations,49766.52,2,3.22,37,Male,Caucasian,2023-05-26,,5.0,2.0,1.0,0,0.847,3+ Years (Tenured),0
3611,People Operations,Associate,Associate - People Operations,72014.61,4,1.07,36,Female,Hispanic,2025-07-21,,5.0,2.0,5.0,0,1.225,1-3 Years (Mid-Tenure),0
2187,People Operations,Associate,Associate - People Operations,55077.76,3,0.16,32,Other,Hispanic,2026-06-18,,6.0,5.0,5.0,0,0.937,0-1 Year (Onboarding),0
2232,People Operations,Associate,Associate - People Operations,61370.0,3,4.91,50,Other,African American,2021-09-18,,9.0,7.0,9.0,0,1.044,3+ Years (Tenured),0
2216,People Operations,Associate,Associate - People Operations,40000.21,4,3.35,25,Female,Asian,2023-04-10,,6.0,4.0,3.0,1,0.68,3+ Years (Tenured),0
481,People Operations,Associate,Associate - People Operations,50816.82,3,4.42,53,Other,Asian,2022-03-17,,9.99,5.0,6.0,0,0.864,3+ Years (Tenured),0
3606,People Operations,Associate,Associate - People Operations,62587.22,4,4.34,28,Male,Hispanic,2022-04-13,,4.0,2.0,4.0,0,1.065,3+ Years (Tenured),1
3224,People Operations,Associate,Associate - People Operations,40855.83,3,1.99,50,Female,Caucasian,2024-08-18,,6.0,2.0,7.0,0,0.695,1-3 Years (Mid-Tenure),0
849,People Operations,Associate,Associate - People Operations,55496.51,3,2.16,26,Other,Two or More,2024-06-16,,6.0,2.0,6.0,0,0.944,1-3 Years (Mid-Tenure),0
2083,People Operations,Associate,Associate - People Operations,70309.61,2,2.12,35,Male,Asian,2024-07-04,,7.0,7.0,4.0,0,1.196,1-3 Years (Mid-Tenure),0
3194,People Operations,Associate,Associate - People Operations,59344.99,4,5.04,23,Non-Binary,Asian,2021-08-03,,6.0,4.0,1.0,0,1.01,3+ Years (Tenured),0
3160,People Operations,Associate,Associate - People Operations,68899.77,3,2.62,39,Other,African American,2023-12-31,,5.0,4.0,6.0,0,1.172,1-3 Years (Mid-Tenure),0
2099,People Operations,Associate,Associate - People Operations,56225.21,3,4.92,26,Non-Binary,Asian,2021-09-13,,7.0,6.0,4.0,0,0.956,3+ Years (Tenured),0
2102,People Operations,Associate,Associate - People Operations,66341.73,2,2.7,39,Male,Two or More,2023-12-02,,8.0,8.0,7.0,0,1.129,1-3 Years (Mid-Tenure),0
3572,People Operations,Associate,Associate - People Operations,69860.93,3,4.61,27,Female,Two or More,2022-01-04,,7.0,5.0,6.0,0,1.188,3+ Years (Tenured),0
2111,People Operations,Associate,Associate - People Operations,61580.67,3,1.76,24,Male,,2024-11-11,,8.0,3.0,7.0,0,1.048,1-3 Years (Mid-Tenure),0
3105,People Operations,Associate,Associate - People Operations,72984.79,1,1.77,55,Other,Asian,2024-11-07,,9.99,8.0,4.0,0,1.242,1-3 Years (Mid-Tenure),0
2119,People Operations,Associate,Associate - People Operations,71285.42,4,1.94,42,Female,African American,2024-09-07,,6.0,8.0,5.0,0,1.213,1-3 Years (Mid-Tenure),0
3791,People Operations,Associate,Associate - People Operations,60900.87,3,3.39,39,Other,Asian,2023-03-27,,9.99,7.0,9.0,0,1.036,3+ Years (Tenured),0
3173,People Operations,Associate,Associate - People Operations,58162.38,5,3.33,33,Other,African American,2023-04-18,,5.0,4.0,1.0,0,0.989,3+ Years (Tenured),0
3220,People Operations,Associate,Associate - People Operations,72627.1,2,0.09,26,Male,Hispanic,2024-12-29,2025-02-01,6.0,5.0,5.0,1,1.235,0-1 Year (Onboarding),0
2141,People Operations,Associate,Associate - People Operations,50657.31,3,4.99,36,Female,,2021-08-20,,9.0,7.0,8.0,0,0.862,3+ Years (Tenured),0
467,People Operations,Associate,Associate - People Operations,55802.27,4,3.62,33,Non-Binary,Asian,2023-01-03,,3.0,8.0,2.0,0,0.949,3+ Years (Tenured),1
2265,People Operations,Associate,Associate - People Operations,74350.34,5,3.88,58,Male,African American,2022-09-30,,9.0,8.0,9.99,0,1.265,3+ Years (Tenured),0
830,People Operations,Associate,Associate - People Operations,70237.74,4,3.18,35,Non-Binary,Hispanic,2021-12-01,2025-02-05,9.0,6.0,6.0,1,1.195,3+ Years (Tenured),0
2631,People Operations,Associate,Associate - People Operations,69353.84,3,4.15,40,Female,African American,2021-09-04,2025-10-29,7.0,4.0,7.0,1,1.18,3+ Years (Tenured),0
824,People Operations,Associate,Associate - People Operations,70488.38,5,1.71,27,Other,Asian,2024-11-28,,1.0,2.0,9.99,0,1.199,1-3 Years (Mid-Tenure),1
1872,People Operations,Associate,Associate - People Operations,59059.57,2,0.3,49,Male,Hispanic,2026-04-27,,6.0,5.0,5.0,0,1.005,0-1 Year (Onboarding),0
2646,People Operations,Associate,Associate - People Operations,41417.85,4,3.31,35,Other,,2023-04-26,,7.0,9.0,9.0,0,0.705,3+ Years (Tenured),0
2331,People Operations,Associate,Associate - People Operations,66117.53,2,1.92,30,Female,Hispanic,2024-09-13,,6.0,6.0,5.0,0,1.125,1-3 Years (Mid-Tenure),0
557,People Operations,Associate,Associate - People Operations,51696.16,3,3.5,21,Female,Asian,2023-02-16,,6.0,8.0,1.0,0,0.879,3+ Years (Tenured),0
4378,People Operations,Associate,Associate - People Operations,53935.57,4,1.36,34,Other,Hispanic,2025-04-05,,5.0,2.0,9.0,0,0.917,1-3 Years (Mid-Tenure),0
3934,People Operations,Associate,Associate - People Operations,49974.52,1,0.42,36,Male,African American,2025-07-26,2025-12-25,3.0,1.0,1.0,1,0.85,0-1 Year (Onboarding),0
3652,People Operations,Associate,Associate - People Operations,70803.11,1,4.05,32,Male,African American,2022-07-28,,6.0,6.0,8.0,0,1.204,3+ Years (Tenured),0
559,People Operations,Associate,Associate - People Operations,72093.46,3,4.74,41,Non-Binary,Two or More,2021-11-19,,2.0,1.0,3.0,0,1.226,3+ Years (Tenured),0
832,People Operations,Associate,Associate - People Operations,65258.26,3,3.03,27,Other,Asian,2022-10-28,2025-11-07,6.0,4.0,1.0,1,1.11,3+ Years (Tenured),0
969,People Operations,Associate,Associate - People Operations,46080.47,2,1.2,32,Male,Asian,2025-06-02,,9.99,7.0,8.0,0,0.784,1-3 Years (Mid-Tenure),0
785,People Operations,Associate,Associate - People Operations,45696.04,3,4.04,50,Female,Hispanic,2022-08-01,,2.0,3.0,1.0,0,0.777,3+ Years (Tenured),0
2341,People Operations,Associate,Associate - People Operations,41413.91,3,4.84,56,Male,Caucasian,2021-10-15,,5.0,4.0,8.0,0,0.704,3+ Years (Tenured),0
116,People Operations,Associate,Associate - People Operations,42924.85,4,1.9,44,Male,Caucasian,2024-09-19,,4.0,4.0,9.0,0,0.73,1-3 Years (Mid-Tenure),1
930,People Operations,Associate,Associate - People Operations,42495.95,2,1.13,33,Male,Two or More,2025-06-28,,6.0,6.0,4.0,0,0.723,1-3 Years (Mid-Tenure),0
3947,People Operations,Associate,Associate - People Operations,63462.91,3,4.13,43,Non-Binary,Two or More,2022-06-29,,3.0,4.0,3.0,0,1.08,3+ Years (Tenured),0
2660,People Operations,Associate,Associate - People Operations,74220.5,3,4.34,46,,Asian,2022-04-13,,8.0,9.99,1.0,0,1.263,3+ Years (Tenured),0
2380,People Operations,Associate,Associate - People Operations,68004.01,4,0.12,38,,African American,2026-07-02,,6.0,5.0,5.0,0,1.157,0-1 Year (Onboarding),0
563,People Operations,Associate,Associate - People Operations,50307.89,3,1.47,44,Male,African American,2025-02-26,,1.0,3.0,1.0,0,0.856,1-3 Years (Mid-Tenure),0
2353,People Operations,Associate,Associate - People Operations,44072.46,4,0.58,36,Other,African American,2025-06-13,2026-01-12,2.0,6.0,5.0,1,0.75,0-1 Year (Onboarding),1
2664,People Operations,Associate,Associate - People Operations,61910.22,5,2.34,44,Other,African American,2024-04-14,,1.0,1.0,4.0,0,1.053,1-3 Years (Mid-Tenure),1
2665,People Operations,Associate,Associate - People Operations,60275.72,2,1.24,24,Female,African American,2025-05-19,,6.0,2.0,5.0,0,1.025,1-3 Years (Mid-Tenure),0
2357,People Operations,Associate,Associate - People Operations,52179.31,5,3.88,51,Other,African American,2022-09-27,,9.0,6.0,3.0,0,0.888,3+ Years (Tenured),0
2676,People Operations,Associate,Associate - People Operations,74504.58,3,2.44,21,Female,Asian,2024-03-07,,5.0,3.0,3.0,0,1.267,1-3 Years (Mid-Tenure),0
3116,People Operations,Associate,Associate - People Operations,67139.78,1,4.08,50,Male,African American,2022-07-19,,6.0,7.0,5.0,0,1.142,3+ Years (Tenured),0
1807,People Operations,Associate,Associate - People Operations,55640.51,4,5.05,38,Non-Binary,Hispanic,2021-07-30,,5.0,9.0,5.0,0,0.946,3+ Years (Tenured),0
3257,People Operations,Associate,Associate - People Operations,58420.39,3,4.06,21,Other,Asian,2021-10-26,2025-11-16,1.0,1.0,5.0,1,0.994,3+ Years (Tenured),0
3477,People Operations,Associate,Associate - People Operations,52759.17,1,2.63,31,Other,African American,2023-12-29,,9.99,7.0,7.0,0,0.897,1-3 Years (Mid-Tenure),0
1801,People Operations,Associate,Associate - People Operations,59865.21,4,0.39,30,Non-Binary,Caucasian,2026-03-27,,6.0,5.0,5.0,0,1.018,0-1 Year (Onboarding),0
2607,People Operations,Associate,Associate - People Operations,40840.69,3,3.41,38,Non-Binary,Caucasian,2023-03-20,,5.0,5.0,4.0,0,0.695,3+ Years (Tenured),0
2593,People Operations,Associate,Associate - People Operations,55105.16,3,0.12,41,Non-Binary,Asian,2023-06-07,2023-07-19,6.0,5.0,5.0,1,0.937,0-1 Year (Onboarding),0
934,People Operations,Associate,Associate - People Operations,61966.65,3,2.13,41,Male,Asian,2024-06-28,,6.0,6.0,5.0,0,1.054,1-3 Years (Mid-Tenure),0
3880,People Operations,Associate,Associate - People Operations,57568.24,4,4.91,43,Non-Binary,Hispanic,2021-09-18,,1.0,1.0,4.0,0,0.979,3+ Years (Tenured),1
3884,People Operations,Associate,Associate - People Operations,47393.51,3,1.09,27,Female,Caucasian,2025-07-12,,8.0,9.0,1.0,0,0.806,1-3 Years (Mid-Tenure),0
441,People Operations,Associate,Associate - People Operations,45007.31,3,4.99,62,Female,Asian,2021-08-19,,3.0,1.0,1.0,0,0.766,3+ Years (Tenured),0
3527,People Operations,Associate,Associate - People Operations,62988.28,5,0.19,54,Non-Binary,Hispanic,2026-06-08,,7.0,7.0,9.99,0,1.071,0-1 Year (Onboarding),0
2319,People Operations,Associate,Associate - People Operations,74958.84,4,4.83,36,Other,Two or More,2021-10-17,,9.99,7.0,3.0,0,1.275,3+ Years (Tenured),0
1945,People Operations,Associate,Associate - People Operations,70802.33,5,3.03,41,Male,African American,2023-08-05,,9.99,6.0,5.0,0,1.204,3+ Years (Tenured),0
3879,People Operations,Associate,Associate - People Operations,57479.73,5,1.67,43,Male,Two or More,2024-12-15,,2.0,2.0,4.0,0,0.978,1-3 Years (Mid-Tenure),1
1975,People Operations,Associate,Associate - People Operations,71943.63,3,1.73,29,Other,Hispanic,2024-11-23,,6.0,4.0,3.0,0,1.224,1-3 Years (Mid-Tenure),0
3139,People Operations,Associate,Associate - People Operations,59427.32,3,2.33,47,Female,Hispanic,2024-04-17,,2.0,1.0,5.0,0,1.011,1-3 Years (Mid-Tenure),0
3676,People Operations,Associate,Associate - People Operations,46747.18,1,4.36,34,Male,African American,2022-04-08,,4.0,4.0,9.0,0,0.795,3+ Years (Tenured),0
3673,People Operations,Associate,Associate - People Operations,58980.91,3,1.15,52,Non-Binary,Caucasian,2023-02-08,2024-04-03,9.99,9.0,5.0,1,1.003,1-3 Years (Mid-Tenure),0
545,People Operations,Associate,Associate - People Operations,63979.94,3,3.72,31,Other,African American,2022-11-27,,8.0,9.0,5.0,0,1.088,3+ Years (Tenured),0
2326,People Operations,Associate,Associate - People Operations,72397.4,5,0.34,45,Non-Binary,African American,2022-07-15,2022-11-15,6.0,5.0,5.0,1,1.232,0-1 Year (Onboarding),0
3247,People Operations,Associate,Associate - People Operations,54302.16,5,1.19,42,,Hispanic,2025-06-08,,6.0,9.0,4.0,0,0.924,1-3 Years (Mid-Tenure),0
3514,People Operations,Associate,Associate - People Operations,47218.14,1,2.45,34,Other,Asian,2024-03-05,,5.0,7.0,2.0,0,0.803,1-3 Years (Mid-Tenure),0
1903,People Operations,Associate,Associate - People Operations,43467.0,2,3.82,52,Other,Two or More,2022-10-19,,9.99,4.0,4.0,0,0.739,3+ Years (Tenured),0
1910,People Operations,Associate,Associate - People Operations,72525.52,5,0.78,31,Male,African American,2025-11-05,,6.0,9.0,3.0,0,1.234,0-1 Year (Onboarding),0
956,People Operations,Associate,Associate - People Operations,69713.41,3,4.82,44,Other,Two or More,2021-10-21,,8.0,8.0,5.0,0,1.186,3+ Years (Tenured),0
1913,People Operations,Associate,Associate - People Operations,41619.93,4,1.71,42,Male,Caucasian,2024-11-30,,7.0,9.99,6.0,0,0.708,1-3 Years (Mid-Tenure),0
949,People Operations,Associate,Associate - People Operations,54837.53,4,3.07,33,Non-Binary,Hispanic,2023-07-23,,4.0,3.0,1.0,0,0.933,3+ Years (Tenured),1
3901,People Operations,Associate,Associate - People Operations,57212.94,5,1.91,54,Male,Two or More,2024-09-17,,7.0,5.0,7.0,0,0.973,1-3 Years (Mid-Tenure),0
3461,People Operations,Domain Director,Domain Director - People Operations,147153.35,2,4.59,41,Male,Asian,2022-01-11,,7.0,9.99,4.0,0,1.051,3+ Years (Tenured),0
2845,People Operations,Domain Director,Domain Director - People Operations,130272.87,3,2.97,37,Male,Asian,2023-08-27,,3.0,3.0,5.0,0,0.93,1-3 Years (Mid-Tenure),0
3276,People Operations,Domain Director,Domain Director - People Operations,126706.61,3,3.57,31,Other,African American,2023-01-21,,3.0,5.0,7.0,0,0.905,3+ Years (Tenured),0
1821,People Operations,Domain Director,Domain Director - People Operations,155951.15,2,3.77,33,Female,Asian,2022-10-06,2026-07-13,4.0,5.0,1.0,1,1.114,3+ Years (Tenured),0
4177,People Operations,Manager,Manager - People Operations,104629.69,1,1.33,45,Male,Asian,2025-04-15,,7.0,5.0,5.0,0,1.045,1-3 Years (Mid-Tenure),0
2730,People Operations,Manager,manager - people operations,73830.02,4,4.12,43,Female,African American,2022-07-03,,6.0,6.0,4.0,0,0.738,3+ Years (Tenured),0
1357,People Operations,Manager,Manager - People Operations,109485.2,2,4.24,51,Male,Caucasian,2022-01-10,2026-04-06,8.0,5.0,3.0,1,1.094,3+ Years (Tenured),0
3406,People Operations,Manager,Manager - People Operations,110573.01,4,1.13,43,Female,African American,2025-06-28,,9.0,4.0,1.0,0,1.105,1-3 Years (Mid-Tenure),0
1680,People Operations,Manager,Manager - People Operations,78435.96,2,4.11,48,Male,Asian,2022-07-07,,2.0,1.0,4.0,0,0.784,3+ Years (Tenured),0
1798,People Operations,Manager,Manager - People Operations,101668.18,5,3.43,29,Female,Caucasian,2023-03-12,,7.0,1.0,5.0,0,1.016,3+ Years (Tenured),0
2128,People Operations,Manager,Manager - People Operations,83682.21,1,2.96,40,Male,Hispanic,2023-08-31,,7.0,5.0,5.0,0,0.836,1-3 Years (Mid-Tenure),0
1261,People Operations,Manager,Manager - People Operations,118063.1,2,1.14,39,Female,Caucasian,2025-06-24,,5.0,4.0,1.0,0,1.179,1-3 Years (Mid-Tenure),0
761,People Operations,Manager,Manager - People Operations,106880.1,5,1.67,50,Male,Hispanic,2024-12-14,,5.0,4.0,5.0,0,1.068,1-3 Years (Mid-Tenure),0
3260,People Operations,Manager,Manager - People Operations,77064.48,4,2.07,43,Non-Binary,Two or More,2024-07-19,,8.0,5.0,3.0,0,0.77,1-3 Years (Mid-Tenure),0
2700,People Operations,Manager,Manager - People Operations,119964.73,5,2.35,41,Female,Hispanic,2024-04-10,,3.0,4.0,8.0,0,1.198,1-3 Years (Mid-Tenure),1
3788,People Operations,Manager,Manager - People Operations,112403.59,2,3.03,25,Non-Binary,Asian,2023-08-05,,3.0,2.0,7.0,0,1.123,3+ Years (Tenured),0
2454,People Operations,Manager,Manager - People Operations,104656.1,5,0.4,40,Male,Hispanic,2026-03-21,,9.99,8.0,4.0,0,1.045,0-1 Year (Onboarding),0
1156,People Operations,Supervisor/Lead,Supervisor/Lead - People Operations,86900.11,3,3.8,28,Female,Two or More,2022-10-27,,4.0,7.0,8.0,0,1.185,3+ Years (Tenured),0
4455,People Operations,Supervisor/Lead,Supervisor/Lead - People Operations,76731.14,3,4.7,47,Female,Asian,2021-12-04,,2.0,3.0,1.0,0,1.046,3+ Years (Tenured),0
1347,People Operations,Supervisor/Lead,Supervisor/Lead - People Operations,82081.33,5,1.36,45,Male,Two or More,2025-04-04,,7.0,7.0,6.0,0,1.119,1-3 Years (Mid-Tenure),0
2987,People Operations,Supervisor/Lead,Supervisor/Lead - People Operations,57215.0,4,1.39,54,Male,Caucasian,2025-03-27,,6.0,7.0,7.0,0,0.78,1-3 Years (Mid-Tenure),0
2302,People Operations,Supervisor/Lead,Supervisor/Lead - People Operations,58002.93,3,0.41,34,Female,Hispanic,2026-03-18,,6.0,5.0,5.0,0,0.791,0-1 Year (Onboarding),0
3730,People Operations,Supervisor/Lead,Supervisor/Lead - People Operations,80522.44,4,4.2,29,Female,Caucasian,2022-06-05,,6.0,5.0,4.0,0,1.098,3+ Years (Tenured),0
1163,People Operations,Supervisor/Lead,Supervisor/Lead - People Operations,61883.39,5,5.09,35,Other,African American,2021-07-13,,6.0,5.0,4.0,0,0.844,3+ Years (Tenured),0
2345,People Operations,Supervisor/Lead,Supervisor/Lead - People Operations,84157.53,5,2.79,51,Male,Caucasian,2023-11-02,,5.0,8.0,5.0,0,1.147,1-3 Years (Mid-Tenure),0
2938,People Operations,Supervisor/Lead,Supervisor/Lead - People Operations,77721.3,3,0.58,43,Female,Asian,2026-01-15,,7.0,5.0,5.0,0,1.06,0-1 Year (Onboarding),0
3211,People Operations,Supervisor/Lead,Supervisor/Lead - People Operations,73251.85,4,4.82,44,Female,Two or More,2021-10-20,,4.0,7.0,1.0,0,0.999,3+ Years (Tenured),1
3195,People Operations,Supervisor/Lead,Supervisor/Lead - People Operations,60483.28,5,4.25,34,Male,Two or More,2022-05-17,,7.0,5.0,5.0,0,0.825,3+ Years (Tenured),0
1304,People Operations,Supervisor/Lead,Supervisor/Lead - People Operations,87931.63,3,2.43,47,Male,African American,2024-03-11,,6.0,4.0,7.0,0,1.199,1-3 Years (Mid-Tenure),0
1849,People Operations,Supervisor/Lead,Supervisor/Lead - People Operations,73197.08,4,2.58,52,,Asian,2024-01-15,,3.0,7.0,7.0,0,0.998,1-3 Years (Mid-Tenure),1
1598,People Operations,Supervisor/Lead,Supervisor/Lead - People Operations,89276.69,4,4.04,35,Non-Binary,Asian,2022-08-01,,6.0,9.0,9.99,0,1.217,3+ Years (Tenured),0
1365,People Operations,Supervisor/Lead,Supervisor/Lead - People Operations,82354.98,4,4.43,44,Other,African American,2022-03-13,,6.0,5.0,7.0,0,1.123,3+ Years (Tenured),0
2570,People Operations,Supervisor/Lead,Supervisor/Lead - People Operations,83699.96,3,1.09,33,Non-Binary,African American,2025-07-12,,5.0,1.0,1.0,0,1.141,1-3 Years (Mid-Tenure),0
3146,People Operations,Supervisor/Lead,Supervisor/Lead - People Operations,70794.87,3,4.92,38,Female,Two or More,2021-09-16,,7.0,4.0,9.99,0,0.965,3+ Years (Tenured),0
1643,People Operations,Supervisor/Lead,Supervisor/Lead - People Operations,73339.89,4,3.94,51,Female,Caucasian,2022-09-07,,4.0,1.0,1.0,0,1.0,3+ Years (Tenured),1
2605,People Operations,Supervisor/Lead,Supervisor/Lead - People Operations,75308.31,3,2.75,31,Male,Caucasian,2023-11-16,,7.0,3.0,3.0,0,1.027,1-3 Years (Mid-Tenure),0
2616,People Operations,Supervisor/Lead,Supervisor/Lead - People Operations,82023.32,2,0.94,41,Other,,2025-09-05,,3.0,2.0,4.0,0,1.118,0-1 Year (Onboarding),0
2721,People Operations,Supervisor/Lead,Supervisor/Lead - People Operations,64679.71,4,2.13,36,Non-Binary,Two or More,2024-06-30,,6.0,5.0,6.0,0,0.882,1-3 Years (Mid-Tenure),0
786,People Operations,Supervisor/Lead,Supervisor/Lead - People Operations,74089.47,3,3.17,37,Other,Asian,2023-06-16,,1.0,3.0,4.0,0,1.01,3+ Years (Tenured),0
1617,People Operations,Supervisor/Lead,Supervisor/Lead - People Operations,84704.04,2,3.84,46,Female,Two or More,2022-10-14,,7.0,9.0,9.0,0,1.155,3+ Years (Tenured),0
3268,People Operations,Supervisor/Lead,Supervisor/Lead - People Operations,85431.22,4,2.02,44,Male,Asian,2024-08-07,,9.0,7.0,7.0,0,1.165,1-3 Years (Mid-Tenure),0
3979,People Operations,Supervisor/Lead,Supervisor/Lead - People Operations,64437.59,4,0.23,55,Female,Caucasian,2026-05-23,,6.0,5.0,5.0,0,0.879,0-1 Year (Onboarding),0
3497,People Operations,Supervisor/Lead,Supervisor/Lead - People Operations,74706.36,2,0.96,26,Non-Binary,Caucasian,2025-08-31,,8.0,9.0,5.0,0,1.019,0-1 Year (Onboarding),0
3092,People Operations,Supervisor/Lead,Supervisor/Lead - People Operations,75003.55,4,1.33,40,Male,Two or More,2025-04-17,,9.99,7.0,4.0,0,1.023,1-3 Years (Mid-Tenure),0
566,People Operations,Supervisor/Lead,Supervisor/Lead - People Operations,58842.64,2,2.57,36,Male,Two or More,2024-01-21,,9.99,4.0,8.0,0,0.802,1-3 Years (Mid-Tenure),0
1774,People Operations,Supervisor/Lead,Supervisor/Lead - People Operations,63864.01,3,4.66,40,Male,Hispanic,2021-12-18,,1.0,2.0,5.0,0,0.871,3+ Years (Tenured),0
569,People Operations,Supervisor/Lead,Supervisor/Lead - People Operations,65765.2,3,2.49,28,Male,Caucasian,2024-02-19,,8.0,7.0,6.0,0,0.897,1-3 Years (Mid-Tenure),0
579,People Operations,Supervisor/Lead,Supervisor/Lead - People Operations,76514.38,3,4.89,45,Male,Asian,2021-09-24,,8.0,9.0,6.0,0,1.043,3+ Years (Tenured),0
3178,People Operations,Supervisor/Lead,Supervisor/Lead - People Operations,79178.28,5,3.24,56,Other,African American,2023-05-22,,8.0,6.0,8.0,0,1.08,3+ Years (Tenured),0
2225,People Operations,Supervisor/Lead,Supervisor/Lead - People Operations,81800.45,4,3.95,28,Female,Caucasian,2022-09-02,,7.0,1.0,5.0,0,1.115,3+ Years (Tenured),0
688,People Operations,Supervisor/Lead,Supervisor/Lead - People Operations,70135.65,2,0.21,47,Male,Asian,2025-02-01,2025-04-18,6.0,5.0,5.0,0,0.956,0-1 Year (Onboarding),0
485,People Operations,Supervisor/Lead,Supervisor/Lead - People Operations,83560.32,3,4.72,26,Male,Caucasian,2021-11-25,,1.0,2.0,1.0,0,1.139,3+ Years (Tenured),0
4,People Operations,Supervisor/Lead,Supervisor/Lead - People Operations,64834.07,3,4.69,41,Male,Asian,2021-12-06,,5.0,3.0,1.0,0,0.884,3+ Years (Tenured),0
3594,People Operations,Supervisor/Lead,Supervisor/Lead - People Operations,70215.79,2,2.7,21,,Hispanic,2023-12-03,,5.0,4.0,1.0,0,0.957,1-3 Years (Mid-Tenure),0
1409,People Operations,Supervisor/Lead,Supervisor/Lead - People Operations,57111.37,4,1.05,43,Non-Binary,Two or More,2025-07-26,,6.0,3.0,3.0,0,0.779,1-3 Years (Mid-Tenure),0
3034,People Operations,Supervisor/Lead,Supervisor/Lead - People Operations,76976.66,1,1.35,34,Male,Two or More,2025-04-08,,2.0,4.0,5.0,0,1.05,1-3 Years (Mid-Tenure),0
667,People Operations,Supervisor/Lead,Supervisor/Lead - People Operations,70176.34,3,2.85,24,Other,African American,2023-10-10,,7.0,4.0,8.0,0,0.957,1-3 Years (Mid-Tenure),0
3037,People Operations,Supervisor/Lead,Supervisor/Lead - People Operations,74567.83,4,1.79,31,Female,Asian,2024-10-29,,3.0,5.0,5.0,0,1.017,1-3 Years (Mid-Tenure),1
1594,People Operations,Supervisor/Lead,Supervisor/Lead - People Operations,69104.59,5,1.24,50,Female,Asian,2025-05-18,,8.0,7.0,2.0,0,0.942,1-3 Years (Mid-Tenure),0
4420,People Operations,Supervisor/Lead,Supervisor/Lead - People Operations,57366.69,3,3.72,59,Male,Two or More,2022-11-26,,7.0,9.0,3.0,0,0.782,3+ Years (Tenured),0
4111,People Operations,Supervisor/Lead,Supervisor/Lead - People Operations,73225.99,5,0.96,35,Male,Two or More,2025-08-28,,1.0,1.0,5.0,0,0.998,0-1 Year (Onboarding),1
2825,People Operations,Supervisor/Lead,Supervisor/Lead - People Operations,81541.01,3,3.86,41,Female,Asian,2022-10-05,,4.0,2.0,3.0,0,1.112,3+ Years (Tenured),0
1101,People Operations,Supervisor/Lead,Supervisor/Lead - People Operations,83639.46,1,2.52,45,Male,Two or More,2023-04-05,2025-10-10,2.0,3.0,2.0,1,1.14,1-3 Years (Mid-Tenure),0
1550,People Operations,Supervisor/Lead,Supervisor/Lead - People Operations,65979.48,5,3.97,49,Other,Two or More,2022-08-26,,5.0,1.0,7.0,0,0.9,3+ Years (Tenured),0
4081,People Operations,Supervisor/Lead,Supervisor/Lead - People Operations,56066.55,2,1.57,40,Male,Hispanic,2025-01-20,,6.0,3.0,6.0,0,0.764,1-3 Years (Mid-Tenure),0
2144,Finance,Assistant Manager,Assistant Manager - Finance,99565.03,2,2.88,47,Female,Hispanic,2023-09-28,,1.0,5.0,1.0,0,1.267,1-3 Years (Mid-Tenure),0
3899,Finance,Assistant Manager,Assistant Manager - Finance,70428.87,1,3.5,39,Other,Hispanic,2021-12-28,2025-06-27,8.0,9.0,5.0,1,0.896,3+ Years (Tenured),0
3896,Finance,Assistant Manager,Assistant Manager - Finance,71014.73,1,1.34,44,Male,Hispanic,2025-04-12,,9.99,5.0,9.99,0,0.904,1-3 Years (Mid-Tenure),0
1670,Finance,Assistant Manager,Assistant Manager - Finance,88779.21,3,3.14,34,Male,Asian,2023-06-26,,7.0,7.0,8.0,0,1.13,3+ Years (Tenured),0
3423,Finance,Assistant Manager,Assistant Manager - Finance,70632.28,2,0.15,26,Other,Two or More,2025-08-18,2025-10-13,6.0,5.0,5.0,1,0.899,0-1 Year (Onboarding),0
4419,Finance,Assistant Manager,Assistant Manager - Finance,71062.34,5,5.11,37,Non-Binary,African American,2021-07-06,,2.0,5.0,3.0,0,0.904,3+ Years (Tenured),1
3875,Finance,Associate,Associate - Finance,40724.84,4,5.0,39,Other,Two or More,2021-08-17,,5.0,1.0,1.0,0,0.7,3+ Years (Tenured),0
2576,Finance,Associate,Associate - Finance,43965.42,2,2.81,45,Male,African American,2023-10-25,,1.0,2.0,3.0,0,0.756,1-3 Years (Mid-Tenure),0
1417,Finance,Associate,Associate - Finance,61768.84,3,0.71,46,Female,Hispanic,2022-07-24,2023-04-09,6.0,5.0,5.0,1,1.062,0-1 Year (Onboarding),0
1990,Finance,Associate,Associate - Finance,64663.62,4,0.42,25,Female,Caucasian,2026-03-15,,1.0,2.0,4.0,0,1.112,0-1 Year (Onboarding),1
3236,Finance,Associate,Associate - Finance,55301.57,4,0.72,47,Non-Binary,African American,2025-11-26,,5.0,5.0,6.0,0,0.951,0-1 Year (Onboarding),0
2885,Finance,Associate,Associate - Finance,57077.07,3,0.86,48,Male,Two or More,2025-10-06,,8.0,6.0,5.0,0,0.981,0-1 Year (Onboarding),0
3539,Finance,Associate,Associate - Finance,70721.0,5,4.79,55,Male,Hispanic,2021-11-02,,7.0,9.99,4.0,0,1.216,3+ Years (Tenured),0
3366,Finance,Associate,Associate - Finance,64621.55,3,1.19,21,Other,Hispanic,2025-06-05,,7.0,5.0,9.99,0,1.111,1-3 Years (Mid-Tenure),0
535,Finance,Associate,Associate - Finance,51519.02,5,3.24,48,Other,Asian,2023-05-22,,8.0,5.0,8.0,0,0.886,3+ Years (Tenured),0
4148,Finance,Associate,Associate - Finance,69818.52,5,0.5,32,Male,Hispanic,2021-07-31,2022-01-31,6.0,5.0,5.0,1,1.201,0-1 Year (Onboarding),0
125,Finance,Associate,Associate - Finance,51106.04,3,3.3,28,Non-Binary,Caucasian,2023-04-28,,6.0,6.0,9.99,0,0.879,3+ Years (Tenured),0
1976,Finance,Associate,Associate - Finance,40707.35,2,3.77,32,Other,Caucasian,2022-11-07,,9.0,9.0,7.0,0,0.7,3+ Years (Tenured),0
3374,Finance,Associate,Associate - Finance,50808.46,3,2.44,37,Other,Hispanic,2024-03-07,,6.0,7.0,6.0,0,0.874,1-3 Years (Mid-Tenure),0
2875,Finance,Associate,Associate - Finance,53425.27,4,0.19,50,Male,Hispanic,2026-06-08,,7.0,6.0,2.0,0,0.919,0-1 Year (Onboarding),0
394,Finance,Associate,Associate - Finance,73147.7,2,3.98,29,Female,,2022-08-24,,5.0,5.0,2.0,0,1.258,3+ Years (Tenured),0
2001,Finance,Associate,Associate - Finance,61533.3,1,2.03,25,Male,Two or More,2024-08-04,,9.99,9.99,9.0,0,1.058,1-3 Years (Mid-Tenure),0
4386,Finance,Associate,Associate - Finance,73890.51,4,2.53,38,Other,Asian,2024-02-05,,3.0,5.0,3.0,0,1.271,1-3 Years (Mid-Tenure),1
2602,Finance,Associate,Associate - Finance,62135.2,2,1.98,29,Other,Hispanic,2024-08-23,,9.99,6.0,9.99,0,1.068,1-3 Years (Mid-Tenure),0
745,Finance,Associate,Associate - Finance,71745.56,4,1.0,46,Male,Caucasian,2025-08-14,,6.0,6.0,5.0,0,1.234,1-3 Years (Mid-Tenure),0
1936,Finance,Associate,Associate - Finance,73905.42,5,1.79,39,Female,Asian,2024-09-05,2026-06-20,9.0,6.0,9.0,1,1.271,1-3 Years (Mid-Tenure),0
1450,Finance,Associate,ASSOCIATE - FINANCE,51722.21,3,3.19,48,Non-Binary,Two or More,2023-06-06,,6.0,8.0,6.0,0,0.889,3+ Years (Tenured),0
3898,Finance,Associate,Associate - Finance,56960.77,3,1.91,32,Other,,2024-09-16,,8.0,9.0,5.0,0,0.979,1-3 Years (Mid-Tenure),0
3134,Finance,Associate,Associate - Finance,62289.21,5,2.52,44,Male,Two or More,2024-02-09,,7.0,3.0,5.0,0,1.071,1-3 Years (Mid-Tenure),0
1930,Finance,Associate,Associate - Finance,46921.01,4,1.39,25,Other,,2025-03-26,,5.0,9.99,9.99,0,0.807,1-3 Years (Mid-Tenure),0
228,Finance,Associate,Associate - Finance,59128.11,5,3.02,55,Male,,2023-08-07,,8.0,9.0,8.0,0,1.017,3+ Years (Tenured),0
2619,Finance,Associate,Associate - Finance,61385.83,3,1.79,26,Male,Caucasian,2024-10-30,,8.0,4.0,3.0,0,1.056,1-3 Years (Mid-Tenure),0
1475,Finance,Associate,Associate - Finance,57554.27,4,3.89,51,Other,African American,2022-09-26,,6.0,8.0,8.0,0,0.99,3+ Years (Tenured),0
68,Finance,Associate,Associate - Finance,66835.29,4,3.91,35,Other,Hispanic,2021-12-23,2025-11-18,5.0,4.0,6.0,1,1.149,3+ Years (Tenured),0
954,Finance,Associate,Associate - Finance,54392.8,4,5.04,31,Other,Two or More,2021-08-02,,5.0,1.0,3.0,0,0.935,3+ Years (Tenured),0
3813,Finance,Associate,Associate - Finance,74148.55,3,3.29,52,Male,Two or More,2023-05-02,,4.0,4.0,2.0,0,1.275,3+ Years (Tenured),0
1325,Finance,Associate,Associate - Finance,44417.72,3,5.02,56,Other,African American,2021-08-08,,3.0,3.0,1.0,0,0.764,3+ Years (Tenured),0
410,Finance,Associate,Associate - Finance,74356.88,3,3.42,29,Non-Binary,Two or More,2021-10-19,2025-03-19,9.99,8.0,8.0,1,1.279,3+ Years (Tenured),0
4189,Finance,Associate,Associate - Finance,60756.4,5,2.15,49,Non-Binary,Hispanic,2022-07-22,2024-09-13,6.0,5.0,3.0,1,1.045,1-3 Years (Mid-Tenure),0
146,Finance,Associate,Associate - Finance,69212.37,3,2.16,41,Other,Caucasian,2024-06-19,,6.0,9.99,7.0,0,1.19,1-3 Years (Mid-Tenure),0
2152,Finance,Associate,Associate - Finance,44059.95,4,1.27,51,Female,Hispanic,2025-05-09,,6.0,7.0,8.0,0,0.758,1-3 Years (Mid-Tenure),0
1344,Finance,Associate,Associate - Finance,62131.38,3,1.79,21,Non-Binary,Two or More,2024-10-29,,4.0,8.0,6.0,0,1.068,1-3 Years (Mid-Tenure),0
3589,Finance,Associate,Associate - Finance,69907.63,4,0.27,44,Other,Two or More,2026-05-10,,5.0,1.0,5.0,0,1.202,0-1 Year (Onboarding),0
4280,Finance,Associate,Associate - Finance,69322.7,3,3.98,45,Female,Two or More,2022-08-22,,7.0,5.0,5.0,0,1.192,3+ Years (Tenured),0
884,Finance,Associate,Associate - Finance,47642.62,4,1.42,34,Male,Two or More,2025-03-14,,5.0,4.0,1.0,0,0.819,1-3 Years (Mid-Tenure),0
1355,Finance,Associate,Associate - Finance,45813.35,2,1.31,42,Female,Two or More,2025-04-24,,3.0,4.0,1.0,0,0.788,1-3 Years (Mid-Tenure),0
495,Finance,Associate,Associate - Finance,74948.21,5,4.31,21,Male,Hispanic,2022-04-25,,4.0,6.0,2.0,0,1.289,3+ Years (Tenured),1
2506,Finance,Associate,Associate - Finance,54844.75,3,0.2,28,Male,Asian,2026-06-03,,8.0,6.0,3.0,0,0.943,0-1 Year (Onboarding),0
1361,Finance,Associate,Associate - Finance,40116.88,3,0.31,55,Male,Caucasian,2026-02-18,2026-06-11,6.0,5.0,5.0,1,0.69,0-1 Year (Onboarding),0
2118,Finance,Associate,Associate - Finance,70616.45,4,2.37,29,Other,African American,2024-04-02,,4.0,5.0,5.0,0,1.214,1-3 Years (Mid-Tenure),1
923,Finance,Associate,Associate - Finance,64439.94,4,4.6,34,Other,Hispanic,2022-01-09,,9.99,9.99,4.0,0,1.108,3+ Years (Tenured),0
510,Finance,Associate,Associate - Finance,66000.93,3,1.95,55,Male,Two or More,2024-09-02,,7.0,5.0,3.0,0,1.135,1-3 Years (Mid-Tenure),0
689,Finance,Associate,Associate - Finance,41214.45,2,3.36,21,Non-Binary,Asian,2023-04-07,,8.0,6.0,3.0,0,0.709,3+ Years (Tenured),0
1378,Finance,Associate,Associate - Finance,48717.91,3,4.99,23,Male,Hispanic,2021-08-19,,8.0,8.0,1.0,0,0.838,3+ Years (Tenured),0
2540,Finance,Associate,Associate - Finance,55321.11,3,1.73,33,Non-Binary,African American,2024-11-22,,8.0,4.0,2.0,0,0.951,1-3 Years (Mid-Tenure),0
2547,Finance,Associate,Associate - Finance,64436.97,4,1.53,48,Female,Asian,2025-02-03,,5.0,1.0,1.0,0,1.108,1-3 Years (Mid-Tenure),0
522,Finance,Associate,Associate - Finance,50839.77,3,3.91,33,Male,Asian,2022-09-17,,3.0,7.0,7.0,0,0.874,3+ Years (Tenured),0
3559,Finance,Associate,Associate - Finance,50157.29,3,0.37,28,Male,Asian,2026-04-01,,4.0,1.0,1.0,0,0.862,0-1 Year (Onboarding),0
4398,Finance,Associate,Associate - Finance,42131.04,4,4.1,30,Other,Two or More,2022-07-11,,1.0,6.0,3.0,0,0.724,3+ Years (Tenured),1
2032,Finance,Associate,Associate - Finance,45304.23,5,3.39,41,Female,Asian,2023-03-28,,8.0,9.0,5.0,0,0.779,3+ Years (Tenured),0
2559,Finance,Associate,Associate - Finance,68246.25,2,0.1,50,Male,Caucasian,2026-04-20,2026-05-26,6.0,5.0,5.0,1,1.173,0-1 Year (Onboarding),0
4163,Finance,Associate,Associate - Finance,50218.94,3,0.99,21,Non-Binary,African American,2022-09-02,2023-08-29,6.0,5.0,5.0,1,0.864,0-1 Year (Onboarding),0
3554,Finance,Associate,Associate - Finance,66815.28,3,5.05,39,Other,Hispanic,2021-07-30,,5.0,7.0,3.0,0,1.149,3+ Years (Tenured),0
3289,Finance,Associate,Associate - Finance,73680.12,4,1.84,35,Non-Binary,Hispanic,2024-04-22,2026-02-24,3.0,2.0,5.0,1,1.267,1-3 Years (Mid-Tenure),1
3994,Finance,Associate,Associate - Finance,62818.37,3,1.36,47,Male,Two or More,2025-04-06,,7.0,6.0,3.0,0,1.08,1-3 Years (Mid-Tenure),0
1788,Finance,Associate,Associate - Finance,50822.34,4,1.96,38,Female,Asian,2024-08-28,,6.0,7.0,9.0,0,0.874,1-3 Years (Mid-Tenure),0
4320,Finance,Associate,ASSOCIATE - FINANCE,41895.51,4,0.59,54,Other,Caucasian,2026-01-12,,7.0,9.99,6.0,0,0.72,0-1 Year (Onboarding),0
582,Finance,Associate,Associate - Finance,46508.11,4,1.87,39,Male,African American,2024-09-30,,3.0,7.0,5.0,0,0.8,1-3 Years (Mid-Tenure),1
1005,Finance,Associate,Associate - Finance,47853.35,3,1.75,41,Male,Hispanic,2024-11-13,,8.0,9.99,5.0,0,0.823,1-3 Years (Mid-Tenure),0
2696,Finance,Associate,Associate - Finance,57596.29,5,0.47,49,Non-Binary,Asian,2026-02-23,,6.0,1.0,1.0,0,0.99,0-1 Year (Onboarding),0
21,Finance,Associate,Associate - Finance,42546.66,3,1.22,24,Female,Hispanic,2025-05-27,,6.0,4.0,5.0,0,0.732,1-3 Years (Mid-Tenure),0
1585,Finance,Associate,Associate - Finance,67413.41,3,2.94,35,Non-Binary,Asian,2023-09-08,,1.0,6.0,1.0,0,1.159,1-3 Years (Mid-Tenure),0
2704,Finance,Associate,Associate - Finance,49562.75,4,4.85,34,Male,African American,2021-10-09,,5.0,4.0,8.0,0,0.852,3+ Years (Tenured),0
3087,Finance,Associate,Associate - Finance,50835.02,5,1.72,50,Male,Asian,2024-11-25,,6.0,8.0,9.0,0,0.874,1-3 Years (Mid-Tenure),0
1593,Finance,Associate,Associate - Finance,54191.61,5,3.88,22,Male,Two or More,2022-09-29,,7.0,4.0,6.0,0,0.932,3+ Years (Tenured),0
382,Finance,Associate,Associate - Finance,74070.87,4,4.45,57,Non-Binary,African American,2022-03-06,,9.0,8.0,5.0,0,1.274,3+ Years (Tenured),0
2708,Finance,Associate,Associate - Finance,63641.89,3,2.24,46,Non-Binary,African American,2024-05-21,,7.0,6.0,5.0,0,1.094,1-3 Years (Mid-Tenure),0
3987,Finance,Associate,Associate - Finance,62387.88,3,0.07,43,Male,Caucasian,2026-07-19,,6.0,5.0,5.0,0,1.073,0-1 Year (Onboarding),0
2712,Finance,Associate,Associate - Finance,68369.0,2,5.04,33,Non-Binary,Asian,2021-08-02,,5.0,5.0,9.0,0,1.176,3+ Years (Tenured),0
4315,Finance,Associate,Associate - Finance,63431.42,4,1.26,41,Female,Caucasian,2023-08-13,2024-11-15,5.0,3.0,1.0,1,1.091,1-3 Years (Mid-Tenure),0
602,Finance,Associate,Associate - Finance,51029.26,3,4.31,38,Other,Asian,2022-04-26,,7.0,7.0,8.0,0,0.877,3+ Years (Tenured),0
100,Finance,Associate,Associate - Finance,51692.28,3,0.91,51,Female,Caucasian,2025-09-18,,3.0,4.0,2.0,0,0.889,0-1 Year (Onboarding),0
3445,Finance,Associate,Associate - Finance,50528.25,3,3.29,29,Female,African American,2023-05-02,,9.0,3.0,8.0,0,0.869,3+ Years (Tenured),0
4018,Finance,Associate,Associate - Finance,61748.68,1,4.25,66,Female,African American,2022-05-15,,6.0,4.0,9.0,0,1.062,3+ Years (Tenured),0
606,Finance,Associate,Associate - Finance,62421.75,3,3.67,51,Male,Asian,2022-12-14,,2.0,3.0,6.0,0,1.073,3+ Years (Tenured),0
4348,Finance,Associate,Associate - Finance,62375.49,2,1.85,41,Non-Binary,Two or More,2024-02-28,2026-01-04,7.0,6.0,4.0,1,1.073,1-3 Years (Mid-Tenure),0
1038,Finance,Associate,Associate - Finance,64767.71,4,2.23,38,Non-Binary,Asian,2024-05-22,,7.0,9.0,7.0,0,1.114,1-3 Years (Mid-Tenure),0
3431,Finance,Associate,Associate - Finance,73341.07,3,3.12,47,Male,Caucasian,2023-07-03,,1.0,5.0,4.0,0,1.261,3+ Years (Tenured),0
1684,Finance,Associate,Associate - Finance,52177.5,1,4.53,39,Female,Caucasian,2022-02-05,,9.0,9.0,9.0,0,0.897,3+ Years (Tenured),0
4020,Finance,Associate,Associate - Finance,58973.62,5,3.0,41,Other,Asian,2023-08-16,,4.0,5.0,1.0,0,1.014,1-3 Years (Mid-Tenure),1
622,Finance,Associate,Associate - Finance,40593.42,4,4.48,21,Male,Asian,2022-02-21,,7.0,9.99,9.0,0,0.698,3+ Years (Tenured),0
4341,Finance,Associate,Associate - Finance,42530.78,2,1.05,44,Non-Binary,Caucasian,2025-07-27,,6.0,7.0,9.99,0,0.731,1-3 Years (Mid-Tenure),0
1053,Finance,Associate,Associate - Finance,53300.97,3,1.37,29,Other,Asian,2025-04-03,,7.0,2.0,8.0,0,0.917,1-3 Years (Mid-Tenure),0
3945,Finance,Associate,Associate - Finance,47335.01,4,3.73,57,Male,African American,2022-11-21,,9.99,8.0,8.0,0,0.814,3+ Years (Tenured),0
3129,Finance,Associate,Associate - Finance,68249.3,3,1.61,36,Non-Binary,Two or More,2025-01-05,,7.0,6.0,6.0,0,1.174,1-3 Years (Mid-Tenure),0
3513,Finance,Associate,Associate - Finance,71803.42,2,1.41,46,Male,African American,2024-06-22,2025-11-20,4.0,2.0,3.0,1,1.235,1-3 Years (Mid-Tenure),0
1880,Finance,Associate,Associate - Finance,53600.32,3,0.07,41,Male,Two or More,2026-07-20,,6.0,5.0,5.0,0,0.922,0-1 Year (Onboarding),0
2637,Finance,Associate,Associate - Finance,68201.16,5,3.6,37,Female,Caucasian,2023-01-09,,8.0,7.0,3.0,0,1.173,3+ Years (Tenured),0
3508,Finance,Associate,Associate - Finance,71672.36,3,2.49,52,Non-Binary,African American,2024-02-18,,4.0,5.0,7.0,0,1.232,1-3 Years (Mid-Tenure),0
3930,Finance,Associate,Associate - Finance,60372.71,5,1.67,47,Non-Binary,Two or More,2024-12-13,,6.0,7.0,9.99,0,1.038,1-3 Years (Mid-Tenure),0
2644,Finance,Associate,Associate - Finance,50064.2,3,0.87,26,Non-Binary,Caucasian,2025-10-01,,8.0,6.0,9.0,0,0.861,0-1 Year (Onboarding),0
1865,Finance,Associate,Associate - Finance,56121.42,4,3.49,47,Non-Binary,Caucasian,2023-02-19,,6.0,7.0,9.99,1,0.965,3+ Years (Tenured),0
751,Finance,Associate,Associate - Finance,42698.64,2,1.5,40,Female,Asian,2025-02-14,,8.0,3.0,5.0,0,0.734,1-3 Years (Mid-Tenure),0
1505,Finance,Associate,Associate - Finance,66310.6,3,4.01,26,Male,Caucasian,2022-08-12,,3.0,4.0,2.0,0,1.14,3+ Years (Tenured),0
558,Finance,Associate,Associate - Finance,74910.23,5,2.78,33,Other,Caucasian,2023-11-03,,5.0,7.0,8.0,0,1.288,1-3 Years (Mid-Tenure),0
2653,Finance,Associate,Associate - Finance,70333.15,2,1.44,42,Female,Two or More,2025-03-07,,5.0,9.99,8.0,0,1.209,1-3 Years (Mid-Tenure),0
3944,Finance,Associate,Associate - Finance,49737.71,4,0.59,27,Male,Hispanic,2024-08-25,2025-03-30,6.0,4.0,7.0,1,0.855,0-1 Year (Onboarding),0
1103,Finance,Associate,Associate - Finance,57257.17,3,1.98,58,Male,Two or More,2024-08-22,,5.0,7.0,7.0,0,0.985,1-3 Years (Mid-Tenure),0
46,Finance,Associate,Associate - Finance,72060.39,3,3.09,47,Male,Two or More,2023-07-15,,9.99,9.99,7.0,0,1.239,3+ Years (Tenured),0
2661,Finance,Associate,Associate - Finance,53040.84,3,2.47,36,Male,Hispanic,2024-02-25,,8.0,9.0,9.99,0,0.912,1-3 Years (Mid-Tenure),0
3122,Finance,Associate,Associate - Finance,42105.16,3,4.58,31,Other,Hispanic,2022-01-16,,4.0,2.0,5.0,0,0.724,3+ Years (Tenured),0
3121,Finance,Associate,Associate - Finance,41264.59,2,0.55,28,Female,Asian,2025-03-17,2025-10-05,1.0,5.0,5.0,1,0.71,0-1 Year (Onboarding),0
1818,Finance,Associate,Associate - Finance,57250.51,4,2.15,40,Other,African American,2024-06-22,,9.0,9.0,8.0,0,0.984,1-3 Years (Mid-Tenure),0
2677,Finance,Associate,Associate - Finance,59167.69,3,4.66,34,Male,Hispanic,2021-12-18,,7.0,1.0,4.0,0,1.017,3+ Years (Tenured),0
2680,Finance,Associate,Associate - Finance,41790.14,3,2.33,51,Male,Caucasian,2024-04-18,,4.0,2.0,8.0,0,0.719,1-3 Years (Mid-Tenure),0
758,Finance,Associate,Associate - Finance,63585.49,1,3.27,40,Male,African American,2023-05-08,,7.0,3.0,1.0,0,1.093,3+ Years (Tenured),0
284,Finance,Associate,Associate - Finance,64412.98,4,0.92,43,Female,African American,2022-10-08,2023-09-08,6.0,5.0,5.0,1,1.108,0-1 Year (Onboarding),0
221,Finance,Associate,Associate - Finance,62622.36,3,4.6,36,Female,Asian,2022-01-09,,5.0,5.0,3.0,0,1.077,3+ Years (Tenured),0
990,Finance,Associate,Associate - Finance,59564.12,3,2.21,47,Other,Two or More,2022-01-15,2024-03-30,7.0,5.0,4.0,1,1.024,1-3 Years (Mid-Tenure),0
1791,Finance,Associate,Associate - Finance,41510.51,5,4.16,39,Male,Asian,2022-06-18,,2.0,8.0,6.0,0,0.714,3+ Years (Tenured),1
3474,Finance,Associate,Associate - Finance,43482.77,3,3.03,53,Female,Caucasian,2023-08-06,,5.0,3.0,3.0,0,0.748,3+ Years (Tenured),0
1089,Finance,Associate,Associate - Finance,71509.39,4,5.04,38,Non-Binary,Caucasian,2021-08-01,,5.0,4.0,1.0,0,1.23,3+ Years (Tenured),0
4273,Finance,Associate,Associate - Finance,61458.35,3,3.34,44,Other,Hispanic,2022-02-25,2025-06-29,9.0,9.0,8.0,1,1.057,3+ Years (Tenured),0
2421,Finance,Associate,Associate - Finance,74442.05,4,2.62,24,Other,Two or More,2023-01-17,2025-08-31,8.0,7.0,6.0,1,1.28,1-3 Years (Mid-Tenure),0
460,Finance,Associate,Associate - Finance,50386.75,4,2.69,48,Female,Hispanic,2023-12-08,,7.0,9.99,4.0,0,0.866,1-3 Years (Mid-Tenure),0
3713,Finance,Associate,Associate - Finance,72276.35,4,1.19,60,Other,Two or More,2025-06-07,,9.99,8.0,5.0,0,1.243,1-3 Years (Mid-Tenure),0
457,Finance,Associate,Associate - Finance,62365.28,3,4.84,33,Non-Binary,Hispanic,2021-10-13,,9.0,9.99,6.0,0,1.072,3+ Years (Tenured),0
421,Finance,Associate,Associate - Finance,69992.79,3,4.39,47,Female,Caucasian,2022-03-26,,9.99,9.99,8.0,0,1.204,3+ Years (Tenured),0
3642,Finance,Associate,Associate - Finance,41072.26,3,3.11,50,Female,Hispanic,2023-07-08,,9.0,7.0,4.0,0,0.706,3+ Years (Tenured),0
2473,Finance,Associate,Associate - Finance,62357.69,3,2.5,33,Female,Asian,2023-12-10,2026-06-11,7.0,9.99,9.99,1,1.072,1-3 Years (Mid-Tenure),0
724,Finance,Associate,Associate - Finance,51398.49,4,3.02,36,Non-Binary,Caucasian,2023-08-07,,2.0,3.0,1.0,0,0.884,3+ Years (Tenured),1
3005,Finance,Associate,Associate - Finance,41098.9,5,3.74,44,Female,Hispanic,2022-11-19,,4.0,6.0,8.0,0,0.707,3+ Years (Tenured),1
2475,Finance,Associate,Associate - Finance,43850.07,4,1.58,45,Other,African American,2025-01-16,,6.0,8.0,9.0,0,0.754,1-3 Years (Mid-Tenure),0
3199,Finance,Associate,Associate - Finance,66876.23,2,0.59,32,Male,Caucasian,2024-05-03,2024-12-04,9.99,6.0,9.99,1,1.15,0-1 Year (Onboarding),0
2388,Finance,Associate,Associate - Finance,58085.34,4,4.77,47,Female,Caucasian,2021-11-07,,2.0,4.0,1.0,0,0.999,3+ Years (Tenured),1
2194,Finance,Associate,Associate - Finance,64422.73,5,1.68,51,Other,Asian,2024-12-11,,4.0,3.0,5.0,0,1.108,1-3 Years (Mid-Tenure),1
2193,Finance,Associate,Associate - Finance,42343.18,4,1.59,51,Male,African American,2025-01-12,,1.0,4.0,1.0,0,0.728,1-3 Years (Mid-Tenure),1
178,Finance,Associate,Associate - Finance,40333.24,3,3.88,40,Other,African American,2022-09-30,,4.0,2.0,1.0,0,0.694,3+ Years (Tenured),0
446,Finance,Associate,Associate - Finance,65109.91,5,4.78,44,Female,Caucasian,2021-11-05,,8.0,4.0,5.0,0,1.12,3+ Years (Tenured),0
4216,Finance,Associate,Associate - Finance,74400.23,4,0.52,31,Male,African American,2026-02-06,,9.99,9.99,9.99,0,1.279,0-1 Year (Onboarding),0
861,Finance,Associate,Associate - Finance,60026.1,3,2.35,58,Female,African American,2024-04-11,,4.0,1.0,1.0,0,1.032,1-3 Years (Mid-Tenure),0
3215,Finance,Associate,Associate - Finance,70582.19,2,2.14,40,Non-Binary,Hispanic,2024-06-25,,2.0,2.0,7.0,0,1.214,1-3 Years (Mid-Tenure),0
813,Finance,Associate,Associate - Finance,67414.58,3,1.24,38,Male,African American,2025-05-19,,6.0,2.0,4.0,0,1.159,1-3 Years (Mid-Tenure),0
4208,Finance,Associate,Associate - Finance,41817.62,4,1.26,47,Female,Hispanic,2023-01-07,2024-04-11,6.0,5.0,5.0,1,0.719,1-3 Years (Mid-Tenure),0
3189,Finance,Associate,Associate - Finance,69754.26,5,2.89,46,Female,Hispanic,2023-09-24,,5.0,5.0,3.0,0,1.199,1-3 Years (Mid-Tenure),0
2236,Finance,Associate,Associate - Finance,59346.7,1,1.91,58,Non-Binary,,2023-05-01,2025-03-28,9.99,6.0,7.0,1,1.02,1-3 Years (Mid-Tenure),0
3192,Finance,Associate,Associate - Finance,54991.44,4,0.5,21,Female,Two or More,2026-02-13,,4.0,8.0,5.0,0,0.946,0-1 Year (Onboarding),1
4212,Finance,Associate,Associate - Finance,44550.98,1,5.09,27,Male,African American,2021-07-13,,4.0,8.0,1.0,0,0.766,3+ Years (Tenured),0
2386,Finance,Associate,Associate - Finance,50577.46,2,0.09,29,Other,Asian,2026-07-14,,6.0,5.0,5.0,0,0.87,0-1 Year (Onboarding),0
2244,Finance,Associate,Associate - Finance,46545.13,3,2.53,53,Female,Caucasian,2024-02-03,,6.0,3.0,5.0,0,0.8,1-3 Years (Mid-Tenure),0
2250,Finance,Associate,Associate - Finance,67803.69,5,4.15,35,Male,Caucasian,2022-06-22,,1.0,2.0,1.0,0,1.166,3+ Years (Tenured),1
176,Finance,Associate,Associate - Finance,74685.05,3,3.14,46,Male,Caucasian,2023-06-25,,7.0,6.0,7.0,0,1.284,3+ Years (Tenured),0
3630,Finance,Associate,Associate - Finance,65808.72,4,2.12,42,Female,Asian,2024-07-04,,9.0,6.0,6.0,0,1.132,1-3 Years (Mid-Tenure),0
2430,Finance,Associate,Associate - Finance,72059.98,3,4.11,39,Male,Hispanic,2022-07-06,,9.0,6.0,7.0,0,1.239,3+ Years (Tenured),0
51,Finance,Associate,Associate - Finance,43850.11,5,2.67,32,Male,Caucasian,2023-12-13,,7.0,2.0,1.0,0,0.754,1-3 Years (Mid-Tenure),0
848,Finance,Associate,Associate - Finance,67368.49,2,4.77,32,Non-Binary,Hispanic,2021-11-09,,8.0,7.0,7.0,0,1.158,3+ Years (Tenured),0
2178,Finance,Associate,Associate - Finance,52627.05,2,4.59,21,Non-Binary,Hispanic,2022-01-11,,5.0,2.0,2.0,0,0.905,3+ Years (Tenured),0
2377,Finance,Associate,Associate - Finance,48210.36,4,0.27,50,Non-Binary,Caucasian,2026-05-07,,4.0,4.0,5.0,0,0.829,0-1 Year (Onboarding),1
3657,Finance,Associate,Associate - Finance,61986.45,3,2.68,35,Other,African American,2023-12-12,,5.0,3.0,4.0,0,1.066,1-3 Years (Mid-Tenure),0
2486,Finance,Associate,Associate - Finance,43237.37,2,0.4,26,Non-Binary,Two or More,2025-06-24,2025-11-16,6.0,5.0,5.0,1,0.743,0-1 Year (Onboarding),0
2337,Finance,Associate,Associate - Finance,73600.27,4,2.72,44,Non-Binary,Two or More,2023-11-28,,8.0,6.0,6.0,0,1.266,1-3 Years (Mid-Tenure),0
1213,Finance,Associate,Associate - Finance,62617.86,5,3.25,37,Female,Two or More,2023-05-18,,9.0,9.99,9.0,0,1.077,3+ Years (Tenured),0
2347,Finance,Associate,Associate - Finance,70118.2,4,2.37,54,Male,Hispanic,2024-04-03,,3.0,5.0,1.0,0,1.206,1-3 Years (Mid-Tenure),1
1316,Finance,Associate,Associate - Finance,61408.8,3,4.6,34,Other,Hispanic,2022-01-10,,8.0,6.0,9.99,0,1.056,3+ Years (Tenured),0
4449,Finance,Associate,Associate - Finance,71117.87,3,3.46,38,Female,Asian,2022-06-01,2025-11-15,1.0,8.0,4.0,1,1.223,3+ Years (Tenured),0
1194,Finance,Associate,Associate - Finance,68266.25,3,1.85,53,Other,African American,2024-10-07,,3.0,4.0,1.0,0,1.174,1-3 Years (Mid-Tenure),0
4250,Finance,Associate,Associate - Finance,49936.4,3,0.24,33,Female,Two or More,2025-10-12,2026-01-08,6.0,5.0,5.0,1,0.859,0-1 Year (Onboarding),0
1203,Finance,Associate,Associate - Finance,41924.07,5,0.63,41,Male,African American,2025-12-28,,4.0,3.0,5.0,0,0.721,0-1 Year (Onboarding),1
3660,Finance,Associate,Associate - Finance,53284.23,5,1.08,29,Other,Hispanic,2025-07-18,,1.0,5.0,1.0,0,0.916,1-3 Years (Mid-Tenure),1
870,Finance,Associate,Associate - Finance,69322.09,2,2.16,29,Non-Binary,Caucasian,2024-06-16,,3.0,3.0,2.0,0,1.192,1-3 Years (Mid-Tenure),0
3017,Finance,Associate,Associate - Finance,69084.15,3,4.4,38,Male,Asian,2022-03-22,,5.0,4.0,6.0,0,1.188,3+ Years (Tenured),0
2363,Finance,Associate,Associate - Finance,42854.13,3,2.25,35,Male,Asian,2024-05-15,,5.0,2.0,5.0,0,0.737,1-3 Years (Mid-Tenure),0
871,Finance,Associate,Associate - Finance,63559.99,4,0.34,47,Non-Binary,African American,2026-04-13,,2.0,2.0,9.0,0,1.093,0-1 Year (Onboarding),1
2370,Finance,Associate,Associate - Finance,56653.97,1,4.73,27,Other,Two or More,2021-11-22,,4.0,3.0,9.99,0,0.974,3+ Years (Tenured),0
3065,Finance,Domain Director,Domain Director - Finance,127323.66,3,0.93,32,Non-Binary,Asian,2025-09-11,,8.0,8.0,5.0,0,0.984,0-1 Year (Onboarding),0
3063,Finance,Domain Director,Domain Director - Finance,125859.78,4,4.1,60,Other,Two or More,2022-07-10,,9.99,6.0,8.0,0,0.972,3+ Years (Tenured),0
963,Finance,Domain Director,Domain Director - Finance,147755.46,3,0.06,51,Female,Two or More,2026-07-23,,6.0,5.0,5.0,0,1.141,0-1 Year (Onboarding),0
3308,Finance,Domain Director,Domain Director - Finance,125417.83,4,2.2,47,Male,African American,2024-06-02,,9.99,7.0,7.0,0,0.969,1-3 Years (Mid-Tenure),0
140,Finance,Domain Director,Domain Director - Finance,113093.38,2,3.18,47,Male,African American,2023-06-13,,3.0,4.0,3.0,0,0.874,3+ Years (Tenured),0
265,Finance,Domain Director,Domain Director - Finance,137234.86,1,0.78,47,Female,Asian,2022-01-30,2022-11-09,6.0,5.0,5.0,1,1.06,0-1 Year (Onboarding),0
1911,Finance,Executive Director,Executive Director - Finance,213076.1,4,0.92,40,Non-Binary,African American,2025-09-14,,6.0,4.0,6.0,0,1.0,0-1 Year (Onboarding),0
3769,Finance,Manager,Manager - Finance,85298.19,2,0.23,32,Female,African American,2026-05-23,,7.0,4.0,6.0,0,0.823,0-1 Year (Onboarding),0
1082,Finance,Manager,Manager - Finance,98849.29,3,3.78,39,Non-Binary,Asian,2022-11-03,,6.0,8.0,7.0,0,0.953,3+ Years (Tenured),0
2713,Finance,Manager,Manager - Finance,116558.89,2,1.68,42,Other,Asian,2024-12-09,,4.0,9.99,9.99,0,1.124,1-3 Years (Mid-Tenure),0
411,Finance,Manager,Manager - Finance,114013.95,5,1.31,36,Male,Hispanic,2025-04-24,,7.0,1.0,7.0,0,1.1,1-3 Years (Mid-Tenure),0
2968,Finance,Supervisor/Lead,Supervisor/Lead - Finance,76246.37,2,3.08,37,Female,Two or More,2023-07-18,,3.0,5.0,6.0,0,1.092,3+ Years (Tenured),0
1180,Finance,Supervisor/Lead,Supervisor/Lead - Finance,62122.49,4,4.57,56,Non-Binary,Hispanic,2022-01-21,,8.0,7.0,6.0,0,0.89,3+ Years (Tenured),0
3498,Finance,Supervisor/Lead,Supervisor/Lead - Finance,57596.75,1,4.99,38,Male,Asian,2021-08-20,,5.0,3.0,7.0,0,0.825,3+ Years (Tenured),0
539,Finance,Supervisor/Lead,Supervisor/Lead - Finance,56217.3,1,2.15,53,Other,Asian,2023-11-02,2025-12-26,3.0,2.0,4.0,1,0.805,1-3 Years (Mid-Tenure),0
229,Finance,Supervisor/Lead,Supervisor/Lead - Finance,56541.31,3,3.9,46,Non-Binary,,2022-09-20,,4.0,6.0,2.0,0,0.81,3+ Years (Tenured),0
612,Finance,Supervisor/Lead,Supervisor/Lead - Finance,70818.7,5,3.21,21,Female,African American,2023-06-02,,1.0,1.0,7.0,0,1.015,3+ Years (Tenured),1
1193,Finance,Supervisor/Lead,Supervisor/Lead - Finance,79204.0,2,2.75,37,Non-Binary,Asian,2023-11-17,,8.0,8.0,6.0,0,1.135,1-3 Years (Mid-Tenure),0
1584,Finance,Supervisor/Lead,Supervisor/Lead - Finance,70039.25,4,0.84,44,Female,African American,2025-10-11,,9.0,5.0,8.0,0,1.003,0-1 Year (Onboarding),0
3204,Finance,Supervisor/Lead,Supervisor/Lead - Finance,67301.88,5,1.72,31,Non-Binary,Two or More,2024-11-25,,8.0,8.0,7.0,0,0.964,1-3 Years (Mid-Tenure),0
1002,Finance,Supervisor/Lead,Supervisor/Lead - Finance,57059.28,3,4.18,25,Non-Binary,Hispanic,2022-06-10,,6.0,2.0,5.0,0,0.817,3+ Years (Tenured),0
2334,Finance,Supervisor/Lead,Supervisor/Lead - Finance,64465.88,2,1.1,35,Female,Hispanic,2025-03-14,2026-04-19,6.0,8.0,9.99,1,0.924,1-3 Years (Mid-Tenure),0
4062,Finance,Supervisor/Lead,Supervisor/Lead - Finance,81775.95,2,2.65,41,Female,Asian,2023-12-23,,8.0,7.0,7.0,0,1.172,1-3 Years (Mid-Tenure),0
1566,Finance,Supervisor/Lead,Supervisor/Lead - Finance,81854.82,4,3.76,30,Non-Binary,Caucasian,2022-11-10,,8.0,7.0,4.0,0,1.173,3+ Years (Tenured),0
1055,Finance,Supervisor/Lead,Supervisor/Lead - Finance,68176.08,3,4.68,46,Other,African American,2021-12-12,,7.0,4.0,5.0,0,0.977,3+ Years (Tenured),0
3671,Finance,Supervisor/Lead,Supervisor/Lead - Finance,89027.99,4,3.16,40,Other,Caucasian,2023-06-18,,6.0,8.0,6.0,0,1.275,3+ Years (Tenured),0
1112,Finance,Supervisor/Lead,Supervisor/Lead - Finance,75475.24,3,4.22,40,Other,Two or More,2022-05-27,,5.0,8.0,7.0,0,1.081,3+ Years (Tenured),0
2980,Finance,Supervisor/Lead,Supervisor/Lead - Finance,78184.73,4,2.97,37,Female,Hispanic,2023-08-28,,4.0,8.0,7.0,0,1.12,1-3 Years (Mid-Tenure),1
1808,Finance,Supervisor/Lead,Supervisor/Lead - Finance,58936.95,4,0.22,47,Non-Binary,Asian,2026-05-25,,5.0,6.0,1.0,0,0.844,0-1 Year (Onboarding),0
2820,Finance,Supervisor/Lead,Supervisor/Lead - Finance,61573.47,3,1.55,39,Female,African American,2025-01-27,,1.0,5.0,6.0,0,0.882,1-3 Years (Mid-Tenure),0
3271,Finance,Supervisor/Lead,Supervisor/Lead - Finance,67167.14,1,0.67,42,Other,Hispanic,2022-12-15,2023-08-16,6.0,5.0,5.0,1,0.962,0-1 Year (Onboarding),0
1506,Finance,Supervisor/Lead,Supervisor/Lead - Finance,70100.95,5,4.52,33,Female,Asian,2021-08-16,2026-02-21,9.99,6.0,9.99,1,1.004,3+ Years (Tenured),0
4246,Finance,Supervisor/Lead,Supervisor/Lead - Finance,73653.24,3,1.34,40,Non-Binary,Two or More,2025-04-12,,7.0,6.0,5.0,0,1.055,1-3 Years (Mid-Tenure),0
4003,Finance,Supervisor/Lead,Supervisor/Lead - Finance,66147.16,3,2.45,40,Non-Binary,Asian,2024-03-05,,7.0,7.0,9.99,0,0.948,1-3 Years (Mid-Tenure),0
1713,Finance,Supervisor/Lead,Supervisor/Lead - Finance,66197.62,3,2.47,40,Female,Caucasian,2024-02-27,,7.0,9.99,5.0,0,0.948,1-3 Years (Mid-Tenure),0
2457,Finance,Supervisor/Lead,Supervisor/Lead - Finance,86186.26,3,0.58,50,,,2026-01-14,,8.0,9.0,9.99,0,1.235,0-1 Year (Onboarding),0
4169,Finance,Supervisor/Lead,Supervisor/Lead - Finance,81644.53,1,0.16,53,Male,Asian,2026-06-18,,6.0,5.0,5.0,0,1.17,0-1 Year (Onboarding),0
2081,Finance,Supervisor/Lead,Supervisor/Lead - Finance,84927.81,4,2.04,48,Male,Asian,2024-07-31,,4.0,3.0,3.0,0,1.217,1-3 Years (Mid-Tenure),1
3346,Finance,Supervisor/Lead,Supervisor/Lead - Finance,86850.92,3,0.32,43,Female,Hispanic,2026-04-19,,4.0,4.0,5.0,0,1.244,0-1 Year (Onboarding),0
738,Finance,Supervisor/Lead,Supervisor/Lead - Finance,58136.01,3,1.6,49,Male,Asian,2025-01-08,,7.0,6.0,7.0,0,0.833,1-3 Years (Mid-Tenure),0
1329,Finance,Supervisor/Lead,Supervisor/Lead - Finance,84501.58,5,1.15,54,Male,Asian,2025-06-23,,5.0,4.0,4.0,0,1.211,1-3 Years (Mid-Tenure),0
3149,Finance,Supervisor/Lead,Supervisor/Lead - Finance,66983.22,3,1.11,22,Other,Hispanic,2025-07-07,,1.0,1.0,1.0,0,0.96,1-3 Years (Mid-Tenure),0
1134,Finance,Supervisor/Lead,Supervisor/Lead - Finance,57053.08,3,0.94,36,Female,Hispanic,2025-09-05,,3.0,1.0,2.0,0,0.817,0-1 Year (Onboarding),0
809,Finance,Supervisor/Lead,Supervisor/Lead - Finance,56678.23,4,1.38,48,Male,African American,2025-03-28,,1.0,4.0,7.0,0,0.812,1-3 Years (Mid-Tenure),1
1998,Finance,Supervisor/Lead,Supervisor/Lead - Finance,65588.46,5,1.9,40,Male,Caucasian,2024-09-20,,1.0,5.0,3.0,0,0.94,1-3 Years (Mid-Tenure),1
3580,Finance,Supervisor/Lead,Supervisor/Lead - Finance,81458.54,3,1.77,35,Female,Asian,2024-11-07,,6.0,4.0,3.0,0,1.167,1-3 Years (Mid-Tenure),0
492,Finance,Supervisor/Lead,Supervisor/Lead - Finance,61980.41,3,4.18,21,Non-Binary,African American,2022-06-12,,5.0,9.99,5.0,0,0.888,3+ Years (Tenured),0
3799,Finance,Supervisor/Lead,Supervisor/Lead - Finance,72396.26,3,0.57,48,Non-Binary,,2026-01-18,,5.0,9.99,4.0,0,1.037,0-1 Year (Onboarding),0
2029,Finance,Supervisor/Lead,Supervisor/Lead - Finance,81109.6,3,4.25,51,Non-Binary,African American,2022-02-20,2026-05-20,9.0,3.0,9.0,1,1.162,3+ Years (Tenured),0
2142,Finance,Supervisor/Lead,Supervisor/Lead - Finance,60846.67,5,0.58,45,Female,African American,2026-01-17,,1.0,2.0,4.0,0,0.872,0-1 Year (Onboarding),1
3293,Finance,Supervisor/Lead,Supervisor/Lead - Finance,56105.79,3,2.01,45,Other,African American,2024-08-10,,9.99,9.99,8.0,0,0.804,1-3 Years (Mid-Tenure),0
3741,Finance,Supervisor/Lead,Supervisor/Lead - Finance,63523.25,3,1.93,41,Non-Binary,Caucasian,2024-09-11,,9.0,9.99,6.0,0,0.91,1-3 Years (Mid-Tenure),0
2585,Legal,Assistant Manager,Assistant Manager - Legal,65542.84,3,4.45,43,Male,Hispanic,2022-03-03,,3.0,2.0,6.0,0,0.88,3+ Years (Tenured),0
1758,Legal,Assistant Manager,Assistant Manager - Legal,99790.79,3,4.43,44,Male,Hispanic,2022-03-12,,7.0,3.0,4.0,0,1.34,3+ Years (Tenured),0
4433,Legal,Assistant Manager,Assistant Manager - Legal,65997.64,3,5.05,28,Male,Two or More,2021-07-29,,7.0,1.0,7.0,0,0.886,3+ Years (Tenured),0
4412,Legal,Assistant Manager,Assistant Manager - Legal,63182.87,2,3.88,40,Non-Binary,African American,2022-09-30,,7.0,7.0,8.0,0,0.848,3+ Years (Tenured),0
1245,Legal,Assistant Manager,ASSISTANT MANAGER - LEGAL,77823.03,3,3.31,36,Female,Caucasian,2023-04-26,,8.0,7.0,7.0,0,1.045,3+ Years (Tenured),0
23,Legal,Associate,Associate - Legal,42706.49,5,3.88,30,Female,Hispanic,2022-09-30,,4.0,4.0,5.0,0,0.756,3+ Years (Tenured),1
1748,Legal,Associate,Associate - Legal,42712.41,4,1.44,25,Male,Two or More,2025-03-06,,8.0,9.0,5.0,0,0.756,1-3 Years (Mid-Tenure),0
83,Legal,Associate,Associate - Legal,56939.19,4,2.73,47,,Caucasian,2023-11-23,,3.0,1.0,2.0,0,1.008,1-3 Years (Mid-Tenure),1
3469,Legal,Associate,Associate - Legal,67776.53,4,1.12,27,Non-Binary,Two or More,2025-07-01,,3.0,1.0,7.0,0,1.199,1-3 Years (Mid-Tenure),1
1150,Legal,Associate,Associate - Legal,71678.17,5,4.16,31,Male,Two or More,2022-06-19,,8.0,9.99,7.0,0,1.269,3+ Years (Tenured),0
1569,Legal,Associate,Associate - Legal,54761.56,4,2.23,42,Non-Binary,Hispanic,2021-12-29,2024-03-22,4.0,6.0,8.0,1,0.969,1-3 Years (Mid-Tenure),1
4367,Legal,Associate,Associate - Legal,60905.53,3,2.14,33,Male,Two or More,2024-06-26,,7.0,7.0,2.0,0,1.078,1-3 Years (Mid-Tenure),0
3167,Legal,Associate,Associate - Legal,66861.71,3,2.63,43,Male,Two or More,2023-12-29,,1.0,5.0,1.0,0,1.183,1-3 Years (Mid-Tenure),0
777,Legal,Associate,Associate - Legal,63866.49,2,1.24,29,Female,Asian,2025-05-18,,3.0,5.0,1.0,0,1.13,1-3 Years (Mid-Tenure),0
2184,Legal,Associate,Associate - Legal,40126.25,4,3.42,45,Other,African American,2023-03-14,,5.0,7.0,4.0,0,0.71,3+ Years (Tenured),0
1223,Legal,Associate,ASSOCIATE - LEGAL,42281.75,3,4.8,62,Female,Asian,2021-10-27,,1.0,4.0,4.0,0,0.748,3+ Years (Tenured),0
3464,Legal,Associate,Associate - Legal,55213.68,2,1.83,48,Female,African American,2024-10-17,,6.0,2.0,4.0,0,0.977,1-3 Years (Mid-Tenure),0
1587,Legal,Associate,Associate - Legal,64114.89,4,4.48,32,Male,Caucasian,2022-02-20,,9.0,5.0,4.0,0,1.135,3+ Years (Tenured),0
142,Legal,Associate,Associate - Legal,65492.0,3,2.3,60,Other,Hispanic,2021-11-03,2024-02-20,6.0,8.0,5.0,1,1.159,1-3 Years (Mid-Tenure),0
89,Legal,Associate,Associate - Legal,43127.38,3,2.25,52,Male,Hispanic,2024-05-14,,6.0,2.0,7.0,0,0.763,1-3 Years (Mid-Tenure),0
80,Legal,Associate,Associate - Legal,52150.95,3,3.97,44,Female,Hispanic,2022-08-27,,4.0,7.0,5.0,0,0.923,3+ Years (Tenured),0
3564,Legal,Associate,Associate - Legal,62269.35,3,0.25,33,Female,African American,2023-04-14,2023-07-16,6.0,5.0,5.0,1,1.102,0-1 Year (Onboarding),0
2076,Legal,Associate,Associate - Legal,45583.04,1,1.67,43,Female,Asian,2021-11-16,2023-07-20,6.0,5.0,5.0,1,0.807,1-3 Years (Mid-Tenure),0
4093,Legal,Associate,Associate - Legal,66911.37,3,4.05,32,Other,Two or More,2022-07-30,,6.0,8.0,9.99,0,1.184,3+ Years (Tenured),0
2398,Legal,Associate,Associate - Legal,55701.13,3,1.86,51,Other,Asian,2024-10-04,,5.0,6.0,1.0,0,0.986,1-3 Years (Mid-Tenure),0
2396,Legal,Associate,Associate - Legal,43117.81,4,1.94,39,Female,Asian,2024-09-07,,7.0,9.0,2.0,0,0.763,1-3 Years (Mid-Tenure),0
841,Legal,Associate,Associate - Legal,46856.96,3,1.85,45,Female,Two or More,2024-10-09,,8.0,3.0,1.0,0,0.829,1-3 Years (Mid-Tenure),0
386,Legal,Associate,Associate - Legal,62604.32,3,3.55,28,Male,African American,2023-01-26,,1.0,5.0,5.0,0,1.108,3+ Years (Tenured),0
801,Legal,Associate,Associate - Legal,43072.19,3,2.95,46,Other,Hispanic,2023-09-02,,2.0,5.0,4.0,0,0.762,1-3 Years (Mid-Tenure),0
385,Legal,Associate,Associate - Legal,56500.66,5,3.82,51,Other,Hispanic,2022-10-20,,2.0,1.0,5.0,0,1.0,3+ Years (Tenured),1
1796,Legal,Associate,Associate - Legal,42104.56,3,0.49,35,Male,Two or More,2026-02-18,,8.0,9.0,4.0,0,0.745,0-1 Year (Onboarding),0
1794,Legal,Associate,Associate - Legal,43280.82,2,0.82,33,Female,Caucasian,2025-05-29,2026-03-24,8.0,4.0,3.0,1,0.766,0-1 Year (Onboarding),0
3097,Legal,Associate,Associate - Legal,65336.26,4,4.62,53,Non-Binary,Hispanic,2021-12-31,,6.0,8.0,4.0,0,1.156,3+ Years (Tenured),0
992,Legal,Associate,Associate - Legal,46776.13,3,3.68,40,Non-Binary,Asian,2022-12-10,,8.0,8.0,5.0,0,0.828,3+ Years (Tenured),0
449,Legal,Associate,Associate - Legal,47812.22,5,4.07,34,Non-Binary,African American,2022-07-22,,8.0,6.0,5.0,0,0.846,3+ Years (Tenured),0
3966,Legal,Associate,Associate - Legal,40141.05,4,3.49,37,Female,Two or More,2023-02-19,,8.0,5.0,5.0,0,0.71,3+ Years (Tenured),0
267,Legal,Associate,Associate - Legal,51528.29,1,2.78,42,Female,Two or More,2022-11-29,2025-09-09,9.0,7.0,9.0,1,0.912,1-3 Years (Mid-Tenure),0
4241,Legal,Associate,Associate - Legal,59212.47,5,0.85,29,Non-Binary,Asian,2025-10-08,,9.0,9.99,6.0,0,1.048,0-1 Year (Onboarding),0
3282,Legal,Associate,Associate - Legal,74877.15,4,0.73,50,Female,Asian,2025-11-20,,8.0,7.0,5.0,0,1.325,0-1 Year (Onboarding),0
1085,Legal,Associate,Associate - Legal,51370.23,3,4.85,22,Female,African American,2021-10-11,,5.0,2.0,2.0,0,0.909,3+ Years (Tenured),0
513,Legal,Associate,Associate - Legal,63845.26,3,3.17,42,Other,Caucasian,2023-06-15,,9.99,6.0,8.0,0,1.13,3+ Years (Tenured),0
578,Legal,Associate,Associate - Legal,53753.25,1,0.58,39,Non-Binary,Hispanic,2026-01-16,,5.0,1.0,5.0,0,0.951,0-1 Year (Onboarding),0
2088,Legal,Associate,Associate - Legal,45758.0,5,4.44,43,Other,Caucasian,2022-03-08,,3.0,1.0,1.0,0,0.81,3+ Years (Tenured),1
96,Legal,Associate,Associate - Legal,45013.27,3,2.5,31,Non-Binary,Hispanic,2024-02-13,,6.0,9.0,3.0,0,0.797,1-3 Years (Mid-Tenure),0
2768,Legal,Associate,Associate - Legal,68489.4,4,4.04,47,,Caucasian,2022-08-03,,6.0,8.0,9.0,0,1.212,3+ Years (Tenured),0
3301,Legal,Associate,Associate - Legal,48878.61,3,3.99,32,Male,Hispanic,2022-08-21,,8.0,7.0,9.0,0,0.865,3+ Years (Tenured),0
2157,Legal,Associate,Associate - Legal,44416.06,2,2.25,43,Other,Asian,2022-12-20,2025-03-21,4.0,2.0,4.0,1,0.786,1-3 Years (Mid-Tenure),0
2172,Legal,Associate,Associate - Legal,65446.21,3,4.28,33,Male,African American,2022-05-06,,3.0,4.0,6.0,0,1.158,3+ Years (Tenured),0
1037,Legal,Associate,Associate - Legal,47824.84,5,4.36,31,Other,Two or More,2022-04-07,,9.99,9.99,7.0,0,0.846,3+ Years (Tenured),0
327,Legal,Associate,Associate - Legal,59263.39,2,1.28,33,Female,Hispanic,2025-05-05,,9.99,9.99,9.0,0,1.049,1-3 Years (Mid-Tenure),0
4019,Legal,Associate,Associate - Legal,67622.33,5,4.6,40,Male,Hispanic,2021-10-31,2026-06-07,9.0,9.99,9.0,1,1.197,3+ Years (Tenured),0
2163,Legal,Associate,Associate - Legal,64802.2,4,3.93,36,,Caucasian,2022-09-09,,9.99,4.0,5.0,0,1.147,3+ Years (Tenured),0
2490,Legal,Associate,Associate - Legal,53097.45,5,3.37,46,Male,Caucasian,2023-04-04,,5.0,4.0,6.0,0,0.94,3+ Years (Tenured),0
3275,Legal,Associate,Associate - Legal,48627.36,3,0.76,45,Female,Hispanic,2025-11-12,,3.0,6.0,8.0,0,0.861,0-1 Year (Onboarding),0
3075,Legal,Associate,Associate - Legal,67928.27,3,1.93,59,Other,Caucasian,2024-09-09,,9.0,6.0,6.0,0,1.202,1-3 Years (Mid-Tenure),0
2352,Legal,Associate,Associate - Legal,70617.43,3,1.97,46,Male,African American,2024-08-26,,6.0,3.0,4.0,0,1.25,1-3 Years (Mid-Tenure),0
372,Legal,Associate,Associate - Legal,54718.94,1,2.59,55,Non-Binary,Two or More,2023-08-19,2026-03-22,3.0,3.0,1.0,1,0.968,1-3 Years (Mid-Tenure),0
325,Legal,Associate,Associate - Legal,65955.99,1,1.28,59,Other,Caucasian,2024-11-17,2026-03-01,2.0,2.0,2.0,1,1.167,1-3 Years (Mid-Tenure),0
2368,Legal,Associate,Associate - Legal,49739.21,3,3.71,37,Non-Binary,Caucasian,2022-11-30,,1.0,4.0,1.0,0,0.88,3+ Years (Tenured),0
1167,Legal,Associate,Associate - Legal,42482.06,5,3.96,41,Other,Hispanic,2022-08-29,,9.0,7.0,9.99,0,0.752,3+ Years (Tenured),0
2751,Legal,Associate,Associate - Legal,70889.67,3,0.13,37,Male,African American,2026-06-27,,6.0,5.0,5.0,0,1.255,0-1 Year (Onboarding),0
371,Legal,Associate,Associate - Legal,53840.35,3,3.52,34,Other,African American,2023-02-08,,9.99,7.0,9.99,0,0.953,3+ Years (Tenured),0
1645,Legal,Associate,Associate - Legal,70107.94,3,4.95,42,Other,African American,2021-09-05,,8.0,6.0,2.0,0,1.241,3+ Years (Tenured),0
3438,Legal,Associate,Associate - Legal,61130.52,3,4.45,43,Non-Binary,Hispanic,2022-03-03,,6.0,2.0,1.0,0,1.082,3+ Years (Tenured),0
4026,Legal,Associate,Associate - Legal,55463.01,3,3.93,43,Other,Two or More,2022-09-09,,3.0,6.0,6.0,0,0.982,3+ Years (Tenured),0
2756,Legal,Associate,Associate - Legal,72963.91,3,2.39,35,Male,Asian,2022-07-27,2024-12-14,2.0,3.0,1.0,1,1.291,1-3 Years (Mid-Tenure),0
1322,Legal,Associate,Associate - Legal,56815.61,3,3.69,32,Other,Caucasian,2022-12-06,,8.0,6.0,8.0,0,1.006,3+ Years (Tenured),0
1723,Legal,Associate,Associate - Legal,47131.21,3,3.24,51,Other,Hispanic,2023-05-21,,7.0,9.0,6.0,0,0.834,3+ Years (Tenured),0
2134,Legal,Associate,Associate - Legal,55756.46,1,3.75,32,Female,African American,2022-11-17,,4.0,8.0,4.0,0,0.987,3+ Years (Tenured),0
1079,Legal,Associate,Associate - Legal,55278.45,4,4.82,42,Non-Binary,Asian,2021-10-19,,3.0,1.0,1.0,0,0.978,3+ Years (Tenured),1
40,Legal,Associate,Associate - Legal,50253.21,2,1.12,56,Non-Binary,Asian,2025-07-02,,7.0,5.0,2.0,0,0.889,1-3 Years (Mid-Tenure),0
1749,Legal,Associate,Associate - Legal,57973.69,4,3.2,41,Other,African American,2023-06-04,,4.0,5.0,5.0,0,1.026,3+ Years (Tenured),1
3566,Legal,Associate,Associate - Legal,53074.55,3,3.95,21,Male,Hispanic,2022-09-02,,9.99,9.0,7.0,0,0.939,3+ Years (Tenured),0
4052,Legal,Associate,Associate - Legal,65662.78,4,3.43,38,Other,Asian,2023-03-11,,7.0,9.99,7.0,0,1.162,3+ Years (Tenured),0
4421,Legal,Associate,Associate - Legal,55569.94,1,3.84,45,Male,Hispanic,2022-10-14,,5.0,3.0,3.0,0,0.983,3+ Years (Tenured),0
4351,Legal,Associate,Associate - Legal,62341.55,4,4.92,56,Other,Hispanic,2021-09-16,,5.0,9.99,2.0,0,1.103,3+ Years (Tenured),0
4428,Legal,Associate,Associate - Legal,47657.58,3,1.65,31,Male,Two or More,2024-12-22,,9.0,1.0,3.0,0,0.843,1-3 Years (Mid-Tenure),0
1607,Legal,Associate,Associate - Legal,55624.94,4,2.87,51,Male,Hispanic,2023-10-01,,9.99,7.0,4.0,0,0.984,1-3 Years (Mid-Tenure),0
1026,Legal,Associate,Associate - Legal,65278.2,3,3.25,45,Female,Two or More,2023-05-15,,4.0,8.0,7.0,0,1.155,3+ Years (Tenured),0
2343,Legal,Associate,Associate - Legal,44904.19,1,2.51,39,Non-Binary,Asian,2022-04-13,2024-10-14,4.0,1.0,4.0,1,0.795,1-3 Years (Mid-Tenure),0
3782,Legal,Associate,Associate - Legal,49848.84,1,4.99,62,Other,African American,2021-08-20,,9.0,6.0,9.0,0,0.882,3+ Years (Tenured),0
3455,Legal,Associate,Associate - Legal,73070.2,3,1.53,25,Non-Binary,African American,2022-08-20,2024-02-29,6.0,5.0,5.0,1,1.293,1-3 Years (Mid-Tenure),0
2150,Legal,Associate,Associate - Legal,46973.15,4,3.85,34,Other,Hispanic,2022-10-09,,5.0,1.0,8.0,0,0.831,3+ Years (Tenured),0
3427,Legal,Associate,Associate - Legal,59033.54,5,1.75,33,Other,African American,2024-06-04,2026-03-04,7.0,9.99,9.99,1,1.045,1-3 Years (Mid-Tenure),0
3081,Legal,Associate,Associate - Legal,65909.03,3,0.72,34,Other,Asian,2025-11-25,,3.0,5.0,3.0,0,1.166,0-1 Year (Onboarding),0
772,Legal,Associate,Associate - Legal,40578.75,5,4.33,43,Non-Binary,Caucasian,2022-04-18,,6.0,7.0,2.0,0,0.718,3+ Years (Tenured),0
1072,Legal,Associate,Associate - Legal,63538.64,3,2.81,35,Other,Hispanic,2023-09-16,2026-07-08,9.99,5.0,5.0,1,1.124,1-3 Years (Mid-Tenure),0
310,Legal,Associate,Associate - Legal,46432.48,4,1.76,54,Other,Two or More,2024-05-28,2026-03-01,8.0,8.0,6.0,1,0.822,1-3 Years (Mid-Tenure),0
3310,Legal,Associate,Associate - Legal,66801.98,2,2.35,64,Other,Asian,2024-04-11,,7.0,4.0,5.0,0,1.182,1-3 Years (Mid-Tenure),0
2770,Legal,Associate,Associate - Legal,42007.04,3,0.83,37,Other,African American,2025-10-16,,7.0,9.99,9.0,0,0.743,0-1 Year (Onboarding),0
468,Legal,Associate,Associate - Legal,55439.21,2,0.37,54,Male,African American,2021-12-18,2022-05-02,6.0,5.0,5.0,1,0.981,0-1 Year (Onboarding),0
3041,Legal,Associate,Associate - Legal,60908.82,3,1.8,34,Female,Asian,2024-10-26,,5.0,7.0,6.0,0,1.078,1-3 Years (Mid-Tenure),0
1924,Legal,Associate,Associate - Legal,54941.23,3,4.82,34,Non-Binary,Caucasian,2021-10-20,,7.0,4.0,9.0,0,0.972,3+ Years (Tenured),0
3248,Legal,Associate,Associate - Legal,52041.38,3,4.4,21,Other,Caucasian,2022-03-22,,6.0,5.0,3.0,0,0.921,3+ Years (Tenured),0
3908,Legal,Associate,Associate - Legal,64335.4,5,3.93,33,Female,Asian,2022-09-11,,2.0,5.0,2.0,0,1.139,3+ Years (Tenured),1
1467,Legal,Associate,Associate - Legal,60022.63,2,3.57,56,,Asian,2023-01-21,,5.0,3.0,6.0,0,1.062,3+ Years (Tenured),0
2022,Legal,Associate,Associate - Legal,70652.21,2,2.54,22,Male,African American,2024-01-31,,4.0,4.0,8.0,0,1.25,1-3 Years (Mid-Tenure),0
3727,Legal,Associate,Associate - Legal,72533.79,2,5.04,23,Other,Hispanic,2021-08-03,,5.0,1.0,6.0,0,1.284,3+ Years (Tenured),0
3602,Legal,Associate,Associate - Legal,69473.44,4,2.33,50,Male,Hispanic,2024-04-16,,1.0,1.0,1.0,0,1.23,1-3 Years (Mid-Tenure),1
1471,Legal,Associate,Associate - Legal,43458.38,1,1.5,41,Non-Binary,,2025-02-12,,6.0,1.0,5.0,0,0.769,1-3 Years (Mid-Tenure),0
1906,Legal,Associate,Associate - Legal,54463.85,5,3.24,42,Male,African American,2023-05-19,,4.0,9.99,9.0,0,0.964,3+ Years (Tenured),1
3290,Legal,Associate,Associate - Legal,68028.1,3,0.73,36,Female,African American,2025-11-20,,2.0,3.0,2.0,0,1.204,0-1 Year (Onboarding),0
1121,Legal,Associate,Associate - Legal,70437.45,3,0.52,42,Female,Two or More,2026-02-07,,4.0,5.0,3.0,0,1.247,0-1 Year (Onboarding),0
1904,Legal,Associate,Associate - Legal,73477.37,3,1.93,33,Non-Binary,African American,2024-09-09,,6.0,4.0,1.0,0,1.3,1-3 Years (Mid-Tenure),0
2973,Legal,Associate,Associate - Legal,62585.21,3,0.15,44,Male,Two or More,2026-06-22,,6.0,5.0,5.0,0,1.108,0-1 Year (Onboarding),0
2027,Legal,Associate,Associate - Legal,41926.04,4,4.08,42,Female,Hispanic,2022-07-17,,9.99,9.99,8.0,0,0.742,3+ Years (Tenured),0
2622,Legal,Associate,Associate - Legal,50068.49,4,0.83,25,Other,Asian,2025-10-15,,7.0,2.0,5.0,0,0.886,0-1 Year (Onboarding),0
3012,Legal,Associate,Associate - Legal,64215.29,3,4.58,48,Other,Hispanic,2022-01-15,,7.0,5.0,8.0,0,1.136,3+ Years (Tenured),0
2404,Legal,Associate,Associate - Legal,54055.89,3,2.68,46,Male,Two or More,2023-12-09,,9.99,8.0,7.0,0,0.957,1-3 Years (Mid-Tenure),0
3916,Legal,Associate,Associate - Legal,48169.7,5,0.71,43,Other,African American,2025-11-28,,7.0,7.0,8.0,0,0.852,0-1 Year (Onboarding),0
1485,Legal,Associate,Associate - Legal,43803.71,3,2.72,42,Non-Binary,African American,2023-11-28,,2.0,1.0,4.0,0,0.775,1-3 Years (Mid-Tenure),0
1890,Legal,Associate,Associate - Legal,62231.57,4,2.67,31,Male,African American,2023-12-13,,7.0,8.0,7.0,0,1.101,1-3 Years (Mid-Tenure),0
2975,Legal,Associate,Associate - Legal,61968.19,3,0.48,30,Other,Two or More,2025-03-25,2025-09-18,6.0,5.0,5.0,1,1.097,0-1 Year (Onboarding),0
789,Legal,Associate,Associate - Legal,74909.93,3,2.54,40,Male,Caucasian,2024-02-01,,9.0,9.0,4.0,0,1.326,1-3 Years (Mid-Tenure),0
4434,Legal,Associate,Associate - Legal,59907.85,2,4.25,27,Non-Binary,Two or More,2022-05-15,,3.0,1.0,6.0,0,1.06,3+ Years (Tenured),0
1986,Legal,Associate,Associate - Legal,58323.15,2,2.0,27,Non-Binary,Caucasian,2024-08-14,,5.0,3.0,5.0,0,1.032,1-3 Years (Mid-Tenure),0
1179,Legal,Associate,Associate - Legal,41666.68,2,2.33,35,Female,Two or More,2024-04-18,,2.0,2.0,1.0,0,0.737,1-3 Years (Mid-Tenure),0
157,Legal,Associate,Associate - Legal,63414.17,5,1.28,53,,African American,2025-05-03,,9.0,9.99,9.99,0,1.122,1-3 Years (Mid-Tenure),0
3747,Legal,Associate,Associate - Legal,61385.78,3,1.82,35,Other,Asian,2024-10-20,,6.0,4.0,6.0,0,1.086,1-3 Years (Mid-Tenure),0
2234,Legal,Associate,Associate - Legal,70406.3,3,1.5,57,Non-Binary,Asian,2025-02-15,,5.0,5.0,4.0,0,1.246,1-3 Years (Mid-Tenure),0
2235,Legal,Associate,Associate - Legal,72853.59,4,0.24,28,Other,Caucasian,2026-05-19,,2.0,7.0,6.0,0,1.289,0-1 Year (Onboarding),1
4290,Legal,Associate,Associate - Legal,45690.46,3,4.05,47,Other,African American,2022-07-29,,1.0,4.0,1.0,0,0.809,3+ Years (Tenured),0
1974,Legal,Associate,Associate - Legal,54032.15,3,1.6,45,Non-Binary,African American,2024-11-28,2026-07-04,5.0,5.0,1.0,1,0.956,1-3 Years (Mid-Tenure),0
1972,Legal,Associate,Associate - Legal,53090.47,3,2.21,66,Non-Binary,Asian,2022-01-08,2024-03-23,6.0,5.0,5.0,1,0.94,1-3 Years (Mid-Tenure),0
3547,Legal,Associate,Associate - Legal,64081.09,3,2.04,41,Other,Asian,2024-03-22,2026-04-04,7.0,6.0,4.0,1,1.134,1-3 Years (Mid-Tenure),0
2625,Legal,Associate,Associate - Legal,42401.52,3,0.17,47,Non-Binary,Hispanic,2026-06-13,,7.0,7.0,4.0,0,0.75,0-1 Year (Onboarding),0
2603,Legal,Associate,Associate - Legal,53860.49,2,0.27,21,Non-Binary,African American,2026-05-08,,6.0,5.0,5.0,0,0.953,0-1 Year (Onboarding),0
4144,Legal,Associate,Associate - Legal,71570.46,4,0.17,41,Non-Binary,Caucasian,2026-06-14,,6.0,5.0,5.0,0,1.267,0-1 Year (Onboarding),0
1943,Legal,Associate,Associate - Legal,69868.22,4,5.03,44,Female,Asian,2021-08-06,,4.0,5.0,6.0,0,1.237,3+ Years (Tenured),1
2447,Legal,Associate,Associate - Legal,72530.57,3,4.45,39,Other,Caucasian,2022-03-03,,7.0,7.0,6.0,0,1.284,3+ Years (Tenured),0
2969,Legal,Associate,Associate - Legal,40949.61,2,0.69,24,Male,Hispanic,2025-12-05,,8.0,8.0,7.0,0,0.725,0-1 Year (Onboarding),0
3525,Legal,Associate,Associate - Legal,45483.46,5,2.45,47,Female,Two or More,2024-03-05,,7.0,6.0,5.0,0,0.805,1-3 Years (Mid-Tenure),0
3246,Legal,Associate,Associate - Legal,43746.95,1,1.48,25,Female,Two or More,2025-02-21,,5.0,5.0,8.0,0,0.774,1-3 Years (Mid-Tenure),0
3387,Legal,Associate,Associate - Legal,57421.92,4,0.59,23,Female,Two or More,2023-05-21,2023-12-23,6.0,5.0,5.0,1,1.016,0-1 Year (Onboarding),0
3728,Legal,Associate,Associate - Legal,45409.18,5,1.04,39,Female,Caucasian,2025-08-01,,5.0,1.0,6.0,0,0.804,1-3 Years (Mid-Tenure),0
1927,Legal,Associate,Associate - Legal,57182.92,4,0.07,57,Male,African American,2026-07-22,,6.0,5.0,5.0,0,1.012,0-1 Year (Onboarding),0
1522,Legal,Associate,Associate - Legal,74356.63,2,5.04,54,,Caucasian,2021-07-31,,3.0,4.0,3.0,0,1.316,3+ Years (Tenured),0
1858,Legal,Associate,Associate - Legal,65764.13,5,1.39,45,Other,,2025-03-27,,2.0,1.0,4.0,0,1.164,1-3 Years (Mid-Tenure),1
1247,Legal,Associate,Associate - Legal,48926.6,4,4.98,32,Male,Hispanic,2021-08-24,,2.0,2.0,3.0,0,0.866,3+ Years (Tenured),1
1387,Legal,Associate,Associate - Legal,44260.22,5,0.55,31,Female,Two or More,2025-02-25,2025-09-14,1.0,1.0,4.0,1,0.783,0-1 Year (Onboarding),1
4109,Legal,Associate,Associate - Legal,57120.65,3,2.82,66,Male,Two or More,2023-10-21,,8.0,9.0,7.0,0,1.011,1-3 Years (Mid-Tenure),0
1850,Legal,Associate,Associate - Legal,54660.69,4,3.37,46,Female,African American,2023-04-04,,7.0,9.99,9.99,0,0.967,3+ Years (Tenured),0
3400,Legal,Associate,Associate - Legal,60723.8,3,3.97,36,Male,Asian,2022-08-28,,8.0,5.0,7.0,0,1.075,3+ Years (Tenured),0
1514,Legal,Associate,Associate - Legal,67968.6,1,4.74,29,Other,Two or More,2021-11-19,,4.0,6.0,4.0,0,1.203,3+ Years (Tenured),0
3126,Legal,Associate,Associate - Legal,72284.42,3,1.91,23,Other,African American,2024-09-16,,4.0,5.0,4.0,0,1.279,1-3 Years (Mid-Tenure),0
1843,Legal,Associate,Associate - Legal,40073.48,3,0.33,52,Male,African American,2026-04-17,,3.0,6.0,6.0,0,0.709,0-1 Year (Onboarding),0
1842,Legal,Associate,Associate - Legal,50968.91,2,4.04,22,Female,Hispanic,2022-07-31,,9.99,9.99,5.0,0,0.902,3+ Years (Tenured),0
560,Legal,Associate,Associate - Legal,47152.42,3,4.11,42,Male,African American,2022-07-08,,9.0,6.0,9.99,0,0.834,3+ Years (Tenured),0
4233,Legal,Associate,Associate - Legal,68855.06,4,0.49,33,Female,Asian,2026-02-17,,4.0,3.0,3.0,0,1.219,0-1 Year (Onboarding),1
4227,Legal,Associate,Associate - Legal,54499.59,2,1.86,45,Female,Asian,2024-10-04,,5.0,6.0,9.0,0,0.965,1-3 Years (Mid-Tenure),0
223,Legal,Associate,Associate - Legal,57490.7,3,3.78,38,Non-Binary,Hispanic,2022-11-06,,7.0,7.0,9.0,0,1.017,3+ Years (Tenured),0
357,Legal,Associate,Associate - Legal,58661.71,2,1.24,28,Male,African American,2025-05-19,,4.0,5.0,9.99,0,1.038,1-3 Years (Mid-Tenure),0
2468,Legal,Associate,Associate - Legal,62191.0,4,1.6,31,Non-Binary,African American,2025-01-09,,3.0,7.0,4.0,0,1.101,1-3 Years (Mid-Tenure),1
2203,Legal,Associate,Associate - Legal,46150.65,4,3.19,42,Other,Two or More,2023-06-09,,7.0,8.0,6.0,0,0.817,3+ Years (Tenured),0
3701,Legal,Associate,Associate - Legal,71062.61,4,3.37,39,Female,Asian,2023-04-03,,7.0,5.0,6.0,0,1.258,3+ Years (Tenured),0
3287,Legal,Associate,Associate - Legal,58281.81,3,0.22,49,Female,Asian,2026-05-27,,6.0,5.0,5.0,0,1.031,0-1 Year (Onboarding),0
333,Legal,Associate,Associate - Legal,64631.18,4,1.62,43,Other,Hispanic,2024-12-30,,5.0,6.0,2.0,0,1.144,1-3 Years (Mid-Tenure),0
183,Legal,Associate,Associate - Legal,58235.25,4,4.68,21,Female,Hispanic,2021-12-11,,4.0,4.0,4.0,0,1.031,3+ Years (Tenured),1
2669,Legal,Associate,Associate - Legal,49632.23,2,2.57,53,Female,African American,2024-01-20,,3.0,9.0,5.0,0,0.878,1-3 Years (Mid-Tenure),0
1819,Legal,Associate,Associate - Legal,54435.28,2,0.92,49,Non-Binary,Asian,2025-09-14,,6.0,6.0,5.0,0,0.963,0-1 Year (Onboarding),0
2813,Legal,Associate,Associate - Legal,71895.51,1,0.59,57,Female,Two or More,2026-01-11,,5.0,3.0,2.0,0,1.272,0-1 Year (Onboarding),0
2207,Legal,Associate,Associate - Legal,46377.38,3,0.15,40,Female,African American,2026-06-21,,6.0,5.0,5.0,0,0.821,0-1 Year (Onboarding),0
353,Legal,Associate,Associate - Legal,40103.03,4,2.16,32,Male,African American,2024-06-17,,4.0,4.0,8.0,0,0.71,1-3 Years (Mid-Tenure),1
2041,Legal,Associate,Associate - Legal,46274.24,2,1.67,39,Male,Two or More,2024-12-15,,4.0,3.0,7.0,0,0.819,1-3 Years (Mid-Tenure),0
3929,Legal,Associate,Associate - Legal,65659.1,4,3.77,30,Female,African American,2022-11-07,,6.0,4.0,7.0,0,1.162,3+ Years (Tenured),0
2976,Legal,Associate,Associate - Legal,63592.92,5,1.75,47,Female,Caucasian,2024-07-04,2026-04-03,5.0,5.0,4.0,1,1.125,1-3 Years (Mid-Tenure),0
4114,Legal,Associate,Associate - Legal,55772.55,3,3.98,54,Male,Two or More,2022-08-24,,7.0,7.0,6.0,0,0.987,3+ Years (Tenured),0
4168,Legal,Associate,Associate - Legal,41900.04,3,2.53,25,,Hispanic,2024-02-05,,9.0,6.0,9.99,0,0.742,1-3 Years (Mid-Tenure),0
656,Legal,Associate,Associate - Legal,48954.96,2,0.08,34,Non-Binary,Hispanic,2026-05-15,2026-06-14,6.0,5.0,5.0,1,0.866,0-1 Year (Onboarding),0
961,Legal,Associate,associate - legal,43501.0,4,1.35,30,Other,Hispanic,2025-04-11,,5.0,4.0,5.0,0,0.77,1-3 Years (Mid-Tenure),0
2977,Legal,Associate,Associate - Legal,51964.16,4,4.79,26,Non-Binary,Two or More,2021-11-01,,9.0,8.0,9.99,0,0.92,3+ Years (Tenured),0
684,Legal,Domain Director,Domain Director - Legal,135733.45,3,1.67,47,Female,Two or More,2024-12-12,,5.0,3.0,3.0,0,1.008,1-3 Years (Mid-Tenure),0
432,Legal,Domain Director,Domain Director - Legal,133578.52,4,2.31,43,,Caucasian,2024-04-24,,1.0,2.0,4.0,0,0.992,1-3 Years (Mid-Tenure),1
2694,Legal,Executive Director,Executive Director - Legal,192280.2,4,1.54,34,Female,Caucasian,2025-01-29,,5.0,8.0,5.0,0,1.0,1-3 Years (Mid-Tenure),0
2703,Legal,Manager,Manager - Legal,116659.09,4,4.75,42,Male,Two or More,2021-11-15,,3.0,4.0,3.0,0,1.216,3+ Years (Tenured),1
4431,Legal,Manager,Manager - Legal,78487.05,3,0.26,38,Female,Hispanic,2026-03-12,2026-06-16,9.99,9.99,7.0,1,0.818,0-1 Year (Onboarding),0
4377,Legal,Manager,Manager - Legal,76695.79,2,0.69,43,Other,African American,2024-06-03,2025-02-11,6.0,5.0,5.0,1,0.799,0-1 Year (Onboarding),0
137,Legal,Manager,Manager - Legal,79362.71,4,1.61,45,Non-Binary,Caucasian,2025-01-03,,7.0,4.0,1.0,0,0.827,1-3 Years (Mid-Tenure),0
2759,Legal,Manager,Manager - Legal,87558.53,5,4.3,27,Non-Binary,Caucasian,2022-04-29,,4.0,8.0,3.0,0,0.912,3+ Years (Tenured),1
264,Legal,Manager,Manager - Legal,118324.81,2,2.52,45,Female,Two or More,2024-02-07,,9.0,4.0,6.0,0,1.233,1-3 Years (Mid-Tenure),0
555,Legal,Manager,Manager - Legal,98322.88,4,1.2,21,Other,Hispanic,2025-06-04,,4.0,8.0,2.0,0,1.025,1-3 Years (Mid-Tenure),1
3339,Legal,Manager,Manager - Legal,113824.44,4,2.41,34,Non-Binary,Caucasian,2024-03-20,,9.99,9.99,9.99,0,1.186,1-3 Years (Mid-Tenure),0
3038,Legal,Manager,Manager - Legal,106526.45,1,3.5,48,Male,Two or More,2023-02-15,,9.99,9.0,9.99,0,1.11,3+ Years (Tenured),0
3415,Legal,Manager,Manager - Legal,70353.2,3,3.18,44,Other,Two or More,2023-06-11,,1.0,2.0,1.0,0,0.733,3+ Years (Tenured),0
3004,Legal,Manager,Manager - Legal,109502.71,3,4.28,45,Male,Caucasian,2022-05-05,,7.0,6.0,2.0,0,1.141,3+ Years (Tenured),0
3266,Legal,Supervisor/Lead,Supervisor/Lead - Legal,89849.63,2,2.74,34,Male,Asian,2023-11-20,,7.0,5.0,7.0,0,1.29,1-3 Years (Mid-Tenure),0
3261,Legal,Supervisor/Lead,Supervisor/Lead - Legal,55103.53,4,3.94,37,Other,Hispanic,2022-09-08,,1.0,1.0,1.0,0,0.791,3+ Years (Tenured),1
2689,Legal,Supervisor/Lead,Supervisor/Lead - Legal,59474.87,3,2.8,46,Other,Asian,2023-10-29,,8.0,7.0,6.0,0,0.854,1-3 Years (Mid-Tenure),0
3903,Legal,Supervisor/Lead,Supervisor/Lead - Legal,84793.83,5,4.34,40,Non-Binary,Hispanic,2022-04-14,,5.0,4.0,1.0,0,1.218,3+ Years (Tenured),0
1995,Legal,Supervisor/Lead,Supervisor/Lead - Legal,88783.31,3,1.63,58,Other,Hispanic,2024-12-27,,4.0,8.0,1.0,0,1.275,1-3 Years (Mid-Tenure),0
4000,Legal,Supervisor/Lead,Supervisor/Lead - Legal,59883.73,1,3.45,44,Male,Asian,2022-08-24,2026-02-03,4.0,2.0,5.0,1,0.86,3+ Years (Tenured),0
1761,Legal,Supervisor/Lead,Supervisor/Lead - Legal,85887.43,3,0.15,39,Female,African American,2026-06-22,,6.0,5.0,5.0,0,1.233,0-1 Year (Onboarding),0
3848,Legal,Supervisor/Lead,Supervisor/Lead - Legal,61616.04,2,0.59,49,Female,Asian,2024-10-19,2025-05-23,4.0,7.0,6.0,1,0.885,0-1 Year (Onboarding),0
1968,Legal,Supervisor/Lead,Supervisor/Lead - Legal,74026.39,5,4.19,37,Other,Two or More,2022-06-06,,9.0,8.0,7.0,0,1.063,3+ Years (Tenured),0
3855,Legal,Supervisor/Lead,Supervisor/Lead - Legal,68766.14,5,0.55,41,Male,Asian,2026-01-28,,8.0,3.0,6.0,0,0.988,0-1 Year (Onboarding),0
3853,Legal,Supervisor/Lead,Supervisor/Lead - Legal,69644.99,1,0.64,28,Female,Two or More,2025-12-24,,3.0,7.0,1.0,0,1.0,0-1 Year (Onboarding),0
2349,Legal,Supervisor/Lead,Supervisor/Lead - Legal,59476.22,3,3.98,39,Male,African American,2022-08-24,,9.99,6.0,1.0,0,0.854,3+ Years (Tenured),0
2043,Legal,Supervisor/Lead,Supervisor/Lead - Legal,75205.26,2,1.6,41,Female,Asian,2025-01-08,,7.0,6.0,3.0,0,1.08,1-3 Years (Mid-Tenure),0
273,Legal,Supervisor/Lead,Supervisor/Lead - Legal,62084.07,4,2.96,39,Male,Hispanic,2023-08-29,,2.0,6.0,7.0,0,0.892,1-3 Years (Mid-Tenure),1
2777,Legal,Supervisor/Lead,Supervisor/Lead - Legal,66115.62,3,0.11,62,Non-Binary,Hispanic,2026-07-05,,6.0,5.0,5.0,0,0.95,0-1 Year (Onboarding),0
1221,Legal,Supervisor/Lead,Supervisor/Lead - Legal,75795.76,3,0.08,23,Female,,2026-03-05,2026-04-05,6.0,5.0,5.0,1,1.089,0-1 Year (Onboarding),0
2950,Legal,Supervisor/Lead,Supervisor/Lead - Legal,67801.77,4,2.69,39,Other,African American,2023-12-08,,5.0,7.0,3.0,0,0.974,1-3 Years (Mid-Tenure),0
364,Legal,Supervisor/Lead,Supervisor/Lead - Legal,73345.68,2,2.75,21,Other,Asian,2023-11-14,,7.0,4.0,7.0,0,1.053,1-3 Years (Mid-Tenure),0
1570,Legal,Supervisor/Lead,Supervisor/Lead - Legal,56417.08,5,4.04,32,Male,Asian,2022-08-03,,7.0,3.0,4.0,0,0.81,3+ Years (Tenured),0
1068,Legal,Supervisor/Lead,Supervisor/Lead - Legal,89881.21,3,1.45,38,Non-Binary,African American,2025-03-02,,6.0,7.0,2.0,0,1.291,1-3 Years (Mid-Tenure),0
1363,Legal,Supervisor/Lead,Supervisor/Lead - Legal,76746.44,3,0.93,39,Other,African American,2025-09-09,,7.0,5.0,4.0,0,1.102,0-1 Year (Onboarding),0
42,Legal,Supervisor/Lead,Supervisor/Lead - Legal,65694.33,3,2.67,42,,Two or More,2023-12-13,,7.0,6.0,6.0,0,0.943,1-3 Years (Mid-Tenure),0
4151,Legal,Supervisor/Lead,Supervisor/Lead - Legal,73513.8,4,5.04,46,Non-Binary,Caucasian,2021-08-01,,7.0,9.99,9.99,0,1.056,3+ Years (Tenured),0
1424,Legal,Supervisor/Lead,Supervisor/Lead - Legal,63317.55,2,1.94,26,Other,Two or More,2023-03-16,2025-02-21,1.0,1.0,2.0,1,0.909,1-3 Years (Mid-Tenure),0
4087,Legal,Supervisor/Lead,Supervisor/Lead - Legal,55695.58,1,1.61,36,Non-Binary,Caucasian,2021-09-04,2023-04-14,6.0,5.0,5.0,1,0.8,1-3 Years (Mid-Tenure),0
220,Legal,Supervisor/Lead,Supervisor/Lead - Legal,56415.8,2,2.26,40,Male,Two or More,2024-05-12,,6.0,5.0,1.0,0,0.81,1-3 Years (Mid-Tenure),0
1202,Legal,Supervisor/Lead,Supervisor/Lead - Legal,64720.54,3,1.56,38,Male,Asian,2024-10-30,2026-05-23,3.0,1.0,1.0,1,0.929,1-3 Years (Mid-Tenure),0
4153,Marketing,Assistant Manager,Assistant Manager - Marketing,73685.06,4,4.51,34,Other,Caucasian,2022-02-10,,6.0,4.0,1.0,0,0.995,3+ Years (Tenured),0
1668,Marketing,Assistant Manager,Assistant Manager - Marketing,71656.36,4,5.05,40,Male,Two or More,2021-07-29,,9.0,9.0,4.0,0,0.968,3+ Years (Tenured),0
2606,Marketing,Assistant Manager,Assistant Manager - Marketing,97721.14,2,2.16,57,Female,Two or More,2022-02-06,2024-04-03,6.0,5.0,5.0,1,1.319,1-3 Years (Mid-Tenure),0
3435,Marketing,Assistant Manager,Assistant Manager - Marketing,66038.83,3,0.69,33,Other,Hispanic,2025-12-06,,6.0,1.0,5.0,0,0.892,0-1 Year (Onboarding),0
3753,Marketing,Assistant Manager,Assistant Manager - Marketing,85547.45,3,3.9,25,Non-Binary,Hispanic,2022-09-21,,9.99,9.0,7.0,0,1.155,3+ Years (Tenured),0
604,Marketing,Assistant Manager,Assistant Manager - Marketing,62463.69,3,2.56,39,Non-Binary,Asian,2024-01-25,,6.0,4.0,5.0,0,0.843,1-3 Years (Mid-Tenure),0
903,Marketing,Assistant Manager,Assistant Manager - Marketing,72018.21,3,3.14,48,Non-Binary,African American,2023-06-26,,8.0,4.0,8.0,0,0.972,3+ Years (Tenured),0
2537,Marketing,Assistant Manager,Assistant Manager - Marketing,72571.03,4,1.32,37,Female,Asian,2025-04-19,,7.0,5.0,5.0,0,0.98,1-3 Years (Mid-Tenure),0
771,Marketing,Assistant Manager,Assistant Manager - Marketing,64840.37,1,1.87,55,Other,African American,2024-04-03,2026-02-14,8.0,1.0,4.0,1,0.876,1-3 Years (Mid-Tenure),0
2866,Marketing,Associate,Associate - Marketing,45581.21,3,2.11,32,Other,Caucasian,2024-07-05,,9.99,8.0,6.0,0,0.808,1-3 Years (Mid-Tenure),0
1472,Marketing,Associate,Associate - Marketing,62161.91,5,1.61,48,Male,Hispanic,2025-01-05,,3.0,7.0,4.0,0,1.102,1-3 Years (Mid-Tenure),1
2621,Marketing,Associate,Associate - Marketing,56861.36,3,0.79,39,Other,African American,2025-10-30,,6.0,5.0,5.0,0,1.008,0-1 Year (Onboarding),0
3044,Marketing,Associate,Associate - Marketing,63932.08,5,0.46,40,Other,Caucasian,2022-02-14,2022-08-02,6.0,5.0,5.0,1,1.133,0-1 Year (Onboarding),0
3758,Marketing,Associate,Associate - Marketing,47980.06,1,0.44,37,Male,African American,2026-03-06,,5.0,2.0,4.0,0,0.85,0-1 Year (Onboarding),0
3042,Marketing,Associate,Associate - Marketing,66725.89,3,2.98,48,Other,Two or More,2023-08-22,,1.0,3.0,2.0,0,1.182,1-3 Years (Mid-Tenure),0
2846,Marketing,Associate,Associate - Marketing,42090.36,3,2.21,42,Female,African American,2024-05-31,,9.99,9.0,6.0,0,0.746,1-3 Years (Mid-Tenure),0
3381,Marketing,Associate,Associate - Marketing,71152.91,5,2.26,30,Other,African American,2024-05-11,,9.99,9.0,3.0,0,1.261,1-3 Years (Mid-Tenure),0
1306,Marketing,Associate,Associate - Marketing,71904.86,3,0.15,55,Female,Asian,2026-02-17,2026-04-14,6.0,5.0,5.0,1,1.274,0-1 Year (Onboarding),0
4426,Marketing,Associate,Associate - Marketing,40947.41,2,3.21,24,Male,Asian,2023-06-01,,3.0,1.0,3.0,0,0.726,3+ Years (Tenured),0
4203,Marketing,Associate,Associate - Marketing,69067.22,3,0.58,44,Other,,2026-01-16,,4.0,5.0,3.0,0,1.224,0-1 Year (Onboarding),0
1464,Marketing,Associate,Associate - Marketing,54446.99,4,0.7,52,Other,Two or More,2025-12-01,,2.0,4.0,7.0,0,0.965,0-1 Year (Onboarding),1
3183,Marketing,Associate,Associate - Marketing,44505.59,2,0.79,32,Female,Hispanic,2025-10-29,,1.0,1.0,1.0,0,0.789,0-1 Year (Onboarding),0
4199,Marketing,Associate,Associate - Marketing,65027.49,3,4.45,49,Male,Caucasian,2022-01-14,2026-06-27,7.0,7.0,7.0,1,1.152,3+ Years (Tenured),0
4297,Marketing,Associate,Associate - Marketing,47254.12,4,1.07,40,Non-Binary,,2025-07-19,,9.99,8.0,4.0,0,0.837,1-3 Years (Mid-Tenure),0
3596,Marketing,Associate,Associate - Marketing,52120.55,5,2.16,36,Female,Caucasian,2024-06-16,,8.0,6.0,1.0,0,0.924,1-3 Years (Mid-Tenure),0
488,Marketing,Associate,Associate - Marketing,47337.05,4,4.91,52,Male,Hispanic,2021-09-17,,5.0,4.0,2.0,0,0.839,3+ Years (Tenured),0
1916,Marketing,Associate,Associate - Marketing,55506.33,3,4.8,45,Other,African American,2021-10-27,,3.0,5.0,5.0,0,0.984,3+ Years (Tenured),0
1915,Marketing,Associate,Associate - Marketing,53397.27,1,0.19,40,Non-Binary,Asian,2026-06-07,,3.0,7.0,5.0,0,0.946,0-1 Year (Onboarding),0
63,Marketing,Associate,Associate - Marketing,74123.61,3,0.27,57,Female,African American,2024-08-20,2024-11-27,6.0,5.0,5.0,1,1.314,0-1 Year (Onboarding),0
4191,Marketing,Associate,Associate - Marketing,52720.79,3,4.3,38,Non-Binary,Two or More,2022-04-30,,8.0,6.0,9.0,0,0.934,3+ Years (Tenured),0
3250,Marketing,Associate,Associate - Marketing,66788.01,4,4.4,29,Other,Caucasian,2022-03-22,,8.0,4.0,5.0,0,1.184,3+ Years (Tenured),0
3039,Marketing,Associate,Associate - Marketing,59543.33,3,3.06,28,Female,Hispanic,2023-05-15,2026-06-04,6.0,5.0,3.0,1,1.055,3+ Years (Tenured),0
3595,Marketing,Associate,Associate - Marketing,68501.31,2,3.01,50,Male,Hispanic,2023-08-13,,7.0,5.0,9.0,0,1.214,3+ Years (Tenured),0
810,Marketing,Associate,Associate - Marketing,53072.07,3,1.2,32,Female,Asian,2025-06-03,,6.0,6.0,4.0,0,0.94,1-3 Years (Mid-Tenure),0
322,Marketing,Associate,Associate - Marketing,54962.3,4,0.99,33,Non-Binary,African American,2023-09-08,2024-09-02,4.0,4.0,3.0,1,0.974,0-1 Year (Onboarding),1
2852,Marketing,Associate,Associate - Marketing,49186.78,2,0.8,29,Other,Asian,2023-08-15,2024-06-03,6.0,2.0,9.99,1,0.872,0-1 Year (Onboarding),0
2821,Marketing,Associate,Associate - Marketing,46422.05,2,0.32,45,,Two or More,2026-04-19,,4.0,5.0,1.0,0,0.823,0-1 Year (Onboarding),0
473,Marketing,Associate,Associate - Marketing,43867.48,3,2.08,35,Male,Asian,2024-07-18,,3.0,6.0,3.0,0,0.777,1-3 Years (Mid-Tenure),0
1844,Marketing,Associate,Associate - Marketing,69621.58,4,4.05,34,Other,Caucasian,2022-07-27,,8.0,8.0,3.0,0,1.234,3+ Years (Tenured),0
4213,Marketing,Associate,Associate - Marketing,51089.35,4,3.91,53,Non-Binary,Two or More,2022-09-18,,7.0,5.0,8.0,0,0.905,3+ Years (Tenured),0
1269,Marketing,Associate,Associate - Marketing,43571.53,5,3.66,40,Other,Caucasian,2022-12-18,,6.0,5.0,5.0,0,0.772,3+ Years (Tenured),0
1518,Marketing,Associate,Associate - Marketing,45756.53,4,0.54,30,Male,African American,2025-06-15,2025-12-29,2.0,1.0,6.0,1,0.811,0-1 Year (Onboarding),1
714,Marketing,Associate,Associate - Marketing,71776.83,2,0.36,44,Male,Two or More,2025-06-07,2025-10-16,6.0,5.0,5.0,1,1.272,0-1 Year (Onboarding),0
2658,Marketing,Associate,Associate - Marketing,73022.99,3,4.04,29,Male,,2022-08-03,,3.0,2.0,1.0,0,1.294,3+ Years (Tenured),0
648,Marketing,Associate,Associate - Marketing,68899.6,3,4.6,27,Female,Asian,2022-01-10,,3.0,5.0,3.0,0,1.221,3+ Years (Tenured),0
1275,Marketing,Associate,Associate - Marketing,45292.7,5,3.94,32,Non-Binary,Two or More,2022-09-06,,7.0,9.0,6.0,0,0.803,3+ Years (Tenured),0
974,Marketing,Associate,Associate - Marketing,63976.05,3,1.27,46,Other,African American,2025-05-07,,7.0,7.0,9.0,0,1.134,1-3 Years (Mid-Tenure),0
2253,Marketing,Associate,Associate - Marketing,59496.85,2,4.74,50,Non-Binary,Caucasian,2021-11-19,,4.0,5.0,8.0,0,1.054,3+ Years (Tenured),0
1262,Marketing,Associate,Associate - Marketing,41918.49,3,1.53,40,Female,Two or More,2022-11-14,2024-05-24,5.0,5.0,6.0,1,0.743,1-3 Years (Mid-Tenure),0
2662,Marketing,Associate,Associate - Marketing,47123.98,5,3.98,29,Male,Two or More,2022-08-25,,6.0,3.0,2.0,0,0.835,3+ Years (Tenured),0
2439,Marketing,Associate,Associate - Marketing,69144.64,4,4.71,47,Other,Asian,2021-11-30,,2.0,1.0,2.0,0,1.225,3+ Years (Tenured),1
3726,Marketing,Associate,Associate - Marketing,60254.98,4,1.48,35,Other,African American,2025-02-19,,9.0,8.0,3.0,0,1.068,1-3 Years (Mid-Tenure),0
18,Marketing,Associate,Associate - Marketing,46118.51,4,0.46,38,Male,Hispanic,2025-10-21,2026-04-07,6.0,5.0,5.0,1,0.817,0-1 Year (Onboarding),0
240,Marketing,Associate,Associate - Marketing,44527.26,2,2.71,51,,Asian,2023-12-01,,5.0,4.0,7.0,0,0.789,1-3 Years (Mid-Tenure),0
2199,Marketing,Associate,Associate - Marketing,71955.98,1,3.61,36,Other,Asian,2023-01-04,,2.0,2.0,2.0,0,1.275,3+ Years (Tenured),0
4303,Marketing,Associate,Associate - Marketing,41174.09,3,2.4,39,Other,Hispanic,2024-03-22,,9.99,9.99,6.0,0,0.73,1-3 Years (Mid-Tenure),0
2633,Marketing,Associate,Associate - Marketing,65885.48,3,3.44,53,Female,Asian,2023-03-10,,4.0,6.0,3.0,0,1.168,3+ Years (Tenured),0
1886,Marketing,Associate,Associate - Marketing,59107.96,2,4.29,42,Female,Asian,2022-05-03,,8.0,6.0,6.0,0,1.047,3+ Years (Tenured),0
1884,Marketing,Associate,Associate - Marketing,66258.08,2,2.33,22,Male,African American,2024-04-17,,8.0,8.0,3.0,0,1.174,1-3 Years (Mid-Tenure),0
1489,Marketing,Associate,Associate - Marketing,58333.82,2,4.65,47,Other,Asian,2021-12-22,,9.0,7.0,7.0,0,1.034,3+ Years (Tenured),0
1492,Marketing,Associate,Associate - Marketing,49957.2,3,1.81,47,Male,Caucasian,2024-10-22,,9.99,4.0,4.0,0,0.885,1-3 Years (Mid-Tenure),0
4115,Marketing,Associate,Associate - Marketing,60833.66,5,1.23,50,Male,African American,2025-05-23,,9.99,8.0,8.0,0,1.078,1-3 Years (Mid-Tenure),0
71,Marketing,Associate,Associate - Marketing,56290.66,3,2.44,51,Female,African American,2024-03-06,,9.0,8.0,7.0,0,0.998,1-3 Years (Mid-Tenure),0
2455,Marketing,Associate,Associate - Marketing,58427.78,2,1.77,31,Non-Binary,Hispanic,2022-02-23,2023-11-30,6.0,5.0,5.0,1,1.035,1-3 Years (Mid-Tenure),0
2960,Marketing,Associate,Associate - Marketing,47228.97,4,1.37,49,Female,African American,2025-04-01,,9.99,8.0,8.0,0,0.837,1-3 Years (Mid-Tenure),0
710,Marketing,Associate,Associate - Marketing,43937.36,2,1.19,30,Non-Binary,Two or More,2025-06-06,,7.0,6.0,6.0,0,0.779,1-3 Years (Mid-Tenure),0
1281,Marketing,Associate,Associate - Marketing,41702.17,4,4.81,33,Other,Hispanic,2021-10-25,,8.0,9.99,7.0,0,0.739,3+ Years (Tenured),0
2652,Marketing,Associate,Associate - Marketing,58341.8,3,2.53,59,Non-Binary,Hispanic,2024-02-04,,8.0,5.0,7.0,0,1.034,1-3 Years (Mid-Tenure),0
1509,Marketing,Associate,Associate - Marketing,69587.61,3,4.62,48,Female,Caucasian,2022-01-01,,9.0,8.0,5.0,0,1.233,3+ Years (Tenured),0
1277,Marketing,Associate,Associate - Marketing,48232.21,3,2.31,30,,,2024-04-23,,7.0,5.0,7.0,0,0.855,1-3 Years (Mid-Tenure),0
2107,Marketing,Associate,Associate - Marketing,67521.83,3,1.03,45,Male,Hispanic,2025-08-04,,3.0,7.0,9.0,0,1.197,1-3 Years (Mid-Tenure),0
2093,Marketing,Associate,Associate - Marketing,74384.54,2,1.41,45,Female,Hispanic,2023-05-23,2024-10-17,4.0,3.0,4.0,1,1.318,1-3 Years (Mid-Tenure),0
2521,Marketing,Associate,Associate - Marketing,42163.61,3,1.07,48,Other,Asian,2022-06-19,2023-07-16,6.0,5.0,5.0,1,0.747,1-3 Years (Mid-Tenure),0
3227,Marketing,Associate,Associate - Marketing,62242.16,3,3.84,26,Male,Caucasian,2022-10-14,,4.0,2.0,2.0,0,1.103,3+ Years (Tenured),0
4403,Marketing,Associate,Associate - Marketing,67968.8,3,0.91,29,Female,Two or More,2025-09-18,,4.0,6.0,5.0,0,1.204,0-1 Year (Onboarding),0
2558,Marketing,Associate,Associate - Marketing,64218.87,1,2.82,28,Female,Caucasian,2023-10-20,,4.0,7.0,1.0,0,1.138,1-3 Years (Mid-Tenure),0
2511,Marketing,Associate,Associate - Marketing,47015.98,4,0.89,38,Other,African American,2024-12-27,2025-11-17,6.0,5.0,5.0,1,0.833,0-1 Year (Onboarding),0
3024,Marketing,Associate,Associate - Marketing,53149.88,2,1.24,32,Non-Binary,Caucasian,2022-11-03,2024-01-31,6.0,5.0,5.0,1,0.942,1-3 Years (Mid-Tenure),0
3359,Marketing,Associate,Associate - Marketing,62821.96,2,0.85,40,Other,Caucasian,2025-10-10,,8.0,5.0,6.0,0,1.113,0-1 Year (Onboarding),0
1389,Marketing,Associate,Associate - Marketing,53591.08,2,2.71,23,Male,African American,2023-11-30,,5.0,4.0,2.0,0,0.95,1-3 Years (Mid-Tenure),0
4165,Marketing,Associate,Associate - Marketing,44843.9,3,1.25,46,Non-Binary,Asian,2025-05-14,,8.0,6.0,8.0,0,0.795,1-3 Years (Mid-Tenure),0
2109,Marketing,Associate,Associate - Marketing,65417.82,3,3.98,45,Male,,2022-05-20,2026-05-10,4.0,1.0,3.0,1,1.159,3+ Years (Tenured),0
1138,Marketing,Associate,Associate - Marketing,57422.67,4,1.42,44,Male,Asian,2023-06-21,2024-11-22,6.0,3.0,5.0,1,1.018,1-3 Years (Mid-Tenure),0
3550,Marketing,Associate,Associate - Marketing,58998.62,5,4.47,42,Non-Binary,Two or More,2022-02-27,,9.0,3.0,8.0,0,1.046,3+ Years (Tenured),0
3854,Marketing,Associate,ASSOCIATE - MARKETING,40588.23,3,4.41,46,Female,Hispanic,2022-03-18,,9.99,5.0,9.99,0,0.719,3+ Years (Tenured),0
2893,Marketing,Associate,Associate - Marketing,63301.86,2,3.34,21,Female,Asian,2022-01-16,2025-05-18,3.0,6.0,3.0,1,1.122,3+ Years (Tenured),0
2755,Marketing,Associate,Associate - Marketing,57000.93,2,4.96,41,Other,Asian,2021-08-29,,9.0,8.0,7.0,0,1.01,3+ Years (Tenured),0
235,Marketing,Associate,Associate - Marketing,50863.72,5,4.24,30,Female,Two or More,2022-05-19,,8.0,7.0,3.0,0,0.901,3+ Years (Tenured),0
687,Marketing,Associate,Associate - Marketing,50641.57,3,1.0,44,Female,Caucasian,2025-08-15,,8.0,5.0,8.0,0,0.897,1-3 Years (Mid-Tenure),0
517,Marketing,Associate,Associate - Marketing,62939.56,4,0.49,29,Other,,2026-02-17,,4.0,2.0,5.0,0,1.115,0-1 Year (Onboarding),1
182,Marketing,Associate,Associate - Marketing,69791.92,3,3.8,42,Other,African American,2022-10-28,,6.0,9.0,5.0,0,1.237,3+ Years (Tenured),0
1380,Marketing,Associate,Associate - Marketing,60326.47,5,2.1,43,Other,African American,2024-07-08,,4.0,6.0,6.0,0,1.069,1-3 Years (Mid-Tenure),1
2541,Marketing,Associate,Associate - Marketing,41159.46,3,1.34,27,Female,Two or More,2025-04-12,,1.0,6.0,5.0,0,0.729,1-3 Years (Mid-Tenure),0
4283,Marketing,Associate,Associate - Marketing,66968.3,5,3.07,50,Other,African American,2023-02-09,2026-03-04,6.0,6.0,1.0,1,1.187,3+ Years (Tenured),0
2060,Marketing,Associate,Associate - Marketing,50389.14,4,1.78,42,Female,African American,2024-11-03,,7.0,6.0,9.99,0,0.893,1-3 Years (Mid-Tenure),0
899,Marketing,Associate,Associate - Marketing,43800.79,3,1.91,21,Non-Binary,Asian,2024-09-18,,5.0,6.0,8.0,0,0.776,1-3 Years (Mid-Tenure),0
4178,Marketing,Associate,Associate - Marketing,41549.46,3,3.78,33,Female,Asian,2022-11-06,,6.0,6.0,4.0,0,0.736,3+ Years (Tenured),0
908,Marketing,Associate,Associate - Marketing,46988.22,3,0.59,39,Female,African American,2026-01-12,,6.0,5.0,5.0,0,0.833,0-1 Year (Onboarding),0
3299,Marketing,Associate,Associate - Marketing,49371.4,2,2.07,34,Female,Two or More,2024-07-22,,3.0,1.0,1.0,0,0.875,1-3 Years (Mid-Tenure),0
3232,Marketing,Associate,Associate - Marketing,57201.4,3,2.95,39,Female,Two or More,2023-09-04,,5.0,1.0,1.0,0,1.014,1-3 Years (Mid-Tenure),0
2052,Marketing,Associate,Associate - Marketing,45372.57,1,4.95,33,Male,Caucasian,2021-09-04,,9.99,4.0,4.0,0,0.804,3+ Years (Tenured),0
2529,Marketing,Associate,associate - marketing,50019.47,5,0.74,36,Other,Asian,2025-11-18,,1.0,1.0,1.0,0,0.886,0-1 Year (Onboarding),1
2048,Marketing,Associate,Associate - Marketing,49603.21,3,4.19,46,Female,Caucasian,2022-06-09,,2.0,1.0,2.0,0,0.879,3+ Years (Tenured),0
4399,Marketing,Associate,Associate - Marketing,53167.28,3,1.25,47,Female,Asian,2025-05-16,,8.0,7.0,1.0,0,0.942,1-3 Years (Mid-Tenure),0
1439,Marketing,Associate,Associate - Marketing,44752.47,2,1.74,45,Non-Binary,Caucasian,2024-11-19,,9.99,9.0,6.0,0,0.793,1-3 Years (Mid-Tenure),0
3786,Marketing,Associate,Associate - Marketing,42002.07,2,4.75,56,Other,Asian,2021-11-14,,6.0,6.0,4.0,0,0.744,3+ Years (Tenured),0
3587,Marketing,Associate,Associate - Marketing,46378.0,1,4.71,42,Non-Binary,Hispanic,2021-11-29,,3.0,5.0,6.0,0,0.822,3+ Years (Tenured),0
1348,Marketing,Associate,Associate - Marketing,63566.25,5,1.87,43,Non-Binary,African American,2024-09-30,,7.0,5.0,7.0,0,1.126,1-3 Years (Mid-Tenure),0
2878,Marketing,Associate,Associate - Marketing,69442.23,5,0.26,49,Male,Two or More,2026-05-13,,6.0,5.0,5.0,0,1.231,0-1 Year (Onboarding),0
1346,Marketing,Associate,Associate - Marketing,59401.84,5,4.55,49,Other,Hispanic,2022-01-28,,1.0,4.0,1.0,0,1.053,3+ Years (Tenured),1
4147,Marketing,Associate,Associate - Marketing,51377.03,4,0.45,63,Female,Hispanic,2025-10-17,2026-03-29,6.0,5.0,5.0,1,0.91,0-1 Year (Onboarding),0
2872,Marketing,Associate,Associate - Marketing,42634.11,3,4.83,49,Other,Asian,2021-10-16,,8.0,7.0,3.0,0,0.756,3+ Years (Tenured),0
2493,Marketing,Associate,Associate - Marketing,48160.95,4,1.18,38,Female,Caucasian,2025-04-09,2026-06-15,4.0,4.0,8.0,1,0.853,1-3 Years (Mid-Tenure),1
3373,Marketing,Associate,Associate - Marketing,50041.88,4,2.59,42,Male,Two or More,2024-01-12,,6.0,8.0,1.0,0,0.887,1-3 Years (Mid-Tenure),0
699,Marketing,Associate,Associate - Marketing,43798.46,5,0.98,55,Female,Asian,2025-08-23,,8.0,5.0,7.0,0,0.776,0-1 Year (Onboarding),0
1178,Marketing,Associate,Associate - Marketing,47246.78,4,1.92,27,Non-Binary,Caucasian,2024-09-15,,9.0,1.0,5.0,0,0.837,1-3 Years (Mid-Tenure),0
2491,Marketing,Associate,Associate - Marketing,71422.18,2,4.22,39,Other,Hispanic,2022-05-27,,3.0,1.0,1.0,0,1.266,3+ Years (Tenured),0
1334,Marketing,Associate,Associate - Marketing,53902.52,5,0.41,44,Other,Caucasian,2021-07-27,2021-12-25,6.0,5.0,5.0,1,0.955,0-1 Year (Onboarding),0
3892,Marketing,Associate,Associate - Marketing,46103.37,3,2.45,42,Male,Asian,2024-03-05,,6.0,8.0,6.0,0,0.817,1-3 Years (Mid-Tenure),0
4384,Marketing,Associate,Associate - Marketing,69691.68,3,3.18,53,Male,Caucasian,2023-06-10,,5.0,5.0,1.0,0,1.235,3+ Years (Tenured),0
2937,Marketing,Associate,Associate - Marketing,64200.26,4,4.74,34,Female,African American,2021-11-19,,8.0,6.0,3.0,0,1.138,3+ Years (Tenured),0
788,Marketing,Associate,Associate - Marketing,65487.8,3,1.98,24,Non-Binary,Asian,2024-08-24,,8.0,9.0,5.0,0,1.16,1-3 Years (Mid-Tenure),0
2496,Marketing,Associate,Associate - Marketing,61994.44,1,0.41,22,Female,African American,2022-02-18,2022-07-17,6.0,5.0,5.0,1,1.099,0-1 Year (Onboarding),0
2927,Marketing,Associate,Associate - Marketing,73546.11,5,2.82,40,Male,Hispanic,2023-10-22,,1.0,5.0,8.0,0,1.303,1-3 Years (Mid-Tenure),1
1985,Marketing,Associate,Associate - Marketing,71577.47,2,1.84,45,Male,Two or More,2024-10-11,,6.0,6.0,6.0,0,1.268,1-3 Years (Mid-Tenure),0
3789,Marketing,Associate,Associate - Marketing,44673.01,1,0.38,44,Male,Two or More,2026-03-31,,5.0,8.0,8.0,0,0.792,0-1 Year (Onboarding),0
328,Marketing,Associate,Associate - Marketing,47452.02,5,2.73,54,Male,Hispanic,2023-11-22,,9.0,7.0,5.0,0,0.841,1-3 Years (Mid-Tenure),0
3365,Marketing,Associate,Associate - Marketing,44855.59,5,0.93,61,Female,African American,2025-09-11,,4.0,5.0,8.0,0,0.795,0-1 Year (Onboarding),1
1128,Marketing,Associate,Associate - Marketing,55347.67,3,3.87,34,Female,Hispanic,2022-10-04,,3.0,3.0,1.0,0,0.981,3+ Years (Tenured),0
337,Marketing,Associate,Associate - Marketing,67790.23,3,4.66,44,Female,Hispanic,2021-12-18,,1.0,4.0,1.0,0,1.201,3+ Years (Tenured),0
3863,Marketing,Associate,Associate - Marketing,46404.84,3,4.93,60,Male,Asian,2021-09-10,,8.0,4.0,4.0,0,0.822,3+ Years (Tenured),0
141,Marketing,Associate,Associate - Marketing,59604.03,5,4.73,44,Male,Caucasian,2021-11-21,,7.0,6.0,9.99,0,1.056,3+ Years (Tenured),0
3170,Marketing,Associate,Associate - Marketing,67876.02,2,2.08,44,Female,Caucasian,2024-07-15,,1.0,6.0,1.0,0,1.203,1-3 Years (Mid-Tenure),0
3794,Marketing,Associate,Associate - Marketing,42138.9,3,0.31,27,Non-Binary,Asian,2026-04-24,,4.0,5.0,5.0,0,0.747,0-1 Year (Onboarding),0
2503,Marketing,Associate,Associate - Marketing,56712.12,4,0.61,41,Female,African American,2025-05-23,2025-12-31,8.0,7.0,9.99,1,1.005,0-1 Year (Onboarding),0
3581,Marketing,Associate,Associate - Marketing,53713.55,5,1.58,50,Other,Caucasian,2025-01-15,,9.0,6.0,8.0,0,0.952,1-3 Years (Mid-Tenure),0
3148,Marketing,Associate,Associate - Marketing,67766.56,3,2.32,45,Other,African American,2024-04-20,,7.0,5.0,5.0,0,1.201,1-3 Years (Mid-Tenure),0
2300,Marketing,Associate,Associate - Marketing,60073.22,5,1.48,27,Other,African American,2025-02-21,,6.0,2.0,3.0,0,1.065,1-3 Years (Mid-Tenure),0
2709,Marketing,Associate,Associate - Marketing,49316.65,3,2.79,43,Non-Binary,African American,2023-11-02,,1.0,1.0,2.0,0,0.874,1-3 Years (Mid-Tenure),0
2785,Marketing,Associate,Associate - Marketing,73653.66,1,0.8,56,Female,Asian,2025-10-26,,6.0,6.0,3.0,0,1.305,0-1 Year (Onboarding),0
3424,Marketing,Associate,Associate - Marketing,62117.49,2,0.08,42,Female,Asian,2026-07-16,,6.0,5.0,5.0,0,1.101,0-1 Year (Onboarding),0
2400,Marketing,Associate,Associate - Marketing,43070.58,3,2.33,36,Other,Hispanic,2024-04-15,,1.0,5.0,2.0,0,0.763,1-3 Years (Mid-Tenure),0
4061,Marketing,Associate,Associate - Marketing,50963.61,1,0.36,60,Other,Two or More,2025-02-02,2025-06-15,8.0,9.99,7.0,1,0.903,0-1 Year (Onboarding),0
2306,Marketing,Associate,Associate - Marketing,41323.59,3,0.91,46,Male,Caucasian,2025-09-18,,9.99,9.0,7.0,0,0.732,0-1 Year (Onboarding),0
1589,Marketing,Associate,Associate - Marketing,74560.95,5,4.09,42,Female,Asian,2022-07-14,,6.0,6.0,8.0,0,1.321,3+ Years (Tenured),0
4063,Marketing,Associate,Associate - Marketing,43073.93,4,1.16,46,Non-Binary,Two or More,2022-12-20,2024-02-17,6.0,5.0,5.0,1,0.763,1-3 Years (Mid-Tenure),0
1627,Marketing,Associate,Associate - Marketing,72398.69,3,3.13,50,Other,Asian,2023-06-30,,7.0,2.0,5.0,0,1.283,3+ Years (Tenured),0
1013,Marketing,Associate,Associate - Marketing,55165.0,4,1.28,54,Female,Hispanic,2025-05-06,,9.0,8.0,6.0,0,0.978,1-3 Years (Mid-Tenure),0
4327,Marketing,Associate,Associate - Marketing,58524.02,3,2.62,32,Female,Hispanic,2024-01-02,,1.0,6.0,5.0,0,1.037,1-3 Years (Mid-Tenure),0
1579,Marketing,Associate,Associate - Marketing,46822.09,4,4.59,35,Non-Binary,African American,2022-01-14,,8.0,5.0,9.99,0,0.83,3+ Years (Tenured),0
3430,Marketing,Associate,Associate - Marketing,62479.56,5,2.09,39,Other,Asian,2024-07-13,,6.0,5.0,4.0,0,1.107,1-3 Years (Mid-Tenure),0
4366,Marketing,Associate,Associate - Marketing,51019.1,2,3.33,41,Male,Two or More,2023-04-16,,9.0,1.0,7.0,0,0.904,3+ Years (Tenured),0
2350,Marketing,Associate,Associate - Marketing,69081.47,4,1.93,40,Male,African American,2024-09-10,,7.0,8.0,3.0,0,1.224,1-3 Years (Mid-Tenure),0
1062,Marketing,Associate,Associate - Marketing,47974.37,3,5.07,48,Non-Binary,Hispanic,2021-07-22,,9.0,4.0,1.0,0,0.85,3+ Years (Tenured),0
3066,Marketing,Associate,Associate - Marketing,40882.96,4,0.69,34,Male,African American,2025-12-05,,7.0,3.0,1.0,0,0.724,0-1 Year (Onboarding),0
2979,Marketing,Associate,Associate - Marketing,43139.97,3,4.17,38,Non-Binary,Caucasian,2022-06-15,,5.0,3.0,2.0,0,0.764,3+ Years (Tenured),0
3700,Marketing,Associate,Associate - Marketing,43265.37,2,2.44,21,Male,African American,2024-03-09,,4.0,5.0,1.0,0,0.767,1-3 Years (Mid-Tenure),0
1574,Marketing,Associate,Associate - Marketing,67061.91,3,0.96,44,Other,African American,2025-08-29,,2.0,4.0,1.0,0,1.188,0-1 Year (Onboarding),0
4033,Marketing,Associate,Associate - Marketing,61284.27,2,0.32,47,Other,Asian,2026-04-22,,4.0,6.0,4.0,0,1.086,0-1 Year (Onboarding),0
370,Marketing,Associate,Associate - Marketing,58065.14,3,2.22,23,Female,Asian,2024-05-26,,7.0,9.99,5.0,0,1.029,1-3 Years (Mid-Tenure),0
3640,Marketing,Associate,Associate - Marketing,49863.03,3,3.23,40,Female,Hispanic,2023-05-25,,6.0,7.0,5.0,0,0.884,3+ Years (Tenured),0
608,Marketing,Associate,Associate - Marketing,54465.99,4,3.41,42,Male,Hispanic,2023-03-21,,5.0,5.0,1.0,0,0.965,3+ Years (Tenured),0
218,Marketing,Associate,Associate - Marketing,61739.45,2,4.57,38,Female,African American,2022-01-21,,4.0,4.0,4.0,0,1.094,3+ Years (Tenured),0
374,Marketing,Associate,Associate - Marketing,67034.76,4,4.27,42,Other,African American,2022-05-10,,3.0,3.0,5.0,0,1.188,3+ Years (Tenured),1
1712,Marketing,Associate,Associate - Marketing,61541.68,4,0.19,42,Male,African American,2024-10-15,2024-12-22,6.0,5.0,5.0,1,1.091,0-1 Year (Onboarding),0
4046,Marketing,Associate,Associate - Marketing,59744.94,4,2.61,36,Non-Binary,Caucasian,2024-01-06,,9.99,9.99,9.99,0,1.059,1-3 Years (Mid-Tenure),0
835,Marketing,Associate,Associate - Marketing,44762.47,3,4.48,47,Other,Two or More,2022-02-20,,4.0,1.0,2.0,0,0.793,3+ Years (Tenured),0
2725,Marketing,Associate,Associate - Marketing,48030.0,4,2.64,31,Female,Hispanic,2023-12-26,,6.0,8.0,3.0,0,0.851,1-3 Years (Mid-Tenure),0
2329,Marketing,Associate,Associate - Marketing,40211.52,3,4.69,32,Other,Two or More,2021-12-06,,7.0,5.0,3.0,0,0.713,3+ Years (Tenured),0
2327,Marketing,Associate,Associate - Marketing,71058.91,3,3.36,44,Female,Caucasian,2023-04-08,,4.0,3.0,4.0,0,1.259,3+ Years (Tenured),0
380,Marketing,Associate,Associate - Marketing,56351.87,5,2.84,47,Other,African American,2023-10-15,,6.0,3.0,5.0,0,0.999,1-3 Years (Mid-Tenure),0
2325,Marketing,Associate,Associate - Marketing,53713.1,1,0.45,41,,African American,2026-03-05,,1.0,3.0,3.0,0,0.952,0-1 Year (Onboarding),0
1608,Marketing,Associate,Associate - Marketing,60781.9,4,1.64,36,Male,Asian,2024-12-23,,8.0,8.0,5.0,0,1.077,1-3 Years (Mid-Tenure),0
214,Marketing,Associate,Associate - Marketing,57129.35,3,1.01,30,Other,Caucasian,2025-08-11,,7.0,9.0,5.0,0,1.012,1-3 Years (Mid-Tenure),0
2736,Marketing,Associate,Associate - Marketing,71615.69,3,2.97,39,Female,African American,2023-08-27,,9.99,7.0,8.0,0,1.269,1-3 Years (Mid-Tenure),0
2367,Marketing,Associate,Associate - Marketing,56962.87,2,1.59,38,Male,Two or More,2025-01-10,,7.0,8.0,5.0,0,1.009,1-3 Years (Mid-Tenure),0
1070,Marketing,Associate,Associate - Marketing,55515.83,3,1.19,50,Non-Binary,Hispanic,2025-06-07,,9.99,4.0,4.0,0,0.984,1-3 Years (Mid-Tenure),0
839,Marketing,Associate,Associate - Marketing,48055.72,3,3.04,31,Other,Caucasian,2023-08-01,,6.0,7.0,8.0,0,0.852,3+ Years (Tenured),0
2986,Marketing,Associate,Associate - Marketing,69860.51,5,0.13,44,Female,African American,2023-04-11,2023-05-28,6.0,5.0,5.0,1,1.238,0-1 Year (Onboarding),0
2738,Marketing,Associate,Associate - Marketing,50091.35,4,0.8,41,Non-Binary,,2022-12-19,2023-10-07,6.0,5.0,5.0,1,0.888,0-1 Year (Onboarding),0
1232,Marketing,Associate,Associate - Marketing,71200.98,4,0.99,37,Non-Binary,Two or More,2025-08-18,,7.0,3.0,2.0,0,1.262,0-1 Year (Onboarding),0
4048,Marketing,Associate,Associate - Marketing,74429.24,4,2.17,33,Other,African American,2024-06-15,,1.0,5.0,1.0,0,1.319,1-3 Years (Mid-Tenure),1
4244,Marketing,Associate,Associate - Marketing,68992.97,5,3.71,21,Male,Caucasian,2022-11-29,,4.0,1.0,5.0,0,1.223,3+ Years (Tenured),1
2392,Marketing,Associate,Associate - Marketing,48971.84,3,0.52,33,Male,Asian,2026-02-05,,5.0,6.0,5.0,0,0.868,0-1 Year (Onboarding),0
1233,Marketing,Associate,Associate - Marketing,43757.61,3,3.79,36,Other,Caucasian,2022-07-10,2026-04-22,9.99,9.99,7.0,1,0.775,3+ Years (Tenured),0
1740,Marketing,Associate,Associate - Marketing,72400.77,3,4.4,49,Male,African American,2022-03-22,,3.0,5.0,7.0,0,1.283,3+ Years (Tenured),0
1695,Marketing,Associate,Associate - Marketing,73627.01,4,4.87,21,Other,Asian,2021-10-03,,7.0,4.0,7.0,0,1.305,3+ Years (Tenured),0
3413,Marketing,Associate,Associate - Marketing,57108.45,3,2.21,49,Non-Binary,Hispanic,2024-05-31,,4.0,3.0,1.0,0,1.012,1-3 Years (Mid-Tenure),0
619,Marketing,Associate,Associate - Marketing,41181.89,1,2.95,21,Other,Two or More,2023-09-04,,3.0,5.0,8.0,0,0.73,1-3 Years (Mid-Tenure),0
2360,Marketing,Associate,Associate - Marketing,67623.92,3,0.65,35,Male,Two or More,2025-12-22,,9.0,9.0,4.0,0,1.198,0-1 Year (Onboarding),0
3434,Marketing,Associate,Associate - Marketing,43435.16,4,2.45,28,Female,Caucasian,2024-03-03,,4.0,7.0,7.0,0,0.77,1-3 Years (Mid-Tenure),1
3658,Marketing,Associate,Associate - Marketing,63880.73,4,4.93,36,Male,Caucasian,2021-09-10,,7.0,5.0,6.0,0,1.132,3+ Years (Tenured),0
4090,Marketing,Associate,Associate - Marketing,61333.9,4,0.8,29,Female,,2025-10-26,,9.99,5.0,3.0,0,1.087,0-1 Year (Onboarding),0
3254,Marketing,Associate,Associate - Marketing,57760.28,3,4.01,21,Other,Two or More,2022-08-14,,8.0,9.0,6.0,0,1.024,3+ Years (Tenured),0
4308,Marketing,Associate,Associate - Marketing,73848.39,3,2.07,28,Male,Two or More,2024-07-22,,6.0,5.0,4.0,0,1.309,1-3 Years (Mid-Tenure),0
2272,Marketing,Associate,Associate - Marketing,54251.12,2,3.31,62,Male,Asian,2023-04-26,,5.0,4.0,1.0,0,0.961,3+ Years (Tenured),0
1541,Marketing,Associate,Associate - Marketing,46838.91,5,1.04,44,Female,Two or More,2022-12-04,2023-12-20,6.0,5.0,5.0,1,0.83,1-3 Years (Mid-Tenure),0
3069,Marketing,Associate,Associate - Marketing,61874.12,1,3.27,23,Non-Binary,Caucasian,2023-05-10,,9.99,3.0,4.0,0,1.096,3+ Years (Tenured),0
1664,Marketing,Associate,Associate - Marketing,47859.31,2,0.3,34,Other,African American,2026-04-28,,1.0,3.0,1.0,0,0.848,0-1 Year (Onboarding),0
1637,Marketing,Associate,Associate - Marketing,50027.66,3,0.71,46,Female,Hispanic,2024-02-08,2024-10-25,9.0,9.99,6.0,1,0.887,0-1 Year (Onboarding),0
283,Marketing,Associate,Associate - Marketing,41621.14,1,4.76,42,,African American,2021-11-13,,9.0,8.0,2.0,0,0.738,3+ Years (Tenured),0
36,Marketing,Associate,Associate - Marketing,70702.1,3,2.8,21,Other,Two or More,2023-10-28,,9.99,7.0,6.0,0,1.253,1-3 Years (Mid-Tenure),0
3635,Marketing,Associate,Associate - Marketing,65057.37,4,0.3,47,Other,Caucasian,2022-08-09,2022-11-26,6.0,5.0,5.0,1,1.153,0-1 Year (Onboarding),0
2273,Marketing,Associate,Associate - Marketing,69449.18,2,1.29,34,Male,Hispanic,2025-05-01,,2.0,1.0,3.0,0,1.231,1-3 Years (Mid-Tenure),0
2997,Marketing,Associate,Associate - Marketing,51341.53,4,2.16,48,Non-Binary,Caucasian,2024-06-19,,1.0,1.0,2.0,0,0.91,1-3 Years (Mid-Tenure),1
1816,Marketing,Associate,Associate - Marketing,42934.56,4,0.27,53,Female,Two or More,2026-05-07,,6.0,5.0,1.0,0,0.761,0-1 Year (Onboarding),0
1676,Marketing,Associate,Associate - Marketing,48859.21,2,0.97,43,Female,Asian,2025-08-26,,4.0,5.0,9.99,0,0.866,0-1 Year (Onboarding),0
3712,Marketing,Associate,Associate - Marketing,70101.59,3,2.84,35,Other,Two or More,2023-10-12,,7.0,9.0,5.0,0,1.242,1-3 Years (Mid-Tenure),0
311,Marketing,Associate,Associate - Marketing,70964.25,1,0.28,50,Female,Hispanic,2026-05-05,,6.0,5.0,5.0,0,1.258,0-1 Year (Onboarding),0
4224,Marketing,Associate,Associate - Marketing,74080.9,3,4.02,46,Non-Binary,African American,2022-08-09,,2.0,2.0,2.0,0,1.313,3+ Years (Tenured),0
617,Marketing,Associate,Associate - Marketing,59764.49,4,0.64,30,Female,Caucasian,2025-12-23,,4.0,1.0,3.0,0,1.059,0-1 Year (Onboarding),1
976,Marketing,Domain Director,Domain Director - Marketing,145047.34,3,2.33,52,Male,African American,2024-04-16,,7.0,7.0,8.0,0,0.986,1-3 Years (Mid-Tenure),0
2147,Marketing,Domain Director,Domain Director - Marketing,149258.95,3,1.7,21,Male,,2024-12-01,,9.0,6.0,6.0,0,1.014,1-3 Years (Mid-Tenure),0
1318,Marketing,Executive Director,Executive Director - Marketing,178510.72,3,3.09,41,Male,Asian,2023-07-14,,5.0,7.0,5.0,0,1.0,3+ Years (Tenured),0
4437,Marketing,Manager,Manager - Marketing,101307.16,5,3.58,53,Female,Two or More,2023-01-18,,6.0,3.0,5.0,0,1.123,3+ Years (Tenured),0
2620,Marketing,Manager,Manager - Marketing,72766.93,3,2.55,22,Male,Hispanic,2024-01-27,,4.0,6.0,4.0,0,0.807,1-3 Years (Mid-Tenure),0
1690,Marketing,Manager,Manager - Marketing,92477.79,5,1.25,41,Female,African American,2025-05-15,,3.0,6.0,1.0,0,1.025,1-3 Years (Mid-Tenure),1
4392,Marketing,Manager,Manager - Marketing,112726.37,2,2.42,34,Male,Two or More,2023-12-11,2026-05-14,4.0,7.0,4.0,1,1.25,1-3 Years (Mid-Tenure),0
320,Marketing,Manager,Manager - Marketing,71739.35,4,0.13,32,,African American,2026-06-29,,6.0,5.0,5.0,0,0.795,0-1 Year (Onboarding),0
490,Marketing,Supervisor/Lead,Supervisor/Lead - Marketing,78070.13,1,1.39,40,Non-Binary,Two or More,2025-03-26,,4.0,4.0,1.0,0,1.067,1-3 Years (Mid-Tenure),0
4383,Marketing,Supervisor/Lead,Supervisor/Lead - Marketing,78263.89,2,3.07,48,Female,Two or More,2023-07-20,,4.0,9.0,7.0,0,1.069,3+ Years (Tenured),0
3774,Marketing,Supervisor/Lead,Supervisor/Lead - Marketing,78749.13,3,1.29,36,Female,Hispanic,2022-07-18,2023-11-01,6.0,5.0,5.0,1,1.076,1-3 Years (Mid-Tenure),0
3986,Marketing,Supervisor/Lead,Supervisor/Lead - Marketing,62394.4,5,2.26,22,Non-Binary,Asian,2024-01-27,2026-04-30,2.0,5.0,3.0,1,0.853,1-3 Years (Mid-Tenure),1
3411,Marketing,Supervisor/Lead,Supervisor/Lead - Marketing,60752.07,3,0.21,55,Female,African American,2026-06-01,,6.0,7.0,6.0,0,0.83,0-1 Year (Onboarding),0
3354,Marketing,Supervisor/Lead,Supervisor/Lead - Marketing,87107.41,3,3.05,53,Non-Binary,Caucasian,2023-07-27,,7.0,5.0,8.0,0,1.19,3+ Years (Tenured),0
2597,Marketing,Supervisor/Lead,Supervisor/Lead - Marketing,68647.97,3,2.89,29,Male,Asian,2023-09-24,,8.0,7.0,4.0,0,0.938,1-3 Years (Mid-Tenure),0
3820,Marketing,Supervisor/Lead,Supervisor/Lead - Marketing,81832.86,5,3.82,30,Male,African American,2022-10-22,,9.99,9.0,6.0,0,1.118,3+ Years (Tenured),0
3206,Marketing,Supervisor/Lead,Supervisor/Lead - Marketing,73897.53,5,2.62,33,Non-Binary,African American,2024-01-01,,1.0,4.0,1.0,0,1.01,1-3 Years (Mid-Tenure),1
2364,Marketing,Supervisor/Lead,Supervisor/Lead - Marketing,79155.62,5,3.24,21,Male,Two or More,2023-05-20,,7.0,1.0,5.0,0,1.082,3+ Years (Tenured),0
2932,Marketing,Supervisor/Lead,Supervisor/Lead - Marketing,87008.31,3,1.33,44,,Hispanic,2025-04-17,,8.0,1.0,3.0,0,1.189,1-3 Years (Mid-Tenure),0
3878,Marketing,Supervisor/Lead,Supervisor/Lead - Marketing,80843.7,3,3.79,55,Other,Hispanic,2022-11-01,,1.0,3.0,4.0,0,1.105,3+ Years (Tenured),0
2873,Marketing,Supervisor/Lead,Supervisor/Lead - Marketing,87272.5,5,1.72,45,Female,African American,2024-11-27,,6.0,3.0,9.0,0,1.193,1-3 Years (Mid-Tenure),0
1033,Marketing,Supervisor/Lead,Supervisor/Lead - Marketing,89657.57,4,1.61,39,Other,African American,2025-01-05,,6.0,1.0,9.99,0,1.225,1-3 Years (Mid-Tenure),0
878,Marketing,Supervisor/Lead,Supervisor/Lead - Marketing,59505.34,4,3.93,47,Female,,2022-09-11,,9.0,4.0,9.0,0,0.813,3+ Years (Tenured),0
199,Marketing,Supervisor/Lead,Supervisor/Lead - Marketing,84909.29,3,1.32,56,Male,Asian,2025-04-22,,9.99,9.0,9.99,0,1.16,1-3 Years (Mid-Tenure),0
1228,Marketing,Supervisor/Lead,Supervisor/Lead - Marketing,72255.44,4,3.95,55,Other,Asian,2022-09-03,,8.0,4.0,7.0,0,0.987,3+ Years (Tenured),0
851,Marketing,Supervisor/Lead,Supervisor/Lead - Marketing,68535.24,4,3.04,37,Other,African American,2023-08-03,,2.0,5.0,1.0,0,0.937,3+ Years (Tenured),1
3546,Marketing,Supervisor/Lead,Supervisor/Lead - Marketing,69124.15,2,1.88,49,Male,Two or More,2024-09-26,,8.0,5.0,5.0,0,0.945,1-3 Years (Mid-Tenure),0
3052,Marketing,Supervisor/Lead,Supervisor/Lead - Marketing,66071.48,3,1.46,34,Other,Hispanic,2025-02-27,,4.0,5.0,1.0,0,0.903,1-3 Years (Mid-Tenure),0
27,Marketing,Supervisor/Lead,Supervisor/Lead - Marketing,66735.77,3,0.19,35,Non-Binary,Caucasian,2026-06-08,,1.0,6.0,5.0,0,0.912,0-1 Year (Onboarding),0
2385,Marketing,Supervisor/Lead,Supervisor/Lead - Marketing,68416.92,3,1.58,34,Other,Hispanic,2025-01-14,,9.99,9.0,3.0,0,0.935,1-3 Years (Mid-Tenure),0
3061,Marketing,Supervisor/Lead,Supervisor/Lead - Marketing,64961.85,3,3.85,33,Non-Binary,Caucasian,2022-10-11,,8.0,4.0,5.0,0,0.888,3+ Years (Tenured),0
406,Marketing,Supervisor/Lead,Supervisor/Lead - Marketing,71582.78,4,4.55,50,Female,Hispanic,2022-01-28,,5.0,1.0,9.0,0,0.978,3+ Years (Tenured),0
3433,Marketing,Supervisor/Lead,Supervisor/Lead - Marketing,70459.16,2,0.68,37,Male,Asian,2025-12-10,,4.0,4.0,7.0,0,0.963,0-1 Year (Onboarding),0
2292,Marketing,Supervisor/Lead,Supervisor/Lead - Marketing,55855.74,4,1.73,39,Other,Caucasian,2024-11-20,,2.0,4.0,9.0,0,0.763,1-3 Years (Mid-Tenure),1
4248,Marketing,Supervisor/Lead,Supervisor/Lead - Marketing,78316.71,3,1.51,40,Male,Two or More,2025-02-10,,4.0,1.0,2.0,0,1.07,1-3 Years (Mid-Tenure),0
2200,Marketing,Supervisor/Lead,Supervisor/Lead - Marketing,68738.15,2,4.73,45,Male,Two or More,2021-11-22,,5.0,6.0,9.99,0,0.939,3+ Years (Tenured),0
504,Marketing,Supervisor/Lead,Supervisor/Lead - Marketing,55664.92,3,0.7,41,Female,Asian,2025-12-03,,3.0,4.0,1.0,0,0.761,0-1 Year (Onboarding),0
2301,Marketing,Supervisor/Lead,Supervisor/Lead - Marketing,69470.18,1,2.86,40,Male,African American,2023-10-05,,4.0,5.0,3.0,0,0.949,1-3 Years (Mid-Tenure),0
2054,Marketing,Supervisor/Lead,Supervisor/Lead - Marketing,57624.22,4,1.29,43,Female,Two or More,2025-04-30,,9.99,9.99,9.0,0,0.787,1-3 Years (Mid-Tenure),0
225,Marketing,Supervisor/Lead,Supervisor/Lead - Marketing,78780.11,3,4.49,35,Non-Binary,Caucasian,2022-02-18,,6.0,6.0,9.0,0,1.077,3+ Years (Tenured),0
2790,Marketing,Supervisor/Lead,Supervisor/Lead - Marketing,60547.23,4,3.28,33,Non-Binary,Caucasian,2023-05-04,,9.99,1.0,2.0,0,0.827,3+ Years (Tenured),0
2651,Marketing,Supervisor/Lead,Supervisor/Lead - Marketing,81875.53,3,2.41,43,Non-Binary,African American,2024-03-18,,9.99,5.0,4.0,0,1.119,1-3 Years (Mid-Tenure),0
3517,Marketing,Supervisor/Lead,Supervisor/Lead - Marketing,79660.79,4,2.07,36,Non-Binary,Asian,2024-07-19,,9.99,6.0,2.0,0,1.089,1-3 Years (Mid-Tenure),0
967,Marketing,Supervisor/Lead,Supervisor/Lead - Marketing,65756.58,4,2.37,30,Female,Caucasian,2024-04-01,,4.0,4.0,7.0,0,0.899,1-3 Years (Mid-Tenure),1
1586,Marketing,Supervisor/Lead,Supervisor/Lead - Marketing,73501.23,4,4.3,21,Non-Binary,Asian,2022-04-30,,7.0,9.0,4.0,0,1.004,3+ Years (Tenured),0
3983,Marketing,Supervisor/Lead,Supervisor/Lead - Marketing,84164.84,5,3.95,31,Other,African American,2022-09-04,,6.0,5.0,2.0,0,1.15,3+ Years (Tenured),0
2945,Marketing,Supervisor/Lead,Supervisor/Lead - Marketing,79084.7,3,0.16,21,Female,Asian,2026-06-19,,6.0,5.0,5.0,0,1.081,0-1 Year (Onboarding),0
2348,Marketing,Supervisor/Lead,Supervisor/Lead - Marketing,69317.06,3,0.12,37,Male,African American,2026-07-04,,6.0,5.0,5.0,0,0.947,0-1 Year (Onboarding),0
1310,Marketing,Supervisor/Lead,Supervisor/Lead - Marketing,66918.79,4,1.5,41,Other,Asian,2025-02-13,,8.0,9.99,2.0,0,0.914,1-3 Years (Mid-Tenure),0
2373,Marketing,Supervisor/Lead,Supervisor/Lead - Marketing,88120.0,3,1.55,37,Male,African American,2025-01-26,,9.0,9.99,9.0,0,1.204,1-3 Years (Mid-Tenure),0
4140,Marketing,Supervisor/Lead,Supervisor/Lead - Marketing,77177.65,5,0.73,29,Female,Caucasian,2025-11-22,,1.0,3.0,1.0,0,1.055,0-1 Year (Onboarding),1
2917,Sales,Assistant Manager,Assistant Manager - Sales,77105.13,3,2.58,51,Female,Asian,2024-01-16,,3.0,5.0,3.0,0,0.93,1-3 Years (Mid-Tenure),0
4337,Sales,Assistant Manager,Assistant Manager - Sales,81841.53,1,0.69,37,Other,Caucasian,2025-12-07,,3.0,3.0,8.0,0,0.987,0-1 Year (Onboarding),0
4381,Sales,Assistant Manager,Assistant Manager - Sales,81957.37,4,0.52,33,Non-Binary,Two or More,2026-02-07,,6.0,4.0,5.0,0,0.989,0-1 Year (Onboarding),0
1743,Sales,Assistant Manager,Assistant Manager - Sales,73120.39,3,0.79,47,Other,Caucasian,2025-10-29,,4.0,2.0,4.0,0,0.882,0-1 Year (Onboarding),0
1956,Sales,Assistant Manager,Assistant Manager - Sales,99926.31,3,2.82,36,Other,Asian,2023-10-21,,9.0,8.0,6.0,0,1.206,1-3 Years (Mid-Tenure),0
3777,Sales,Assistant Manager,Assistant Manager - Sales,75963.52,4,0.07,21,Non-Binary,Asian,2026-07-21,,6.0,5.0,5.0,0,0.917,0-1 Year (Onboarding),0
574,Sales,Assistant Manager,Assistant Manager - Sales,90230.24,3,1.87,43,Other,African American,2024-09-30,,4.0,8.0,5.0,0,1.089,1-3 Years (Mid-Tenure),0
4174,Sales,Associate,Associate - Sales,59323.78,2,3.89,35,Male,Asian,2022-09-26,,3.0,2.0,5.0,0,1.032,3+ Years (Tenured),0
3803,Sales,Associate,Associate - Sales,73663.54,1,0.55,41,Male,Hispanic,2022-03-16,2022-10-04,6.0,5.0,5.0,1,1.282,0-1 Year (Onboarding),0
45,Sales,Associate,Associate - Sales,68080.21,3,1.14,42,Other,Asian,2024-06-27,2025-08-18,5.0,5.0,5.0,1,1.185,1-3 Years (Mid-Tenure),0
512,Sales,Associate,Associate - Sales,56972.91,4,4.07,31,Other,Two or More,2022-07-20,,6.0,3.0,6.0,0,0.991,3+ Years (Tenured),0
2999,Sales,Associate,Associate - Sales,40853.54,3,3.68,34,Other,Hispanic,2021-08-20,2025-04-25,7.0,1.0,3.0,1,0.711,3+ Years (Tenured),0
3571,Sales,Associate,Associate - Sales,60000.74,3,1.25,45,Male,African American,2025-05-16,,8.0,9.0,9.99,0,1.044,1-3 Years (Mid-Tenure),0
131,Sales,Associate,Associate - Sales,45877.24,3,1.66,32,Male,Two or More,2024-12-16,,6.0,5.0,5.0,0,0.798,1-3 Years (Mid-Tenure),0
3164,Sales,Associate,Associate - Sales,40166.92,3,4.18,36,,African American,2022-06-12,,9.99,9.0,7.0,0,0.699,3+ Years (Tenured),0
1222,Sales,Associate,Associate - Sales,48579.41,3,3.14,21,Male,Hispanic,2023-06-27,,3.0,5.0,4.0,0,0.845,3+ Years (Tenured),0
2089,Sales,Associate,Associate - Sales,64378.17,3,3.68,30,Other,Two or More,2022-12-10,,4.0,5.0,8.0,0,1.12,3+ Years (Tenured),0
4249,Sales,Associate,Associate - Sales,49189.36,4,3.24,43,Other,Asian,2023-05-22,,5.0,2.0,6.0,0,0.856,3+ Years (Tenured),0
1331,Sales,Associate,Associate - Sales,67468.88,3,1.03,40,Other,Asian,2025-08-04,,3.0,2.0,4.0,0,1.174,1-3 Years (Mid-Tenure),0
695,Sales,Associate,Associate - Sales,62203.89,3,1.77,41,Male,Two or More,2024-11-08,,2.0,4.0,5.0,0,1.083,1-3 Years (Mid-Tenure),0
3665,Sales,Associate,Associate - Sales,61301.53,3,4.85,47,Non-Binary,,2021-10-11,,7.0,9.0,8.0,0,1.067,3+ Years (Tenured),0
2914,Sales,Associate,Associate - Sales,69848.0,5,4.43,27,,Caucasian,2022-03-11,,7.0,3.0,2.0,0,1.216,3+ Years (Tenured),0
2501,Sales,Associate,Associate - Sales,63147.18,4,4.24,39,Non-Binary,Asian,2022-05-21,,7.0,6.0,5.0,0,1.099,3+ Years (Tenured),0
4173,Sales,Associate,Associate - Sales,69593.62,3,1.54,37,Female,African American,2025-01-29,,3.0,2.0,4.0,0,1.211,1-3 Years (Mid-Tenure),0
2993,Sales,Associate,Associate - Sales,68560.48,5,1.48,50,Male,Asian,2025-02-20,,2.0,5.0,1.0,0,1.193,1-3 Years (Mid-Tenure),1
3233,Sales,Associate,Associate - Sales,73242.98,3,3.88,48,Non-Binary,African American,2022-09-30,,6.0,7.0,5.0,0,1.275,3+ Years (Tenured),0
2922,Sales,Associate,Associate - Sales,55528.35,2,0.9,40,Male,Caucasian,2025-09-19,,7.0,9.0,6.0,0,0.966,0-1 Year (Onboarding),0
826,Sales,Associate,Associate - Sales,66277.43,5,3.81,28,Non-Binary,African American,2022-10-25,,5.0,7.0,4.0,0,1.153,3+ Years (Tenured),0
4413,Sales,Associate,Associate - Sales,58272.95,4,0.84,46,Female,Caucasian,2021-12-29,2022-11-02,6.0,5.0,5.0,1,1.014,0-1 Year (Onboarding),0
821,Sales,Associate,Associate - Sales,44168.2,1,3.08,43,Female,African American,2023-07-19,,3.0,1.0,2.0,0,0.769,3+ Years (Tenured),0
3343,Sales,Associate,Associate - Sales,43305.65,3,3.64,50,Non-Binary,African American,2022-12-06,2026-07-26,4.0,4.0,7.0,1,0.754,3+ Years (Tenured),0
4282,Sales,Associate,Associate - Sales,57785.35,4,2.04,55,Female,African American,2024-08-02,,7.0,9.99,6.0,0,1.006,1-3 Years (Mid-Tenure),0
2502,Sales,Associate,Associate - Sales,44185.25,3,3.24,44,Male,Two or More,2023-05-19,,9.99,5.0,7.0,0,0.769,3+ Years (Tenured),0
3805,Sales,Associate,Associate - Sales,60871.43,4,3.48,21,Other,Hispanic,2023-02-20,,4.0,2.0,4.0,0,1.059,3+ Years (Tenured),1
2113,Sales,Associate,ASSOCIATE - SALES,43495.71,3,3.39,33,Female,Caucasian,2023-03-25,,7.0,7.0,9.99,0,0.757,3+ Years (Tenured),0
3307,Sales,Associate,Associate - Sales,42117.96,4,3.21,34,Non-Binary,Asian,2023-05-31,,7.0,5.0,6.0,0,0.733,3+ Years (Tenured),0
1290,Sales,Associate,Associate - Sales,72317.63,4,2.22,59,Other,African American,2024-05-27,,1.0,4.0,1.0,0,1.259,1-3 Years (Mid-Tenure),1
3715,Sales,Associate,Associate - Sales,60306.68,2,0.08,24,Male,Asian,2026-06-19,2026-07-20,6.0,5.0,5.0,1,1.05,0-1 Year (Onboarding),0
3609,Sales,Associate,Associate - Sales,43707.08,3,3.24,47,Non-Binary,Two or More,2023-05-22,,2.0,6.0,7.0,0,0.761,3+ Years (Tenured),0
2229,Sales,Associate,Associate - Sales,40308.85,4,0.42,34,Other,Caucasian,2025-05-29,2025-10-30,9.0,4.0,7.0,1,0.701,0-1 Year (Onboarding),0
3639,Sales,Associate,Associate - Sales,73699.74,2,3.41,45,Other,Asian,2023-03-18,,6.0,5.0,6.0,0,1.283,3+ Years (Tenured),0
3549,Sales,Associate,Associate - Sales,42012.67,2,0.44,41,Male,African American,2025-11-07,2026-04-18,6.0,2.0,1.0,1,0.731,0-1 Year (Onboarding),0
1243,Sales,Associate,Associate - Sales,72652.89,4,2.07,28,,Asian,2024-07-19,,9.0,6.0,7.0,0,1.264,1-3 Years (Mid-Tenure),0
3330,Sales,Associate,Associate - Sales,48494.09,2,4.92,40,Male,Hispanic,2021-09-15,,8.0,7.0,6.0,0,0.844,3+ Years (Tenured),0
3746,Sales,Associate,Associate - Sales,63389.23,4,1.0,47,Female,African American,2025-08-16,,6.0,4.0,7.0,0,1.103,0-1 Year (Onboarding),0
2285,Sales,Associate,Associate - Sales,70553.08,3,2.21,32,Other,African American,2024-05-31,,3.0,4.0,7.0,0,1.228,1-3 Years (Mid-Tenure),0
1279,Sales,Associate,Associate - Sales,45195.33,5,2.35,33,,Asian,2024-04-09,,5.0,1.0,2.0,0,0.787,1-3 Years (Mid-Tenure),0
3749,Sales,Associate,Associate - Sales,51796.42,3,1.68,41,Male,Asian,2023-02-25,2024-10-31,2.0,9.99,8.0,1,0.901,1-3 Years (Mid-Tenure),0
2465,Sales,Associate,Associate - Sales,67867.81,5,4.46,47,Male,African American,2022-03-01,,7.0,5.0,7.0,0,1.181,3+ Years (Tenured),0
2212,Sales,Associate,Associate - Sales,68440.33,3,3.06,50,Male,Hispanic,2023-07-25,,2.0,5.0,5.0,0,1.191,3+ Years (Tenured),0
3013,Sales,Associate,Associate - Sales,62973.09,3,2.18,57,Non-Binary,Two or More,2024-06-12,,6.0,8.0,7.0,0,1.096,1-3 Years (Mid-Tenure),0
161,Sales,Associate,Associate - Sales,58829.18,2,1.01,51,Male,Hispanic,2024-10-29,2025-11-03,9.0,9.99,1.0,1,1.024,1-3 Years (Mid-Tenure),0
1298,Sales,Associate,Associate - Sales,57135.71,3,1.12,45,Non-Binary,Hispanic,2024-02-03,2025-03-17,1.0,2.0,1.0,1,0.994,1-3 Years (Mid-Tenure),0
3703,Sales,Associate,Associate - Sales,61991.81,3,0.74,39,Non-Binary,Two or More,2025-11-17,,4.0,1.0,1.0,0,1.079,0-1 Year (Onboarding),0
3750,Sales,Associate,Associate - Sales,55642.7,3,0.83,33,Non-Binary,Asian,2024-01-09,2024-11-06,9.0,4.0,9.0,1,0.968,0-1 Year (Onboarding),0
2446,Sales,Associate,Associate - Sales,49944.01,1,4.16,38,Female,Two or More,2022-06-17,,9.99,3.0,6.0,0,0.869,3+ Years (Tenured),0
1259,Sales,Associate,Associate - Sales,44353.87,2,0.2,46,Other,Caucasian,2026-06-02,,2.0,2.0,6.0,0,0.772,0-1 Year (Onboarding),0
2436,Sales,Associate,Associate - Sales,66931.82,2,0.74,38,Female,African American,2025-09-30,2026-06-28,7.0,2.0,6.0,1,1.165,0-1 Year (Onboarding),0
44,Sales,Associate,Associate - Sales,41003.0,3,2.36,24,Female,African American,2024-04-07,,1.0,7.0,3.0,0,0.714,1-3 Years (Mid-Tenure),0
1256,Sales,Associate,Associate - Sales,65338.66,5,1.01,28,Male,Caucasian,2025-08-10,,9.99,9.99,6.0,0,1.137,1-3 Years (Mid-Tenure),0
2422,Sales,Associate,Associate - Sales,72660.53,3,1.12,29,Female,Hispanic,2024-04-27,2025-06-09,6.0,3.0,6.0,1,1.264,1-3 Years (Mid-Tenure),0
715,Sales,Associate,Associate - Sales,71117.1,5,1.28,37,Other,Hispanic,2025-05-04,,8.0,8.0,2.0,0,1.238,1-3 Years (Mid-Tenure),0
815,Sales,Associate,Associate - Sales,43751.0,5,0.2,47,Male,Hispanic,2026-06-02,,6.0,5.0,5.0,0,0.761,0-1 Year (Onboarding),0
2248,Sales,Associate,Associate - Sales,51042.72,3,2.33,52,Other,Caucasian,2024-04-15,,9.0,9.99,9.0,0,0.888,1-3 Years (Mid-Tenure),0
1188,Sales,Associate,Associate - Sales,60124.27,1,2.57,21,Other,Caucasian,2024-01-19,,1.0,1.0,3.0,0,1.046,1-3 Years (Mid-Tenure),0
1183,Sales,Associate,Associate - Sales,62859.21,3,3.85,36,Female,Hispanic,2022-10-10,,7.0,6.0,5.0,0,1.094,3+ Years (Tenured),0
2243,Sales,Associate,Associate - Sales,67894.36,4,1.19,52,Male,Asian,2025-06-07,,7.0,3.0,7.0,0,1.182,1-3 Years (Mid-Tenure),0
428,Sales,Associate,Associate - Sales,66716.63,3,0.9,40,Male,Two or More,2025-09-22,,4.0,8.0,6.0,0,1.161,0-1 Year (Onboarding),0
3733,Sales,Associate,Associate - Sales,59531.61,4,1.53,36,Other,Two or More,2025-02-04,,1.0,5.0,3.0,0,1.036,1-3 Years (Mid-Tenure),1
2239,Sales,Associate,Associate - Sales,47208.69,4,3.27,56,Non-Binary,Caucasian,2023-05-11,,6.0,4.0,7.0,0,0.822,3+ Years (Tenured),0
719,Sales,Associate,Associate - Sales,57335.03,1,2.77,37,Other,Two or More,2023-11-07,,7.0,7.0,8.0,0,0.998,1-3 Years (Mid-Tenure),0
3638,Sales,Associate,Associate - Sales,67671.73,2,4.98,43,Male,Caucasian,2021-08-23,,6.0,8.0,5.0,0,1.178,3+ Years (Tenured),0
462,Sales,Associate,Associate - Sales,57147.12,4,0.66,28,Male,,2022-11-01,2023-06-29,6.0,5.0,5.0,1,0.995,0-1 Year (Onboarding),0
3677,Sales,Associate,Associate - Sales,64422.66,4,4.88,54,Female,Two or More,2021-09-29,,4.0,7.0,1.0,0,1.121,3+ Years (Tenured),1
3773,Sales,Associate,Associate - Sales,63762.86,4,1.21,44,Male,African American,2025-05-29,,2.0,3.0,5.0,0,1.11,1-3 Years (Mid-Tenure),1
3678,Sales,Associate,Associate - Sales,52215.52,4,0.91,34,Other,Asian,2025-09-18,,7.0,5.0,6.0,0,0.909,0-1 Year (Onboarding),0
3650,Sales,Associate,Associate - Sales,56212.42,3,3.35,24,Non-Binary,Caucasian,2023-04-09,,7.0,6.0,5.0,0,0.978,3+ Years (Tenured),0
269,Sales,Associate,Associate - Sales,42352.37,3,1.08,49,Female,Two or More,2025-07-16,,7.0,1.0,2.0,0,0.737,1-3 Years (Mid-Tenure),0
2159,Sales,Associate,Associate - Sales,74137.92,3,1.05,47,Non-Binary,Caucasian,2025-07-28,,3.0,5.0,8.0,0,1.29,1-3 Years (Mid-Tenure),0
2934,Sales,Associate,Associate - Sales,58707.43,4,0.81,37,Male,Caucasian,2025-10-23,,6.0,4.0,2.0,0,1.022,0-1 Year (Onboarding),0
3592,Sales,Associate,Associate - Sales,60553.0,2,1.79,24,Male,African American,2024-11-01,,9.99,6.0,6.0,0,1.054,1-3 Years (Mid-Tenure),0
2155,Sales,Associate,Associate - Sales,71904.43,4,1.1,31,Male,Asian,2025-07-09,,8.0,5.0,9.99,0,1.251,1-3 Years (Mid-Tenure),0
2154,Sales,Associate,Associate - Sales,42869.16,1,1.45,37,Female,Asian,2024-11-05,2026-04-20,5.0,7.0,5.0,1,0.746,1-3 Years (Mid-Tenure),0
4240,Sales,Associate,Associate - Sales,47830.51,1,0.59,36,Non-Binary,Asian,2026-01-11,,4.0,6.0,7.0,0,0.832,0-1 Year (Onboarding),0
3201,Sales,Associate,Associate - Sales,46507.04,4,1.7,52,Other,Asian,2024-12-04,,9.99,4.0,9.0,0,0.809,1-3 Years (Mid-Tenure),0
2389,Sales,Associate,Associate - Sales,48757.61,5,5.06,48,Non-Binary,Two or More,2021-07-26,,7.0,4.0,2.0,0,0.849,3+ Years (Tenured),0
726,Sales,Associate,Associate - Sales,51855.83,5,1.65,46,Other,Two or More,2024-12-19,,5.0,6.0,3.0,0,0.902,1-3 Years (Mid-Tenure),0
1345,Sales,Associate,Associate - Sales,54123.24,3,0.28,31,Other,,2026-05-06,,3.0,6.0,1.0,0,0.942,0-1 Year (Onboarding),0
3021,Sales,Associate,Associate - Sales,64747.45,2,3.05,43,Non-Binary,Two or More,2023-07-29,,5.0,6.0,4.0,0,1.127,3+ Years (Tenured),0
836,Sales,Associate,Associate - Sales,67894.93,4,1.22,33,Female,Caucasian,2025-05-26,,6.0,2.0,5.0,0,1.182,1-3 Years (Mid-Tenure),0
1349,Sales,Associate,Associate - Sales,44199.22,2,1.87,40,Non-Binary,Two or More,2024-10-03,,8.0,9.99,9.0,0,0.769,1-3 Years (Mid-Tenure),0
1189,Sales,Associate,Associate - Sales,65402.25,4,0.11,38,Male,Asian,2026-07-05,,6.0,5.0,5.0,0,1.138,0-1 Year (Onboarding),0
2947,Sales,Associate,Associate - Sales,62439.1,5,0.13,33,Male,Hispanic,2026-06-28,,6.0,5.0,5.0,0,1.087,0-1 Year (Onboarding),0
3641,Sales,Associate,Associate - Sales,54622.85,2,3.67,40,Non-Binary,African American,2022-12-16,,6.0,5.0,2.0,0,0.951,3+ Years (Tenured),0
708,Sales,Associate,Associate - Sales,50357.85,4,0.39,37,Other,Asian,2026-03-25,,6.0,5.0,9.99,0,0.876,0-1 Year (Onboarding),0
162,Sales,Associate,Associate - Sales,54565.71,4,1.22,48,Female,African American,2025-05-26,,5.0,3.0,4.0,0,0.95,1-3 Years (Mid-Tenure),0
2472,Sales,Associate,Associate - Sales,47301.31,2,0.82,40,Female,African American,2025-10-18,,2.0,5.0,1.0,0,0.823,0-1 Year (Onboarding),0
3335,Sales,Associate,Associate - Sales,42147.96,3,3.83,42,Other,Asian,2022-10-16,,2.0,1.0,1.0,0,0.733,3+ Years (Tenured),0
1305,Sales,Associate,Associate - Sales,63993.98,1,4.86,43,Non-Binary,Caucasian,2021-10-07,,5.0,5.0,4.0,0,1.114,3+ Years (Tenured),0
4441,Sales,Associate,Associate - Sales,66147.35,4,1.21,34,Male,African American,2025-05-29,,3.0,3.0,7.0,0,1.151,1-3 Years (Mid-Tenure),1
3759,Sales,Associate,Associate - Sales,52538.09,4,3.96,28,Male,African American,2022-08-31,,3.0,2.0,1.0,0,0.914,3+ Years (Tenured),1
2333,Sales,Associate,Associate - Sales,48209.06,4,5.04,28,Other,Asian,2021-07-31,,9.0,9.0,7.0,0,0.839,3+ Years (Tenured),0
4234,Sales,Associate,Associate - Sales,52510.05,5,0.22,44,Female,Caucasian,2024-01-14,2024-04-04,6.0,5.0,5.0,1,0.914,0-1 Year (Onboarding),0
2403,Sales,Associate,Associate - Sales,53571.02,3,0.24,38,Female,Caucasian,2026-05-19,,5.0,4.0,4.0,0,0.932,0-1 Year (Onboarding),0
2305,Sales,Associate,Associate - Sales,50584.62,3,0.84,42,Male,African American,2025-10-13,,9.99,5.0,4.0,0,0.88,0-1 Year (Onboarding),0
3336,Sales,Associate,Associate - Sales,51687.93,5,1.47,23,Male,Asian,2025-02-24,,9.99,7.0,5.0,0,0.9,1-3 Years (Mid-Tenure),0
1236,Sales,Associate,Associate - Sales,71483.3,5,4.45,51,Female,Asian,2022-03-06,,8.0,6.0,9.99,0,1.244,3+ Years (Tenured),0
725,Sales,Associate,Associate - Sales,50576.98,2,2.92,38,Non-Binary,Caucasian,2023-09-13,,6.0,6.0,2.0,0,0.88,1-3 Years (Mid-Tenure),0
3337,Sales,Associate,Associate - Sales,41482.35,2,0.78,24,Non-Binary,African American,2025-11-03,,8.0,7.0,4.0,0,0.722,0-1 Year (Onboarding),0
4195,Sales,Associate,Associate - Sales,69300.48,3,4.6,43,Female,Two or More,2022-01-08,,8.0,5.0,6.0,0,1.206,3+ Years (Tenured),0
2816,Sales,Associate,Associate - Sales,47725.14,5,3.42,37,Non-Binary,Caucasian,2023-03-14,,4.0,6.0,9.99,0,0.831,3+ Years (Tenured),1
3501,Sales,Associate,Associate - Sales,48005.67,2,0.41,34,Non-Binary,Caucasian,2025-06-11,2025-11-09,6.0,5.0,5.0,1,0.835,0-1 Year (Onboarding),0
968,Sales,Associate,Associate - Sales,64558.7,1,2.27,33,Non-Binary,Two or More,2024-05-08,,7.0,2.0,1.0,0,1.123,1-3 Years (Mid-Tenure),0
3401,Sales,Associate,Associate - Sales,40325.62,2,2.81,42,Male,Caucasian,2023-10-26,,2.0,1.0,3.0,0,0.702,1-3 Years (Mid-Tenure),0
3942,Sales,Associate,Associate - Sales,49918.45,5,0.32,37,Other,Asian,2026-04-19,,4.0,9.0,6.0,0,0.869,0-1 Year (Onboarding),1
972,Sales,Associate,Associate - Sales,65824.96,4,0.8,62,Non-Binary,Hispanic,2025-10-26,,6.0,5.0,5.0,0,1.146,0-1 Year (Onboarding),0
1516,Sales,Associate,Associate - Sales,60282.45,2,4.35,41,Other,Two or More,2022-04-11,,6.0,4.0,3.0,0,1.049,3+ Years (Tenured),0
3404,Sales,Associate,Associate - Sales,46394.05,4,0.39,56,Male,Asian,2026-03-24,,4.0,9.99,4.0,0,0.807,0-1 Year (Onboarding),1
1841,Sales,Associate,Associate - Sales,46481.33,4,4.06,63,Male,Two or More,2022-07-24,,9.0,2.0,9.99,0,0.809,3+ Years (Tenured),0
1840,Sales,Associate,Associate - Sales,73826.79,4,0.3,38,Male,African American,2026-04-27,,6.0,5.0,5.0,0,1.285,0-1 Year (Onboarding),0
3496,Sales,Associate,Associate - Sales,55719.75,3,1.2,48,Non-Binary,Caucasian,2025-06-03,,5.0,6.0,5.0,0,0.97,1-3 Years (Mid-Tenure),0
388,Sales,Associate,Associate - Sales,50008.91,3,0.51,55,Other,Two or More,2026-02-10,,9.0,7.0,9.99,0,0.87,0-1 Year (Onboarding),0
3050,Sales,Associate,Associate - Sales,45608.32,4,0.75,58,Female,Caucasian,2025-11-13,,9.0,9.99,9.0,0,0.794,0-1 Year (Onboarding),0
1862,Sales,Associate,Associate - Sales,63373.48,5,1.8,42,Non-Binary,Two or More,2024-10-27,,6.0,4.0,7.0,0,1.103,1-3 Years (Mid-Tenure),0
387,Sales,Associate,Associate - Sales,41918.91,2,2.56,43,Other,Caucasian,2024-01-23,,9.0,9.99,6.0,0,0.73,1-3 Years (Mid-Tenure),0
2815,Sales,Associate,Associate - Sales,49101.17,3,2.1,42,Male,Hispanic,2024-07-10,,6.0,2.0,2.0,0,0.854,1-3 Years (Mid-Tenure),0
203,Sales,Associate,Associate - Sales,55757.29,4,4.15,42,Other,Two or More,2022-06-24,,4.0,3.0,4.0,0,0.97,3+ Years (Tenured),1
1533,Sales,Associate,Associate - Sales,65917.39,5,4.38,33,Non-Binary,Two or More,2022-03-29,,8.0,5.0,3.0,0,1.147,3+ Years (Tenured),0
4097,Sales,Associate,Associate - Sales,69987.07,2,3.9,50,Male,,2022-09-22,,6.0,4.0,4.0,0,1.218,3+ Years (Tenured),0
980,Sales,Associate,Associate - Sales,64405.7,1,1.32,38,Non-Binary,Two or More,2024-06-04,2025-09-30,3.0,5.0,1.0,1,1.121,1-3 Years (Mid-Tenure),0
2810,Sales,Associate,Associate - Sales,42986.85,4,4.66,42,Male,Two or More,2021-12-17,,6.0,6.0,4.0,0,0.748,3+ Years (Tenured),0
1809,Sales,Associate,Associate - Sales,41927.99,1,4.72,21,Male,Two or More,2021-11-26,,4.0,3.0,7.0,0,0.73,3+ Years (Tenured),0
360,Sales,Associate,Associate - Sales,54527.59,3,2.1,37,Other,Two or More,2024-07-10,,5.0,2.0,4.0,0,0.949,1-3 Years (Mid-Tenure),0
208,Sales,Associate,Associate - Sales,68580.43,3,4.25,33,Other,Hispanic,2022-05-15,,4.0,3.0,5.0,0,1.193,3+ Years (Tenured),0
1547,Sales,Associate,Associate - Sales,68873.78,3,2.92,42,Male,Hispanic,2023-09-14,,9.0,6.0,7.0,0,1.199,1-3 Years (Mid-Tenure),0
1892,Sales,Associate,Associate - Sales,51165.46,3,4.56,30,Non-Binary,Asian,2022-01-25,,7.0,8.0,2.0,1,0.89,3+ Years (Tenured),0
1922,Sales,Associate,Associate - Sales,57339.53,5,1.53,33,Female,Caucasian,2025-02-04,,3.0,4.0,4.0,0,0.998,1-3 Years (Mid-Tenure),1
120,Sales,Associate,Associate - Sales,67823.77,5,0.74,44,Other,Caucasian,2025-11-19,,9.0,9.99,7.0,0,1.18,0-1 Year (Onboarding),0
3907,Sales,Associate,Associate - Sales,46961.44,4,0.17,40,Female,Hispanic,2026-06-13,,6.0,5.0,5.0,0,0.817,0-1 Year (Onboarding),0
1914,Sales,Associate,Associate - Sales,49233.59,2,1.55,45,Non-Binary,Two or More,2025-01-27,,2.0,3.0,1.0,0,0.857,1-3 Years (Mid-Tenure),0
3390,Sales,Associate,Associate - Sales,42230.28,2,4.67,42,Male,Caucasian,2021-12-15,,9.0,6.0,9.0,0,0.735,3+ Years (Tenured),0
16,Sales,Associate,Associate - Sales,52390.23,3,3.72,32,Other,Two or More,2022-11-27,,5.0,1.0,5.0,0,0.912,3+ Years (Tenured),0
3393,Sales,Associate,Associate - Sales,53567.38,5,0.81,43,Male,African American,2025-10-23,,4.0,5.0,5.0,0,0.932,0-1 Year (Onboarding),1
1114,Sales,Associate,Associate - Sales,43140.64,3,2.96,46,Other,Caucasian,2023-09-01,,3.0,9.0,5.0,0,0.751,1-3 Years (Mid-Tenure),0
393,Sales,Associate,Associate - Sales,64769.64,4,2.28,58,Other,African American,2024-05-05,,7.0,7.0,5.0,0,1.127,1-3 Years (Mid-Tenure),0
1899,Sales,Associate,Associate - Sales,57437.34,4,4.22,41,Female,African American,2022-05-29,,1.0,5.0,1.0,0,1.0,3+ Years (Tenured),1
2627,Sales,Associate,Associate - Sales,64203.12,2,4.03,22,Other,Hispanic,2022-08-04,,6.0,6.0,3.0,0,1.117,3+ Years (Tenured),0
3515,Sales,Associate,Associate - Sales,49321.39,3,0.27,45,Other,Asian,2023-08-24,2023-11-30,6.0,5.0,5.0,1,0.858,0-1 Year (Onboarding),0
2804,Sales,Associate,Associate - Sales,67005.46,4,2.28,41,Other,,2023-10-25,2026-02-02,1.0,1.0,3.0,1,1.166,1-3 Years (Mid-Tenure),1
2843,Sales,Associate,Associate - Sales,70495.25,3,2.16,52,Male,African American,2024-06-16,,4.0,3.0,5.0,0,1.227,1-3 Years (Mid-Tenure),0
3395,Sales,Associate,Associate - Sales,53129.48,2,1.85,37,Other,Asian,2024-10-09,,6.0,5.0,6.0,0,0.925,1-3 Years (Mid-Tenure),0
1494,Sales,Associate,Associate - Sales,43205.87,4,2.1,25,Other,Caucasian,2024-07-10,,9.0,7.0,1.0,0,0.752,1-3 Years (Mid-Tenure),0
3504,Sales,Associate,Associate - Sales,42358.61,3,4.82,57,Male,Two or More,2021-10-21,,1.0,5.0,3.0,0,0.737,3+ Years (Tenured),0
3288,Sales,Associate,Associate - Sales,49794.23,2,0.45,34,Non-Binary,Two or More,2023-09-09,2024-02-21,6.0,5.0,5.0,1,0.867,0-1 Year (Onboarding),0
959,Sales,Associate,Associate - Sales,68018.4,2,0.3,32,Other,Two or More,2026-04-28,,5.0,7.0,3.0,0,1.184,0-1 Year (Onboarding),0
1499,Sales,Associate,Associate - Sales,48177.08,3,2.16,29,Non-Binary,Two or More,2022-06-14,2024-08-10,4.0,1.0,4.0,1,0.838,1-3 Years (Mid-Tenure),0
3932,Sales,Associate,Associate - Sales,60706.27,3,0.19,39,Non-Binary,Two or More,2026-06-07,,9.99,9.99,9.99,0,1.056,0-1 Year (Onboarding),0
3047,Sales,Associate,Associate - Sales,41171.14,3,0.27,58,Female,Two or More,2026-05-07,,9.0,9.0,9.99,0,0.716,0-1 Year (Onboarding),0
4112,Sales,Associate,Associate - Sales,65359.22,3,2.7,28,Non-Binary,Hispanic,2022-02-13,2024-10-25,8.0,8.0,3.0,1,1.137,1-3 Years (Mid-Tenure),0
654,Sales,Associate,Associate - Sales,74686.22,5,1.05,46,Other,Two or More,2021-08-04,2022-08-21,6.0,5.0,5.0,1,1.3,1-3 Years (Mid-Tenure),0
1625,Sales,Associate,Associate - Sales,74985.41,4,4.52,23,Male,African American,2022-02-09,,9.99,6.0,9.99,0,1.305,3+ Years (Tenured),0
633,Sales,Associate,Associate - Sales,59918.08,4,4.88,38,Non-Binary,Hispanic,2021-09-29,,5.0,8.0,4.0,0,1.043,3+ Years (Tenured),0
4324,Sales,Associate,Associate - Sales,67980.21,4,4.09,38,Female,Two or More,2022-07-13,,4.0,8.0,5.0,0,1.183,3+ Years (Tenured),1
3999,Sales,Associate,Associate - Sales,41545.77,3,0.22,38,Female,Asian,2022-11-27,2023-02-16,6.0,5.0,5.0,1,0.723,0-1 Year (Onboarding),0
1725,Sales,Associate,Associate - Sales,61706.68,2,2.72,48,Other,Caucasian,2023-11-27,,4.0,3.0,7.0,0,1.074,1-3 Years (Mid-Tenure),0
2781,Sales,Associate,Associate - Sales,68336.29,2,1.34,47,Female,Two or More,2025-04-12,,3.0,5.0,6.0,0,1.189,1-3 Years (Mid-Tenure),0
773,Sales,Associate,Associate - Sales,68167.67,4,3.47,48,Female,African American,2021-10-06,2025-03-25,5.0,6.0,3.0,1,1.186,3+ Years (Tenured),0
2731,Sales,Associate,Associate - Sales,56968.69,3,0.21,34,Non-Binary,Hispanic,2022-06-07,2022-08-21,6.0,5.0,5.0,1,0.991,0-1 Year (Onboarding),0
1073,Sales,Associate,Associate - Sales,73503.69,4,2.59,38,Female,Hispanic,2024-01-14,,5.0,6.0,7.0,0,1.279,1-3 Years (Mid-Tenure),0
91,Sales,Associate,Associate - Sales,63199.01,3,1.7,36,Female,Two or More,2024-12-03,,9.99,9.99,9.99,0,1.1,1-3 Years (Mid-Tenure),0
1703,Sales,Associate,Associate - Sales,53794.15,3,4.41,30,Other,Asian,2022-03-20,,2.0,2.0,1.0,0,0.936,3+ Years (Tenured),0
2735,Sales,Associate,Associate - Sales,41582.03,4,0.44,40,,Two or More,2026-03-06,,4.0,7.0,8.0,0,0.724,0-1 Year (Onboarding),1
1698,Sales,Associate,Associate - Sales,64347.74,5,4.99,48,Female,,2021-08-21,,5.0,6.0,6.0,0,1.12,3+ Years (Tenured),0
3083,Sales,Associate,Associate - Sales,71376.86,4,3.27,44,Other,Hispanic,2023-05-11,,4.0,4.0,5.0,0,1.242,3+ Years (Tenured),1
368,Sales,Associate,Associate - Sales,64442.7,2,2.3,24,Female,Hispanic,2021-07-26,2023-11-12,6.0,5.0,5.0,1,1.121,1-3 Years (Mid-Tenure),0
2746,Sales,Associate,Associate - Sales,55734.39,3,3.71,47,Other,African American,2022-11-30,,9.99,8.0,9.99,0,0.97,3+ Years (Tenured),0
1677,Sales,Associate,Associate - Sales,58809.4,1,1.06,42,Other,Hispanic,2025-07-24,,5.0,3.0,1.0,0,1.023,1-3 Years (Mid-Tenure),0
1638,Sales,Associate,Associate - Sales,44997.77,4,3.4,38,Other,African American,2023-03-22,,5.0,5.0,5.0,0,0.783,3+ Years (Tenured),0
609,Sales,Associate,Associate - Sales,58741.36,2,0.45,41,Other,African American,2026-03-04,,5.0,2.0,1.0,0,1.022,0-1 Year (Onboarding),0
1640,Sales,Associate,Associate - Sales,68263.98,4,3.9,37,Female,Asian,2022-09-23,,4.0,6.0,3.0,0,1.188,3+ Years (Tenured),1
288,Sales,Associate,Associate - Sales,71905.39,3,2.02,29,Other,Hispanic,2024-08-09,,5.0,1.0,5.0,0,1.251,1-3 Years (Mid-Tenure),0
32,Sales,Associate,Associate - Sales,69842.75,4,0.56,48,Male,,2023-09-27,2024-04-19,8.0,7.0,9.0,1,1.215,0-1 Year (Onboarding),0
3279,Sales,Associate,Associate - Sales,61619.04,3,5.06,42,Non-Binary,Two or More,2021-07-26,,9.99,9.99,9.0,0,1.072,3+ Years (Tenured),0
1056,Sales,Associate,Associate - Sales,60791.07,5,1.42,48,Non-Binary,Hispanic,2024-05-11,2025-10-11,5.0,1.0,5.0,1,1.058,1-3 Years (Mid-Tenure),0
1054,Sales,Associate,Associate - Sales,60667.82,5,3.82,55,Other,Two or More,2022-10-22,,7.0,9.99,3.0,0,1.056,3+ Years (Tenured),0
85,Sales,Associate,Associate - Sales,70165.74,5,2.69,50,Non-Binary,Caucasian,2023-12-06,,1.0,6.0,4.0,0,1.221,1-3 Years (Mid-Tenure),1
4312,Sales,Associate,Associate - Sales,46287.28,4,1.41,38,Female,Asian,2025-03-17,,8.0,6.0,4.0,0,0.806,1-3 Years (Mid-Tenure),0
1553,Sales,Associate,Associate - Sales,66244.28,5,4.94,35,Female,Caucasian,2021-09-08,,5.0,3.0,6.0,0,1.153,3+ Years (Tenured),0
3058,Sales,Associate,Associate - Sales,51058.39,2,2.39,47,Female,Asian,2024-03-27,,3.0,4.0,1.0,0,0.889,1-3 Years (Mid-Tenure),0
3100,Sales,Associate,Associate - Sales,56984.17,3,0.52,32,Other,Hispanic,2025-10-23,2026-04-29,6.0,5.0,5.0,1,0.992,0-1 Year (Onboarding),0
363,Sales,Associate,Associate - Sales,50658.35,5,0.83,35,Female,African American,2022-12-22,2023-10-22,6.0,5.0,5.0,1,0.882,0-1 Year (Onboarding),0
251,Sales,Associate,Associate - Sales,58942.43,3,2.97,25,Female,Two or More,2023-08-27,,9.0,5.0,5.0,0,1.026,1-3 Years (Mid-Tenure),0
1197,Sales,Associate,Associate - Sales,61895.93,4,4.21,40,Female,African American,2022-05-30,,9.0,7.0,8.0,0,1.077,3+ Years (Tenured),0
2795,Sales,Associate,Associate - Sales,52789.99,3,2.62,32,Male,Two or More,2024-01-03,,6.0,1.0,6.0,0,0.919,1-3 Years (Mid-Tenure),0
3419,Sales,Associate,Associate - Sales,71351.66,3,3.33,57,Male,Hispanic,2023-04-19,,7.0,9.99,5.0,0,1.242,3+ Years (Tenured),0
779,Sales,Associate,Associate - Sales,52037.14,5,2.02,49,Non-Binary,,2024-08-09,,8.0,9.99,6.0,0,0.906,1-3 Years (Mid-Tenure),0
3059,Sales,Associate,associate - sales,45522.27,4,4.26,29,Female,,2022-05-12,,4.0,3.0,2.0,0,0.792,3+ Years (Tenured),1
1577,Sales,Associate,Associate - Sales,52883.67,4,3.44,32,Other,African American,2023-03-09,,9.0,7.0,8.0,0,0.92,3+ Years (Tenured),0
403,Sales,Associate,Associate - Sales,52140.75,4,0.61,47,Female,African American,2023-11-28,2024-07-06,4.0,1.0,2.0,1,0.907,0-1 Year (Onboarding),1
1766,Sales,Associate,Associate - Sales,63215.14,3,0.38,42,,African American,2026-01-30,2026-06-17,6.0,5.0,5.0,1,1.1,0-1 Year (Onboarding),0
588,Sales,Associate,Associate - Sales,50467.4,3,1.28,63,Male,Asian,2023-09-05,2024-12-17,6.0,5.0,5.0,1,0.878,1-3 Years (Mid-Tenure),0
589,Sales,Associate,Associate - Sales,60014.44,2,3.21,47,Male,Two or More,2022-07-28,2025-10-13,5.0,3.0,9.99,1,1.044,3+ Years (Tenured),0
2701,Sales,Associate,Associate - Sales,53009.35,4,2.76,35,Male,Caucasian,2023-11-12,,1.0,1.0,3.0,0,0.923,1-3 Years (Mid-Tenure),1
1080,Sales,Associate,Associate - Sales,54798.74,4,1.24,48,Other,Hispanic,2025-05-20,,4.0,1.0,1.0,0,0.954,1-3 Years (Mid-Tenure),1
2783,Sales,Associate,Associate - Sales,72869.39,3,3.53,34,Non-Binary,Two or More,2023-02-04,,9.99,9.0,4.0,0,1.268,3+ Years (Tenured),0
1077,Sales,Associate,Associate - Sales,57089.75,2,0.93,35,Female,African American,2025-09-11,,3.0,4.0,5.0,0,0.994,0-1 Year (Onboarding),0
106,Sales,Associate,Associate - Sales,47238.67,3,2.18,32,Male,Caucasian,2023-10-30,2026-01-02,5.0,5.0,3.0,1,0.822,1-3 Years (Mid-Tenure),0
3281,Sales,Associate,Associate - Sales,67600.83,5,3.57,42,,Caucasian,2023-01-20,,8.0,7.0,8.0,0,1.176,3+ Years (Tenured),0
1736,Sales,Associate,Associate - Sales,49546.6,4,4.9,48,Non-Binary,,2021-09-22,,5.0,7.0,9.0,0,0.862,3+ Years (Tenured),0
2714,Sales,Associate,Associate - Sales,54216.97,3,1.01,41,Female,Two or More,2025-08-11,,8.0,1.0,9.0,0,0.944,1-3 Years (Mid-Tenure),0
192,Sales,Associate,Associate - Sales,74864.41,4,4.43,30,Other,Asian,2022-03-13,,3.0,3.0,9.0,0,1.303,3+ Years (Tenured),1
126,Sales,Associate,Associate - Sales,50619.8,4,2.36,51,Non-Binary,Two or More,2024-04-07,,5.0,7.0,2.0,0,0.881,1-3 Years (Mid-Tenure),0
3862,Sales,Associate,Associate - Sales,47913.05,3,5.03,33,Other,Asian,2021-08-05,,4.0,3.0,3.0,0,0.834,3+ Years (Tenured),0
1136,Sales,Associate,Associate - Sales,50653.4,4,1.42,27,Female,Hispanic,2025-03-16,,4.0,1.0,1.0,0,0.882,1-3 Years (Mid-Tenure),1
2000,Sales,Associate,Associate - Sales,49015.9,3,2.85,44,Other,Hispanic,2023-10-09,,6.0,4.0,2.0,0,0.853,1-3 Years (Mid-Tenure),0
1410,Sales,Associate,Associate - Sales,43416.27,3,1.38,38,Female,Two or More,2025-03-29,,1.0,6.0,5.0,0,0.756,1-3 Years (Mid-Tenure),0
2890,Sales,Associate,Associate - Sales,70757.39,2,4.44,34,Male,African American,2022-03-10,,8.0,5.0,8.0,0,1.231,3+ Years (Tenured),0
2573,Sales,Associate,Associate - Sales,48118.94,3,1.1,41,Male,Hispanic,2025-07-09,,4.0,7.0,2.0,0,0.837,1-3 Years (Mid-Tenure),0
675,Sales,Associate,Associate - Sales,56970.07,3,2.74,41,Other,Asian,2023-11-20,,9.99,9.99,9.99,0,0.991,1-3 Years (Mid-Tenure),0
928,Sales,Associate,Associate - Sales,43903.19,4,4.67,41,Other,Hispanic,2021-12-14,,2.0,3.0,1.0,0,0.764,3+ Years (Tenured),1
2892,Sales,Associate,Associate - Sales,56749.33,2,0.39,60,Male,Caucasian,2026-03-25,,6.0,4.0,9.99,0,0.988,0-1 Year (Onboarding),0
2586,Sales,Associate,Associate - Sales,48697.64,3,5.07,38,Female,African American,2021-07-22,,8.0,3.0,5.0,0,0.847,3+ Years (Tenured),0
1427,Sales,Associate,Associate - Sales,71718.13,3,2.89,30,Male,Hispanic,2023-09-26,,4.0,5.0,7.0,0,1.248,1-3 Years (Mid-Tenure),0
1428,Sales,Associate,Associate - Sales,45315.35,5,0.68,33,Male,Two or More,2024-12-19,2025-08-23,9.0,7.0,5.0,1,0.789,0-1 Year (Onboarding),0
3141,Sales,Associate,Associate - Sales,64567.22,4,1.87,31,Other,Two or More,2024-10-03,,7.0,9.0,5.0,0,1.124,1-3 Years (Mid-Tenure),0
3874,Sales,Associate,Associate - Sales,67352.72,3,3.75,21,Male,African American,2022-11-14,,3.0,2.0,6.0,0,1.172,3+ Years (Tenured),0
1431,Sales,Associate,Associate - Sales,70436.77,3,4.04,33,Female,Caucasian,2022-08-01,,6.0,6.0,8.0,0,1.226,3+ Years (Tenured),0
2589,Sales,Associate,Associate - Sales,74227.34,4,4.98,56,Non-Binary,Two or More,2021-08-23,,6.0,3.0,8.0,0,1.292,3+ Years (Tenured),0
933,Sales,Associate,Associate - Sales,70095.1,4,4.13,45,Other,Asian,2022-06-28,,9.0,5.0,6.0,0,1.22,3+ Years (Tenured),0
790,Sales,Associate,Associate - Sales,56150.58,3,2.55,34,Non-Binary,African American,2024-01-26,,1.0,1.0,1.0,0,0.977,1-3 Years (Mid-Tenure),0
3842,Sales,Associate,Associate - Sales,46158.29,3,3.14,31,Female,African American,2023-06-25,,4.0,2.0,6.0,0,0.803,3+ Years (Tenured),0
2071,Sales,Associate,Associate - Sales,71833.07,3,0.73,46,Non-Binary,Caucasian,2025-11-20,,9.0,8.0,9.99,0,1.25,0-1 Year (Onboarding),0
740,Sales,Associate,Associate - Sales,44774.65,4,4.88,53,Male,Hispanic,2021-09-30,,3.0,7.0,1.0,0,0.779,3+ Years (Tenured),1
401,Sales,Associate,Associate - Sales,65666.89,5,3.99,26,Female,Caucasian,2022-04-28,2026-04-24,8.0,7.0,5.0,1,1.143,3+ Years (Tenured),0
905,Sales,Associate,Associate - Sales,45970.65,4,3.63,30,Other,Asian,2022-12-28,,2.0,1.0,9.99,0,0.8,3+ Years (Tenured),1
1385,Sales,Associate,Associate - Sales,73047.48,3,2.26,30,Female,Two or More,2024-05-12,,9.99,7.0,9.0,0,1.271,1-3 Years (Mid-Tenure),0
1142,Sales,Associate,Associate - Sales,61687.35,3,2.27,37,Male,Two or More,2024-05-09,,7.0,9.0,9.0,0,1.074,1-3 Years (Mid-Tenure),0
3838,Sales,Associate,Associate - Sales,54450.43,1,4.84,53,Non-Binary,Caucasian,2021-10-14,,8.0,8.0,6.0,0,0.948,3+ Years (Tenured),0
523,Sales,Associate,Associate - Sales,62514.48,3,3.64,59,Male,Two or More,2022-12-27,,1.0,3.0,7.0,0,1.088,3+ Years (Tenured),0
301,Sales,Associate,Associate - Sales,49782.84,4,3.52,42,Male,African American,2023-02-09,,9.0,5.0,9.99,0,0.866,3+ Years (Tenured),0
549,Sales,Associate,Associate - Sales,63195.11,2,3.46,53,Female,Hispanic,2023-03-01,,7.0,4.0,8.0,0,1.1,3+ Years (Tenured),0
59,Sales,Associate,Associate - Sales,55900.34,3,1.48,21,Non-Binary,Caucasian,2025-02-19,,7.0,8.0,5.0,0,0.973,1-3 Years (Mid-Tenure),0
3356,Sales,Associate,Associate - Sales,74087.04,4,4.98,50,Female,Asian,2021-08-25,,9.99,4.0,5.0,0,1.289,3+ Years (Tenured),0
4396,Sales,Associate,Associate - Sales,48824.17,2,0.29,30,Male,Hispanic,2026-05-02,,3.0,7.0,3.0,0,0.85,0-1 Year (Onboarding),0
2561,Sales,Associate,Associate - Sales,60129.92,4,1.42,45,Female,Two or More,2025-03-14,,4.0,6.0,6.0,0,1.046,1-3 Years (Mid-Tenure),1
3360,Sales,Associate,Associate - Sales,71459.5,4,1.49,40,Non-Binary,Two or More,2023-06-22,2024-12-16,8.0,5.0,7.0,1,1.244,1-3 Years (Mid-Tenure),0
681,Sales,Associate,Associate - Sales,55981.05,4,0.76,39,Male,Two or More,2025-11-10,,5.0,7.0,6.0,0,0.974,0-1 Year (Onboarding),0
3363,Sales,Associate,Associate - Sales,64280.7,3,0.13,29,Non-Binary,African American,2026-06-29,,6.0,5.0,5.0,0,1.119,0-1 Year (Onboarding),0
530,Sales,Associate,Associate - Sales,68737.43,1,2.7,52,Other,Two or More,2023-12-03,,9.0,9.99,8.0,0,1.196,1-3 Years (Mid-Tenure),0
3902,Sales,Associate,Associate - Sales,57207.91,4,3.6,38,Other,Caucasian,2023-01-08,,5.0,6.0,7.0,0,0.996,3+ Years (Tenured),0
343,Sales,Associate,Associate - Sales,49490.9,3,1.2,36,Male,Two or More,2021-12-24,2023-03-06,6.0,5.0,5.0,1,0.861,1-3 Years (Mid-Tenure),0
937,Sales,Associate,Associate - Sales,70458.98,3,2.32,56,Male,Caucasian,2024-04-22,,2.0,5.0,3.0,0,1.226,1-3 Years (Mid-Tenure),0
3885,Sales,Associate,Associate - Sales,68251.29,5,4.49,54,Non-Binary,African American,2022-02-18,,5.0,7.0,6.0,0,1.188,3+ Years (Tenured),0
3524,Sales,Associate,Associate - Sales,71303.72,4,0.25,29,Non-Binary,Asian,2026-05-16,,5.0,3.0,5.0,0,1.241,0-1 Year (Onboarding),0
3897,Sales,Associate,Associate - Sales,74249.5,4,0.91,41,Non-Binary,Asian,2025-09-18,,8.0,8.0,9.99,0,1.292,0-1 Year (Onboarding),0
3526,Sales,Associate,Associate - Sales,62819.75,3,3.88,44,Female,Caucasian,2022-09-30,,3.0,5.0,5.0,0,1.093,3+ Years (Tenured),0
2608,Sales,Associate,Associate - Sales,48004.22,5,2.73,52,Male,Caucasian,2023-11-23,,7.0,9.99,5.0,0,0.835,1-3 Years (Mid-Tenure),0
942,Sales,Associate,Associate - Sales,67072.41,3,2.32,48,Male,Hispanic,2024-01-16,2026-05-13,7.0,9.0,9.0,1,1.167,1-3 Years (Mid-Tenure),0
4143,Sales,Associate,Associate - Sales,45432.23,2,1.01,26,Other,Two or More,2025-08-10,,5.0,3.0,3.0,0,0.791,1-3 Years (Mid-Tenure),0
4146,Sales,Associate,Associate - Sales,42467.32,2,2.97,34,Non-Binary,Two or More,2023-08-26,,9.0,9.99,9.99,0,0.739,1-3 Years (Mid-Tenure),0
3380,Sales,Associate,Associate - Sales,43353.82,4,1.68,44,Other,Hispanic,2024-12-11,,8.0,4.0,5.0,0,0.754,1-3 Years (Mid-Tenure),0
938,Sales,Associate,Associate - Sales,43913.17,3,1.59,44,Female,Asian,2025-01-10,,2.0,9.0,4.0,0,0.764,1-3 Years (Mid-Tenure),0
4293,Sales,Associate,Associate - Sales,47897.75,2,1.04,33,Male,African American,2022-04-03,2023-04-19,6.0,5.0,5.0,1,0.834,1-3 Years (Mid-Tenure),0
3845,Sales,Domain Director,Domain Director - Sales,170142.39,3,3.43,38,Male,Caucasian,2023-03-11,,4.0,2.0,1.0,0,1.0,3+ Years (Tenured),0
3548,Sales,Executive Director,Executive Director - Sales,215457.84,3,4.81,44,Female,Caucasian,2021-10-25,,1.0,2.0,3.0,0,1.052,3+ Years (Tenured),0
351,Sales,Executive Director,Executive Director - Sales,194281.83,3,2.81,31,Other,African American,2023-10-23,,4.0,7.0,1.0,0,0.948,1-3 Years (Mid-Tenure),0
916,Sales,Manager,Manager - Sales,94849.34,5,0.19,34,Male,Asian,2026-06-05,,6.0,5.0,5.0,0,1.009,0-1 Year (Onboarding),0
3300,Sales,Manager,Manager - Sales,95408.39,5,0.88,31,Female,,2025-09-27,,4.0,3.0,8.0,0,1.015,0-1 Year (Onboarding),1
3576,Sales,Manager,Manager - Sales,108177.21,3,1.54,36,Non-Binary,African American,2025-01-30,,5.0,6.0,9.99,0,1.15,1-3 Years (Mid-Tenure),0
3152,Sales,Manager,Manager - Sales,79507.11,5,3.54,45,Non-Binary,Two or More,2023-02-01,,8.0,4.0,4.0,0,0.846,3+ Years (Tenured),0
541,Sales,Manager,Manager - Sales,104352.94,4,3.44,21,Male,Hispanic,2023-03-10,,9.99,5.0,8.0,0,1.11,3+ Years (Tenured),0
4446,Sales,Manager,Manager - Sales,81887.74,3,0.17,45,Non-Binary,Asian,2023-11-27,2024-01-28,6.0,5.0,5.0,1,0.871,0-1 Year (Onboarding),0
605,Sales,Supervisor/Lead,Supervisor/Lead - Sales,75155.49,4,1.15,21,Other,Two or More,2021-11-22,2023-01-14,6.0,5.0,5.0,1,0.99,1-3 Years (Mid-Tenure),0
2180,Sales,Supervisor/Lead,Supervisor/Lead - Sales,70378.96,3,4.66,22,Other,African American,2021-12-18,,5.0,7.0,2.0,0,0.928,3+ Years (Tenured),0
2803,Sales,Supervisor/Lead,Supervisor/Lead - Sales,66253.9,4,3.89,43,Non-Binary,Two or More,2022-09-24,,9.0,9.0,3.0,0,0.873,3+ Years (Tenured),0
434,Sales,Supervisor/Lead,Supervisor/Lead - Sales,64563.6,5,2.38,40,Female,Asian,2024-03-28,,7.0,8.0,5.0,0,0.851,1-3 Years (Mid-Tenure),0
4027,Sales,Supervisor/Lead,Supervisor/Lead - Sales,79211.93,2,4.37,38,Other,Two or More,2022-04-03,,4.0,5.0,9.0,0,1.044,3+ Years (Tenured),0
3521,Sales,Supervisor/Lead,Supervisor/Lead - Sales,55667.23,5,1.94,48,Female,Asian,2024-09-05,,4.0,4.0,1.0,0,0.734,1-3 Years (Mid-Tenure),1
1058,Sales,Supervisor/Lead,Supervisor/Lead - Sales,82814.07,2,0.04,45,Male,Hispanic,2026-07-30,,6.0,5.0,5.0,0,1.091,0-1 Year (Onboarding),0
2793,Sales,Supervisor/Lead,Supervisor/Lead - Sales,68087.76,3,0.12,50,Other,Asian,2026-07-02,,6.0,5.0,5.0,0,0.897,0-1 Year (Onboarding),0
3894,Sales,Supervisor/Lead,Supervisor/Lead - Sales,88026.19,2,3.96,44,Female,African American,2022-08-30,,3.0,9.99,4.0,0,1.16,3+ Years (Tenured),0
1918,Sales,Supervisor/Lead,Supervisor/Lead - Sales,89743.68,4,0.87,33,Non-Binary,African American,2024-12-18,2025-11-01,9.99,9.0,9.99,1,1.183,0-1 Year (Onboarding),0
1241,Sales,Supervisor/Lead,Supervisor/Lead - Sales,84848.15,2,4.1,31,Male,African American,2022-05-15,2026-06-19,3.0,1.0,4.0,1,1.118,3+ Years (Tenured),0
1928,Sales,Supervisor/Lead,Supervisor/Lead - Sales,65884.47,1,1.35,44,Other,African American,2025-04-10,,5.0,2.0,5.0,0,0.868,1-3 Years (Mid-Tenure),0
2080,Sales,Supervisor/Lead,Supervisor/Lead - Sales,83953.1,3,2.88,47,Male,African American,2022-04-13,2025-02-27,3.0,5.0,1.0,1,1.106,1-3 Years (Mid-Tenure),0
2748,Sales,Supervisor/Lead,Supervisor/Lead - Sales,72808.34,3,5.13,45,Female,Caucasian,2021-07-01,,5.0,5.0,4.0,0,0.96,3+ Years (Tenured),0
515,Sales,Supervisor/Lead,Supervisor/Lead - Sales,87632.18,1,3.45,25,Female,Hispanic,2023-03-06,,1.0,2.0,5.0,0,1.155,3+ Years (Tenured),0
2553,Sales,Supervisor/Lead,Supervisor/Lead - Sales,69486.13,3,0.97,30,Male,Hispanic,2025-08-26,,7.0,8.0,3.0,0,0.916,0-1 Year (Onboarding),0
4060,Sales,Supervisor/Lead,Supervisor/Lead - Sales,87444.01,3,0.78,47,Male,Caucasian,2025-11-03,,5.0,4.0,8.0,0,1.152,0-1 Year (Onboarding),0
774,Sales,Supervisor/Lead,Supervisor/Lead - Sales,66298.96,3,0.87,35,Other,Asian,2025-10-03,,4.0,9.0,1.0,0,0.874,0-1 Year (Onboarding),0
3666,Sales,Supervisor/Lead,Supervisor/Lead - Sales,88218.46,1,1.49,36,Other,Asian,2025-02-17,,6.0,6.0,5.0,0,1.163,1-3 Years (Mid-Tenure),0
2340,Sales,Supervisor/Lead,Supervisor/Lead - Sales,80315.15,3,4.95,40,Non-Binary,African American,2021-09-04,,6.0,5.0,5.0,0,1.058,3+ Years (Tenured),0
272,Sales,Supervisor/Lead,Supervisor/Lead - Sales,60804.24,2,3.34,29,Male,Asian,2023-04-13,,3.0,3.0,1.0,0,0.801,3+ Years (Tenured),0
2906,Sales,Supervisor/Lead,Supervisor/Lead - Sales,71442.81,3,4.51,50,Other,African American,2022-02-10,,7.0,4.0,3.0,0,0.942,3+ Years (Tenured),0
1148,Sales,Supervisor/Lead,Supervisor/Lead - Sales,89078.41,4,1.5,40,Male,African American,2025-02-13,,2.0,1.0,1.0,0,1.174,1-3 Years (Mid-Tenure),1
2517,Sales,Supervisor/Lead,Supervisor/Lead - Sales,60894.88,3,1.15,21,Other,Two or More,2025-06-20,,3.0,7.0,3.0,0,0.803,1-3 Years (Mid-Tenure),0
2729,Sales,Supervisor/Lead,Supervisor/Lead - Sales,89980.73,4,4.37,27,Other,Asian,2022-04-02,,7.0,5.0,4.0,0,1.186,3+ Years (Tenured),0
2940,Sales,Supervisor/Lead,Supervisor/Lead - Sales,73318.5,4,0.19,43,Male,Asian,2026-06-06,,8.0,8.0,6.0,0,0.966,0-1 Year (Onboarding),0
4047,Sales,Supervisor/Lead,Supervisor/Lead - Sales,83055.32,4,0.78,48,Non-Binary,Two or More,2025-11-02,,7.0,9.99,5.0,0,1.095,0-1 Year (Onboarding),0
256,Sales,Supervisor/Lead,Supervisor/Lead - Sales,70660.13,2,5.12,42,Male,Caucasian,2021-07-02,,9.0,4.0,4.0,0,0.931,3+ Years (Tenured),0
3049,Sales,Supervisor/Lead,Supervisor/Lead - Sales,78200.91,2,4.21,28,Female,African American,2022-06-02,,6.0,5.0,7.0,0,1.031,3+ Years (Tenured),0
960,Sales,Supervisor/Lead,Supervisor/Lead - Sales,71822.79,4,5.11,48,Female,African American,2021-07-06,,8.0,4.0,6.0,0,0.947,3+ Years (Tenured),0
1432,Sales,Supervisor/Lead,Supervisor/Lead - Sales,75890.04,4,1.78,38,Male,Asian,2024-11-02,,3.0,1.0,5.0,0,1.0,1-3 Years (Mid-Tenure),1
354,Sales,Supervisor/Lead,Supervisor/Lead - Sales,86408.82,4,4.22,48,Male,Caucasian,2022-05-28,,9.0,6.0,2.0,0,1.139,3+ Years (Tenured),0
2257,Sales,Supervisor/Lead,Supervisor/Lead - Sales,80282.44,5,3.28,38,Other,Hispanic,2023-05-05,,6.0,8.0,5.0,0,1.058,3+ Years (Tenured),0
3877,Sales,Supervisor/Lead,Supervisor/Lead - Sales,68938.61,3,1.07,25,Male,Asian,2025-07-22,,4.0,1.0,1.0,0,0.909,1-3 Years (Mid-Tenure),0
1987,Sales,Supervisor/Lead,Supervisor/Lead - Sales,89384.94,2,1.52,21,Other,Asian,2025-02-05,,9.99,8.0,4.0,0,1.178,1-3 Years (Mid-Tenure),0
4156,Sales,Supervisor/Lead,Supervisor/Lead - Sales,75563.2,1,3.92,21,Male,,2022-09-16,,6.0,6.0,4.0,0,0.996,3+ Years (Tenured),0
1851,Sales,Supervisor/Lead,Supervisor/Lead - Sales,62504.44,2,3.71,31,Male,Asian,2022-11-29,,6.0,7.0,6.0,0,0.824,3+ Years (Tenured),0
709,Sales,Supervisor/Lead,Supervisor/Lead - Sales,58262.99,3,4.43,54,Male,Hispanic,2022-03-11,,1.0,8.0,2.0,0,0.768,3+ Years (Tenured),0
2230,Sales,Supervisor/Lead,Supervisor/Lead - Sales,74816.63,4,3.18,58,Other,Asian,2023-06-11,,9.99,5.0,8.0,0,0.986,3+ Years (Tenured),0
3341,Sales,Supervisor/Lead,Supervisor/Lead - Sales,84004.7,5,2.92,48,Male,Caucasian,2023-09-16,,9.99,8.0,6.0,0,1.107,1-3 Years (Mid-Tenure),0
722,Sales,Supervisor/Lead,Supervisor/Lead - Sales,78870.37,5,0.48,27,Other,Two or More,2026-02-20,,6.0,5.0,5.0,0,1.039,0-1 Year (Onboarding),0
3811,Customer Success,Assistant Manager,Assistant Manager - Customer Success,74976.98,3,0.53,52,Female,Asian,2026-02-01,,7.0,4.0,6.0,0,0.98,0-1 Year (Onboarding),0
2261,Customer Success,Assistant Manager,Assistant Manager - Customer Success,68323.01,1,1.23,33,Male,Caucasian,2025-05-24,,4.0,4.0,1.0,0,0.893,1-3 Years (Mid-Tenure),0
2402,Customer Success,Assistant Manager,Assistant Manager - Customer Success,62258.85,1,3.36,26,Non-Binary,Asian,2023-04-06,,9.0,9.0,9.0,0,0.814,3+ Years (Tenured),0
1159,Customer Success,Assistant Manager,Assistant Manager - Customer Success,83149.91,3,1.64,39,Female,African American,2024-12-26,,5.0,2.0,3.0,0,1.087,1-3 Years (Mid-Tenure),0
1826,Customer Success,Assistant Manager,Assistant Manager - Customer Success,81197.0,2,2.83,45,Other,Caucasian,2023-10-17,,3.0,3.0,3.0,0,1.062,1-3 Years (Mid-Tenure),0
3213,Customer Success,Assistant Manager,Assistant Manager - Customer Success,69419.93,3,4.69,63,Non-Binary,Hispanic,2021-12-07,,2.0,2.0,5.0,0,0.908,3+ Years (Tenured),0
2594,Customer Success,Assistant Manager,Assistant Manager - Customer Success,95400.17,4,4.01,27,Other,Hispanic,2022-08-12,,4.0,5.0,1.0,0,1.247,3+ Years (Tenured),1
1864,Customer Success,Assistant Manager,Assistant Manager - Customer Success,77067.32,3,4.5,45,Non-Binary,Asian,2022-02-13,,5.0,3.0,8.0,0,1.008,3+ Years (Tenured),0
307,Customer Success,Associate,Associate - Customer Success,40362.32,3,1.7,35,Non-Binary,Caucasian,2024-12-02,,4.0,1.0,4.0,0,0.713,1-3 Years (Mid-Tenure),0
2524,Customer Success,Associate,Associate - Customer Success,44232.28,3,2.54,43,Female,Asian,2024-02-01,,6.0,8.0,8.0,0,0.781,1-3 Years (Mid-Tenure),0
2384,Customer Success,Associate,Associate - Customer Success,54989.03,4,3.6,45,Other,Two or More,2023-01-08,,6.0,8.0,2.0,0,0.971,3+ Years (Tenured),0
2860,Customer Success,Associate,Associate - Customer Success,40250.98,3,2.22,39,Female,,2024-05-26,,9.0,1.0,4.0,0,0.711,1-3 Years (Mid-Tenure),0
2774,Customer Success,Associate,Associate - Customer Success,63583.74,4,4.33,44,Female,African American,2022-04-19,,3.0,4.0,1.0,0,1.123,3+ Years (Tenured),1
2551,Customer Success,Associate,Associate - Customer Success,59702.49,5,3.76,34,Other,Asian,2022-11-10,,6.0,5.0,5.0,0,1.055,3+ Years (Tenured),0
2909,Customer Success,Associate,associate - customer success,62925.98,4,1.81,46,Female,African American,2024-10-22,,8.0,9.0,4.0,0,1.112,1-3 Years (Mid-Tenure),0
3334,Customer Success,Associate,Associate - Customer Success,69244.11,3,4.85,39,Other,African American,2021-10-10,,5.0,1.0,1.0,0,1.223,3+ Years (Tenured),0
2645,Customer Success,Associate,Associate - Customer Success,47282.2,3,2.07,62,Female,Asian,2024-07-20,,8.0,3.0,9.99,0,0.835,1-3 Years (Mid-Tenure),0
2592,Customer Success,Associate,Associate - Customer Success,67672.24,2,1.23,42,Other,Hispanic,2025-05-23,,7.0,7.0,7.0,0,1.195,1-3 Years (Mid-Tenure),0
2617,Customer Success,Associate,Associate - Customer Success,70216.87,3,1.61,50,Female,Two or More,2025-01-04,,5.0,7.0,4.0,0,1.24,1-3 Years (Mid-Tenure),0
3187,Customer Success,Associate,Associate - Customer Success,56713.76,3,1.19,46,Non-Binary,Hispanic,2025-06-07,,3.0,3.0,5.0,0,1.002,1-3 Years (Mid-Tenure),0
2836,Customer Success,Associate,Associate - Customer Success,41256.74,4,4.55,36,Female,Two or More,2022-01-29,,9.99,9.99,8.0,0,0.729,3+ Years (Tenured),0
2381,Customer Success,Associate,Associate - Customer Success,41277.88,4,4.17,21,Other,Asian,2022-06-16,,9.99,3.0,5.0,0,0.729,3+ Years (Tenured),0
3324,Customer Success,Associate,Associate - Customer Success,70928.85,3,1.51,45,Male,Caucasian,2025-02-11,,9.0,2.0,9.0,0,1.253,1-3 Years (Mid-Tenure),0
3252,Customer Success,Associate,Associate - Customer Success,65478.6,5,0.94,25,Male,Caucasian,2025-09-06,,4.0,6.0,7.0,0,1.157,0-1 Year (Onboarding),1
3569,Customer Success,Associate,Associate - Customer Success,64459.07,3,3.96,40,Non-Binary,African American,2022-08-29,,7.0,4.0,8.0,0,1.139,3+ Years (Tenured),0
3444,Customer Success,Associate,Associate - Customer Success,58316.12,2,0.69,42,Female,Two or More,2025-04-04,2025-12-12,6.0,1.0,2.0,1,1.03,0-1 Year (Onboarding),0
2988,Customer Success,Associate,Associate - Customer Success,45828.53,3,2.44,28,Non-Binary,African American,2024-03-09,,9.99,6.0,7.0,0,0.81,1-3 Years (Mid-Tenure),0
257,Customer Success,Associate,Associate - Customer Success,62646.42,4,3.34,51,Male,Hispanic,2023-04-13,,7.0,8.0,3.0,0,1.107,3+ Years (Tenured),0
219,Customer Success,Associate,Associate - Customer Success,44550.03,4,2.92,37,Female,Two or More,2023-09-15,,6.0,6.0,4.0,0,0.787,1-3 Years (Mid-Tenure),0
224,Customer Success,Associate,Associate - Customer Success,67846.3,4,5.02,42,Female,Asian,2021-08-09,,4.0,5.0,8.0,0,1.198,3+ Years (Tenured),1
2750,Customer Success,Associate,Associate - Customer Success,56227.75,1,0.47,46,Other,Asian,2021-08-17,2022-02-03,6.0,5.0,5.0,1,0.993,0-1 Year (Onboarding),0
355,Customer Success,Associate,Associate - Customer Success,64454.78,4,0.87,44,Non-Binary,Caucasian,2025-07-30,2026-06-12,2.0,2.0,1.0,1,1.139,0-1 Year (Onboarding),1
390,Customer Success,Associate,Associate - Customer Success,53882.66,3,0.26,39,Male,Hispanic,2026-05-12,,6.0,5.0,5.0,0,0.952,0-1 Year (Onboarding),0
188,Customer Success,Associate,Associate - Customer Success,40881.88,3,1.96,35,Other,Asian,2023-07-10,2025-06-26,8.0,8.0,2.0,1,0.722,1-3 Years (Mid-Tenure),0
3327,Customer Success,Associate,Associate - Customer Success,69997.66,3,2.88,58,Female,Asian,2023-09-27,,8.0,7.0,7.0,0,1.236,1-3 Years (Mid-Tenure),0
2641,Customer Success,Associate,Associate - Customer Success,52394.45,3,3.27,30,Male,African American,2023-05-11,,3.0,1.0,4.0,0,0.926,3+ Years (Tenured),0
2697,Customer Success,Associate,Associate - Customer Success,58847.2,5,3.25,23,Other,African American,2023-05-17,,7.0,5.0,2.0,0,1.04,3+ Years (Tenured),0
2630,Customer Success,Associate,Associate - Customer Success,42949.17,3,3.97,40,Non-Binary,African American,2022-08-27,,6.0,7.0,3.0,0,0.759,3+ Years (Tenured),0
3573,Customer Success,Associate,Associate - Customer Success,51925.71,3,2.47,64,Male,Two or More,2024-02-25,,5.0,4.0,4.0,0,0.917,1-3 Years (Mid-Tenure),0
2601,Customer Success,Associate,Associate - Customer Success,42182.89,1,0.28,66,Female,Caucasian,2026-05-04,,5.0,4.0,5.0,0,0.745,0-1 Year (Onboarding),0
3484,Customer Success,Associate,Associate - Customer Success,60632.55,4,4.76,35,Male,Caucasian,2021-11-12,,9.99,3.0,5.0,0,1.071,3+ Years (Tenured),0
3197,Customer Success,Associate,Associate - Customer Success,54929.5,4,2.58,53,Female,African American,2022-12-04,2025-07-04,6.0,8.0,1.0,1,0.97,1-3 Years (Mid-Tenure),0
3256,Customer Success,Associate,Associate - Customer Success,57718.44,2,4.13,43,Male,Two or More,2022-06-28,,6.0,7.0,5.0,0,1.02,3+ Years (Tenured),0
3014,Customer Success,Associate,Associate - Customer Success,66594.87,1,2.47,61,Other,African American,2024-02-27,,8.0,7.0,5.0,0,1.176,1-3 Years (Mid-Tenure),0
2568,Customer Success,Associate,Associate - Customer Success,68855.58,2,0.52,37,Non-Binary,African American,2026-02-06,,5.0,7.0,4.0,0,1.216,0-1 Year (Onboarding),0
3362,Customer Success,Associate,Associate - Customer Success,53255.21,4,3.58,51,Other,Asian,2023-01-17,,6.0,5.0,3.0,0,0.941,3+ Years (Tenured),0
329,Customer Success,Associate,Associate - Customer Success,54488.69,2,3.99,44,Male,Caucasian,2022-08-20,,8.0,8.0,7.0,0,0.963,3+ Years (Tenured),0
435,Customer Success,Associate,Associate - Customer Success,65261.92,3,0.69,25,Male,African American,2025-12-05,,3.0,4.0,8.0,0,1.153,0-1 Year (Onboarding),0
3251,Customer Success,Associate,Associate - Customer Success,46474.45,3,1.07,21,Male,Caucasian,2025-07-20,,7.0,6.0,3.0,0,0.821,1-3 Years (Mid-Tenure),0
3235,Customer Success,Associate,Associate - Customer Success,68831.53,3,2.33,61,Other,Asian,2024-04-16,,4.0,6.0,5.0,0,1.216,1-3 Years (Mid-Tenure),0
3312,Customer Success,Associate,Associate - Customer Success,51401.38,3,1.42,63,Non-Binary,Two or More,2025-03-14,,7.0,5.0,8.0,0,0.908,1-3 Years (Mid-Tenure),0
2418,Customer Success,Associate,Associate - Customer Success,65616.98,5,3.97,54,Other,Two or More,2022-08-27,,6.0,6.0,1.0,0,1.159,3+ Years (Tenured),0
169,Customer Success,Associate,Associate - Customer Success,59402.53,2,1.46,54,Other,Hispanic,2025-02-28,,5.0,6.0,7.0,0,1.049,1-3 Years (Mid-Tenure),0
3102,Customer Success,Associate,Associate - Customer Success,43302.95,3,4.7,59,,Hispanic,2021-12-05,,8.0,7.0,9.0,0,0.765,3+ Years (Tenured),0
2556,Customer Success,Associate,Associate - Customer Success,51547.91,4,2.17,46,Non-Binary,Asian,2024-06-14,,8.0,9.99,8.0,0,0.911,1-3 Years (Mid-Tenure),0
3082,Customer Success,Associate,Associate - Customer Success,58318.09,4,4.08,56,Female,African American,2022-07-16,,6.0,7.0,2.0,0,1.03,3+ Years (Tenured),0
2778,Customer Success,Associate,associate - customer success,70194.89,3,5.05,46,Female,Caucasian,2021-07-28,,6.0,5.0,8.0,0,1.24,3+ Years (Tenured),0
2522,Customer Success,Associate,Associate - Customer Success,66251.18,3,1.53,28,Non-Binary,,2024-10-13,2026-04-25,4.0,7.0,4.0,1,1.17,1-3 Years (Mid-Tenure),0
3493,Customer Success,Associate,Associate - Customer Success,68984.57,4,1.11,21,Male,African American,2025-07-07,,6.0,5.0,6.0,0,1.219,1-3 Years (Mid-Tenure),0
237,Customer Success,Associate,Associate - Customer Success,51768.32,5,4.56,48,Other,African American,2022-01-25,,2.0,4.0,3.0,0,0.914,3+ Years (Tenured),1
3603,Customer Success,Associate,Associate - Customer Success,52114.13,3,4.47,38,Female,African American,2022-02-25,,5.0,3.0,9.99,0,0.921,3+ Years (Tenured),0
3456,Customer Success,Associate,Associate - Customer Success,73900.47,4,3.63,58,Female,Asian,2022-12-30,,3.0,2.0,1.0,0,1.305,3+ Years (Tenured),1
2554,Customer Success,Associate,Associate - Customer Success,59314.8,3,3.17,33,Non-Binary,Asian,2023-06-15,,5.0,1.0,3.0,0,1.048,3+ Years (Tenured),0
2985,Customer Success,Associate,Associate - Customer Success,50362.94,3,0.47,23,Non-Binary,Caucasian,2023-06-30,2023-12-18,6.0,5.0,5.0,1,0.89,0-1 Year (Onboarding),0
175,Customer Success,Associate,Associate - Customer Success,42414.25,3,1.79,46,Non-Binary,African American,2024-10-29,,6.0,5.0,3.0,0,0.749,1-3 Years (Mid-Tenure),0
423,Customer Success,Associate,Associate - Customer Success,59810.99,5,1.16,49,Male,Asian,2025-06-19,,6.0,9.99,5.0,0,1.057,1-3 Years (Mid-Tenure),0
3209,Customer Success,Associate,Associate - Customer Success,48029.87,4,2.78,37,Male,African American,2023-11-06,,4.0,3.0,4.0,0,0.848,1-3 Years (Mid-Tenure),1
2399,Customer Success,Associate,Associate - Customer Success,61220.83,2,3.72,44,Male,African American,2022-11-26,,9.0,9.0,4.0,0,1.081,3+ Years (Tenured),0
3586,Customer Success,Associate,Associate - Customer Success,72039.02,4,1.92,40,Male,African American,2022-08-10,2024-07-10,9.0,8.0,6.0,1,1.273,1-3 Years (Mid-Tenure),0
438,Customer Success,Associate,Associate - Customer Success,47584.97,3,3.94,44,Female,African American,2022-09-08,,9.99,9.0,6.0,0,0.841,3+ Years (Tenured),0
2609,Customer Success,Associate,Associate - Customer Success,60720.99,1,0.93,32,Non-Binary,Asian,2025-09-10,,6.0,4.0,7.0,0,1.073,0-1 Year (Onboarding),0
2432,Customer Success,Associate,Associate - Customer Success,44692.59,3,0.42,35,Other,Asian,2026-03-15,,7.0,5.0,4.0,0,0.789,0-1 Year (Onboarding),0
3770,Customer Success,Associate,Associate - Customer Success,41953.87,3,4.55,22,Non-Binary,,2022-01-29,,6.0,5.0,6.0,0,0.741,3+ Years (Tenured),0
38,Customer Success,Associate,Associate - Customer Success,41418.19,2,0.24,38,Non-Binary,Hispanic,2026-05-19,,6.0,5.0,5.0,0,0.732,0-1 Year (Onboarding),0
1934,Customer Success,Associate,Associate - Customer Success,49005.51,5,0.83,47,Other,African American,2025-03-14,2026-01-12,9.99,9.0,9.99,1,0.866,0-1 Year (Onboarding),0
1124,Customer Success,Associate,Associate - Customer Success,47157.88,4,1.51,44,Other,African American,2025-02-11,,9.99,8.0,4.0,0,0.833,1-3 Years (Mid-Tenure),0
1674,Customer Success,Associate,Associate - Customer Success,55388.75,3,4.27,40,Male,Hispanic,2022-05-08,,6.0,2.0,1.0,0,0.978,3+ Years (Tenured),0
1209,Customer Success,Associate,Associate - Customer Success,54424.2,3,3.3,45,Non-Binary,Two or More,2023-04-27,,2.0,3.0,1.0,0,0.961,3+ Years (Tenured),0
65,Customer Success,Associate,Associate - Customer Success,63033.79,2,0.71,59,Female,Asian,2025-11-29,,6.0,5.0,5.0,0,1.113,0-1 Year (Onboarding),0
909,Customer Success,Associate,Associate - Customer Success,63057.78,4,0.28,46,Non-Binary,Caucasian,2026-05-06,,6.0,5.0,5.0,0,1.114,0-1 Year (Onboarding),0
1206,Customer Success,Associate,Associate - Customer Success,44977.52,5,1.44,43,Female,Two or More,2025-03-09,,5.0,8.0,6.0,0,0.795,1-3 Years (Mid-Tenure),0
3766,Customer Success,Associate,Associate - Customer Success,48154.31,1,2.38,36,Other,Caucasian,2024-03-29,,6.0,6.0,6.0,0,0.851,1-3 Years (Mid-Tenure),0
1219,Customer Success,Associate,Associate - Customer Success,48867.27,3,2.35,39,Non-Binary,Asian,2024-03-01,2026-07-08,7.0,7.0,8.0,1,0.863,1-3 Years (Mid-Tenure),0
1667,Customer Success,Associate,Associate - Customer Success,58201.06,2,1.99,21,Male,African American,2024-08-20,,8.0,7.0,9.0,0,1.028,1-3 Years (Mid-Tenure),0
3771,Customer Success,Associate,Associate - Customer Success,56880.8,4,2.98,28,Male,Two or More,2023-08-22,,9.99,8.0,9.99,0,1.005,1-3 Years (Mid-Tenure),0
3889,Customer Success,Associate,Associate - Customer Success,45438.01,3,1.05,25,Male,Asian,2025-07-28,,7.0,3.0,7.0,0,0.803,1-3 Years (Mid-Tenure),0
2156,Customer Success,Associate,Associate - Customer Success,62165.5,3,2.76,38,Non-Binary,,2023-11-13,,2.0,1.0,4.0,0,1.098,1-3 Years (Mid-Tenure),0
4286,Customer Success,Associate,Associate - Customer Success,49346.91,3,4.52,48,Other,African American,2022-02-08,,4.0,6.0,3.0,0,0.872,3+ Years (Tenured),0
655,Customer Success,Associate,Associate - Customer Success,52871.26,1,1.3,40,Other,Two or More,2025-04-27,,6.0,6.0,1.0,0,0.934,1-3 Years (Mid-Tenure),0
4389,Customer Success,Associate,Associate - Customer Success,50075.9,3,4.94,23,Male,African American,2021-09-08,,6.0,7.0,5.0,0,0.885,3+ Years (Tenured),0
653,Customer Success,Associate,Associate - Customer Success,53536.26,4,1.66,43,Other,Hispanic,2024-12-17,,7.0,5.0,6.0,0,0.946,1-3 Years (Mid-Tenure),0
1443,Customer Success,Associate,Associate - Customer Success,67128.69,3,4.22,37,Other,Asian,2022-05-26,,8.0,3.0,5.0,0,1.186,3+ Years (Tenured),0
598,Customer Success,Associate,Associate - Customer Success,53897.53,4,2.29,36,Non-Binary,African American,2024-05-02,,2.0,5.0,4.0,0,0.952,1-3 Years (Mid-Tenure),1
1896,Customer Success,Associate,Associate - Customer Success,46546.46,5,0.08,42,Female,Asian,2026-06-15,2026-07-16,6.0,5.0,5.0,1,0.822,0-1 Year (Onboarding),0
4226,Customer Success,Associate,Associate - Customer Success,58088.78,2,0.99,33,Male,Caucasian,2025-08-17,,5.0,5.0,3.0,0,1.026,0-1 Year (Onboarding),0
1429,Customer Success,Associate,Associate - Customer Success,60922.47,5,0.58,38,Male,Asian,2026-01-14,,3.0,5.0,5.0,0,1.076,0-1 Year (Onboarding),1
1027,Customer Success,Associate,Associate - Customer Success,65179.75,4,1.32,61,Non-Binary,Hispanic,2024-06-27,2025-10-22,7.0,5.0,4.0,1,1.151,1-3 Years (Mid-Tenure),0
600,Customer Success,Associate,Associate - Customer Success,71211.21,2,3.99,21,Non-Binary,African American,2022-08-20,,8.0,7.0,5.0,0,1.258,3+ Years (Tenured),0
4406,Customer Success,Associate,Associate - Customer Success,60924.72,3,4.45,49,Male,African American,2022-03-04,,7.0,4.0,3.0,0,1.076,3+ Years (Tenured),0
1250,Customer Success,Associate,Associate - Customer Success,61672.09,4,1.19,53,Other,Hispanic,2025-06-06,,4.0,5.0,3.0,0,1.089,1-3 Years (Mid-Tenure),1
749,Customer Success,Associate,Associate - Customer Success,53953.65,3,3.25,41,Female,Caucasian,2023-05-15,,6.0,4.0,7.0,0,0.953,3+ Years (Tenured),0
1635,Customer Success,Associate,Associate - Customer Success,49139.09,3,1.24,21,Male,Hispanic,2025-05-18,,8.0,7.0,4.0,0,0.868,1-3 Years (Mid-Tenure),0
4405,Customer Success,Associate,Associate - Customer Success,56280.84,5,1.37,40,Other,Caucasian,2025-04-01,,9.0,9.99,9.99,0,0.994,1-3 Years (Mid-Tenure),0
4402,Customer Success,Associate,Associate - Customer Success,70091.84,3,3.23,46,Female,Hispanic,2023-05-24,,4.0,6.0,5.0,0,1.238,3+ Years (Tenured),0
1240,Customer Success,Associate,Associate - Customer Success,49058.03,5,4.73,41,Non-Binary,Caucasian,2021-11-22,,2.0,1.0,1.0,0,0.867,3+ Years (Tenured),1
1700,Customer Success,Associate,Associate - Customer Success,48451.58,4,1.53,40,Non-Binary,Asian,2025-02-04,,9.99,9.99,6.0,0,0.856,1-3 Years (Mid-Tenure),0
1909,Customer Success,Associate,Associate - Customer Success,67201.32,3,1.44,39,Male,African American,2024-06-18,2025-11-26,5.0,6.0,8.0,1,1.187,1-3 Years (Mid-Tenure),0
1018,Customer Success,Associate,Associate - Customer Success,47009.45,1,4.9,31,Male,Hispanic,2021-09-23,,6.0,9.99,3.0,0,0.83,3+ Years (Tenured),0
1454,Customer Success,Associate,Associate - Customer Success,59765.63,3,0.32,41,Other,Hispanic,2026-04-19,,8.0,7.0,5.0,0,1.056,0-1 Year (Onboarding),0
1926,Customer Success,Associate,Associate - Customer Success,52429.03,3,3.45,33,Male,Caucasian,2023-03-03,,3.0,6.0,4.0,0,0.926,3+ Years (Tenured),0
4379,Customer Success,Associate,Associate - Customer Success,68579.64,1,4.27,48,Male,Caucasian,2022-05-11,,6.0,5.0,5.0,0,1.211,3+ Years (Tenured),0
2090,Customer Success,Associate,Associate - Customer Success,57916.91,3,1.56,49,Other,Asian,2025-01-21,,1.0,6.0,6.0,0,1.023,1-3 Years (Mid-Tenure),0
1151,Customer Success,Associate,Associate - Customer Success,50324.98,4,2.44,41,Other,Caucasian,2024-03-06,,8.0,7.0,7.0,0,0.889,1-3 Years (Mid-Tenure),0
947,Customer Success,Associate,Associate - Customer Success,40122.87,3,2.16,25,Female,,2024-06-16,,1.0,2.0,3.0,0,0.709,1-3 Years (Mid-Tenure),0
951,Customer Success,Associate,Associate - Customer Success,68070.71,4,1.98,50,Female,African American,2024-08-22,,6.0,5.0,1.0,0,1.202,1-3 Years (Mid-Tenure),0
1158,Customer Success,Associate,Associate - Customer Success,62234.57,3,2.39,33,Male,Two or More,2024-03-25,,9.0,7.0,6.0,0,1.099,1-3 Years (Mid-Tenure),0
981,Customer Success,Associate,Associate - Customer Success,70805.28,4,0.45,29,Male,African American,2026-03-05,,7.0,5.0,7.0,0,1.251,0-1 Year (Onboarding),0
4059,Customer Success,Associate,Associate - Customer Success,55518.1,4,0.29,48,Other,Asian,2025-11-08,2026-02-21,6.0,5.0,5.0,1,0.981,0-1 Year (Onboarding),0
86,Customer Success,Associate,Associate - Customer Success,68316.74,4,4.24,51,Female,Hispanic,2022-05-19,,6.0,9.99,9.0,0,1.207,3+ Years (Tenured),0
3847,Customer Success,Associate,Associate - Customer Success,68041.43,2,3.0,40,Male,African American,2023-08-17,,6.0,4.0,5.0,0,1.202,1-3 Years (Mid-Tenure),0
1611,Customer Success,Associate,Associate - Customer Success,61962.73,3,2.82,55,,Asian,2023-10-20,,5.0,7.0,2.0,0,1.095,1-3 Years (Mid-Tenure),0
4086,Customer Success,Associate,Associate - Customer Success,58626.63,3,1.93,44,Male,Hispanic,2024-09-09,,9.99,4.0,9.0,0,1.036,1-3 Years (Mid-Tenure),0
2055,Customer Success,Associate,associate - customer success,70428.6,4,4.56,32,Female,African American,2022-01-24,,6.0,6.0,6.0,0,1.244,3+ Years (Tenured),0
3837,Customer Success,Associate,Associate - Customer Success,71416.07,5,1.05,21,Non-Binary,Caucasian,2025-07-28,,8.0,9.99,9.0,0,1.262,1-3 Years (Mid-Tenure),0
1567,Customer Success,Associate,Associate - Customer Success,55300.82,4,2.0,56,Other,African American,2024-08-14,,4.0,2.0,5.0,0,0.977,1-3 Years (Mid-Tenure),1
4082,Customer Success,Associate,Associate - Customer Success,44940.21,3,3.09,44,Female,Hispanic,2023-07-13,,4.0,6.0,5.0,0,0.794,3+ Years (Tenured),0
2042,Customer Success,Associate,Associate - Customer Success,54911.28,5,4.86,36,Other,Two or More,2021-10-06,,6.0,5.0,6.0,0,0.97,3+ Years (Tenured),0
2037,Customer Success,Associate,Associate - Customer Success,70849.82,4,2.25,31,Male,Caucasian,2024-05-17,,6.0,6.0,4.0,0,1.252,1-3 Years (Mid-Tenure),0
2036,Customer Success,Associate,Associate - Customer Success,51147.25,4,0.19,22,Non-Binary,Hispanic,2026-06-05,,7.0,8.0,8.0,0,0.903,0-1 Year (Onboarding),0
79,Customer Success,Associate,Associate - Customer Success,44182.97,2,0.47,28,Other,African American,2026-02-25,,9.0,9.99,3.0,0,0.78,0-1 Year (Onboarding),0
924,Customer Success,Associate,Associate - Customer Success,68810.74,2,0.19,41,Male,Caucasian,2024-12-16,2025-02-22,9.0,7.0,7.0,1,1.216,0-1 Year (Onboarding),0
494,Customer Success,Associate,Associate - Customer Success,52361.11,4,0.91,46,Other,Two or More,2025-09-17,,2.0,5.0,2.0,0,0.925,0-1 Year (Onboarding),1
1192,Customer Success,Associate,Associate - Customer Success,40881.77,3,1.58,46,Female,Asian,2025-01-15,,2.0,2.0,1.0,0,0.722,1-3 Years (Mid-Tenure),0
3795,Customer Success,Associate,Associate - Customer Success,63181.34,3,4.28,23,Non-Binary,Two or More,2021-10-31,2026-02-08,1.0,2.0,6.0,1,1.116,3+ Years (Tenured),0
3797,Customer Success,Associate,Associate - Customer Success,44855.31,3,1.92,36,Female,Hispanic,2024-09-12,,3.0,3.0,3.0,0,0.792,1-3 Years (Mid-Tenure),0
123,Customer Success,Associate,Associate - Customer Success,50701.89,4,0.84,56,Female,African American,2025-10-12,,6.0,8.0,5.0,0,0.896,0-1 Year (Onboarding),0
1967,Customer Success,Associate,Associate - Customer Success,47358.67,3,2.1,32,Female,Hispanic,2024-07-10,,6.0,6.0,2.0,0,0.837,1-3 Years (Mid-Tenure),0
4102,Customer Success,Associate,Associate - Customer Success,48865.29,2,4.42,27,Non-Binary,African American,2022-03-17,,9.99,9.99,6.0,0,0.863,3+ Years (Tenured),0
1083,Customer Success,Associate,Associate - Customer Success,41798.51,5,0.85,51,Female,Caucasian,2025-10-09,,5.0,3.0,7.0,0,0.738,0-1 Year (Onboarding),0
1622,Customer Success,Associate,Associate - Customer Success,46477.22,3,2.97,39,Male,Caucasian,2023-08-26,,3.0,9.99,8.0,0,0.821,1-3 Years (Mid-Tenure),0
1523,Customer Success,Associate,Associate - Customer Success,51533.4,4,1.45,61,Non-Binary,Two or More,2025-03-04,,8.0,7.0,9.0,0,0.91,1-3 Years (Mid-Tenure),0
4100,Customer Success,Associate,Associate - Customer Success,47383.02,3,3.38,38,Female,Asian,2023-03-30,,3.0,3.0,1.0,0,0.837,3+ Years (Tenured),0
994,Customer Success,Associate,Associate - Customer Success,57059.47,4,4.41,21,Other,African American,2022-03-21,,9.0,5.0,4.0,0,1.008,3+ Years (Tenured),0
538,Customer Success,Associate,Associate - Customer Success,51699.27,3,4.85,39,Non-Binary,Asian,2021-10-11,,7.0,6.0,4.0,0,0.913,3+ Years (Tenured),0
1620,Customer Success,Associate,Associate - Customer Success,46413.14,3,3.73,34,Female,Caucasian,2022-11-21,,2.0,7.0,1.0,0,0.82,3+ Years (Tenured),0
625,Customer Success,Associate,Associate - Customer Success,56178.85,3,2.59,43,Other,African American,2024-01-12,,6.0,7.0,2.0,0,0.992,1-3 Years (Mid-Tenure),0
1614,Customer Success,Associate,Associate - Customer Success,56691.59,2,4.04,30,Male,African American,2022-07-31,,6.0,5.0,4.0,0,1.001,3+ Years (Tenured),0
568,Customer Success,Associate,Associate - Customer Success,62069.16,2,0.11,27,Female,Caucasian,2026-07-06,,6.0,5.0,5.0,0,1.096,0-1 Year (Onboarding),0
873,Customer Success,Associate,Associate - Customer Success,51575.01,1,1.21,29,Non-Binary,African American,2025-05-31,,5.0,1.0,3.0,0,0.911,1-3 Years (Mid-Tenure),0
160,Customer Success,Associate,Associate - Customer Success,57537.28,2,3.44,42,Other,,2022-07-11,2025-12-19,3.0,3.0,4.0,1,1.016,3+ Years (Tenured),0
4190,Customer Success,Associate,Associate - Customer Success,60757.38,4,3.84,44,Non-Binary,Caucasian,2021-11-25,2025-09-26,7.0,7.0,2.0,1,1.073,3+ Years (Tenured),0
561,Customer Success,Associate,Associate - Customer Success,71967.42,3,4.04,43,Non-Binary,Caucasian,2022-07-31,,4.0,5.0,1.0,0,1.271,3+ Years (Tenured),0
3956,Customer Success,Associate,Associate - Customer Success,42428.35,4,3.31,46,Female,African American,2023-04-25,,4.0,1.0,4.0,0,0.749,3+ Years (Tenured),1
1765,Customer Success,Associate,Associate - Customer Success,69095.49,3,4.1,55,Male,Asian,2022-07-11,,6.0,5.0,4.0,0,1.221,3+ Years (Tenured),0
819,Customer Success,Associate,Associate - Customer Success,41968.12,3,1.95,36,Non-Binary,Hispanic,2024-09-03,,3.0,8.0,8.0,0,0.741,1-3 Years (Mid-Tenure),0
864,Customer Success,Associate,Associate - Customer Success,74405.41,3,2.02,37,Male,Caucasian,2024-08-09,,7.0,2.0,6.0,0,1.314,1-3 Years (Mid-Tenure),0
3698,Customer Success,Associate,Associate - Customer Success,59012.39,3,3.17,33,Female,African American,2023-06-15,,9.99,2.0,3.0,0,1.042,3+ Years (Tenured),0
1742,Customer Success,Associate,Associate - Customer Success,59593.96,2,0.62,51,Other,Hispanic,2025-06-15,2026-01-28,5.0,4.0,1.0,1,1.053,0-1 Year (Onboarding),0
114,Customer Success,Associate,Associate - Customer Success,64242.94,4,4.97,45,Female,Hispanic,2021-08-27,,7.0,2.0,7.0,0,1.135,3+ Years (Tenured),0
3684,Customer Success,Associate,Associate - Customer Success,57389.57,3,3.86,43,,Asian,2022-10-07,,1.0,2.0,1.0,0,1.014,3+ Years (Tenured),0
857,Customer Success,Associate,Associate - Customer Success,45446.13,3,4.21,35,Other,Caucasian,2022-05-30,,8.0,4.0,6.0,0,0.803,3+ Years (Tenured),0
1750,Customer Success,Associate,Associate - Customer Success,59414.11,3,1.9,27,Male,African American,2023-12-16,2025-11-09,9.0,5.0,4.0,1,1.05,1-3 Years (Mid-Tenure),0
1362,Customer Success,Associate,Associate - Customer Success,53755.19,4,1.45,30,Male,Asian,2025-03-03,,3.0,6.0,1.0,0,0.95,1-3 Years (Mid-Tenure),1
3924,Customer Success,Associate,Associate - Customer Success,41948.34,4,0.06,37,Male,Asian,2026-07-24,,6.0,5.0,5.0,0,0.741,0-1 Year (Onboarding),0
2312,Customer Success,Associate,Associate - Customer Success,61910.85,4,2.2,55,Male,Caucasian,2024-06-03,,9.0,7.0,7.0,0,1.094,1-3 Years (Mid-Tenure),0
692,Customer Success,Associate,Associate - Customer Success,52457.62,4,4.91,41,Male,Asian,2021-09-17,,6.0,3.0,8.0,0,0.927,3+ Years (Tenured),0
1823,Customer Success,Associate,Associate - Customer Success,49467.97,5,4.45,43,Other,African American,2022-03-03,,4.0,6.0,3.0,0,0.874,3+ Years (Tenured),1
3980,Customer Success,Associate,Associate - Customer Success,47370.95,4,2.5,41,Male,Two or More,2024-02-14,,4.0,7.0,4.0,0,0.837,1-3 Years (Mid-Tenure),1
1352,Customer Success,Associate,Associate - Customer Success,69474.42,3,3.31,42,Non-Binary,Two or More,2023-04-25,,5.0,4.0,2.0,0,1.227,3+ Years (Tenured),0
1301,Customer Success,Associate,Associate - Customer Success,58504.62,4,2.74,45,Non-Binary,Hispanic,2023-11-20,,5.0,5.0,8.0,0,1.033,1-3 Years (Mid-Tenure),0
2317,Customer Success,Associate,Associate - Customer Success,70527.69,5,1.16,48,Non-Binary,Caucasian,2025-06-19,,6.0,9.0,7.0,0,1.246,1-3 Years (Mid-Tenure),0
3674,Customer Success,Associate,Associate - Customer Success,46154.77,3,0.7,27,Male,Asian,2024-06-27,2025-03-11,9.99,9.0,7.0,1,0.815,0-1 Year (Onboarding),0
1822,Customer Success,Associate,Associate - Customer Success,57856.63,3,1.6,26,Male,Caucasian,2022-04-05,2023-11-10,6.0,5.0,5.0,1,1.022,1-3 Years (Mid-Tenure),0
1307,Customer Success,Associate,Associate - Customer Success,73695.78,4,1.84,51,Non-Binary,African American,2024-10-12,,1.0,4.0,1.0,0,1.302,1-3 Years (Mid-Tenure),1
447,Customer Success,Associate,Associate - Customer Success,45970.21,1,1.67,51,Female,Hispanic,2024-12-13,,8.0,8.0,4.0,0,0.812,1-3 Years (Mid-Tenure),0
4438,Customer Success,Associate,Associate - Customer Success,48433.17,5,4.48,43,Other,African American,2022-02-23,,4.0,4.0,2.0,0,0.856,3+ Years (Tenured),1
1067,Customer Success,Associate,Associate - Customer Success,47876.63,3,0.56,38,Other,Caucasian,2026-01-22,,4.0,1.0,4.0,0,0.846,0-1 Year (Onboarding),0
1755,Customer Success,Associate,Associate - Customer Success,61155.09,3,1.63,37,Male,Asian,2024-12-29,,1.0,1.0,1.0,0,1.08,1-3 Years (Mid-Tenure),0
1335,Customer Success,Associate,Associate - Customer Success,74379.27,3,3.79,43,Other,Hispanic,2022-11-01,,6.0,7.0,4.0,0,1.314,3+ Years (Tenured),0
1874,Customer Success,Associate,Associate - Customer Success,66614.61,3,0.33,39,Male,Hispanic,2026-04-16,,7.0,3.0,4.0,0,1.177,0-1 Year (Onboarding),0
3725,Customer Success,Associate,Associate - Customer Success,68038.27,2,2.91,46,Male,African American,2023-09-18,,5.0,4.0,5.0,0,1.202,1-3 Years (Mid-Tenure),0
1102,Customer Success,Associate,Associate - Customer Success,71954.97,4,0.43,34,Female,Asian,2026-03-12,,1.0,1.0,3.0,0,1.271,0-1 Year (Onboarding),1
879,Customer Success,Associate,Associate - Customer Success,55247.79,2,0.99,32,Male,Caucasian,2025-08-19,,4.0,2.0,2.0,0,0.976,0-1 Year (Onboarding),0
3931,Customer Success,Associate,Associate - Customer Success,55103.61,3,1.94,32,Male,Two or More,2024-09-07,,9.99,2.0,7.0,0,0.973,1-3 Years (Mid-Tenure),0
2259,Customer Success,Associate,Associate - Customer Success,46320.83,4,2.93,39,Male,Caucasian,2023-09-10,,9.99,9.0,7.0,0,0.818,1-3 Years (Mid-Tenure),0
4201,Customer Success,Associate,Associate - Customer Success,69341.87,2,2.22,61,Other,Caucasian,2024-05-26,,9.0,5.0,4.0,0,1.225,1-3 Years (Mid-Tenure),0
1873,Customer Success,Associate,Associate - Customer Success,58839.75,5,1.84,38,,African American,2024-10-11,,6.0,4.0,3.0,0,1.039,1-3 Years (Mid-Tenure),0
1401,Customer Success,Associate,Associate - Customer Success,56608.9,3,4.63,30,Female,African American,2021-12-28,,5.0,6.0,9.0,0,1.0,3+ Years (Tenured),0
1093,Customer Success,Associate,Associate - Customer Success,43011.02,4,0.54,39,Male,Hispanic,2026-01-31,,8.0,3.0,4.0,0,0.76,0-1 Year (Onboarding),0
1405,Customer Success,Associate,Associate - Customer Success,50533.15,4,0.82,42,Female,Asian,2025-10-19,,5.0,8.0,4.0,0,0.893,0-1 Year (Onboarding),0
1875,Customer Success,Associate,Associate - Customer Success,46282.76,3,2.21,57,Non-Binary,Asian,2024-06-01,,7.0,7.0,4.0,0,0.818,1-3 Years (Mid-Tenure),0
1878,Customer Success,Associate,Associate - Customer Success,45747.28,3,3.88,38,Male,African American,2022-09-28,,4.0,4.0,5.0,0,0.808,3+ Years (Tenured),0
1721,Customer Success,Associate,Associate - Customer Success,42150.18,3,2.65,43,Non-Binary,Two or More,2023-12-21,,5.0,6.0,2.0,0,0.745,1-3 Years (Mid-Tenure),0
52,Customer Success,Associate,Associate - Customer Success,71586.4,4,4.81,22,Female,,2021-10-24,,5.0,1.0,2.0,0,1.265,3+ Years (Tenured),0
3927,Customer Success,Associate,Associate - Customer Success,63082.12,1,2.64,34,Other,Asian,2023-12-27,,8.0,9.0,8.0,0,1.114,1-3 Years (Mid-Tenure),0
4004,Customer Success,Associate,Associate - Customer Success,57453.0,5,4.19,32,Male,Caucasian,2022-06-08,,3.0,2.0,8.0,0,1.015,3+ Years (Tenured),1
875,Customer Success,Associate,Associate - Customer Success,53456.74,4,0.41,41,Male,African American,2024-08-22,2025-01-18,4.0,1.0,4.0,1,0.944,0-1 Year (Onboarding),1
1308,Customer Success,Associate,Associate - Customer Success,74584.87,5,4.09,31,Female,Hispanic,2022-07-14,,9.99,4.0,3.0,0,1.318,3+ Years (Tenured),0
1731,Customer Success,Associate,Associate - Customer Success,73853.1,3,3.36,54,Male,Two or More,2023-04-07,,5.0,4.0,4.0,0,1.305,3+ Years (Tenured),0
820,Customer Success,Associate,Associate - Customer Success,58865.77,3,2.7,46,Female,Asian,2023-12-03,,3.0,3.0,1.0,0,1.04,1-3 Years (Mid-Tenure),0
1384,Customer Success,Associate,Associate - Customer Success,57711.85,5,0.48,44,Non-Binary,Asian,2026-02-19,,9.0,5.0,5.0,0,1.019,0-1 Year (Onboarding),0
3992,Customer Success,Associate,Associate - Customer Success,72577.01,4,2.62,46,Other,African American,2024-01-01,,5.0,1.0,6.0,0,1.282,1-3 Years (Mid-Tenure),0
2274,Customer Success,Associate,Associate - Customer Success,51347.66,3,2.76,31,Other,African American,2023-11-11,,3.0,2.0,7.0,0,0.907,1-3 Years (Mid-Tenure),0
1854,Customer Success,Associate,Associate - Customer Success,46357.22,1,0.77,61,Male,Asian,2025-11-08,,8.0,9.99,6.0,0,0.819,0-1 Year (Onboarding),0
1286,Customer Success,Associate,Associate - Customer Success,73703.66,2,2.24,21,Other,Asian,2024-05-20,,9.0,5.0,6.0,0,1.302,1-3 Years (Mid-Tenure),0
3,Customer Success,Associate,Associate - Customer Success,51981.85,3,4.66,35,Other,Two or More,2021-12-18,,8.0,9.99,9.0,0,0.918,3+ Years (Tenured),0
464,Customer Success,Associate,Associate - Customer Success,64902.47,3,0.58,29,Female,Two or More,2026-01-17,,6.0,5.0,5.0,0,1.146,0-1 Year (Onboarding),0
4279,Customer Success,Domain Director,Domain Director - Customer Success,130903.87,3,0.25,49,Non-Binary,,2026-05-16,,6.0,5.0,5.0,0,0.845,0-1 Year (Onboarding),0
2009,Customer Success,Domain Director,Domain Director - Customer Success,173619.73,3,1.96,39,Female,Caucasian,2024-08-29,,6.0,9.99,5.0,0,1.121,1-3 Years (Mid-Tenure),0
381,Customer Success,Domain Director,Domain Director - Customer Success,160244.44,3,4.5,35,Female,Hispanic,2022-02-15,,3.0,1.0,1.0,0,1.034,3+ Years (Tenured),0
858,Customer Success,Manager,Manager - Customer Success,86151.03,1,1.38,44,Non-Binary,Asian,2025-03-29,,4.0,6.0,5.0,0,0.941,1-3 Years (Mid-Tenure),0
1063,Customer Success,Manager,Manager - Customer Success,112381.17,2,2.54,63,Female,Two or More,2022-05-01,2024-11-13,4.0,5.0,2.0,1,1.228,1-3 Years (Mid-Tenure),0
641,Customer Success,Manager,Manager - Customer Success,75438.37,3,1.65,33,Non-Binary,African American,2022-01-12,2023-09-07,6.0,5.0,5.0,1,0.824,1-3 Years (Mid-Tenure),0
2874,Customer Success,Manager,Manager - Customer Success,72089.5,5,3.93,46,Female,African American,2022-09-10,,7.0,6.0,5.0,0,0.788,3+ Years (Tenured),0
1527,Customer Success,Manager,Manager - Customer Success,86314.88,4,5.06,21,Other,African American,2021-07-24,,5.0,3.0,6.0,0,0.943,3+ Years (Tenured),0
3804,Customer Success,Manager,Manager - Customer Success,116654.54,4,3.28,41,Female,African American,2023-05-07,,6.0,5.0,6.0,0,1.275,3+ Years (Tenured),0
1172,Customer Success,Supervisor/Lead,Supervisor/Lead - Customer Success,69935.8,3,1.33,47,Other,Asian,2025-04-16,,9.0,7.0,9.99,0,0.959,1-3 Years (Mid-Tenure),0
3957,Customer Success,Supervisor/Lead,Supervisor/Lead - Customer Success,68872.53,3,1.44,41,Female,Two or More,2025-03-08,,9.99,9.99,4.0,0,0.944,1-3 Years (Mid-Tenure),0
290,Customer Success,Supervisor/Lead,Supervisor/Lead - Customer Success,85308.36,3,0.66,48,Other,Hispanic,2025-12-17,,7.0,6.0,5.0,0,1.17,0-1 Year (Onboarding),0
3135,Customer Success,Supervisor/Lead,Supervisor/Lead - Customer Success,85545.24,3,1.55,38,Male,Hispanic,2025-01-27,,5.0,5.0,5.0,0,1.173,1-3 Years (Mid-Tenure),0
1652,Customer Success,Supervisor/Lead,Supervisor/Lead - Customer Success,58864.46,3,1.88,41,Female,Caucasian,2024-09-28,,3.0,6.0,3.0,0,0.807,1-3 Years (Mid-Tenure),0
3511,Customer Success,Supervisor/Lead,Supervisor/Lead - Customer Success,59302.28,5,4.22,35,Other,Caucasian,2022-05-27,,8.0,5.0,3.0,0,0.813,3+ Years (Tenured),0
753,Customer Success,Supervisor/Lead,Supervisor/Lead - Customer Success,56031.47,4,0.4,43,Male,Asian,2026-03-21,,4.0,3.0,3.0,0,0.768,0-1 Year (Onboarding),1
98,Customer Success,Supervisor/Lead,Supervisor/Lead - Customer Success,81291.37,1,2.65,45,Non-Binary,Asian,2023-12-22,,6.0,3.0,2.0,0,1.115,1-3 Years (Mid-Tenure),0
1860,Customer Success,Supervisor/Lead,Supervisor/Lead - Customer Success,62903.69,3,3.19,35,Male,Two or More,2023-06-09,,4.0,4.0,3.0,0,0.863,3+ Years (Tenured),0
1673,Customer Success,Supervisor/Lead,Supervisor/Lead - Customer Success,89048.94,2,1.11,39,Non-Binary,Two or More,2025-07-07,,9.99,9.99,6.0,0,1.221,1-3 Years (Mid-Tenure),0
4342,Customer Success,Supervisor/Lead,Supervisor/Lead - Customer Success,66257.89,2,1.88,43,Female,Two or More,2023-08-13,2025-06-29,4.0,6.0,9.99,1,0.909,1-3 Years (Mid-Tenure),0
1948,Customer Success,Supervisor/Lead,Supervisor/Lead - Customer Success,82213.8,3,1.53,42,Male,Hispanic,2022-05-25,2023-12-03,6.0,5.0,5.0,1,1.127,1-3 Years (Mid-Tenure),0
611,Customer Success,Supervisor/Lead,Supervisor/Lead - Customer Success,68383.58,3,1.15,39,Male,African American,2025-06-21,,9.0,6.0,7.0,0,0.938,1-3 Years (Mid-Tenure),0
1133,Customer Success,Supervisor/Lead,Supervisor/Lead - Customer Success,80994.09,3,3.54,35,Male,Two or More,2023-02-01,,3.0,6.0,1.0,0,1.111,3+ Years (Tenured),0
4054,Customer Success,Supervisor/Lead,Supervisor/Lead - Customer Success,62716.38,2,1.99,26,Male,African American,2023-10-06,2025-10-02,8.0,4.0,7.0,1,0.86,1-3 Years (Mid-Tenure),0
3032,Customer Success,Supervisor/Lead,Supervisor/Lead - Customer Success,84677.91,4,4.48,40,Other,African American,2022-02-21,,6.0,6.0,6.0,0,1.161,3+ Years (Tenured),0
1648,Customer Success,Supervisor/Lead,Supervisor/Lead - Customer Success,85999.26,4,2.32,49,Female,African American,2024-04-22,,3.0,1.0,2.0,0,1.179,1-3 Years (Mid-Tenure),1
3948,Customer Success,Supervisor/Lead,Supervisor/Lead - Customer Success,86853.24,3,0.47,48,Other,Caucasian,2026-02-23,,4.0,4.0,1.0,0,1.191,0-1 Year (Onboarding),0
1744,Customer Success,Supervisor/Lead,Supervisor/Lead - Customer Success,58901.34,3,0.19,24,Other,African American,2026-06-07,,7.0,9.0,4.0,0,0.808,0-1 Year (Onboarding),0
3950,Customer Success,Supervisor/Lead,Supervisor/Lead - Customer Success,75096.39,1,4.9,37,Female,Caucasian,2021-09-23,,1.0,6.0,5.0,0,1.03,3+ Years (Tenured),0
3864,Customer Success,Supervisor/Lead,Supervisor/Lead - Customer Success,68846.57,3,4.31,40,Female,Asian,2022-04-25,,4.0,6.0,2.0,0,0.944,3+ Years (Tenured),0
1991,Customer Success,Supervisor/Lead,Supervisor/Lead - Customer Success,76856.72,5,4.94,57,Other,Caucasian,2021-09-08,,4.0,5.0,6.0,0,1.054,3+ Years (Tenured),1
3488,Customer Success,Supervisor/Lead,Supervisor/Lead - Customer Success,85984.86,4,4.59,27,Other,Asian,2022-01-14,,8.0,5.0,7.0,0,1.179,3+ Years (Tenured),0
1400,Customer Success,Supervisor/Lead,Supervisor/Lead - Customer Success,66150.01,2,4.42,49,Non-Binary,Two or More,2022-03-17,,9.0,6.0,4.0,0,0.907,3+ Years (Tenured),0
1529,Customer Success,Supervisor/Lead,Supervisor/Lead - Customer Success,87593.22,3,3.16,40,Male,Two or More,2023-06-17,,6.0,6.0,6.0,0,1.201,3+ Years (Tenured),0
4253,Customer Success,Supervisor/Lead,Supervisor/Lead - Customer Success,68941.83,3,0.22,39,Female,African American,2026-05-27,,6.0,5.0,5.0,0,0.945,0-1 Year (Onboarding),0
734,Customer Success,Supervisor/Lead,Supervisor/Lead - Customer Success,59428.98,4,0.42,27,,African American,2026-03-14,,2.0,7.0,1.0,0,0.815,0-1 Year (Onboarding),1
912,Customer Success,Supervisor/Lead,Supervisor/Lead - Customer Success,84836.54,4,0.81,30,Non-Binary,Asian,2023-11-09,2024-09-01,6.0,9.0,9.0,1,1.163,0-1 Year (Onboarding),0
416,Customer Success,Supervisor/Lead,Supervisor/Lead - Customer Success,78429.04,3,5.12,21,Other,Asian,2021-07-04,,6.0,7.0,7.0,0,1.076,3+ Years (Tenured),0
3157,Customer Success,Supervisor/Lead,Supervisor/Lead - Customer Success,70541.25,3,4.67,33,Other,Asian,2021-12-15,,5.0,4.0,9.0,0,0.967,3+ Years (Tenured),0
1451,Customer Success,Supervisor/Lead,Supervisor/Lead - Customer Success,82492.21,5,2.44,28,Female,Hispanic,2024-03-07,,3.0,8.0,5.0,0,1.131,1-3 Years (Mid-Tenure),1
3162,Customer Success,Supervisor/Lead,Supervisor/Lead - Customer Success,64342.96,4,3.45,47,,Two or More,2023-03-03,,6.0,2.0,5.0,0,0.882,3+ Years (Tenured),0
680,Customer Success,Supervisor/Lead,Supervisor/Lead - Customer Success,63188.16,3,4.73,33,Male,Caucasian,2021-11-24,,8.0,3.0,2.0,0,0.867,3+ Years (Tenured),0
3326,Customer Success,Supervisor/Lead,Supervisor/Lead - Customer Success,80226.11,3,5.1,47,Other,Caucasian,2021-07-09,,7.0,4.0,2.0,0,1.1,3+ Years (Tenured),0
3125,Customer Success,Supervisor/Lead,Supervisor/Lead - Customer Success,85161.04,3,0.47,44,Other,African American,2026-02-23,,3.0,4.0,4.0,0,1.168,0-1 Year (Onboarding),0
4210,Customer Success,Supervisor/Lead,Supervisor/Lead - Customer Success,62201.3,2,4.21,30,Female,Hispanic,2022-05-31,,3.0,6.0,4.0,0,0.853,3+ Years (Tenured),0
3721,Customer Success,Supervisor/Lead,Supervisor/Lead - Customer Success,61958.54,4,1.15,47,Other,African American,2025-06-22,,9.99,9.99,6.0,0,0.85,1-3 Years (Mid-Tenure),0
3333,Customer Success,Supervisor/Lead,Supervisor/Lead - Customer Success,65515.07,3,4.99,35,Female,Two or More,2021-08-18,,9.0,7.0,9.99,0,0.898,3+ Years (Tenured),0
4176,Customer Success,Supervisor/Lead,Supervisor/Lead - Customer Success,86187.87,3,0.13,33,Other,Hispanic,2024-04-25,2024-06-10,6.0,5.0,5.0,1,1.182,0-1 Year (Onboarding),0
165,Customer Success,Supervisor/Lead,Supervisor/Lead - Customer Success,82177.67,1,4.23,48,Other,African American,2022-05-23,,9.99,8.0,9.0,0,1.127,3+ Years (Tenured),0
3646,Customer Success,Supervisor/Lead,Supervisor/Lead - Customer Success,62140.22,2,1.23,40,Male,Hispanic,2025-05-22,,3.0,3.0,3.0,0,0.852,1-3 Years (Mid-Tenure),0
847,Customer Success,Supervisor/Lead,Supervisor/Lead - Customer Success,72596.48,3,0.36,24,Female,,2026-04-04,,6.0,5.0,5.0,0,0.996,0-1 Year (Onboarding),0
2346,Customer Success,Supervisor/Lead,Supervisor/Lead - Customer Success,77951.38,2,3.56,47,Other,Caucasian,2023-01-25,,2.0,5.0,7.0,0,1.069,3+ Years (Tenured),0
3210,Customer Success,Supervisor/Lead,Supervisor/Lead - Customer Success,58402.6,4,3.7,46,Non-Binary,Caucasian,2022-12-02,,5.0,2.0,4.0,0,0.801,3+ Years (Tenured),0
4089,Customer Success,Supervisor/Lead,Supervisor/Lead - Customer Success,59879.37,4,2.9,21,Female,African American,2023-09-20,,6.0,5.0,4.0,0,0.821,1-3 Years (Mid-Tenure),0
3826,Customer Success,Supervisor/Lead,Supervisor/Lead - Customer Success,75743.33,4,4.61,58,Male,African American,2022-01-04,,3.0,1.0,2.0,0,1.039,3+ Years (Tenured),1
3828,Customer Success,Supervisor/Lead,Supervisor/Lead - Customer Success,70402.43,5,4.79,48,Non-Binary,Hispanic,2021-11-01,,6.0,9.99,6.0,0,0.965,3+ Years (Tenured),0
299,IT Support,Assistant Manager,Assistant Manager - IT Support,98107.04,3,1.6,34,Other,,2025-01-07,,1.0,5.0,1.0,0,1.211,1-3 Years (Mid-Tenure),0
2610,IT Support,Assistant Manager,Assistant Manager - IT Support,69978.22,3,4.14,29,,Two or More,2022-06-27,,9.99,5.0,8.0,0,0.864,3+ Years (Tenured),0
1214,IT Support,Assistant Manager,Assistant Manager - IT Support,73660.72,3,1.62,43,,Asian,2024-12-31,,8.0,6.0,3.0,0,0.909,1-3 Years (Mid-Tenure),0
2024,IT Support,Assistant Manager,Assistant Manager - IT Support,76290.01,4,0.63,41,Non-Binary,African American,2025-12-28,,3.0,2.0,1.0,0,0.942,0-1 Year (Onboarding),1
159,IT Support,Assistant Manager,Assistant Manager - IT Support,79493.18,4,4.44,33,Female,Caucasian,2022-03-07,,3.0,2.0,2.0,0,0.981,3+ Years (Tenured),1
988,IT Support,Assistant Manager,Assistant Manager - IT Support,95344.95,5,4.57,52,Other,African American,2022-01-20,,6.0,8.0,6.0,0,1.177,3+ Years (Tenured),0
254,IT Support,Assistant Manager,Assistant Manager - IT Support,72601.89,3,0.25,26,Other,Two or More,2023-09-05,2023-12-07,6.0,5.0,5.0,1,0.896,0-1 Year (Onboarding),0
3402,IT Support,Assistant Manager,Assistant Manager - IT Support,91716.71,4,0.58,40,Non-Binary,Two or More,2026-01-17,,8.0,4.0,7.0,0,1.132,0-1 Year (Onboarding),0
3664,IT Support,Assistant Manager,Assistant Manager - IT Support,78361.95,5,3.25,38,Non-Binary,Asian,2023-05-18,,6.0,8.0,6.0,0,0.967,3+ Years (Tenured),0
2886,IT Support,Assistant Manager,Assistant Manager - IT Support,97102.47,3,1.07,39,Other,African American,2025-07-19,,3.0,2.0,4.0,0,1.199,1-3 Years (Mid-Tenure),0
3656,IT Support,Assistant Manager,Assistant Manager - IT Support,76413.9,4,4.38,37,Male,Hispanic,2022-04-01,,7.0,4.0,2.0,0,0.943,3+ Years (Tenured),0
1769,IT Support,Assistant Manager,Assistant Manager - IT Support,63142.26,3,4.47,31,Female,Hispanic,2022-02-27,,4.0,3.0,1.0,0,0.779,3+ Years (Tenured),0
1177,IT Support,Associate,Associate - IT Support,40501.99,4,1.65,36,Male,African American,2024-12-19,,9.0,7.0,4.0,0,0.694,1-3 Years (Mid-Tenure),0
4272,IT Support,Associate,Associate - IT Support,49529.66,4,2.41,24,Other,Asian,2024-03-17,,6.0,5.0,3.0,0,0.848,1-3 Years (Mid-Tenure),0
4275,IT Support,Associate,Associate - IT Support,66114.58,3,1.78,40,Male,Two or More,2024-11-05,,7.0,1.0,6.0,0,1.132,1-3 Years (Mid-Tenure),0
316,IT Support,Associate,Associate - IT Support,53221.04,3,1.28,46,Female,Two or More,2025-05-05,,7.0,4.0,4.0,0,0.911,1-3 Years (Mid-Tenure),0
2910,IT Support,Associate,Associate - IT Support,43071.5,3,3.76,50,Female,Two or More,2022-11-11,,5.0,3.0,5.0,0,0.738,3+ Years (Tenured),0
686,IT Support,Associate,Associate - IT Support,41672.61,3,3.48,32,Female,African American,2023-02-21,,9.99,5.0,7.0,0,0.714,3+ Years (Tenured),0
3989,IT Support,Associate,Associate - IT Support,70414.34,2,4.5,25,Female,Hispanic,2022-02-16,,6.0,8.0,3.0,0,1.206,3+ Years (Tenured),0
2889,IT Support,Associate,Associate - IT Support,49763.58,1,1.25,31,Non-Binary,Asian,2025-02-23,2026-05-27,9.0,7.0,6.0,1,0.852,1-3 Years (Mid-Tenure),0
1590,IT Support,Associate,Associate - IT Support,43980.38,4,2.81,36,Non-Binary,Caucasian,2023-10-26,,8.0,3.0,9.0,0,0.753,1-3 Years (Mid-Tenure),0
1396,IT Support,Associate,Associate - IT Support,41567.04,4,4.61,54,Male,Two or More,2022-01-06,,1.0,2.0,9.99,0,0.712,3+ Years (Tenured),1
3358,IT Support,Associate,Associate - IT Support,47709.55,1,1.2,21,Female,Asian,2025-06-02,,9.0,6.0,5.0,0,0.817,1-3 Years (Mid-Tenure),0
4157,IT Support,Associate,Associate - IT Support,59186.28,3,1.65,49,Non-Binary,Hispanic,2023-03-18,2024-11-09,8.0,3.0,3.0,1,1.014,1-3 Years (Mid-Tenure),0
3323,IT Support,Associate,Associate - IT Support,48803.67,1,0.28,59,Other,Asian,2026-05-05,,9.0,5.0,8.0,0,0.836,0-1 Year (Onboarding),0
1397,IT Support,Associate,Associate - IT Support,55260.65,3,0.99,38,Female,Asian,2025-08-18,,8.0,4.0,3.0,0,0.946,0-1 Year (Onboarding),0
4091,IT Support,Associate,Associate - IT Support,64026.42,1,1.62,51,Other,Caucasian,2022-12-11,2024-07-26,6.0,5.0,5.0,1,1.097,1-3 Years (Mid-Tenure),0
2719,IT Support,Associate,Associate - IT Support,62999.68,3,3.91,56,Female,African American,2022-09-19,,4.0,8.0,5.0,0,1.079,3+ Years (Tenured),0
2964,IT Support,Associate,Associate - IT Support,62157.36,3,1.63,35,Female,Two or More,2024-12-28,,4.0,2.0,5.0,0,1.065,1-3 Years (Mid-Tenure),0
2935,IT Support,Associate,Associate - IT Support,41627.65,3,1.68,42,Female,Caucasian,2024-12-09,,8.0,4.0,8.0,0,0.713,1-3 Years (Mid-Tenure),0
2812,IT Support,Associate,Associate - IT Support,64302.37,4,1.76,43,Non-Binary,Hispanic,2024-11-11,,4.0,5.0,2.0,0,1.101,1-3 Years (Mid-Tenure),1
3972,IT Support,Associate,Associate - IT Support,62195.87,3,1.6,22,Male,Asian,2022-09-29,2024-05-05,7.0,6.0,3.0,1,1.065,1-3 Years (Mid-Tenure),0
3973,IT Support,Associate,Associate - IT Support,45676.87,3,0.34,43,Female,Asian,2026-04-12,,9.0,9.99,5.0,0,0.782,0-1 Year (Onboarding),0
639,IT Support,Associate,associate - it support,71830.44,3,0.42,49,Other,Caucasian,2025-07-07,2025-12-06,8.0,8.0,9.99,1,1.23,0-1 Year (Onboarding),0
1090,IT Support,Associate,Associate - IT Support,70049.54,4,3.63,37,Male,Hispanic,2022-12-30,,4.0,1.0,1.0,0,1.2,3+ Years (Tenured),1
3286,IT Support,Associate,Associate - IT Support,69512.94,2,0.98,54,Other,Hispanic,2025-08-23,,7.0,8.0,4.0,0,1.191,0-1 Year (Onboarding),0
2948,IT Support,Associate,Associate - IT Support,73016.47,5,4.24,28,Non-Binary,Two or More,2022-05-19,,4.0,1.0,7.0,0,1.251,3+ Years (Tenured),1
1330,IT Support,Associate,Associate - IT Support,59056.39,1,0.69,30,Other,Asian,2022-11-10,2023-07-21,6.0,5.0,5.0,1,1.011,0-1 Year (Onboarding),0
3418,IT Support,Associate,Associate - IT Support,61008.02,4,1.27,38,Non-Binary,Caucasian,2025-05-10,,7.0,7.0,4.0,0,1.045,1-3 Years (Mid-Tenure),0
3978,IT Support,Associate,Associate - IT Support,71193.45,3,0.48,44,Male,Two or More,2026-01-12,2026-07-06,3.0,2.0,8.0,1,1.219,0-1 Year (Onboarding),0
590,IT Support,Associate,Associate - IT Support,61983.0,4,0.52,37,Female,,2026-02-06,,5.0,5.0,1.0,0,1.062,0-1 Year (Onboarding),0
1369,IT Support,Associate,Associate - IT Support,43319.59,5,1.52,54,Non-Binary,Asian,2025-02-06,,5.0,9.0,3.0,0,0.742,1-3 Years (Mid-Tenure),0
700,IT Support,Associate,Associate - IT Support,56152.4,3,0.14,43,Male,Two or More,2026-06-24,,6.0,5.0,5.0,0,0.962,0-1 Year (Onboarding),0
1173,IT Support,Associate,Associate - IT Support,65183.69,4,4.77,54,Female,Two or More,2021-11-08,,4.0,5.0,3.0,0,1.116,3+ Years (Tenured),1
1302,IT Support,Associate,Associate - IT Support,56532.0,4,5.04,31,Other,Asian,2021-08-02,,5.0,7.0,7.0,0,0.968,3+ Years (Tenured),0
2953,IT Support,Associate,Associate - IT Support,69444.4,4,0.08,48,Female,Two or More,2026-02-10,2026-03-12,6.0,5.0,5.0,1,1.189,0-1 Year (Onboarding),0
1296,IT Support,Associate,Associate - IT Support,64910.18,4,1.09,50,Male,African American,2025-07-14,,3.0,5.0,1.0,0,1.112,1-3 Years (Mid-Tenure),1
1752,IT Support,Associate,Associate - IT Support,47161.77,3,2.12,24,Male,African American,2024-07-04,,6.0,6.0,6.0,0,0.808,1-3 Years (Mid-Tenure),0
236,IT Support,Associate,Associate - IT Support,67060.86,2,2.71,60,Female,African American,2023-11-30,,8.0,4.0,9.99,0,1.149,1-3 Years (Mid-Tenure),0
4198,IT Support,Associate,Associate - IT Support,65834.6,4,2.35,29,Non-Binary,African American,2024-04-10,,7.0,3.0,3.0,0,1.128,1-3 Years (Mid-Tenure),0
2916,IT Support,Associate,Associate - IT Support,74078.19,3,3.36,48,Male,African American,2023-04-08,,3.0,6.0,7.0,0,1.269,3+ Years (Tenured),0
1288,IT Support,Associate,Associate - IT Support,55416.58,5,1.03,22,Non-Binary,African American,2025-08-03,,9.0,7.0,9.0,0,0.949,1-3 Years (Mid-Tenure),0
2832,IT Support,Associate,Associate - IT Support,71212.25,3,0.2,38,Male,Asian,2026-06-02,,9.99,7.0,9.0,0,1.22,0-1 Year (Onboarding),0
3662,IT Support,Associate,Associate - IT Support,53404.51,3,5.11,56,Female,Hispanic,2021-07-07,,5.0,6.0,7.0,0,0.915,3+ Years (Tenured),0
4120,IT Support,Associate,Associate - IT Support,67779.18,5,3.51,27,Female,Two or More,2023-02-10,,2.0,1.0,9.99,0,1.161,3+ Years (Tenured),1
1481,IT Support,Associate,Associate - IT Support,40027.15,3,0.83,66,Female,Hispanic,2023-11-01,2024-08-31,3.0,4.0,1.0,1,0.686,0-1 Year (Onboarding),0
1484,IT Support,Associate,Associate - IT Support,60845.96,1,0.13,37,Female,Two or More,2026-06-29,,6.0,5.0,5.0,0,1.042,0-1 Year (Onboarding),0
1487,IT Support,Associate,Associate - IT Support,68146.64,4,3.99,52,Non-Binary,Two or More,2022-08-21,,9.0,8.0,9.99,0,1.167,3+ Years (Tenured),0
1490,IT Support,Associate,Associate - IT Support,51859.66,3,2.25,42,Other,Two or More,2024-05-17,,5.0,2.0,4.0,0,0.888,1-3 Years (Mid-Tenure),0
227,IT Support,Associate,Associate - IT Support,55249.08,4,3.69,29,Non-Binary,Hispanic,2022-12-06,,4.0,5.0,6.0,0,0.946,3+ Years (Tenured),1
1636,IT Support,Associate,Associate - IT Support,50580.16,4,2.66,35,Non-Binary,Caucasian,2023-12-17,,7.0,9.0,8.0,0,0.866,1-3 Years (Mid-Tenure),0
1199,IT Support,Associate,Associate - IT Support,57822.02,4,2.18,31,Male,Two or More,2024-06-09,,9.0,4.0,6.0,0,0.99,1-3 Years (Mid-Tenure),0
95,IT Support,Associate,Associate - IT Support,46001.36,3,2.22,41,Male,Two or More,2024-05-27,,3.0,1.0,1.0,0,0.788,1-3 Years (Mid-Tenure),0
1630,IT Support,Associate,Associate - IT Support,69631.24,3,0.85,44,Other,Asian,2025-10-08,,9.0,5.0,8.0,0,1.193,0-1 Year (Onboarding),0
1478,IT Support,Associate,Associate - IT Support,51539.25,4,2.29,28,Non-Binary,Caucasian,2024-05-01,,1.0,3.0,2.0,0,0.883,1-3 Years (Mid-Tenure),1
4040,IT Support,Associate,Associate - IT Support,58429.32,3,0.62,42,Male,Hispanic,2025-02-25,2025-10-10,6.0,5.0,5.0,1,1.001,0-1 Year (Onboarding),0
624,IT Support,Associate,Associate - IT Support,57856.6,3,0.96,41,Non-Binary,African American,2025-08-30,,4.0,5.0,2.0,0,0.991,0-1 Year (Onboarding),0
2824,IT Support,Associate,Associate - IT Support,41033.75,2,2.22,46,Female,Hispanic,2024-05-25,,7.0,9.0,1.0,0,0.703,1-3 Years (Mid-Tenure),0
1187,IT Support,Associate,Associate - IT Support,50481.28,2,1.28,31,Male,Asian,2024-02-16,2025-05-27,2.0,1.0,1.0,1,0.865,1-3 Years (Mid-Tenure),0
2772,IT Support,Associate,Associate - IT Support,69647.66,4,2.24,38,Female,Two or More,2024-05-21,,9.99,7.0,7.0,0,1.193,1-3 Years (Mid-Tenure),0
647,IT Support,Associate,Associate - IT Support,56536.81,3,0.52,32,Male,Hispanic,2021-11-06,2022-05-15,6.0,5.0,5.0,0,0.968,0-1 Year (Onboarding),0
2811,IT Support,Associate,Associate - IT Support,61394.01,3,4.23,29,Other,Caucasian,2022-05-24,,8.0,9.99,9.99,0,1.051,3+ Years (Tenured),0
1532,IT Support,Associate,Associate - IT Support,52566.72,1,3.12,34,Female,Asian,2023-07-05,,4.0,5.0,2.0,0,0.9,3+ Years (Tenured),0
3407,IT Support,Associate,Associate - IT Support,73872.05,3,4.94,45,Other,Caucasian,2021-09-08,,4.0,3.0,5.0,0,1.265,3+ Years (Tenured),0
1185,IT Support,Associate,Associate - IT Support,41380.49,5,0.67,47,Other,Asian,2022-04-06,2022-12-06,6.0,5.0,5.0,1,0.709,0-1 Year (Onboarding),0
1610,IT Support,Associate,Associate - IT Support,59150.29,2,4.07,45,Male,Two or More,2022-07-20,,8.0,5.0,8.0,0,1.013,3+ Years (Tenured),0
2739,IT Support,Associate,Associate - IT Support,65654.99,4,0.77,33,Non-Binary,Caucasian,2025-11-08,,1.0,4.0,2.0,0,1.124,0-1 Year (Onboarding),1
4005,IT Support,Associate,Associate - IT Support,63822.76,3,3.26,43,Other,Caucasian,2023-05-14,,5.0,6.0,5.0,0,1.093,3+ Years (Tenured),0
1717,IT Support,Associate,Associate - IT Support,69749.9,3,4.13,36,Female,Asian,2022-06-29,,6.0,5.0,3.0,0,1.195,3+ Years (Tenured),0
3449,IT Support,Associate,Associate - IT Support,72836.31,3,4.25,22,Other,Two or More,2022-05-15,,2.0,8.0,6.0,0,1.247,3+ Years (Tenured),0
1263,IT Support,Associate,Associate - IT Support,71024.35,3,3.58,45,Male,African American,2023-01-16,,6.0,9.0,7.0,0,1.216,3+ Years (Tenured),0
3369,IT Support,Associate,Associate - IT Support,69641.79,4,3.13,21,Non-Binary,African American,2023-07-01,,4.0,4.0,5.0,0,1.193,3+ Years (Tenured),1
668,IT Support,Associate,Associate - IT Support,59032.63,2,1.36,36,Female,Caucasian,2025-04-05,,7.0,8.0,5.0,0,1.011,1-3 Years (Mid-Tenure),0
50,IT Support,Associate,Associate - IT Support,71225.26,1,0.33,25,Male,Two or More,2026-04-18,,6.0,5.0,6.0,0,1.22,0-1 Year (Onboarding),0
1437,IT Support,Associate,Associate - IT Support,72195.46,4,0.54,58,Other,African American,2026-01-30,,7.0,6.0,2.0,0,1.236,0-1 Year (Onboarding),0
4013,IT Support,Associate,Associate - IT Support,62756.49,4,1.55,32,Non-Binary,Caucasian,2025-01-25,,8.0,7.0,9.99,0,1.075,1-3 Years (Mid-Tenure),0
746,IT Support,Associate,Associate - IT Support,48712.22,4,3.47,31,Female,Two or More,2023-02-25,,7.0,7.0,3.0,0,0.834,3+ Years (Tenured),0
4057,IT Support,Associate,Associate - IT Support,44016.16,2,3.76,54,Non-Binary,Hispanic,2022-11-11,,9.99,5.0,8.0,0,0.754,3+ Years (Tenured),0
1419,IT Support,Associate,Associate - IT Support,46498.67,2,1.78,39,Male,Asian,2024-11-05,,7.0,9.99,5.0,0,0.796,1-3 Years (Mid-Tenure),0
2865,IT Support,Associate,Associate - IT Support,46774.42,3,0.58,32,Non-Binary,African American,2026-01-16,,9.99,8.0,4.0,0,0.801,0-1 Year (Onboarding),0
4238,IT Support,Associate,Associate - IT Support,67558.48,1,2.36,43,Female,African American,2024-02-07,2026-06-18,5.0,5.0,1.0,1,1.157,1-3 Years (Mid-Tenure),0
3292,IT Support,Associate,Associate - IT Support,73385.06,2,4.88,21,Non-Binary,Hispanic,2021-09-28,,8.0,9.0,7.0,0,1.257,3+ Years (Tenured),0
1537,IT Support,Associate,Associate - IT Support,40228.34,3,3.3,31,Female,African American,2023-04-30,,4.0,5.0,1.0,0,0.689,3+ Years (Tenured),0
2742,IT Support,Associate,Associate - IT Support,62521.81,2,0.18,21,Non-Binary,Asian,2026-06-12,,4.0,6.0,4.0,0,1.071,0-1 Year (Onboarding),0
1154,IT Support,Associate,Associate - IT Support,72427.75,1,3.02,36,Non-Binary,Two or More,2023-05-03,2026-05-08,1.0,2.0,6.0,1,1.24,3+ Years (Tenured),0
3442,IT Support,Associate,Associate - IT Support,67862.27,3,1.89,22,Female,Caucasian,2024-09-23,,9.99,7.0,4.0,0,1.162,1-3 Years (Mid-Tenure),0
2857,IT Support,Associate,Associate - IT Support,50113.99,3,2.84,51,Other,African American,2023-10-14,,8.0,9.0,5.0,0,0.858,1-3 Years (Mid-Tenure),0
1683,IT Support,Associate,Associate - IT Support,45325.86,2,0.75,47,Non-Binary,Hispanic,2025-11-13,,3.0,4.0,9.0,0,0.776,0-1 Year (Onboarding),0
731,IT Support,Associate,Associate - IT Support,51023.1,3,2.82,35,Non-Binary,Two or More,2023-08-15,2026-06-09,3.0,1.0,5.0,1,0.874,1-3 Years (Mid-Tenure),0
306,IT Support,Associate,Associate - IT Support,65826.05,4,0.04,36,Female,Two or More,2026-07-30,,6.0,5.0,5.0,0,1.127,0-1 Year (Onboarding),0
493,IT Support,Associate,Associate - IT Support,40805.12,5,2.55,32,Male,Hispanic,2024-01-28,,1.0,1.0,3.0,0,0.699,1-3 Years (Mid-Tenure),1
3817,IT Support,Associate,Associate - IT Support,40807.26,2,3.03,51,Female,Asian,2022-11-10,2025-11-20,7.0,9.99,6.0,1,0.699,3+ Years (Tenured),0
945,IT Support,Associate,Associate - IT Support,43202.87,4,1.36,49,Non-Binary,Hispanic,2025-04-07,,4.0,3.0,4.0,0,0.74,1-3 Years (Mid-Tenure),1
3814,IT Support,Associate,Associate - IT Support,72273.83,3,2.32,40,Non-Binary,Hispanic,2024-04-21,,3.0,3.0,5.0,0,1.238,1-3 Years (Mid-Tenure),0
3810,IT Support,Associate,Associate - IT Support,66485.35,5,2.22,49,Male,Two or More,2024-05-28,,8.0,6.0,2.0,0,1.139,1-3 Years (Mid-Tenure),0
2513,IT Support,Associate,Associate - IT Support,46441.86,4,1.9,24,Other,African American,2024-09-20,,9.99,5.0,7.0,0,0.795,1-3 Years (Mid-Tenure),0
3808,IT Support,Associate,Associate - IT Support,43738.07,3,0.44,30,Non-Binary,,2026-03-09,,9.99,9.99,7.0,0,0.749,0-1 Year (Onboarding),0
13,IT Support,Associate,Associate - IT Support,50410.35,3,3.14,59,Other,African American,2023-06-25,,8.0,4.0,4.0,0,0.863,3+ Years (Tenured),0
926,IT Support,Associate,Associate - IT Support,50177.27,4,2.67,58,Other,Caucasian,2023-12-13,,4.0,2.0,2.0,0,0.859,1-3 Years (Mid-Tenure),1
2505,IT Support,Associate,Associate - IT Support,44271.15,3,2.02,52,Non-Binary,Two or More,2024-08-07,,9.99,8.0,6.0,0,0.758,1-3 Years (Mid-Tenure),0
2127,IT Support,Associate,Associate - IT Support,50647.44,4,0.84,30,Non-Binary,Asian,2025-10-13,,5.0,2.0,3.0,0,0.867,0-1 Year (Onboarding),0
946,IT Support,Associate,Associate - IT Support,67746.33,3,4.67,61,Male,Caucasian,2021-12-13,,6.0,6.0,6.0,0,1.16,3+ Years (Tenured),0
2498,IT Support,Associate,Associate - IT Support,67571.57,5,4.26,32,Female,African American,2022-05-12,,8.0,6.0,5.0,0,1.157,3+ Years (Tenured),0
2146,IT Support,Associate,Associate - IT Support,56508.96,4,4.26,43,Other,Asian,2021-09-03,2025-12-06,9.0,7.0,7.0,1,0.968,3+ Years (Tenured),0
920,IT Support,Associate,Associate - IT Support,65031.2,3,1.01,35,Female,Two or More,2025-04-08,2026-04-11,8.0,9.99,9.99,1,1.114,1-3 Years (Mid-Tenure),0
2166,IT Support,Associate,Associate - IT Support,48008.49,4,2.93,38,Female,Caucasian,2023-09-12,,1.0,3.0,3.0,0,0.822,1-3 Years (Mid-Tenure),1
3593,IT Support,Associate,Associate - IT Support,66057.91,5,3.25,35,Female,Asian,2023-05-16,,5.0,4.0,1.0,0,1.131,3+ Years (Tenured),0
3150,IT Support,Associate,Associate - IT Support,66988.65,3,0.44,46,Male,Hispanic,2026-03-06,,6.0,1.0,1.0,0,1.147,0-1 Year (Onboarding),0
917,IT Support,Associate,Associate - IT Support,64386.7,2,0.05,33,Other,Asian,2026-07-27,,6.0,5.0,5.0,0,1.103,0-1 Year (Onboarding),0
2482,IT Support,Associate,Associate - IT Support,72359.24,1,1.07,44,Male,Hispanic,2023-07-20,2024-08-12,6.0,6.0,6.0,1,1.239,1-3 Years (Mid-Tenure),0
2479,IT Support,Associate,Associate - IT Support,48895.47,4,4.5,46,Female,Caucasian,2022-02-14,,6.0,5.0,8.0,0,0.837,3+ Years (Tenured),0
900,IT Support,Associate,Associate - IT Support,44266.35,4,2.96,37,Male,Two or More,2023-08-31,,9.99,9.99,9.0,0,0.758,1-3 Years (Mid-Tenure),0
975,IT Support,Associate,Associate - IT Support,69673.94,3,1.47,47,Female,Caucasian,2025-02-25,,7.0,7.0,7.0,0,1.193,1-3 Years (Mid-Tenure),0
3108,IT Support,Associate,Associate - IT Support,67860.16,2,4.51,34,Other,African American,2022-02-10,,6.0,4.0,7.0,0,1.162,3+ Years (Tenured),0
253,IT Support,Associate,Associate - IT Support,46976.59,3,1.16,28,Female,Two or More,2025-06-17,,5.0,5.0,6.0,0,0.805,1-3 Years (Mid-Tenure),0
396,IT Support,Associate,Associate - IT Support,56593.47,3,0.87,41,Female,Asian,2025-10-01,,6.0,7.0,6.0,0,0.969,0-1 Year (Onboarding),0
984,IT Support,Associate,Associate - IT Support,59673.82,3,1.69,35,Male,Caucasian,2024-12-05,,7.0,2.0,4.0,0,1.022,1-3 Years (Mid-Tenure),0
3253,IT Support,Associate,Associate - IT Support,68160.57,3,3.27,46,Female,Two or More,2023-05-08,,8.0,7.0,5.0,0,1.167,3+ Years (Tenured),0
978,IT Support,Associate,Associate - IT Support,53029.56,5,0.12,40,Female,Caucasian,2026-07-01,,6.0,5.0,5.0,0,0.908,0-1 Year (Onboarding),0
3552,IT Support,Associate,Associate - IT Support,61599.1,3,0.84,46,Female,Asian,2025-10-13,,6.0,5.0,7.0,0,1.055,0-1 Year (Onboarding),0
3123,IT Support,Associate,Associate - IT Support,68794.77,2,2.88,41,Non-Binary,Hispanic,2023-09-29,,4.0,1.0,1.0,0,1.178,1-3 Years (Mid-Tenure),0
2030,IT Support,Associate,Associate - IT Support,46505.31,2,1.66,46,,Asian,2024-12-16,,1.0,1.0,5.0,0,0.796,1-3 Years (Mid-Tenure),0
2035,IT Support,Associate,Associate - IT Support,63172.8,3,3.91,52,Non-Binary,,2022-09-17,,6.0,4.0,9.99,0,1.082,3+ Years (Tenured),0
10,IT Support,Associate,Associate - IT Support,71566.27,1,1.07,48,Other,Hispanic,2025-07-21,,5.0,1.0,3.0,0,1.226,1-3 Years (Mid-Tenure),0
398,IT Support,Associate,Associate - IT Support,51515.85,4,0.34,47,Female,,2026-04-12,,7.0,2.0,9.99,0,0.882,0-1 Year (Onboarding),0
2044,IT Support,Associate,Associate - IT Support,43874.96,4,1.85,42,Female,Hispanic,2024-10-09,,4.0,2.0,3.0,0,0.751,1-3 Years (Mid-Tenure),1
2061,IT Support,Associate,Associate - IT Support,40075.37,3,4.52,42,Female,Caucasian,2022-02-09,,9.0,4.0,9.0,0,0.686,3+ Years (Tenured),0
3834,IT Support,Associate,Associate - IT Support,49372.42,3,3.06,58,Female,African American,2023-07-24,,2.0,1.0,3.0,0,0.846,3+ Years (Tenured),0
3831,IT Support,Associate,Associate - IT Support,70408.28,3,2.95,39,Female,Caucasian,2023-09-04,,8.0,3.0,9.99,0,1.206,1-3 Years (Mid-Tenure),0
2067,IT Support,Associate,Associate - IT Support,55681.61,4,0.93,50,Other,African American,2025-09-10,,4.0,7.0,7.0,0,0.954,0-1 Year (Onboarding),1
130,IT Support,Associate,Associate - IT Support,55716.01,3,3.7,33,Non-Binary,Two or More,2022-12-02,,5.0,6.0,5.0,0,0.954,3+ Years (Tenured),0
2084,IT Support,Associate,Associate - IT Support,62634.06,1,4.94,37,Other,Hispanic,2021-09-06,,3.0,8.0,1.0,0,1.073,3+ Years (Tenured),0
405,IT Support,Associate,Associate - IT Support,49099.71,3,2.15,32,Male,Hispanic,2024-06-22,,8.0,9.0,7.0,0,0.841,1-3 Years (Mid-Tenure),0
440,IT Support,Associate,Associate - IT Support,64973.98,5,0.18,52,Other,Two or More,2025-11-25,2026-01-30,6.0,5.0,5.0,1,1.113,0-1 Year (Onboarding),0
8,IT Support,Associate,Associate - IT Support,70017.38,4,4.2,23,Other,Hispanic,2022-06-05,,9.99,8.0,5.0,0,1.199,3+ Years (Tenured),0
3629,IT Support,Associate,Associate - IT Support,50329.81,3,0.1,53,Other,Asian,2026-07-10,,6.0,5.0,5.0,0,0.862,0-1 Year (Onboarding),0
5,IT Support,Associate,Associate - IT Support,60349.33,3,1.37,38,Other,Hispanic,2025-04-01,,5.0,6.0,1.0,0,1.034,1-3 Years (Mid-Tenure),0
3717,IT Support,Associate,Associate - IT Support,64001.28,1,1.4,54,Female,Hispanic,2025-03-21,,9.99,8.0,7.0,0,1.096,1-3 Years (Mid-Tenure),0
3716,IT Support,Associate,Associate - IT Support,68372.48,3,1.12,35,Other,African American,2025-07-04,,3.0,1.0,1.0,0,1.171,1-3 Years (Mid-Tenure),0
3714,IT Support,Associate,Associate - IT Support,72751.22,5,4.44,35,Male,Asian,2022-03-07,,6.0,7.0,8.0,0,1.246,3+ Years (Tenured),0
3188,IT Support,Associate,Associate - IT Support,67899.08,5,0.75,44,Other,Hispanic,2024-08-05,2025-05-04,7.0,9.0,4.0,1,1.163,0-1 Year (Onboarding),0
2304,IT Support,Associate,Associate - IT Support,52616.37,5,1.77,31,Other,Two or More,2024-11-08,,5.0,3.0,5.0,0,0.901,1-3 Years (Mid-Tenure),0
2311,IT Support,Associate,Associate - IT Support,73419.52,3,2.32,23,Non-Binary,Caucasian,2024-04-19,,8.0,8.0,1.0,0,1.257,1-3 Years (Mid-Tenure),0
3681,IT Support,Associate,Associate - IT Support,41973.2,2,3.5,32,Male,Asian,2023-02-14,,7.0,3.0,4.0,0,0.719,3+ Years (Tenured),0
2256,IT Support,Associate,Associate - IT Support,53151.59,2,3.8,31,Male,Hispanic,2022-10-29,,4.0,1.0,6.0,0,0.91,3+ Years (Tenured),0
451,IT Support,Associate,Associate - IT Support,45030.67,3,1.2,45,Non-Binary,Caucasian,2025-06-03,,5.0,6.0,1.0,0,0.771,1-3 Years (Mid-Tenure),0
2316,IT Support,Associate,Associate - IT Support,43777.54,3,4.34,49,Male,Caucasian,2022-04-15,,9.0,4.0,4.0,0,0.75,3+ Years (Tenured),0
168,IT Support,Associate,Associate - IT Support,66141.87,2,2.05,46,Non-Binary,Caucasian,2024-07-26,,5.0,7.0,6.0,0,1.133,1-3 Years (Mid-Tenure),0
448,IT Support,Associate,Associate - IT Support,66296.41,5,4.68,41,,Hispanic,2021-12-09,,7.0,9.0,2.0,0,1.135,3+ Years (Tenured),0
854,IT Support,Associate,Associate - IT Support,68663.09,5,0.55,41,Male,Hispanic,2026-01-27,,4.0,3.0,9.0,0,1.176,0-1 Year (Onboarding),1
4439,IT Support,Associate,Associate - IT Support,54112.71,2,5.01,31,Female,Asian,2021-08-13,,3.0,8.0,5.0,0,0.927,3+ Years (Tenured),0
817,IT Support,Associate,Associate - IT Support,47465.56,2,4.94,56,Male,Hispanic,2021-09-07,,6.0,3.0,5.0,0,0.813,3+ Years (Tenured),0
2361,IT Support,Associate,Associate - IT Support,55122.79,4,2.41,38,Male,Caucasian,2024-03-17,,8.0,9.99,9.99,0,0.944,1-3 Years (Mid-Tenure),0
2369,IT Support,Associate,Associate - IT Support,48037.27,4,0.07,37,Non-Binary,Asian,2026-07-21,,6.0,5.0,5.0,0,0.823,0-1 Year (Onboarding),0
3171,IT Support,Associate,Associate - IT Support,62789.19,2,1.25,21,Non-Binary,Caucasian,2025-05-17,,3.0,7.0,5.0,0,1.075,1-3 Years (Mid-Tenure),0
3601,IT Support,Associate,Associate - IT Support,71920.8,4,4.2,37,Male,Asian,2022-06-04,,9.99,9.99,2.0,0,1.232,3+ Years (Tenured),0
895,IT Support,Associate,Associate - IT Support,53147.1,4,2.79,39,Female,Caucasian,2023-10-30,,9.99,8.0,9.99,0,0.91,1-3 Years (Mid-Tenure),0
2469,IT Support,Associate,Associate - IT Support,41807.91,4,0.64,29,Male,Two or More,2025-02-01,2025-09-24,4.0,9.0,5.0,1,0.716,0-1 Year (Onboarding),1
2206,IT Support,Associate,Associate - IT Support,73996.14,1,0.64,41,Male,Asian,2025-12-24,,7.0,8.0,4.0,0,1.267,0-1 Year (Onboarding),0
2466,IT Support,Associate,Associate - IT Support,65796.24,3,1.69,29,Female,Caucasian,2024-09-22,2026-06-01,8.0,9.99,9.99,1,1.127,1-3 Years (Mid-Tenure),0
2215,IT Support,Associate,Associate - IT Support,51200.59,3,4.17,47,Male,African American,2022-06-15,,9.0,7.0,9.99,0,0.877,3+ Years (Tenured),0
483,IT Support,Associate,Associate - IT Support,71647.74,2,2.43,30,Male,Hispanic,2024-03-12,,8.0,7.0,6.0,0,1.227,1-3 Years (Mid-Tenure),0
263,IT Support,Associate,Associate - IT Support,51792.42,4,1.54,50,Non-Binary,Two or More,2025-01-31,,5.0,3.0,4.0,0,0.887,1-3 Years (Mid-Tenure),0
425,IT Support,Associate,Associate - IT Support,52089.01,3,4.76,58,Female,African American,2021-11-13,,1.0,3.0,2.0,0,0.892,3+ Years (Tenured),0
3740,IT Support,Associate,Associate - IT Support,66834.1,3,1.35,38,Female,Hispanic,2025-04-11,,9.99,9.99,5.0,0,1.145,1-3 Years (Mid-Tenure),0
1783,IT Support,Associate,Associate - IT Support,61264.74,4,3.99,29,Male,African American,2022-08-21,,4.0,3.0,4.0,0,1.049,3+ Years (Tenured),1
3736,IT Support,Associate,Associate - IT Support,67559.57,3,2.9,62,Female,African American,2023-09-21,,1.0,5.0,4.0,0,1.157,1-3 Years (Mid-Tenure),0
2245,IT Support,Associate,Associate - IT Support,44322.26,3,4.68,31,Other,African American,2021-12-11,,2.0,7.0,1.0,0,0.759,3+ Years (Tenured),0
158,IT Support,Associate,Associate - IT Support,62544.44,3,0.76,38,Other,African American,2023-04-11,2024-01-13,6.0,5.0,5.0,1,1.071,0-1 Year (Onboarding),0
2254,IT Support,Associate,Associate - IT Support,46831.44,4,4.73,38,Female,African American,2021-11-24,,7.0,4.0,4.0,0,0.802,3+ Years (Tenured),0
3221,IT Support,Associate,Associate - IT Support,63851.36,3,3.36,47,Other,Caucasian,2023-04-05,,9.0,9.99,8.0,0,1.094,3+ Years (Tenured),0
3618,IT Support,Associate,Associate - IT Support,73255.02,4,1.44,38,Female,Hispanic,2025-03-09,,9.0,4.0,5.0,0,1.255,1-3 Years (Mid-Tenure),0
3622,IT Support,Associate,Associate - IT Support,44501.49,4,2.74,45,Female,Hispanic,2023-11-18,,6.0,8.0,2.0,0,0.762,1-3 Years (Mid-Tenure),0
3626,IT Support,Associate,Associate - IT Support,48240.11,4,0.33,40,Male,Two or More,2026-04-16,,4.0,7.0,7.0,0,0.826,0-1 Year (Onboarding),1
3627,IT Support,Associate,Associate - IT Support,69553.68,4,0.04,39,Other,Asian,2026-07-31,,6.0,5.0,5.0,0,1.191,0-1 Year (Onboarding),0
1009,IT Support,Associate,Associate - IT Support,60938.54,2,4.72,43,Non-Binary,Hispanic,2021-11-25,,3.0,4.0,4.0,0,1.044,3+ Years (Tenured),0
2634,IT Support,Associate,Associate - IT Support,65624.19,4,0.83,42,Male,Hispanic,2025-10-17,,6.0,9.99,5.0,0,1.124,0-1 Year (Onboarding),0
3528,IT Support,Associate,Associate - IT Support,55347.4,2,3.02,39,,Asian,2023-08-09,,5.0,9.99,3.0,0,0.948,3+ Years (Tenured),0
1000,IT Support,Associate,Associate - IT Support,50085.01,5,0.7,48,Non-Binary,Two or More,2025-12-01,,9.99,6.0,9.99,0,0.858,0-1 Year (Onboarding),0
4363,IT Support,Associate,Associate - IT Support,60736.97,2,0.07,34,Male,,2026-07-20,,6.0,5.0,5.0,0,1.04,0-1 Year (Onboarding),0
3963,IT Support,Associate,Associate - IT Support,57209.94,3,2.46,48,Female,African American,2024-02-29,,2.0,1.0,4.0,0,0.98,1-3 Years (Mid-Tenure),0
1008,IT Support,Associate,Associate - IT Support,69515.49,5,2.67,36,Female,African American,2023-12-15,,8.0,9.99,8.0,0,1.191,1-3 Years (Mid-Tenure),0
3949,IT Support,Associate,Associate - IT Support,68836.0,2,0.86,56,Female,African American,2025-10-05,,7.0,7.0,4.0,0,1.179,0-1 Year (Onboarding),0
554,IT Support,Associate,Associate - IT Support,60073.83,2,0.09,63,Female,Asian,2025-04-12,2025-05-16,6.0,5.0,5.0,1,1.029,0-1 Year (Onboarding),0
3887,IT Support,Associate,Associate - IT Support,43951.99,5,1.61,34,Other,African American,2025-01-06,,2.0,3.0,1.0,0,0.753,1-3 Years (Mid-Tenure),1
571,IT Support,Associate,Associate - IT Support,68298.22,4,3.73,56,Male,African American,2022-11-24,,5.0,9.99,6.0,0,1.17,3+ Years (Tenured),0
3272,IT Support,Associate,Associate - IT Support,60785.43,3,2.66,57,Female,Caucasian,2023-12-17,,9.0,9.0,9.0,0,1.041,1-3 Years (Mid-Tenure),0
3888,IT Support,Associate,Associate - IT Support,71969.43,4,0.59,48,Female,African American,2023-05-27,2023-12-29,6.0,5.0,5.0,1,1.233,0-1 Year (Onboarding),0
4338,IT Support,Associate,Associate - IT Support,54757.06,5,4.24,21,Female,Caucasian,2022-05-21,,8.0,8.0,9.99,0,0.938,3+ Years (Tenured),0
765,IT Support,Associate,Associate - IT Support,57505.0,2,3.65,56,Male,Hispanic,2022-12-21,,6.0,5.0,1.0,0,0.985,3+ Years (Tenured),0
1800,IT Support,Associate,Associate - IT Support,54561.23,4,3.75,62,Non-Binary,African American,2022-11-14,,3.0,5.0,7.0,0,0.934,3+ Years (Tenured),1
4362,IT Support,Associate,Associate - IT Support,64323.3,3,0.86,29,Other,Caucasian,2025-10-04,,4.0,5.0,1.0,0,1.102,0-1 Year (Onboarding),0
1942,IT Support,Associate,Associate - IT Support,57771.05,4,1.21,46,Non-Binary,Caucasian,2025-05-31,,8.0,6.0,7.0,0,0.989,1-3 Years (Mid-Tenure),0
552,IT Support,Associate,Associate - IT Support,55631.09,5,0.66,39,Other,African American,2025-12-18,,3.0,3.0,5.0,0,0.953,0-1 Year (Onboarding),1
1940,IT Support,Associate,Associate - IT Support,60759.9,4,2.31,34,Other,,2024-04-24,,7.0,9.0,3.0,0,1.041,1-3 Years (Mid-Tenure),0
1938,IT Support,Associate,Associate - IT Support,71224.6,5,0.35,42,Non-Binary,Hispanic,2026-04-09,,5.0,1.0,4.0,0,1.22,0-1 Year (Onboarding),0
1824,IT Support,Associate,Associate - IT Support,50973.27,3,2.86,36,Other,African American,2023-10-06,,7.0,6.0,1.0,0,0.873,1-3 Years (Mid-Tenure),0
3522,IT Support,Associate,Associate - IT Support,71361.95,4,2.22,38,Non-Binary,Hispanic,2023-05-27,2025-08-15,9.99,8.0,3.0,1,1.222,1-3 Years (Mid-Tenure),0
2614,IT Support,Associate,Associate - IT Support,67634.91,5,0.87,30,Non-Binary,African American,2025-10-02,,9.99,9.99,9.99,0,1.158,0-1 Year (Onboarding),0
1023,IT Support,Associate,Associate - IT Support,71315.4,4,2.37,31,Female,Hispanic,2024-04-03,,9.0,9.99,7.0,0,1.221,1-3 Years (Mid-Tenure),0
1908,IT Support,Associate,Associate - IT Support,47192.89,3,0.09,33,Non-Binary,African American,2026-07-12,,6.0,5.0,5.0,0,0.808,0-1 Year (Onboarding),0
1019,IT Support,Associate,Associate - IT Support,56664.09,4,3.62,45,Male,African American,2023-01-01,,9.99,5.0,1.0,0,0.97,3+ Years (Tenured),0
3269,IT Support,Associate,Associate - IT Support,65047.09,4,0.23,59,Other,Two or More,2025-12-23,2026-03-18,6.0,5.0,5.0,1,1.114,0-1 Year (Onboarding),0
1021,IT Support,Associate,Associate - IT Support,48900.95,5,1.27,42,Other,Two or More,2025-05-09,,6.0,7.0,7.0,0,0.837,1-3 Years (Mid-Tenure),0
1971,IT Support,Associate,Associate - IT Support,41914.86,4,1.97,58,Other,Caucasian,2024-08-26,,5.0,2.0,5.0,0,0.718,1-3 Years (Mid-Tenure),0
1839,IT Support,Associate,Associate - IT Support,54653.64,3,1.19,26,Non-Binary,Two or More,2025-06-08,,3.0,3.0,1.0,0,0.936,1-3 Years (Mid-Tenure),0
3940,IT Support,Associate,Associate - IT Support,57657.77,2,3.0,37,Non-Binary,,2023-08-15,,5.0,5.0,6.0,0,0.987,3+ Years (Tenured),0
1982,IT Support,Associate,Associate - IT Support,42630.85,3,0.28,47,Other,Asian,2026-05-03,,6.0,5.0,5.0,0,0.73,0-1 Year (Onboarding),0
2581,IT Support,Associate,Associate - IT Support,56421.45,3,1.37,44,Non-Binary,Asian,2025-04-01,,9.0,7.0,9.99,0,0.966,1-3 Years (Mid-Tenure),0
2690,IT Support,Associate,Associate - IT Support,50218.82,4,0.14,25,Non-Binary,Two or More,2026-06-25,,6.0,5.0,5.0,0,0.86,0-1 Year (Onboarding),0
1855,IT Support,Associate,Associate - IT Support,73213.57,3,0.17,46,Male,Hispanic,2026-06-13,,8.0,8.0,4.0,0,1.254,0-1 Year (Onboarding),0
3867,IT Support,Associate,Associate - IT Support,68858.33,4,0.76,24,Male,African American,2025-11-10,,5.0,9.99,3.0,0,1.179,0-1 Year (Onboarding),0
1785,IT Support,Associate,Associate - IT Support,68758.71,3,2.0,57,Other,Two or More,2024-08-16,,2.0,2.0,1.0,0,1.178,1-3 Years (Mid-Tenure),0
3101,IT Support,Associate,Associate - IT Support,40747.42,3,4.76,39,Male,Two or More,2021-11-10,,1.0,4.0,6.0,0,0.698,3+ Years (Tenured),0
287,IT Support,Associate,Associate - IT Support,74368.89,3,0.67,51,Female,African American,2025-12-14,,7.0,3.0,7.0,0,1.274,0-1 Year (Onboarding),0
117,IT Support,Associate,Associate - IT Support,56261.41,3,4.41,43,Female,Two or More,2022-03-19,,5.0,6.0,8.0,0,0.964,3+ Years (Tenured),0
4372,IT Support,Associate,Associate - IT Support,56780.58,4,0.56,44,Non-Binary,African American,2026-01-24,,8.0,9.99,9.0,0,0.972,0-1 Year (Onboarding),0
1970,IT Support,Associate,Associate - IT Support,61599.5,1,1.71,42,Other,Two or More,2024-11-28,,1.0,6.0,1.0,0,1.055,1-3 Years (Mid-Tenure),0
995,IT Support,Associate,Associate - IT Support,65958.31,5,1.1,42,Male,Asian,2024-01-15,2025-02-20,5.0,6.0,1.0,1,1.13,1-3 Years (Mid-Tenure),0
1795,IT Support,Associate,Associate - IT Support,62427.46,4,4.4,44,Other,Asian,2022-03-24,,3.0,6.0,2.0,0,1.069,3+ Years (Tenured),1
3926,IT Support,Associate,Associate - IT Support,58466.67,5,4.65,39,Non-Binary,,2021-12-20,,9.99,4.0,6.0,0,1.001,3+ Years (Tenured),0
3274,IT Support,Associate,Associate - IT Support,67576.29,5,2.24,47,,Asian,2024-05-20,,5.0,5.0,8.0,0,1.157,1-3 Years (Mid-Tenure),0
1081,IT Support,Associate,Associate - IT Support,44894.22,3,1.58,36,Non-Binary,Asian,2025-01-15,,2.0,1.0,3.0,0,0.769,1-3 Years (Mid-Tenure),0
4106,IT Support,Domain Director,Domain Director - IT Support,123925.31,4,3.18,30,Non-Binary,Caucasian,2023-06-11,,4.0,2.0,5.0,0,0.918,3+ Years (Tenured),1
2344,IT Support,Domain Director,Domain Director - IT Support,145963.52,4,2.51,36,Female,Hispanic,2024-02-11,,9.99,3.0,4.0,0,1.082,1-3 Years (Mid-Tenure),0
3025,IT Support,Manager,Manager - IT Support,94011.36,4,0.33,21,,Caucasian,2026-04-15,,9.99,8.0,5.0,0,1.063,0-1 Year (Onboarding),0
1393,IT Support,Manager,Manager - IT Support,79673.71,4,1.64,55,Male,Asian,2024-12-23,,4.0,5.0,5.0,0,0.901,1-3 Years (Mid-Tenure),1
2140,IT Support,Manager,Manager - IT Support,116658.36,5,2.24,35,Other,Caucasian,2024-05-20,,5.0,8.0,9.99,0,1.319,1-3 Years (Mid-Tenure),0
1831,IT Support,Manager,Manager - IT Support,71184.82,2,0.56,51,Non-Binary,Caucasian,2026-01-23,,7.0,4.0,7.0,0,0.805,0-1 Year (Onboarding),0
2931,IT Support,Manager,Manager - IT Support,70686.03,4,1.09,43,Female,Asian,2025-07-13,,9.0,7.0,6.0,0,0.799,1-3 Years (Mid-Tenure),0
1217,IT Support,Manager,Manager - IT Support,101092.72,3,2.25,31,Non-Binary,Hispanic,2024-05-15,,4.0,1.0,6.0,0,1.143,1-3 Years (Mid-Tenure),0
4232,IT Support,Manager,Manager - IT Support,85887.11,3,0.37,42,Male,Asian,2022-01-21,2022-06-04,6.0,5.0,5.0,1,0.971,0-1 Year (Onboarding),0
3755,IT Support,Supervisor/Lead,Supervisor/Lead - IT Support,68626.73,3,1.77,43,Non-Binary,,2024-11-07,,5.0,1.0,3.0,0,0.953,1-3 Years (Mid-Tenure),0
486,IT Support,Supervisor/Lead,Supervisor/Lead - IT Support,84974.99,4,4.97,46,,Caucasian,2021-08-28,,9.99,6.0,3.0,0,1.18,3+ Years (Tenured),0
3371,IT Support,Supervisor/Lead,Supervisor/Lead - IT Support,81577.77,4,3.14,49,,,2023-06-26,,8.0,6.0,6.0,0,1.132,3+ Years (Tenured),0
1373,IT Support,Supervisor/Lead,Supervisor/Lead - IT Support,77573.42,3,2.18,32,Male,Two or More,2024-06-12,,9.0,6.0,5.0,0,1.077,1-3 Years (Mid-Tenure),0
2267,IT Support,Supervisor/Lead,Supervisor/Lead - IT Support,57829.32,4,2.62,54,Other,Caucasian,2024-01-01,,8.0,1.0,5.0,0,0.803,1-3 Years (Mid-Tenure),0
3181,IT Support,Supervisor/Lead,Supervisor/Lead - IT Support,75123.31,3,1.27,43,Male,Asian,2025-05-08,,9.0,6.0,2.0,0,1.043,1-3 Years (Mid-Tenure),0
2635,IT Support,Supervisor/Lead,Supervisor/Lead - IT Support,79212.04,4,1.48,35,Other,Two or More,2025-02-22,,2.0,1.0,2.0,0,1.1,1-3 Years (Mid-Tenure),1
3915,IT Support,Supervisor/Lead,Supervisor/Lead - IT Support,64187.9,4,3.8,38,Non-Binary,Caucasian,2022-10-29,,7.0,7.0,7.0,0,0.891,3+ Years (Tenured),0
2411,IT Support,Supervisor/Lead,Supervisor/Lead - IT Support,82480.84,5,3.41,53,Non-Binary,African American,2023-03-21,,5.0,5.0,6.0,0,1.145,3+ Years (Tenured),0
1838,IT Support,Supervisor/Lead,Supervisor/Lead - IT Support,64201.91,3,2.1,53,Other,Two or More,2024-07-09,,6.0,7.0,5.0,0,0.891,1-3 Years (Mid-Tenure),0
2263,IT Support,Supervisor/Lead,Supervisor/Lead - IT Support,79818.02,4,3.16,37,Female,Caucasian,2023-06-19,,4.0,4.0,2.0,0,1.108,3+ Years (Tenured),1
3984,IT Support,Supervisor/Lead,Supervisor/Lead - IT Support,76755.73,2,3.41,41,Other,African American,2022-11-27,2026-04-26,8.0,9.99,8.0,1,1.065,3+ Years (Tenured),0
335,IT Support,Supervisor/Lead,Supervisor/Lead - IT Support,73881.32,4,1.15,29,Female,Asian,2025-06-21,,5.0,7.0,8.0,0,1.026,1-3 Years (Mid-Tenure),0
340,IT Support,Supervisor/Lead,Supervisor/Lead - IT Support,65885.64,3,0.28,32,Other,Caucasian,2026-05-05,,5.0,7.0,6.0,0,0.915,0-1 Year (Onboarding),0
28,IT Support,Supervisor/Lead,Supervisor/Lead - IT Support,76513.85,1,2.59,43,Male,Caucasian,2024-01-13,,2.0,1.0,1.0,0,1.062,1-3 Years (Mid-Tenure),0
750,IT Support,Supervisor/Lead,Supervisor/Lead - IT Support,58250.38,4,2.69,28,Female,Two or More,2023-12-08,,2.0,3.0,1.0,0,0.809,1-3 Years (Mid-Tenure),1
138,IT Support,Supervisor/Lead,Supervisor/Lead - IT Support,72336.73,4,1.06,39,Male,African American,2025-07-23,,5.0,3.0,4.0,0,1.004,1-3 Years (Mid-Tenure),0
395,IT Support,Supervisor/Lead,Supervisor/Lead - IT Support,72982.28,5,4.58,46,Female,Asian,2022-01-15,,6.0,5.0,4.0,0,1.013,3+ Years (Tenured),0
1628,IT Support,Supervisor/Lead,Supervisor/Lead - IT Support,70514.45,3,2.02,33,Male,Asian,2024-08-07,,6.0,6.0,9.99,0,0.979,1-3 Years (Mid-Tenure),0
1556,IT Support,Supervisor/Lead,Supervisor/Lead - IT Support,84627.8,3,1.07,37,,,2025-07-19,,2.0,4.0,4.0,0,1.175,1-3 Years (Mid-Tenure),0
2771,IT Support,Supervisor/Lead,Supervisor/Lead - IT Support,87501.07,4,2.83,37,,Caucasian,2023-10-18,,5.0,2.0,6.0,0,1.215,1-3 Years (Mid-Tenure),0
4285,IT Support,Supervisor/Lead,Supervisor/Lead - IT Support,69084.94,3,2.96,47,Male,Caucasian,2023-08-16,2026-08-02,3.0,1.0,1.0,1,0.959,1-3 Years (Mid-Tenure),0
2356,IT Support,Supervisor/Lead,Supervisor/Lead - IT Support,55491.08,3,2.19,45,Male,Caucasian,2024-06-05,,5.0,4.0,4.0,0,0.77,1-3 Years (Mid-Tenure),0
3009,IT Support,Supervisor/Lead,Supervisor/Lead - IT Support,63227.28,4,1.24,38,Female,African American,2023-09-27,2024-12-22,5.0,8.0,2.0,1,0.878,1-3 Years (Mid-Tenure),0
4183,IT Support,Supervisor/Lead,Supervisor/Lead - IT Support,76204.48,4,2.69,42,Other,African American,2023-12-07,,4.0,4.0,3.0,0,1.058,1-3 Years (Mid-Tenure),1
2094,IT Support,Supervisor/Lead,Supervisor/Lead - IT Support,58931.76,4,4.01,35,Other,Two or More,2022-08-11,,2.0,4.0,3.0,0,0.818,3+ Years (Tenured),1
4322,IT Support,Supervisor/Lead,Supervisor/Lead - IT Support,68060.24,5,4.8,21,Non-Binary,Asian,2021-10-29,,5.0,4.0,2.0,0,0.945,3+ Years (Tenured),0
1952,IT Support,Supervisor/Lead,Supervisor/Lead - IT Support,81397.71,4,3.66,35,Male,Asian,2022-12-17,,8.0,6.0,8.0,0,1.13,3+ Years (Tenured),0
3483,IT Support,Supervisor/Lead,Supervisor/Lead - IT Support,66633.72,3,1.61,41,Male,Two or More,2025-01-06,,9.99,9.0,9.99,0,0.925,1-3 Years (Mid-Tenure),0
4390,IT Support,Supervisor/Lead,Supervisor/Lead - IT Support,66005.44,4,0.72,41,Other,African American,2025-11-26,,8.0,2.0,7.0,0,0.916,0-1 Year (Onboarding),0
2477,IT Support,Supervisor/Lead,Supervisor/Lead - IT Support,74582.25,4,3.5,49,Male,African American,2023-02-15,,9.0,9.0,7.0,0,1.035,3+ Years (Tenured),0
872,IT Support,Supervisor/Lead,Supervisor/Lead - IT Support,79538.35,4,1.61,48,Non-Binary,Two or More,2025-01-03,,6.0,9.99,4.0,0,1.104,1-3 Years (Mid-Tenure),0
458,IT Support,Supervisor/Lead,Supervisor/Lead - IT Support,63368.45,3,1.63,23,Non-Binary,African American,2024-12-28,,1.0,1.0,1.0,0,0.88,1-3 Years (Mid-Tenure),0
3900,IT Support,Supervisor/Lead,Supervisor/Lead - IT Support,68240.18,2,1.62,31,Female,,2024-05-18,2025-12-29,4.0,6.0,1.0,1,0.947,1-3 Years (Mid-Tenure),0
2829,IT Support,Supervisor/Lead,Supervisor/Lead - IT Support,75876.16,3,4.43,45,Other,Asian,2022-03-11,,5.0,5.0,6.0,0,1.053,3+ Years (Tenured),0
1512,Security,Assistant Manager,Assistant Manager - Security,74709.86,4,3.22,58,Male,Hispanic,2023-05-28,,5.0,8.0,1.0,0,0.988,3+ Years (Tenured),0
4223,Security,Assistant Manager,Assistant Manager - Security,83103.92,4,2.51,25,Male,Caucasian,2024-02-10,,4.0,4.0,5.0,0,1.099,1-3 Years (Mid-Tenure),1
4181,Security,Assistant Manager,Assistant Manager - Security,78049.19,5,4.01,50,Female,Two or More,2022-08-11,,3.0,5.0,1.0,0,1.032,3+ Years (Tenured),1
863,Security,Assistant Manager,Assistant Manager - Security,75387.04,5,1.73,45,Female,Caucasian,2024-11-23,,2.0,3.0,1.0,0,0.997,1-3 Years (Mid-Tenure),1
474,Security,Assistant Manager,Assistant Manager - Security,64875.21,3,0.36,53,Other,Hispanic,2026-04-06,,3.0,3.0,1.0,0,0.858,0-1 Year (Onboarding),0
2989,Security,Assistant Manager,Assistant Manager - Security,62698.19,3,4.12,39,Female,African American,2022-07-04,,4.0,1.0,3.0,0,0.829,3+ Years (Tenured),0
2779,Security,Assistant Manager,Assistant Manager - Security,72780.11,4,3.95,35,Non-Binary,Asian,2022-09-03,,9.99,9.0,3.0,0,0.962,3+ Years (Tenured),0
914,Security,Assistant Manager,Assistant Manager - Security,93497.39,2,4.58,44,Female,,2022-01-17,,8.0,4.0,7.0,0,1.236,3+ Years (Tenured),0
3212,Security,Associate,Associate - Security,48263.85,4,1.63,37,Non-Binary,African American,2024-12-29,,7.0,9.99,6.0,0,0.834,1-3 Years (Mid-Tenure),0
2365,Security,Associate,Associate - Security,58146.51,3,4.28,48,Male,Asian,2022-05-07,,5.0,5.0,7.0,0,1.005,3+ Years (Tenured),0
2983,Security,Associate,Associate - Security,45051.57,5,3.7,31,Other,Two or More,2021-12-28,2025-09-07,2.0,5.0,5.0,1,0.779,3+ Years (Tenured),1
822,Security,Associate,Associate - Security,44199.53,4,3.72,44,Female,Caucasian,2022-11-25,,1.0,4.0,5.0,0,0.764,3+ Years (Tenured),1
1313,Security,Associate,Associate - Security,47477.65,3,0.41,37,Male,Two or More,2026-03-17,,7.0,4.0,9.99,0,0.821,0-1 Year (Onboarding),0
2949,Security,Associate,Associate - Security,68729.84,3,0.64,34,Female,Hispanic,2025-06-01,2026-01-19,5.0,4.0,3.0,1,1.188,0-1 Year (Onboarding),0
1086,Security,Associate,Associate - Security,47257.53,5,4.92,36,Other,Caucasian,2021-09-13,,7.0,1.0,6.0,0,0.817,3+ Years (Tenured),0
3216,Security,Associate,Associate - Security,48820.53,1,0.09,50,Female,Hispanic,2022-11-23,2022-12-25,6.0,5.0,5.0,1,0.844,0-1 Year (Onboarding),0
4204,Security,Associate,Associate - Security,52519.21,1,0.81,40,Other,Asian,2025-10-22,,5.0,7.0,1.0,0,0.908,0-1 Year (Onboarding),0
1297,Security,Associate,Associate - Security,56407.56,4,4.58,28,Female,African American,2022-01-15,,9.0,7.0,9.99,0,0.975,3+ Years (Tenured),0
3064,Security,Associate,Associate - Security,47234.27,5,0.9,41,Other,Hispanic,2023-10-11,2024-09-04,9.0,8.0,8.0,1,0.816,0-1 Year (Onboarding),0
1057,Security,Associate,Associate - Security,60107.47,5,2.43,35,Female,African American,2024-03-12,,8.0,6.0,9.99,0,1.039,1-3 Years (Mid-Tenure),0
1287,Security,Associate,Associate - Security,50780.62,3,3.38,49,Male,Caucasian,2023-04-01,,4.0,2.0,4.0,0,0.878,3+ Years (Tenured),0
971,Security,Associate,Associate - Security,48378.31,4,3.07,40,Female,Caucasian,2023-07-23,,3.0,6.0,6.0,0,0.836,3+ Years (Tenured),1
4292,Security,Associate,Associate - Security,42901.93,3,2.19,27,Female,Caucasian,2024-06-06,,2.0,4.0,3.0,0,0.742,1-3 Years (Mid-Tenure),0
3035,Security,Associate,Associate - Security,48693.84,3,0.71,33,Female,Two or More,2025-11-28,,1.0,1.0,5.0,0,0.842,0-1 Year (Onboarding),0
3242,Security,Associate,Associate - Security,49615.91,3,0.52,44,Female,Hispanic,2026-02-08,,9.99,7.0,9.99,0,0.858,0-1 Year (Onboarding),0
940,Security,Associate,Associate - Security,57549.24,3,1.61,36,Other,African American,2025-01-05,,5.0,6.0,4.0,0,0.995,1-3 Years (Mid-Tenure),0
1186,Security,Associate,Associate - Security,53198.83,4,3.26,34,Female,Caucasian,2023-05-14,,9.99,7.0,9.99,0,0.92,3+ Years (Tenured),0
4287,Security,Associate,Associate - Security,73935.5,4,0.66,40,Other,Asian,2023-12-24,2024-08-22,6.0,5.0,5.0,1,1.278,0-1 Year (Onboarding),0
999,Security,Associate,Associate - Security,50705.55,5,4.01,21,,African American,2022-08-14,,6.0,7.0,7.0,0,0.877,3+ Years (Tenured),0
952,Security,Associate,Associate - Security,41617.93,2,4.68,31,Other,Hispanic,2021-12-11,,7.0,5.0,4.0,0,0.719,3+ Years (Tenured),0
3130,Security,Associate,Associate - Security,69421.99,3,4.01,41,Female,Hispanic,2022-08-11,,8.0,6.0,3.0,0,1.2,3+ Years (Tenured),0
1147,Security,Associate,Associate - Security,42800.31,3,0.27,34,Other,Caucasian,2026-05-08,,4.0,4.0,5.0,0,0.74,0-1 Year (Onboarding),0
3305,Security,Associate,Associate - Security,47667.54,2,1.05,43,Non-Binary,Asian,2021-08-04,2022-08-23,6.0,5.0,5.0,1,0.824,1-3 Years (Mid-Tenure),0
1174,Security,Associate,Associate - Security,48782.53,4,1.36,42,Male,African American,2025-04-07,,4.0,3.0,9.0,0,0.843,1-3 Years (Mid-Tenure),1
1149,Security,Associate,Associate - Security,63035.92,3,3.75,56,Female,African American,2022-11-16,,2.0,2.0,8.0,0,1.09,3+ Years (Tenured),0
1171,Security,Associate,Associate - Security,65621.25,4,4.6,31,Other,African American,2022-01-10,,7.0,5.0,3.0,0,1.134,3+ Years (Tenured),0
1168,Security,Associate,Associate - Security,56451.88,4,2.78,32,Male,Asian,2023-11-03,,5.0,1.0,2.0,0,0.976,1-3 Years (Mid-Tenure),0
977,Security,Associate,Associate - Security,42972.76,3,3.14,21,Other,Asian,2023-06-26,,4.0,4.0,9.99,0,0.743,3+ Years (Tenured),0
991,Security,Associate,Associate - Security,73524.63,3,1.52,40,Other,Caucasian,2025-02-05,,9.99,8.0,9.99,0,1.271,1-3 Years (Mid-Tenure),0
783,Security,Associate,Associate - Security,57699.49,3,0.83,42,Female,African American,2023-08-23,2024-06-22,6.0,5.0,5.0,1,0.997,0-1 Year (Onboarding),0
989,Security,Associate,Associate - Security,66792.78,3,4.8,43,Other,Caucasian,2021-10-27,,1.0,1.0,4.0,0,1.155,3+ Years (Tenured),0
3023,Security,Associate,Associate - Security,69271.45,3,4.77,46,Non-Binary,Two or More,2021-11-07,,4.0,6.0,2.0,0,1.197,3+ Years (Tenured),0
4299,Security,Associate,Associate - Security,47341.19,2,3.57,40,Non-Binary,Caucasian,2023-01-19,,4.0,3.0,4.0,0,0.818,3+ Years (Tenured),0
4211,Security,Associate,Associate - Security,52926.28,5,1.31,46,Male,African American,2023-09-25,2025-01-14,7.0,7.0,5.0,1,0.915,1-3 Years (Mid-Tenure),0
4344,Security,Associate,Associate - Security,55912.53,4,1.15,64,Male,African American,2025-06-21,,9.99,9.99,4.0,0,0.967,1-3 Years (Mid-Tenure),0
4346,Security,Associate,Associate - Security,71043.76,3,1.91,29,Non-Binary,Two or More,2024-09-16,,2.0,1.0,1.0,0,1.228,1-3 Years (Mid-Tenure),0
3222,Security,Associate,Associate - Security,72812.69,4,3.67,43,Female,Two or More,2022-12-16,,7.0,5.0,6.0,0,1.259,3+ Years (Tenured),0
1109,Security,Associate,Associate - Security,52897.78,3,4.82,37,Non-Binary,Asian,2021-10-22,,3.0,3.0,1.0,0,0.914,3+ Years (Tenured),0
806,Security,Associate,Associate - Security,73294.05,5,0.21,48,Non-Binary,Hispanic,2026-06-01,,8.0,9.99,7.0,0,1.267,0-1 Year (Onboarding),0
4410,Security,Associate,Associate - Security,66022.28,3,3.1,34,Non-Binary,Caucasian,2023-07-10,,7.0,6.0,2.0,0,1.141,3+ Years (Tenured),0
3225,Security,Associate,Associate - Security,60013.75,3,0.82,35,Non-Binary,African American,2025-10-20,,8.0,9.99,7.0,0,1.037,0-1 Year (Onboarding),0
1113,Security,Associate,Associate - Security,72236.5,2,2.76,43,Female,Hispanic,2023-11-11,,8.0,9.99,8.0,0,1.249,1-3 Years (Mid-Tenure),0
756,Security,Associate,Associate - Security,63884.92,3,3.88,40,Female,Hispanic,2022-09-27,,2.0,3.0,2.0,0,1.104,3+ Years (Tenured),0
2981,Security,Associate,Associate - Security,40826.26,2,2.4,38,Other,African American,2024-03-21,,4.0,6.0,4.0,0,0.706,1-3 Years (Mid-Tenure),0
47,Security,Associate,Associate - Security,59012.09,3,1.5,43,Other,Two or More,2025-02-12,,5.0,7.0,5.0,0,1.02,1-3 Years (Mid-Tenure),0
3309,Security,Associate,Associate - Security,73733.22,1,3.29,48,Female,Asian,2021-11-16,2025-03-02,7.0,9.99,5.0,1,1.275,3+ Years (Tenured),0
4354,Security,Associate,Associate - Security,69098.33,5,4.81,31,Other,Caucasian,2021-10-25,,5.0,6.0,5.0,0,1.194,3+ Years (Tenured),0
4252,Security,Associate,Associate - Security,47557.18,4,3.61,29,Male,African American,2023-01-05,,7.0,6.0,6.0,0,0.822,3+ Years (Tenured),0
12,Security,Associate,Associate - Security,49298.39,3,0.99,37,Female,Asian,2025-04-23,2026-04-18,9.0,8.0,9.0,1,0.852,0-1 Year (Onboarding),0
1191,Security,Associate,Associate - Security,40526.57,4,0.45,34,Other,Two or More,2026-03-05,,6.0,7.0,7.0,0,0.701,0-1 Year (Onboarding),0
4295,Security,Associate,Associate - Security,66462.76,4,4.85,35,Male,Caucasian,2021-10-08,,9.99,9.99,5.0,0,1.149,3+ Years (Tenured),0
274,Security,Associate,Associate - Security,62093.58,2,4.61,31,Other,,2022-01-07,,7.0,5.0,7.0,0,1.073,3+ Years (Tenured),0
620,Security,Associate,Associate - Security,55196.93,3,4.1,40,Female,Caucasian,2022-05-30,2026-07-04,7.0,5.0,4.0,1,0.954,3+ Years (Tenured),0
3783,Security,Associate,Associate - Security,52671.07,4,1.41,21,Male,African American,2025-03-17,,6.0,2.0,5.0,0,0.91,1-3 Years (Mid-Tenure),0
3772,Security,Associate,Associate - Security,46303.68,2,4.27,24,,African American,2022-02-05,2026-05-14,9.99,9.99,8.0,1,0.8,3+ Years (Tenured),0
587,Security,Associate,Associate - Security,72263.53,5,4.9,58,Other,Caucasian,2021-09-20,,3.0,5.0,5.0,0,1.249,3+ Years (Tenured),1
3459,Security,Associate,Associate - Security,57721.39,4,2.94,36,Non-Binary,Hispanic,2023-09-08,,9.99,7.0,4.0,0,0.998,1-3 Years (Mid-Tenure),0
1730,Security,Associate,Associate - Security,62567.45,4,1.28,23,Non-Binary,Two or More,2024-11-20,2026-03-02,4.0,2.0,7.0,1,1.082,1-3 Years (Mid-Tenure),1
413,Security,Associate,Associate - Security,49249.44,2,3.72,34,Male,Two or More,2022-11-28,,6.0,6.0,3.0,0,0.851,3+ Years (Tenured),0
3761,Security,Associate,associate - security,52408.74,5,2.19,35,Female,African American,2024-06-07,,7.0,5.0,7.0,0,0.906,1-3 Years (Mid-Tenure),0
2726,Security,Associate,Associate - Security,71915.17,3,1.77,38,,Asian,2024-11-07,,3.0,5.0,9.0,0,1.243,1-3 Years (Mid-Tenure),0
4006,Security,Associate,Associate - Security,49376.6,2,3.98,51,Female,Asian,2022-08-23,,8.0,9.0,6.0,0,0.854,3+ Years (Tenured),0
1708,Security,Associate,Associate - Security,71513.83,3,0.8,22,Non-Binary,,2024-05-14,2025-03-01,6.0,5.0,5.0,1,1.236,0-1 Year (Onboarding),0
1707,Security,Associate,Associate - Security,72749.14,4,3.62,46,Non-Binary,Hispanic,2023-01-02,,7.0,4.0,3.0,0,1.258,3+ Years (Tenured),0
1689,Security,Associate,Associate - Security,68878.47,4,3.82,48,Female,Hispanic,2022-10-19,,4.0,6.0,3.0,0,1.191,3+ Years (Tenured),1
1678,Security,Associate,ASSOCIATE - SECURITY,60434.29,2,1.81,21,Female,Hispanic,2024-10-24,,3.0,6.0,1.0,0,1.045,1-3 Years (Mid-Tenure),0
1663,Security,Associate,Associate - Security,50827.31,1,4.15,40,Non-Binary,Two or More,2022-06-23,,2.0,9.0,5.0,0,0.879,3+ Years (Tenured),0
618,Security,Associate,Associate - Security,56241.52,2,2.18,21,Male,African American,2022-05-26,2024-07-31,6.0,5.0,6.0,1,0.972,1-3 Years (Mid-Tenure),0
110,Security,Associate,Associate - Security,41066.8,5,3.55,38,,Two or More,2023-01-29,,8.0,4.0,5.0,0,0.71,3+ Years (Tenured),0
2202,Security,Associate,Associate - Security,72399.82,4,3.46,66,Male,Hispanic,2023-03-01,,3.0,1.0,4.0,0,1.252,3+ Years (Tenured),1
1650,Security,Associate,Associate - Security,69192.67,3,3.02,44,Female,Caucasian,2023-08-10,,1.0,3.0,5.0,0,1.196,3+ Years (Tenured),0
1646,Security,Associate,Associate - Security,47332.42,3,0.84,33,Female,Asian,2025-03-17,2026-01-16,4.0,1.0,6.0,1,0.818,0-1 Year (Onboarding),0
2763,Security,Associate,Associate - Security,66176.8,2,2.02,21,Female,Caucasian,2024-08-07,,5.0,8.0,3.0,0,1.144,1-3 Years (Mid-Tenure),0
2213,Security,Associate,ASSOCIATE - SECURITY,40183.65,3,1.39,25,Non-Binary,African American,2022-09-03,2024-01-24,6.0,5.0,5.0,1,0.695,1-3 Years (Mid-Tenure),0
422,Security,Associate,Associate - Security,68955.14,5,3.38,34,Male,Caucasian,2023-04-01,,9.99,8.0,6.0,0,1.192,3+ Years (Tenured),0
631,Security,Associate,Associate - Security,74739.98,3,0.15,38,Non-Binary,Caucasian,2026-06-23,,6.0,5.0,5.0,0,1.292,0-1 Year (Onboarding),0
3604,Security,Associate,Associate - Security,72845.72,4,4.75,36,Male,African American,2021-11-15,,5.0,4.0,7.0,0,1.259,3+ Years (Tenured),0
3426,Security,Associate,Associate - Security,69034.72,4,3.27,29,Female,Hispanic,2023-05-10,,8.0,8.0,3.0,0,1.193,3+ Years (Tenured),0
3605,Security,Associate,Associate - Security,46574.56,3,0.79,30,Non-Binary,Asian,2025-10-31,,7.0,6.0,7.0,0,0.805,0-1 Year (Onboarding),0
637,Security,Associate,Associate - Security,70330.48,1,3.39,65,Male,Asian,2023-03-25,,6.0,4.0,6.0,0,1.216,3+ Years (Tenured),0
4079,Security,Associate,Associate - Security,71650.83,4,2.58,36,Male,African American,2024-01-18,,9.0,4.0,6.0,0,1.239,1-3 Years (Mid-Tenure),0
1568,Security,Associate,Associate - Security,51683.62,2,0.9,40,Other,,2025-09-21,,9.99,9.99,9.99,0,0.893,0-1 Year (Onboarding),0
362,Security,Associate,Associate - Security,67834.34,3,1.38,29,Male,Asian,2025-02-28,2026-07-16,5.0,3.0,5.0,1,1.173,1-3 Years (Mid-Tenure),0
81,Security,Associate,Associate - Security,52319.52,4,0.38,34,Male,Asian,2026-03-28,,6.0,5.0,6.0,0,0.904,0-1 Year (Onboarding),0
3914,Security,Associate,Associate - Security,58124.23,3,1.06,41,Female,Hispanic,2025-07-25,,9.99,2.0,6.0,0,1.005,1-3 Years (Mid-Tenure),0
534,Security,Associate,Associate - Security,40654.6,3,3.42,37,Male,Asian,2022-10-16,2026-03-19,9.99,9.0,3.0,1,0.703,3+ Years (Tenured),0
2582,Security,Associate,Associate - Security,65232.97,3,1.82,55,Male,Hispanic,2024-10-21,,7.0,7.0,7.0,0,1.128,1-3 Years (Mid-Tenure),0
1997,Security,Associate,Associate - Security,68195.46,3,4.47,48,Male,African American,2022-02-25,,7.0,2.0,9.0,0,1.179,3+ Years (Tenured),0
3858,Security,Associate,Associate - Security,52758.76,3,1.1,26,Male,Hispanic,2025-07-10,,8.0,9.0,2.0,0,0.912,1-3 Years (Mid-Tenure),0
1961,Security,Associate,Associate - Security,54393.87,2,3.82,52,Female,,2022-10-19,,4.0,3.0,1.0,0,0.94,3+ Years (Tenured),0
1960,Security,Associate,Associate - Security,46043.29,4,0.39,30,Female,Two or More,2026-03-27,,8.0,3.0,1.0,0,0.796,0-1 Year (Onboarding),0
2595,Security,Associate,Associate - Security,53923.88,3,2.25,48,Other,Caucasian,2024-05-15,,8.0,9.99,7.0,0,0.932,1-3 Years (Mid-Tenure),0
2015,Security,Associate,Associate - Security,40879.7,3,1.88,33,Non-Binary,African American,2024-09-26,,9.99,5.0,4.0,0,0.707,1-3 Years (Mid-Tenure),0
2598,Security,Associate,Associate - Security,54349.0,3,2.36,47,Other,Hispanic,2024-04-07,,2.0,6.0,1.0,0,0.939,1-3 Years (Mid-Tenure),0
1955,Security,Associate,Associate - Security,74427.02,5,1.38,47,Other,Hispanic,2025-03-29,,1.0,5.0,1.0,0,1.287,1-3 Years (Mid-Tenure),1
3852,Security,Associate,Associate - Security,45790.17,3,0.15,35,Male,Two or More,2026-04-03,2026-05-28,6.0,5.0,5.0,1,0.792,0-1 Year (Onboarding),0
1947,Security,Associate,Associate - Security,41880.15,3,0.8,43,Non-Binary,Caucasian,2025-10-27,,9.0,6.0,7.0,0,0.724,0-1 Year (Onboarding),0
3906,Security,Associate,Associate - Security,66546.93,2,4.21,36,Non-Binary,Two or More,2022-05-31,,8.0,7.0,6.0,0,1.15,3+ Years (Tenured),0
190,Security,Associate,Associate - Security,66590.99,3,3.25,45,Other,,2023-05-15,,8.0,9.99,5.0,0,1.151,3+ Years (Tenured),0
3911,Security,Associate,Associate - Security,60262.58,3,2.92,32,Non-Binary,African American,2023-09-14,,5.0,1.0,1.0,0,1.042,1-3 Years (Mid-Tenure),0
366,Security,Associate,Associate - Security,70549.16,4,1.12,37,Female,Two or More,2023-08-14,2024-09-24,6.0,3.0,7.0,1,1.22,1-3 Years (Mid-Tenure),0
1901,Security,Associate,Associate - Security,56256.35,5,1.99,33,Non-Binary,Hispanic,2024-08-18,,6.0,9.0,6.0,0,0.972,1-3 Years (Mid-Tenure),0
2046,Security,Associate,Associate - Security,69503.58,3,2.19,53,Other,Caucasian,2022-02-17,2024-04-25,3.0,6.0,7.0,1,1.201,1-3 Years (Mid-Tenure),0
3922,Security,Associate,Associate - Security,58386.75,2,3.4,49,,Two or More,2023-03-22,,9.99,9.99,6.0,0,1.009,3+ Years (Tenured),0
200,Security,Associate,Associate - Security,50959.9,5,5.06,36,Male,Caucasian,2021-07-25,,6.0,7.0,4.0,0,0.881,3+ Years (Tenured),0
1870,Security,Associate,Associate - Security,52592.48,4,3.94,50,Other,Asian,2022-09-06,,4.0,5.0,6.0,0,0.909,3+ Years (Tenured),1
3943,Security,Associate,Associate - Security,74126.94,3,2.35,30,Male,Two or More,2024-04-08,,2.0,5.0,5.0,0,1.281,1-3 Years (Mid-Tenure),0
3568,Security,Associate,Associate - Security,72184.46,2,4.07,32,Female,African American,2022-07-20,,5.0,2.0,4.0,0,1.248,3+ Years (Tenured),0
2519,Security,Associate,Associate - Security,69718.14,5,3.64,51,Other,Caucasian,2022-12-27,,9.99,5.0,9.0,0,1.205,3+ Years (Tenured),0
3952,Security,Associate,Associate - Security,57551.9,3,2.03,31,Female,Two or More,2024-08-03,,5.0,7.0,5.0,0,0.995,1-3 Years (Mid-Tenure),0
499,Security,Associate,Associate - Security,71797.2,2,0.64,49,Male,African American,2024-02-07,2024-09-27,3.0,6.0,8.0,1,1.241,0-1 Year (Onboarding),0
2675,Security,Associate,Associate - Security,66828.18,2,3.65,25,Male,African American,2022-12-21,,9.99,5.0,5.0,0,1.155,3+ Years (Tenured),0
2500,Security,Associate,Associate - Security,63730.06,3,0.75,44,Non-Binary,Hispanic,2025-11-16,,8.0,6.0,7.0,0,1.102,0-1 Year (Onboarding),0
409,Security,Associate,Associate - Security,55389.48,4,4.02,30,Male,Two or More,2022-08-07,,2.0,4.0,5.0,0,0.957,3+ Years (Tenured),1
3967,Security,Associate,Associate - Security,63982.13,3,4.35,44,Male,Two or More,2022-04-09,,2.0,3.0,4.0,0,1.106,3+ Years (Tenured),0
2351,Security,Associate,Associate - Security,53230.52,3,4.89,31,Non-Binary,,2021-09-26,,8.0,4.0,9.99,0,0.92,3+ Years (Tenured),0
3632,Security,Associate,Associate - Security,62718.2,1,0.09,39,Female,Caucasian,2026-06-13,2026-07-16,6.0,5.0,5.0,1,1.084,0-1 Year (Onboarding),0
665,Security,Associate,Associate - Security,72667.02,3,4.9,30,Male,Hispanic,2021-09-21,,4.0,2.0,5.0,0,1.256,3+ Years (Tenured),0
2861,Security,Associate,Associate - Security,51228.03,3,2.07,52,Other,Caucasian,2023-10-07,2025-11-01,4.0,1.0,6.0,1,0.886,1-3 Years (Mid-Tenure),0
2862,Security,Associate,Associate - Security,70541.56,2,2.63,25,Male,Asian,2023-12-30,,6.0,2.0,5.0,0,1.219,1-3 Years (Mid-Tenure),0
1438,Security,Associate,Associate - Security,46219.9,1,2.85,43,Other,Asian,2023-10-09,,9.99,6.0,5.0,0,0.799,1-3 Years (Mid-Tenure),0
2427,Security,Associate,Associate - Security,60286.74,4,2.35,58,Other,Hispanic,2024-04-10,,7.0,3.0,2.0,0,1.042,1-3 Years (Mid-Tenure),0
3633,Security,Associate,Associate - Security,44033.24,3,2.42,37,Female,Asian,2024-03-15,,5.0,1.0,4.0,0,0.761,1-3 Years (Mid-Tenure),0
2282,Security,Associate,Associate - Security,48135.81,2,3.59,64,Non-Binary,African American,2023-01-11,,5.0,6.0,9.99,0,0.832,3+ Years (Tenured),0
234,Security,Associate,Associate - Security,41391.39,3,2.76,40,Female,Caucasian,2023-11-12,,6.0,6.0,4.0,0,0.715,1-3 Years (Mid-Tenure),0
3699,Security,Associate,Associate - Security,55896.33,4,1.87,52,Male,Caucasian,2024-10-01,,8.0,4.0,9.0,0,0.966,1-3 Years (Mid-Tenure),0
673,Security,Associate,Associate - Security,66263.02,3,0.29,21,Female,African American,2026-04-30,,7.0,7.0,9.0,0,1.145,0-1 Year (Onboarding),0
3667,Security,Associate,Associate - Security,56833.45,4,2.86,31,Female,Asian,2023-03-04,2026-01-10,9.99,8.0,7.0,1,0.982,1-3 Years (Mid-Tenure),0
2894,Security,Associate,Associate - Security,43188.93,4,0.55,34,Female,Two or More,2023-06-01,2023-12-19,6.0,5.0,5.0,1,0.747,0-1 Year (Onboarding),0
3361,Security,Associate,Associate - Security,56681.1,4,4.22,42,Other,Caucasian,2022-05-26,,1.0,5.0,5.0,0,0.98,3+ Years (Tenured),1
666,Security,Associate,Associate - Security,58829.24,4,1.67,38,Other,Asian,2024-12-12,,2.0,2.0,1.0,0,1.017,1-3 Years (Mid-Tenure),1
1391,Security,Associate,Associate - Security,48850.34,2,0.55,35,Male,Caucasian,2026-01-26,,6.0,5.0,5.0,0,0.844,0-1 Year (Onboarding),0
1383,Security,Associate,Associate - Security,58143.36,4,0.59,58,Male,Two or More,2026-01-12,,9.99,6.0,9.0,0,1.005,0-1 Year (Onboarding),0
3351,Security,Associate,Associate - Security,47740.93,4,3.11,47,Non-Binary,African American,2023-07-06,,9.0,9.99,8.0,0,0.825,3+ Years (Tenured),0
57,Security,Associate,Associate - Security,65354.39,1,3.44,30,Other,Two or More,2023-03-07,,4.0,5.0,5.0,0,1.13,3+ Years (Tenured),0
1366,Security,Associate,Associate - Security,65485.33,3,2.02,48,Non-Binary,African American,2024-08-07,,6.0,5.0,9.99,0,1.132,1-3 Years (Mid-Tenure),0
2921,Security,Associate,Associate - Security,56696.57,2,0.96,21,Other,Asian,2025-08-28,,2.0,7.0,2.0,0,0.98,0-1 Year (Onboarding),0
693,Security,Associate,Associate - Security,45672.88,4,1.75,61,Non-Binary,Asian,2024-11-14,,8.0,9.99,6.0,0,0.79,1-3 Years (Mid-Tenure),0
2924,Security,Associate,Associate - Security,67437.86,3,3.94,40,Female,Caucasian,2022-09-06,,4.0,6.0,5.0,0,1.166,3+ Years (Tenured),0
2928,Security,Associate,Associate - Security,50995.24,5,3.56,27,Female,Asian,2023-01-24,,6.0,5.0,5.0,0,0.882,3+ Years (Tenured),0
1350,Security,Associate,Associate - Security,67338.33,3,3.19,37,Male,Hispanic,2023-06-06,,6.0,7.0,1.0,0,1.164,3+ Years (Tenured),0
1341,Security,Associate,Associate - Security,63967.45,3,4.09,43,Non-Binary,African American,2022-07-15,,6.0,5.0,2.0,0,1.106,3+ Years (Tenured),0
4197,Security,Associate,Associate - Security,68865.85,4,0.7,32,Female,African American,2025-12-01,,3.0,7.0,1.0,0,1.19,0-1 Year (Onboarding),1
702,Security,Associate,Associate - Security,59625.96,2,4.15,36,Female,Caucasian,2022-06-22,,4.0,9.0,4.0,0,1.031,3+ Years (Tenured),0
2362,Security,Associate,Associate - Security,40251.6,2,0.8,37,Non-Binary,Two or More,2023-08-25,2024-06-13,4.0,4.0,8.0,1,0.696,0-1 Year (Onboarding),0
2826,Security,Associate,Associate - Security,55298.04,4,1.95,31,Male,Asian,2024-09-01,,4.0,8.0,1.0,0,0.956,1-3 Years (Mid-Tenure),1
3732,Security,Associate,Associate - Security,68716.55,2,0.25,40,Non-Binary,Hispanic,2026-05-16,,5.0,6.0,5.0,0,1.188,0-1 Year (Onboarding),0
1508,Security,Associate,Associate - Security,70900.7,4,2.9,34,Other,Asian,2023-09-23,,1.0,1.0,1.0,0,1.226,1-3 Years (Mid-Tenure),1
75,Security,Associate,Associate - Security,46595.06,4,4.92,37,Non-Binary,Hispanic,2021-09-14,,2.0,4.0,6.0,0,0.805,3+ Years (Tenured),1
73,Security,Associate,Associate - Security,53287.69,5,1.06,46,Other,Caucasian,2025-06-04,2026-06-26,9.0,3.0,8.0,1,0.921,1-3 Years (Mid-Tenure),0
1491,Security,Associate,Associate - Security,45771.46,3,1.84,39,Female,Caucasian,2024-10-13,,5.0,9.0,1.0,0,0.791,1-3 Years (Mid-Tenure),0
2231,Security,Associate,Associate - Security,55146.6,2,2.79,21,Female,Asian,2023-11-01,,9.99,9.0,4.0,0,0.953,1-3 Years (Mid-Tenure),0
2854,Security,Associate,Associate - Security,45761.76,5,2.61,35,Male,Caucasian,2024-01-04,,5.0,2.0,4.0,0,0.791,1-3 Years (Mid-Tenure),0
1482,Security,Associate,Associate - Security,74561.34,2,2.34,47,Other,Caucasian,2024-04-13,,4.0,6.0,9.99,0,1.289,1-3 Years (Mid-Tenure),0
1479,Security,Associate,Associate - Security,66292.78,5,0.64,60,Male,Hispanic,2025-12-23,,9.99,8.0,8.0,0,1.146,0-1 Year (Onboarding),0
4127,Security,Associate,Associate - Security,65399.3,2,2.75,44,Female,Asian,2023-11-17,,6.0,5.0,1.0,0,1.13,1-3 Years (Mid-Tenure),0
66,Security,Associate,Associate - Security,57823.63,3,0.51,61,Male,Hispanic,2026-02-10,,2.0,5.0,4.0,0,1.0,0-1 Year (Onboarding),0
4099,Security,Associate,Associate - Security,53422.29,1,3.04,40,Non-Binary,African American,2023-08-02,,6.0,6.0,5.0,0,0.923,3+ Years (Tenured),0
4098,Security,Associate,Associate - Security,71801.3,3,0.32,39,Other,Two or More,2026-04-19,,8.0,8.0,9.0,0,1.241,0-1 Year (Onboarding),0
3410,Security,Associate,Associate - Security,55364.07,4,0.22,37,Non-Binary,Hispanic,2023-08-17,2023-11-06,6.0,5.0,5.0,1,0.957,0-1 Year (Onboarding),0
156,Security,Associate,Associate - Security,57241.92,4,1.65,36,Non-Binary,Hispanic,2024-12-21,,8.0,4.0,1.0,0,0.989,1-3 Years (Mid-Tenure),0
1538,Security,Associate,Associate - Security,47855.82,4,3.29,49,Male,Asian,2021-08-05,2024-11-19,6.0,1.0,4.0,1,0.827,3+ Years (Tenured),0
1536,Security,Associate,Associate - Security,43814.52,5,3.11,34,Other,Asian,2023-07-06,,3.0,3.0,6.0,0,0.757,3+ Years (Tenured),1
1534,Security,Associate,Associate - Security,63395.28,3,3.16,36,Male,Hispanic,2022-11-07,2026-01-03,9.99,9.99,6.0,1,1.096,3+ Years (Tenured),0
4134,Security,Associate,Associate - Security,49047.29,4,2.17,52,Male,Two or More,2024-06-14,,7.0,3.0,2.0,0,0.848,1-3 Years (Mid-Tenure),0
1581,Security,Domain Director,Domain Director - Security,144717.78,3,4.44,39,Female,Two or More,2022-03-09,,1.0,8.0,2.0,0,1.008,3+ Years (Tenured),0
289,Security,Domain Director,Domain Director - Security,142399.71,5,3.87,31,Female,Two or More,2022-10-03,,4.0,6.0,4.0,0,0.992,3+ Years (Tenured),1
1190,Security,Manager,Manager - Security,114751.42,5,2.77,42,Male,Caucasian,2023-11-08,,9.0,9.99,9.99,0,1.277,1-3 Years (Mid-Tenure),0
747,Security,Manager,Manager - Security,81203.09,3,1.08,34,Male,Two or More,2025-07-16,,7.0,5.0,1.0,0,0.903,1-3 Years (Mid-Tenure),0
2069,Security,Manager,Manager - Security,80968.64,3,3.26,46,Female,Two or More,2023-05-13,,8.0,9.99,9.99,0,0.901,3+ Years (Tenured),0
1455,Security,Manager,Manager - Security,70386.46,3,2.53,35,Female,Two or More,2024-02-04,,2.0,4.0,4.0,0,0.783,1-3 Years (Mid-Tenure),0
3311,Security,Manager,Manager - Security,97374.94,3,2.35,33,Other,Two or More,2024-04-11,,5.0,4.0,6.0,0,1.083,1-3 Years (Mid-Tenure),0
3815,Security,Manager,Manager - Security,95730.64,4,3.78,23,Male,Two or More,2022-11-03,,8.0,7.0,1.0,0,1.065,3+ Years (Tenured),0
255,Security,Manager,Manager - Security,106443.36,3,0.92,40,Non-Binary,Caucasian,2025-09-13,,5.0,4.0,5.0,0,1.184,0-1 Year (Onboarding),0
4017,Security,Manager,Manager - Security,75050.61,3,1.02,40,Non-Binary,African American,2025-08-08,,5.0,3.0,4.0,0,0.835,1-3 Years (Mid-Tenure),0
1813,Security,Manager,Manager - Security,87069.95,3,1.72,23,Non-Binary,Two or More,2024-11-25,,1.0,1.0,5.0,0,0.969,1-3 Years (Mid-Tenure),0
833,Security,Supervisor/Lead,Supervisor/Lead - Security,83711.59,4,3.01,32,Other,African American,2023-08-14,,8.0,7.0,5.0,0,1.128,3+ Years (Tenured),0
527,Security,Supervisor/Lead,Supervisor/Lead - Security,88453.64,3,3.51,46,Other,Caucasian,2023-02-10,,6.0,3.0,3.0,0,1.192,3+ Years (Tenured),0
1319,Security,Supervisor/Lead,Supervisor/Lead - Security,77478.64,4,3.49,36,Other,Asian,2023-02-17,,1.0,2.0,4.0,0,1.044,3+ Years (Tenured),1
2211,Security,Supervisor/Lead,Supervisor/Lead - Security,80708.99,3,0.82,37,Female,Caucasian,2025-10-21,,9.0,8.0,8.0,0,1.087,0-1 Year (Onboarding),0
3663,Security,Supervisor/Lead,Supervisor/Lead - Security,64397.31,4,3.59,37,Non-Binary,Two or More,2023-01-11,,9.0,9.0,8.0,0,0.868,3+ Years (Tenured),0
3669,Security,Supervisor/Lead,Supervisor/Lead - Security,84394.71,3,4.04,27,Female,African American,2022-08-01,,7.0,7.0,6.0,0,1.137,3+ Years (Tenured),0
3787,Security,Supervisor/Lead,Supervisor/Lead - Security,56189.19,3,1.52,37,Male,,2025-02-06,,3.0,7.0,4.0,0,0.757,1-3 Years (Mid-Tenure),0
3598,Security,Supervisor/Lead,Supervisor/Lead - Security,55448.89,4,1.56,48,Non-Binary,,2025-01-21,,5.0,7.0,9.0,0,0.747,1-3 Years (Mid-Tenure),0
2255,Security,Supervisor/Lead,Supervisor/Lead - Security,86446.79,3,3.39,41,Male,Two or More,2023-03-27,,9.0,8.0,9.99,0,1.165,3+ Years (Tenured),0
2264,Security,Supervisor/Lead,Supervisor/Lead - Security,72082.26,4,3.02,32,Male,Two or More,2023-08-07,,5.0,8.0,5.0,0,0.971,3+ Years (Tenured),0
2188,Security,Supervisor/Lead,Supervisor/Lead - Security,60404.52,3,1.45,49,Female,Hispanic,2025-03-03,,9.99,7.0,6.0,0,0.814,1-3 Years (Mid-Tenure),0
2174,Security,Supervisor/Lead,Supervisor/Lead - Security,69191.38,3,1.59,42,Other,Asian,2025-01-12,,7.0,3.0,9.0,0,0.932,1-3 Years (Mid-Tenure),0
2173,Security,Supervisor/Lead,Supervisor/Lead - Security,82814.55,4,1.91,44,Female,Hispanic,2024-09-16,,8.0,8.0,4.0,0,1.116,1-3 Years (Mid-Tenure),0
2429,Security,Supervisor/Lead,Supervisor/Lead - Security,69593.93,1,0.56,53,,Caucasian,2024-01-23,2024-08-14,6.0,5.0,5.0,1,0.938,0-1 Year (Onboarding),0
155,Security,Supervisor/Lead,Supervisor/Lead - Security,80965.12,3,1.72,37,Non-Binary,Hispanic,2023-12-29,2025-09-15,3.0,2.0,6.0,0,1.091,1-3 Years (Mid-Tenure),0
3561,Security,Supervisor/Lead,Supervisor/Lead - Security,81135.29,2,0.55,29,Male,Hispanic,2026-01-28,,8.0,7.0,6.0,0,1.093,0-1 Year (Onboarding),0
3231,Security,Supervisor/Lead,Supervisor/Lead - Security,74988.15,3,1.93,28,Non-Binary,,2024-09-08,,5.0,7.0,4.0,0,1.01,1-3 Years (Mid-Tenure),0
2289,Security,Supervisor/Lead,Supervisor/Lead - Security,72201.59,2,1.9,34,Non-Binary,African American,2024-09-21,,6.0,5.0,8.0,0,0.973,1-3 Years (Mid-Tenure),0
2104,Security,Supervisor/Lead,Supervisor/Lead - Security,79445.29,3,0.87,22,Non-Binary,Two or More,2025-10-02,,7.0,4.0,4.0,0,1.07,0-1 Year (Onboarding),0
453,Security,Supervisor/Lead,Supervisor/Lead - Security,88354.17,1,1.44,52,Male,Asian,2025-03-07,,7.0,5.0,8.0,0,1.19,1-3 Years (Mid-Tenure),0
404,Security,Supervisor/Lead,Supervisor/Lead - Security,56707.93,2,0.5,55,Other,Two or More,2023-09-12,2024-03-12,6.0,9.99,5.0,1,0.764,0-1 Year (Onboarding),0
261,Security,Supervisor/Lead,Supervisor/Lead - Security,70907.93,3,4.24,39,Other,African American,2022-05-19,,2.0,4.0,6.0,0,0.955,3+ Years (Tenured),0
2064,Security,Supervisor/Lead,Supervisor/Lead - Security,70038.82,2,0.4,38,Male,Two or More,2024-02-18,2024-07-12,1.0,2.0,2.0,1,0.944,0-1 Year (Onboarding),0
3655,Security,Supervisor/Lead,Supervisor/Lead - Security,65541.89,3,3.87,26,Female,Two or More,2022-10-03,,6.0,3.0,5.0,0,0.883,3+ Years (Tenured),0
1770,Security,Supervisor/Lead,Supervisor/Lead - Security,88144.19,5,4.04,32,Male,African American,2022-08-01,,9.99,7.0,6.0,0,1.187,3+ Years (Tenured),0
1426,Security,Supervisor/Lead,Supervisor/Lead - Security,79289.5,4,1.56,40,,African American,2025-01-23,,6.0,7.0,2.0,0,1.068,1-3 Years (Mid-Tenure),0
3473,Security,Supervisor/Lead,Supervisor/Lead - Security,76837.96,4,3.07,51,Male,Asian,2023-07-23,,9.0,2.0,4.0,0,1.035,3+ Years (Tenured),0
1897,Security,Supervisor/Lead,Supervisor/Lead - Security,55412.65,3,4.47,39,Non-Binary,Hispanic,2022-02-26,,8.0,3.0,3.0,0,0.746,3+ Years (Tenured),0
2905,Security,Supervisor/Lead,Supervisor/Lead - Security,59673.47,4,4.65,43,Non-Binary,Asian,2021-12-20,,8.0,2.0,8.0,0,0.804,3+ Years (Tenured),0
4288,Security,Supervisor/Lead,Supervisor/Lead - Security,87796.76,3,3.27,38,Female,Caucasian,2023-05-11,,4.0,4.0,1.0,0,1.183,3+ Years (Tenured),0
4014,Security,Supervisor/Lead,Supervisor/Lead - Security,68381.97,3,4.57,47,Female,African American,2022-01-19,,7.0,7.0,5.0,0,0.921,3+ Years (Tenured),0
122,Security,Supervisor/Lead,Supervisor/Lead - Security,61375.79,2,3.68,55,Other,African American,2022-12-12,,6.0,5.0,5.0,0,0.827,3+ Years (Tenured),0
2757,Security,Supervisor/Lead,Supervisor/Lead - Security,86250.7,3,1.84,35,Male,Hispanic,2024-10-13,,9.99,9.99,9.99,0,1.162,1-3 Years (Mid-Tenure),0
623,Security,Supervisor/Lead,Supervisor/Lead - Security,69192.39,1,4.84,48,Male,African American,2021-10-13,,8.0,4.0,1.0,0,0.932,3+ Years (Tenured),0
3451,Security,Supervisor/Lead,Supervisor/Lead - Security,89712.09,4,0.67,40,Other,Asian,2025-12-15,,9.0,8.0,3.0,0,1.209,0-1 Year (Onboarding),0
1460,Security,Supervisor/Lead,Supervisor/Lead - Security,67021.52,4,0.56,46,Female,Caucasian,2025-12-27,2026-07-20,6.0,5.0,5.0,1,0.903,0-1 Year (Onboarding),0
29,Security,Supervisor/Lead,Supervisor/Lead - Security,71659.99,2,3.87,41,Female,Hispanic,2022-10-04,,5.0,3.0,9.0,0,0.965,3+ Years (Tenured),0
3870,Security,Supervisor/Lead,Supervisor/Lead - Security,65565.69,2,2.97,28,Male,Hispanic,2021-12-24,2024-12-13,2.0,4.0,5.0,1,0.883,1-3 Years (Mid-Tenure),0
1737,Security,Supervisor/Lead,Supervisor/Lead - Security,83947.21,2,0.7,55,Other,Hispanic,2025-12-04,,4.0,5.0,5.0,0,1.131,0-1 Year (Onboarding),0
1544,Security,Supervisor/Lead,Supervisor/Lead - Security,82635.13,4,3.62,52,Non-Binary,African American,2023-01-03,,4.0,9.0,9.99,0,1.113,3+ Years (Tenured),1
1050,Security,Supervisor/Lead,Supervisor/Lead - Security,78968.24,4,1.95,50,Other,African American,2021-10-15,2023-09-25,6.0,5.0,5.0,1,1.064,1-3 Years (Mid-Tenure),0
4220,Supply Chain,Assistant Manager,Assistant Manager - Supply Chain,93274.75,2,2.08,43,Non-Binary,Asian,2024-07-16,,5.0,5.0,1.0,0,1.055,1-3 Years (Mid-Tenure),0
2604,Supply Chain,Assistant Manager,Assistant Manager - Supply Chain,70945.38,3,3.18,56,Female,,2023-04-10,2026-06-15,9.0,6.0,9.99,1,0.802,3+ Years (Tenured),0
2372,Supply Chain,Assistant Manager,Assistant Manager - Supply Chain,99311.22,3,3.93,26,Female,African American,2022-09-12,,9.0,8.0,5.0,0,1.123,3+ Years (Tenured),0
1433,Supply Chain,Assistant Manager,Assistant Manager - Supply Chain,87702.54,5,1.78,53,Male,Hispanic,2024-11-05,,4.0,5.0,7.0,0,0.992,1-3 Years (Mid-Tenure),1
2002,Supply Chain,Assistant Manager,Assistant Manager - Supply Chain,98656.73,2,5.04,49,Non-Binary,,2021-08-01,,2.0,3.0,4.0,0,1.115,3+ Years (Tenured),0
1999,Supply Chain,Assistant Manager,Assistant Manager - Supply Chain,79418.27,5,1.84,30,Non-Binary,Two or More,2024-01-24,2025-11-25,9.99,4.0,2.0,1,0.898,1-3 Years (Mid-Tenure),0
1317,Supply Chain,Assistant Manager,Assistant Manager - Supply Chain,89787.18,1,1.78,37,Other,Caucasian,2024-11-03,,2.0,5.0,4.0,0,1.015,1-3 Years (Mid-Tenure),0
3628,Supply Chain,Associate,Associate - Supply Chain,72446.92,2,1.26,21,Female,Hispanic,2025-05-11,,9.99,7.0,5.0,0,1.256,1-3 Years (Mid-Tenure),0
230,Supply Chain,Associate,Associate - Supply Chain,73278.4,4,0.12,41,Female,Hispanic,2026-07-02,,6.0,5.0,5.0,0,1.271,0-1 Year (Onboarding),0
3223,Supply Chain,Associate,Associate - Supply Chain,51255.41,3,4.16,34,Non-Binary,Two or More,2022-06-18,,6.0,4.0,6.0,0,0.889,3+ Years (Tenured),0
4139,Supply Chain,Associate,Associate - Supply Chain,48452.01,3,0.53,44,Non-Binary,Hispanic,2026-02-02,,7.0,7.0,2.0,0,0.84,0-1 Year (Onboarding),0
4262,Supply Chain,Associate,Associate - Supply Chain,53327.23,3,2.92,43,Non-Binary,Two or More,2022-11-23,2025-10-25,9.0,7.0,9.0,1,0.925,1-3 Years (Mid-Tenure),0
9,Supply Chain,Associate,Associate - Supply Chain,65379.35,3,1.46,40,Other,Hispanic,2025-02-28,,9.99,8.0,7.0,0,1.134,1-3 Years (Mid-Tenure),0
153,Supply Chain,Associate,Associate - Supply Chain,42628.66,3,1.67,29,Female,Caucasian,2024-03-02,2025-10-31,6.0,1.0,1.0,1,0.739,1-3 Years (Mid-Tenure),0
3306,Supply Chain,Associate,Associate - Supply Chain,65964.91,4,2.82,29,Other,Asian,2023-10-22,,1.0,1.0,3.0,0,1.144,1-3 Years (Mid-Tenure),1
4269,Supply Chain,Associate,associate - supply chain,66529.49,3,1.4,40,Female,Two or More,2024-12-02,2026-04-28,3.0,9.99,5.0,1,1.154,1-3 Years (Mid-Tenure),0
150,Supply Chain,Associate,Associate - Supply Chain,50227.64,2,0.89,48,Female,African American,2025-09-23,,1.0,8.0,4.0,0,0.871,0-1 Year (Onboarding),0
4152,Supply Chain,Associate,Associate - Supply Chain,56918.18,4,3.15,41,Non-Binary,Asian,2023-06-23,,8.0,9.0,6.0,0,0.987,3+ Years (Tenured),0
2636,Supply Chain,Associate,Associate - Supply Chain,47307.48,3,2.34,43,Female,Caucasian,2024-04-12,,3.0,3.0,3.0,0,0.82,1-3 Years (Mid-Tenure),0
1,Supply Chain,Associate,Associate - Supply Chain,49029.13,5,4.96,35,Other,Two or More,2021-08-31,,9.99,5.0,8.0,0,0.85,3+ Years (Tenured),0
3661,Supply Chain,Associate,Associate - Supply Chain,57162.89,4,2.94,39,Male,Two or More,2023-09-07,,8.0,4.0,8.0,0,0.991,1-3 Years (Mid-Tenure),0
4184,Supply Chain,Associate,Associate - Supply Chain,73699.38,2,2.21,59,Non-Binary,Hispanic,2024-06-01,,6.0,8.0,5.0,0,1.278,1-3 Years (Mid-Tenure),0
3329,Supply Chain,Associate,Associate - Supply Chain,48767.6,3,1.73,44,Male,Asian,2024-11-22,,3.0,6.0,8.0,0,0.846,1-3 Years (Mid-Tenure),0
3659,Supply Chain,Associate,Associate - Supply Chain,44895.31,5,0.73,48,Male,Hispanic,2025-11-12,2026-08-04,9.99,9.99,8.0,1,0.779,0-1 Year (Onboarding),0
4161,Supply Chain,Associate,Associate - Supply Chain,72079.79,3,1.71,55,Other,African American,2024-11-30,,8.0,9.0,8.0,0,1.25,1-3 Years (Mid-Tenure),0
4159,Supply Chain,Associate,Associate - Supply Chain,73225.16,2,1.32,37,Non-Binary,African American,2025-04-19,,7.0,6.0,5.0,0,1.27,1-3 Years (Mid-Tenure),0
3668,Supply Chain,Associate,Associate - Supply Chain,66639.98,4,0.07,41,Female,Asian,2026-07-20,,6.0,5.0,5.0,0,1.156,0-1 Year (Onboarding),0
64,Supply Chain,Associate,Associate - Supply Chain,41317.17,4,4.95,25,Non-Binary,Caucasian,2021-09-05,,8.0,6.0,6.0,0,0.717,3+ Years (Tenured),0
4436,Supply Chain,Associate,Associate - Supply Chain,67365.93,4,1.01,50,Male,Two or More,2024-09-30,2025-10-03,3.0,5.0,7.0,1,1.168,1-3 Years (Mid-Tenure),1
3651,Supply Chain,Associate,Associate - Supply Chain,51094.95,4,4.67,42,Male,Hispanic,2021-12-16,,7.0,7.0,8.0,0,0.886,3+ Years (Tenured),0
3683,Supply Chain,Associate,Associate - Supply Chain,44891.31,3,2.48,43,Female,Hispanic,2024-02-23,,5.0,6.0,1.0,0,0.779,1-3 Years (Mid-Tenure),0
3692,Supply Chain,Associate,Associate - Supply Chain,70946.64,4,2.68,24,Other,Asian,2023-12-11,,5.0,5.0,5.0,0,1.23,1-3 Years (Mid-Tenure),0
3644,Supply Chain,Associate,Associate - Supply Chain,58165.72,5,2.05,30,Non-Binary,Hispanic,2023-02-20,2025-03-09,8.0,7.0,8.0,1,1.009,1-3 Years (Mid-Tenure),0
4150,Supply Chain,Associate,Associate - Supply Chain,60438.05,2,0.78,22,Non-Binary,Asian,2025-11-03,,6.0,4.0,5.0,0,1.048,0-1 Year (Onboarding),0
238,Supply Chain,Associate,Associate - Supply Chain,53705.2,4,5.06,23,Male,African American,2021-07-25,,2.0,1.0,3.0,0,0.931,3+ Years (Tenured),1
3375,Supply Chain,Associate,Associate - Supply Chain,53269.9,2,2.19,39,Male,Asian,2024-06-07,,2.0,1.0,5.0,0,0.924,1-3 Years (Mid-Tenure),0
3910,Supply Chain,Associate,Associate - Supply Chain,65341.66,4,4.32,26,Female,Asian,2022-04-22,,7.0,5.0,7.0,0,1.133,3+ Years (Tenured),0
3277,Supply Chain,Associate,Associate - Supply Chain,52375.7,3,0.63,37,Male,Caucasian,2025-12-28,,6.0,5.0,5.0,0,0.908,0-1 Year (Onboarding),0
134,Supply Chain,Associate,Associate - Supply Chain,50700.79,3,2.1,54,Female,Caucasian,2024-07-09,,7.0,8.0,6.0,0,0.879,1-3 Years (Mid-Tenure),0
3567,Supply Chain,Associate,Associate - Supply Chain,44473.18,5,1.04,32,Female,Asian,2025-08-02,,6.0,6.0,2.0,0,0.771,1-3 Years (Mid-Tenure),0
3492,Supply Chain,Associate,Associate - Supply Chain,51267.47,3,1.56,39,Female,African American,2024-04-07,2025-10-29,3.0,1.0,5.0,1,0.889,1-3 Years (Mid-Tenure),0
3937,Supply Chain,Associate,Associate - Supply Chain,56042.67,3,3.93,29,Male,African American,2022-09-11,,2.0,2.0,2.0,0,0.972,3+ Years (Tenured),0
3510,Supply Chain,Associate,Associate - Supply Chain,55281.74,4,3.45,27,Non-Binary,Caucasian,2023-03-03,,9.99,6.0,8.0,0,0.959,3+ Years (Tenured),0
17,Supply Chain,Associate,Associate - Supply Chain,66389.8,2,1.21,32,Male,African American,2025-05-30,,2.0,5.0,1.0,0,1.151,1-3 Years (Mid-Tenure),0
3833,Supply Chain,Associate,Associate - Supply Chain,74987.93,3,2.33,53,Other,Asian,2024-04-16,,5.0,6.0,6.0,0,1.301,1-3 Years (Mid-Tenure),0
3919,Supply Chain,Associate,Associate - Supply Chain,56299.31,3,1.24,31,Non-Binary,Hispanic,2025-05-21,,5.0,7.0,8.0,0,0.976,1-3 Years (Mid-Tenure),0
202,Supply Chain,Associate,Associate - Supply Chain,53221.33,3,1.95,47,Male,African American,2024-09-04,,6.0,4.0,6.0,0,0.923,1-3 Years (Mid-Tenure),0
121,Supply Chain,Associate,Associate - Supply Chain,45277.34,3,3.02,44,Other,Caucasian,2023-08-09,,2.0,3.0,1.0,0,0.785,3+ Years (Tenured),0
3857,Supply Chain,Associate,Associate - Supply Chain,60341.32,2,0.34,50,Female,Two or More,2026-04-14,,1.0,3.0,1.0,0,1.047,0-1 Year (Onboarding),0
194,Supply Chain,Associate,Associate - Supply Chain,62683.35,3,2.51,56,Non-Binary,Asian,2024-02-11,,1.0,4.0,1.0,0,1.087,1-3 Years (Mid-Tenure),0
3859,Supply Chain,Associate,Associate - Supply Chain,42482.97,4,3.98,21,Other,Asian,2022-08-24,,3.0,7.0,4.0,0,0.737,3+ Years (Tenured),1
19,Supply Chain,Associate,Associate - Supply Chain,49825.39,3,0.79,41,Non-Binary,Two or More,2025-11-01,,4.0,5.0,3.0,0,0.864,0-1 Year (Onboarding),0
20,Supply Chain,Associate,Associate - Supply Chain,74813.49,1,1.53,38,Other,Hispanic,2021-11-06,2023-05-20,6.0,5.0,5.0,1,1.298,1-3 Years (Mid-Tenure),0
4373,Supply Chain,Associate,Associate - Supply Chain,42621.53,4,2.15,43,Male,Two or More,2022-09-30,2024-11-22,4.0,4.0,3.0,1,0.739,1-3 Years (Mid-Tenure),1
3865,Supply Chain,Associate,Associate - Supply Chain,71470.07,3,1.21,58,Other,Asian,2023-07-03,2024-09-18,9.99,8.0,5.0,1,1.24,1-3 Years (Mid-Tenure),0
108,Supply Chain,Associate,Associate - Supply Chain,66720.31,4,3.64,43,Non-Binary,African American,2022-12-24,,5.0,3.0,5.0,0,1.157,3+ Years (Tenured),0
90,Supply Chain,Associate,Associate - Supply Chain,61887.82,4,0.12,55,Other,Caucasian,2024-11-04,2024-12-16,6.0,5.0,5.0,1,1.073,0-1 Year (Onboarding),0
3428,Supply Chain,Associate,Associate - Supply Chain,48113.09,4,2.06,44,Male,African American,2024-07-25,,9.99,9.99,7.0,0,0.834,1-3 Years (Mid-Tenure),0
4042,Supply Chain,Associate,Associate - Supply Chain,46689.88,4,4.16,44,Male,Asian,2022-06-20,,9.0,9.99,7.0,1,0.81,3+ Years (Tenured),0
4025,Supply Chain,Associate,Associate - Supply Chain,69763.5,3,4.61,32,Female,Hispanic,2022-01-04,,9.99,7.0,4.0,0,1.21,3+ Years (Tenured),0
3545,Supply Chain,Associate,Associate - Supply Chain,55562.74,3,1.88,30,Other,Hispanic,2024-09-29,,9.99,8.0,7.0,0,0.964,1-3 Years (Mid-Tenure),0
4009,Supply Chain,Associate,Associate - Supply Chain,46923.07,2,0.25,33,Non-Binary,African American,2024-10-20,2025-01-18,6.0,5.0,5.0,1,0.814,0-1 Year (Onboarding),0
4002,Supply Chain,Associate,Associate - Supply Chain,41773.26,3,2.73,35,Female,African American,2023-11-24,,6.0,5.0,5.0,0,0.724,1-3 Years (Mid-Tenure),0
37,Supply Chain,Associate,Associate - Supply Chain,74550.2,3,4.75,35,Non-Binary,Caucasian,2021-11-17,,3.0,8.0,7.0,0,1.293,3+ Years (Tenured),0
4058,Supply Chain,Associate,Associate - Supply Chain,51599.86,4,0.08,45,Male,Hispanic,2026-07-16,,6.0,5.0,5.0,0,0.895,0-1 Year (Onboarding),0
144,Supply Chain,Associate,Associate - Supply Chain,58432.96,2,5.02,45,Other,Hispanic,2021-08-07,,7.0,9.99,9.99,0,1.013,3+ Years (Tenured),0
35,Supply Chain,Associate,Associate - Supply Chain,50814.91,4,1.13,41,Non-Binary,Hispanic,2025-06-30,,4.0,3.0,2.0,0,0.881,1-3 Years (Mid-Tenure),1
3965,Supply Chain,Associate,Associate - Supply Chain,41693.31,3,4.33,44,Non-Binary,Asian,2022-04-17,,5.0,2.0,4.0,0,0.723,3+ Years (Tenured),0
3482,Supply Chain,Associate,Associate - Supply Chain,58953.7,3,3.4,37,Female,Hispanic,2023-03-24,,9.0,5.0,6.0,0,1.022,3+ Years (Tenured),0
3241,Supply Chain,Associate,Associate - Supply Chain,54346.03,3,4.42,28,Male,Asian,2022-03-17,,4.0,6.0,4.0,0,0.943,3+ Years (Tenured),0
139,Supply Chain,Associate,Associate - Supply Chain,48278.94,5,1.56,46,Other,African American,2025-01-24,,6.0,3.0,2.0,0,0.837,1-3 Years (Mid-Tenure),0
3578,Supply Chain,Associate,Associate - Supply Chain,58729.45,1,0.82,21,Female,Hispanic,2025-10-21,,8.0,7.0,7.0,0,1.019,0-1 Year (Onboarding),0
34,Supply Chain,Associate,Associate - Supply Chain,45178.85,5,0.35,43,Male,Caucasian,2026-04-08,,1.0,1.0,1.0,0,0.784,0-1 Year (Onboarding),1
2904,Supply Chain,Associate,Associate - Supply Chain,59761.63,4,1.33,42,Other,Hispanic,2025-04-17,,7.0,7.0,6.0,0,1.036,1-3 Years (Mid-Tenure),0
2442,Supply Chain,Associate,Associate - Supply Chain,42340.3,4,4.95,49,Male,,2021-09-05,,5.0,8.0,4.0,0,0.734,3+ Years (Tenured),0
2942,Supply Chain,Associate,Associate - Supply Chain,57957.11,3,4.01,38,Non-Binary,Caucasian,2022-08-12,,7.0,5.0,6.0,0,1.005,3+ Years (Tenured),0
1311,Supply Chain,Associate,Associate - Supply Chain,57296.52,3,1.24,37,Non-Binary,Caucasian,2025-05-19,,2.0,3.0,3.0,0,0.994,1-3 Years (Mid-Tenure),0
1309,Supply Chain,Associate,Associate - Supply Chain,71906.19,3,0.56,39,Non-Binary,Hispanic,2026-01-24,,6.0,4.0,6.0,0,1.247,0-1 Year (Onboarding),0
1284,Supply Chain,Associate,ASSOCIATE - SUPPLY CHAIN,56199.94,5,0.19,40,Female,Caucasian,2023-10-28,2024-01-07,6.0,5.0,5.0,1,0.975,0-1 Year (Onboarding),0
2913,Supply Chain,Associate,Associate - Supply Chain,49559.65,5,0.61,43,Non-Binary,Caucasian,2025-08-20,2026-03-31,7.0,5.0,9.99,1,0.86,0-1 Year (Onboarding),0
1006,Supply Chain,Associate,Associate - Supply Chain,67050.13,3,4.24,41,Female,Hispanic,2022-05-22,,3.0,2.0,4.0,0,1.163,3+ Years (Tenured),0
1273,Supply Chain,Associate,Associate - Supply Chain,42091.08,3,0.67,44,Female,Two or More,2025-12-15,,4.0,2.0,5.0,0,0.73,0-1 Year (Onboarding),0
2476,Supply Chain,Associate,Associate - Supply Chain,46172.37,3,2.1,38,Other,Asian,2024-07-09,,3.0,1.0,4.0,0,0.801,1-3 Years (Mid-Tenure),0
2908,Supply Chain,Associate,Associate - Supply Chain,62000.37,4,4.73,46,Other,African American,2021-11-23,,3.0,3.0,2.0,0,1.075,3+ Years (Tenured),1
2943,Supply Chain,Associate,Associate - Supply Chain,50132.82,3,0.59,44,Male,Caucasian,2026-01-12,,7.0,5.0,6.0,0,0.869,0-1 Year (Onboarding),0
2495,Supply Chain,Associate,Associate - Supply Chain,51392.9,3,4.23,48,Female,African American,2022-05-24,,3.0,5.0,8.0,0,0.891,3+ Years (Tenured),0
1257,Supply Chain,Associate,Associate - Supply Chain,48848.48,3,0.17,21,Other,Two or More,2026-06-15,,9.0,6.0,6.0,0,0.847,0-1 Year (Onboarding),0
408,Supply Chain,Associate,Associate - Supply Chain,44944.16,2,4.45,36,Female,Asian,2022-03-06,,9.99,8.0,8.0,0,0.779,3+ Years (Tenured),0
2516,Supply Chain,Associate,Associate - Supply Chain,54107.13,5,3.82,40,Other,African American,2022-10-20,,6.0,7.0,7.0,0,0.938,3+ Years (Tenured),0
2525,Supply Chain,Associate,Associate - Supply Chain,54072.85,3,1.87,45,Female,Asian,2024-10-01,,5.0,7.0,5.0,0,0.938,1-3 Years (Mid-Tenure),0
2528,Supply Chain,Associate,Associate - Supply Chain,42188.68,3,2.91,33,Other,Caucasian,2023-09-18,,6.0,9.0,8.0,0,0.732,1-3 Years (Mid-Tenure),0
2536,Supply Chain,Associate,Associate - Supply Chain,74551.94,2,2.46,32,Male,Asian,2024-02-29,,9.99,3.0,5.0,0,1.293,1-3 Years (Mid-Tenure),0
1237,Supply Chain,Associate,Associate - Supply Chain,59542.79,4,0.68,36,Male,Hispanic,2025-10-16,2026-06-21,3.0,4.0,3.0,1,1.033,0-1 Year (Onboarding),1
2887,Supply Chain,Associate,Associate - Supply Chain,68523.56,4,2.41,21,Female,Hispanic,2024-03-17,,4.0,9.99,6.0,0,1.188,1-3 Years (Mid-Tenure),1
2564,Supply Chain,Associate,Associate - Supply Chain,46225.68,3,2.21,44,Other,Hispanic,2024-05-31,,9.0,9.0,9.99,0,0.802,1-3 Years (Mid-Tenure),0
1411,Supply Chain,Associate,Associate - Supply Chain,41768.17,3,2.84,59,Male,Asian,2023-10-13,,8.0,7.0,6.0,0,0.724,1-3 Years (Mid-Tenure),0
469,Supply Chain,Associate,Associate - Supply Chain,70754.03,3,0.41,45,Male,African American,2026-03-18,,2.0,3.0,6.0,0,1.227,0-1 Year (Onboarding),0
2252,Supply Chain,Associate,Associate - Supply Chain,41975.4,4,3.31,52,Female,Hispanic,2023-04-24,,3.0,1.0,1.0,0,0.728,3+ Years (Tenured),1
2275,Supply Chain,Associate,Associate - Supply Chain,71901.36,4,1.98,43,Female,Hispanic,2024-08-22,,2.0,6.0,2.0,0,1.247,1-3 Years (Mid-Tenure),1
463,Supply Chain,Associate,Associate - Supply Chain,70160.25,3,1.1,33,Male,Caucasian,2025-07-10,,4.0,6.0,2.0,0,1.217,1-3 Years (Mid-Tenure),0
957,Supply Chain,Associate,Associate - Supply Chain,62995.21,4,2.76,50,Female,Hispanic,2023-11-11,,5.0,9.99,3.0,0,1.093,1-3 Years (Mid-Tenure),0
1461,Supply Chain,Associate,Associate - Supply Chain,50983.85,4,4.11,38,Male,Asian,2022-07-07,,4.0,6.0,8.0,0,0.884,3+ Years (Tenured),1
1452,Supply Chain,Associate,Associate - Supply Chain,60328.47,4,4.58,41,Male,Caucasian,2022-01-15,,8.0,7.0,9.99,0,1.046,3+ Years (Tenured),0
671,Supply Chain,Associate,Associate - Supply Chain,61077.29,4,3.88,46,Male,Caucasian,2022-09-27,,4.0,4.0,5.0,0,1.059,3+ Years (Tenured),1
2313,Supply Chain,Associate,Associate - Supply Chain,57771.64,2,3.97,25,Other,Hispanic,2022-08-27,,1.0,4.0,8.0,0,1.002,3+ Years (Tenured),0
2972,Supply Chain,Associate,Associate - Supply Chain,53491.19,2,1.21,32,Male,Asian,2025-05-29,,4.0,1.0,8.0,0,0.928,1-3 Years (Mid-Tenure),0
2566,Supply Chain,Associate,Associate - Supply Chain,62406.26,4,0.9,46,Non-Binary,,2025-09-19,,4.0,3.0,3.0,0,1.082,0-1 Year (Onboarding),1
315,Supply Chain,Associate,Associate - Supply Chain,69139.61,3,0.79,49,Non-Binary,Hispanic,2025-10-30,,8.0,8.0,5.0,0,1.199,0-1 Year (Onboarding),0
683,Supply Chain,Associate,Associate - Supply Chain,60979.06,3,1.74,36,Other,African American,2024-11-19,,9.99,6.0,6.0,0,1.058,1-3 Years (Mid-Tenure),0
784,Supply Chain,Associate,Associate - Supply Chain,45454.63,2,3.41,24,Male,Two or More,2022-01-23,2025-06-20,6.0,8.0,2.0,1,0.788,3+ Years (Tenured),0
2966,Supply Chain,Associate,Associate - Supply Chain,65415.65,5,3.65,58,Female,Asian,2022-12-23,,8.0,4.0,6.0,0,1.135,3+ Years (Tenured),0
782,Supply Chain,Associate,Associate - Supply Chain,58734.45,2,0.55,54,Female,Two or More,2021-09-23,2022-04-12,6.0,5.0,5.0,1,1.019,0-1 Year (Onboarding),0
1374,Supply Chain,Associate,Associate - Supply Chain,60042.17,2,4.83,29,Other,African American,2021-10-18,,5.0,8.0,5.0,0,1.041,3+ Years (Tenured),0
691,Supply Chain,Associate,Associate - Supply Chain,69592.94,3,0.33,33,Male,Hispanic,2024-11-26,2025-03-26,5.0,4.0,2.0,1,1.207,0-1 Year (Onboarding),0
2959,Supply Chain,Associate,Associate - Supply Chain,50124.66,2,2.95,44,Female,African American,2023-09-02,,9.0,6.0,4.0,0,0.869,1-3 Years (Mid-Tenure),0
998,Supply Chain,Associate,Associate - Supply Chain,59539.13,3,2.72,42,Non-Binary,Asian,2023-11-28,,8.0,9.0,9.99,0,1.033,1-3 Years (Mid-Tenure),0
431,Supply Chain,Associate,Associate - Supply Chain,71260.83,1,4.94,36,Male,Asian,2021-09-08,,2.0,2.0,2.0,0,1.236,3+ Years (Tenured),0
1069,Supply Chain,Associate,Associate - Supply Chain,45570.32,2,0.21,39,Male,Two or More,2026-05-30,,7.0,6.0,3.0,0,0.79,0-1 Year (Onboarding),0
2672,Supply Chain,Associate,Associate - Supply Chain,58822.13,5,3.27,38,Non-Binary,Asian,2023-05-11,,8.0,4.0,5.0,0,1.02,3+ Years (Tenured),0
767,Supply Chain,Associate,Associate - Supply Chain,60153.25,3,5.1,33,Male,Asian,2021-07-10,,9.99,9.99,9.0,0,1.043,3+ Years (Tenured),0
2679,Supply Chain,Associate,Associate - Supply Chain,73976.02,5,3.55,34,Female,African American,2023-01-29,,9.0,8.0,5.0,0,1.283,3+ Years (Tenured),0
2686,Supply Chain,Associate,Associate - Supply Chain,57569.7,5,3.09,21,Other,African American,2023-07-13,,3.0,4.0,3.0,0,0.998,3+ Years (Tenured),1
2695,Supply Chain,Associate,Associate - Supply Chain,54734.75,3,2.94,35,Male,Two or More,2023-01-13,2025-12-21,4.0,3.0,6.0,1,0.949,1-3 Years (Mid-Tenure),0
1052,Supply Chain,Associate,Associate - Supply Chain,58848.72,3,2.11,43,Male,African American,2024-07-05,,8.0,9.0,9.99,0,1.021,1-3 Years (Mid-Tenure),0
743,Supply Chain,Associate,Associate - Supply Chain,63960.32,2,2.27,32,Female,Caucasian,2024-05-10,,5.0,2.0,9.0,0,1.109,1-3 Years (Mid-Tenure),0
2716,Supply Chain,Associate,Associate - Supply Chain,46583.08,4,1.85,40,Male,,2024-10-08,,7.0,4.0,9.99,0,0.808,1-3 Years (Mid-Tenure),0
1115,Supply Chain,Associate,Associate - Supply Chain,65155.75,3,5.05,34,Male,African American,2021-07-27,,1.0,1.0,1.0,1,1.13,3+ Years (Tenured),0
361,Supply Chain,Associate,Associate - Supply Chain,64751.21,4,0.57,54,Non-Binary,Two or More,2026-01-19,,9.0,9.99,5.0,0,1.123,0-1 Year (Onboarding),0
2835,Supply Chain,Associate,Associate - Supply Chain,47619.73,5,4.73,43,Other,Caucasian,2021-11-21,,4.0,6.0,7.0,0,0.826,3+ Years (Tenured),1
2799,Supply Chain,Associate,Associate - Supply Chain,65365.55,3,3.72,46,Non-Binary,,2022-11-27,,4.0,4.0,8.0,0,1.134,3+ Years (Tenured),0
2797,Supply Chain,Associate,Associate - Supply Chain,47594.29,4,2.13,47,Other,Asian,2024-06-30,,6.0,6.0,7.0,0,0.825,1-3 Years (Mid-Tenure),0
2737,Supply Chain,Associate,associate - supply chain,60265.98,4,0.72,53,,Asian,2025-11-24,,6.0,1.0,3.0,0,1.045,0-1 Year (Onboarding),0
1076,Supply Chain,Associate,Associate - Supply Chain,61819.81,3,3.15,34,Other,Asian,2023-06-23,,8.0,9.99,6.0,0,1.072,3+ Years (Tenured),0
757,Supply Chain,Associate,Associate - Supply Chain,52979.01,3,3.97,36,Non-Binary,Asian,2022-08-28,,2.0,2.0,5.0,0,0.919,3+ Years (Tenured),0
1092,Supply Chain,Associate,Associate - Supply Chain,59974.01,4,4.88,29,Male,Hispanic,2021-09-27,,7.0,9.99,7.0,0,1.04,3+ Years (Tenured),0
2787,Supply Chain,Associate,Associate - Supply Chain,69912.89,3,4.15,24,Male,Asian,2022-06-23,,5.0,3.0,1.0,0,1.213,3+ Years (Tenured),0
2760,Supply Chain,Associate,ASSOCIATE - SUPPLY CHAIN,69295.0,4,2.07,54,Other,Asian,2024-07-22,,6.0,5.0,5.0,0,1.202,1-3 Years (Mid-Tenure),0
1088,Supply Chain,Associate,Associate - Supply Chain,48000.51,3,4.84,45,Non-Binary,Caucasian,2021-10-14,,6.0,4.0,8.0,0,0.833,3+ Years (Tenured),0
367,Supply Chain,Associate,Associate - Supply Chain,52299.44,2,3.02,45,Male,African American,2023-08-10,,8.0,4.0,9.0,0,0.907,3+ Years (Tenured),0
341,Supply Chain,Associate,Associate - Supply Chain,70284.27,2,3.77,62,Non-Binary,Two or More,2022-11-07,,8.0,3.0,6.0,0,1.219,3+ Years (Tenured),0
2571,Supply Chain,Associate,Associate - Supply Chain,56515.1,4,1.56,35,Non-Binary,Two or More,2025-01-21,,3.0,5.0,3.0,0,0.98,1-3 Years (Mid-Tenure),1
2575,Supply Chain,Associate,Associate - Supply Chain,54345.66,3,0.82,26,Other,Hispanic,2025-10-20,,9.99,6.0,9.99,0,0.943,0-1 Year (Onboarding),0
730,Supply Chain,Associate,Associate - Supply Chain,67238.76,3,3.39,31,Female,African American,2023-03-25,,6.0,4.0,4.0,0,1.166,3+ Years (Tenured),0
2577,Supply Chain,Associate,Associate - Supply Chain,73388.1,3,0.44,39,Female,Hispanic,2026-03-09,,4.0,5.0,4.0,0,1.273,0-1 Year (Onboarding),0
1030,Supply Chain,Associate,Associate - Supply Chain,51325.98,3,4.22,29,Male,Asian,2022-05-27,,4.0,5.0,7.0,0,0.89,3+ Years (Tenured),0
2876,Supply Chain,Associate,Associate - Supply Chain,66476.85,4,4.96,46,,Asian,2021-08-30,,4.0,3.0,4.0,0,1.153,3+ Years (Tenured),1
2618,Supply Chain,Associate,Associate - Supply Chain,60034.48,3,0.59,39,Other,,2026-01-13,,8.0,7.0,6.0,0,1.041,0-1 Year (Onboarding),0
1195,Supply Chain,Associate,Associate - Supply Chain,66149.46,5,0.63,53,Non-Binary,Asian,2024-07-05,2025-02-20,4.0,2.0,4.0,1,1.147,0-1 Year (Onboarding),1
1039,Supply Chain,Associate,Associate - Supply Chain,48696.68,2,3.47,41,Other,Asian,2023-02-26,,8.0,7.0,1.0,0,0.845,3+ Years (Tenured),0
391,Supply Chain,Associate,Associate - Supply Chain,48146.59,4,1.43,54,Female,Two or More,2025-03-12,,8.0,9.0,9.99,0,0.835,1-3 Years (Mid-Tenure),0
823,Supply Chain,Associate,Associate - Supply Chain,59136.7,2,4.16,54,Male,Hispanic,2022-06-18,,9.99,9.99,9.0,0,1.026,3+ Years (Tenured),0
2642,Supply Chain,Associate,Associate - Supply Chain,48260.44,4,0.97,38,Male,Hispanic,2025-08-25,,8.0,9.0,9.0,0,0.837,0-1 Year (Onboarding),0
1175,Supply Chain,Associate,Associate - Supply Chain,59290.68,4,1.35,50,Other,,2025-04-10,,3.0,4.0,4.0,0,1.028,1-3 Years (Mid-Tenure),1
2648,Supply Chain,Associate,Associate - Supply Chain,73319.34,3,1.27,39,Other,Caucasian,2025-05-07,,6.0,1.0,8.0,0,1.272,1-3 Years (Mid-Tenure),0
2853,Supply Chain,Associate,Associate - Supply Chain,55373.02,3,2.39,41,Female,Caucasian,2024-03-26,,7.0,1.0,1.0,0,0.96,1-3 Years (Mid-Tenure),0
1041,Supply Chain,Associate,Associate - Supply Chain,66189.98,3,3.9,47,Male,Two or More,2022-09-23,,7.0,4.0,5.0,0,1.148,3+ Years (Tenured),0
2850,Supply Chain,Associate,Associate - Supply Chain,59618.96,4,2.25,46,Non-Binary,Asian,2024-05-17,,7.0,8.0,6.0,0,1.034,1-3 Years (Mid-Tenure),0
2849,Supply Chain,Associate,Associate - Supply Chain,45600.0,2,0.51,37,Male,Asian,2026-02-10,,8.0,9.99,5.0,0,0.791,0-1 Year (Onboarding),0
2649,Supply Chain,Associate,Associate - Supply Chain,57611.22,1,2.72,46,Male,Asian,2023-11-27,,2.0,2.0,3.0,0,0.999,1-3 Years (Mid-Tenure),0
1169,Supply Chain,Associate,Associate - Supply Chain,42768.3,1,3.25,36,Non-Binary,Asian,2023-05-16,,1.0,1.0,6.0,0,0.742,3+ Years (Tenured),0
2840,Supply Chain,Associate,Associate - Supply Chain,45746.94,2,0.33,39,Non-Binary,Hispanic,2026-04-16,,6.0,5.0,5.0,0,0.793,0-1 Year (Onboarding),0
1714,Supply Chain,Associate,Associate - Supply Chain,60654.87,4,2.05,44,Non-Binary,African American,2024-07-27,,4.0,5.0,4.0,0,1.052,1-3 Years (Mid-Tenure),1
1597,Supply Chain,Associate,Associate - Supply Chain,47297.35,5,0.26,31,Male,Caucasian,2026-05-12,,9.0,4.0,9.99,0,0.82,0-1 Year (Onboarding),0
3159,Supply Chain,Associate,Associate - Supply Chain,57819.88,3,0.64,42,Female,Hispanic,2022-12-19,2023-08-10,6.0,5.0,5.0,1,1.003,0-1 Year (Onboarding),0
2092,Supply Chain,Associate,Associate - Supply Chain,65439.52,3,2.73,53,Male,Two or More,2023-11-24,,1.0,5.0,6.0,0,1.135,1-3 Years (Mid-Tenure),0
2098,Supply Chain,Associate,Associate - Supply Chain,52432.8,3,0.94,56,Non-Binary,Asian,2025-09-06,,9.0,4.0,4.0,0,0.909,0-1 Year (Onboarding),0
1902,Supply Chain,Associate,Associate - Supply Chain,64626.32,4,1.37,43,Female,Hispanic,2025-04-02,,6.0,5.0,5.0,0,1.121,1-3 Years (Mid-Tenure),0
1580,Supply Chain,Associate,Associate - Supply Chain,69222.94,3,1.96,34,Male,Hispanic,2024-08-30,,7.0,7.0,8.0,0,1.201,1-3 Years (Mid-Tenure),0
837,Supply Chain,Associate,Associate - Supply Chain,51801.44,3,2.13,38,Other,Hispanic,2024-06-29,,3.0,2.0,1.0,0,0.898,1-3 Years (Mid-Tenure),0
1900,Supply Chain,Associate,Associate - Supply Chain,65866.43,3,1.55,49,Male,Caucasian,2025-01-25,,6.0,6.0,4.0,0,1.142,1-3 Years (Mid-Tenure),0
1599,Supply Chain,Associate,Associate - Supply Chain,40941.88,3,2.26,51,Female,Caucasian,2024-05-11,,7.0,8.0,6.0,0,0.71,1-3 Years (Mid-Tenure),0
880,Supply Chain,Associate,Associate - Supply Chain,67422.28,2,2.39,45,Other,Hispanic,2024-03-26,,5.0,3.0,4.0,0,1.169,1-3 Years (Mid-Tenure),0
2125,Supply Chain,Associate,Associate - Supply Chain,42909.32,5,1.55,40,Female,Asian,2025-01-26,,6.0,6.0,2.0,0,0.744,1-3 Years (Mid-Tenure),0
1563,Supply Chain,Associate,Associate - Supply Chain,68169.15,4,0.61,50,Other,Asian,2026-01-06,,9.99,9.0,6.0,0,1.182,0-1 Year (Onboarding),0
496,Supply Chain,Associate,Associate - Supply Chain,69798.32,3,2.39,52,Other,African American,2024-03-24,,8.0,7.0,7.0,0,1.211,1-3 Years (Mid-Tenure),0
886,Supply Chain,Associate,Associate - Supply Chain,57821.25,2,0.86,44,Male,Asian,2025-10-06,,9.0,9.99,8.0,0,1.003,0-1 Year (Onboarding),0
3166,Supply Chain,Associate,Associate - Supply Chain,44237.63,3,3.13,42,Male,,2023-07-01,,9.0,5.0,4.0,0,0.767,3+ Years (Tenured),0
2148,Supply Chain,Associate,Associate - Supply Chain,66119.86,5,2.08,39,Other,Caucasian,2024-07-15,,7.0,5.0,6.0,0,1.147,1-3 Years (Mid-Tenure),0
1935,Supply Chain,Associate,Associate - Supply Chain,51219.88,3,4.05,40,Male,Caucasian,2022-07-27,,6.0,6.0,6.0,0,0.888,3+ Years (Tenured),0
1686,Supply Chain,Associate,Associate - Supply Chain,52464.93,3,4.92,49,,Two or More,2021-09-15,,6.0,6.0,7.0,0,0.91,3+ Years (Tenured),0
1958,Supply Chain,Associate,Associate - Supply Chain,44712.07,3,4.36,37,Non-Binary,African American,2022-04-05,,6.0,7.0,5.0,0,0.775,3+ Years (Tenured),0
1962,Supply Chain,Associate,Associate - Supply Chain,56763.47,2,2.43,42,Male,African American,2024-03-10,,1.0,1.0,4.0,0,0.984,1-3 Years (Mid-Tenure),0
1963,Supply Chain,Associate,Associate - Supply Chain,74965.24,3,3.82,46,Male,Caucasian,2022-10-20,,4.0,3.0,3.0,0,1.3,3+ Years (Tenured),0
1661,Supply Chain,Associate,Associate - Supply Chain,68806.66,5,0.29,37,Male,African American,2024-02-14,2024-05-30,6.0,5.0,5.0,1,1.193,0-1 Year (Onboarding),0
1941,Supply Chain,Associate,Associate - Supply Chain,50362.56,2,0.84,26,Non-Binary,Hispanic,2025-10-14,,9.99,3.0,9.0,0,0.873,0-1 Year (Onboarding),0
1981,Supply Chain,Associate,Associate - Supply Chain,55230.28,3,1.8,43,Male,Hispanic,2024-10-27,,7.0,4.0,2.0,0,0.958,1-3 Years (Mid-Tenure),0
1996,Supply Chain,Associate,Associate - Supply Chain,74020.06,3,0.71,45,,Caucasian,2025-11-30,,9.99,9.0,9.99,0,1.284,0-1 Year (Onboarding),0
2138,Supply Chain,Associate,Associate - Supply Chain,41271.79,3,4.36,42,Female,Hispanic,2022-04-07,,9.99,8.0,9.99,0,0.716,3+ Years (Tenured),0
3145,Supply Chain,Associate,Associate - Supply Chain,63305.17,3,1.43,32,Male,Two or More,2025-03-12,,5.0,3.0,8.0,0,1.098,1-3 Years (Mid-Tenure),0
2040,Supply Chain,Associate,Associate - Supply Chain,68879.95,1,3.39,36,Male,Asian,2023-03-27,,9.99,5.0,9.99,0,1.195,3+ Years (Tenured),0
3119,Supply Chain,Associate,Associate - Supply Chain,51821.3,4,0.63,54,Male,Asian,2025-09-07,2026-04-25,8.0,7.0,2.0,1,0.899,0-1 Year (Onboarding),0
551,Supply Chain,Associate,Associate - Supply Chain,74612.98,3,1.43,38,Male,,2025-03-10,,4.0,2.0,1.0,0,1.294,1-3 Years (Mid-Tenure),0
1601,Supply Chain,Associate,Associate - Supply Chain,41262.86,4,0.1,31,Female,Caucasian,2026-07-10,,6.0,5.0,5.0,0,0.716,0-1 Year (Onboarding),0
3155,Supply Chain,Associate,Associate - Supply Chain,74423.67,3,4.41,52,Female,Asian,2022-03-20,,6.0,1.0,2.0,0,1.291,3+ Years (Tenured),0
1912,Supply Chain,Associate,Associate - Supply Chain,68772.78,4,4.41,30,Other,Two or More,2022-03-18,,2.0,4.0,1.0,0,1.193,3+ Years (Tenured),1
2218,Supply Chain,Associate,Associate - Supply Chain,56159.01,4,0.1,41,Male,Asian,2026-07-10,,6.0,5.0,5.0,0,0.974,0-1 Year (Onboarding),0
1726,Supply Chain,Associate,Associate - Supply Chain,63693.16,3,1.32,49,Female,Hispanic,2025-04-22,,9.99,7.0,9.99,0,1.105,1-3 Years (Mid-Tenure),0
651,Supply Chain,Associate,Associate - Supply Chain,40078.03,1,3.58,47,Non-Binary,Hispanic,2023-01-18,,4.0,8.0,1.0,0,0.695,3+ Years (Tenured),0
3051,Supply Chain,Associate,Associate - Supply Chain,50214.0,4,2.92,45,Male,Asian,2023-09-14,,1.0,3.0,1.0,0,0.871,1-3 Years (Mid-Tenure),1
593,Supply Chain,Associate,Associate - Supply Chain,53980.23,3,0.61,46,Female,Asian,2026-01-03,,6.0,8.0,5.0,0,0.936,0-1 Year (Onboarding),0
2190,Supply Chain,Associate,Associate - Supply Chain,57630.24,5,2.24,33,Non-Binary,Hispanic,2024-05-21,,9.0,5.0,5.0,0,1.0,1-3 Years (Mid-Tenure),0
1846,Supply Chain,Associate,Associate - Supply Chain,59387.1,5,0.39,39,Female,Hispanic,2026-03-26,,6.0,5.0,5.0,0,1.03,0-1 Year (Onboarding),0
1728,Supply Chain,Associate,Associate - Supply Chain,42285.67,2,3.31,49,Other,Asian,2022-03-26,2025-07-16,8.0,6.0,8.0,1,0.733,3+ Years (Tenured),0
643,Supply Chain,Associate,Associate - Supply Chain,52255.22,3,0.95,41,Female,Caucasian,2023-06-01,2024-05-14,5.0,4.0,5.0,1,0.906,0-1 Year (Onboarding),0
3179,Supply Chain,Associate,Associate - Supply Chain,72819.83,2,1.53,34,Non-Binary,Caucasian,2025-02-04,,9.0,6.0,1.0,0,1.263,1-3 Years (Mid-Tenure),0
2201,Supply Chain,Associate,Associate - Supply Chain,54799.43,3,0.96,45,Male,Hispanic,2025-08-31,,5.0,4.0,7.0,0,0.95,0-1 Year (Onboarding),0
3045,Supply Chain,Associate,Associate - Supply Chain,59213.14,4,0.94,42,Female,Asian,2025-09-05,,1.0,1.0,2.0,0,1.027,0-1 Year (Onboarding),1
482,Supply Chain,Associate,Associate - Supply Chain,64559.2,3,1.74,31,Female,Two or More,2024-11-17,,3.0,4.0,8.0,0,1.12,1-3 Years (Mid-Tenure),0
803,Supply Chain,Associate,Associate - Supply Chain,65583.43,3,1.77,45,Other,Asian,2024-11-08,,6.0,5.0,3.0,0,1.137,1-3 Years (Mid-Tenure),0
570,Supply Chain,Associate,Associate - Supply Chain,70008.8,2,0.14,40,Female,Asian,2026-06-24,,6.0,5.0,5.0,0,1.214,0-1 Year (Onboarding),0
1513,Supply Chain,Associate,Associate - Supply Chain,73220.09,4,3.24,35,Male,African American,2023-05-21,,4.0,7.0,2.0,0,1.27,3+ Years (Tenured),1
480,Supply Chain,Associate,Associate - Supply Chain,70950.05,3,4.45,45,Male,African American,2022-03-05,,5.0,2.0,8.0,0,1.231,3+ Years (Tenured),0
1797,Supply Chain,Associate,Associate - Supply Chain,48451.14,5,1.59,35,Male,Caucasian,2025-01-13,,6.0,3.0,6.0,0,0.84,1-3 Years (Mid-Tenure),0
1889,Supply Chain,Associate,Associate - Supply Chain,44567.39,3,0.3,54,Female,Caucasian,2026-04-17,2026-08-03,6.0,5.0,5.0,1,0.773,0-1 Year (Onboarding),0
3203,Supply Chain,Associate,Associate - Supply Chain,64790.79,5,3.29,34,Non-Binary,Hispanic,2023-05-01,,5.0,9.0,6.0,0,1.124,3+ Years (Tenured),0
1503,Supply Chain,Associate,Associate - Supply Chain,59226.26,3,2.39,44,Male,Hispanic,2024-03-27,,2.0,5.0,9.99,0,1.027,1-3 Years (Mid-Tenure),0
3172,Supply Chain,Associate,Associate - Supply Chain,56313.72,1,2.06,21,Male,Caucasian,2024-07-24,,8.0,6.0,7.0,0,0.977,1-3 Years (Mid-Tenure),0
1551,Supply Chain,Associate,Associate - Supply Chain,60348.12,3,3.3,23,Male,Hispanic,2023-04-28,,8.0,7.0,7.0,0,1.047,3+ Years (Tenured),0
3112,Supply Chain,Domain Director,Domain Director - Supply Chain,113866.06,4,2.14,51,Male,Caucasian,2023-04-03,2025-05-24,8.0,7.0,5.0,1,0.794,1-3 Years (Mid-Tenure),0
3928,Supply Chain,Domain Director,Domain Director - Supply Chain,147956.91,3,2.61,33,Male,African American,2024-01-07,,4.0,6.0,5.0,0,1.031,1-3 Years (Mid-Tenure),0
442,Supply Chain,Domain Director,Domain Director - Supply Chain,168544.34,1,1.3,35,Female,Caucasian,2025-04-28,,7.0,5.0,6.0,0,1.175,1-3 Years (Mid-Tenure),0
2489,Supply Chain,Manager,Manager - Supply Chain,96358.14,1,0.38,43,Other,Asian,2026-03-30,,9.0,9.0,9.99,0,0.937,0-1 Year (Onboarding),0
1230,Supply Chain,Manager,Manager - Supply Chain,70611.53,1,1.09,40,Non-Binary,Caucasian,2025-07-13,,9.99,9.99,5.0,0,0.687,1-3 Years (Mid-Tenure),0
3846,Supply Chain,Manager,Manager - Supply Chain,117006.45,3,3.16,30,Female,African American,2023-06-19,,2.0,3.0,3.0,0,1.138,3+ Years (Tenured),0
2933,Supply Chain,Manager,Manager - Supply Chain,114085.03,3,3.44,46,Male,Hispanic,2023-03-08,,6.0,4.0,5.0,0,1.11,3+ Years (Tenured),0
145,Supply Chain,Manager,Manager - Supply Chain,115886.53,4,3.19,27,Non-Binary,,2023-06-06,,4.0,1.0,2.0,0,1.127,3+ Years (Tenured),1
1066,Supply Chain,Supervisor/Lead,Supervisor/Lead - Supply Chain,88324.93,1,1.71,49,,Two or More,2024-11-28,,5.0,6.0,4.0,0,1.234,1-3 Years (Mid-Tenure),0
3429,Supply Chain,Supervisor/Lead,Supervisor/Lead - Supply Chain,76152.57,5,1.63,56,Non-Binary,Caucasian,2024-12-28,,5.0,5.0,3.0,0,1.064,1-3 Years (Mid-Tenure),0
3205,Supply Chain,Supervisor/Lead,Supervisor/Lead - Supply Chain,70269.18,2,3.05,33,,Asian,2023-07-27,,9.0,5.0,6.0,0,0.982,3+ Years (Tenured),0
211,Supply Chain,Supervisor/Lead,Supervisor/Lead - Supply Chain,85502.86,5,1.21,57,Female,Caucasian,2025-05-31,,9.0,9.99,9.99,0,1.194,1-3 Years (Mid-Tenure),0
519,Supply Chain,Supervisor/Lead,Supervisor/Lead - Supply Chain,57771.49,3,4.03,39,Other,Caucasian,2022-08-04,,6.0,4.0,4.0,0,0.807,3+ Years (Tenured),0
1694,Supply Chain,Supervisor/Lead,Supervisor/Lead - Supply Chain,71634.31,4,1.85,41,Male,African American,2024-10-07,,9.0,5.0,2.0,0,1.001,1-3 Years (Mid-Tenure),0
3144,Supply Chain,Supervisor/Lead,Supervisor/Lead - Supply Chain,59936.19,3,3.87,28,Female,Two or More,2022-10-04,,6.0,1.0,5.0,0,0.837,3+ Years (Tenured),0
3500,Supply Chain,Supervisor/Lead,Supervisor/Lead - Supply Chain,72326.81,4,1.52,54,Female,Two or More,2025-02-07,,3.0,6.0,4.0,0,1.01,1-3 Years (Mid-Tenure),1
1757,Supply Chain,Supervisor/Lead,Supervisor/Lead - Supply Chain,87113.63,4,4.13,46,Non-Binary,Asian,2022-06-28,,5.0,6.0,6.0,0,1.217,3+ Years (Tenured),0
2687,Supply Chain,Supervisor/Lead,Supervisor/Lead - Supply Chain,60601.3,3,2.64,38,Non-Binary,Asian,2023-12-25,,9.99,9.0,9.0,0,0.846,1-3 Years (Mid-Tenure),0
1879,Supply Chain,Supervisor/Lead,Supervisor/Lead - Supply Chain,73199.35,3,0.47,21,Other,African American,2026-02-26,,9.0,9.0,7.0,0,1.022,0-1 Year (Onboarding),0
1111,Supply Chain,Supervisor/Lead,Supervisor/Lead - Supply Chain,72478.04,3,3.13,48,Non-Binary,Asian,2023-07-01,,5.0,3.0,4.0,0,1.012,3+ Years (Tenured),0
1704,Supply Chain,Supervisor/Lead,Supervisor/Lead - Supply Chain,62398.72,2,0.77,33,Other,Hispanic,2025-11-07,,6.0,9.99,1.0,0,0.872,0-1 Year (Onboarding),0
1078,Supply Chain,Supervisor/Lead,Supervisor/Lead - Supply Chain,56015.51,5,2.96,40,Male,Two or More,2023-08-29,,8.0,6.0,4.0,0,0.782,1-3 Years (Mid-Tenure),0
1820,Supply Chain,Supervisor/Lead,Supervisor/Lead - Supply Chain,56367.8,3,3.27,55,Non-Binary,Asian,2023-05-11,,1.0,1.0,2.0,0,0.787,3+ Years (Tenured),0
2655,Supply Chain,Supervisor/Lead,Supervisor/Lead - Supply Chain,86475.46,3,3.21,32,Non-Binary,Hispanic,2023-06-01,,4.0,4.0,1.0,0,1.208,3+ Years (Tenured),0
3672,Supply Chain,Supervisor/Lead,Supervisor/Lead - Supply Chain,88382.54,2,1.97,33,,Asian,2024-08-25,,6.0,6.0,8.0,0,1.235,1-3 Years (Mid-Tenure),0
3873,Supply Chain,Supervisor/Lead,Supervisor/Lead - Supply Chain,57784.48,4,0.82,22,Non-Binary,African American,2025-10-19,,4.0,5.0,3.0,0,0.807,0-1 Year (Onboarding),1
1549,Supply Chain,Supervisor/Lead,Supervisor/Lead - Supply Chain,63614.6,3,0.49,33,Male,Two or More,2026-02-17,,8.0,6.0,8.0,0,0.889,0-1 Year (Onboarding),0
2416,Supply Chain,Supervisor/Lead,Supervisor/Lead - Supply Chain,66043.51,2,3.93,46,Male,,2022-09-09,,8.0,3.0,7.0,0,0.922,3+ Years (Tenured),0
2409,Supply Chain,Supervisor/Lead,Supervisor/Lead - Supply Chain,60542.05,3,3.99,31,Female,Asian,2022-08-20,,9.0,8.0,4.0,0,0.846,3+ Years (Tenured),0
3332,Supply Chain,Supervisor/Lead,Supervisor/Lead - Supply Chain,71529.82,4,4.72,47,Male,Asian,2021-11-26,,6.0,2.0,3.0,0,0.999,3+ Years (Tenured),0
167,Supply Chain,Supervisor/Lead,Supervisor/Lead - Supply Chain,77718.99,1,0.91,37,Female,Hispanic,2025-09-17,,7.0,4.0,1.0,0,1.086,0-1 Year (Onboarding),0
2165,Supply Chain,Supervisor/Lead,Supervisor/Lead - Supply Chain,78607.94,3,3.93,51,Other,Caucasian,2022-09-11,,7.0,9.99,9.99,0,1.098,3+ Years (Tenured),0
11,Supply Chain,Supervisor/Lead,Supervisor/Lead - Supply Chain,56040.32,4,1.47,39,Male,Hispanic,2025-02-24,,7.0,9.99,9.99,0,0.783,1-3 Years (Mid-Tenure),0
1524,Supply Chain,Supervisor/Lead,Supervisor/Lead - Supply Chain,66640.6,5,1.85,34,Non-Binary,Asian,2024-10-08,,6.0,2.0,2.0,0,0.931,1-3 Years (Mid-Tenure),0
3781,Supply Chain,Supervisor/Lead,Supervisor/Lead - Supply Chain,89932.82,5,0.73,62,Male,,2025-11-23,,3.0,9.99,2.0,0,1.256,0-1 Year (Onboarding),1
314,Supply Chain,Supervisor/Lead,Supervisor/Lead - Supply Chain,74755.13,4,2.15,28,Male,African American,2024-06-22,,7.0,5.0,1.0,0,1.044,1-3 Years (Mid-Tenure),0
313,Supply Chain,Supervisor/Lead,Supervisor/Lead - Supply Chain,82292.47,2,1.64,43,Male,Caucasian,2023-06-14,2025-02-02,4.0,2.0,2.0,1,1.149,1-3 Years (Mid-Tenure),0
3706,Supply Chain,Supervisor/Lead,Supervisor/Lead - Supply Chain,65162.97,5,3.65,37,Non-Binary,Asian,2022-12-23,,6.0,6.0,7.0,0,0.91,3+ Years (Tenured),0
787,Supply Chain,Supervisor/Lead,Supervisor/Lead - Supply Chain,56105.47,4,3.68,21,Female,Hispanic,2022-12-09,,9.0,9.0,7.0,0,0.784,3+ Years (Tenured),0
3708,Supply Chain,Supervisor/Lead,Supervisor/Lead - Supply Chain,74751.9,3,2.45,29,Other,Asian,2024-03-05,,9.99,7.0,7.0,0,1.044,1-3 Years (Mid-Tenure),0
921,Supply Chain,Supervisor/Lead,Supervisor/Lead - Supply Chain,69139.34,3,1.13,25,Other,African American,2025-06-30,,7.0,3.0,3.0,0,0.966,1-3 Years (Mid-Tenure),0
791,Supply Chain,Supervisor/Lead,Supervisor/Lead - Supply Chain,68785.05,4,2.71,45,Other,Caucasian,2023-12-01,,4.0,1.0,2.0,0,0.961,1-3 Years (Mid-Tenure),1
3731,Supply Chain,Supervisor/Lead,Supervisor/Lead - Supply Chain,68263.26,3,0.41,38,Male,Caucasian,2026-03-19,,9.0,9.0,6.0,0,0.953,0-1 Year (Onboarding),0
2545,Supply Chain,Supervisor/Lead,Supervisor/Lead - Supply Chain,83858.93,4,0.18,37,Female,Two or More,2024-02-22,2024-04-27,6.0,5.0,5.0,1,1.171,0-1 Year (Onboarding),0
3519,Supply Chain,Supervisor/Lead,Supervisor/Lead - Supply Chain,64362.92,3,5.05,42,Other,African American,2021-07-28,,3.0,6.0,3.0,0,0.899,3+ Years (Tenured),0
2599,Supply Chain,Supervisor/Lead,Supervisor/Lead - Supply Chain,77095.0,3,4.81,38,Other,Caucasian,2021-10-24,,6.0,5.0,3.0,0,1.077,3+ Years (Tenured),0
2583,Supply Chain,Supervisor/Lead,Supervisor/Lead - Supply Chain,74401.15,3,1.06,29,Non-Binary,Two or More,2025-07-25,,9.0,7.0,9.0,0,1.039,1-3 Years (Mid-Tenure),0
533,Supply Chain,Supervisor/Lead,Supervisor/Lead - Supply Chain,61126.23,4,0.86,33,,African American,2025-10-05,,6.0,9.99,4.0,0,0.854,0-1 Year (Onboarding),0
4041,Supply Chain,Supervisor/Lead,Supervisor/Lead - Supply Chain,89888.88,5,1.05,34,Other,African American,2025-07-29,,5.0,3.0,7.0,0,1.256,1-3 Years (Mid-Tenure),0
1621,Supply Chain,Supervisor/Lead,Supervisor/Lead - Supply Chain,68252.49,2,1.03,62,Male,Asian,2025-08-05,,4.0,2.0,5.0,0,0.953,1-3 Years (Mid-Tenure),0
1234,Supply Chain,Supervisor/Lead,Supervisor/Lead - Supply Chain,82692.56,4,1.47,41,Other,Asian,2025-02-24,,2.0,6.0,5.0,0,1.155,1-3 Years (Mid-Tenure),1
471,Supply Chain,Supervisor/Lead,Supervisor/Lead - Supply Chain,66125.67,3,3.3,29,Non-Binary,African American,2022-01-24,2025-05-13,7.0,4.0,7.0,1,0.924,3+ Years (Tenured),0
4414,Supply Chain,Supervisor/Lead,Supervisor/Lead - Supply Chain,77512.66,3,2.87,37,Male,Caucasian,2022-06-06,2025-04-20,4.0,6.0,4.0,1,1.083,1-3 Years (Mid-Tenure),0
4055,Supply Chain,Supervisor/Lead,Supervisor/Lead - Supply Chain,87516.8,4,1.09,46,Male,Hispanic,2021-11-16,2022-12-20,6.0,5.0,5.0,1,1.222,1-3 Years (Mid-Tenure),0
1582,Supply Chain,Supervisor/Lead,Supervisor/Lead - Supply Chain,55713.07,1,2.16,35,Female,Asian,2024-06-18,,7.0,7.0,4.0,0,0.778,1-3 Years (Mid-Tenure),0
2494,Supply Chain,Supervisor/Lead,Supervisor/Lead - Supply Chain,73329.95,4,0.85,44,Male,Hispanic,2025-10-08,,5.0,3.0,8.0,0,1.024,0-1 Year (Onboarding),0
4072,Supply Chain,Supervisor/Lead,Supervisor/Lead - Supply Chain,80109.82,3,4.68,42,Other,Caucasian,2021-12-12,,9.99,3.0,1.0,0,1.119,3+ Years (Tenured),0
3344,Supply Chain,Supervisor/Lead,Supervisor/Lead - Supply Chain,64991.27,3,0.45,39,Female,Two or More,2026-03-03,,3.0,4.0,4.0,0,0.908,0-1 Year (Onboarding),0
2355,Facilities,Assistant Manager,Assistant Manager - Facilities,60897.48,3,4.0,54,Other,Hispanic,2022-08-17,,7.0,9.0,6.0,0,0.724,3+ Years (Tenured),0
2085,Facilities,Assistant Manager,Assistant Manager - Facilities,94792.36,3,0.19,41,Female,Asian,2026-06-07,,6.0,8.0,9.0,0,1.127,0-1 Year (Onboarding),0
2478,Facilities,Assistant Manager,Assistant Manager - Facilities,91865.66,4,0.49,36,Male,African American,2025-05-17,2025-11-13,1.0,1.0,1.0,1,1.093,0-1 Year (Onboarding),1
1782,Facilities,Assistant Manager,Assistant Manager - Facilities,94581.87,2,0.39,33,Non-Binary,Two or More,2026-03-25,,6.0,5.0,5.0,0,1.125,0-1 Year (Onboarding),0
171,Facilities,Assistant Manager,Assistant Manager - Facilities,76190.14,3,3.35,48,Male,Asian,2023-04-10,,6.0,7.0,3.0,0,0.906,3+ Years (Tenured),0
3348,Facilities,Assistant Manager,Assistant Manager - Facilities,86179.15,4,1.31,41,Other,Two or More,2025-04-24,,4.0,3.0,8.0,0,1.025,1-3 Years (Mid-Tenure),1
531,Facilities,Associate,Associate - Facilities,51622.25,3,3.64,28,Male,Two or More,2022-12-24,,9.99,8.0,6.0,0,0.907,3+ Years (Tenured),0
2451,Facilities,Associate,Associate - Facilities,68606.52,4,3.64,39,Female,Hispanic,2022-12-26,,6.0,8.0,6.0,0,1.206,3+ Years (Tenured),0
2918,Facilities,Associate,Associate - Facilities,64294.87,2,1.46,48,Non-Binary,Asian,2025-02-27,,4.0,5.0,1.0,0,1.13,1-3 Years (Mid-Tenure),0
3613,Facilities,Associate,Associate - Facilities,60301.29,1,2.45,34,Male,Caucasian,2023-09-26,2026-03-10,8.0,3.0,2.0,1,1.06,1-3 Years (Mid-Tenure),0
1001,Facilities,Associate,Associate - Facilities,68763.64,4,2.37,42,Male,African American,2024-04-01,,7.0,5.0,3.0,0,1.209,1-3 Years (Mid-Tenure),0
4435,Facilities,Associate,Associate - Facilities,54377.15,4,0.46,44,Female,Asian,2026-02-28,,6.0,7.0,5.0,0,0.956,0-1 Year (Onboarding),0
3866,Facilities,Associate,Associate - Facilities,59464.57,4,0.86,58,Male,Hispanic,2025-10-05,,6.0,9.0,5.0,0,1.045,0-1 Year (Onboarding),0
1323,Facilities,Associate,Associate - Facilities,53288.1,5,1.84,41,,African American,2024-10-12,,1.0,1.0,4.0,0,0.937,1-3 Years (Mid-Tenure),1
2440,Facilities,Associate,Associate - Facilities,53274.0,3,0.06,45,Other,,2026-07-23,,6.0,5.0,5.0,0,0.936,0-1 Year (Onboarding),0
3132,Facilities,Associate,Associate - Facilities,74533.29,2,1.69,55,Female,Caucasian,2022-06-12,2024-02-18,6.0,5.0,5.0,1,1.31,1-3 Years (Mid-Tenure),0
2006,Facilities,Associate,Associate - Facilities,48006.09,2,3.42,37,Non-Binary,Asian,2023-03-16,,6.0,3.0,5.0,0,0.844,3+ Years (Tenured),0
1649,Facilities,Associate,Associate - Facilities,54893.18,2,2.19,43,Other,Two or More,2024-06-07,,7.0,5.0,8.0,0,0.965,1-3 Years (Mid-Tenure),0
1626,Facilities,Associate,Associate - Facilities,74644.78,3,4.26,34,Female,,2022-05-12,,7.0,9.99,9.99,0,1.312,3+ Years (Tenured),0
1332,Facilities,Associate,Associate - Facilities,48980.21,3,2.6,32,Female,Hispanic,2024-01-09,,6.0,5.0,6.0,0,0.861,1-3 Years (Mid-Tenure),0
2957,Facilities,Associate,Associate - Facilities,69191.99,5,3.68,32,Male,,2022-12-09,,4.0,6.0,6.0,0,1.216,3+ Years (Tenured),1
1280,Facilities,Associate,Associate - Facilities,63289.96,4,3.64,29,Non-Binary,Asian,2022-12-25,,3.0,9.99,9.0,0,1.112,3+ Years (Tenured),1
436,Facilities,Associate,Associate - Facilities,62948.98,4,0.52,37,Female,Hispanic,2026-02-06,,4.0,2.0,8.0,0,1.106,0-1 Year (Onboarding),1
127,Facilities,Associate,Associate - Facilities,69690.75,3,3.07,35,Other,Two or More,2023-07-23,,4.0,5.0,5.0,0,1.225,3+ Years (Tenured),0
2405,Facilities,Associate,Associate - Facilities,43020.08,1,3.67,30,Male,Two or More,2022-12-16,,1.0,5.0,7.0,0,0.756,3+ Years (Tenured),0
701,Facilities,Associate,Associate - Facilities,51151.21,1,1.18,54,Other,Caucasian,2025-06-09,,7.0,6.0,3.0,0,0.899,1-3 Years (Mid-Tenure),0
524,Facilities,Associate,Associate - Facilities,58249.83,2,0.14,32,Other,African American,2026-01-29,2026-03-22,6.0,5.0,5.0,1,1.024,0-1 Year (Onboarding),0
317,Facilities,Associate,Associate - Facilities,67891.06,5,3.91,31,Non-Binary,African American,2022-09-19,,7.0,7.0,8.0,0,1.193,3+ Years (Tenured),0
812,Facilities,Associate,Associate - Facilities,58202.07,4,5.04,46,Male,Asian,2021-08-03,,2.0,3.0,7.0,0,1.023,3+ Years (Tenured),1
2034,Facilities,Associate,Associate - Facilities,45287.09,4,2.22,43,Non-Binary,African American,2024-05-28,,2.0,2.0,5.0,0,0.796,1-3 Years (Mid-Tenure),1
1364,Facilities,Associate,Associate - Facilities,67599.06,5,2.39,33,Other,Hispanic,2024-03-25,,6.0,6.0,3.0,0,1.188,1-3 Years (Mid-Tenure),0
2378,Facilities,Associate,Associate - Facilities,67223.53,3,0.9,38,Male,African American,2025-09-19,,7.0,8.0,3.0,0,1.182,0-1 Year (Onboarding),0
2376,Facilities,Associate,Associate - Facilities,43169.97,2,5.04,41,Male,,2021-08-01,,1.0,2.0,4.0,0,0.759,3+ Years (Tenured),0
2374,Facilities,Associate,Associate - Facilities,43616.02,4,1.4,52,Other,Hispanic,2024-08-30,2026-01-23,8.0,7.0,9.0,1,0.767,1-3 Years (Mid-Tenure),0
1388,Facilities,Associate,Associate - Facilities,55814.29,5,0.75,43,Male,Two or More,2025-11-16,,8.0,5.0,5.0,0,0.981,0-1 Year (Onboarding),0
3322,Facilities,Associate,Associate - Facilities,61430.8,3,0.92,47,Male,Hispanic,2025-09-12,,5.0,6.0,8.0,0,1.08,0-1 Year (Onboarding),0
542,Facilities,Associate,Associate - Facilities,41764.89,4,0.97,44,,Two or More,2025-08-26,,9.99,9.0,7.0,0,0.734,0-1 Year (Onboarding),0
400,Facilities,Associate,Associate - Facilities,71015.54,3,2.38,21,Male,Asian,2024-03-30,,9.99,9.99,9.99,0,1.248,1-3 Years (Mid-Tenure),0
1932,Facilities,Associate,Associate - Facilities,56327.65,4,2.84,43,Other,Asian,2023-10-14,,2.0,6.0,4.0,0,0.99,1-3 Years (Mid-Tenure),1
4235,Facilities,Associate,Associate - Facilities,57963.44,3,4.12,44,Male,Two or More,2022-07-02,,4.0,9.0,6.0,0,1.019,3+ Years (Tenured),0
1937,Facilities,Associate,Associate - Facilities,63375.18,1,1.77,40,Male,Hispanic,2024-11-07,,9.0,9.99,5.0,0,1.114,1-3 Years (Mid-Tenure),0
2532,Facilities,Associate,Associate - Facilities,72977.41,2,1.2,30,Other,African American,2025-06-02,,8.0,9.99,9.99,0,1.283,1-3 Years (Mid-Tenure),0
2898,Facilities,Associate,Associate - Facilities,46453.33,3,1.26,49,Female,Hispanic,2025-05-11,,6.0,3.0,1.0,0,0.817,1-3 Years (Mid-Tenure),0
845,Facilities,Associate,Associate - Facilities,67374.64,2,1.81,34,Other,Asian,2024-10-25,,9.0,7.0,1.0,0,1.184,1-3 Years (Mid-Tenure),0
1944,Facilities,Associate,Associate - Facilities,66563.34,3,1.29,31,Male,,2025-04-30,,5.0,7.0,8.0,0,1.17,1-3 Years (Mid-Tenure),0
3890,Facilities,Associate,Associate - Facilities,65437.88,2,3.08,46,Male,African American,2023-07-16,,9.99,7.0,6.0,0,1.15,3+ Years (Tenured),0
2510,Facilities,Associate,Associate - Facilities,52990.61,3,0.19,37,Female,Asian,2025-10-15,2025-12-24,6.0,5.0,5.0,0,0.931,0-1 Year (Onboarding),0
1949,Facilities,Associate,Associate - Facilities,42959.23,3,3.01,37,Other,Asian,2023-08-12,,5.0,6.0,4.0,0,0.755,3+ Years (Tenured),0
544,Facilities,Associate,Associate - Facilities,47769.98,3,1.37,39,Non-Binary,Hispanic,2025-04-01,,5.0,9.0,6.0,0,0.84,1-3 Years (Mid-Tenure),0
3577,Facilities,Associate,Associate - Facilities,60338.59,2,4.68,52,Male,African American,2021-12-11,,7.0,3.0,5.0,0,1.061,3+ Years (Tenured),0
716,Facilities,Associate,Associate - Facilities,41610.96,3,0.63,46,Other,Caucasian,2025-12-28,,5.0,5.0,6.0,0,0.731,0-1 Year (Onboarding),0
1604,Facilities,Associate,Associate - Facilities,49961.08,3,0.18,28,Non-Binary,African American,2026-06-12,,6.0,5.0,9.0,0,0.878,0-1 Year (Onboarding),0
3357,Facilities,Associate,Associate - Facilities,61677.13,5,4.85,43,Female,Two or More,2021-10-09,,1.0,5.0,2.0,0,1.084,3+ Years (Tenured),1
1258,Facilities,Associate,Associate - Facilities,56140.51,3,0.46,39,Female,Hispanic,2026-03-01,,6.0,4.0,5.0,0,0.987,0-1 Year (Onboarding),0
3585,Facilities,Associate,Associate - Facilities,47206.6,3,0.07,44,Male,African American,2026-07-20,,6.0,5.0,5.0,0,0.83,0-1 Year (Onboarding),0
1260,Facilities,Associate,Associate - Facilities,43093.3,5,4.74,45,Female,Asian,2021-11-20,,9.99,7.0,9.0,0,0.757,3+ Years (Tenured),0
22,Facilities,Associate,Associate - Facilities,71044.1,2,4.74,34,Male,African American,2021-11-19,,8.0,4.0,4.0,0,1.249,3+ Years (Tenured),0
3143,Facilities,Associate,Associate - Facilities,47710.24,2,3.43,65,Male,Hispanic,2022-11-24,2026-04-30,9.99,9.99,8.0,1,0.839,3+ Years (Tenured),0
3140,Facilities,Associate,Associate - Facilities,63073.43,3,3.02,33,Male,African American,2023-08-10,,3.0,3.0,7.0,0,1.109,3+ Years (Tenured),0
1964,Facilities,Associate,Associate - Facilities,74237.98,3,4.65,25,Female,Caucasian,2021-12-21,,7.0,3.0,5.0,0,1.305,3+ Years (Tenured),0
853,Facilities,Associate,Associate - Facilities,70295.43,4,2.39,34,Male,African American,2024-03-27,,4.0,4.0,7.0,0,1.236,1-3 Years (Mid-Tenure),1
2467,Facilities,Associate,Associate - Facilities,66777.41,2,1.67,30,Male,Hispanic,2024-12-12,,1.0,5.0,3.0,0,1.174,1-3 Years (Mid-Tenure),0
2461,Facilities,Associate,Associate - Facilities,50732.3,3,0.87,28,Female,Asian,2025-10-01,,3.0,5.0,3.0,0,0.892,0-1 Year (Onboarding),0
3872,Facilities,Associate,Associate - Facilities,55030.86,3,5.08,36,Other,Hispanic,2021-07-19,,8.0,4.0,7.0,0,0.967,3+ Years (Tenured),0
1278,Facilities,Associate,Associate - Facilities,46181.4,2,0.94,29,Other,African American,2025-09-05,,7.0,7.0,9.99,0,0.812,0-1 Year (Onboarding),0
2121,Facilities,Associate,Associate - Facilities,59416.88,3,0.07,40,Male,Hispanic,2026-07-21,,6.0,5.0,5.0,0,1.044,0-1 Year (Onboarding),0
3019,Facilities,Associate,Associate - Facilities,41580.53,2,1.54,23,Female,,2025-01-31,,9.0,6.0,2.0,0,0.731,1-3 Years (Mid-Tenure),0
1477,Facilities,Associate,Associate - Facilities,62717.82,4,0.66,38,Non-Binary,Asian,2022-04-22,2022-12-20,6.0,5.0,5.0,1,1.102,0-1 Year (Onboarding),0
303,Facilities,Associate,Associate - Facilities,43212.82,3,1.25,30,Non-Binary,Caucasian,2024-06-17,2025-09-16,9.99,9.99,9.99,1,0.76,1-3 Years (Mid-Tenure),0
302,Facilities,Associate,Associate - Facilities,43424.85,3,1.94,39,Male,African American,2024-09-06,,9.99,7.0,2.0,0,0.763,1-3 Years (Mid-Tenure),0
4068,Facilities,Associate,Associate - Facilities,66357.7,4,2.17,41,Female,African American,2024-06-14,,4.0,7.0,9.99,0,1.166,1-3 Years (Mid-Tenure),1
2106,Facilities,Associate,Associate - Facilities,48898.46,2,0.1,42,,African American,2025-02-20,2025-03-29,6.0,5.0,5.0,1,0.859,0-1 Year (Onboarding),0
4119,Facilities,Associate,Associate - Facilities,42204.23,3,3.68,38,Non-Binary,Hispanic,2022-12-12,,8.0,4.0,1.0,0,0.742,3+ Years (Tenured),0
3737,Facilities,Associate,Associate - Facilities,64015.01,4,0.16,44,Female,Hispanic,2026-06-17,,6.0,5.0,5.0,0,1.125,0-1 Year (Onboarding),0
479,Facilities,Associate,Associate - Facilities,69393.05,3,0.38,31,Female,Hispanic,2026-03-28,,5.0,9.0,3.0,0,1.22,0-1 Year (Onboarding),0
3036,Facilities,Associate,Associate - Facilities,55081.04,3,2.94,45,Male,,2023-09-08,,7.0,5.0,5.0,0,0.968,1-3 Years (Mid-Tenure),0
1511,Facilities,Associate,Associate - Facilities,67754.23,4,0.51,49,Male,African American,2026-02-11,,6.0,1.0,6.0,0,1.191,0-1 Year (Onboarding),0
3040,Facilities,Associate,Associate - Facilities,66127.8,3,0.25,31,Other,Hispanic,2026-05-16,,6.0,5.0,5.0,0,1.162,0-1 Year (Onboarding),0
919,Facilities,Associate,Associate - Facilities,46824.49,5,3.74,36,Other,Two or More,2022-11-19,,5.0,3.0,5.0,0,0.823,3+ Years (Tenured),0
78,Facilities,Associate,Associate - Facilities,72913.25,4,4.22,32,Other,Asian,2022-05-26,,6.0,6.0,3.0,0,1.282,3+ Years (Tenured),0
4129,Facilities,Associate,Associate - Facilities,42140.1,5,2.43,41,Female,Asian,2024-03-10,,9.0,6.0,9.99,0,0.741,1-3 Years (Mid-Tenure),0
3798,Facilities,Associate,Associate - Facilities,63660.44,4,4.92,50,Female,Two or More,2021-09-13,,8.0,5.0,3.0,0,1.119,3+ Years (Tenured),0
246,Facilities,Associate,Associate - Facilities,62773.07,1,2.12,44,Female,African American,2024-07-03,,5.0,8.0,4.0,0,1.103,1-3 Years (Mid-Tenure),0
2192,Facilities,Associate,Associate - Facilities,73068.55,5,2.55,49,Male,African American,2024-01-28,,6.0,4.0,5.0,0,1.284,1-3 Years (Mid-Tenure),0
291,Facilities,Associate,Associate - Facilities,43284.97,4,3.81,45,Male,Hispanic,2022-10-24,,4.0,6.0,3.0,0,0.761,3+ Years (Tenured),1
1526,Facilities,Associate,Associate - Facilities,66541.46,4,4.21,36,Female,Caucasian,2022-05-31,,5.0,7.0,7.0,0,1.17,3+ Years (Tenured),0
646,Facilities,Associate,Associate - Facilities,67221.42,1,3.78,26,Other,Two or More,2022-11-06,,1.0,2.0,1.0,0,1.182,3+ Years (Tenured),0
4094,Facilities,Associate,Associate - Facilities,66109.35,5,1.2,45,Other,Two or More,2025-06-04,,1.0,1.0,4.0,0,1.162,1-3 Years (Mid-Tenure),1
645,Facilities,Associate,Associate - Facilities,64267.53,3,3.05,42,Other,Asian,2023-07-28,,5.0,6.0,8.0,0,1.13,3+ Years (Tenured),0
644,Facilities,Associate,Associate - Facilities,57037.32,1,1.03,40,Non-Binary,Hispanic,2025-08-03,,7.0,6.0,8.0,0,1.003,1-3 Years (Mid-Tenure),0
2129,Facilities,Associate,Associate - Facilities,71324.48,1,2.82,21,Female,Hispanic,2023-10-19,,4.0,8.0,6.0,0,1.254,1-3 Years (Mid-Tenure),0
2168,Facilities,Associate,Associate - Facilities,55637.74,4,4.64,37,Male,African American,2021-12-24,,3.0,5.0,2.0,0,0.978,3+ Years (Tenured),1
4401,Facilities,Associate,Associate - Facilities,54367.6,2,3.68,21,Female,,2022-12-12,,7.0,6.0,9.0,0,0.956,3+ Years (Tenured),0
642,Facilities,Associate,Associate - Facilities,60206.5,3,1.88,46,Other,,2024-09-27,,7.0,8.0,5.0,0,1.058,1-3 Years (Mid-Tenure),0
2139,Facilities,Associate,Associate - Facilities,54551.83,5,3.65,37,Non-Binary,Hispanic,2022-12-21,,8.0,5.0,6.0,0,0.959,3+ Years (Tenured),0
2297,Facilities,Associate,Associate - Facilities,62518.63,3,1.66,33,Non-Binary,Two or More,2022-08-29,2024-04-26,9.0,7.0,6.0,1,1.099,1-3 Years (Mid-Tenure),0
3835,Facilities,Associate,Associate - Facilities,41789.77,3,2.67,27,Other,Asian,2023-12-16,,4.0,2.0,2.0,0,0.735,1-3 Years (Mid-Tenure),0
3319,Facilities,Associate,Associate - Facilities,54782.43,1,0.22,44,Other,Two or More,2026-05-28,,4.0,3.0,2.0,0,0.963,0-1 Year (Onboarding),0
3675,Facilities,Associate,Associate - Facilities,74373.81,4,4.49,38,Non-Binary,Hispanic,2022-02-19,,6.0,6.0,4.0,0,1.307,3+ Years (Tenured),0
4429,Facilities,Associate,Associate - Facilities,73599.69,2,5.06,45,Non-Binary,Hispanic,2021-07-26,,7.0,9.0,7.0,0,1.294,3+ Years (Tenured),0
2314,Facilities,Associate,Associate - Facilities,68753.39,4,1.43,44,Other,Asian,2025-03-10,,3.0,5.0,1.0,0,1.208,1-3 Years (Mid-Tenure),1
973,Facilities,Associate,Associate - Facilities,59477.08,3,2.25,46,Non-Binary,Asian,2021-09-14,2023-12-13,6.0,5.0,5.0,1,1.045,1-3 Years (Mid-Tenure),0
239,Facilities,Associate,Associate - Facilities,54052.0,3,0.92,41,Other,Caucasian,2025-09-13,,3.0,2.0,7.0,0,0.95,0-1 Year (Onboarding),0
3314,Facilities,Associate,Associate - Facilities,67452.46,3,4.83,47,Non-Binary,Hispanic,2021-10-17,,9.0,9.99,4.0,0,1.186,3+ Years (Tenured),0
669,Facilities,Associate,Associate - Facilities,41861.97,5,2.13,44,Male,African American,2024-06-30,,9.0,9.0,9.99,0,0.736,1-3 Years (Mid-Tenure),0
3690,Facilities,Associate,Associate - Facilities,42586.46,2,2.32,52,Non-Binary,Hispanic,2024-04-22,,2.0,5.0,1.0,0,0.749,1-3 Years (Mid-Tenure),0
452,Facilities,Associate,Associate - Facilities,46390.8,2,2.56,45,Other,African American,2024-01-23,,2.0,5.0,8.0,0,0.815,1-3 Years (Mid-Tenure),0
3693,Facilities,Associate,Associate - Facilities,47135.88,3,1.83,32,Male,African American,2024-10-15,,3.0,3.0,1.0,0,0.829,1-3 Years (Mid-Tenure),0
3823,Facilities,Associate,Associate - Facilities,57292.5,3,1.82,21,Non-Binary,Two or More,2024-10-18,,7.0,3.0,4.0,0,1.007,1-3 Years (Mid-Tenure),0
4149,Facilities,Associate,Associate - Facilities,46152.35,3,3.96,37,Other,Two or More,2022-08-29,,9.0,9.99,6.0,0,0.811,3+ Years (Tenured),0
1087,Facilities,Associate,Associate - Facilities,57261.71,3,0.51,49,Other,Hispanic,2026-02-10,,5.0,4.0,1.0,0,1.006,0-1 Year (Onboarding),0
2074,Facilities,Associate,Associate - Facilities,70262.38,5,2.8,49,Other,Caucasian,2023-10-27,,1.0,4.0,7.0,0,1.235,1-3 Years (Mid-Tenure),1
2291,Facilities,Associate,Associate - Facilities,40478.06,3,1.35,24,Other,Hispanic,2025-04-09,,7.0,5.0,8.0,0,0.711,1-3 Years (Mid-Tenure),0
2075,Facilities,Associate,Associate - Facilities,62266.44,2,4.13,35,Non-Binary,Hispanic,2022-06-30,,6.0,5.0,1.0,0,1.094,3+ Years (Tenured),0
2288,Facilities,Associate,Associate - Facilities,66060.01,4,1.5,33,Female,Two or More,2025-02-14,,3.0,3.0,9.0,0,1.161,1-3 Years (Mid-Tenure),1
958,Facilities,Associate,Associate - Facilities,48565.38,3,1.47,40,Other,Two or More,2023-10-31,2025-04-20,1.0,1.0,1.0,1,0.854,1-3 Years (Mid-Tenure),0
2994,Facilities,Associate,Associate - Facilities,57896.89,5,1.64,28,Other,Asian,2024-12-23,,5.0,8.0,5.0,0,1.018,1-3 Years (Mid-Tenure),0
3003,Facilities,Associate,Associate - Facilities,45120.26,3,2.33,49,Male,African American,2024-04-15,,9.0,8.0,9.99,0,0.793,1-3 Years (Mid-Tenure),0
2286,Facilities,Associate,ASSOCIATE - FACILITIES,45307.58,3,4.96,32,Female,African American,2021-08-30,,9.0,9.0,2.0,0,0.796,3+ Years (Tenured),0
3099,Facilities,Associate,Associate - Facilities,47333.64,3,0.26,60,Other,Hispanic,2026-05-11,,4.0,6.0,3.0,0,0.832,0-1 Year (Onboarding),0
941,Facilities,Associate,Associate - Facilities,54794.37,2,1.79,54,Female,Two or More,2024-11-01,,9.99,7.0,5.0,0,0.963,1-3 Years (Mid-Tenure),0
635,Facilities,Associate,Associate - Facilities,57084.48,4,0.48,25,Female,Hispanic,2025-01-17,2025-07-11,6.0,5.0,5.0,1,1.003,0-1 Year (Onboarding),0
3096,Facilities,Associate,Associate - Facilities,71184.85,2,1.43,35,Non-Binary,Two or More,2023-07-28,2024-12-31,4.0,3.0,1.0,1,1.251,1-3 Years (Mid-Tenure),0
662,Facilities,Associate,Associate - Facilities,74429.36,4,1.04,34,Female,Hispanic,2025-07-30,,8.0,4.0,8.0,0,1.308,1-3 Years (Mid-Tenure),0
4131,Facilities,Associate,Associate - Facilities,54861.25,5,3.17,61,Other,Caucasian,2023-06-15,,7.0,3.0,4.0,0,0.964,3+ Years (Tenured),0
3460,Facilities,Associate,Associate - Facilities,50690.86,1,2.48,26,Female,Asian,2024-02-20,,6.0,4.0,5.0,0,0.891,1-3 Years (Mid-Tenure),0
1883,Facilities,Associate,Associate - Facilities,52658.47,5,0.73,22,Male,Asian,2025-11-22,,9.0,7.0,4.0,0,0.926,0-1 Year (Onboarding),0
2632,Facilities,Associate,Associate - Facilities,43439.87,1,0.61,25,Other,African American,2025-04-05,2025-11-13,6.0,9.99,5.0,1,0.764,0-1 Year (Onboarding),0
2827,Facilities,Associate,Associate - Facilities,53979.16,4,0.75,39,Other,African American,2025-11-13,,6.0,7.0,6.0,0,0.949,0-1 Year (Onboarding),0
1834,Facilities,Associate,Associate - Facilities,59331.39,3,2.34,56,Male,Hispanic,2024-04-13,,6.0,7.0,5.0,0,1.043,1-3 Years (Mid-Tenure),0
2692,Facilities,Associate,Associate - Facilities,60508.39,3,2.01,60,Male,Asian,2024-08-12,,9.99,9.0,8.0,0,1.064,1-3 Years (Mid-Tenure),0
3182,Facilities,Associate,Associate - Facilities,45569.34,3,2.3,37,Non-Binary,Asian,2024-04-26,,5.0,9.0,1.0,0,0.801,1-3 Years (Mid-Tenure),0
356,Facilities,Associate,Associate - Facilities,51644.57,3,0.34,33,Female,Caucasian,2026-04-13,,5.0,5.0,6.0,0,0.908,0-1 Year (Onboarding),0
4265,Facilities,Associate,Associate - Facilities,66403.35,3,3.98,21,Non-Binary,Hispanic,2022-08-23,,8.0,6.0,3.0,0,1.167,3+ Years (Tenured),0
769,Facilities,Associate,Associate - Facilities,51455.62,3,0.88,33,Male,Hispanic,2025-09-26,,8.0,1.0,5.0,0,0.904,0-1 Year (Onboarding),0
1832,Facilities,Associate,Associate - Facilities,63173.07,3,1.92,35,Male,Caucasian,2024-02-26,2026-01-26,9.99,6.0,4.0,1,1.11,1-3 Years (Mid-Tenure),0
1184,Facilities,Associate,Associate - Facilities,51955.13,3,2.99,24,Other,African American,2023-08-19,,4.0,7.0,3.0,0,0.913,1-3 Years (Mid-Tenure),0
592,Facilities,Associate,Associate - Facilities,74587.61,2,3.67,47,Other,Asian,2022-12-16,,7.0,6.0,8.0,0,1.311,3+ Years (Tenured),0
1724,Facilities,Associate,Associate - Facilities,63893.22,3,2.54,49,Non-Binary,Two or More,2024-01-31,,8.0,9.0,5.0,0,1.123,1-3 Years (Mid-Tenure),0
1127,Facilities,Associate,Associate - Facilities,41451.19,3,2.5,48,Non-Binary,Asian,2022-08-25,2025-02-24,5.0,7.0,7.0,1,0.729,1-3 Years (Mid-Tenure),0
1122,Facilities,Associate,Associate - Facilities,42671.65,3,4.5,41,Male,African American,2022-02-13,,8.0,7.0,8.0,0,0.75,3+ Years (Tenured),0
3918,Facilities,Associate,Associate - Facilities,42608.11,3,0.8,48,Non-Binary,Caucasian,2025-10-28,,1.0,1.0,4.0,0,0.749,0-1 Year (Onboarding),0
1198,Facilities,Associate,Associate - Facilities,44859.37,3,0.67,29,Female,Hispanic,2025-10-24,2026-06-26,8.0,3.0,4.0,1,0.788,0-1 Year (Onboarding),0
1718,Facilities,Associate,Associate - Facilities,74618.7,4,0.88,55,Non-Binary,Hispanic,2025-09-26,,6.0,7.0,8.0,0,1.312,0-1 Year (Onboarding),0
3378,Facilities,Associate,Associate - Facilities,41342.31,3,1.38,37,Other,African American,2025-03-29,,5.0,7.0,5.0,0,0.727,1-3 Years (Mid-Tenure),0
829,Facilities,Associate,Associate - Facilities,50599.44,4,4.05,44,Male,Hispanic,2022-07-29,,9.0,6.0,5.0,0,0.889,3+ Years (Tenured),0
1170,Facilities,Associate,Associate - Facilities,47568.11,3,2.1,28,Male,Two or More,2024-07-11,,6.0,7.0,4.0,0,0.836,1-3 Years (Mid-Tenure),0
2670,Facilities,Associate,Associate - Facilities,63204.16,5,3.11,27,Female,Caucasian,2023-07-08,,7.0,4.0,2.0,0,1.111,3+ Years (Tenured),0
3491,Facilities,Associate,Associate - Facilities,43302.97,3,1.35,49,Female,African American,2025-04-08,,6.0,5.0,4.0,0,0.761,1-3 Years (Mid-Tenure),0
3218,Facilities,Associate,Associate - Facilities,47295.75,3,1.44,24,Male,Caucasian,2025-03-09,,6.0,1.0,1.0,0,0.831,1-3 Years (Mid-Tenure),0
2659,Facilities,Associate,Associate - Facilities,54913.12,3,4.18,30,Non-Binary,Hispanic,2022-06-10,,9.0,9.0,9.0,0,0.965,3+ Years (Tenured),0
3487,Facilities,Associate,Associate - Facilities,55801.51,2,1.2,37,Male,Asian,2024-08-20,2025-11-02,2.0,7.0,8.0,1,0.981,1-3 Years (Mid-Tenure),0
204,Facilities,Associate,Associate - Facilities,55654.78,3,2.63,28,Other,Asian,2023-12-28,,9.0,7.0,3.0,0,0.978,1-3 Years (Mid-Tenure),0
596,Facilities,Associate,Associate - Facilities,59016.7,2,1.18,49,Female,,2025-06-09,,1.0,1.0,1.0,0,1.037,1-3 Years (Mid-Tenure),0
3998,Facilities,Associate,Associate - Facilities,57979.29,3,3.56,38,Female,Asian,2023-01-25,,4.0,1.0,4.0,0,1.019,3+ Years (Tenured),0
345,Facilities,Associate,Associate - Facilities,73597.95,3,0.35,46,Female,African American,2022-12-02,2023-04-10,6.0,5.0,5.0,1,1.294,0-1 Year (Onboarding),0
4450,Facilities,Associate,Associate - Facilities,48721.88,5,2.2,59,Male,African American,2024-06-03,,7.0,8.0,9.99,0,0.856,1-3 Years (Mid-Tenure),0
3364,Facilities,Associate,Associate - Facilities,50046.35,3,0.2,21,Other,Caucasian,2026-06-04,,7.0,5.0,4.0,0,0.88,0-1 Year (Onboarding),0
3385,Facilities,Associate,Associate - Facilities,44008.92,4,1.9,58,Female,Asian,2024-09-21,,9.0,7.0,4.0,0,0.774,1-3 Years (Mid-Tenure),0
1877,Facilities,Associate,Associate - Facilities,69646.31,3,1.28,49,Male,Caucasian,2025-05-03,,1.0,4.0,2.0,0,1.224,1-3 Years (Mid-Tenure),0
1836,Facilities,Associate,Associate - Facilities,70147.16,5,1.45,29,Other,African American,2025-03-02,,7.0,4.0,1.0,0,1.233,1-3 Years (Mid-Tenure),0
1048,Facilities,Associate,Associate - Facilities,65011.99,3,4.26,43,Male,Two or More,2022-05-12,,2.0,5.0,6.0,0,1.143,3+ Years (Tenured),0
3506,Facilities,Associate,Associate - Facilities,45727.18,3,1.09,45,Female,Asian,2025-07-13,,8.0,7.0,9.0,0,0.804,1-3 Years (Mid-Tenure),0
3177,Facilities,Associate,Associate - Facilities,59492.09,3,0.08,42,Other,Caucasian,2026-07-15,,6.0,5.0,5.0,0,1.046,0-1 Year (Onboarding),0
3176,Facilities,Associate,Associate - Facilities,63401.81,3,3.14,29,Non-Binary,Hispanic,2023-06-27,,6.0,3.0,6.0,0,1.114,3+ Years (Tenured),0
3509,Facilities,Associate,Associate - Facilities,54264.96,3,3.29,44,Female,Two or More,2023-05-01,,9.99,9.99,7.0,0,0.954,3+ Years (Tenured),0
383,Facilities,Associate,Associate - Facilities,40064.64,4,0.59,45,Male,African American,2026-01-13,,7.0,9.0,9.0,0,0.704,0-1 Year (Onboarding),0
3425,Facilities,Associate,Associate - Facilities,50869.06,3,2.87,44,Other,Asian,2023-10-03,,8.0,5.0,2.0,0,0.894,1-3 Years (Mid-Tenure),0
3540,Facilities,Associate,Associate - Facilities,63960.33,4,3.25,43,Other,Two or More,2023-05-15,,1.0,1.0,1.0,0,1.124,3+ Years (Tenured),1
2578,Facilities,Associate,Associate - Facilities,50634.42,4,2.79,55,Other,Two or More,2023-11-02,,3.0,1.0,2.0,0,0.89,1-3 Years (Mid-Tenure),1
4309,Facilities,Associate,Associate - Facilities,42693.34,3,2.1,21,Female,Asian,2024-07-09,,4.0,5.0,7.0,0,0.75,1-3 Years (Mid-Tenure),0
3538,Facilities,Associate,Associate - Facilities,64171.35,4,0.36,52,Non-Binary,Caucasian,2026-04-06,,6.0,5.0,8.0,0,1.128,0-1 Year (Onboarding),0
1208,Facilities,Associate,Associate - Facilities,61499.83,2,2.35,43,Female,Hispanic,2024-04-10,,9.99,7.0,6.0,0,1.081,1-3 Years (Mid-Tenure),0
1025,Facilities,Associate,Associate - Facilities,74301.77,5,1.06,34,Female,Two or More,2025-07-23,,5.0,5.0,4.0,0,1.306,1-3 Years (Mid-Tenure),0
3437,Facilities,Associate,Associate - Facilities,53699.56,2,4.73,45,Female,Two or More,2021-11-23,,2.0,4.0,3.0,0,0.944,3+ Years (Tenured),0
4310,Facilities,Associate,Associate - Facilities,45242.6,5,1.79,46,Non-Binary,Caucasian,2024-10-30,,7.0,3.0,9.99,0,0.795,1-3 Years (Mid-Tenure),0
4251,Facilities,Associate,Associate - Facilities,60060.81,3,0.29,28,Female,Two or More,2026-05-01,,7.0,2.0,7.0,0,1.056,0-1 Year (Onboarding),0
3962,Facilities,Associate,Associate - Facilities,47734.81,1,1.86,30,Non-Binary,Hispanic,2024-10-04,,1.0,3.0,4.0,0,0.839,1-3 Years (Mid-Tenure),0
3147,Facilities,Associate,Associate - Facilities,44053.78,3,0.95,54,Other,Two or More,2025-09-02,,9.0,2.0,4.0,0,0.774,0-1 Year (Onboarding),0
1702,Facilities,Associate,Associate - Facilities,42283.69,3,3.25,45,Female,Hispanic,2023-05-17,,6.0,4.0,5.0,0,0.743,3+ Years (Tenured),0
577,Facilities,Associate,Associate - Facilities,49267.82,4,1.18,43,Non-Binary,Caucasian,2025-06-11,,3.0,1.0,4.0,0,0.866,1-3 Years (Mid-Tenure),1
3417,Facilities,Associate,Associate - Facilities,61408.72,4,0.79,54,Male,Two or More,2025-10-31,,9.0,6.0,6.0,0,1.079,0-1 Year (Onboarding),0
1215,Facilities,Associate,Associate - Facilities,70841.21,4,4.2,34,Female,Asian,2022-06-05,,5.0,9.0,6.0,0,1.245,3+ Years (Tenured),0
1017,Facilities,Associate,Associate - Facilities,61531.97,4,3.59,47,Non-Binary,Asian,2023-01-13,,3.0,4.0,3.0,0,1.082,3+ Years (Tenured),1
4301,Facilities,Associate,Associate - Facilities,67325.71,3,2.08,39,Male,Asian,2024-07-15,,7.0,9.0,5.0,0,1.183,1-3 Years (Mid-Tenure),0
4300,Facilities,Associate,Associate - Facilities,47479.64,4,0.55,47,Female,Two or More,2026-01-25,,5.0,2.0,6.0,0,0.835,0-1 Year (Onboarding),0
3968,Facilities,Associate,Associate - Facilities,51417.69,4,3.36,42,Female,Two or More,2023-04-07,,8.0,6.0,2.0,0,0.904,3+ Years (Tenured),0
3912,Facilities,Associate,Associate - Facilities,67392.23,3,1.42,56,Female,African American,2025-03-13,,8.0,8.0,7.0,0,1.185,1-3 Years (Mid-Tenure),0
338,Facilities,Associate,Associate - Facilities,69189.65,5,1.84,36,Non-Binary,,2024-10-12,,4.0,1.0,4.0,0,1.216,1-3 Years (Mid-Tenure),1
3377,Facilities,Associate,Associate - Facilities,50520.78,3,0.1,28,,Hispanic,2026-07-09,,6.0,5.0,5.0,0,0.888,0-1 Year (Onboarding),0
397,Facilities,Associate,Associate - Facilities,54573.59,1,1.41,33,Non-Binary,African American,2025-03-18,,9.0,8.0,5.0,0,0.959,1-3 Years (Mid-Tenure),0
4239,Facilities,Associate,Associate - Facilities,69354.73,4,0.59,46,Other,Hispanic,2026-01-12,,1.0,4.0,7.0,0,1.219,0-1 Year (Onboarding),1
2290,Facilities,Domain Director,Domain Director - Facilities,151867.43,4,0.07,39,Other,Two or More,2026-07-19,,6.0,5.0,5.0,0,1.081,0-1 Year (Onboarding),0
1548,Facilities,Domain Director,Domain Director - Facilities,166559.45,3,2.1,57,Female,Hispanic,2024-07-09,,1.0,5.0,6.0,0,1.185,1-3 Years (Mid-Tenure),0
1160,Facilities,Domain Director,Domain Director - Facilities,120723.02,4,4.74,53,Non-Binary,Caucasian,2021-11-18,,2.0,1.0,1.0,0,0.859,3+ Years (Tenured),1
2789,Facilities,Domain Director,Domain Director - Facilities,128326.04,4,3.92,46,Male,Caucasian,2022-09-16,,4.0,1.0,1.0,0,0.913,3+ Years (Tenured),1
4323,Facilities,Domain Director,Domain Director - Facilities,135073.35,3,4.37,53,Non-Binary,Two or More,2022-04-02,,2.0,1.0,4.0,0,0.961,3+ Years (Tenured),0
1931,Facilities,Manager,Manager - Facilities,78761.3,4,2.37,52,Male,African American,2024-04-01,,9.99,9.99,6.0,0,0.95,1-3 Years (Mid-Tenure),0
1876,Facilities,Manager,Manager - Facilities,88997.97,3,1.86,41,Non-Binary,Asian,2024-03-23,2026-02-01,9.99,9.99,8.0,1,1.073,1-3 Years (Mid-Tenure),0
2611,Facilities,Manager,Manager - Facilities,94125.7,5,0.7,22,Other,Hispanic,2025-12-04,,1.0,2.0,3.0,0,1.135,0-1 Year (Onboarding),1
4371,Facilities,Manager,Manager - Facilities,72840.41,3,0.04,35,Male,Hispanic,2026-07-31,,6.0,5.0,5.0,0,0.878,0-1 Year (Onboarding),0
1863,Facilities,Manager,Manager - Facilities,80001.35,2,1.39,45,Female,Asian,2025-03-27,,7.0,3.0,3.0,0,0.965,1-3 Years (Mid-Tenure),0
2309,Facilities,Supervisor/Lead,Supervisor/Lead - Facilities,59836.53,3,1.28,33,Other,African American,2025-05-06,,7.0,4.0,5.0,0,0.833,1-3 Years (Mid-Tenure),0
207,Facilities,Supervisor/Lead,Supervisor/Lead - Facilities,88262.29,3,1.57,26,Male,Hispanic,2023-05-13,2024-12-05,9.99,9.0,8.0,1,1.229,1-3 Years (Mid-Tenure),0
3691,Facilities,Supervisor/Lead,Supervisor/Lead - Facilities,60656.8,3,3.75,42,Other,African American,2022-11-16,,2.0,1.0,2.0,0,0.845,3+ Years (Tenured),0
2673,Facilities,Supervisor/Lead,Supervisor/Lead - Facilities,89513.26,3,3.57,28,Male,African American,2023-01-19,,6.0,9.99,9.99,0,1.247,3+ Years (Tenured),0
3825,Facilities,Supervisor/Lead,Supervisor/Lead - Facilities,68129.36,5,3.52,38,Male,Asian,2023-02-09,,3.0,7.0,5.0,0,0.949,3+ Years (Tenured),1
3694,Facilities,Supervisor/Lead,Supervisor/Lead - Facilities,70037.07,1,1.06,36,Non-Binary,Two or More,2025-07-24,,5.0,8.0,7.0,0,0.975,1-3 Years (Mid-Tenure),0
2137,Facilities,Supervisor/Lead,Supervisor/Lead - Facilities,61508.86,3,4.19,32,Female,Asian,2022-06-06,,4.0,2.0,2.0,0,0.857,3+ Years (Tenured),0
2671,Facilities,Supervisor/Lead,Supervisor/Lead - Facilities,80452.11,4,0.67,44,Male,African American,2025-12-12,,8.0,3.0,7.0,0,1.12,0-1 Year (Onboarding),0
215,Facilities,Supervisor/Lead,Supervisor/Lead - Facilities,79128.86,4,3.19,33,Female,Two or More,2022-12-04,2026-02-10,4.0,5.0,2.0,1,1.102,3+ Years (Tenured),1
1486,Facilities,Supervisor/Lead,Supervisor/Lead - Facilities,58328.49,2,0.85,24,,Asian,2025-10-07,,7.0,5.0,9.0,0,0.812,0-1 Year (Onboarding),0
1495,Facilities,Supervisor/Lead,Supervisor/Lead - Facilities,70763.56,4,3.53,32,Female,Hispanic,2022-06-16,2025-12-25,7.0,5.0,7.0,1,0.985,3+ Years (Tenured),0
874,Facilities,Supervisor/Lead,Supervisor/Lead - Facilities,61327.53,3,4.23,38,Female,Two or More,2022-05-24,,7.0,9.0,5.0,0,0.854,3+ Years (Tenured),0
640,Facilities,Supervisor/Lead,Supervisor/Lead - Facilities,58254.67,4,1.85,57,Non-Binary,Caucasian,2024-10-10,,9.0,9.99,9.99,0,0.811,1-3 Years (Mid-Tenure),0
1578,Facilities,Supervisor/Lead,Supervisor/Lead - Facilities,55506.86,1,2.3,27,Male,Asian,2024-04-29,,6.0,5.0,6.0,0,0.773,1-3 Years (Mid-Tenure),0
962,Facilities,Supervisor/Lead,Supervisor/Lead - Facilities,77184.18,1,3.22,29,Non-Binary,Asian,2023-02-02,2026-04-24,2.0,1.0,1.0,1,1.075,3+ Years (Tenured),0
3263,Facilities,Supervisor/Lead,Supervisor/Lead - Facilities,60029.13,3,0.99,32,Other,Hispanic,2025-08-20,,7.0,6.0,7.0,0,0.836,0-1 Year (Onboarding),0
808,Facilities,Supervisor/Lead,Supervisor/Lead - Facilities,74820.19,3,4.41,50,Female,Hispanic,2022-03-07,2026-08-03,9.99,8.0,6.0,1,1.042,3+ Years (Tenured),0
1146,Facilities,Supervisor/Lead,Supervisor/Lead - Facilities,69761.74,4,2.43,56,Female,Two or More,2021-11-18,2024-04-23,6.0,5.0,5.0,1,0.972,1-3 Years (Mid-Tenure),0
1592,Facilities,Supervisor/Lead,Supervisor/Lead - Facilities,71047.88,1,1.03,34,,Asian,2025-08-05,,5.0,6.0,5.0,0,0.989,1-3 Years (Mid-Tenure),0
3955,Facilities,Supervisor/Lead,Supervisor/Lead - Facilities,55937.15,1,1.98,36,Other,Caucasian,2024-08-21,,1.0,2.0,2.0,0,0.779,1-3 Years (Mid-Tenure),0
3720,Facilities,Supervisor/Lead,Supervisor/Lead - Facilities,58674.48,3,3.99,37,Female,Hispanic,2022-08-18,,6.0,3.0,5.0,0,0.817,3+ Years (Tenured),0
2758,Facilities,Supervisor/Lead,Supervisor/Lead - Facilities,71095.87,2,2.57,35,Male,Two or More,2024-01-20,,1.0,2.0,5.0,0,0.99,1-3 Years (Mid-Tenure),0
2123,Facilities,Supervisor/Lead,Supervisor/Lead - Facilities,87469.2,2,1.3,48,Other,Asian,2025-04-26,,9.0,9.0,9.99,0,1.218,1-3 Years (Mid-Tenure),0
4407,Facilities,Supervisor/Lead,Supervisor/Lead - Facilities,59035.34,3,0.83,40,Female,Hispanic,2025-10-17,,4.0,4.0,4.0,0,0.822,0-1 Year (Onboarding),0
2169,Facilities,Supervisor/Lead,Supervisor/Lead - Facilities,83667.95,5,2.72,41,Non-Binary,Two or More,2021-09-17,2024-06-04,4.0,5.0,1.0,1,1.165,1-3 Years (Mid-Tenure),1
2198,Facilities,Supervisor/Lead,Supervisor/Lead - Facilities,68293.87,3,3.25,27,Male,Asian,2023-05-15,,5.0,3.0,5.0,0,0.951,3+ Years (Tenured),0
3084,Facilities,Supervisor/Lead,Supervisor/Lead - Facilities,85025.85,4,1.35,45,Non-Binary,Asian,2025-04-10,,9.0,8.0,9.99,0,1.184,1-3 Years (Mid-Tenure),0
67,Facilities,Supervisor/Lead,Supervisor/Lead - Facilities,73196.32,4,1.84,48,Non-Binary,African American,2023-02-08,2024-12-11,5.0,2.0,5.0,1,1.019,1-3 Years (Mid-Tenure),0
1442,Facilities,Supervisor/Lead,Supervisor/Lead - Facilities,75700.55,4,1.32,26,Non-Binary,Hispanic,2025-04-20,,8.0,8.0,6.0,0,1.054,1-3 Years (Mid-Tenure),0
4332,Facilities,Supervisor/Lead,Supervisor/Lead - Facilities,83218.9,2,3.38,32,Female,Two or More,2023-04-01,,4.0,6.0,5.0,0,1.159,3+ Years (Tenured),0
3440,Facilities,Supervisor/Lead,Supervisor/Lead - Facilities,85374.94,1,2.75,21,Male,African American,2023-11-15,,8.0,7.0,2.0,0,1.189,1-3 Years (Mid-Tenure),0
2323,Facilities,Supervisor/Lead,Supervisor/Lead - Facilities,84011.93,2,3.8,29,Other,African American,2022-10-28,,5.0,1.0,4.0,0,1.17,3+ Years (Tenured),0
4196,Facilities,Supervisor/Lead,Supervisor/Lead - Facilities,58237.48,4,3.96,55,Other,African American,2022-08-29,,2.0,5.0,8.0,0,0.811,3+ Years (Tenured),1
170,Facilities,Supervisor/Lead,Supervisor/Lead - Facilities,88269.6,3,1.33,54,Male,,2025-04-17,,9.0,8.0,9.0,0,1.229,1-3 Years (Mid-Tenure),0
3338,Facilities,Supervisor/Lead,Supervisor/Lead - Facilities,59720.91,2,1.84,44,,Caucasian,2024-10-13,,7.0,6.0,7.0,0,0.832,1-3 Years (Mid-Tenure),0
3386,Facilities,Supervisor/Lead,Supervisor/Lead - Facilities,68409.52,5,2.47,60,Female,Hispanic,2024-02-26,,7.0,6.0,5.0,0,0.953,1-3 Years (Mid-Tenure),0
3342,Facilities,Supervisor/Lead,Supervisor/Lead - Facilities,60454.62,3,1.48,54,Male,,2025-02-21,,3.0,8.0,9.0,0,0.842,1-3 Years (Mid-Tenure),0
4447,Facilities,Supervisor/Lead,Supervisor/Lead - Facilities,80115.53,4,1.76,30,Female,African American,2024-11-12,,9.0,5.0,5.0,0,1.116,1-3 Years (Mid-Tenure),0
3325,Facilities,Supervisor/Lead,Supervisor/Lead - Facilities,58723.48,4,4.61,40,Other,African American,2022-01-05,,7.0,4.0,5.0,0,0.818,3+ Years (Tenured),0
1965,Facilities,Supervisor/Lead,Supervisor/Lead - Facilities,86905.92,4,4.76,33,Male,Caucasian,2021-11-12,,5.0,8.0,6.0,0,1.21,3+ Years (Tenured),0
4217,Facilities,Supervisor/Lead,Supervisor/Lead - Facilities,79030.6,4,4.76,33,Other,African American,2021-11-13,,8.0,6.0,5.0,0,1.101,3+ Years (Tenured),0
850,Facilities,Supervisor/Lead,Supervisor/Lead - Facilities,82817.34,4,0.28,52,Non-Binary,Hispanic,2026-05-04,,8.0,7.0,9.0,0,1.153,0-1 Year (Onboarding),0
866,Facilities,Supervisor/Lead,Supervisor/Lead - Facilities,78193.24,2,3.28,41,Non-Binary,African American,2023-05-07,,6.0,7.0,9.99,0,1.089,3+ Years (Tenured),0
2045,Facilities,Supervisor/Lead,Supervisor/Lead - Facilities,81502.03,3,2.4,53,Male,Hispanic,2023-09-24,2026-02-17,8.0,7.0,6.0,1,1.135,1-3 Years (Mid-Tenure),0
1692,Facilities,Supervisor/Lead,Supervisor/Lead - Facilities,72093.87,4,0.11,51,Female,Hispanic,2026-07-05,,6.0,5.0,5.0,0,1.004,0-1 Year (Onboarding),0
3240,Facilities,Supervisor/Lead,Supervisor/Lead - Facilities,72829.25,3,2.82,46,Non-Binary,African American,2023-10-22,,7.0,5.0,1.0,0,1.014,1-3 Years (Mid-Tenure),0
4247,Facilities,Supervisor/Lead,Supervisor/Lead - Facilities,73214.7,3,2.78,34,Male,Caucasian,2023-09-12,2026-06-22,7.0,9.99,4.0,1,1.02,1-3 Years (Mid-Tenure),0
739,Facilities,Supervisor/Lead,Supervisor/Lead - Facilities,82834.74,3,2.84,42,Other,Hispanic,2023-10-15,,7.0,2.0,3.0,0,1.154,1-3 Years (Mid-Tenure),0
2900,Facilities,Supervisor/Lead,Supervisor/Lead - Facilities,73254.73,3,0.32,29,Male,African American,2026-04-22,,9.99,9.99,9.0,0,1.02,0-1 Year (Onboarding),0
1395,Facilities,Supervisor/Lead,Supervisor/Lead - Facilities,60613.41,3,4.38,42,Male,Asian,2022-04-01,,8.0,8.0,9.99,0,0.844,3+ Years (Tenured),0
1699,Facilities,Supervisor/Lead,Supervisor/Lead - Facilities,65254.81,5,0.71,58,Non-Binary,African American,2025-11-30,,9.0,8.0,5.0,0,0.909,0-1 Year (Onboarding),0
1216,Facilities,Supervisor/Lead,Supervisor/Lead - Facilities,63998.18,1,3.53,46,Other,Caucasian,2021-07-11,2025-01-21,6.0,2.0,9.99,1,0.891,3+ Years (Tenured),0
3563,Facilities,Supervisor/Lead,Supervisor/Lead - Facilities,74113.83,3,5.03,23,Other,,2021-08-04,,6.0,9.0,7.0,0,1.032,3+ Years (Tenured),0
1829,Corporate Strategy,Assistant Manager,Assistant Manager - Corporate Strategy,71008.69,3,2.64,44,Male,Asian,2023-12-26,,8.0,5.0,6.0,0,0.916,1-3 Years (Mid-Tenure),0
4236,Corporate Strategy,Assistant Manager,Assistant Manager - Corporate Strategy,94999.93,4,3.35,23,Male,Caucasian,2023-04-11,,7.0,9.0,6.0,0,1.226,3+ Years (Tenured),0
1989,Corporate Strategy,Assistant Manager,Assistant Manager - Corporate Strategy,67504.8,4,0.41,52,Other,Hispanic,2026-03-17,,6.0,3.0,6.0,0,0.871,0-1 Year (Onboarding),0
1144,Corporate Strategy,Assistant Manager,Assistant Manager - Corporate Strategy,81555.67,4,4.99,36,Female,Hispanic,2021-08-21,,6.0,6.0,3.0,0,1.052,3+ Years (Tenured),0
4347,Corporate Strategy,Assistant Manager,Assistant Manager - Corporate Strategy,67412.68,2,2.36,39,Non-Binary,African American,2023-07-08,2025-11-17,6.0,6.0,5.0,1,0.87,1-3 Years (Mid-Tenure),0
628,Corporate Strategy,Assistant Manager,Assistant Manager - Corporate Strategy,82473.84,3,0.47,53,Other,Caucasian,2026-02-24,,4.0,5.0,5.0,0,1.064,0-1 Year (Onboarding),0
4453,Corporate Strategy,Associate,Associate - Corporate Strategy,66934.54,2,1.19,46,Male,Hispanic,2025-06-08,,3.0,2.0,1.0,0,1.185,1-3 Years (Mid-Tenure),0
4444,Corporate Strategy,Associate,Associate - Corporate Strategy,64013.1,4,4.93,52,Female,African American,2021-09-11,,8.0,5.0,9.99,0,1.133,3+ Years (Tenured),0
2124,Corporate Strategy,Associate,Associate - Corporate Strategy,50294.95,3,2.01,25,Non-Binary,African American,2024-08-11,,5.0,1.0,1.0,0,0.89,1-3 Years (Mid-Tenure),0
597,Corporate Strategy,Associate,Associate - Corporate Strategy,67228.95,4,4.6,35,Male,Asian,2022-01-08,,6.0,4.0,2.0,0,1.19,3+ Years (Tenured),0
1907,Corporate Strategy,Associate,Associate - Corporate Strategy,64361.23,4,1.1,46,Male,African American,2025-07-10,,7.0,9.0,5.0,0,1.139,1-3 Years (Mid-Tenure),0
1675,Corporate Strategy,Associate,Associate - Corporate Strategy,43318.38,3,4.38,48,Other,Hispanic,2022-03-30,,1.0,1.0,8.0,0,0.767,3+ Years (Tenured),0
586,Corporate Strategy,Associate,Associate - Corporate Strategy,63199.46,3,1.47,39,Non-Binary,African American,2023-11-09,2025-04-30,9.99,4.0,5.0,1,1.119,1-3 Years (Mid-Tenure),0
3796,Corporate Strategy,Associate,Associate - Corporate Strategy,60836.84,5,4.93,24,Other,Asian,2021-09-11,,4.0,1.0,5.0,0,1.077,3+ Years (Tenured),1
275,Corporate Strategy,Associate,Associate - Corporate Strategy,49715.83,2,0.64,25,Male,Asian,2024-11-10,2025-07-01,6.0,5.0,5.0,1,0.88,0-1 Year (Onboarding),0
3996,Corporate Strategy,Associate,Associate - Corporate Strategy,40604.91,4,0.59,55,Female,Two or More,2023-10-26,2024-05-30,6.0,9.99,7.0,1,0.719,0-1 Year (Onboarding),0
101,Corporate Strategy,Associate,Associate - Corporate Strategy,43039.16,3,3.66,26,Female,Asian,2022-12-17,,9.0,5.0,4.0,0,0.762,3+ Years (Tenured),0
3958,Corporate Strategy,Associate,Associate - Corporate Strategy,52202.68,5,1.02,25,,Caucasian,2025-08-08,,7.0,8.0,1.0,0,0.924,1-3 Years (Mid-Tenure),0
3991,Corporate Strategy,Associate,Associate - Corporate Strategy,42848.93,5,4.03,21,Other,African American,2022-08-04,,7.0,7.0,5.0,0,0.759,3+ Years (Tenured),0
502,Corporate Strategy,Associate,Associate - Corporate Strategy,59144.29,4,0.49,43,,Asian,2026-02-18,,6.0,4.0,9.0,0,1.047,0-1 Year (Onboarding),0
2117,Corporate Strategy,Associate,Associate - Corporate Strategy,48920.35,2,0.2,40,Male,African American,2026-06-02,,6.0,5.0,5.0,0,0.866,0-1 Year (Onboarding),0
4043,Corporate Strategy,Associate,Associate - Corporate Strategy,57299.51,2,3.46,47,Female,Asian,2023-03-02,,1.0,5.0,8.0,0,1.014,3+ Years (Tenured),0
1572,Corporate Strategy,Associate,Associate - Corporate Strategy,67138.12,4,3.68,39,Male,African American,2022-12-12,,5.0,5.0,1.0,0,1.189,3+ Years (Tenured),0
2133,Corporate Strategy,Associate,Associate - Corporate Strategy,54904.76,4,0.56,43,Male,Caucasian,2026-01-23,,7.0,6.0,9.0,0,0.972,0-1 Year (Onboarding),0
868,Corporate Strategy,Associate,Associate - Corporate Strategy,41836.62,3,0.82,41,Male,Hispanic,2025-10-21,,1.0,2.0,2.0,0,0.741,0-1 Year (Onboarding),0
1423,Corporate Strategy,Associate,Associate - Corporate Strategy,44585.53,4,0.94,31,Male,Hispanic,2025-09-06,,6.0,8.0,2.0,0,0.789,0-1 Year (Onboarding),0
3080,Corporate Strategy,Associate,Associate - Corporate Strategy,50352.65,3,2.76,27,Male,Asian,2023-11-10,,8.0,5.0,4.0,0,0.891,1-3 Years (Mid-Tenure),0
2053,Corporate Strategy,Associate,Associate - Corporate Strategy,44265.16,3,4.85,54,Other,Hispanic,2021-10-08,,7.0,4.0,5.0,0,0.784,3+ Years (Tenured),0
1933,Corporate Strategy,Associate,Associate - Corporate Strategy,54266.68,4,2.35,30,Other,Caucasian,2023-03-18,2025-07-24,9.99,8.0,9.99,1,0.961,1-3 Years (Mid-Tenure),0
2135,Corporate Strategy,Associate,Associate - Corporate Strategy,64830.82,3,1.98,43,Female,African American,2024-01-13,2026-01-05,4.0,7.0,4.0,1,1.148,1-3 Years (Mid-Tenure),0
518,Corporate Strategy,Associate,Associate - Corporate Strategy,63380.03,1,4.49,39,Female,Caucasian,2022-02-17,,7.0,3.0,7.0,0,1.122,3+ Years (Tenured),0
1697,Corporate Strategy,Associate,Associate - Corporate Strategy,46508.92,3,4.45,27,Non-Binary,African American,2022-03-03,,9.99,4.0,6.0,0,0.823,3+ Years (Tenured),0
626,Corporate Strategy,Associate,Associate - Corporate Strategy,69327.49,4,1.85,46,Male,Two or More,2024-05-03,2026-03-10,6.0,2.0,1.0,1,1.227,1-3 Years (Mid-Tenure),0
3208,Corporate Strategy,Associate,Associate - Corporate Strategy,71438.51,3,3.37,51,Female,Asian,2023-04-02,,7.0,5.0,5.0,0,1.265,3+ Years (Tenured),0
1925,Corporate Strategy,Associate,Associate - Corporate Strategy,51032.66,4,1.89,21,Male,Two or More,2024-09-23,,2.0,6.0,2.0,0,0.903,1-3 Years (Mid-Tenure),1
2068,Corporate Strategy,Associate,Associate - Corporate Strategy,53004.94,3,5.11,38,Female,Asian,2021-07-06,,5.0,2.0,4.0,0,0.938,3+ Years (Tenured),0
1920,Corporate Strategy,Associate,Associate - Corporate Strategy,47599.19,5,1.44,48,Other,Caucasian,2025-03-07,,4.0,5.0,2.0,0,0.843,1-3 Years (Mid-Tenure),1
4418,Corporate Strategy,Associate,Associate - Corporate Strategy,68286.88,3,1.95,21,Male,Asian,2024-09-01,,4.0,5.0,6.0,0,1.209,1-3 Years (Mid-Tenure),0
3970,Corporate Strategy,Associate,Associate - Corporate Strategy,62951.38,1,2.46,38,Male,African American,2024-03-01,,8.0,1.0,3.0,0,1.114,1-3 Years (Mid-Tenure),0
4442,Corporate Strategy,Associate,Associate - Corporate Strategy,61021.8,3,1.13,59,Male,Hispanic,2025-06-30,,9.0,5.0,3.0,0,1.08,1-3 Years (Mid-Tenure),0
1802,Corporate Strategy,Associate,Associate - Corporate Strategy,67160.11,3,1.4,28,Female,Asian,2023-05-14,2024-10-05,4.0,6.0,1.0,1,1.189,1-3 Years (Mid-Tenure),0
1891,Corporate Strategy,Associate,Associate - Corporate Strategy,60894.56,5,0.28,25,Male,African American,2026-05-04,,8.0,8.0,6.0,0,1.078,0-1 Year (Onboarding),0
3990,Corporate Strategy,Associate,Associate - Corporate Strategy,56981.13,5,4.76,40,Male,Caucasian,2021-11-11,,4.0,3.0,2.0,0,1.009,3+ Years (Tenured),1
2021,Corporate Strategy,Associate,Associate - Corporate Strategy,48814.26,4,3.89,44,Other,Asian,2022-09-26,,1.0,4.0,7.0,0,0.864,3+ Years (Tenured),1
1828,Corporate Strategy,Associate,Associate - Corporate Strategy,72712.7,4,4.9,57,Other,African American,2021-09-22,,4.0,3.0,1.0,0,1.287,3+ Years (Tenured),1
3849,Corporate Strategy,Associate,Associate - Corporate Strategy,41700.4,3,4.44,47,Non-Binary,Caucasian,2022-03-10,,2.0,5.0,6.0,0,0.738,3+ Years (Tenured),0
860,Corporate Strategy,Associate,Associate - Corporate Strategy,53348.4,3,1.26,35,Female,African American,2022-07-23,2023-10-27,6.0,5.0,5.0,1,0.944,1-3 Years (Mid-Tenure),0
2018,Corporate Strategy,Associate,Associate - Corporate Strategy,62873.31,3,0.28,28,Other,Caucasian,2024-08-02,2024-11-13,6.0,5.0,5.0,1,1.113,0-1 Year (Onboarding),0
285,Corporate Strategy,Associate,Associate - Corporate Strategy,56016.55,2,2.19,41,Other,Asian,2024-06-05,,7.0,9.0,4.0,0,0.992,1-3 Years (Mid-Tenure),0
279,Corporate Strategy,Associate,Associate - Corporate Strategy,42121.07,3,2.99,51,Male,Caucasian,2023-08-20,,1.0,5.0,2.0,0,0.746,1-3 Years (Mid-Tenure),0
2101,Corporate Strategy,Associate,Associate - Corporate Strategy,65631.92,3,0.98,29,Female,Two or More,2021-08-23,2022-08-16,6.0,5.0,5.0,1,1.162,0-1 Year (Onboarding),0
3249,Corporate Strategy,Associate,Associate - Corporate Strategy,49620.62,3,3.87,34,Non-Binary,African American,2022-10-03,,5.0,9.0,8.0,0,0.878,3+ Years (Tenured),0
3175,Corporate Strategy,Associate,Associate - Corporate Strategy,46147.51,4,2.63,53,Non-Binary,Hispanic,2023-12-30,,8.0,3.0,3.0,0,0.817,1-3 Years (Mid-Tenure),0
3925,Corporate Strategy,Associate,Associate - Corporate Strategy,50542.3,3,0.84,34,Female,Two or More,2025-10-11,,1.0,1.0,2.0,0,0.895,0-1 Year (Onboarding),0
1596,Corporate Strategy,Associate,Associate - Corporate Strategy,66239.12,4,0.29,45,Non-Binary,Asian,2026-04-30,,9.99,7.0,5.0,0,1.173,0-1 Year (Onboarding),0
1634,Corporate Strategy,Associate,Associate - Corporate Strategy,73903.34,2,1.07,47,Other,Caucasian,2025-07-20,,6.0,5.0,6.0,0,1.308,1-3 Years (Mid-Tenure),0
3946,Corporate Strategy,Associate,Associate - Corporate Strategy,43220.3,4,2.99,48,Other,Caucasian,2023-08-19,,3.0,2.0,5.0,0,0.765,1-3 Years (Mid-Tenure),1
532,Corporate Strategy,Associate,Associate - Corporate Strategy,60010.83,3,1.25,39,Non-Binary,African American,2025-05-15,,2.0,2.0,4.0,0,1.062,1-3 Years (Mid-Tenure),0
94,Corporate Strategy,Associate,Associate - Corporate Strategy,52021.31,1,0.85,48,Non-Binary,Hispanic,2025-10-10,,6.0,5.0,5.0,0,0.921,0-1 Year (Onboarding),0
4452,Corporate Strategy,Associate,Associate - Corporate Strategy,53869.81,5,0.07,46,Female,Caucasian,2026-07-21,,6.0,5.0,5.0,0,0.954,0-1 Year (Onboarding),0
814,Corporate Strategy,Associate,Associate - Corporate Strategy,41004.17,3,2.17,45,Other,Asian,2024-06-13,,9.99,9.0,8.0,0,0.726,1-3 Years (Mid-Tenure),0
4073,Corporate Strategy,Associate,Associate - Corporate Strategy,66233.73,3,1.46,43,Non-Binary,African American,2025-03-01,,8.0,9.99,4.0,0,1.173,1-3 Years (Mid-Tenure),0
3198,Corporate Strategy,Associate,Associate - Corporate Strategy,72428.75,3,0.45,51,Male,African American,2023-05-17,2023-10-28,6.0,5.0,5.0,1,1.282,0-1 Year (Onboarding),0
286,Corporate Strategy,Associate,Associate - Corporate Strategy,42608.49,2,1.06,38,Female,Hispanic,2025-07-25,,9.99,4.0,8.0,0,0.754,1-3 Years (Mid-Tenure),0
3913,Corporate Strategy,Associate,Associate - Corporate Strategy,56827.7,2,2.81,52,Other,Asian,2023-10-26,,2.0,2.0,9.0,0,1.006,1-3 Years (Mid-Tenure),0
3230,Corporate Strategy,Associate,Associate - Corporate Strategy,69797.04,4,3.21,36,Non-Binary,African American,2023-06-02,,6.0,5.0,1.0,0,1.236,3+ Years (Tenured),0
1847,Corporate Strategy,Associate,Associate - Corporate Strategy,51794.5,3,3.31,55,Non-Binary,Caucasian,2023-04-25,,7.0,7.0,5.0,0,0.917,3+ Years (Tenured),0
1657,Corporate Strategy,Associate,Associate - Corporate Strategy,72406.19,5,3.35,41,Male,Caucasian,2023-04-12,,9.0,9.99,9.0,0,1.282,3+ Years (Tenured),0
610,Corporate Strategy,Associate,Associate - Corporate Strategy,52999.87,5,1.25,45,Female,African American,2025-05-15,,5.0,5.0,4.0,0,0.938,1-3 Years (Mid-Tenure),0
1655,Corporate Strategy,Associate,Associate - Corporate Strategy,52982.89,5,3.98,31,Male,African American,2022-08-24,,1.0,4.0,1.0,0,0.938,3+ Years (Tenured),1
4028,Corporate Strategy,Associate,Associate - Corporate Strategy,50902.83,4,4.4,54,Other,Hispanic,2022-03-24,,5.0,8.0,4.0,0,0.901,3+ Years (Tenured),0
4001,Corporate Strategy,Associate,Associate - Corporate Strategy,68016.29,3,0.91,66,Non-Binary,Hispanic,2023-01-29,2023-12-26,6.0,5.0,5.0,1,1.204,0-1 Year (Onboarding),0
3844,Corporate Strategy,Associate,Associate - Corporate Strategy,57280.18,3,2.38,35,Other,Hispanic,2024-03-30,,3.0,1.0,7.0,0,1.014,1-3 Years (Mid-Tenure),0
4029,Corporate Strategy,Associate,Associate - Corporate Strategy,74657.95,5,0.63,42,Male,African American,2025-12-28,,8.0,4.0,9.99,0,1.322,0-1 Year (Onboarding),0
3186,Corporate Strategy,Associate,Associate - Corporate Strategy,46828.46,2,3.44,42,Other,Two or More,2023-03-07,,6.0,4.0,5.0,0,0.829,3+ Years (Tenured),0
3090,Corporate Strategy,Associate,Associate - Corporate Strategy,40474.9,3,0.66,42,Male,Caucasian,2025-02-21,2025-10-19,1.0,1.0,3.0,1,0.717,0-1 Year (Onboarding),0
4353,Corporate Strategy,Associate,Associate - Corporate Strategy,41178.99,5,4.32,29,Other,Two or More,2022-04-23,,8.0,7.0,4.0,0,0.729,3+ Years (Tenured),0
717,Corporate Strategy,Associate,Associate - Corporate Strategy,72325.83,3,4.25,57,Other,Caucasian,2022-05-17,,9.0,3.0,4.0,0,1.28,3+ Years (Tenured),0
2896,Corporate Strategy,Associate,Associate - Corporate Strategy,63998.49,4,1.67,41,Other,Asian,2024-12-12,,4.0,3.0,3.0,0,1.133,1-3 Years (Mid-Tenure),1
1252,Corporate Strategy,Associate,Associate - Corporate Strategy,43312.14,3,4.99,43,Non-Binary,Hispanic,2021-08-19,,5.0,7.0,1.0,0,0.767,3+ Years (Tenured),0
2895,Corporate Strategy,Associate,Associate - Corporate Strategy,53012.37,3,3.35,22,Other,Hispanic,2023-04-09,,8.0,5.0,9.99,0,0.938,3+ Years (Tenured),0
3368,Corporate Strategy,Associate,Associate - Corporate Strategy,53237.97,4,4.32,21,Other,Asian,2022-04-22,,7.0,9.99,6.0,0,0.942,3+ Years (Tenured),0
729,Corporate Strategy,Associate,Associate - Corporate Strategy,68491.96,2,0.87,31,Other,Asian,2024-07-10,2025-05-22,3.0,5.0,4.0,1,1.212,0-1 Year (Onboarding),0
2883,Corporate Strategy,Associate,Associate - Corporate Strategy,74499.54,2,4.19,24,Female,African American,2022-06-09,,3.0,6.0,2.0,0,1.319,3+ Years (Tenured),0
3370,Corporate Strategy,Associate,Associate - Corporate Strategy,40121.07,3,4.64,21,Non-Binary,Asian,2021-12-26,,8.0,9.99,6.0,0,0.71,3+ Years (Tenured),0
2574,Corporate Strategy,Associate,Associate - Corporate Strategy,68456.47,5,1.93,45,Female,Asian,2024-09-09,,4.0,8.0,1.0,0,1.212,1-3 Years (Mid-Tenure),1
2899,Corporate Strategy,Associate,Associate - Corporate Strategy,40541.18,2,2.03,65,Female,Hispanic,2024-08-03,,7.0,5.0,8.0,0,0.718,1-3 Years (Mid-Tenure),0
2881,Corporate Strategy,Associate,Associate - Corporate Strategy,55229.56,4,3.91,34,Non-Binary,Asian,2022-09-19,,6.0,1.0,9.0,0,0.978,3+ Years (Tenured),0
3543,Corporate Strategy,Associate,Associate - Corporate Strategy,74646.9,3,4.46,38,Non-Binary,Asian,2022-03-02,,7.0,5.0,4.0,0,1.321,3+ Years (Tenured),0
1204,Corporate Strategy,Associate,Associate - Corporate Strategy,46892.51,3,1.08,41,Female,Caucasian,2023-10-05,2024-11-04,6.0,8.0,6.0,1,0.83,1-3 Years (Mid-Tenure),0
3534,Corporate Strategy,Associate,Associate - Corporate Strategy,67221.79,4,1.62,39,Other,African American,2024-12-31,,9.0,6.0,4.0,0,1.19,1-3 Years (Mid-Tenure),0
1201,Corporate Strategy,Associate,Associate - Corporate Strategy,72183.75,3,0.75,30,Other,Hispanic,2025-11-16,,9.99,8.0,9.99,0,1.278,0-1 Year (Onboarding),0
1200,Corporate Strategy,Associate,Associate - Corporate Strategy,64095.96,4,1.52,40,Female,Hispanic,2023-11-12,2025-05-18,1.0,1.0,4.0,1,1.135,1-3 Years (Mid-Tenure),1
2588,Corporate Strategy,Associate,Associate - Corporate Strategy,53746.37,3,1.53,22,Male,Hispanic,2024-08-03,2026-02-13,6.0,2.0,4.0,1,0.951,1-3 Years (Mid-Tenure),0
4258,Corporate Strategy,Associate,Associate - Corporate Strategy,61477.29,4,4.36,45,Non-Binary,Caucasian,2022-04-07,,4.0,9.99,8.0,0,1.088,3+ Years (Tenured),1
2596,Corporate Strategy,Associate,Associate - Corporate Strategy,61509.26,4,1.9,41,,African American,2024-09-19,,8.0,9.99,9.99,0,1.089,1-3 Years (Mid-Tenure),0
4360,Corporate Strategy,Associate,Associate - Corporate Strategy,71091.69,3,2.17,40,Female,Two or More,2024-06-13,,3.0,1.0,5.0,0,1.259,1-3 Years (Mid-Tenure),0
3614,Corporate Strategy,Associate,Associate - Corporate Strategy,49688.69,3,0.21,44,Female,Caucasian,2026-06-01,,9.99,5.0,9.99,0,0.88,0-1 Year (Onboarding),0
4207,Corporate Strategy,Associate,Associate - Corporate Strategy,58987.35,3,1.04,65,Other,Asian,2025-03-13,2026-03-29,4.0,3.0,9.0,1,1.044,1-3 Years (Mid-Tenure),0
711,Corporate Strategy,Associate,Associate - Corporate Strategy,60844.18,3,1.72,44,Male,Two or More,2024-11-24,,9.99,7.0,2.0,0,1.077,1-3 Years (Mid-Tenure),0
2471,Corporate Strategy,Associate,Associate - Corporate Strategy,48877.26,3,1.61,25,Male,Two or More,2025-01-03,,4.0,5.0,2.0,0,0.865,1-3 Years (Mid-Tenure),0
4364,Corporate Strategy,Associate,Associate - Corporate Strategy,51195.75,3,3.25,30,Non-Binary,Caucasian,2023-05-17,,8.0,4.0,9.99,0,0.906,3+ Years (Tenured),0
180,Corporate Strategy,Associate,Associate - Corporate Strategy,67164.49,2,0.19,29,Other,Two or More,2026-06-05,,5.0,4.0,1.0,0,1.189,0-1 Year (Onboarding),0
1010,Corporate Strategy,Associate,Associate - Corporate Strategy,40764.97,5,0.09,37,Female,Hispanic,2026-07-12,,6.0,5.0,5.0,0,0.722,0-1 Year (Onboarding),0
2480,Corporate Strategy,Associate,Associate - Corporate Strategy,62081.04,4,2.8,32,Non-Binary,Two or More,2023-10-28,,5.0,2.0,4.0,0,1.099,1-3 Years (Mid-Tenure),0
2485,Corporate Strategy,Associate,Associate - Corporate Strategy,46909.88,3,2.42,51,Other,Caucasian,2024-03-14,,9.0,9.99,5.0,0,0.83,1-3 Years (Mid-Tenure),0
4259,Corporate Strategy,Associate,Associate - Corporate Strategy,53043.46,2,3.5,40,Female,Hispanic,2023-02-14,,6.0,4.0,7.0,0,0.939,3+ Years (Tenured),0
1267,Corporate Strategy,Associate,Associate - Corporate Strategy,59455.71,2,3.43,46,Male,Two or More,2022-05-07,2025-10-10,2.0,6.0,2.0,0,1.053,3+ Years (Tenured),0
4221,Corporate Strategy,Associate,Associate - Corporate Strategy,48598.51,4,3.48,54,Male,Two or More,2023-02-20,,9.0,7.0,3.0,0,0.86,3+ Years (Tenured),0
4357,Corporate Strategy,Associate,Associate - Corporate Strategy,73879.62,4,4.79,25,Non-Binary,Asian,2021-10-31,,3.0,4.0,7.0,0,1.308,3+ Years (Tenured),1
2504,Corporate Strategy,Associate,Associate - Corporate Strategy,61391.6,4,0.83,42,Other,Hispanic,2024-10-29,2025-08-28,8.0,5.0,5.0,1,1.087,0-1 Year (Onboarding),0
2507,Corporate Strategy,Associate,Associate - Corporate Strategy,45572.51,3,3.72,34,Female,Two or More,2022-11-28,,3.0,5.0,3.0,0,0.807,3+ Years (Tenured),0
3575,Corporate Strategy,Associate,Associate - Corporate Strategy,70780.43,4,1.41,21,Other,Asian,2025-03-17,,4.0,6.0,2.0,0,1.253,1-3 Years (Mid-Tenure),1
26,Corporate Strategy,Associate,Associate - Corporate Strategy,57436.81,3,2.18,30,Non-Binary,,2023-03-27,2025-06-01,5.0,1.0,8.0,1,1.017,1-3 Years (Mid-Tenure),0
3570,Corporate Strategy,Associate,Associate - Corporate Strategy,69571.0,5,4.82,46,Female,Caucasian,2021-10-19,,8.0,8.0,8.0,0,1.232,3+ Years (Tenured),0
1116,Corporate Strategy,Associate,Associate - Corporate Strategy,48364.97,3,3.47,50,Non-Binary,Caucasian,2023-02-26,,4.0,6.0,5.0,0,0.856,3+ Years (Tenured),0
1155,Corporate Strategy,Associate,Associate - Corporate Strategy,43628.03,5,1.99,21,Male,African American,2024-08-20,,9.99,7.0,9.99,0,0.772,1-3 Years (Mid-Tenure),0
2693,Corporate Strategy,Associate,Associate - Corporate Strategy,73550.49,5,2.13,43,,Caucasian,2024-06-28,,8.0,9.99,3.0,0,1.302,1-3 Years (Mid-Tenure),0
1153,Corporate Strategy,Associate,Associate - Corporate Strategy,43658.66,5,0.23,38,Female,Asian,2026-05-22,,3.0,3.0,1.0,0,0.773,0-1 Year (Onboarding),1
1139,Corporate Strategy,Associate,Associate - Corporate Strategy,42410.62,2,3.25,46,Other,Asian,2023-05-16,,6.0,3.0,9.99,0,0.751,3+ Years (Tenured),0
1137,Corporate Strategy,Associate,Associate - Corporate Strategy,74730.59,3,3.31,58,Non-Binary,Asian,2023-04-26,,5.0,7.0,5.0,0,1.323,3+ Years (Tenured),0
1131,Corporate Strategy,Associate,Associate - Corporate Strategy,61691.29,4,3.45,25,Non-Binary,African American,2023-03-03,,6.0,4.0,7.0,0,1.092,3+ Years (Tenured),0
31,Corporate Strategy,Associate,Associate - Corporate Strategy,59956.36,3,2.72,59,Male,Hispanic,2023-11-28,,9.99,7.0,9.99,0,1.061,1-3 Years (Mid-Tenure),0
3458,Corporate Strategy,Associate,Associate - Corporate Strategy,70915.57,4,4.94,35,Non-Binary,Hispanic,2021-09-06,,5.0,9.99,3.0,0,1.255,3+ Years (Tenured),0
3453,Corporate Strategy,Associate,Associate - Corporate Strategy,44779.91,3,0.3,36,Female,African American,2026-04-29,,6.0,5.0,5.0,0,0.793,0-1 Year (Onboarding),0
2830,Corporate Strategy,Associate,Associate - Corporate Strategy,56742.59,3,1.94,54,Male,Caucasian,2024-02-22,2026-01-31,9.99,2.0,3.0,1,1.004,1-3 Years (Mid-Tenure),0
4328,Corporate Strategy,Associate,Associate - Corporate Strategy,41381.05,3,0.94,44,Other,Caucasian,2025-09-07,,8.0,3.0,1.0,0,0.733,0-1 Year (Onboarding),0
4302,Corporate Strategy,Associate,Associate - Corporate Strategy,73282.93,5,0.34,42,Other,Caucasian,2026-04-13,,6.0,5.0,5.0,0,1.297,0-1 Year (Onboarding),0
752,Corporate Strategy,Associate,Associate - Corporate Strategy,41843.69,3,2.02,40,Non-Binary,Two or More,2024-08-07,,6.0,9.99,2.0,0,0.741,1-3 Years (Mid-Tenure),0
2744,Corporate Strategy,Associate,Associate - Corporate Strategy,54602.38,3,3.65,27,Male,Two or More,2022-12-20,,6.0,4.0,3.0,0,0.967,3+ Years (Tenured),0
4318,Corporate Strategy,Associate,Associate - Corporate Strategy,47393.02,2,4.03,38,Non-Binary,Hispanic,2022-08-04,,2.0,3.0,5.0,0,0.839,3+ Years (Tenured),0
2753,Corporate Strategy,Associate,Associate - Corporate Strategy,66947.83,4,1.04,43,Non-Binary,Two or More,2025-06-06,2026-06-22,7.0,5.0,7.0,1,1.185,1-3 Years (Mid-Tenure),0
1091,Corporate Strategy,Associate,Associate - Corporate Strategy,57767.33,4,2.15,37,Female,Asian,2024-06-23,,6.0,9.99,7.0,0,1.023,1-3 Years (Mid-Tenure),0
2786,Corporate Strategy,Associate,Associate - Corporate Strategy,40741.91,3,3.45,39,Female,,2023-03-05,,5.0,1.0,4.0,0,0.721,3+ Years (Tenured),0
4317,Corporate Strategy,Associate,Associate - Corporate Strategy,64681.5,3,1.54,42,Other,Hispanic,2025-01-31,,6.0,8.0,9.99,0,1.145,1-3 Years (Mid-Tenure),0
4345,Corporate Strategy,Associate,Associate - Corporate Strategy,45406.76,4,4.6,34,Other,Caucasian,2022-01-09,,5.0,7.0,8.0,0,0.804,3+ Years (Tenured),0
2613,Corporate Strategy,Associate,Associate - Corporate Strategy,58229.04,4,3.12,22,Male,Hispanic,2023-07-03,,8.0,7.0,3.0,0,1.031,3+ Years (Tenured),0
4263,Corporate Strategy,Associate,Associate - Corporate Strategy,42944.3,3,3.03,43,Female,African American,2023-08-05,,6.0,7.0,7.0,0,0.76,3+ Years (Tenured),0
2871,Corporate Strategy,Associate,Associate - Corporate Strategy,67847.35,5,2.77,31,Non-Binary,Caucasian,2022-09-12,2025-06-19,9.0,6.0,9.99,1,1.201,1-3 Years (Mid-Tenure),0
3516,Corporate Strategy,Associate,Associate - Corporate Strategy,54314.65,4,1.61,41,Male,Hispanic,2025-01-05,,6.0,5.0,6.0,0,0.962,1-3 Years (Mid-Tenure),0
392,Corporate Strategy,Associate,Associate - Corporate Strategy,58328.94,3,3.77,42,Male,Asian,2022-11-09,,8.0,8.0,7.0,0,1.033,3+ Years (Tenured),0
232,Corporate Strategy,Associate,Associate - Corporate Strategy,54815.19,4,2.6,29,Non-Binary,Caucasian,2024-01-08,,7.0,4.0,6.0,0,0.97,1-3 Years (Mid-Tenure),0
1181,Corporate Strategy,Associate,Associate - Corporate Strategy,41480.4,3,0.65,54,Female,African American,2025-12-21,,4.0,5.0,4.0,0,0.734,0-1 Year (Onboarding),0
1176,Corporate Strategy,Associate,Associate - Corporate Strategy,45575.6,1,2.01,46,Female,African American,2024-08-11,,4.0,9.99,9.99,0,0.807,1-3 Years (Mid-Tenure),0
3505,Corporate Strategy,Associate,Associate - Corporate Strategy,43024.05,1,4.53,47,Male,Hispanic,2022-02-03,,2.0,5.0,2.0,0,0.762,3+ Years (Tenured),0
887,Corporate Strategy,Associate,Associate - Corporate Strategy,40809.29,2,3.58,53,Other,Asian,2023-01-17,,2.0,1.0,4.0,0,0.722,3+ Years (Tenured),0
3394,Corporate Strategy,Associate,Associate - Corporate Strategy,42020.34,3,2.9,35,Female,Asian,2023-09-23,,7.0,6.0,3.0,0,0.744,1-3 Years (Mid-Tenure),0
2842,Corporate Strategy,Associate,Associate - Corporate Strategy,56573.26,2,2.83,32,Non-Binary,Hispanic,2023-10-16,,3.0,3.0,1.0,0,1.001,1-3 Years (Mid-Tenure),0
2834,Corporate Strategy,Associate,Associate - Corporate Strategy,53411.13,3,4.73,21,Male,Caucasian,2021-11-23,,2.0,5.0,3.0,0,0.946,3+ Years (Tenured),0
2674,Corporate Strategy,Associate,Associate - Corporate Strategy,44206.05,1,5.03,22,Non-Binary,African American,2021-08-05,,1.0,1.0,1.0,0,0.783,3+ Years (Tenured),0
205,Corporate Strategy,Associate,Associate - Corporate Strategy,45839.3,3,1.94,48,Male,Hispanic,2024-09-07,,9.99,9.99,9.0,0,0.811,1-3 Years (Mid-Tenure),0
3479,Corporate Strategy,Associate,Associate - Corporate Strategy,58760.62,5,1.83,29,Female,Two or More,2024-10-15,,6.0,4.0,7.0,0,1.04,1-3 Years (Mid-Tenure),0
2831,Corporate Strategy,Associate,Associate - Corporate Strategy,47141.15,4,0.9,30,Female,Two or More,2025-09-22,,1.0,1.0,3.0,0,0.835,0-1 Year (Onboarding),1
2682,Corporate Strategy,Associate,Associate - Corporate Strategy,67623.68,2,1.9,33,Non-Binary,Caucasian,2024-09-20,,7.0,7.0,5.0,0,1.197,1-3 Years (Mid-Tenure),0
4103,Corporate Strategy,Associate,Associate - Corporate Strategy,45661.07,2,1.94,44,Male,African American,2024-09-06,,5.0,6.0,1.0,0,0.808,1-3 Years (Mid-Tenure),0
979,Corporate Strategy,Associate,Associate - Corporate Strategy,63796.41,2,3.83,26,Other,Caucasian,2022-10-16,,1.0,4.0,4.0,0,1.129,3+ Years (Tenured),0
4162,Corporate Strategy,Associate,Associate - Corporate Strategy,47238.2,4,1.02,27,Non-Binary,Asian,2025-08-09,,2.0,5.0,4.0,0,0.836,1-3 Years (Mid-Tenure),1
2322,Corporate Strategy,Associate,Associate - Corporate Strategy,66197.81,3,2.26,54,Non-Binary,Hispanic,2024-05-13,,9.0,8.0,9.99,0,1.172,1-3 Years (Mid-Tenure),0
2321,Corporate Strategy,Associate,Associate - Corporate Strategy,53168.87,3,0.35,25,Female,Caucasian,2026-04-09,,4.0,4.0,3.0,0,0.941,0-1 Year (Onboarding),0
3756,Corporate Strategy,Associate,Associate - Corporate Strategy,61719.7,3,4.39,32,Non-Binary,Asian,2022-03-25,,4.0,5.0,8.0,0,1.093,3+ Years (Tenured),0
1402,Corporate Strategy,Associate,Associate - Corporate Strategy,40509.66,4,2.47,37,Female,Asian,2024-02-25,,6.0,6.0,4.0,0,0.717,1-3 Years (Mid-Tenure),0
1418,Corporate Strategy,Associate,Associate - Corporate Strategy,52807.78,3,1.4,44,Female,Caucasian,2025-03-22,,7.0,7.0,5.0,0,0.935,1-3 Years (Mid-Tenure),0
2310,Corporate Strategy,Associate,Associate - Corporate Strategy,60462.79,3,2.41,48,Male,Caucasian,2024-03-17,,8.0,5.0,8.0,0,1.07,1-3 Years (Mid-Tenure),0
2308,Corporate Strategy,Associate,Associate - Corporate Strategy,46875.16,2,0.11,32,,Two or More,2026-07-06,,6.0,5.0,5.0,0,0.83,0-1 Year (Onboarding),0
4202,Corporate Strategy,Associate,Associate - Corporate Strategy,61655.53,3,1.52,49,Male,Hispanic,2025-02-08,,5.0,4.0,7.0,0,1.091,1-3 Years (Mid-Tenure),0
796,Corporate Strategy,Associate,Associate - Corporate Strategy,60292.15,4,0.88,44,,Caucasian,2025-09-29,,4.0,1.0,5.0,0,1.067,0-1 Year (Onboarding),1
672,Corporate Strategy,Associate,Associate - Corporate Strategy,44655.07,5,2.4,49,Non-Binary,Asian,2024-03-23,,1.0,7.0,6.0,0,0.791,1-3 Years (Mid-Tenure),1
2775,Corporate Strategy,Associate,Associate - Corporate Strategy,66483.56,1,2.28,56,Other,Asian,2024-05-03,,3.0,6.0,5.0,0,1.177,1-3 Years (Mid-Tenure),0
4394,Corporate Strategy,Associate,Associate - Corporate Strategy,60759.19,3,0.6,40,Non-Binary,Caucasian,2026-01-08,,5.0,4.0,5.0,0,1.076,0-1 Year (Onboarding),0
2296,Corporate Strategy,Associate,Associate - Corporate Strategy,68522.82,4,1.8,56,Male,Caucasian,2021-07-08,2023-04-27,6.0,5.0,5.0,1,1.213,1-3 Years (Mid-Tenure),0
2336,Corporate Strategy,Associate,Associate - Corporate Strategy,48695.15,2,2.99,32,Non-Binary,Asian,2023-08-20,,3.0,4.0,5.0,0,0.862,1-3 Years (Mid-Tenure),0
1515,Corporate Strategy,Associate,Associate - Corporate Strategy,68678.86,4,3.81,23,Non-Binary,Two or More,2022-10-26,,5.0,7.0,6.0,0,1.216,3+ Years (Tenured),0
2281,Corporate Strategy,Associate,Associate - Corporate Strategy,55293.76,3,3.51,43,Non-Binary,Two or More,2023-02-12,,3.0,1.0,1.0,0,0.979,3+ Years (Tenured),0
4137,Corporate Strategy,Associate,Associate - Corporate Strategy,62593.76,3,1.75,23,Non-Binary,Hispanic,2024-11-16,,9.99,9.99,8.0,0,1.108,1-3 Years (Mid-Tenure),0
2276,Corporate Strategy,Associate,Associate - Corporate Strategy,64102.86,2,3.3,46,Male,Two or More,2023-04-28,,9.0,9.99,8.0,0,1.135,3+ Years (Tenured),0
2214,Corporate Strategy,Associate,Associate - Corporate Strategy,52861.37,4,0.49,42,,Hispanic,2023-11-12,2024-05-09,9.0,3.0,8.0,1,0.936,0-1 Year (Onboarding),0
3291,Corporate Strategy,Associate,Associate - Corporate Strategy,40175.63,2,0.69,50,Female,Hispanic,2025-12-07,,7.0,4.0,5.0,1,0.711,0-1 Year (Onboarding),0
1507,Corporate Strategy,Associate,Associate - Corporate Strategy,45734.06,4,0.13,44,Other,Two or More,2026-06-30,,6.0,5.0,5.0,0,0.81,0-1 Year (Onboarding),0
4136,Corporate Strategy,Associate,Associate - Corporate Strategy,72209.29,2,1.65,38,Male,Asian,2024-12-20,,5.0,1.0,8.0,0,1.278,1-3 Years (Mid-Tenure),0
1463,Corporate Strategy,Associate,Associate - Corporate Strategy,61461.05,3,3.69,43,Male,Asian,2022-12-08,,9.0,7.0,5.0,0,1.088,3+ Years (Tenured),0
3015,Corporate Strategy,Associate,Associate - Corporate Strategy,62885.28,3,1.78,54,Female,African American,2021-09-13,2023-06-23,6.0,5.0,5.0,1,1.113,1-3 Years (Mid-Tenure),0
2260,Corporate Strategy,Associate,Associate - Corporate Strategy,74541.13,4,3.72,25,Other,Asian,2022-11-28,,4.0,2.0,1.0,0,1.32,3+ Years (Tenured),1
3016,Corporate Strategy,Associate,Associate - Corporate Strategy,50299.1,5,0.92,39,Male,Two or More,2025-09-15,,6.0,9.0,9.99,0,0.89,0-1 Year (Onboarding),0
2241,Corporate Strategy,Associate,Associate - Corporate Strategy,73053.62,4,1.7,33,Female,Hispanic,2024-12-03,,5.0,2.0,1.0,0,1.293,1-3 Years (Mid-Tenure),0
795,Corporate Strategy,Associate,Associate - Corporate Strategy,64754.03,3,0.15,30,Non-Binary,Two or More,2026-06-22,,6.0,5.0,5.0,0,1.146,0-1 Year (Onboarding),0
659,Corporate Strategy,Associate,Associate - Corporate Strategy,69082.64,5,2.48,46,,Caucasian,2024-02-20,,4.0,1.0,3.0,0,1.223,1-3 Years (Mid-Tenure),1
3631,Corporate Strategy,Associate,Associate - Corporate Strategy,70534.28,4,3.48,52,Other,Two or More,2023-02-22,,3.0,4.0,5.0,0,1.249,3+ Years (Tenured),1
1530,Corporate Strategy,Associate,Associate - Corporate Strategy,65676.59,3,1.77,26,,African American,2022-09-04,2024-06-11,9.99,5.0,9.0,1,1.163,1-3 Years (Mid-Tenure),0
1546,Corporate Strategy,Associate,Associate - Corporate Strategy,53454.19,3,0.44,41,Other,Two or More,2026-03-08,,7.0,3.0,3.0,0,0.946,0-1 Year (Onboarding),0
2415,Corporate Strategy,Associate,Associate - Corporate Strategy,56047.54,5,4.92,44,Female,Two or More,2021-09-14,,6.0,5.0,9.0,0,0.992,3+ Years (Tenured),0
3278,Corporate Strategy,Associate,Associate - Corporate Strategy,71192.07,4,0.34,31,Male,Hispanic,2025-12-27,2026-05-01,6.0,5.0,5.0,1,1.26,0-1 Year (Onboarding),0
3634,Corporate Strategy,Associate,Associate - Corporate Strategy,44189.94,4,3.42,31,Non-Binary,African American,2023-03-15,,6.0,6.0,2.0,0,0.782,3+ Years (Tenured),0
890,Corporate Strategy,Associate,Associate - Corporate Strategy,57319.37,4,3.87,51,Male,Hispanic,2022-10-03,,6.0,4.0,4.0,0,1.015,3+ Years (Tenured),0
321,Corporate Strategy,Associate,Associate - Corporate Strategy,40024.08,3,0.41,26,Female,Hispanic,2026-03-19,,8.0,5.0,6.0,0,0.709,0-1 Year (Onboarding),0
4188,Corporate Strategy,Associate,Associate - Corporate Strategy,65716.52,3,1.03,21,Non-Binary,,2025-08-05,,5.0,8.0,6.0,0,1.163,1-3 Years (Mid-Tenure),0
997,Corporate Strategy,Associate,Associate - Corporate Strategy,62451.96,4,2.82,46,Other,African American,2023-10-20,,2.0,5.0,1.0,0,1.106,1-3 Years (Mid-Tenure),1
1561,Corporate Strategy,Associate,Associate - Corporate Strategy,45397.43,4,0.09,29,Female,Two or More,2026-06-23,2026-07-26,6.0,5.0,5.0,1,0.804,0-1 Year (Onboarding),0
1328,Corporate Strategy,Associate,Associate - Corporate Strategy,43789.17,3,3.44,46,Other,Asian,2023-03-10,,5.0,6.0,7.0,0,0.775,3+ Years (Tenured),0
2437,Corporate Strategy,Associate,Associate - Corporate Strategy,59490.52,3,0.23,40,Non-Binary,Two or More,2026-05-24,,6.0,5.0,5.0,0,1.053,0-1 Year (Onboarding),0
3625,Corporate Strategy,Associate,Associate - Corporate Strategy,72047.94,3,3.54,47,Female,Caucasian,2023-02-01,,9.99,9.99,7.0,0,1.275,3+ Years (Tenured),0
3340,Corporate Strategy,Associate,Associate - Corporate Strategy,46063.56,2,1.88,26,,African American,2021-11-16,2023-10-02,6.0,5.0,5.0,1,0.815,1-3 Years (Mid-Tenure),0
3619,Corporate Strategy,Associate,Associate - Corporate Strategy,53844.39,3,3.01,28,Other,Two or More,2023-08-11,,3.0,1.0,1.0,0,0.953,3+ Years (Tenured),0
429,Corporate Strategy,Associate,Associate - Corporate Strategy,72590.27,4,0.08,44,Other,Hispanic,2026-07-18,,6.0,5.0,5.0,0,1.285,0-1 Year (Onboarding),0
3643,Corporate Strategy,Associate,Associate - Corporate Strategy,63487.33,4,1.91,34,Non-Binary,Hispanic,2024-09-16,,9.99,8.0,7.0,0,1.124,1-3 Years (Mid-Tenure),0
4167,Corporate Strategy,Associate,Associate - Corporate Strategy,56932.04,3,1.01,33,,Caucasian,2025-08-13,,4.0,5.0,9.0,0,1.008,1-3 Years (Mid-Tenure),0
2359,Corporate Strategy,Associate,Associate - Corporate Strategy,72953.06,4,1.31,34,Male,African American,2025-04-24,,9.0,7.0,7.0,0,1.291,1-3 Years (Mid-Tenure),0
2371,Corporate Strategy,Associate,Associate - Corporate Strategy,47653.83,3,1.74,39,Male,African American,2024-11-17,,9.0,6.0,8.0,0,0.844,1-3 Years (Mid-Tenure),0
4096,Corporate Strategy,Associate,Associate - Corporate Strategy,53945.53,3,4.18,27,Other,Hispanic,2022-06-10,,6.0,7.0,2.0,0,0.955,3+ Years (Tenured),0
444,Corporate Strategy,Associate,Associate - Corporate Strategy,50239.5,2,1.09,39,Male,African American,2025-07-12,,7.0,4.0,1.0,0,0.889,1-3 Years (Mid-Tenure),0
996,Corporate Strategy,Associate,Associate - Corporate Strategy,45726.33,3,2.91,37,Other,Asian,2023-09-19,,8.0,9.99,9.99,0,0.809,1-3 Years (Mid-Tenure),0
2383,Corporate Strategy,Associate,Associate - Corporate Strategy,53762.84,4,3.42,47,Female,Asian,2021-12-02,2025-05-02,7.0,7.0,4.0,0,0.952,3+ Years (Tenured),0
913,Corporate Strategy,Associate,Associate - Corporate Strategy,61960.1,5,0.58,43,Non-Binary,Hispanic,2026-01-15,,3.0,2.0,7.0,0,1.097,0-1 Year (Onboarding),1
2171,Corporate Strategy,Associate,Associate - Corporate Strategy,60439.31,3,3.51,41,Female,Two or More,2021-07-02,2025-01-02,2.0,1.0,2.0,1,1.07,3+ Years (Tenured),0
910,Corporate Strategy,Associate,Associate - Corporate Strategy,43996.78,3,0.21,40,Other,Two or More,2026-05-29,,5.0,4.0,9.0,0,0.779,0-1 Year (Onboarding),0
4182,Corporate Strategy,Associate,Associate - Corporate Strategy,56305.5,3,4.06,47,Non-Binary,Two or More,2022-07-24,,6.0,9.0,4.0,0,0.997,3+ Years (Tenured),0
2397,Corporate Strategy,Associate,Associate - Corporate Strategy,61075.36,4,3.21,48,Female,African American,2023-06-01,,4.0,3.0,7.0,0,1.081,3+ Years (Tenured),1
2406,Corporate Strategy,Associate,Associate - Corporate Strategy,60877.2,4,0.09,53,Male,Hispanic,2026-07-14,,6.0,5.0,5.0,0,1.078,0-1 Year (Onboarding),0
3259,Corporate Strategy,Domain Director,Domain Director - Corporate Strategy,150524.82,3,1.77,36,Non-Binary,African American,2024-11-06,,2.0,3.0,5.0,0,0.984,1-3 Years (Mid-Tenure),0
2438,Corporate Strategy,Domain Director,Domain Director - Corporate Strategy,155399.06,4,0.77,49,Female,African American,2025-11-07,,9.0,5.0,8.0,0,1.016,0-1 Year (Onboarding),0
2615,Corporate Strategy,Manager,Manager - Corporate Strategy,99565.99,4,5.04,51,Male,Caucasian,2021-08-03,,6.0,7.0,3.0,0,0.98,3+ Years (Tenured),0
2095,Corporate Strategy,Manager,Manager - Corporate Strategy,110196.49,5,0.51,55,Non-Binary,Two or More,2026-02-10,,2.0,6.0,6.0,0,1.085,0-1 Year (Onboarding),1
2011,Corporate Strategy,Manager,Manager - Corporate Strategy,112122.29,3,0.15,52,Male,African American,2026-06-21,,6.0,5.0,5.0,0,1.104,0-1 Year (Onboarding),0
1453,Corporate Strategy,Manager,Manager - Corporate Strategy,97583.49,4,0.52,29,Female,Asian,2026-02-08,,8.0,6.0,9.99,0,0.961,0-1 Year (Onboarding),0
281,Corporate Strategy,Manager,Manager - Corporate Strategy,100164.19,3,3.31,43,Male,African American,2023-04-24,,9.99,7.0,9.99,0,0.986,3+ Years (Tenured),0
2509,Corporate Strategy,Manager,Manager - Corporate Strategy,111271.05,4,0.79,40,Male,Hispanic,2025-09-09,2026-06-23,8.0,5.0,9.99,1,1.095,0-1 Year (Onboarding),0
3649,Corporate Strategy,Manager,Manager - Corporate Strategy,80217.95,2,4.67,29,Other,Caucasian,2021-12-15,,9.99,7.0,6.0,0,0.79,3+ Years (Tenured),0
1386,Corporate Strategy,Supervisor/Lead,Supervisor/Lead - Corporate Strategy,63944.12,3,1.01,25,Other,Asian,2025-08-10,,6.0,7.0,8.0,0,0.89,1-3 Years (Mid-Tenure),0
3829,Corporate Strategy,Supervisor/Lead,supervisor/lead - corporate strategy,73139.43,4,4.41,41,Male,Asian,2022-03-20,,4.0,3.0,5.0,0,1.018,3+ Years (Tenured),1
4219,Corporate Strategy,Supervisor/Lead,Supervisor/Lead - Corporate Strategy,56865.48,3,4.68,38,Female,Asian,2021-12-10,,7.0,4.0,6.0,0,0.791,3+ Years (Tenured),0
4187,Corporate Strategy,Supervisor/Lead,Supervisor/Lead - Corporate Strategy,71181.9,3,1.1,35,Non-Binary,Asian,2023-08-15,2024-09-19,8.0,8.0,9.0,1,0.99,1-3 Years (Mid-Tenure),0
1779,Corporate Strategy,Supervisor/Lead,Supervisor/Lead - Corporate Strategy,62751.47,5,2.57,31,Male,Two or More,2024-01-20,,9.0,6.0,7.0,0,0.873,1-3 Years (Mid-Tenure),0
55,Corporate Strategy,Supervisor/Lead,Supervisor/Lead - Corporate Strategy,79818.49,3,2.22,50,Other,Caucasian,2024-05-26,,8.0,8.0,8.0,0,1.11,1-3 Years (Mid-Tenure),0
3974,Corporate Strategy,Supervisor/Lead,Supervisor/Lead - Corporate Strategy,69988.42,5,0.98,26,Other,Two or More,2025-08-21,,4.0,4.0,4.0,0,0.974,0-1 Year (Onboarding),1
4440,Corporate Strategy,Supervisor/Lead,Supervisor/Lead - Corporate Strategy,76107.08,5,4.94,35,Female,Asian,2021-09-07,,4.0,3.0,3.0,0,1.059,3+ Years (Tenured),1
70,Corporate Strategy,Supervisor/Lead,Supervisor/Lead - Corporate Strategy,85989.9,4,4.45,21,Female,Two or More,2022-03-03,,1.0,4.0,1.0,0,1.196,3+ Years (Tenured),1
1398,Corporate Strategy,Supervisor/Lead,Supervisor/Lead - Corporate Strategy,83372.45,5,1.72,47,Female,Two or More,2024-11-26,,3.0,4.0,1.0,0,1.16,1-3 Years (Mid-Tenure),1
1600,Corporate Strategy,Supervisor/Lead,Supervisor/Lead - Corporate Strategy,77779.42,4,2.41,30,,Hispanic,2024-03-17,,9.99,6.0,7.0,0,1.082,1-3 Years (Mid-Tenure),0
4448,Corporate Strategy,Supervisor/Lead,Supervisor/Lead - Corporate Strategy,74956.06,4,4.22,28,Non-Binary,African American,2022-05-27,,9.0,6.0,5.0,0,1.043,3+ Years (Tenured),0
1462,Corporate Strategy,Supervisor/Lead,Supervisor/Lead - Corporate Strategy,86882.89,4,1.72,42,Female,Two or More,2024-11-27,,9.99,6.0,8.0,0,1.209,1-3 Years (Mid-Tenure),0
4343,Corporate Strategy,Supervisor/Lead,Supervisor/Lead - Corporate Strategy,62920.79,5,0.8,25,Female,Two or More,2025-10-26,,6.0,9.0,7.0,0,0.875,0-1 Year (Onboarding),0
41,Corporate Strategy,Supervisor/Lead,Supervisor/Lead - Corporate Strategy,81765.55,3,1.53,39,Other,Asian,2025-02-03,,5.0,4.0,3.0,0,1.138,1-3 Years (Mid-Tenure),0
2390,Corporate Strategy,Supervisor/Lead,Supervisor/Lead - Corporate Strategy,64236.09,3,2.63,36,Other,African American,2023-12-29,,6.0,9.99,5.0,0,0.894,1-3 Years (Mid-Tenure),0
2151,Corporate Strategy,Supervisor/Lead,Supervisor/Lead - Corporate Strategy,58432.85,4,1.76,30,Male,Hispanic,2024-11-12,,4.0,1.0,5.0,0,0.813,1-3 Years (Mid-Tenure),1
3113,Corporate Strategy,Supervisor/Lead,Supervisor/Lead - Corporate Strategy,79478.1,4,0.23,38,Female,Asian,2026-03-29,2026-06-20,6.0,5.0,5.0,1,1.106,0-1 Year (Onboarding),0
1921,Corporate Strategy,Supervisor/Lead,Supervisor/Lead - Corporate Strategy,58639.66,2,1.0,47,Non-Binary,Caucasian,2025-07-06,2026-07-07,2.0,5.0,1.0,1,0.816,1-3 Years (Mid-Tenure),0
1953,Corporate Strategy,Supervisor/Lead,Supervisor/Lead - Corporate Strategy,55666.4,4,1.88,29,Male,Hispanic,2024-09-26,,9.99,3.0,2.0,0,0.774,1-3 Years (Mid-Tenure),0
2911,Corporate Strategy,Supervisor/Lead,Supervisor/Lead - Corporate Strategy,58581.12,3,0.17,33,Other,African American,2026-06-14,,2.0,2.0,3.0,0,0.815,0-1 Year (Onboarding),0
2717,Corporate Strategy,Supervisor/Lead,Supervisor/Lead - Corporate Strategy,79353.14,4,0.91,30,Other,African American,2025-09-16,,7.0,8.0,7.0,0,1.104,0-1 Year (Onboarding),0
3597,Corporate Strategy,Supervisor/Lead,Supervisor/Lead - Corporate Strategy,85196.66,1,2.61,36,Female,Asian,2024-01-05,,9.0,7.0,6.0,0,1.185,1-3 Years (Mid-Tenure),0
3724,Corporate Strategy,Supervisor/Lead,Supervisor/Lead - Corporate Strategy,69151.32,4,0.92,50,Non-Binary,Two or More,2025-09-12,,4.0,1.0,5.0,0,0.962,0-1 Year (Onboarding),1
2175,Corporate Strategy,Supervisor/Lead,Supervisor/Lead - Corporate Strategy,85159.74,3,3.81,55,Male,Hispanic,2022-10-26,,6.0,4.0,9.0,0,1.185,3+ Years (Tenured),0
3702,Corporate Strategy,Supervisor/Lead,Supervisor/Lead - Corporate Strategy,81222.36,5,0.5,49,Non-Binary,Hispanic,2026-02-13,,6.0,8.0,1.0,0,1.13,0-1 Year (Onboarding),0
3961,Corporate Strategy,Supervisor/Lead,Supervisor/Lead - Corporate Strategy,62426.52,5,2.78,50,Non-Binary,,2023-11-06,,2.0,1.0,3.0,0,0.868,1-3 Years (Mid-Tenure),1
2072,Corporate Strategy,Supervisor/Lead,Supervisor/Lead - Corporate Strategy,67636.72,2,1.87,49,,Two or More,2023-11-30,2025-10-13,6.0,7.0,5.0,1,0.941,1-3 Years (Mid-Tenure),0
4255,Internal Communications,Assistant Manager,Assistant Manager - Internal Communications,85261.88,2,4.32,35,Other,African American,2022-04-20,,2.0,1.0,1.0,0,0.999,3+ Years (Tenured),0
2008,Internal Communications,Assistant Manager,Assistant Manager - Internal Communications,93607.11,2,0.2,33,Non-Binary,African American,2026-03-20,2026-05-31,6.0,5.0,5.0,1,1.097,0-1 Year (Onboarding),0
4316,Internal Communications,Assistant Manager,Assistant Manager - Internal Communications,61518.07,2,3.36,51,Male,Two or More,2023-04-06,,9.0,3.0,6.0,0,0.721,3+ Years (Tenured),0
2600,Internal Communications,Assistant Manager,Assistant Manager - Internal Communications,90828.12,3,1.83,33,Female,Two or More,2024-10-15,,7.0,8.0,3.0,0,1.065,1-3 Years (Mid-Tenure),0
1224,Internal Communications,Assistant Manager,Assistant Manager - Internal Communications,99554.54,1,1.42,29,Other,Asian,2025-03-15,,6.0,7.0,7.0,0,1.167,1-3 Years (Mid-Tenure),0
3436,Internal Communications,Assistant Manager,Assistant Manager - Internal Communications,70183.87,2,3.32,35,Male,African American,2022-04-03,2025-07-27,7.0,4.0,5.0,1,0.823,3+ Years (Tenured),0
2126,Internal Communications,Assistant Manager,Assistant Manager - Internal Communications,92607.68,3,1.79,21,Other,Hispanic,2024-11-01,,6.0,7.0,5.0,0,1.086,1-3 Years (Mid-Tenure),0
2158,Internal Communications,Assistant Manager,Assistant Manager - Internal Communications,66766.36,5,4.21,23,Non-Binary,Hispanic,2022-06-02,,3.0,2.0,3.0,0,0.783,3+ Years (Tenured),1
3124,Internal Communications,Assistant Manager,Assistant Manager - Internal Communications,89804.54,3,2.42,24,Male,Asian,2024-03-15,,4.0,5.0,5.0,0,1.053,1-3 Years (Mid-Tenure),0
4128,Internal Communications,Assistant Manager,Assistant Manager - Internal Communications,97695.5,3,0.8,35,Female,Two or More,2025-10-28,,2.0,7.0,9.0,0,1.145,0-1 Year (Onboarding),0
128,Internal Communications,Assistant Manager,Assistant Manager - Internal Communications,83253.46,3,4.72,41,Other,Asian,2021-11-28,,3.0,2.0,3.0,0,0.976,3+ Years (Tenured),0
575,Internal Communications,Assistant Manager,Assistant Manager - Internal Communications,80126.89,1,3.7,45,Female,Asian,2022-12-03,,6.0,9.0,9.0,0,0.939,3+ Years (Tenured),0
1157,Internal Communications,Assistant Manager,Assistant Manager - Internal Communications,97851.75,2,0.9,35,Male,Two or More,2025-09-21,,6.0,5.0,5.0,0,1.147,0-1 Year (Onboarding),0
4229,Internal Communications,Associate,Associate - Internal Communications,62592.37,3,3.64,35,Other,Two or More,2022-12-24,,7.0,9.99,4.0,0,1.083,3+ Years (Tenured),0
2508,Internal Communications,Associate,Associate - Internal Communications,45071.78,2,1.36,30,Female,Caucasian,2021-08-22,2023-01-01,6.0,5.0,5.0,1,0.78,1-3 Years (Mid-Tenure),0
2538,Internal Communications,Associate,Associate - Internal Communications,45293.06,5,1.85,43,Female,African American,2024-10-09,,6.0,7.0,2.0,0,0.784,1-3 Years (Mid-Tenure),0
49,Internal Communications,Associate,Associate - Internal Communications,46678.15,3,0.48,46,Female,Hispanic,2024-08-14,2025-02-04,7.0,4.0,4.0,1,0.808,0-1 Year (Onboarding),0
723,Internal Communications,Associate,Associate - Internal Communications,52652.42,1,1.4,27,Female,Asian,2024-06-27,2025-11-21,6.0,3.0,1.0,1,0.911,1-3 Years (Mid-Tenure),0
2460,Internal Communications,Associate,Associate - Internal Communications,70492.09,5,0.97,39,Male,Caucasian,2025-03-03,2026-02-20,1.0,2.0,1.0,1,1.22,0-1 Year (Onboarding),1
4237,Internal Communications,Associate,Associate - Internal Communications,60383.24,2,1.68,47,Male,African American,2022-10-13,2024-06-19,5.0,3.0,4.0,1,1.045,1-3 Years (Mid-Tenure),0
3584,Internal Communications,Associate,Associate - Internal Communications,61207.87,5,3.04,47,Other,Caucasian,2023-08-03,,7.0,8.0,3.0,0,1.059,3+ Years (Tenured),0
3558,Internal Communications,Associate,Associate - Internal Communications,64712.38,4,3.42,39,Other,Two or More,2023-03-17,,5.0,7.0,5.0,0,1.12,3+ Years (Tenured),0
2563,Internal Communications,Associate,Associate - Internal Communications,63537.29,5,2.62,33,Non-Binary,Caucasian,2023-12-31,,5.0,5.0,7.0,0,1.1,1-3 Years (Mid-Tenure),0
3553,Internal Communications,Associate,Associate - Internal Communications,60028.11,3,2.26,46,Male,Two or More,2024-05-11,,7.0,2.0,3.0,0,1.039,1-3 Years (Mid-Tenure),0
191,Internal Communications,Associate,Associate - Internal Communications,73860.64,2,4.86,23,Other,African American,2021-10-07,,8.0,7.0,5.0,0,1.278,3+ Years (Tenured),0
1196,Internal Communications,Associate,Associate - Internal Communications,58576.29,4,1.6,54,Other,Two or More,2025-01-07,,6.0,7.0,2.0,0,1.014,1-3 Years (Mid-Tenure),0
3518,Internal Communications,Associate,Associate - Internal Communications,64445.58,2,0.57,33,Female,Hispanic,2025-11-20,2026-06-16,1.0,2.0,5.0,1,1.115,0-1 Year (Onboarding),0
2629,Internal Communications,Associate,Associate - Internal Communications,64664.4,3,2.23,49,Female,Caucasian,2024-05-23,,8.0,8.0,4.0,0,1.119,1-3 Years (Mid-Tenure),0
2640,Internal Communications,Associate,Associate - Internal Communications,55936.5,3,2.2,32,Female,Caucasian,2024-06-02,,9.99,4.0,7.0,0,0.968,1-3 Years (Mid-Tenure),0
4270,Internal Communications,Associate,Associate - Internal Communications,48407.87,2,1.39,34,Female,Caucasian,2022-06-23,2023-11-14,6.0,5.0,5.0,1,0.838,1-3 Years (Mid-Tenure),0
3507,Internal Communications,Associate,Associate - Internal Communications,62608.11,4,0.92,25,Non-Binary,Two or More,2025-09-13,,9.99,5.0,7.0,0,1.084,0-1 Year (Onboarding),0
2643,Internal Communications,Associate,Associate - Internal Communications,62127.58,3,4.54,52,Female,African American,2022-01-31,,8.0,8.0,3.0,0,1.075,3+ Years (Tenured),0
3495,Internal Communications,Associate,Associate - Internal Communications,53364.13,4,4.28,36,Male,Asian,2022-05-07,,3.0,3.0,5.0,0,0.924,3+ Years (Tenured),1
2668,Internal Communications,Associate,Associate - Internal Communications,49529.72,3,1.53,41,Male,Caucasian,2025-02-03,,2.0,1.0,5.0,0,0.857,1-3 Years (Mid-Tenure),0
3465,Internal Communications,Associate,Associate - Internal Communications,64866.56,2,0.08,39,Other,Two or More,2026-07-15,,6.0,5.0,5.0,0,1.123,0-1 Year (Onboarding),0
2332,Internal Communications,Associate,Associate - Internal Communications,62925.02,2,0.42,49,Non-Binary,Hispanic,2026-03-16,,5.0,6.0,6.0,0,1.089,0-1 Year (Onboarding),0
2391,Internal Communications,Associate,Associate - Internal Communications,60178.86,3,0.24,56,Male,Two or More,2026-05-18,,6.0,5.0,5.0,0,1.042,0-1 Year (Onboarding),0
1368,Internal Communications,Associate,Associate - Internal Communications,50229.81,3,4.81,40,Other,Caucasian,2021-10-23,,6.0,5.0,4.0,0,0.869,3+ Years (Tenured),0
1370,Internal Communications,Associate,Associate - Internal Communications,72006.83,5,5.1,47,Male,Asian,2021-07-12,,1.0,5.0,5.0,0,1.246,3+ Years (Tenured),1
690,Internal Communications,Associate,Associate - Internal Communications,67468.47,4,0.45,33,Male,African American,2026-03-04,,9.99,9.99,8.0,0,1.168,0-1 Year (Onboarding),0
2379,Internal Communications,Associate,Associate - Internal Communications,56373.74,5,4.61,45,Non-Binary,Asian,2022-01-05,,9.0,2.0,5.0,0,0.976,3+ Years (Tenured),0
685,Internal Communications,Associate,Associate - Internal Communications,49217.76,3,4.08,56,Non-Binary,Hispanic,2022-07-19,,9.0,8.0,5.0,0,0.852,3+ Years (Tenured),0
2358,Internal Communications,Associate,Associate - Internal Communications,57386.07,4,1.5,41,Other,Hispanic,2025-02-12,,7.0,5.0,4.0,0,0.993,1-3 Years (Mid-Tenure),0
2339,Internal Communications,Associate,Associate - Internal Communications,51503.61,1,1.51,42,Male,African American,2025-02-11,,6.0,9.99,6.0,0,0.891,1-3 Years (Mid-Tenure),0
4180,Internal Communications,Associate,Associate - Internal Communications,62744.23,3,2.94,23,Other,Hispanic,2023-09-06,,7.0,4.0,4.0,0,1.086,1-3 Years (Mid-Tenure),0
2324,Internal Communications,Associate,Associate - Internal Communications,48881.73,4,4.58,35,Male,Two or More,2022-01-16,,9.99,9.0,9.0,0,0.846,3+ Years (Tenured),0
1406,Internal Communications,Associate,Associate - Internal Communications,52203.21,1,3.17,41,Other,Hispanic,2022-02-03,2025-04-04,1.0,1.0,1.0,1,0.904,3+ Years (Tenured),0
166,Internal Communications,Associate,Associate - Internal Communications,47039.9,5,0.18,55,Other,Asian,2026-06-11,,4.0,4.0,7.0,0,0.814,0-1 Year (Onboarding),1
1434,Internal Communications,Associate,Associate - Internal Communications,72262.6,4,4.62,61,Non-Binary,Two or More,2022-01-01,,5.0,7.0,4.0,0,1.251,3+ Years (Tenured),0
1444,Internal Communications,Associate,Associate - Internal Communications,62357.68,3,0.96,44,Female,African American,2025-08-31,,7.0,9.0,7.0,0,1.079,0-1 Year (Onboarding),0
3704,Internal Communications,Associate,Associate - Internal Communications,42188.84,2,5.1,21,Other,Caucasian,2021-07-10,,6.0,7.0,2.0,0,0.73,3+ Years (Tenured),0
1458,Internal Communications,Associate,Associate - Internal Communications,42862.34,5,3.88,49,Male,Caucasian,2022-09-29,,8.0,9.0,8.0,0,0.742,3+ Years (Tenured),0
1799,Internal Communications,Associate,Associate - Internal Communications,59979.58,1,0.44,38,Male,Asian,2026-03-07,,4.0,5.0,1.0,0,1.038,0-1 Year (Onboarding),0
4200,Internal Communications,Associate,Associate - Internal Communications,74564.37,3,0.52,39,Female,Hispanic,2026-02-07,,6.0,5.0,5.0,0,1.291,0-1 Year (Onboarding),0
181,Internal Communications,Associate,Associate - Internal Communications,60963.98,3,0.1,39,Non-Binary,Two or More,2026-07-10,,6.0,5.0,5.0,0,1.055,0-1 Year (Onboarding),0
1270,Internal Communications,Associate,Associate - Internal Communications,71628.58,2,2.57,24,Male,African American,2024-01-20,,7.0,8.0,2.0,0,1.24,1-3 Years (Mid-Tenure),0
2284,Internal Communications,Associate,Associate - Internal Communications,51892.87,3,2.19,43,Female,Asian,2024-06-05,,1.0,1.0,5.0,0,0.898,1-3 Years (Mid-Tenure),0
2458,Internal Communications,Associate,Associate - Internal Communications,40772.79,4,4.69,39,Male,Caucasian,2021-12-08,,8.0,9.99,5.0,0,0.706,3+ Years (Tenured),0
1274,Internal Communications,Associate,Associate - Internal Communications,70313.05,3,3.32,45,Non-Binary,Asian,2023-04-21,,6.0,4.0,3.0,0,1.217,3+ Years (Tenured),0
4205,Internal Communications,Associate,Associate - Internal Communications,67526.61,1,2.47,35,Female,African American,2024-02-27,,9.0,5.0,5.0,0,1.169,1-3 Years (Mid-Tenure),0
1285,Internal Communications,Associate,Associate - Internal Communications,67162.48,2,4.7,34,Other,African American,2021-12-02,,7.0,7.0,8.0,0,1.162,3+ Years (Tenured),0
2445,Internal Communications,Associate,Associate - Internal Communications,69307.77,3,0.17,28,Other,Hispanic,2026-06-15,,6.0,9.0,5.0,0,1.2,0-1 Year (Onboarding),0
4222,Internal Communications,Associate,Associate - Internal Communications,69563.64,3,5.02,38,Other,Hispanic,2021-08-07,,4.0,9.0,3.0,0,1.204,3+ Years (Tenured),0
1321,Internal Communications,Associate,Associate - Internal Communications,58314.42,2,4.65,44,Male,Hispanic,2021-12-23,,4.0,1.0,3.0,0,1.009,3+ Years (Tenured),0
3624,Internal Communications,Associate,Associate - Internal Communications,65492.83,5,1.02,33,Non-Binary,African American,2025-08-08,,7.0,3.0,1.0,0,1.134,1-3 Years (Mid-Tenure),0
53,Internal Communications,Associate,Associate - Internal Communications,43756.99,2,0.69,39,Non-Binary,Caucasian,2025-12-06,,7.0,3.0,2.0,0,0.757,0-1 Year (Onboarding),0
4192,Internal Communications,Associate,associate - internal communications,42121.55,3,0.25,30,Other,Hispanic,2023-01-03,2023-04-03,6.0,5.0,5.0,1,0.729,0-1 Year (Onboarding),0
1326,Internal Communications,Associate,Associate - Internal Communications,56735.52,2,0.18,38,Female,Asian,2025-12-08,2026-02-10,6.0,5.0,5.0,1,0.982,0-1 Year (Onboarding),0
433,Internal Communications,Associate,Associate - Internal Communications,65271.12,3,4.59,22,Other,African American,2022-01-12,,6.0,3.0,3.0,0,1.13,3+ Years (Tenured),0
3645,Internal Communications,Associate,Associate - Internal Communications,65537.62,1,2.02,46,Male,Hispanic,2024-08-09,,5.0,7.0,5.0,0,1.134,1-3 Years (Mid-Tenure),0
4393,Internal Communications,Associate,Associate - Internal Communications,51724.9,3,2.66,26,Other,Two or More,2023-12-17,,9.99,8.0,9.0,0,0.895,1-3 Years (Mid-Tenure),0
4417,Internal Communications,Associate,Associate - Internal Communications,56727.01,5,4.7,39,Non-Binary,Caucasian,2021-12-02,,7.0,5.0,9.99,0,0.982,3+ Years (Tenured),0
883,Internal Communications,Associate,Associate - Internal Communications,68748.13,1,2.74,32,Male,Caucasian,2023-11-19,,6.0,7.0,4.0,0,1.19,1-3 Years (Mid-Tenure),0
3077,Internal Communications,Associate,Associate - Internal Communications,56531.04,3,1.85,33,Male,Caucasian,2022-09-11,2024-07-16,6.0,6.0,3.0,1,0.978,1-3 Years (Mid-Tenure),0
4411,Internal Communications,Associate,Associate - Internal Communications,42683.52,5,4.61,55,Male,Caucasian,2022-01-04,,5.0,1.0,6.0,0,0.739,3+ Years (Tenured),0
891,Internal Communications,Associate,Associate - Internal Communications,61721.4,4,0.19,38,Female,Asian,2026-06-06,,5.0,1.0,1.0,0,1.068,0-1 Year (Onboarding),0
3280,Internal Communications,Associate,Associate - Internal Communications,50149.26,3,5.04,39,Male,Hispanic,2021-07-31,,1.0,5.0,1.0,0,0.868,3+ Years (Tenured),0
3057,Internal Communications,Associate,Associate - Internal Communications,67839.8,1,1.04,39,Other,Asian,2025-07-31,,8.0,3.0,6.0,0,1.174,1-3 Years (Mid-Tenure),0
3046,Internal Communications,Associate,Associate - Internal Communications,49797.08,2,1.14,61,Male,Caucasian,2024-06-20,2025-08-10,9.0,5.0,5.0,1,0.862,1-3 Years (Mid-Tenure),0
3270,Internal Communications,Associate,Associate - Internal Communications,61723.25,1,4.69,46,Non-Binary,Asian,2021-12-08,,2.0,6.0,3.0,0,1.068,3+ Years (Tenured),0
922,Internal Communications,Associate,Associate - Internal Communications,71049.76,2,0.8,28,Male,Asian,2025-10-26,,9.99,8.0,9.99,0,1.23,0-1 Year (Onboarding),0
244,Internal Communications,Associate,Associate - Internal Communications,68787.95,4,2.15,48,Female,Two or More,2024-06-21,,4.0,2.0,5.0,0,1.191,1-3 Years (Mid-Tenure),1
3011,Internal Communications,Associate,Associate - Internal Communications,45897.48,5,3.36,36,Female,Caucasian,2023-04-08,,7.0,4.0,3.0,0,0.794,3+ Years (Tenured),0
3001,Internal Communications,Associate,Associate - Internal Communications,59367.7,3,1.06,23,Other,Two or More,2025-07-24,,6.0,7.0,7.0,0,1.028,1-3 Years (Mid-Tenure),0
3317,Internal Communications,Associate,Associate - Internal Communications,45558.22,3,4.28,38,Non-Binary,Caucasian,2022-05-07,,7.0,7.0,5.0,0,0.788,3+ Years (Tenured),0
985,Internal Communications,Associate,Associate - Internal Communications,68425.92,4,0.42,36,Non-Binary,Asian,2026-03-13,,5.0,7.0,2.0,0,1.184,0-1 Year (Onboarding),0
2958,Internal Communications,Associate,Associate - Internal Communications,63692.48,4,4.81,44,,Asian,2021-10-24,,5.0,5.0,8.0,0,1.102,3+ Years (Tenured),0
2951,Internal Communications,Associate,Associate - Internal Communications,57151.45,4,4.26,29,Non-Binary,Caucasian,2022-05-13,,3.0,8.0,8.0,0,0.989,3+ Years (Tenured),1
3237,Internal Communications,Associate,Associate - Internal Communications,55616.46,3,1.36,28,Other,Caucasian,2025-04-06,,8.0,8.0,9.99,0,0.963,1-3 Years (Mid-Tenure),0
3200,Internal Communications,Associate,Associate - Internal Communications,71551.99,3,4.05,34,Female,Caucasian,2022-07-30,,6.0,3.0,1.0,0,1.238,3+ Years (Tenured),0
3193,Internal Communications,Associate,Associate - Internal Communications,51724.57,4,2.25,31,Male,Two or More,2024-05-15,,6.0,7.0,4.0,0,0.895,1-3 Years (Mid-Tenure),0
827,Internal Communications,Associate,Associate - Internal Communications,41275.24,4,3.94,55,Male,African American,2022-09-07,,7.0,4.0,8.0,0,0.714,3+ Years (Tenured),0
3217,Internal Communications,Associate,Associate - Internal Communications,51013.4,2,4.12,34,Female,Caucasian,2022-07-02,,5.0,2.0,7.0,0,0.883,3+ Years (Tenured),0
828,Internal Communications,Associate,Associate - Internal Communications,56092.22,2,4.06,44,Male,African American,2022-07-26,,5.0,8.0,5.0,0,0.971,3+ Years (Tenured),0
270,Internal Communications,Associate,Associate - Internal Communications,70715.82,4,1.43,40,Female,Hispanic,2025-03-10,,7.0,4.0,6.0,0,1.224,1-3 Years (Mid-Tenure),0
4443,Internal Communications,Associate,Associate - Internal Communications,57014.78,4,3.36,40,Female,Hispanic,2023-04-06,,3.0,1.0,5.0,0,0.987,3+ Years (Tenured),1
3154,Internal Communications,Associate,Associate - Internal Communications,48198.96,2,4.25,51,Female,Asian,2022-05-16,,5.0,2.0,7.0,0,0.834,3+ Years (Tenured),0
330,Internal Communications,Associate,Associate - Internal Communications,61914.97,4,2.52,41,Male,Asian,2023-03-20,2025-09-25,1.0,3.0,4.0,1,1.072,1-3 Years (Mid-Tenure),1
3244,Internal Communications,Associate,Associate - Internal Communications,58438.54,3,0.21,46,Male,,2025-11-27,2026-02-12,6.0,5.0,5.0,1,1.011,0-1 Year (Onboarding),0
3245,Internal Communications,Associate,Associate - Internal Communications,55770.44,3,1.12,27,Non-Binary,African American,2025-07-03,,3.0,1.0,3.0,0,0.965,1-3 Years (Mid-Tenure),0
3137,Internal Communications,Associate,Associate - Internal Communications,70346.78,5,3.11,40,Female,Two or More,2023-07-08,,2.0,5.0,2.0,0,1.218,3+ Years (Tenured),1
3128,Internal Communications,Associate,Associate - Internal Communications,55971.77,5,4.71,34,Other,Hispanic,2021-11-30,,4.0,6.0,3.0,0,0.969,3+ Years (Tenured),1
876,Internal Communications,Associate,Associate - Internal Communications,69707.95,3,0.55,53,Male,Caucasian,2025-08-26,2026-03-14,4.0,1.0,5.0,1,1.206,0-1 Year (Onboarding),0
7,Internal Communications,Associate,Associate - Internal Communications,73433.69,5,4.46,35,Female,Caucasian,2022-02-28,,7.0,3.0,9.0,0,1.271,3+ Years (Tenured),0
3085,Internal Communications,Associate,Associate - Internal Communications,43311.25,5,4.76,45,Female,African American,2021-11-12,,6.0,4.0,7.0,0,0.75,3+ Years (Tenured),0
2743,Internal Communications,Associate,Associate - Internal Communications,47626.82,5,1.15,43,Male,,2025-06-23,,2.0,4.0,6.0,0,0.824,1-3 Years (Mid-Tenure),1
2806,Internal Communications,Associate,Associate - Internal Communications,55664.79,3,1.61,41,Non-Binary,Asian,2025-01-06,,6.0,4.0,5.0,0,0.963,1-3 Years (Mid-Tenure),0
2792,Internal Communications,Associate,Associate - Internal Communications,69824.81,3,0.43,40,Non-Binary,Hispanic,2026-03-12,,7.0,6.0,8.0,0,1.208,0-1 Year (Onboarding),0
760,Internal Communications,Associate,Associate - Internal Communications,44298.61,2,4.21,41,Non-Binary,African American,2022-06-02,,3.0,3.0,2.0,0,0.767,3+ Years (Tenured),0
4319,Internal Communications,Associate,Associate - Internal Communications,59712.26,3,0.18,36,Male,African American,2026-06-10,,8.0,7.0,9.0,0,1.033,0-1 Year (Onboarding),0
2776,Internal Communications,Associate,Associate - Internal Communications,73838.34,4,2.8,31,Male,Hispanic,2023-10-27,,5.0,7.0,7.0,0,1.278,1-3 Years (Mid-Tenure),0
4313,Internal Communications,Associate,Associate - Internal Communications,52157.74,1,0.95,25,Female,Asian,2025-09-02,,8.0,9.0,6.0,0,0.903,0-1 Year (Onboarding),0
2754,Internal Communications,Associate,Associate - Internal Communications,70325.27,4,0.11,34,Male,African American,2026-07-06,,6.0,5.0,5.0,0,1.217,0-1 Year (Onboarding),0
1095,Internal Communications,Associate,Associate - Internal Communications,71182.84,4,3.24,48,Male,Asian,2023-05-19,,8.0,5.0,9.99,0,1.232,3+ Years (Tenured),0
3409,Internal Communications,Associate,Associate - Internal Communications,57527.46,5,2.44,35,Other,Asian,2024-03-07,,7.0,6.0,7.0,0,0.996,1-3 Years (Mid-Tenure),0
376,Internal Communications,Associate,Associate - Internal Communications,63394.11,3,2.15,40,Non-Binary,Caucasian,2024-06-22,,4.0,4.0,5.0,0,1.097,1-3 Years (Mid-Tenure),0
379,Internal Communications,Associate,Associate - Internal Communications,69055.84,5,3.56,34,Other,Hispanic,2023-01-25,,9.99,9.0,4.0,0,1.195,3+ Years (Tenured),0
744,Internal Communications,Associate,Associate - Internal Communications,43369.8,4,3.4,28,Non-Binary,Hispanic,2023-03-22,,9.0,5.0,8.0,0,0.751,3+ Years (Tenured),0
4294,Internal Communications,Associate,Associate - Internal Communications,47397.99,3,0.3,31,Non-Binary,Asian,2026-04-27,,4.0,1.0,9.99,0,0.82,0-1 Year (Onboarding),0
2715,Internal Communications,Associate,Associate - Internal Communications,72568.4,2,1.08,47,Female,,2025-07-18,,7.0,5.0,9.0,0,1.256,1-3 Years (Mid-Tenure),0
2710,Internal Communications,Associate,Associate - Internal Communications,67348.55,5,4.41,29,Other,Caucasian,2022-03-18,,8.0,5.0,8.0,0,1.166,3+ Years (Tenured),0
4289,Internal Communications,Associate,Associate - Internal Communications,66107.84,4,4.59,37,Other,Caucasian,2022-01-12,,9.99,6.0,7.0,0,1.144,3+ Years (Tenured),0
3382,Internal Communications,Associate,Associate - Internal Communications,70860.39,3,0.58,52,Female,Asian,2026-01-16,,7.0,6.0,4.0,0,1.226,0-1 Year (Onboarding),0
1007,Internal Communications,Associate,Associate - Internal Communications,64707.13,3,4.49,40,Non-Binary,Caucasian,2022-02-18,,8.0,5.0,3.0,0,1.12,3+ Years (Tenured),0
3352,Internal Communications,Associate,Associate - Internal Communications,54888.31,5,2.1,36,Non-Binary,African American,2024-07-11,,8.0,9.0,9.99,0,0.95,1-3 Years (Mid-Tenure),0
1015,Internal Communications,Associate,Associate - Internal Communications,41555.08,3,0.65,30,Other,African American,2025-12-21,,5.0,4.0,6.0,0,0.719,0-1 Year (Onboarding),0
1024,Internal Communications,Associate,Associate - Internal Communications,63359.16,4,0.44,27,Other,African American,2026-03-06,,5.0,6.0,3.0,0,1.097,0-1 Year (Onboarding),0
2880,Internal Communications,Associate,Associate - Internal Communications,60149.16,3,3.0,44,Other,African American,2023-08-17,,5.0,1.0,1.0,0,1.041,1-3 Years (Mid-Tenure),0
2879,Internal Communications,Associate,Associate - Internal Communications,57405.28,4,1.16,46,Female,African American,2025-06-18,,9.0,6.0,5.0,0,0.994,1-3 Years (Mid-Tenure),0
3379,Internal Communications,Associate,Associate - Internal Communications,44216.35,2,3.31,33,Non-Binary,Asian,2023-04-24,,6.0,7.0,7.0,0,0.765,3+ Years (Tenured),0
2868,Internal Communications,Associate,Associate - Internal Communications,49281.64,3,4.02,22,Other,African American,2022-08-08,,4.0,6.0,6.0,0,0.853,3+ Years (Tenured),0
39,Internal Communications,Associate,Associate - Internal Communications,65841.46,3,3.68,36,Male,Hispanic,2022-12-10,,3.0,5.0,9.0,0,1.14,3+ Years (Tenured),0
2859,Internal Communications,Associate,Associate - Internal Communications,53105.32,3,0.63,38,Male,African American,2025-12-27,,8.0,8.0,9.0,0,0.919,0-1 Year (Onboarding),0
2851,Internal Communications,Associate,Associate - Internal Communications,69920.08,3,3.06,53,Non-Binary,Asian,2021-12-19,2025-01-08,7.0,8.0,5.0,1,1.21,3+ Years (Tenured),0
3396,Internal Communications,Associate,Associate - Internal Communications,54912.96,3,0.58,35,Other,Hispanic,2026-01-14,,1.0,6.0,4.0,0,0.95,0-1 Year (Onboarding),0
1042,Internal Communications,Associate,Associate - Internal Communications,74323.27,2,2.62,36,Female,,2024-01-03,,4.0,1.0,1.0,0,1.286,1-3 Years (Mid-Tenure),0
3403,Internal Communications,Associate,Associate - Internal Communications,42136.42,3,4.19,29,Non-Binary,Two or More,2022-06-09,,7.0,8.0,7.0,0,0.729,3+ Years (Tenured),0
2817,Internal Communications,Associate,Associate - Internal Communications,74363.7,3,2.42,40,Male,Asian,2024-03-16,,4.0,5.0,1.0,0,1.287,1-3 Years (Mid-Tenure),0
764,Internal Communications,Associate,Associate - Internal Communications,43473.08,2,2.76,34,Non-Binary,Caucasian,2023-11-10,,4.0,2.0,3.0,0,0.752,1-3 Years (Mid-Tenure),0
1978,Internal Communications,Associate,Associate - Internal Communications,58782.51,4,0.54,44,Other,Two or More,2025-03-17,2025-09-30,6.0,5.0,5.0,1,1.017,0-1 Year (Onboarding),0
1893,Internal Communications,Associate,Associate - Internal Communications,62708.84,2,1.18,38,Male,Hispanic,2025-06-11,,3.0,7.0,3.0,0,1.085,1-3 Years (Mid-Tenure),0
1591,Internal Communications,Associate,Associate - Internal Communications,43970.57,2,3.33,28,Male,African American,2023-04-16,,3.0,3.0,3.0,0,0.761,3+ Years (Tenured),0
97,Internal Communications,Associate,Associate - Internal Communications,44173.75,3,3.9,29,Other,Caucasian,2022-09-23,,9.0,9.0,9.0,0,0.765,3+ Years (Tenured),0
151,Internal Communications,Associate,Associate - Internal Communications,50548.57,3,4.52,31,Other,,2022-02-07,,3.0,9.99,9.99,0,0.875,3+ Years (Tenured),0
540,Internal Communications,Associate,Associate - Internal Communications,45275.93,3,4.56,40,Other,Caucasian,2022-01-22,,2.0,2.0,2.0,0,0.784,3+ Years (Tenured),0
1973,Internal Communications,Associate,Associate - Internal Communications,65612.31,2,0.27,44,Female,Hispanic,2026-05-07,,6.0,5.0,5.0,0,1.136,0-1 Year (Onboarding),0
1977,Internal Communications,Associate,Associate - Internal Communications,65033.78,1,1.58,42,Male,Caucasian,2025-01-14,,8.0,5.0,7.0,0,1.126,1-3 Years (Mid-Tenure),0
2070,Internal Communications,Associate,Associate - Internal Communications,59548.26,4,0.64,39,Male,Caucasian,2025-05-27,2026-01-15,6.0,5.0,5.0,0,1.031,0-1 Year (Onboarding),0
2097,Internal Communications,Associate,Associate - Internal Communications,47365.29,5,2.65,43,Male,Two or More,2023-12-23,,8.0,5.0,6.0,0,0.82,1-3 Years (Mid-Tenure),0
2204,Internal Communications,Associate,Associate - Internal Communications,71001.87,4,4.91,43,Other,African American,2021-09-18,,6.0,7.0,8.0,0,1.229,3+ Years (Tenured),0
4050,Internal Communications,Associate,Associate - Internal Communications,73626.36,3,4.7,46,Non-Binary,Hispanic,2021-12-03,,9.0,9.99,9.99,0,1.274,3+ Years (Tenured),0
4030,Internal Communications,Associate,Associate - Internal Communications,41863.27,3,4.87,25,Non-Binary,Hispanic,2021-10-04,,7.0,4.0,9.0,0,0.725,3+ Years (Tenured),0
1647,Internal Communications,Associate,Associate - Internal Communications,40951.34,1,1.78,29,Other,Asian,2023-08-24,2025-06-05,5.0,3.0,3.0,1,0.709,1-3 Years (Mid-Tenure),0
2227,Internal Communications,Associate,Associate - Internal Communications,50148.64,4,3.25,21,Female,African American,2023-05-18,,6.0,4.0,3.0,0,0.868,3+ Years (Tenured),0
4034,Internal Communications,Associate,Associate - Internal Communications,49349.45,2,1.78,44,Non-Binary,Asian,2021-07-30,2023-05-11,6.0,5.0,5.0,1,0.854,1-3 Years (Mid-Tenure),0
1845,Internal Communications,Associate,Associate - Internal Communications,70194.25,4,2.72,36,Non-Binary,Hispanic,2023-11-26,,6.0,7.0,7.0,0,1.215,1-3 Years (Mid-Tenure),0
1739,Internal Communications,Associate,Associate - Internal Communications,49246.68,4,3.93,35,Other,Two or More,2022-09-09,,3.0,1.0,4.0,0,0.852,3+ Years (Tenured),1
2149,Internal Communications,Associate,Associate - Internal Communications,46544.53,3,3.76,42,Female,Caucasian,2022-11-11,,1.0,1.0,3.0,0,0.806,3+ Years (Tenured),0
1905,Internal Communications,Associate,Associate - Internal Communications,74880.43,2,2.22,33,Female,Asian,2024-05-26,,7.0,9.99,5.0,0,1.296,1-3 Years (Mid-Tenure),0
3802,Internal Communications,Associate,Associate - Internal Communications,41822.46,3,4.5,58,Non-Binary,Caucasian,2022-02-13,,4.0,7.0,6.0,0,0.724,3+ Years (Tenured),0
1701,Internal Communications,Associate,Associate - Internal Communications,53435.28,1,3.07,61,Other,,2023-07-20,,6.0,3.0,4.0,0,0.925,3+ Years (Tenured),0
548,Internal Communications,Associate,Associate - Internal Communications,55973.38,5,2.53,22,Female,Two or More,2023-07-10,2026-01-19,2.0,1.0,3.0,1,0.969,1-3 Years (Mid-Tenure),1
4075,Internal Communications,Associate,Associate - Internal Communications,56280.4,3,0.92,43,Other,Two or More,2025-07-16,2026-06-16,9.0,4.0,5.0,1,0.974,0-1 Year (Onboarding),0
3784,Internal Communications,Associate,Associate - Internal Communications,67950.6,4,4.0,34,Other,Two or More,2022-08-17,,5.0,7.0,1.0,0,1.176,3+ Years (Tenured),0
104,Internal Communications,Associate,Associate - Internal Communications,70209.05,3,3.15,57,Male,Caucasian,2023-06-21,,9.99,5.0,4.0,0,1.215,3+ Years (Tenured),0
2116,Internal Communications,Associate,Associate - Internal Communications,45777.82,3,2.64,49,Female,African American,2023-12-26,,8.0,8.0,9.99,0,0.792,1-3 Years (Mid-Tenure),0
3718,Internal Communications,Associate,Associate - Internal Communications,57110.09,1,0.38,41,Female,African American,2026-03-30,,5.0,8.0,8.0,0,0.988,0-1 Year (Onboarding),0
491,Internal Communications,Associate,Associate - Internal Communications,50937.78,4,4.54,32,Non-Binary,Two or More,2022-01-30,,4.0,4.0,5.0,0,0.882,3+ Years (Tenured),1
506,Internal Communications,Associate,Associate - Internal Communications,59588.24,1,0.41,34,Male,,2026-03-17,,7.0,8.0,6.0,0,1.031,0-1 Year (Onboarding),0
2103,Internal Communications,Associate,Associate - Internal Communications,47679.76,3,3.46,54,Female,African American,2023-02-28,,6.0,7.0,9.0,0,0.825,3+ Years (Tenured),0
2177,Internal Communications,Associate,Associate - Internal Communications,43382.82,3,3.91,49,Male,Hispanic,2022-09-17,,6.0,5.0,9.0,0,0.751,3+ Years (Tenured),0
3812,Internal Communications,Associate,Associate - Internal Communications,60737.72,2,2.5,37,Female,Two or More,2024-02-13,,4.0,5.0,9.0,0,1.051,1-3 Years (Mid-Tenure),0
4095,Internal Communications,Associate,Associate - Internal Communications,40998.1,3,2.08,42,Other,Asian,2024-07-17,,7.0,6.0,6.0,0,0.71,1-3 Years (Mid-Tenure),0
3765,Internal Communications,Associate,Associate - Internal Communications,43748.18,2,3.42,39,Female,African American,2023-03-17,,8.0,5.0,7.0,0,0.757,3+ Years (Tenured),0
1741,Internal Communications,Associate,Associate - Internal Communications,66134.63,5,2.32,34,Male,Two or More,2024-04-22,,7.0,6.0,4.0,0,1.145,1-3 Years (Mid-Tenure),0
3850,Internal Communications,Associate,Associate - Internal Communications,47391.28,2,0.41,42,Female,Asian,2026-03-20,,6.0,3.0,6.0,0,0.82,0-1 Year (Onboarding),0
3840,Internal Communications,Associate,Associate - Internal Communications,74248.61,3,3.85,21,Male,Caucasian,2022-10-10,,8.0,5.0,9.99,0,1.285,3+ Years (Tenured),0
4130,Internal Communications,Associate,Associate - Internal Communications,68351.99,4,0.62,39,Other,Two or More,2023-07-02,2024-02-13,6.0,5.0,5.0,1,1.183,0-1 Year (Onboarding),0
528,Internal Communications,Associate,Associate - Internal Communications,62828.37,3,4.4,28,Male,Asian,2022-03-24,,9.99,9.99,9.99,0,1.087,3+ Years (Tenured),0
2246,Internal Communications,Associate,Associate - Internal Communications,53787.77,4,2.33,23,Non-Binary,,2024-02-13,2026-06-13,4.0,2.0,2.0,1,0.931,1-3 Years (Mid-Tenure),1
472,Internal Communications,Associate,Associate - Internal Communications,53414.47,3,3.92,29,Other,Hispanic,2022-09-13,,7.0,5.0,5.0,0,0.924,3+ Years (Tenured),0
4122,Internal Communications,Associate,Associate - Internal Communications,50334.62,3,3.43,37,Non-Binary,African American,2023-03-13,,6.0,6.0,2.0,0,0.871,3+ Years (Tenured),0
1745,Internal Communications,Associate,Associate - Internal Communications,41637.4,4,0.27,31,Female,Asian,2026-05-10,,6.0,5.0,5.0,0,0.721,0-1 Year (Onboarding),0
4121,Internal Communications,Associate,Associate - Internal Communications,49018.32,4,4.1,39,Female,Asian,2022-07-09,,3.0,7.0,2.0,0,0.848,3+ Years (Tenured),1
1480,Internal Communications,Associate,Associate - Internal Communications,46981.67,4,2.42,56,Female,Asian,2023-10-03,2026-03-05,5.0,2.0,1.0,1,0.813,1-3 Years (Mid-Tenure),0
4037,Internal Communications,Associate,Associate - Internal Communications,73516.72,3,1.68,28,Non-Binary,African American,2024-12-08,,9.0,5.0,8.0,0,1.272,1-3 Years (Mid-Tenure),0
3719,Internal Communications,Associate,Associate - Internal Communications,47994.73,3,1.27,46,Male,Caucasian,2022-12-06,2024-03-12,7.0,7.0,5.0,1,0.831,1-3 Years (Mid-Tenure),0
1773,Internal Communications,Associate,Associate - Internal Communications,64643.2,3,3.49,40,Other,Asian,2023-02-18,,1.0,3.0,5.0,0,1.119,3+ Years (Tenured),0
576,Internal Communications,Associate,Associate - Internal Communications,56940.23,5,2.13,36,Female,Two or More,2022-11-18,2025-01-02,4.0,1.0,3.0,1,0.985,1-3 Years (Mid-Tenure),1
2434,Internal Communications,Domain Director,Domain Director - Internal Communications,111855.55,2,3.07,61,Non-Binary,Two or More,2023-07-21,,5.0,6.0,5.0,0,0.783,3+ Years (Tenured),0
4291,Internal Communications,Domain Director,Domain Director - Internal Communications,173901.93,1,0.25,39,Other,,2026-05-16,,9.0,3.0,4.0,0,1.217,0-1 Year (Onboarding),0
2549,Internal Communications,Manager,Manager - Internal Communications,114496.62,5,1.47,39,Male,Hispanic,2025-02-25,,9.99,9.99,5.0,0,1.184,1-3 Years (Mid-Tenure),0
802,Internal Communications,Manager,Manager - Internal Communications,78456.8,3,0.4,54,Female,Two or More,2026-03-22,,6.0,5.0,5.0,0,0.811,0-1 Year (Onboarding),0
1360,Internal Communications,Manager,Manager - Internal Communications,95496.28,3,1.6,39,Non-Binary,African American,2025-01-07,,5.0,8.0,1.0,0,0.988,1-3 Years (Mid-Tenure),0
2443,Internal Communications,Manager,Manager - Internal Communications,114354.2,4,0.55,49,Female,Asian,2024-06-13,2024-12-30,6.0,5.0,5.0,1,1.183,0-1 Year (Onboarding),0
2115,Internal Communications,Manager,Manager - Internal Communications,79879.75,2,4.67,21,Female,Asian,2021-12-14,,6.0,4.0,9.0,0,0.826,3+ Years (Tenured),0
877,Internal Communications,Manager,Manager - Internal Communications,103982.58,5,1.96,27,Male,Hispanic,2024-08-28,,7.0,8.0,6.0,0,1.075,1-3 Years (Mid-Tenure),0
1984,Internal Communications,Manager,Manager - Internal Communications,95503.3,5,2.67,43,Male,African American,2023-12-15,,5.0,4.0,1.0,0,0.988,1-3 Years (Mid-Tenure),0
3238,Internal Communications,Manager,Manager - Internal Communications,91391.75,5,2.13,42,Other,Hispanic,2024-06-29,,6.0,8.0,5.0,0,0.945,1-3 Years (Mid-Tenure),0
3687,Internal Communications,Supervisor/Lead,Supervisor/Lead - Internal Communications,62626.12,1,3.11,53,,Two or More,2023-07-06,,7.0,9.99,8.0,0,0.869,3+ Years (Tenured),0
3421,Internal Communications,Supervisor/Lead,Supervisor/Lead - Internal Communications,55841.8,3,1.47,45,Non-Binary,African American,2025-02-26,,9.0,6.0,8.0,0,0.775,1-3 Years (Mid-Tenure),0
3136,Internal Communications,Supervisor/Lead,Supervisor/Lead - Internal Communications,64865.1,3,3.5,24,Male,Hispanic,2023-02-13,,6.0,2.0,3.0,0,0.901,3+ Years (Tenured),0
1720,Internal Communications,Supervisor/Lead,Supervisor/Lead - Internal Communications,89483.32,1,0.58,21,Male,Caucasian,2026-01-17,,9.99,7.0,5.0,0,1.242,0-1 Year (Onboarding),0
3696,Internal Communications,Supervisor/Lead,Supervisor/Lead - Internal Communications,56558.35,3,5.0,57,Non-Binary,Hispanic,2021-08-17,,6.0,7.0,4.0,0,0.785,3+ Years (Tenured),0
113,Internal Communications,Supervisor/Lead,Supervisor/Lead - Internal Communications,57746.17,3,2.67,38,Other,African American,2023-12-14,,7.0,9.99,6.0,0,0.802,1-3 Years (Mid-Tenure),0
1719,Internal Communications,Supervisor/Lead,Supervisor/Lead - Internal Communications,66461.72,2,2.49,45,Female,Caucasian,2024-02-17,,8.0,9.99,9.0,0,0.923,1-3 Years (Mid-Tenure),0
918,Internal Communications,Supervisor/Lead,Supervisor/Lead - Internal Communications,84768.52,3,1.92,39,Female,African American,2024-09-14,,6.0,6.0,9.99,0,1.177,1-3 Years (Mid-Tenure),0
88,Internal Communications,Supervisor/Lead,Supervisor/Lead - Internal Communications,77640.83,5,3.89,47,Female,Asian,2022-09-24,,7.0,7.0,6.0,0,1.078,3+ Years (Tenured),0
3953,Internal Communications,Supervisor/Lead,supervisor/lead - internal communications,80832.05,1,0.56,36,Female,African American,2025-03-04,2025-09-23,6.0,5.0,5.0,1,1.122,0-1 Year (Onboarding),0
334,Internal Communications,Supervisor/Lead,Supervisor/Lead - Internal Communications,75084.53,3,0.28,35,Male,Two or More,2026-05-05,,6.0,5.0,5.0,0,1.042,0-1 Year (Onboarding),0
1425,Internal Communications,Supervisor/Lead,Supervisor/Lead - Internal Communications,75091.3,5,3.56,52,Male,Two or More,2023-01-23,,8.0,9.99,7.0,0,1.042,3+ Years (Tenured),0
1227,Internal Communications,Supervisor/Lead,Supervisor/Lead - Internal Communications,70061.61,3,2.56,46,Male,Two or More,2024-01-25,,9.0,9.0,4.0,0,0.973,1-3 Years (Mid-Tenure),0
2912,Internal Communications,Supervisor/Lead,supervisor/lead - internal communications,89188.8,3,1.41,30,Male,Asian,2025-03-09,2026-08-04,6.0,8.0,8.0,1,1.238,1-3 Years (Mid-Tenure),0
775,Internal Communications,Supervisor/Lead,Supervisor/Lead - Internal Communications,87181.98,5,4.71,25,Male,African American,2021-12-01,,7.0,5.0,2.0,0,1.21,3+ Years (Tenured),0
1445,Internal Communications,Supervisor/Lead,Supervisor/Lead - Internal Communications,66559.9,2,3.23,36,Male,Asian,2023-05-25,,8.0,3.0,7.0,0,0.924,3+ Years (Tenured),0
3502,Internal Communications,Supervisor/Lead,Supervisor/Lead - Internal Communications,82873.12,3,2.78,25,Other,Hispanic,2023-11-06,,9.0,5.0,6.0,0,1.151,1-3 Years (Mid-Tenure),0
1738,Internal Communications,Supervisor/Lead,Supervisor/Lead - Internal Communications,58895.61,4,0.98,27,Male,,2025-08-23,,4.0,7.0,7.0,0,0.818,0-1 Year (Onboarding),1
1060,Internal Communications,Supervisor/Lead,Supervisor/Lead - Internal Communications,82758.96,2,2.78,37,Male,Caucasian,2023-11-03,,3.0,2.0,2.0,0,1.149,1-3 Years (Mid-Tenure),0
3447,Internal Communications,Supervisor/Lead,Supervisor/Lead - Internal Communications,82095.29,2,2.36,44,Non-Binary,Hispanic,2024-04-04,,3.0,6.0,6.0,0,1.14,1-3 Years (Mid-Tenure),0
4118,Internal Communications,Supervisor/Lead,Supervisor/Lead - Internal Communications,75701.05,3,3.04,29,Male,African American,2023-07-31,,5.0,8.0,5.0,0,1.051,3+ Years (Tenured),0
3734,Internal Communications,Supervisor/Lead,Supervisor/Lead - Internal Communications,61778.63,3,1.31,43,Male,Asian,2022-03-21,2023-07-12,6.0,5.0,5.0,1,0.858,1-3 Years (Mid-Tenure),0
1342,Internal Communications,Supervisor/Lead,Supervisor/Lead - Internal Communications,56433.17,3,0.3,50,Other,Caucasian,2026-04-29,,9.99,6.0,6.0,0,0.783,0-1 Year (Onboarding),0
3869,Internal Communications,Supervisor/Lead,Supervisor/Lead - Internal Communications,60405.31,5,2.15,50,Male,Asian,2024-06-20,,6.0,8.0,9.99,0,0.839,1-3 Years (Mid-Tenure),0
1727,Internal Communications,Supervisor/Lead,Supervisor/Lead - Internal Communications,89030.66,3,1.24,36,Male,Asian,2022-02-08,2023-05-08,6.0,5.0,5.0,1,1.236,1-3 Years (Mid-Tenure),0
763,Internal Communications,Supervisor/Lead,Supervisor/Lead - Internal Communications,72892.21,1,1.62,47,Female,Asian,2025-01-02,,8.0,2.0,8.0,0,1.012,1-3 Years (Mid-Tenure),0
2320,Internal Communications,Supervisor/Lead,Supervisor/Lead - Internal Communications,58502.97,1,3.65,41,Male,Two or More,2022-12-20,,6.0,3.0,3.0,0,0.812,3+ Years (Tenured),0
1633,Internal Communications,Supervisor/Lead,Supervisor/Lead - Internal Communications,77096.32,5,2.07,56,Female,African American,2024-07-20,,9.99,8.0,8.0,0,1.07,1-3 Years (Mid-Tenure),0
634,Internal Communications,Supervisor/Lead,Supervisor/Lead - Internal Communications,59381.86,3,0.73,49,Female,Two or More,2025-11-21,,7.0,9.99,9.99,0,0.824,0-1 Year (Onboarding),0
3471,Internal Communications,Supervisor/Lead,Supervisor/Lead - Internal Communications,76639.73,4,4.51,56,Male,Caucasian,2022-02-11,,5.0,7.0,2.0,0,1.064,3+ Years (Tenured),0
804,Internal Communications,Supervisor/Lead,Supervisor/Lead - Internal Communications,76821.1,2,1.0,42,Other,Caucasian,2025-08-16,,5.0,9.0,2.0,0,1.066,0-1 Year (Onboarding),0
107,Internal Communications,Supervisor/Lead,Supervisor/Lead - Internal Communications,87416.29,3,2.42,41,Male,Caucasian,2022-06-03,2024-11-01,4.0,1.0,6.0,1,1.214,1-3 Years (Mid-Tenure),0
2450,Internal Communications,Supervisor/Lead,Supervisor/Lead - Internal Communications,56741.8,2,0.79,22,Non-Binary,Asian,2025-10-31,,6.0,5.0,5.0,0,0.788,0-1 Year (Onboarding),0
271,Internal Communications,Supervisor/Lead,Supervisor/Lead - Internal Communications,89528.97,4,1.19,30,Non-Binary,Caucasian,2025-06-08,,7.0,9.99,6.0,0,1.243,1-3 Years (Mid-Tenure),0
2452,Internal Communications,Supervisor/Lead,Supervisor/Lead - Internal Communications,82028.13,4,1.28,42,Non-Binary,Hispanic,2025-05-05,,6.0,2.0,8.0,0,1.139,1-3 Years (Mid-Tenure),0
4209,Internal Communications,Supervisor/Lead,Supervisor/Lead - Internal Communications,76113.37,2,1.45,32,Non-Binary,Caucasian,2025-03-05,,3.0,8.0,4.0,0,1.057,1-3 Years (Mid-Tenure),0
2182,Internal Communications,Supervisor/Lead,Supervisor/Lead - Internal Communications,73646.72,3,2.82,33,,Hispanic,2022-07-22,2025-05-17,3.0,5.0,1.0,1,1.022,1-3 Years (Mid-Tenure),0
2882,Internal Communications,Supervisor/Lead,Supervisor/Lead - Internal Communications,58271.84,3,0.31,49,Female,,2026-04-25,,8.0,7.0,4.0,0,0.809,0-1 Year (Onboarding),0
4154,Internal Communications,Supervisor/Lead,Supervisor/Lead - Internal Communications,58407.76,5,0.27,21,Non-Binary,Caucasian,2023-12-02,2024-03-11,6.0,5.0,5.0,1,0.811,0-1 Year (Onboarding),0
3412,Internal Communications,Supervisor/Lead,Supervisor/Lead - Internal Communications,67824.97,3,3.27,43,Other,African American,2023-05-10,,5.0,3.0,2.0,0,0.942,3+ Years (Tenured),0
2050,Quality Assurance,Assistant Manager,Assistant Manager - Quality Assurance,75741.43,1,0.99,37,Other,Hispanic,2025-08-19,,4.0,5.0,7.0,0,0.955,0-1 Year (Onboarding),0
2587,Quality Assurance,Assistant Manager,Assistant Manager - Quality Assurance,68506.21,3,5.05,31,Other,,2021-07-29,,2.0,1.0,5.0,0,0.863,3+ Years (Tenured),0
3856,Quality Assurance,Assistant Manager,Assistant Manager - Quality Assurance,75092.43,4,1.41,34,Female,Asian,2022-08-25,2024-01-23,6.0,5.0,5.0,1,0.946,1-3 Years (Mid-Tenure),0
3583,Quality Assurance,Assistant Manager,Assistant Manager - Quality Assurance,79049.98,3,4.82,49,Female,African American,2021-10-21,,5.0,4.0,5.0,0,0.996,3+ Years (Tenured),0
3067,Quality Assurance,Assistant Manager,Assistant Manager - Quality Assurance,98305.93,3,2.56,44,Female,Asian,2024-01-22,,7.0,9.0,9.99,0,1.239,1-3 Years (Mid-Tenure),0
3088,Quality Assurance,Associate,Associate - Quality Assurance,71574.68,4,2.73,32,Non-Binary,Hispanic,2023-11-21,,5.0,7.0,6.0,0,1.278,1-3 Years (Mid-Tenure),0
2814,Quality Assurance,Associate,Associate - Quality Assurance,55248.74,2,0.1,65,Male,African American,2026-07-08,,6.0,5.0,5.0,0,0.987,0-1 Year (Onboarding),0
1852,Quality Assurance,Associate,Associate - Quality Assurance,57213.55,4,1.36,24,Non-Binary,Hispanic,2025-04-07,,6.0,5.0,6.0,0,1.022,1-3 Years (Mid-Tenure),0
4423,Quality Assurance,Associate,Associate - Quality Assurance,43398.95,5,4.91,21,Other,Asian,2021-09-17,,7.0,6.0,4.0,0,0.775,3+ Years (Tenured),0
3860,Quality Assurance,Associate,Associate - Quality Assurance,56311.18,4,3.26,42,Non-Binary,Two or More,2023-05-14,,9.99,8.0,5.0,0,1.006,3+ Years (Tenured),0
1047,Quality Assurance,Associate,Associate - Quality Assurance,58894.7,3,1.42,35,Other,Asian,2025-03-14,,8.0,5.0,6.0,0,1.052,1-3 Years (Mid-Tenure),0
2833,Quality Assurance,Associate,Associate - Quality Assurance,65483.28,5,3.58,42,Other,,2023-01-17,,7.0,3.0,1.0,0,1.169,3+ Years (Tenured),0
1859,Quality Assurance,Associate,Associate - Quality Assurance,42351.87,1,2.73,30,Male,Caucasian,2023-10-20,2026-07-13,9.0,9.99,7.0,1,0.756,1-3 Years (Mid-Tenure),0
3115,Quality Assurance,Associate,Associate - Quality Assurance,68035.56,3,4.24,44,Other,Two or More,2022-05-20,,4.0,3.0,7.0,0,1.215,3+ Years (Tenured),0
881,Quality Assurance,Associate,Associate - Quality Assurance,54314.49,3,3.46,22,Non-Binary,Hispanic,2023-02-13,2026-07-30,5.0,2.0,9.0,1,0.97,3+ Years (Tenured),0
3936,Quality Assurance,Associate,Associate - Quality Assurance,50272.2,3,1.8,41,Male,Caucasian,2024-10-27,,5.0,1.0,5.0,0,0.898,1-3 Years (Mid-Tenure),0
1868,Quality Assurance,Associate,Associate - Quality Assurance,58874.73,3,1.56,25,Other,Asian,2025-01-22,,3.0,5.0,3.0,0,1.051,1-3 Years (Mid-Tenure),0
3079,Quality Assurance,Associate,Associate - Quality Assurance,52648.07,2,3.34,34,Non-Binary,African American,2023-04-15,,6.0,1.0,4.0,0,0.94,3+ Years (Tenured),0
3078,Quality Assurance,Associate,Associate - Quality Assurance,59364.59,4,1.04,35,Non-Binary,African American,2025-08-02,,3.0,2.0,2.0,0,1.06,1-3 Years (Mid-Tenure),1
1869,Quality Assurance,Associate,Associate - Quality Assurance,69752.71,3,2.75,57,Male,Asian,2023-11-17,,7.0,6.0,4.0,0,1.246,1-3 Years (Mid-Tenure),0
805,Quality Assurance,Associate,Associate - Quality Assurance,56061.52,2,0.19,42,Female,African American,2026-06-05,,6.0,5.0,5.0,0,1.001,0-1 Year (Onboarding),0
3163,Quality Assurance,Associate,Associate - Quality Assurance,53589.73,3,0.72,44,Non-Binary,Hispanic,2025-11-24,,7.0,1.0,1.0,0,0.957,0-1 Year (Onboarding),0
3207,Quality Assurance,Associate,Associate - Quality Assurance,74239.99,3,1.05,44,Male,Two or More,2024-04-16,2025-05-05,6.0,2.0,4.0,1,1.326,1-3 Years (Mid-Tenure),0
2280,Quality Assurance,Associate,Associate - Quality Assurance,49465.49,2,1.25,36,Female,African American,2025-05-16,,5.0,1.0,1.0,0,0.883,1-3 Years (Mid-Tenure),0
1768,Quality Assurance,Associate,Associate - Quality Assurance,47355.03,3,2.01,39,Non-Binary,Hispanic,2024-06-08,2026-06-13,8.0,7.0,1.0,1,0.846,1-3 Years (Mid-Tenure),0
2794,Quality Assurance,Associate,Associate - Quality Assurance,65461.25,3,4.43,27,Male,Asian,2022-03-12,,5.0,4.0,1.0,0,1.169,3+ Years (Tenured),0
3416,Quality Assurance,Associate,Associate - Quality Assurance,57015.51,3,1.61,34,Male,Two or More,2022-11-25,2024-07-04,3.0,2.0,4.0,1,1.018,1-3 Years (Mid-Tenure),0
1764,Quality Assurance,Associate,Associate - Quality Assurance,40550.75,5,1.82,34,Other,Asian,2024-10-21,,8.0,9.0,7.0,0,0.724,1-3 Years (Mid-Tenure),0
1074,Quality Assurance,Associate,Associate - Quality Assurance,40467.49,3,2.32,26,Non-Binary,Caucasian,2024-04-22,,5.0,4.0,9.0,0,0.723,1-3 Years (Mid-Tenure),0
3165,Quality Assurance,Associate,Associate - Quality Assurance,70808.93,3,3.75,37,Other,Two or More,2022-11-16,,4.0,2.0,1.0,0,1.264,3+ Years (Tenured),0
1031,Quality Assurance,Associate,ASSOCIATE - QUALITY ASSURANCE,40149.23,2,0.1,35,,Two or More,2026-07-08,,6.0,5.0,5.0,0,0.717,0-1 Year (Onboarding),0
4326,Quality Assurance,Associate,Associate - Quality Assurance,60766.53,1,2.4,42,Other,African American,2024-03-22,,7.0,3.0,9.0,0,1.085,1-3 Years (Mid-Tenure),0
3161,Quality Assurance,Associate,Associate - Quality Assurance,54700.5,2,4.0,33,Female,African American,2022-08-15,,6.0,8.0,2.0,0,0.977,3+ Years (Tenured),0
1632,Quality Assurance,Associate,Associate - Quality Assurance,58878.92,4,4.01,46,Other,Asian,2022-08-12,,7.0,4.0,3.0,0,1.051,3+ Years (Tenured),0
1746,Quality Assurance,Associate,Associate - Quality Assurance,41131.43,4,1.26,27,Non-Binary,Two or More,2025-05-12,,8.0,5.0,5.0,0,0.735,1-3 Years (Mid-Tenure),0
843,Quality Assurance,Associate,Associate - Quality Assurance,40120.64,5,2.5,32,Non-Binary,,2024-02-14,,1.0,2.0,1.0,0,0.716,1-3 Years (Mid-Tenure),1
2807,Quality Assurance,Associate,Associate - Quality Assurance,56939.68,3,3.62,35,Other,Two or More,2022-12-31,,9.99,9.0,5.0,0,1.017,3+ Years (Tenured),0
3985,Quality Assurance,Associate,Associate - Quality Assurance,57178.08,4,1.96,42,Female,Hispanic,2024-08-31,,6.0,5.0,9.0,0,1.021,1-3 Years (Mid-Tenure),0
280,Quality Assurance,Associate,Associate - Quality Assurance,54565.16,2,2.51,37,Male,Caucasian,2024-02-11,,9.0,7.0,7.0,0,0.974,1-3 Years (Mid-Tenure),0
955,Quality Assurance,Associate,Associate - Quality Assurance,69283.86,3,3.79,40,Female,Hispanic,2022-11-02,,7.0,5.0,8.0,0,1.237,3+ Years (Tenured),0
3353,Quality Assurance,Associate,Associate - Quality Assurance,64582.14,4,4.7,25,Non-Binary,Two or More,2021-12-03,,9.0,9.0,5.0,0,1.153,3+ Years (Tenured),0
3031,Quality Assurance,Associate,Associate - Quality Assurance,50698.58,3,3.24,22,Male,Two or More,2023-05-22,,4.0,1.0,4.0,0,0.905,3+ Years (Tenured),0
3882,Quality Assurance,Associate,Associate - Quality Assurance,42870.07,3,4.45,39,Female,African American,2022-03-05,,6.0,9.99,9.0,0,0.766,3+ Years (Tenured),0
4385,Quality Assurance,Associate,Associate - Quality Assurance,71479.3,5,2.31,38,Male,African American,2023-07-14,2025-11-02,4.0,3.0,2.0,1,1.276,1-3 Years (Mid-Tenure),1
1957,Quality Assurance,Associate,Associate - Quality Assurance,69202.29,4,4.56,33,Female,Caucasian,2022-01-24,,6.0,8.0,6.0,0,1.236,3+ Years (Tenured),0
939,Quality Assurance,Associate,Associate - Quality Assurance,65320.68,4,3.3,46,Other,Two or More,2023-04-29,,9.99,4.0,5.0,0,1.166,3+ Years (Tenured),0
1946,Quality Assurance,Associate,Associate - Quality Assurance,59121.92,2,3.95,34,Male,Two or More,2022-09-02,,3.0,3.0,6.0,0,1.056,3+ Years (Tenured),0
4008,Quality Assurance,Associate,Associate - Quality Assurance,44393.44,4,4.39,33,Male,Hispanic,2022-03-28,,4.0,3.0,1.0,0,0.793,3+ Years (Tenured),1
3917,Quality Assurance,Associate,Associate - Quality Assurance,58732.32,5,2.68,47,Male,Hispanic,2022-02-10,2024-10-16,2.0,4.0,5.0,1,1.049,1-3 Years (Mid-Tenure),1
2996,Quality Assurance,Associate,Associate - Quality Assurance,67450.2,2,1.94,36,Non-Binary,Asian,2024-09-06,,9.0,9.99,2.0,0,1.205,1-3 Years (Mid-Tenure),0
2992,Quality Assurance,Associate,Associate - Quality Assurance,52062.47,4,2.12,52,Non-Binary,Asian,2024-07-03,,5.0,3.0,5.0,0,0.93,1-3 Years (Mid-Tenure),0
2991,Quality Assurance,Associate,Associate - Quality Assurance,61708.41,3,0.58,61,Other,Caucasian,2026-01-14,,6.0,5.0,6.0,0,1.102,0-1 Year (Onboarding),0
550,Quality Assurance,Associate,Associate - Quality Assurance,43262.99,2,1.01,46,Non-Binary,African American,2025-08-13,,9.99,6.0,9.0,0,0.773,1-3 Years (Mid-Tenure),0
2963,Quality Assurance,Associate,Associate - Quality Assurance,55136.35,3,3.63,44,Non-Binary,,2022-12-30,,9.99,9.99,9.99,0,0.985,3+ Years (Tenured),0
2965,Quality Assurance,Associate,Associate - Quality Assurance,44732.54,4,3.44,42,Non-Binary,Hispanic,2021-08-16,2025-01-24,8.0,8.0,9.99,1,0.799,3+ Years (Tenured),0
599,Quality Assurance,Associate,Associate - Quality Assurance,50101.46,3,0.75,57,Male,African American,2025-11-15,,8.0,9.99,6.0,0,0.895,0-1 Year (Onboarding),0
3921,Quality Assurance,Associate,Associate - Quality Assurance,62472.07,5,0.17,49,Male,African American,2023-07-19,2023-09-19,6.0,5.0,5.0,1,1.116,0-1 Year (Onboarding),0
3294,Quality Assurance,Associate,Associate - Quality Assurance,47037.59,3,0.65,49,Male,Hispanic,2025-12-20,,6.0,9.99,8.0,0,0.84,0-1 Year (Onboarding),0
300,Quality Assurance,Associate,Associate - Quality Assurance,45437.06,4,2.07,27,Male,Two or More,2024-07-20,,3.0,1.0,1.0,0,0.811,1-3 Years (Mid-Tenure),1
4395,Quality Assurance,Associate,Associate - Quality Assurance,68032.64,4,2.51,45,Non-Binary,Two or More,2024-02-11,,6.0,8.0,3.0,0,1.215,1-3 Years (Mid-Tenure),0
1681,Quality Assurance,Associate,Associate - Quality Assurance,59923.97,3,3.83,38,Other,,2022-10-17,,6.0,7.0,6.0,0,1.07,3+ Years (Tenured),0
3054,Quality Assurance,Associate,Associate - Quality Assurance,74540.34,3,4.26,39,Female,Two or More,2022-05-13,,3.0,6.0,5.0,0,1.331,3+ Years (Tenured),0
2901,Quality Assurance,Associate,Associate - Quality Assurance,46151.53,3,2.22,53,Male,Hispanic,2024-05-27,,9.99,8.0,8.0,0,0.824,1-3 Years (Mid-Tenure),0
3367,Quality Assurance,Associate,Associate - Quality Assurance,65904.51,5,4.28,49,Female,Caucasian,2022-05-07,,6.0,5.0,3.0,0,1.177,3+ Years (Tenured),0
250,Quality Assurance,Associate,Associate - Quality Assurance,71508.43,4,0.61,43,Non-Binary,Asian,2026-01-03,,9.99,7.0,7.0,0,1.277,0-1 Year (Onboarding),0
3062,Quality Assurance,Associate,Associate - Quality Assurance,57036.69,3,2.96,34,Non-Binary,Caucasian,2023-08-29,,4.0,3.0,4.0,0,1.019,1-3 Years (Mid-Tenure),0
894,Quality Assurance,Associate,Associate - Quality Assurance,49799.8,4,3.76,45,Male,Asian,2022-11-12,,1.0,1.0,4.0,0,0.889,3+ Years (Tenured),1
3070,Quality Assurance,Associate,Associate - Quality Assurance,61531.15,3,1.1,47,Other,Hispanic,2025-07-11,,4.0,3.0,5.0,0,1.099,1-3 Years (Mid-Tenure),0
1959,Quality Assurance,Associate,Associate - Quality Assurance,68129.97,1,1.99,37,Other,Caucasian,2024-08-18,,8.0,4.0,5.0,0,1.217,1-3 Years (Mid-Tenure),0
3072,Quality Assurance,Associate,Associate - Quality Assurance,41529.72,2,2.55,32,Female,Two or More,2024-01-27,,4.0,3.0,8.0,0,0.742,1-3 Years (Mid-Tenure),0
4023,Quality Assurance,Associate,Associate - Quality Assurance,64835.39,3,1.05,39,Male,Asian,2025-07-29,,2.0,1.0,1.0,0,1.158,1-3 Years (Mid-Tenure),0
3321,Quality Assurance,Associate,Associate - Quality Assurance,43254.2,3,2.6,32,Non-Binary,Hispanic,2024-01-09,,4.0,8.0,5.0,0,0.772,1-3 Years (Mid-Tenure),0
1272,Quality Assurance,Associate,Associate - Quality Assurance,57265.67,3,1.22,37,Female,Two or More,2025-05-28,,9.0,8.0,6.0,0,1.023,1-3 Years (Mid-Tenure),0
2433,Quality Assurance,Associate,Associate - Quality Assurance,52994.55,4,2.64,46,Male,African American,2023-12-25,,9.99,6.0,7.0,0,0.946,1-3 Years (Mid-Tenure),0
1327,Quality Assurance,Associate,Associate - Quality Assurance,47479.23,2,0.1,30,Male,,2026-07-09,,6.0,5.0,5.0,0,0.848,0-1 Year (Onboarding),0
2222,Quality Assurance,Associate,Associate - Quality Assurance,44512.55,5,0.57,37,,Hispanic,2026-01-18,,7.0,5.0,7.0,0,0.795,0-1 Year (Onboarding),0
2220,Quality Assurance,Associate,Associate - Quality Assurance,44189.15,3,4.47,45,Other,Asian,2022-02-27,,9.0,5.0,6.0,0,0.789,3+ Years (Tenured),0
4193,Quality Assurance,Associate,Associate - Quality Assurance,54553.51,4,4.62,26,Female,Asian,2021-12-31,,9.0,4.0,9.0,0,0.974,3+ Years (Tenured),0
2441,Quality Assurance,Associate,Associate - Quality Assurance,63616.12,4,3.0,35,Female,Asian,2023-08-16,,2.0,4.0,7.0,0,1.136,1-3 Years (Mid-Tenure),1
3751,Quality Assurance,Associate,Associate - Quality Assurance,56110.98,2,1.59,35,Male,African American,2025-01-12,,7.0,7.0,1.0,0,1.002,1-3 Years (Mid-Tenure),0
1312,Quality Assurance,Associate,Associate - Quality Assurance,74260.53,3,4.15,42,Non-Binary,Asian,2022-06-21,,9.0,7.0,9.99,0,1.326,3+ Years (Tenured),0
3616,Quality Assurance,Associate,Associate - Quality Assurance,43483.05,3,3.96,33,Female,Caucasian,2022-08-31,,9.0,5.0,5.0,0,0.777,3+ Years (Tenured),0
2197,Quality Assurance,Associate,Associate - Quality Assurance,48562.81,4,3.58,39,Female,Hispanic,2023-01-16,,6.0,4.0,5.0,0,0.867,3+ Years (Tenured),0
3757,Quality Assurance,Associate,Associate - Quality Assurance,45812.41,2,0.44,40,Female,Two or More,2026-03-09,,8.0,9.0,9.99,0,0.818,0-1 Year (Onboarding),0
3610,Quality Assurance,Associate,Associate - Quality Assurance,52737.1,3,2.56,46,Non-Binary,Hispanic,2024-01-25,,6.0,3.0,5.0,0,0.942,1-3 Years (Mid-Tenure),0
426,Quality Assurance,Associate,Associate - Quality Assurance,62222.02,4,2.76,36,Female,Asian,2023-02-19,2025-11-22,5.0,9.99,5.0,1,1.111,1-3 Years (Mid-Tenure),0
2423,Quality Assurance,Associate,Associate - Quality Assurance,60768.03,4,4.33,42,Female,African American,2022-04-16,,6.0,8.0,8.0,0,1.085,3+ Years (Tenured),0
3763,Quality Assurance,Associate,Associate - Quality Assurance,69214.07,3,2.47,30,Female,African American,2024-02-25,,5.0,6.0,4.0,0,1.236,1-3 Years (Mid-Tenure),0
4215,Quality Assurance,Associate,Associate - Quality Assurance,61662.33,4,1.38,31,Male,African American,2025-03-28,,6.0,6.0,6.0,0,1.101,1-3 Years (Mid-Tenure),0
2492,Quality Assurance,Associate,Associate - Quality Assurance,62464.81,4,2.89,57,,Caucasian,2022-12-18,2025-11-06,7.0,5.0,6.0,1,1.115,1-3 Years (Mid-Tenure),0
149,Quality Assurance,Associate,Associate - Quality Assurance,52823.68,4,4.66,38,Male,African American,2021-12-19,,4.0,8.0,3.0,0,0.943,3+ Years (Tenured),1
2499,Quality Assurance,Associate,Associate - Quality Assurance,73681.7,3,3.59,44,Non-Binary,Caucasian,2023-01-14,,4.0,5.0,1.0,0,1.316,3+ Years (Tenured),0
2176,Quality Assurance,Associate,Associate - Quality Assurance,52412.15,4,3.25,60,Other,African American,2023-05-16,,4.0,3.0,6.0,0,0.936,3+ Years (Tenured),1
2162,Quality Assurance,Associate,Associate - Quality Assurance,54133.96,3,1.08,28,Non-Binary,Hispanic,2025-07-16,,9.99,6.0,9.99,0,0.967,1-3 Years (Mid-Tenure),0
1557,Quality Assurance,Associate,Associate - Quality Assurance,58961.67,2,0.84,46,Male,Two or More,2025-10-12,,9.99,9.99,5.0,0,1.053,0-1 Year (Onboarding),0
1246,Quality Assurance,Associate,Associate - Quality Assurance,64145.97,5,1.14,50,Other,Asian,2025-06-25,,7.0,9.0,4.0,0,1.146,1-3 Years (Mid-Tenure),0
1244,Quality Assurance,Associate,Associate - Quality Assurance,60254.45,4,4.8,42,Other,,2021-10-27,,4.0,2.0,9.0,0,1.076,3+ Years (Tenured),1
82,Quality Assurance,Associate,Associate - Quality Assurance,67493.61,2,0.21,34,Non-Binary,African American,2026-06-01,,4.0,3.0,3.0,0,1.205,0-1 Year (Onboarding),0
402,Quality Assurance,Associate,Associate - Quality Assurance,41179.6,3,4.39,65,Non-Binary,Two or More,2022-03-28,,4.0,7.0,6.0,0,0.735,3+ Years (Tenured),0
4164,Quality Assurance,Associate,Associate - Quality Assurance,52137.15,3,2.5,33,Non-Binary,Asian,2024-02-14,,5.0,2.0,5.0,0,0.931,1-3 Years (Mid-Tenure),0
459,Quality Assurance,Associate,Associate - Quality Assurance,55313.73,3,3.31,32,Other,African American,2023-04-25,,6.0,5.0,7.0,0,0.988,3+ Years (Tenured),0
3722,Quality Assurance,Associate,Associate - Quality Assurance,52419.5,3,0.72,45,Non-Binary,Caucasian,2021-08-30,2022-05-21,6.0,5.0,5.0,1,0.936,0-1 Year (Onboarding),0
1447,Quality Assurance,Associate,Associate - Quality Assurance,45929.05,2,2.81,28,Non-Binary,Two or More,2023-10-26,,7.0,1.0,3.0,0,0.82,1-3 Years (Mid-Tenure),0
466,Quality Assurance,Associate,Associate - Quality Assurance,47153.59,3,0.88,36,Other,Asian,2024-10-06,2025-08-25,6.0,5.0,5.0,1,0.842,0-1 Year (Onboarding),0
2298,Quality Assurance,Associate,Associate - Quality Assurance,61340.11,3,1.77,21,Other,Two or More,2024-11-06,,5.0,9.0,1.0,0,1.095,1-3 Years (Mid-Tenure),0
454,Quality Assurance,Associate,Associate - Quality Assurance,41431.55,3,2.23,34,Non-Binary,Asian,2024-04-16,2026-07-10,5.0,3.0,1.0,1,0.74,1-3 Years (Mid-Tenure),0
3689,Quality Assurance,Associate,Associate - Quality Assurance,73599.29,2,1.91,34,Non-Binary,Asian,2024-09-16,,4.0,4.0,7.0,0,1.314,1-3 Years (Mid-Tenure),0
3685,Quality Assurance,Associate,Associate - Quality Assurance,46538.91,1,5.06,42,Non-Binary,Caucasian,2021-07-25,,6.0,3.0,8.0,0,0.831,3+ Years (Tenured),0
3680,Quality Assurance,Associate,Associate - Quality Assurance,53415.26,2,1.12,32,Other,Two or More,2025-07-02,,5.0,9.0,2.0,0,0.954,1-3 Years (Mid-Tenure),0
677,Quality Assurance,Associate,Associate - Quality Assurance,52880.19,3,0.54,40,Other,Asian,2026-01-31,,3.0,1.0,6.0,0,0.944,0-1 Year (Onboarding),0
1470,Quality Assurance,Associate,Associate - Quality Assurance,42947.22,3,4.54,39,Other,Hispanic,2022-01-31,,3.0,1.0,1.0,0,0.767,3+ Years (Tenured),0
2266,Quality Assurance,Associate,Associate - Quality Assurance,48906.17,2,2.15,41,Female,Hispanic,2024-06-20,,7.0,6.0,9.0,0,0.873,1-3 Years (Mid-Tenure),0
2527,Quality Assurance,Associate,Associate - Quality Assurance,40101.85,3,1.7,43,Male,Asian,2024-12-01,,5.0,7.0,4.0,0,0.716,1-3 Years (Mid-Tenure),0
2342,Quality Assurance,Associate,Associate - Quality Assurance,49510.45,3,1.84,31,Non-Binary,Caucasian,2024-10-12,,8.0,6.0,6.0,0,0.884,1-3 Years (Mid-Tenure),0
445,Quality Assurance,Associate,Associate - Quality Assurance,58674.72,3,2.71,30,Female,Hispanic,2023-12-01,,6.0,9.0,5.0,0,1.048,1-3 Years (Mid-Tenure),0
2375,Quality Assurance,Associate,Associate - Quality Assurance,65077.72,5,0.64,36,Male,Asian,2025-12-25,,3.0,3.0,8.0,0,1.162,0-1 Year (Onboarding),1
1483,Quality Assurance,Associate,Associate - Quality Assurance,70721.7,4,2.15,26,Other,Caucasian,2024-06-21,,8.0,5.0,6.0,0,1.263,1-3 Years (Mid-Tenure),0
3735,Quality Assurance,Associate,Associate - Quality Assurance,43220.97,5,3.25,34,Male,Hispanic,2023-05-17,,8.0,9.99,4.0,0,0.772,3+ Years (Tenured),0
4175,Quality Assurance,Associate,Associate - Quality Assurance,62999.46,2,3.51,28,Male,Hispanic,2023-02-12,,1.0,2.0,5.0,0,1.125,3+ Years (Tenured),0
3654,Quality Assurance,Associate,Associate - Quality Assurance,47107.42,5,0.05,54,Other,Caucasian,2026-07-29,,6.0,5.0,5.0,0,0.841,0-1 Year (Onboarding),0
476,Quality Assurance,Associate,Associate - Quality Assurance,55656.62,4,2.66,24,Male,Two or More,2023-12-17,,1.0,3.0,1.0,0,0.994,1-3 Years (Mid-Tenure),1
2228,Quality Assurance,Associate,Associate - Quality Assurance,40880.28,2,1.36,28,Other,Caucasian,2025-04-07,,9.0,9.99,5.0,0,0.73,1-3 Years (Mid-Tenure),0
698,Quality Assurance,Associate,Associate - Quality Assurance,67928.08,3,3.55,36,Non-Binary,African American,2023-01-29,,9.99,6.0,9.0,0,1.213,3+ Years (Tenured),0
2395,Quality Assurance,Associate,Associate - Quality Assurance,53750.15,2,1.27,34,Other,Hispanic,2025-05-09,,1.0,4.0,1.0,0,0.96,1-3 Years (Mid-Tenure),0
3742,Quality Assurance,Associate,Associate - Quality Assurance,55602.54,3,0.46,30,Non-Binary,Asian,2026-03-01,,1.0,1.0,1.0,0,0.993,0-1 Year (Onboarding),0
2065,Quality Assurance,Associate,Associate - Quality Assurance,67587.67,4,1.93,31,Female,African American,2024-09-08,,2.0,5.0,7.0,0,1.207,1-3 Years (Mid-Tenure),1
503,Quality Assurance,Associate,Associate - Quality Assurance,63187.53,5,0.42,30,Male,African American,2026-03-13,,8.0,9.99,8.0,0,1.128,0-1 Year (Onboarding),0
4266,Quality Assurance,Associate,Associate - Quality Assurance,46079.99,2,0.82,51,Non-Binary,African American,2025-10-18,,4.0,4.0,5.0,0,0.823,0-1 Year (Onboarding),0
2639,Quality Assurance,Associate,Associate - Quality Assurance,43858.13,4,1.56,37,Other,Hispanic,2021-09-01,2023-03-26,6.0,5.0,5.0,1,0.783,1-3 Years (Mid-Tenure),0
636,Quality Assurance,Associate,Associate - Quality Assurance,48817.16,5,0.37,36,Male,Hispanic,2026-04-03,,6.0,5.0,2.0,0,0.872,0-1 Year (Onboarding),0
389,Quality Assurance,Associate,Associate - Quality Assurance,73032.37,4,2.64,45,Other,,2023-12-27,,1.0,1.0,1.0,0,1.304,1-3 Years (Mid-Tenure),1
1166,Quality Assurance,Associate,Associate - Quality Assurance,61345.33,4,0.51,32,Male,Caucasian,2025-01-21,2025-07-26,5.0,3.0,5.0,1,1.095,0-1 Year (Onboarding),0
2663,Quality Assurance,Associate,Associate - Quality Assurance,68192.37,3,1.33,32,Female,Two or More,2025-04-16,,3.0,4.0,4.0,0,1.218,1-3 Years (Mid-Tenure),0
135,Quality Assurance,Associate,Associate - Quality Assurance,49446.92,5,4.42,52,Other,Caucasian,2022-03-16,,9.0,8.0,9.99,0,0.883,3+ Years (Tenured),0
3467,Quality Assurance,Associate,Associate - Quality Assurance,45987.86,2,1.15,22,Other,Two or More,2024-06-20,2025-08-12,3.0,2.0,1.0,1,0.821,1-3 Years (Mid-Tenure),0
133,Quality Assurance,Associate,Associate - Quality Assurance,47917.44,4,2.5,40,Non-Binary,African American,2024-02-13,,1.0,1.0,1.0,0,0.856,1-3 Years (Mid-Tenure),1
2699,Quality Assurance,Associate,Associate - Quality Assurance,55424.52,3,1.84,49,Female,Two or More,2024-10-14,,7.0,4.0,5.0,0,0.99,1-3 Years (Mid-Tenure),0
742,Quality Assurance,Associate,Associate - Quality Assurance,40455.0,3,2.58,45,Female,Caucasian,2024-01-15,,7.0,3.0,6.0,0,0.722,1-3 Years (Mid-Tenure),0
3462,Quality Assurance,Associate,Associate - Quality Assurance,41171.48,5,4.42,36,Male,Caucasian,2022-03-14,,5.0,3.0,1.0,0,0.735,3+ Years (Tenured),0
399,Quality Assurance,Associate,Associate - Quality Assurance,57650.08,4,3.71,34,Other,Asian,2022-12-01,,5.0,5.0,6.0,0,1.03,3+ Years (Tenured),0
1603,Quality Assurance,Associate,Associate - Quality Assurance,55109.01,4,0.92,26,Other,African American,2025-09-14,,3.0,1.0,4.0,0,0.984,0-1 Year (Onboarding),1
3836,Quality Assurance,Associate,Associate - Quality Assurance,56452.59,2,0.56,41,Other,Asian,2026-01-23,,5.0,5.0,4.0,0,1.008,0-1 Year (Onboarding),0
3452,Quality Assurance,Associate,Associate - Quality Assurance,72685.02,3,2.26,23,Other,,2023-11-01,2026-02-04,4.0,6.0,2.0,1,1.298,1-3 Years (Mid-Tenure),0
378,Quality Assurance,Associate,Associate - Quality Assurance,46000.64,2,4.27,31,Female,Hispanic,2022-05-11,,4.0,2.0,9.99,0,0.821,3+ Years (Tenured),0
216,Quality Assurance,Associate,Associate - Quality Assurance,47155.83,4,2.04,59,Male,Caucasian,2024-08-02,,3.0,4.0,1.0,0,0.842,1-3 Years (Mid-Tenure),1
3443,Quality Assurance,Associate,Associate - Quality Assurance,74268.66,3,2.66,34,Female,Asian,2023-12-19,,6.0,5.0,4.0,0,1.326,1-3 Years (Mid-Tenure),0
1615,Quality Assurance,Associate,Associate - Quality Assurance,41248.31,5,1.09,40,Female,Hispanic,2025-07-12,,7.0,2.0,8.0,0,0.737,1-3 Years (Mid-Tenure),0
2745,Quality Assurance,Associate,Associate - Quality Assurance,63493.77,4,0.74,53,Female,Hispanic,2023-12-24,2024-09-18,4.0,2.0,7.0,1,1.134,0-1 Year (Onboarding),1
3439,Quality Assurance,Associate,Associate - Quality Assurance,49835.47,4,1.39,37,Female,Asian,2025-03-24,,9.0,9.99,6.0,0,0.89,1-3 Years (Mid-Tenure),0
4311,Quality Assurance,Associate,Associate - Quality Assurance,45557.47,4,2.15,26,Male,Two or More,2024-06-23,,9.99,5.0,3.0,0,0.814,1-3 Years (Mid-Tenure),0
3843,Quality Assurance,Associate,Associate - Quality Assurance,65665.7,3,4.82,34,,African American,2021-10-21,,8.0,5.0,5.0,0,1.173,3+ Years (Tenured),0
369,Quality Assurance,Associate,Associate - Quality Assurance,74436.07,5,1.19,40,Non-Binary,Hispanic,2025-06-06,,3.0,3.0,4.0,0,1.329,1-3 Years (Mid-Tenure),1
365,Quality Assurance,Associate,Associate - Quality Assurance,71386.85,2,4.81,32,Other,Caucasian,2021-10-25,,9.99,8.0,9.99,0,1.275,3+ Years (Tenured),0
2579,Quality Assurance,Associate,Associate - Quality Assurance,49728.48,4,0.38,49,Other,African American,2026-03-28,,7.0,4.0,7.0,0,0.888,0-1 Year (Onboarding),0
2562,Quality Assurance,Associate,Associate - Quality Assurance,51431.34,4,5.12,33,Male,Hispanic,2021-07-04,,6.0,1.0,4.0,0,0.918,3+ Years (Tenured),0
1571,Quality Assurance,Associate,Associate - Quality Assurance,65332.91,2,0.38,27,Non-Binary,Asian,2025-09-14,2026-01-30,2.0,1.0,4.0,1,1.167,0-1 Year (Onboarding),0
2612,Quality Assurance,Associate,Associate - Quality Assurance,55523.57,5,4.12,33,Other,Caucasian,2021-10-30,2025-12-12,9.99,9.99,8.0,1,0.992,3+ Years (Tenured),0
2565,Quality Assurance,Associate,Associate - Quality Assurance,51909.13,3,0.91,31,Female,Caucasian,2025-01-19,2025-12-18,5.0,5.0,3.0,1,0.927,0-1 Year (Onboarding),0
3529,Quality Assurance,Associate,Associate - Quality Assurance,65959.37,4,3.44,25,Male,Caucasian,2023-03-09,,9.0,4.0,1.0,0,1.178,3+ Years (Tenured),0
638,Quality Assurance,Associate,Associate - Quality Assurance,71040.4,3,1.34,49,Other,Two or More,2025-04-14,,7.0,4.0,1.0,0,1.269,1-3 Years (Mid-Tenure),0
3541,Quality Assurance,Associate,Associate - Quality Assurance,58585.68,3,1.01,51,Male,African American,2025-08-11,,5.0,7.0,4.0,0,1.046,1-3 Years (Mid-Tenure),0
1631,Quality Assurance,Domain Director,Domain Director - Quality Assurance,168066.16,1,3.05,42,Male,Hispanic,2023-07-27,,7.0,9.99,9.99,0,0.98,3+ Years (Tenured),0
2569,Quality Assurance,Domain Director,Domain Director - Quality Assurance,174785.35,1,3.19,47,Female,African American,2023-06-09,,9.0,7.0,9.99,0,1.02,3+ Years (Tenured),0
630,Quality Assurance,Manager,Manager - Quality Assurance,116011.04,2,1.8,41,Other,Two or More,2024-08-05,2026-05-25,4.0,1.0,5.0,1,1.228,1-3 Years (Mid-Tenure),0
3320,Quality Assurance,Manager,Manager - Quality Assurance,110130.64,4,1.26,32,Non-Binary,African American,2025-05-13,,6.0,3.0,2.0,0,1.166,1-3 Years (Mid-Tenure),0
3536,Quality Assurance,Manager,Manager - Quality Assurance,72738.26,3,3.7,34,Non-Binary,Hispanic,2022-12-05,,3.0,8.0,5.0,0,0.77,3+ Years (Tenured),0
3760,Quality Assurance,Manager,Manager - Quality Assurance,78902.52,1,3.58,44,Male,Hispanic,2023-01-16,,9.99,6.0,5.0,0,0.835,3+ Years (Tenured),0
3551,Quality Assurance,Supervisor/Lead,Supervisor/Lead - Quality Assurance,71959.16,2,2.21,27,Male,Caucasian,2024-06-01,,7.0,4.0,8.0,0,1.015,1-3 Years (Mid-Tenure),0
1119,Quality Assurance,Supervisor/Lead,Supervisor/Lead - Quality Assurance,84530.01,5,0.91,27,Other,Two or More,2025-09-16,,2.0,1.0,6.0,0,1.192,0-1 Year (Onboarding),1
2484,Quality Assurance,Supervisor/Lead,Supervisor/Lead - Quality Assurance,86598.54,2,2.41,27,Other,Hispanic,2024-03-19,,2.0,5.0,7.0,0,1.222,1-3 Years (Mid-Tenure),0
3544,Quality Assurance,Supervisor/Lead,Supervisor/Lead - Quality Assurance,89366.2,3,3.16,49,Female,African American,2023-06-20,,6.0,5.0,9.99,0,1.261,3+ Years (Tenured),0
373,Quality Assurance,Supervisor/Lead,Supervisor/Lead - Quality Assurance,81369.8,3,1.43,39,Non-Binary,Two or More,2025-03-10,,4.0,2.0,2.0,0,1.148,1-3 Years (Mid-Tenure),0
1894,Quality Assurance,Supervisor/Lead,Supervisor/Lead - Quality Assurance,65278.11,2,0.05,62,Male,Asian,2026-07-26,,6.0,5.0,5.0,0,0.921,0-1 Year (Onboarding),0
932,Quality Assurance,Supervisor/Lead,Supervisor/Lead - Quality Assurance,62116.33,2,0.9,33,Male,Hispanic,2025-09-19,,5.0,9.0,1.0,0,0.876,0-1 Year (Onboarding),0
4077,Quality Assurance,Supervisor/Lead,Supervisor/Lead - Quality Assurance,67753.0,3,0.05,43,Other,Two or More,2026-07-26,,6.0,5.0,5.0,0,0.956,0-1 Year (Onboarding),0
1469,Quality Assurance,Supervisor/Lead,Supervisor/Lead - Quality Assurance,75480.62,3,4.67,45,Other,Two or More,2021-12-13,,6.0,4.0,3.0,0,1.065,3+ Years (Tenured),0
2012,Quality Assurance,Supervisor/Lead,Supervisor/Lead - Quality Assurance,55761.41,2,3.1,26,Female,Caucasian,2023-07-12,,4.0,4.0,8.0,0,0.787,3+ Years (Tenured),0
2145,Quality Assurance,Supervisor/Lead,Supervisor/Lead - Quality Assurance,69794.38,4,2.39,53,Non-Binary,Hispanic,2024-03-27,,6.0,9.0,7.0,0,0.985,1-3 Years (Mid-Tenure),0
4425,Quality Assurance,Supervisor/Lead,Supervisor/Lead - Quality Assurance,55215.97,4,2.83,29,Male,Asian,2021-12-29,2024-10-27,9.99,3.0,9.0,1,0.779,1-3 Years (Mid-Tenure),0
707,Quality Assurance,Supervisor/Lead,Supervisor/Lead - Quality Assurance,81707.41,3,4.63,32,Female,African American,2021-12-30,,6.0,8.0,5.0,0,1.153,3+ Years (Tenured),0
4408,Quality Assurance,Supervisor/Lead,Supervisor/Lead - Quality Assurance,66855.58,3,2.58,31,Female,Caucasian,2024-01-17,,2.0,5.0,2.0,0,0.943,1-3 Years (Mid-Tenure),0
76,Quality Assurance,Supervisor/Lead,Supervisor/Lead - Quality Assurance,83839.59,3,0.36,23,Non-Binary,Caucasian,2026-04-04,,2.0,2.0,7.0,0,1.183,0-1 Year (Onboarding),0
1517,Quality Assurance,Supervisor/Lead,Supervisor/Lead - Quality Assurance,62136.25,1,4.04,24,Other,Caucasian,2022-08-02,,4.0,7.0,5.0,0,0.877,3+ Years (Tenured),0
119,Quality Assurance,Supervisor/Lead,Supervisor/Lead - Quality Assurance,80484.92,1,1.75,38,Non-Binary,Asian,2024-11-15,,9.99,6.0,7.0,0,1.135,1-3 Years (Mid-Tenure),0
1861,Quality Assurance,Supervisor/Lead,Supervisor/Lead - Quality Assurance,78811.38,3,0.99,28,Male,Hispanic,2025-08-17,,3.0,6.0,5.0,0,1.112,0-1 Year (Onboarding),0
3347,Quality Assurance,Supervisor/Lead,Supervisor/Lead - Quality Assurance,66245.46,1,0.27,44,Female,Two or More,2026-05-09,,8.0,6.0,9.0,0,0.934,0-1 Year (Onboarding),0
1722,Quality Assurance,Supervisor/Lead,Supervisor/Lead - Quality Assurance,69065.59,3,4.54,44,Non-Binary,Caucasian,2022-01-30,,7.0,3.0,6.0,0,0.974,3+ Years (Tenured),0
2962,Quality Assurance,Supervisor/Lead,Supervisor/Lead - Quality Assurance,68756.95,3,3.59,42,Female,Two or More,2023-01-11,,9.99,8.0,6.0,0,0.97,3+ Years (Tenured),0
1501,Quality Assurance,Supervisor/Lead,Supervisor/Lead - Quality Assurance,60328.05,1,4.08,43,Female,Asian,2022-07-19,,9.99,8.0,7.0,0,0.851,3+ Years (Tenured),0
2705,Quality Assurance,Supervisor/Lead,Supervisor/Lead - Quality Assurance,86374.95,3,4.92,30,Non-Binary,Caucasian,2021-09-13,,9.0,5.0,3.0,0,1.218,3+ Years (Tenured),0
3118,Quality Assurance,Supervisor/Lead,Supervisor/Lead - Quality Assurance,57768.74,4,1.89,42,Other,Hispanic,2024-09-24,,9.99,9.99,5.0,0,0.815,1-3 Years (Mid-Tenure),0
562,Quality Assurance,Supervisor/Lead,Supervisor/Lead - Quality Assurance,74201.84,4,0.83,23,Female,Two or More,2022-05-22,2023-03-21,6.0,5.0,5.0,1,1.047,0-1 Year (Onboarding),0
3520,Quality Assurance,Supervisor/Lead,Supervisor/Lead - Quality Assurance,57725.74,1,1.64,40,,Hispanic,2024-12-25,,3.0,5.0,4.0,0,0.814,1-3 Years (Mid-Tenure),0
4053,Quality Assurance,Supervisor/Lead,Supervisor/Lead - Quality Assurance,55327.69,3,4.01,60,Non-Binary,African American,2022-08-11,,9.0,3.0,9.99,0,0.78,3+ Years (Tenured),0
2062,Quality Assurance,Supervisor/Lead,Supervisor/Lead - Quality Assurance,70056.65,3,3.64,22,Other,Hispanic,2022-12-26,,5.0,4.0,7.0,0,0.988,3+ Years (Tenured),0
